elec_date,county,entity_description,race_number,race_description,race_party,tot_race_prec,race_prec_reporting,cand_number,cand_name,cand_party,cand_absmail_votes,cand_early_votes,cand_elecday_votes,cand_tot_votes,race_county_owner
8/13/2013,"ADAIR","SKELLY PUBLIC SCHOOL",50101,"PROPOSITION  SKELLY PUBLIC SCHOOL",,3,3,1,"FOR THE PROPOSITION - YES",,0,0,35,35,,
8/13/2013,"ADAIR","SKELLY PUBLIC SCHOOL",50101,"PROPOSITION  SKELLY PUBLIC SCHOOL",,3,3,2,"AGAINST THE PROPOSITION - NO",,0,0,8,8,,
8/13/2013,"BLAINE","WATONGA PUBLIC SCHOOLS",50601,"PROPOSITION NO. 2  WATONGA PUBLIC SCHOOLS",,7,7,1,"FOR THE PROPOSITION - YES",,6,78,433,517,,
8/13/2013,"BLAINE","WATONGA PUBLIC SCHOOLS",50601,"PROPOSITION NO. 2  WATONGA PUBLIC SCHOOLS",,7,7,2,"AGAINST THE PROPOSITION - NO",,8,31,280,319,,
8/13/2013,"BLAINE","WATONGA PUBLIC SCHOOLS",50602,"PROPOSITION NO. 1  WATONGA PUBLIC SCHOOLS",,7,7,1,"FOR THE PROPOSITION - YES",,6,79,409,494,,
8/13/2013,"BLAINE","WATONGA PUBLIC SCHOOLS",50602,"PROPOSITION NO. 1  WATONGA PUBLIC SCHOOLS",,7,7,2,"AGAINST THE PROPOSITION - NO",,8,31,303,342,,
8/13/2013,"CANADIAN","CITY OF PIEDMONT",40901,"FOR COUNCILMEMBER WARD 2 (UNEXPIRED TERM)  CITY OF PIEDMONT",,2,2,1,"BOBBY WILLIAMSON",,1,1,139,141,,
8/13/2013,"CANADIAN","CITY OF PIEDMONT",40901,"FOR COUNCILMEMBER WARD 2 (UNEXPIRED TERM)  CITY OF PIEDMONT",,2,2,2,"DONOVAN L. RUBLEY",,1,0,24,25,,
8/13/2013,"CANADIAN","CITY OF PIEDMONT",40901,"FOR COUNCILMEMBER WARD 2 (UNEXPIRED TERM)  CITY OF PIEDMONT",,2,2,3,"VERNON WOODS",,2,0,90,92,,
8/13/2013,"CHEROKEE","SKELLY PUBLIC SCHOOL",50101,"PROPOSITION  SKELLY PUBLIC SCHOOL",,1,1,1,"FOR THE PROPOSITION - YES",,0,0,0,0,,
8/13/2013,"CHEROKEE","SKELLY PUBLIC SCHOOL",50101,"PROPOSITION  SKELLY PUBLIC SCHOOL",,1,1,2,"AGAINST THE PROPOSITION - NO",,0,0,2,2,,
8/13/2013,"HARPER","HARPER COUNTY",20301,"FOR COUNTY COMMISSIONER DISTRICT NO. 3 (UNEXPIRED TERM)",,2,2,1,"STEVE D. MYATT",DEM,8,21,159,188,,
8/13/2013,"HARPER","HARPER COUNTY",20301,"FOR COUNTY COMMISSIONER DISTRICT NO. 3 (UNEXPIRED TERM)",,2,2,2,"JAMES LEONARD",REP,2,4,36,42,,
8/13/2013,"JACKSON","CITY OF ALTUS",43301,"PROPOSITION  CITY OF ALTUS",,8,8,1,"FOR THE PROPOSITION - YES",,9,36,127,172,,
8/13/2013,"JACKSON","CITY OF ALTUS",43301,"PROPOSITION  CITY OF ALTUS",,8,8,2,"AGAINST THE PROPOSITION - NO",,4,3,25,32,,
8/13/2013,"KINGFISHER","CITY OF PIEDMONT",40901,"FOR COUNCILMEMBER WARD 2 (UNEXPIRED TERM)  CITY OF PIEDMONT",,1,1,1,"BOBBY WILLIAMSON",,0,0,0,0,,
8/13/2013,"KINGFISHER","CITY OF PIEDMONT",40901,"FOR COUNCILMEMBER WARD 2 (UNEXPIRED TERM)  CITY OF PIEDMONT",,1,1,2,"DONOVAN L. RUBLEY",,0,0,0,0,,
8/13/2013,"KINGFISHER","CITY OF PIEDMONT",40901,"FOR COUNCILMEMBER WARD 2 (UNEXPIRED TERM)  CITY OF PIEDMONT",,1,1,3,"VERNON WOODS",,0,0,0,0,,
8/13/2013,"LOGAN","CITY OF CRESCENT",44201,"PROPOSITION  CITY OF CRESCENT",,1,1,1,"FOR THE PROPOSITION - YES",,1,0,40,41,,
8/13/2013,"LOGAN","CITY OF CRESCENT",44201,"PROPOSITION  CITY OF CRESCENT",,1,1,2,"AGAINST THE PROPOSITION - NO",,0,0,0,0,,
8/13/2013,"PAYNE","CITY OF YALE",46001,"PROPOSITION  CITY OF YALE",,1,1,1,"FOR THE PROPOSITION - YES",,1,0,61,62,,
8/13/2013,"PAYNE","CITY OF YALE",46001,"PROPOSITION  CITY OF YALE",,1,1,2,"AGAINST THE PROPOSITION - NO",,1,0,16,17,,
8/13/2013,"PITTSBURG","CITY OF MCALESTER",46101,"PROPOSITION   CITY OF MCALESTER",,16,16,1,"FOR THE PROPOSITION - YES",,19,14,73,106,,
8/13/2013,"PITTSBURG","CITY OF MCALESTER",46101,"PROPOSITION   CITY OF MCALESTER",,16,16,2,"AGAINST THE PROPOSITION - NO",,5,0,11,16,,
8/13/2013,"PONTOTOC","CITY OF ADA",46201,"PROPOSITION  CITY OF ADA",,8,8,1,"FOR THE PROPOSITION - YES",,27,9,72,108,,
8/13/2013,"PONTOTOC","CITY OF ADA",46201,"PROPOSITION  CITY OF ADA",,8,8,2,"AGAINST THE PROPOSITION - NO",,5,3,13,21,,
8/13/2013,"ROGERS","ROGERS COUNTY",30001,"PROPOSITION",,36,36,1,"FOR THE PROPOSITION - YES",,157,132,2131,2420,,
8/13/2013,"ROGERS","ROGERS COUNTY",30001,"PROPOSITION",,36,36,2,"AGAINST THE PROPOSITION - NO",,85,139,1171,1395,,
8/13/2013,"SEQUOYAH","SALLISAW PUBLIC SCHOOLS",56801,"FOR INDEPENDENT SCHOOL BOARD MEMBER OFFICE NO. 5 (UNEXPIRED TERM)  SALLISAW PUBLIC SCHOOLS",,12,12,1,"JUSTIN McGREW",,1,44,315,360,,
8/13/2013,"SEQUOYAH","SALLISAW PUBLIC SCHOOLS",56801,"FOR INDEPENDENT SCHOOL BOARD MEMBER OFFICE NO. 5 (UNEXPIRED TERM)  SALLISAW PUBLIC SCHOOLS",,12,12,2,"BOB SIVILS",,1,28,298,327,,
8/13/2013,"TULSA","TULSA COUNTY",20721,"FOR COUNTY COMMISSIONER DISTRICT NO. 3 (UNEXPIRED TERM)",,95,95,1,"JOHN BOMAR",DEM,232,18,788,1038,,
8/13/2013,"TULSA","TULSA COUNTY",20721,"FOR COUNTY COMMISSIONER DISTRICT NO. 3 (UNEXPIRED TERM)",,95,95,2,"RON PETERS",REP,493,56,3215,3764,,
8/13/2013,"WOODWARD","CITY OF WOODWARD",47701,"PROPOSITION NO. 1  CITY OF WOODWARD",,8,8,1,"FOR THE PROPOSITION - YES",,14,56,558,628,,
8/13/2013,"WOODWARD","CITY OF WOODWARD",47701,"PROPOSITION NO. 1  CITY OF WOODWARD",,8,8,2,"AGAINST THE PROPOSITION - NO",,4,37,340,381,,
8/13/2013,"WOODWARD","CITY OF WOODWARD",47702,"PROPOSITION NO. 2  CITY OF WOODWARD",,8,8,1,"FOR THE PROPOSITION - YES",,14,52,520,586,,
8/13/2013,"WOODWARD","CITY OF WOODWARD",47702,"PROPOSITION NO. 2  CITY OF WOODWARD",,8,8,2,"AGAINST THE PROPOSITION - NO",,4,42,377,423,,
