elec_date,county,entity_description,race_number,race_description,race_party,tot_race_prec,race_prec_reporting,cand_number,cand_name,cand_party,cand_absmail_votes,cand_early_votes,cand_elecday_votes,cand_tot_votes,race_county_owner
3/6/2018,"ALFALFA","RINGWOOD PUBLIC SCHOOLS INDEPENDENT SCHOOL DISTRICT NO. 001",54701,"PROPOSITION NO. 1  RINGWOOD PUBLIC SCHOOLS",,1,1,1,"FOR THE PROPOSITION - YES",,0,0,0,0,,
3/6/2018,"ALFALFA","RINGWOOD PUBLIC SCHOOLS INDEPENDENT SCHOOL DISTRICT NO. 001",54701,"PROPOSITION NO. 1  RINGWOOD PUBLIC SCHOOLS",,1,1,2,"AGAINST THE PROPOSITION - NO",,0,0,0,0,,
3/6/2018,"ALFALFA","RINGWOOD PUBLIC SCHOOLS INDEPENDENT SCHOOL DISTRICT NO. 001",54702,"PROPOSITION NO. 2  RINGWOOD PUBLIC SCHOOLS",,1,1,1,"FOR THE PROPOSITION - YES",,0,0,0,0,,
3/6/2018,"ALFALFA","RINGWOOD PUBLIC SCHOOLS INDEPENDENT SCHOOL DISTRICT NO. 001",54702,"PROPOSITION NO. 2  RINGWOOD PUBLIC SCHOOLS",,1,1,2,"AGAINST THE PROPOSITION - NO",,0,0,0,0,,
3/6/2018,"BEAVER","BALKO PUBLIC SCHOOLS INDEPENDENT SHOOL DISTRICT NO. 075",50401,"PROPOSITION  BALKO PUBLIC SCHOOLS",,2,2,1,"FOR THE PROPOSITION - YES",,6,2,118,126,,
3/6/2018,"BEAVER","BALKO PUBLIC SCHOOLS INDEPENDENT SHOOL DISTRICT NO. 075",50401,"PROPOSITION  BALKO PUBLIC SCHOOLS",,2,2,2,"AGAINST THE PROPOSITION - NO",,2,7,129,138,,
3/6/2018,"BLAINE","THOMAS-FAY-CUSTER UNIFIED DIST INDEPENDENT SCHOOL DISTRICT NO. 007",52001,"PROPOSITION  THOMAS-FAY-CUSTER UNIFIED DIST",,3,3,1,"FOR THE PROPOSITION - YES",,10,1,0,11,,
3/6/2018,"BLAINE","THOMAS-FAY-CUSTER UNIFIED DIST INDEPENDENT SCHOOL DISTRICT NO. 007",52001,"PROPOSITION  THOMAS-FAY-CUSTER UNIFIED DIST",,3,3,2,"AGAINST THE PROPOSITION - NO",,3,5,0,8,,
3/6/2018,"CADDO","CADDO COUNTY",30003,"PROPOSITION",,20,20,1,"FOR THE PROPOSITION - YES",,42,60,753,855,,
3/6/2018,"CADDO","CADDO COUNTY",30003,"PROPOSITION",,20,20,2,"AGAINST THE PROPOSITION - NO",,12,2,58,72,,
3/6/2018,"CADDO","MINCO PUBLIC SCHOOLS INDEPENDENT SCHOOL DISTRICT NO. 002",52601,"PROPOSITION NO. 1  MINCO PUBLIC SCHOOLS",,1,1,1,"FOR THE PROPOSITION - YES",,0,0,20,20,,
3/6/2018,"CADDO","MINCO PUBLIC SCHOOLS INDEPENDENT SCHOOL DISTRICT NO. 002",52601,"PROPOSITION NO. 1  MINCO PUBLIC SCHOOLS",,1,1,2,"AGAINST THE PROPOSITION - NO",,0,0,4,4,,
3/6/2018,"CADDO","MINCO PUBLIC SCHOOLS INDEPENDENT SCHOOL DISTRICT NO. 002",52602,"PROPOSITION NO. 2  MINCO PUBLIC SCHOOLS",,1,1,1,"FOR THE PROPOSITION - YES",,0,0,19,19,,
3/6/2018,"CADDO","MINCO PUBLIC SCHOOLS INDEPENDENT SCHOOL DISTRICT NO. 002",52602,"PROPOSITION NO. 2  MINCO PUBLIC SCHOOLS",,1,1,2,"AGAINST THE PROPOSITION - NO",,0,0,4,4,,
3/6/2018,"CANADIAN","MINCO PUBLIC SCHOOLS INDEPENDENT SCHOOL DISTRICT NO. 002",52601,"PROPOSITION NO. 1  MINCO PUBLIC SCHOOLS",,1,1,1,"FOR THE PROPOSITION - YES",,0,0,0,0,,
3/6/2018,"CANADIAN","MINCO PUBLIC SCHOOLS INDEPENDENT SCHOOL DISTRICT NO. 002",52601,"PROPOSITION NO. 1  MINCO PUBLIC SCHOOLS",,1,1,2,"AGAINST THE PROPOSITION - NO",,0,0,0,0,,
3/6/2018,"CANADIAN","MINCO PUBLIC SCHOOLS INDEPENDENT SCHOOL DISTRICT NO. 002",52602,"PROPOSITION NO. 2  MINCO PUBLIC SCHOOLS",,1,1,1,"FOR THE PROPOSITION - YES",,0,0,0,0,,
3/6/2018,"CANADIAN","MINCO PUBLIC SCHOOLS INDEPENDENT SCHOOL DISTRICT NO. 002",52602,"PROPOSITION NO. 2  MINCO PUBLIC SCHOOLS",,1,1,2,"AGAINST THE PROPOSITION - NO",,0,0,0,0,,
3/6/2018,"CANADIAN","CASHION PUBLIC SCHOOLS INDEPENDENT SCHOOL DISTRICT NO. 089",53701,"PROPOSITION  CASHION PUBLIC SCHOOLS",,1,1,1,"FOR THE PROPOSITION - YES",,0,0,1,1,,
3/6/2018,"CANADIAN","CASHION PUBLIC SCHOOLS INDEPENDENT SCHOOL DISTRICT NO. 089",53701,"PROPOSITION  CASHION PUBLIC SCHOOLS",,1,1,2,"AGAINST THE PROPOSITION - NO",,2,0,0,2,,
3/6/2018,"CHEROKEE","FORT GIBSON PUBLIC SCHOOLS INDEPENDENT SCHOOL DISTRICT NO. 003",55101,"PROPOSITION NO. 1  FORT GIBSON PUBLIC SCHOOLS",,3,3,1,"FOR THE PROPOSITION - YES",,2,0,38,40,,
3/6/2018,"CHEROKEE","FORT GIBSON PUBLIC SCHOOLS INDEPENDENT SCHOOL DISTRICT NO. 003",55101,"PROPOSITION NO. 1  FORT GIBSON PUBLIC SCHOOLS",,3,3,2,"AGAINST THE PROPOSITION - NO",,0,0,3,3,,
3/6/2018,"CHEROKEE","FORT GIBSON PUBLIC SCHOOLS INDEPENDENT SCHOOL DISTRICT NO. 003",55102,"PROPOSITION NO. 2  FORT GIBSON PUBLIC SCHOOLS",,3,3,1,"FOR THE PROPOSITION - YES",,2,0,38,40,,
3/6/2018,"CHEROKEE","FORT GIBSON PUBLIC SCHOOLS INDEPENDENT SCHOOL DISTRICT NO. 003",55102,"PROPOSITION NO. 2  FORT GIBSON PUBLIC SCHOOLS",,3,3,2,"AGAINST THE PROPOSITION - NO",,0,0,3,3,,
3/6/2018,"CREEK","TOWN OF MANNFORD",41901,"PROPOSITION  TOWN OF MANNFORD",,2,2,1,"FOR THE PROPOSITION - YES",,2,0,109,111,,
3/6/2018,"CREEK","TOWN OF MANNFORD",41901,"PROPOSITION  TOWN OF MANNFORD",,2,2,2,"AGAINST THE PROPOSITION - NO",,3,0,157,160,,
3/6/2018,"CUSTER","THOMAS-FAY-CUSTER UNIFIED DIST INDEPENDENT SCHOOL DISTRICT NO. 007",52001,"PROPOSITION  THOMAS-FAY-CUSTER UNIFIED DIST",,5,5,1,"FOR THE PROPOSITION - YES",,3,9,353,365,,
3/6/2018,"CUSTER","THOMAS-FAY-CUSTER UNIFIED DIST INDEPENDENT SCHOOL DISTRICT NO. 007",52001,"PROPOSITION  THOMAS-FAY-CUSTER UNIFIED DIST",,5,5,2,"AGAINST THE PROPOSITION - NO",,6,19,236,261,,
3/6/2018,"DELAWARE","GROVE PUBLIC SCHOOLS INDEPENDENT SCHOOL DISTRICT NO. 002",52101,"PROPOSITION  GROVE PUBLIC SCHOOLS",,9,9,1,"FOR THE PROPOSITION - YES",,26,3,582,611,,
3/6/2018,"DELAWARE","GROVE PUBLIC SCHOOLS INDEPENDENT SCHOOL DISTRICT NO. 002",52101,"PROPOSITION  GROVE PUBLIC SCHOOLS",,9,9,2,"AGAINST THE PROPOSITION - NO",,39,1,354,394,,
3/6/2018,"DEWEY","THOMAS-FAY-CUSTER UNIFIED DIST INDEPENDENT SCHOOL DISTRICT NO. 007",52001,"PROPOSITION  THOMAS-FAY-CUSTER UNIFIED DIST",,3,3,1,"FOR THE PROPOSITION - YES",,7,1,16,24,,
3/6/2018,"DEWEY","THOMAS-FAY-CUSTER UNIFIED DIST INDEPENDENT SCHOOL DISTRICT NO. 007",52001,"PROPOSITION  THOMAS-FAY-CUSTER UNIFIED DIST",,3,3,2,"AGAINST THE PROPOSITION - NO",,1,0,7,8,,
3/6/2018,"GARFIELD","GARFIELD COUNTY (EMS)",60241,"PROPOSITION  GARFIELD COUNTY (EMS)",,5,5,1,"FOR THE PROPOSITION - YES",,4,0,253,257,,
3/6/2018,"GARFIELD","GARFIELD COUNTY (EMS)",60241,"PROPOSITION  GARFIELD COUNTY (EMS)",,5,5,2,"AGAINST THE PROPOSITION - NO",,0,0,38,38,,
3/6/2018,"GRADY","GRADY COUNTY",10001,"FOR STATE REPRESENTATIVE DISTRICT 51 (UNEXPIRED TERM)",,13,13,1,"BRAD BOLES",REP,93,23,355,471,,
3/6/2018,"GRADY","GRADY COUNTY",10001,"FOR STATE REPRESENTATIVE DISTRICT 51 (UNEXPIRED TERM)",,13,13,2,"CHARLES L. MURDOCK",DEM,37,6,259,302,,
3/6/2018,"GRADY","MINCO PUBLIC SCHOOLS INDEPENDENT SCHOOL DISTRICT NO. 002",52601,"PROPOSITION NO. 1  MINCO PUBLIC SCHOOLS",,1,1,1,"FOR THE PROPOSITION - YES",,9,2,213,224,,
3/6/2018,"GRADY","MINCO PUBLIC SCHOOLS INDEPENDENT SCHOOL DISTRICT NO. 002",52601,"PROPOSITION NO. 1  MINCO PUBLIC SCHOOLS",,1,1,2,"AGAINST THE PROPOSITION - NO",,2,0,111,113,,
3/6/2018,"GRADY","MINCO PUBLIC SCHOOLS INDEPENDENT SCHOOL DISTRICT NO. 002",52602,"PROPOSITION NO. 2  MINCO PUBLIC SCHOOLS",,1,1,1,"FOR THE PROPOSITION - YES",,8,2,234,244,,
3/6/2018,"GRADY","MINCO PUBLIC SCHOOLS INDEPENDENT SCHOOL DISTRICT NO. 002",52602,"PROPOSITION NO. 2  MINCO PUBLIC SCHOOLS",,1,1,2,"AGAINST THE PROPOSITION - NO",,2,0,93,95,,
3/6/2018,"GRANT","DEER CREEK-LAMONT SCHOOLS INDEPENDENT SCHOOL DISTRICT NO. 095",52701,"PROPOSITION  DEER CREEK-LAMONT SCHOOLS",,5,5,1,"FOR THE PROPOSITION - YES",,0,3,146,149,,
3/6/2018,"GRANT","DEER CREEK-LAMONT SCHOOLS INDEPENDENT SCHOOL DISTRICT NO. 095",52701,"PROPOSITION  DEER CREEK-LAMONT SCHOOLS",,5,5,2,"AGAINST THE PROPOSITION - NO",,2,0,64,66,,
3/6/2018,"KAY","DEER CREEK-LAMONT SCHOOLS INDEPENDENT SCHOOL DISTRICT NO. 095",52701,"PROPOSITION  DEER CREEK-LAMONT SCHOOLS",,2,2,1,"FOR THE PROPOSITION - YES",,0,0,2,2,,
3/6/2018,"KAY","DEER CREEK-LAMONT SCHOOLS INDEPENDENT SCHOOL DISTRICT NO. 095",52701,"PROPOSITION  DEER CREEK-LAMONT SCHOOLS",,2,2,2,"AGAINST THE PROPOSITION - NO",,0,0,3,3,,
3/6/2018,"KINGFISHER","CASHION PUBLIC SCHOOLS INDEPENDENT SCHOOL DISTRICT NO. 089",53701,"PROPOSITION  CASHION PUBLIC SCHOOLS",,3,3,1,"FOR THE PROPOSITION - YES",,3,4,157,164,,
3/6/2018,"KINGFISHER","CASHION PUBLIC SCHOOLS INDEPENDENT SCHOOL DISTRICT NO. 089",53701,"PROPOSITION  CASHION PUBLIC SCHOOLS",,3,3,2,"AGAINST THE PROPOSITION - NO",,0,9,144,153,,
3/6/2018,"LATIMER","LATIMER COUNTY",30001,"PROPOSITION",,12,12,1,"FOR THE PROPOSITION - YES",,11,79,338,428,,
3/6/2018,"LATIMER","LATIMER COUNTY",30001,"PROPOSITION",,12,12,2,"AGAINST THE PROPOSITION - NO",,2,3,99,104,,
3/6/2018,"LINCOLN","LINCOLN COUNTY",30002,"PROPOSITION",,21,21,1,"FOR THE PROPOSITION - YES",,27,40,451,518,,
3/6/2018,"LINCOLN","LINCOLN COUNTY",30002,"PROPOSITION",,21,21,2,"AGAINST THE PROPOSITION - NO",,55,77,989,1121,,
3/6/2018,"LOGAN","CASHION PUBLIC SCHOOLS INDEPENDENT SCHOOL DISTRICT NO. 089",53701,"PROPOSITION  CASHION PUBLIC SCHOOLS",,2,2,1,"FOR THE PROPOSITION - YES",,7,2,118,127,,
3/6/2018,"LOGAN","CASHION PUBLIC SCHOOLS INDEPENDENT SCHOOL DISTRICT NO. 089",53701,"PROPOSITION  CASHION PUBLIC SCHOOLS",,2,2,2,"AGAINST THE PROPOSITION - NO",,0,0,96,96,,
3/6/2018,"MCCLAIN","MCCLAIN COUNTY",10001,"FOR STATE REPRESENTATIVE DISTRICT 51 (UNEXPIRED TERM)",,1,1,1,"BRAD BOLES",REP,7,0,19,26,,
3/6/2018,"MCCLAIN","MCCLAIN COUNTY",10001,"FOR STATE REPRESENTATIVE DISTRICT 51 (UNEXPIRED TERM)",,1,1,2,"CHARLES L. MURDOCK",DEM,5,0,30,35,,
3/6/2018,"MAJOR","RINGWOOD PUBLIC SCHOOLS INDEPENDENT SCHOOL DISTRICT NO. 001",54701,"PROPOSITION NO. 1  RINGWOOD PUBLIC SCHOOLS",,3,3,1,"FOR THE PROPOSITION - YES",,5,5,98,108,,
3/6/2018,"MAJOR","RINGWOOD PUBLIC SCHOOLS INDEPENDENT SCHOOL DISTRICT NO. 001",54701,"PROPOSITION NO. 1  RINGWOOD PUBLIC SCHOOLS",,3,3,2,"AGAINST THE PROPOSITION - NO",,2,2,18,22,,
3/6/2018,"MAJOR","RINGWOOD PUBLIC SCHOOLS INDEPENDENT SCHOOL DISTRICT NO. 001",54702,"PROPOSITION NO. 2  RINGWOOD PUBLIC SCHOOLS",,3,3,1,"FOR THE PROPOSITION - YES",,5,4,100,109,,
3/6/2018,"MAJOR","RINGWOOD PUBLIC SCHOOLS INDEPENDENT SCHOOL DISTRICT NO. 001",54702,"PROPOSITION NO. 2  RINGWOOD PUBLIC SCHOOLS",,3,3,2,"AGAINST THE PROPOSITION - NO",,2,2,17,21,,
3/6/2018,"MAJOR","WAYNOKA PUBLIC SCHOOLS INDEPENDENT SCHOOL DISTRICT NO. 003",57601,"PROPOSITION  WAYNOKA PUBLIC SCHOOLS",,2,2,1,"FOR THE PROPOSITION - YES",,2,0,8,10,,
3/6/2018,"MAJOR","WAYNOKA PUBLIC SCHOOLS INDEPENDENT SCHOOL DISTRICT NO. 003",57601,"PROPOSITION  WAYNOKA PUBLIC SCHOOLS",,2,2,2,"AGAINST THE PROPOSITION - NO",,0,0,11,11,,
3/6/2018,"MAYES","ADAIR PUBLIC SCHOOLS INDEPENDENT SCHOOL DISTRICT NO. 002",54901,"PROPOSITION  ADAIR PUBLIC SCHOOLS",,8,8,1,"FOR THE PROPOSITION - YES",,5,12,287,304,,
3/6/2018,"MAYES","ADAIR PUBLIC SCHOOLS INDEPENDENT SCHOOL DISTRICT NO. 002",54901,"PROPOSITION  ADAIR PUBLIC SCHOOLS",,8,8,2,"AGAINST THE PROPOSITION - NO",,5,3,76,84,,
3/6/2018,"MAYES","CHOUTEAU-MAZIE PUBLIC SCHOOLS INDEPENDENT SCHOOL DISTRICT NO. 032",54902,"PROPOSITION NO. 1  CHOUTEAU-MAZIE PUBLIC SCHOOLS",,6,6,1,"FOR THE PROPOSITION - YES",,10,6,191,207,,
3/6/2018,"MAYES","CHOUTEAU-MAZIE PUBLIC SCHOOLS INDEPENDENT SCHOOL DISTRICT NO. 032",54902,"PROPOSITION NO. 1  CHOUTEAU-MAZIE PUBLIC SCHOOLS",,6,6,2,"AGAINST THE PROPOSITION - NO",,3,1,168,172,,
3/6/2018,"MAYES","CHOUTEAU-MAZIE PUBLIC SCHOOLS INDEPENDENT SCHOOL DISTRICT NO. 032",54903,"PROPOSITION NO. 2  CHOUTEAU-MAZIE PUBLIC SCHOOLS",,6,6,1,"FOR THE PROPOSITION - YES",,9,5,192,206,,
3/6/2018,"MAYES","CHOUTEAU-MAZIE PUBLIC SCHOOLS INDEPENDENT SCHOOL DISTRICT NO. 032",54903,"PROPOSITION NO. 2  CHOUTEAU-MAZIE PUBLIC SCHOOLS",,6,6,2,"AGAINST THE PROPOSITION - NO",,4,2,169,175,,
3/6/2018,"MAYES","PRYOR PUBLIC SCHOOLS INDEPENDENT SCHOOL DISTRICT NO. 001",54904,"PROPOSITION NO. 1  PRYOR PUBLIC SCHOOLS",,11,11,1,"FOR THE PROPOSITION - YES",,24,54,787,865,,
3/6/2018,"MAYES","PRYOR PUBLIC SCHOOLS INDEPENDENT SCHOOL DISTRICT NO. 001",54904,"PROPOSITION NO. 1  PRYOR PUBLIC SCHOOLS",,11,11,2,"AGAINST THE PROPOSITION - NO",,14,10,120,144,,
3/6/2018,"MAYES","PRYOR PUBLIC SCHOOLS INDEPENDENT SCHOOL DISTRICT NO. 001",54905,"PROPOSITION NO. 2  PRYOR PUBLIC SCHOOLS",,11,11,1,"FOR THE PROPOSITION - YES",,25,56,785,866,,
3/6/2018,"MAYES","PRYOR PUBLIC SCHOOLS INDEPENDENT SCHOOL DISTRICT NO. 001",54905,"PROPOSITION NO. 2  PRYOR PUBLIC SCHOOLS",,11,11,2,"AGAINST THE PROPOSITION - NO",,15,9,127,151,,
3/6/2018,"MUSKOGEE","FORT GIBSON PUBLIC SCHOOLS INDEPENDENT SCHOOL DISTRICT NO. 003",55101,"PROPOSITION NO. 1  FORT GIBSON PUBLIC SCHOOLS",,3,3,1,"FOR THE PROPOSITION - YES",,2,4,345,351,,
3/6/2018,"MUSKOGEE","FORT GIBSON PUBLIC SCHOOLS INDEPENDENT SCHOOL DISTRICT NO. 003",55101,"PROPOSITION NO. 1  FORT GIBSON PUBLIC SCHOOLS",,3,3,2,"AGAINST THE PROPOSITION - NO",,2,0,47,49,,
3/6/2018,"MUSKOGEE","FORT GIBSON PUBLIC SCHOOLS INDEPENDENT SCHOOL DISTRICT NO. 003",55102,"PROPOSITION NO. 2  FORT GIBSON PUBLIC SCHOOLS",,3,3,1,"FOR THE PROPOSITION - YES",,4,4,347,355,,
3/6/2018,"MUSKOGEE","FORT GIBSON PUBLIC SCHOOLS INDEPENDENT SCHOOL DISTRICT NO. 003",55102,"PROPOSITION NO. 2  FORT GIBSON PUBLIC SCHOOLS",,3,3,2,"AGAINST THE PROPOSITION - NO",,0,0,47,47,,
3/6/2018,"NOWATA","OKLAHOMA UNION PUBLIC SCHOOLS INDEPENDENT SCHOOL DISTRICT NO. 003",55301,"PROPOSITION  OKLAHOMA UNION PUBLIC SCHOOLS",,7,7,1,"FOR THE PROPOSITION - YES",,3,3,217,223,,
3/6/2018,"NOWATA","OKLAHOMA UNION PUBLIC SCHOOLS INDEPENDENT SCHOOL DISTRICT NO. 003",55301,"PROPOSITION  OKLAHOMA UNION PUBLIC SCHOOLS",,7,7,2,"AGAINST THE PROPOSITION - NO",,6,0,47,53,,
3/6/2018,"OSAGE","DEWEY PUBLIC SCHOOLS INDEPENDENT SCHOOL DISTRICT NO. 007",57401,"PROPOSITION  DEWEY PUBLIC SCHOOLS",,2,2,1,"FOR THE PROPOSITION - YES",,0,0,0,0,,
3/6/2018,"OSAGE","DEWEY PUBLIC SCHOOLS INDEPENDENT SCHOOL DISTRICT NO. 007",57401,"PROPOSITION  DEWEY PUBLIC SCHOOLS",,2,2,2,"AGAINST THE PROPOSITION - NO",,0,0,2,2,,
3/6/2018,"POTTAWATOMIE","GROVE PUBLIC SCHOOL ELEMENTARY SCHOOL DISTRICT NO. 027",56301,"PROPOSITION NO. 1  GROVE PUBLIC SCHOOL",,4,4,1,"FOR THE PROPOSITION - YES",,11,3,205,219,,
3/6/2018,"POTTAWATOMIE","GROVE PUBLIC SCHOOL ELEMENTARY SCHOOL DISTRICT NO. 027",56301,"PROPOSITION NO. 1  GROVE PUBLIC SCHOOL",,4,4,2,"AGAINST THE PROPOSITION - NO",,11,3,38,52,,
3/6/2018,"POTTAWATOMIE","GROVE PUBLIC SCHOOL ELEMENTARY SCHOOL DISTRICT NO. 027",56302,"PROPOSITION NO. 2  GROVE PUBLIC SCHOOL",,4,4,1,"FOR THE PROPOSITION - YES",,10,3,202,215,,
3/6/2018,"POTTAWATOMIE","GROVE PUBLIC SCHOOL ELEMENTARY SCHOOL DISTRICT NO. 027",56302,"PROPOSITION NO. 2  GROVE PUBLIC SCHOOL",,4,4,2,"AGAINST THE PROPOSITION - NO",,12,3,40,55,,
3/6/2018,"ROGERS","CHOUTEAU-MAZIE PUBLIC SCHOOLS INDEPENDENT SCHOOL DISTRICT NO. 032",54902,"PROPOSITION NO. 1  CHOUTEAU-MAZIE PUBLIC SCHOOLS",,1,1,1,"FOR THE PROPOSITION - YES",,1,0,1,2,,
3/6/2018,"ROGERS","CHOUTEAU-MAZIE PUBLIC SCHOOLS INDEPENDENT SCHOOL DISTRICT NO. 032",54902,"PROPOSITION NO. 1  CHOUTEAU-MAZIE PUBLIC SCHOOLS",,1,1,2,"AGAINST THE PROPOSITION - NO",,0,0,0,0,,
3/6/2018,"ROGERS","CHOUTEAU-MAZIE PUBLIC SCHOOLS INDEPENDENT SCHOOL DISTRICT NO. 032",54903,"PROPOSITION NO. 2  CHOUTEAU-MAZIE PUBLIC SCHOOLS",,1,1,1,"FOR THE PROPOSITION - YES",,1,0,1,2,,
3/6/2018,"ROGERS","CHOUTEAU-MAZIE PUBLIC SCHOOLS INDEPENDENT SCHOOL DISTRICT NO. 032",54903,"PROPOSITION NO. 2  CHOUTEAU-MAZIE PUBLIC SCHOOLS",,1,1,2,"AGAINST THE PROPOSITION - NO",,0,0,0,0,,
3/6/2018,"ROGERS","CATOOSA PUBLIC SCHOOLS INDEPENDENT SCHOOL DISTRICT NO. 002",56601,"PROPOSITION NO. 1  CATOOSA PUBLIC SCHOOLS",,7,7,1,"FOR THE PROPOSITION - YES",,12,1,283,296,,
3/6/2018,"ROGERS","CATOOSA PUBLIC SCHOOLS INDEPENDENT SCHOOL DISTRICT NO. 002",56601,"PROPOSITION NO. 1  CATOOSA PUBLIC SCHOOLS",,7,7,2,"AGAINST THE PROPOSITION - NO",,4,0,89,93,,
3/6/2018,"ROGERS","CATOOSA PUBLIC SCHOOLS INDEPENDENT SCHOOL DISTRICT NO. 002",56602,"PROPOSITION NO. 2  CATOOSA PUBLIC SCHOOLS",,7,7,1,"FOR THE PROPOSITION - YES",,12,1,285,298,,
3/6/2018,"ROGERS","CATOOSA PUBLIC SCHOOLS INDEPENDENT SCHOOL DISTRICT NO. 002",56602,"PROPOSITION NO. 2  CATOOSA PUBLIC SCHOOLS",,7,7,2,"AGAINST THE PROPOSITION - NO",,5,0,90,95,,
3/6/2018,"SEQUOYAH","VIAN PUBLIC SCHOOLS INDEPENDENT SCHOOL DISTRICT NO. 002",56801,"PROPOSITION NO. 1  VIAN PUBLIC SCHOOLS",,8,8,1,"FOR THE PROPOSITION - YES",,9,0,136,145,,
3/6/2018,"SEQUOYAH","VIAN PUBLIC SCHOOLS INDEPENDENT SCHOOL DISTRICT NO. 002",56801,"PROPOSITION NO. 1  VIAN PUBLIC SCHOOLS",,8,8,2,"AGAINST THE PROPOSITION - NO",,0,0,104,104,,
3/6/2018,"SEQUOYAH","VIAN PUBLIC SCHOOLS INDEPENDENT SCHOOL DISTRICT NO. 002",56802,"PROPOSITION NO. 2  VIAN PUBLIC SCHOOLS",,8,8,1,"FOR THE PROPOSITION - YES",,9,0,140,149,,
3/6/2018,"SEQUOYAH","VIAN PUBLIC SCHOOLS INDEPENDENT SCHOOL DISTRICT NO. 002",56802,"PROPOSITION NO. 2  VIAN PUBLIC SCHOOLS",,8,8,2,"AGAINST THE PROPOSITION - NO",,0,1,105,106,,
3/6/2018,"STEPHENS","STEPHENS COUNTY",10001,"FOR STATE REPRESENTATIVE DISTRICT 51 (UNEXPIRED TERM)",,9,9,1,"BRAD BOLES",REP,23,44,937,1004,,
3/6/2018,"STEPHENS","STEPHENS COUNTY",10001,"FOR STATE REPRESENTATIVE DISTRICT 51 (UNEXPIRED TERM)",,9,9,2,"CHARLES L. MURDOCK",DEM,7,12,224,243,,
3/6/2018,"WAGONER","CHOUTEAU-MAZIE PUBLIC SCHOOLS INDEPENDENT SCHOOL DISTRICT NO. 032",54902,"PROPOSITION NO. 1  CHOUTEAU-MAZIE PUBLIC SCHOOLS",,1,1,1,"FOR THE PROPOSITION - YES",,0,0,17,17,,
3/6/2018,"WAGONER","CHOUTEAU-MAZIE PUBLIC SCHOOLS INDEPENDENT SCHOOL DISTRICT NO. 032",54902,"PROPOSITION NO. 1  CHOUTEAU-MAZIE PUBLIC SCHOOLS",,1,1,2,"AGAINST THE PROPOSITION - NO",,0,0,8,8,,
3/6/2018,"WAGONER","CHOUTEAU-MAZIE PUBLIC SCHOOLS INDEPENDENT SCHOOL DISTRICT NO. 032",54903,"PROPOSITION NO. 2  CHOUTEAU-MAZIE PUBLIC SCHOOLS",,1,1,1,"FOR THE PROPOSITION - YES",,0,0,18,18,,
3/6/2018,"WAGONER","CHOUTEAU-MAZIE PUBLIC SCHOOLS INDEPENDENT SCHOOL DISTRICT NO. 032",54903,"PROPOSITION NO. 2  CHOUTEAU-MAZIE PUBLIC SCHOOLS",,1,1,2,"AGAINST THE PROPOSITION - NO",,0,0,8,8,,
3/6/2018,"WAGONER","FORT GIBSON PUBLIC SCHOOLS INDEPENDENT SCHOOL DISTRICT NO. 003",55101,"PROPOSITION NO. 1  FORT GIBSON PUBLIC SCHOOLS",,1,1,1,"FOR THE PROPOSITION - YES",,0,0,3,3,,
3/6/2018,"WAGONER","FORT GIBSON PUBLIC SCHOOLS INDEPENDENT SCHOOL DISTRICT NO. 003",55101,"PROPOSITION NO. 1  FORT GIBSON PUBLIC SCHOOLS",,1,1,2,"AGAINST THE PROPOSITION - NO",,0,0,0,0,,
3/6/2018,"WAGONER","FORT GIBSON PUBLIC SCHOOLS INDEPENDENT SCHOOL DISTRICT NO. 003",55102,"PROPOSITION NO. 2  FORT GIBSON PUBLIC SCHOOLS",,1,1,1,"FOR THE PROPOSITION - YES",,0,0,3,3,,
3/6/2018,"WAGONER","FORT GIBSON PUBLIC SCHOOLS INDEPENDENT SCHOOL DISTRICT NO. 003",55102,"PROPOSITION NO. 2  FORT GIBSON PUBLIC SCHOOLS",,1,1,2,"AGAINST THE PROPOSITION - NO",,0,0,0,0,,
3/6/2018,"WAGONER","CATOOSA PUBLIC SCHOOLS INDEPENDENT SCHOOL DISTRICT NO. 002",56601,"PROPOSITION NO. 1  CATOOSA PUBLIC SCHOOLS",,3,3,1,"FOR THE PROPOSITION - YES",,0,0,99,99,,
3/6/2018,"WAGONER","CATOOSA PUBLIC SCHOOLS INDEPENDENT SCHOOL DISTRICT NO. 002",56601,"PROPOSITION NO. 1  CATOOSA PUBLIC SCHOOLS",,3,3,2,"AGAINST THE PROPOSITION - NO",,0,0,15,15,,
3/6/2018,"WAGONER","CATOOSA PUBLIC SCHOOLS INDEPENDENT SCHOOL DISTRICT NO. 002",56602,"PROPOSITION NO. 2  CATOOSA PUBLIC SCHOOLS",,3,3,1,"FOR THE PROPOSITION - YES",,0,0,97,97,,
3/6/2018,"WAGONER","CATOOSA PUBLIC SCHOOLS INDEPENDENT SCHOOL DISTRICT NO. 002",56602,"PROPOSITION NO. 2  CATOOSA PUBLIC SCHOOLS",,3,3,2,"AGAINST THE PROPOSITION - NO",,0,0,17,17,,
3/6/2018,"WAGONER","WAGONER PUBLIC SCHOOLS INDEPENDENT SCHOOL DISTRICT NO. 019",57301,"PROPOSITION  WAGONER PUBLIC SCHOOLS",,9,9,1,"FOR THE PROPOSITION - YES",,4,39,591,634,,
3/6/2018,"WAGONER","WAGONER PUBLIC SCHOOLS INDEPENDENT SCHOOL DISTRICT NO. 019",57301,"PROPOSITION  WAGONER PUBLIC SCHOOLS",,9,9,2,"AGAINST THE PROPOSITION - NO",,1,24,601,626,,
3/6/2018,"WASHINGTON","CITY OF BARTLESVILLE",47401,"PROPOSITION NO. 1 CITY EQUIPMENT PROJECTS  CITY OF BARTLESVILLE",,14,14,1,"FOR THE PROPOSITION - YES",,35,388,2866,3289,,
3/6/2018,"WASHINGTON","CITY OF BARTLESVILLE",47401,"PROPOSITION NO. 1 CITY EQUIPMENT PROJECTS  CITY OF BARTLESVILLE",,14,14,2,"AGAINST THE PROPOSITION - NO",,18,37,795,850,,
3/6/2018,"WASHINGTON","CITY OF BARTLESVILLE",47402,"PROPOSITION NO. 2 PARKS AND RECREATIONAL FACILITIES PROJECTS  CITY OF BARTLESVILLE",,14,14,1,"FOR THE PROPOSITION - YES",,30,353,2348,2731,,
3/6/2018,"WASHINGTON","CITY OF BARTLESVILLE",47402,"PROPOSITION NO. 2 PARKS AND RECREATIONAL FACILITIES PROJECTS  CITY OF BARTLESVILLE",,14,14,2,"AGAINST THE PROPOSITION - NO",,24,71,1306,1401,,
3/6/2018,"WASHINGTON","CITY OF BARTLESVILLE",47403,"PROPOSITION NO. 3 STREET PROJECTS  CITY OF BARTLESVILLE",,14,14,1,"FOR THE PROPOSITION - YES",,38,398,3009,3445,,
3/6/2018,"WASHINGTON","CITY OF BARTLESVILLE",47403,"PROPOSITION NO. 3 STREET PROJECTS  CITY OF BARTLESVILLE",,14,14,2,"AGAINST THE PROPOSITION - NO",,16,25,634,675,,
3/6/2018,"WASHINGTON","CITY OF BARTLESVILLE",47404,"PROPOSITION NO. 4 STORM DRAINAGE PROJECTS  CITY OF BARTLESVILLE",,14,14,1,"FOR THE PROPOSITION - YES",,40,398,2950,3388,,
3/6/2018,"WASHINGTON","CITY OF BARTLESVILLE",47404,"PROPOSITION NO. 4 STORM DRAINAGE PROJECTS  CITY OF BARTLESVILLE",,14,14,2,"AGAINST THE PROPOSITION - NO",,14,27,708,749,,
3/6/2018,"WASHINGTON","OKLAHOMA UNION PUBLIC SCHOOLS INDEPENDENT SCHOOL DISTRICT NO. 003",55301,"PROPOSITION  OKLAHOMA UNION PUBLIC SCHOOLS",,2,2,1,"FOR THE PROPOSITION - YES",,0,0,4,4,,
3/6/2018,"WASHINGTON","OKLAHOMA UNION PUBLIC SCHOOLS INDEPENDENT SCHOOL DISTRICT NO. 003",55301,"PROPOSITION  OKLAHOMA UNION PUBLIC SCHOOLS",,2,2,2,"AGAINST THE PROPOSITION - NO",,0,0,2,2,,
3/6/2018,"WASHINGTON","DEWEY PUBLIC SCHOOLS INDEPENDENT SCHOOL DISTRICT NO. 007",57401,"PROPOSITION  DEWEY PUBLIC SCHOOLS",,3,3,1,"FOR THE PROPOSITION - YES",,1,3,137,141,,
3/6/2018,"WASHINGTON","DEWEY PUBLIC SCHOOLS INDEPENDENT SCHOOL DISTRICT NO. 007",57401,"PROPOSITION  DEWEY PUBLIC SCHOOLS",,3,3,2,"AGAINST THE PROPOSITION - NO",,0,0,29,29,,
3/6/2018,"WOODS","WAYNOKA PUBLIC SCHOOLS INDEPENDENT SCHOOL DISTRICT NO. 003",57601,"PROPOSITION  WAYNOKA PUBLIC SCHOOLS",,3,3,1,"FOR THE PROPOSITION - YES",,5,3,214,222,,
3/6/2018,"WOODS","WAYNOKA PUBLIC SCHOOLS INDEPENDENT SCHOOL DISTRICT NO. 003",57601,"PROPOSITION  WAYNOKA PUBLIC SCHOOLS",,3,3,2,"AGAINST THE PROPOSITION - NO",,4,2,69,75,,
