elec_date,county,entity_description,race_number,race_description,race_party,tot_race_prec,race_prec_reporting,cand_number,cand_name,cand_party,cand_absmail_votes,cand_early_votes,cand_elecday_votes,cand_tot_votes,race_county_owner
2/9/2021,"BECKHAM","WESTERN TECH CENTER DISTRICT NO. 12",57501,"FOR OFFICE NO. 1  WESTERN TECH CENTER",,13,13,1,"DENNIS H. BAXTER",,11,2,17,30,BECKHAM
2/9/2021,"BECKHAM","WESTERN TECH CENTER DISTRICT NO. 12",57501,"FOR OFFICE NO. 1  WESTERN TECH CENTER",,13,13,2,"RAY CHALLIS",,19,2,81,102,BECKHAM
2/9/2021,"BECKHAM","WESTERN TECH CENTER DISTRICT NO. 12",57501,"FOR OFFICE NO. 1  WESTERN TECH CENTER",,13,13,3,"EUGENE JEFFERSON",,4,0,11,15,BECKHAM
2/9/2021,"CADDO","WESTERN TECH CENTER DISTRICT NO. 12",57501,"FOR OFFICE NO. 1  WESTERN TECH CENTER",,1,1,1,"DENNIS H. BAXTER",,0,0,0,0,CADDO
2/9/2021,"CADDO","WESTERN TECH CENTER DISTRICT NO. 12",57501,"FOR OFFICE NO. 1  WESTERN TECH CENTER",,1,1,2,"RAY CHALLIS",,0,0,0,0,CADDO
2/9/2021,"CADDO","WESTERN TECH CENTER DISTRICT NO. 12",57501,"FOR OFFICE NO. 1  WESTERN TECH CENTER",,1,1,3,"EUGENE JEFFERSON",,0,0,0,0,CADDO
2/9/2021,"CANADIAN","CANADIAN COUNTY",11003,"FOR STATE SENATOR DISTRICT 22 (UNEXPIRED TERM)",REP,13,13,1,"KERI SHIPLEY",REP,63,19,679,761,,
2/9/2021,"CANADIAN","CANADIAN COUNTY",11003,"FOR STATE SENATOR DISTRICT 22 (UNEXPIRED TERM)",REP,13,13,2,"JAKE A. MERRICK",REP,51,39,1170,1260,,
2/9/2021,"CANADIAN","CANADIAN COUNTY",13003,"FOR STATE SENATOR DISTRICT 22 (UNEXPIRED TERM)",DEM,13,13,1,"MOLLY OOTEN",DEM,77,5,302,384,,
2/9/2021,"CANADIAN","CANADIAN COUNTY",13003,"FOR STATE SENATOR DISTRICT 22 (UNEXPIRED TERM)",DEM,13,13,2,"DYLAN BILLINGS",DEM,53,3,127,183,,
2/9/2021,"CANADIAN","CITY OF OKLAHOMA CITY",45516,"FOR COUNCILMEMBER, WARD 1  CITY OF OKLAHOMA CITY",,10,10,1,"JAY SHERRILL",,13,5,174,192,CANADIAN
2/9/2021,"CANADIAN","CITY OF OKLAHOMA CITY",45516,"FOR COUNCILMEMBER, WARD 1  CITY OF OKLAHOMA CITY",,10,10,2,"SUSAN KAY PARISI",,7,0,15,22,CANADIAN
2/9/2021,"CANADIAN","CITY OF OKLAHOMA CITY",45516,"FOR COUNCILMEMBER, WARD 1  CITY OF OKLAHOMA CITY",,10,10,3,"SHAY VARNELL",,8,0,140,148,CANADIAN
2/9/2021,"CANADIAN","CITY OF OKLAHOMA CITY",45516,"FOR COUNCILMEMBER, WARD 1  CITY OF OKLAHOMA CITY",,10,10,4,"BRADLEY CARTER",,28,22,496,546,CANADIAN
2/9/2021,"CANADIAN","CITY OF OKLAHOMA CITY",45516,"FOR COUNCILMEMBER, WARD 1  CITY OF OKLAHOMA CITY",,10,10,5,"MEGAN SCOTT",,20,1,72,93,CANADIAN
2/9/2021,"CANADIAN","CITY OF OKLAHOMA CITY",45516,"FOR COUNCILMEMBER, WARD 1  CITY OF OKLAHOMA CITY",,10,10,6,"JOSHUA W. DEBOLT",,6,0,34,40,CANADIAN
2/9/2021,"CANADIAN","CITY OF OKLAHOMA CITY",45516,"FOR COUNCILMEMBER, WARD 1  CITY OF OKLAHOMA CITY",,10,10,7,"RICHARD THOMAS BUCHANAN",,2,4,55,61,CANADIAN
2/9/2021,"CANADIAN","CITY OF OKLAHOMA CITY",45516,"FOR COUNCILMEMBER, WARD 1  CITY OF OKLAHOMA CITY",,10,10,8,"NANA ABRAM DANKWA",,27,4,80,111,CANADIAN
2/9/2021,"CANADIAN","CITY OF OKLAHOMA CITY",45516,"FOR COUNCILMEMBER, WARD 1  CITY OF OKLAHOMA CITY",,10,10,9,"BILL FLEMING",,4,3,66,73,CANADIAN
2/9/2021,"CANADIAN","CITY OF OKLAHOMA CITY",45517,"FOR COUNCILMEMBER, WARD 3  CITY OF OKLAHOMA CITY",,14,14,1,"KELLI PAYNE",,7,3,288,298,CANADIAN
2/9/2021,"CANADIAN","CITY OF OKLAHOMA CITY",45517,"FOR COUNCILMEMBER, WARD 3  CITY OF OKLAHOMA CITY",,14,14,2,"BARBARA YOUNG",,40,6,230,276,CANADIAN
2/9/2021,"CANADIAN","CITY OF OKLAHOMA CITY",45517,"FOR COUNCILMEMBER, WARD 3  CITY OF OKLAHOMA CITY",,14,14,3,"TIM LONG",,14,0,157,171,CANADIAN
2/9/2021,"CANADIAN","CITY OF OKLAHOMA CITY",45517,"FOR COUNCILMEMBER, WARD 3  CITY OF OKLAHOMA CITY",,14,14,4,"TREY BISHOP",,3,0,25,28,CANADIAN
2/9/2021,"CANADIAN","CITY OF OKLAHOMA CITY",45517,"FOR COUNCILMEMBER, WARD 3  CITY OF OKLAHOMA CITY",,14,14,5,"JESSICA MARTINEZ-BROOKS",,51,1,241,293,CANADIAN
2/9/2021,"CANADIAN","CITY OF OKLAHOMA CITY",45517,"FOR COUNCILMEMBER, WARD 3  CITY OF OKLAHOMA CITY",,14,14,6,"ALLEN SWANDA",,14,0,193,207,CANADIAN
2/9/2021,"CANADIAN","RIVERSIDE PUBLIC SCHOOL ELEMENTARY SCHOOL DISTRICT NO. 029",50901,"FOR OFFICE NO. 1  RIVERSIDE PUBLIC SCHOOL",,5,5,1,"ASHLEY BENDER",,2,1,60,63,CANADIAN
2/9/2021,"CANADIAN","RIVERSIDE PUBLIC SCHOOL ELEMENTARY SCHOOL DISTRICT NO. 029",50901,"FOR OFFICE NO. 1  RIVERSIDE PUBLIC SCHOOL",,5,5,2,"CHRISTINA CALDWELL",,2,10,35,47,CANADIAN
2/9/2021,"CANADIAN","RIVERSIDE PUBLIC SCHOOL ELEMENTARY SCHOOL DISTRICT NO. 029",50901,"FOR OFFICE NO. 1  RIVERSIDE PUBLIC SCHOOL",,5,5,3,"WHITNEY McCALL",,0,0,1,1,CANADIAN
2/9/2021,"CARTER","WILSON PUBLIC SCHOOLS INDEPENDENT SCHOOL DISTRICT NO. 043",51002,"PROPOSITION  WILSON PUBLIC SCHOOLS",,6,6,1,"FOR THE PROPOSITION - YES",,1,0,258,259,,
2/9/2021,"CARTER","WILSON PUBLIC SCHOOLS INDEPENDENT SCHOOL DISTRICT NO. 043",51002,"PROPOSITION  WILSON PUBLIC SCHOOLS",,6,6,2,"AGAINST THE PROPOSITION - NO",,0,0,36,36,,
2/9/2021,"CHEROKEE","CHEROKEE COUNTY",30001,"PROPOSITION",,24,24,1,"FOR THE PROPOSITION - YES",,44,70,493,607,,
2/9/2021,"CHEROKEE","CHEROKEE COUNTY",30001,"PROPOSITION",,24,24,2,"AGAINST THE PROPOSITION - NO",,30,49,501,580,,
2/9/2021,"CHEROKEE","CITY OF TAHLEQUAH",41101,"FOR COUNCILOR WARD 1  CITY OF TAHLEQUAH",,1,1,1,"BREE LONG",,8,5,68,81,CHEROKEE
2/9/2021,"CHEROKEE","CITY OF TAHLEQUAH",41101,"FOR COUNCILOR WARD 1  CITY OF TAHLEQUAH",,1,1,2,"JOHN UZZO",,3,2,31,36,CHEROKEE
2/9/2021,"CHEROKEE","CITY OF TAHLEQUAH",41102,"FOR COUNCILOR WARD 2  CITY OF TAHLEQUAH",,2,2,1,"KEITH BAKER",,12,26,139,177,CHEROKEE
2/9/2021,"CHEROKEE","CITY OF TAHLEQUAH",41102,"FOR COUNCILOR WARD 2  CITY OF TAHLEQUAH",,2,2,2,"GARY CACY",,4,13,118,135,CHEROKEE
2/9/2021,"CHOCTAW","CITY OF HUGO",41201,"PROPOSITION  CITY OF HUGO",,7,7,1,"FOR THE PROPOSITION - YES",,4,7,56,67,,
2/9/2021,"CHOCTAW","CITY OF HUGO",41201,"PROPOSITION  CITY OF HUGO",,7,7,2,"AGAINST THE PROPOSITION - NO",,3,2,7,12,,
2/9/2021,"CHOCTAW","FORT TOWSON PUBLIC SCHOOLS INDEPENDENT SCHOOL DISTRICT NO. 002",51201,"FOR OFFICE NO. 1  FORT TOWSON PUBLIC SCHOOLS",,6,6,1,"SUSAN SMITH",,2,1,115,118,CHOCTAW
2/9/2021,"CHOCTAW","FORT TOWSON PUBLIC SCHOOLS INDEPENDENT SCHOOL DISTRICT NO. 002",51201,"FOR OFFICE NO. 1  FORT TOWSON PUBLIC SCHOOLS",,6,6,2,"EDDIE LEE HORTON JR.",,0,4,5,9,CHOCTAW
2/9/2021,"CHOCTAW","FORT TOWSON PUBLIC SCHOOLS INDEPENDENT SCHOOL DISTRICT NO. 002",51201,"FOR OFFICE NO. 1  FORT TOWSON PUBLIC SCHOOLS",,6,6,3,"TULSA DODDS",,0,1,3,4,CHOCTAW
2/9/2021,"CHOCTAW","FORT TOWSON PUBLIC SCHOOLS INDEPENDENT SCHOOL DISTRICT NO. 002",51201,"FOR OFFICE NO. 1  FORT TOWSON PUBLIC SCHOOLS",,6,6,4,"RAYMON L. FENNELL JR",,0,5,31,36,CHOCTAW
2/9/2021,"CLEVELAND","CITY OF MOORE",41401,"FOR COUNCILMEMBER WARD 1  CITY OF MOORE",,7,7,1,"DANIELLE McKENZIE",,41,2,69,112,CLEVELAND
2/9/2021,"CLEVELAND","CITY OF MOORE",41401,"FOR COUNCILMEMBER WARD 1  CITY OF MOORE",,7,7,2,"LINDA K. HOLLAND",,9,3,25,37,CLEVELAND
2/9/2021,"CLEVELAND","CITY OF NORMAN",41404,"FOR COUNCILMEMBER WARD 1  CITY OF NORMAN",,3,3,1,"CHRIS LEWIS",,42,34,420,496,CLEVELAND
2/9/2021,"CLEVELAND","CITY OF NORMAN",41404,"FOR COUNCILMEMBER WARD 1  CITY OF NORMAN",,3,3,2,"BRANDI STUDLEY",,103,41,403,547,CLEVELAND
2/9/2021,"CLEVELAND","CITY OF NORMAN",41404,"FOR COUNCILMEMBER WARD 1  CITY OF NORMAN",,3,3,3,"FINN GUTTERY",,2,2,11,15,CLEVELAND
2/9/2021,"CLEVELAND","CITY OF NORMAN",41405,"FOR COUNCILMEMBER WARD 3  CITY OF NORMAN",,6,6,1,"SAM TALLEY",,187,51,877,1115,CLEVELAND
2/9/2021,"CLEVELAND","CITY OF NORMAN",41405,"FOR COUNCILMEMBER WARD 3  CITY OF NORMAN",,6,6,2,"ALISON A. PETRONE",,498,78,953,1529,CLEVELAND
2/9/2021,"CLEVELAND","CITY OF NORMAN",41405,"FOR COUNCILMEMBER WARD 3  CITY OF NORMAN",,6,6,3,"KELLY LYNN",,100,90,956,1146,CLEVELAND
2/9/2021,"CLEVELAND","CITY OF NORMAN",41406,"FOR COUNCILMEMBER WARD 5  CITY OF NORMAN",,16,16,1,"RARCHAR S. TORTORELLO",,41,103,1125,1269,CLEVELAND
2/9/2021,"CLEVELAND","CITY OF NORMAN",41406,"FOR COUNCILMEMBER WARD 5  CITY OF NORMAN",,16,16,2,"LISA MEYER",,20,4,132,156,CLEVELAND
2/9/2021,"CLEVELAND","CITY OF NORMAN",41406,"FOR COUNCILMEMBER WARD 5  CITY OF NORMAN",,16,16,3,"BILLY DAVISON",,9,5,90,104,CLEVELAND
2/9/2021,"CLEVELAND","CITY OF NORMAN",41406,"FOR COUNCILMEMBER WARD 5  CITY OF NORMAN",,16,16,4,"MICHAEL DAVID NASH",,150,53,719,922,CLEVELAND
2/9/2021,"CLEVELAND","CITY OF NORMAN",41407,"FOR COUNCILMEMBER WARD 7  CITY OF NORMAN",,7,7,1,"MONICA MARSH",,9,16,273,298,CLEVELAND
2/9/2021,"CLEVELAND","CITY OF NORMAN",41407,"FOR COUNCILMEMBER WARD 7  CITY OF NORMAN",,7,7,2,"C. L. JOURDEN",,6,4,40,50,CLEVELAND
2/9/2021,"CLEVELAND","CITY OF NORMAN",41407,"FOR COUNCILMEMBER WARD 7  CITY OF NORMAN",,7,7,3,"STEPHEN TYLER HOLMAN",,26,24,375,425,CLEVELAND
2/9/2021,"CLEVELAND","CITY OF NORMAN",41408,"FOR COUNCILMEMBER WARD 2 (UNEXPIRED TERM)  CITY OF NORMAN",,8,8,1,"EDWARD C. MAGUIRE",,7,1,21,29,CLEVELAND
2/9/2021,"CLEVELAND","CITY OF NORMAN",41408,"FOR COUNCILMEMBER WARD 2 (UNEXPIRED TERM)  CITY OF NORMAN",,8,8,2,"JAY WENDORFF",,46,44,951,1041,CLEVELAND
2/9/2021,"CLEVELAND","CITY OF NORMAN",41408,"FOR COUNCILMEMBER WARD 2 (UNEXPIRED TERM)  CITY OF NORMAN",,8,8,3,"JOHN D. ARGO",,13,3,113,129,CLEVELAND
2/9/2021,"CLEVELAND","CITY OF NORMAN",41408,"FOR COUNCILMEMBER WARD 2 (UNEXPIRED TERM)  CITY OF NORMAN",,8,8,4,"MATT McGARRY",,174,40,1051,1265,CLEVELAND
2/9/2021,"CLEVELAND","CITY OF PURCELL",44403,"PROPOSITION  CITY OF PURCELL",,1,1,1,"FOR THE PROPOSITION - YES",,0,0,0,0,,
2/9/2021,"CLEVELAND","CITY OF PURCELL",44403,"PROPOSITION  CITY OF PURCELL",,1,1,2,"AGAINST THE PROPOSITION - NO",,0,0,0,0,,
2/9/2021,"CLEVELAND","CITY OF OKLAHOMA CITY",45517,"FOR COUNCILMEMBER, WARD 3  CITY OF OKLAHOMA CITY",,1,1,1,"KELLI PAYNE",,4,0,12,16,CLEVELAND
2/9/2021,"CLEVELAND","CITY OF OKLAHOMA CITY",45517,"FOR COUNCILMEMBER, WARD 3  CITY OF OKLAHOMA CITY",,1,1,2,"BARBARA YOUNG",,6,0,21,27,CLEVELAND
2/9/2021,"CLEVELAND","CITY OF OKLAHOMA CITY",45517,"FOR COUNCILMEMBER, WARD 3  CITY OF OKLAHOMA CITY",,1,1,3,"TIM LONG",,5,0,165,170,CLEVELAND
2/9/2021,"CLEVELAND","CITY OF OKLAHOMA CITY",45517,"FOR COUNCILMEMBER, WARD 3  CITY OF OKLAHOMA CITY",,1,1,4,"TREY BISHOP",,0,0,2,2,CLEVELAND
2/9/2021,"CLEVELAND","CITY OF OKLAHOMA CITY",45517,"FOR COUNCILMEMBER, WARD 3  CITY OF OKLAHOMA CITY",,1,1,5,"JESSICA MARTINEZ-BROOKS",,11,0,61,72,CLEVELAND
2/9/2021,"CLEVELAND","CITY OF OKLAHOMA CITY",45517,"FOR COUNCILMEMBER, WARD 3  CITY OF OKLAHOMA CITY",,1,1,6,"ALLEN SWANDA",,2,0,2,4,CLEVELAND
2/9/2021,"CLEVELAND","CITY OF OKLAHOMA CITY",45518,"FOR COUNCILMEMBER, WARD 4  CITY OF OKLAHOMA CITY",,12,12,1,"SAM WARGIN GRIMALDO",,33,0,41,74,CLEVELAND
2/9/2021,"CLEVELAND","CITY OF OKLAHOMA CITY",45518,"FOR COUNCILMEMBER, WARD 4  CITY OF OKLAHOMA CITY",,12,12,2,"TODD STONE",,54,4,269,327,CLEVELAND
2/9/2021,"CLEVELAND","CITY OF OKLAHOMA CITY",45518,"FOR COUNCILMEMBER, WARD 4  CITY OF OKLAHOMA CITY",,12,12,3,"LARRY HOPPER",,11,0,13,24,CLEVELAND
2/9/2021,"COAL","ALLEN PUBLIC SCHOOLS INDEPENDENT SCHOOL DISTRICT NO. 001",56202,"PROPOSITION  ALLEN PUBLIC SCHOOLS",,1,1,1,"FOR THE PROPOSITION - YES",,0,0,0,0,,
2/9/2021,"COAL","ALLEN PUBLIC SCHOOLS INDEPENDENT SCHOOL DISTRICT NO. 001",56202,"PROPOSITION  ALLEN PUBLIC SCHOOLS",,1,1,2,"AGAINST THE PROPOSITION - NO",,0,0,0,0,,
2/9/2021,"COMANCHE","CITY OF LAWTON",41601,"PROPOSITION  CITY OF LAWTON",,28,28,1,"FOR THE PROPOSITION - YES",,97,75,1068,1240,,
2/9/2021,"COMANCHE","CITY OF LAWTON",41601,"PROPOSITION  CITY OF LAWTON",,28,28,2,"AGAINST THE PROPOSITION - NO",,43,27,307,377,,
2/9/2021,"CREEK","DEPEW PUBLIC SCHOOLS INDEPENDENT SCHOOL DISTRICT NO. 021",51902,"PROPOSITION  DEPEW PUBLIC SCHOOLS",,5,5,1,"FOR THE PROPOSITION - YES",,1,1,77,79,,
2/9/2021,"CREEK","DEPEW PUBLIC SCHOOLS INDEPENDENT SCHOOL DISTRICT NO. 021",51902,"PROPOSITION  DEPEW PUBLIC SCHOOLS",,5,5,2,"AGAINST THE PROPOSITION - NO",,0,0,31,31,,
2/9/2021,"CREEK","JENKS PUBLIC SCHOOLS INDEPENDENT SCHOOL DISTRICT NO. 005",57203,"PROPOSITION NO. 1  JENKS PUBLIC SCHOOLS",,2,2,1,"FOR THE PROPOSITION - YES",,1,0,17,18,,
2/9/2021,"CREEK","JENKS PUBLIC SCHOOLS INDEPENDENT SCHOOL DISTRICT NO. 005",57203,"PROPOSITION NO. 1  JENKS PUBLIC SCHOOLS",,2,2,2,"AGAINST THE PROPOSITION - NO",,1,0,1,2,,
2/9/2021,"CREEK","JENKS PUBLIC SCHOOLS INDEPENDENT SCHOOL DISTRICT NO. 005",57204,"PROPOSITION NO. 2  JENKS PUBLIC SCHOOLS",,2,2,1,"FOR THE PROPOSITION - YES",,1,0,16,17,,
2/9/2021,"CREEK","JENKS PUBLIC SCHOOLS INDEPENDENT SCHOOL DISTRICT NO. 005",57204,"PROPOSITION NO. 2  JENKS PUBLIC SCHOOLS",,2,2,2,"AGAINST THE PROPOSITION - NO",,1,0,2,3,,
2/9/2021,"CUSTER","WESTERN TECH CENTER DISTRICT NO. 12",57501,"FOR OFFICE NO. 1  WESTERN TECH CENTER",,12,12,1,"DENNIS H. BAXTER",,12,14,63,89,CUSTER
2/9/2021,"CUSTER","WESTERN TECH CENTER DISTRICT NO. 12",57501,"FOR OFFICE NO. 1  WESTERN TECH CENTER",,12,12,2,"RAY CHALLIS",,8,7,140,155,CUSTER
2/9/2021,"CUSTER","WESTERN TECH CENTER DISTRICT NO. 12",57501,"FOR OFFICE NO. 1  WESTERN TECH CENTER",,12,12,3,"EUGENE JEFFERSON",,8,18,124,150,CUSTER
2/9/2021,"DELAWARE","LEACH PUBLIC SCHOOL ELEMENTARY SCHOOL DISTRICT NO. 014",52102,"PROPOSITION  LEACH PUBLIC SCHOOL",,2,2,1,"FOR THE PROPOSITION - YES",,0,0,35,35,,
2/9/2021,"DELAWARE","LEACH PUBLIC SCHOOL ELEMENTARY SCHOOL DISTRICT NO. 014",52102,"PROPOSITION  LEACH PUBLIC SCHOOL",,2,2,2,"AGAINST THE PROPOSITION - NO",,4,0,60,64,,
2/9/2021,"GARFIELD","CITY OF ENID",42401,"FOR COMMISSIONER WARD 3  CITY OF ENID",,6,6,1,"KEITH A. SIRAGUSA",,12,8,105,125,GARFIELD
2/9/2021,"GARFIELD","CITY OF ENID",42401,"FOR COMMISSIONER WARD 3  CITY OF ENID",,6,6,2,"KENT RORICK",,13,2,55,70,GARFIELD
2/9/2021,"GARFIELD","CITY OF ENID",42402,"FOR COMMISSIONER WARD 4  CITY OF ENID",,6,6,1,"JONATHAN WADDELL",,6,3,27,36,GARFIELD
2/9/2021,"GARFIELD","CITY OF ENID",42402,"FOR COMMISSIONER WARD 4  CITY OF ENID",,6,6,2,"WHITNEY ROBERTS",,4,2,91,97,GARFIELD
2/9/2021,"GARFIELD","CITY OF ENID",42402,"FOR COMMISSIONER WARD 4  CITY OF ENID",,6,6,3,"LOYD C KAUFMAN SR",,4,0,5,9,GARFIELD
2/9/2021,"GARFIELD","CITY OF ENID",42403,"FOR COMMISSIONER WARD 6  CITY OF ENID",,6,6,1,"MICHAEL SHUCK",,23,2,48,73,GARFIELD
2/9/2021,"GARFIELD","CITY OF ENID",42403,"FOR COMMISSIONER WARD 6  CITY OF ENID",,6,6,2,"RYAN E. REDD",,28,13,211,252,GARFIELD
2/9/2021,"GARFIELD","CITY OF ENID",42403,"FOR COMMISSIONER WARD 6  CITY OF ENID",,6,6,3,"SCOTT ORR",,52,22,321,395,GARFIELD
2/9/2021,"GARFIELD","WAUKOMIS PUBLIC SCHOOLS INDEPENDENT SCHOOL DISTRICT NO. 001",52402,"PROPOSITION  WAUKOMIS PUBLIC SCHOOLS",,3,3,1,"FOR THE PROPOSITION - YES",,5,3,181,189,,
2/9/2021,"GARFIELD","WAUKOMIS PUBLIC SCHOOLS INDEPENDENT SCHOOL DISTRICT NO. 001",52402,"PROPOSITION  WAUKOMIS PUBLIC SCHOOLS",,3,3,2,"AGAINST THE PROPOSITION - NO",,1,12,112,125,,
2/9/2021,"GARVIN","LINDSAY PUBLIC SCHOOLS INDEPENDENT SCHOOL DISTRICT NO. 009",52501,"FOR OFFICE NO. 1  LINDSAY PUBLIC SCHOOLS",,4,4,1,"JIM BECKHAM",,3,0,27,30,GARVIN
2/9/2021,"GARVIN","LINDSAY PUBLIC SCHOOLS INDEPENDENT SCHOOL DISTRICT NO. 009",52501,"FOR OFFICE NO. 1  LINDSAY PUBLIC SCHOOLS",,4,4,2,"JULIE MARTIN",,7,0,225,232,GARVIN
2/9/2021,"GARVIN","LINDSAY PUBLIC SCHOOLS INDEPENDENT SCHOOL DISTRICT NO. 009",52501,"FOR OFFICE NO. 1  LINDSAY PUBLIC SCHOOLS",,4,4,3,"LANDON WEBB",,3,0,18,21,GARVIN
2/9/2021,"GRADY","LINDSAY PUBLIC SCHOOLS INDEPENDENT SCHOOL DISTRICT NO. 009",52501,"FOR OFFICE NO. 1  LINDSAY PUBLIC SCHOOLS",,2,2,1,"JIM BECKHAM",,0,0,0,0,GRADY
2/9/2021,"GRADY","LINDSAY PUBLIC SCHOOLS INDEPENDENT SCHOOL DISTRICT NO. 009",52501,"FOR OFFICE NO. 1  LINDSAY PUBLIC SCHOOLS",,2,2,2,"JULIE MARTIN",,0,0,7,7,GRADY
2/9/2021,"GRADY","LINDSAY PUBLIC SCHOOLS INDEPENDENT SCHOOL DISTRICT NO. 009",52501,"FOR OFFICE NO. 1  LINDSAY PUBLIC SCHOOLS",,2,2,3,"LANDON WEBB",,0,0,0,0,GRADY
2/9/2021,"GRADY","CHICKASHA PUBLIC SCHOOLS INDEPENDENT SCHOOL DISTRICT NO. 001",52601,"PROPOSITION NO. 1  CHICKASHA PUBLIC SCHOOLS",,12,12,1,"FOR THE PROPOSITION - YES",,11,50,480,541,,
2/9/2021,"GRADY","CHICKASHA PUBLIC SCHOOLS INDEPENDENT SCHOOL DISTRICT NO. 001",52601,"PROPOSITION NO. 1  CHICKASHA PUBLIC SCHOOLS",,12,12,2,"AGAINST THE PROPOSITION - NO",,2,19,226,247,,
2/9/2021,"GRADY","CHICKASHA PUBLIC SCHOOLS INDEPENDENT SCHOOL DISTRICT NO. 001",52602,"PROPOSITION NO. 2  CHICKASHA PUBLIC SCHOOLS",,12,12,1,"FOR THE PROPOSITION - YES",,12,51,487,550,,
2/9/2021,"GRADY","CHICKASHA PUBLIC SCHOOLS INDEPENDENT SCHOOL DISTRICT NO. 001",52602,"PROPOSITION NO. 2  CHICKASHA PUBLIC SCHOOLS",,12,12,2,"AGAINST THE PROPOSITION - NO",,1,18,230,249,,
2/9/2021,"GREER","WESTERN TECH CENTER DISTRICT NO. 12",57501,"FOR OFFICE NO. 1  WESTERN TECH CENTER",,3,3,1,"DENNIS H. BAXTER",,0,0,0,0,GREER
2/9/2021,"GREER","WESTERN TECH CENTER DISTRICT NO. 12",57501,"FOR OFFICE NO. 1  WESTERN TECH CENTER",,3,3,2,"RAY CHALLIS",,0,0,0,0,GREER
2/9/2021,"GREER","WESTERN TECH CENTER DISTRICT NO. 12",57501,"FOR OFFICE NO. 1  WESTERN TECH CENTER",,3,3,3,"EUGENE JEFFERSON",,0,0,0,0,GREER
2/9/2021,"HASKELL","QUINTON PUBLIC SCHOOLS INDEPENDENT SCHOOL DISTRICT NO. 017",56106,"PROPOSITION  QUINTON PUBLIC SCHOOLS",,1,1,1,"FOR THE PROPOSITION - YES",,2,0,14,16,,
2/9/2021,"HASKELL","QUINTON PUBLIC SCHOOLS INDEPENDENT SCHOOL DISTRICT NO. 017",56106,"PROPOSITION  QUINTON PUBLIC SCHOOLS",,1,1,2,"AGAINST THE PROPOSITION - NO",,0,0,14,14,,
2/9/2021,"HUGHES","WELEETKA PUBLIC SCHOOLS INDEPENDENT SCHOOL DISTRICT NO. 031",55402,"PROPOSITION  WELEETKA PUBLIC SCHOOLS",,1,1,1,"FOR THE PROPOSITION - YES",,2,0,0,2,,
2/9/2021,"HUGHES","WELEETKA PUBLIC SCHOOLS INDEPENDENT SCHOOL DISTRICT NO. 031",55402,"PROPOSITION  WELEETKA PUBLIC SCHOOLS",,1,1,2,"AGAINST THE PROPOSITION - NO",,0,0,0,0,,
2/9/2021,"HUGHES","ALLEN PUBLIC SCHOOLS INDEPENDENT SCHOOL DISTRICT NO. 001",56202,"PROPOSITION  ALLEN PUBLIC SCHOOLS",,3,3,1,"FOR THE PROPOSITION - YES",,0,0,46,46,,
2/9/2021,"HUGHES","ALLEN PUBLIC SCHOOLS INDEPENDENT SCHOOL DISTRICT NO. 001",56202,"PROPOSITION  ALLEN PUBLIC SCHOOLS",,3,3,2,"AGAINST THE PROPOSITION - NO",,0,0,14,14,,
2/9/2021,"JACKSON","CITY OF ALTUS",43301,"FOR COUNCILMEMBER, WARD NO. 1  CITY OF ALTUS",,4,4,1,"MICHAEL GROSS",,0,2,7,9,JACKSON
2/9/2021,"JACKSON","CITY OF ALTUS",43301,"FOR COUNCILMEMBER, WARD NO. 1  CITY OF ALTUS",,4,4,2,"ARVELLA WALL",,3,9,27,39,JACKSON
2/9/2021,"JACKSON","CITY OF ALTUS",43301,"FOR COUNCILMEMBER, WARD NO. 1  CITY OF ALTUS",,4,4,3,"JOHN WOMACK",,5,4,46,55,JACKSON
2/9/2021,"JACKSON","CITY OF ALTUS",43302,"FOR COUNCILMEMBER, WARD NO. 2  CITY OF ALTUS",,4,4,1,"JON KIDWELL",,5,5,26,36,JACKSON
2/9/2021,"JACKSON","CITY OF ALTUS",43302,"FOR COUNCILMEMBER, WARD NO. 2  CITY OF ALTUS",,4,4,2,"MATTHEW J. RESTER",,8,6,93,107,JACKSON
2/9/2021,"JACKSON","CITY OF ALTUS",43302,"FOR COUNCILMEMBER, WARD NO. 2  CITY OF ALTUS",,4,4,3,"JEREMY BAILEY",,4,12,29,45,JACKSON
2/9/2021,"JACKSON","CITY OF ALTUS",43303,"FOR COUNCILMEMBER, WARD NO. 3  CITY OF ALTUS",,3,3,1,"TERRENCE FILER",,1,9,44,54,JACKSON
2/9/2021,"JACKSON","CITY OF ALTUS",43303,"FOR COUNCILMEMBER, WARD NO. 3  CITY OF ALTUS",,3,3,2,"CRYSTAL RICHARDSON",,5,4,34,43,JACKSON
2/9/2021,"JACKSON","TOWN OF EAST DUKE",43306,"PROPOSITION  TOWN OF EAST DUKE",,1,1,1,"FOR THE PROPOSITION - YES",,0,1,77,78,,
2/9/2021,"JACKSON","TOWN OF EAST DUKE",43306,"PROPOSITION  TOWN OF EAST DUKE",,1,1,2,"AGAINST THE PROPOSITION - NO",,0,0,15,15,,
2/9/2021,"JEFFERSON","RINGLING PUBLIC SCHOOLS INDEPENDENT SCHOOL DISTRICT NO. 014",53402,"PROPOSITION  RINGLING PUBLIC SCHOOLS",,5,5,1,"FOR THE PROPOSITION - YES",,4,0,119,123,,
2/9/2021,"JEFFERSON","RINGLING PUBLIC SCHOOLS INDEPENDENT SCHOOL DISTRICT NO. 014",53402,"PROPOSITION  RINGLING PUBLIC SCHOOLS",,5,5,2,"AGAINST THE PROPOSITION - NO",,3,2,37,42,,
2/9/2021,"JOHNSTON","TOWN OF WAPANUCKA",43501,"PROPOSITION  TOWN OF WAPANUCKA",,1,1,1,"FOR THE PROPOSITION - YES",,0,0,33,33,,
2/9/2021,"JOHNSTON","TOWN OF WAPANUCKA",43501,"PROPOSITION  TOWN OF WAPANUCKA",,1,1,2,"AGAINST THE PROPOSITION - NO",,0,0,0,0,,
2/9/2021,"KAY","CITY OF BLACKWELL",43602,"FOR COUNCILOR WARD 3  CITY OF BLACKWELL",,3,3,1,"ROBERT E. HUSTED",,5,8,241,254,KAY
2/9/2021,"KAY","CITY OF BLACKWELL",43602,"FOR COUNCILOR WARD 3  CITY OF BLACKWELL",,3,3,2,"JOSH GILLMAN",,0,2,14,16,KAY
2/9/2021,"KAY","CITY OF BLACKWELL",43602,"FOR COUNCILOR WARD 3  CITY OF BLACKWELL",,3,3,3,"DIANE SPRY",,4,4,34,42,KAY
2/9/2021,"KAY","CITY OF BLACKWELL",43602,"FOR COUNCILOR WARD 3  CITY OF BLACKWELL",,3,3,4,"PHILLIP LOGAN",,1,0,47,48,KAY
2/9/2021,"KAY","CITY OF PONCA CITY",43605,"FOR COMMISSIONER NO. 4  CITY OF PONCA CITY",,14,14,1,"ROBERT BODICK",,6,21,643,670,KAY
2/9/2021,"KAY","CITY OF PONCA CITY",43605,"FOR COMMISSIONER NO. 4  CITY OF PONCA CITY",,14,14,2,"TERRON LILES",,21,11,510,542,KAY
2/9/2021,"KIOWA","TOWN OF GOTEBO",43801,"PROPOSITION NO. 1  TOWN OF GOTEBO",,1,1,1,"FOR THE PROPOSITION - YES",,0,0,12,12,,
2/9/2021,"KIOWA","TOWN OF GOTEBO",43801,"PROPOSITION NO. 1  TOWN OF GOTEBO",,1,1,2,"AGAINST THE PROPOSITION - NO",,0,0,18,18,,
2/9/2021,"KIOWA","TOWN OF GOTEBO",43802,"PROPOSITION NO. 2  TOWN OF GOTEBO",,1,1,1,"FOR THE PROPOSITION - YES",,0,0,12,12,,
2/9/2021,"KIOWA","TOWN OF GOTEBO",43802,"PROPOSITION NO. 2  TOWN OF GOTEBO",,1,1,2,"AGAINST THE PROPOSITION - NO",,0,0,18,18,,
2/9/2021,"KIOWA","WESTERN TECH CENTER DISTRICT NO. 12",57501,"FOR OFFICE NO. 1  WESTERN TECH CENTER",,9,9,1,"DENNIS H. BAXTER",,0,1,12,13,KIOWA
2/9/2021,"KIOWA","WESTERN TECH CENTER DISTRICT NO. 12",57501,"FOR OFFICE NO. 1  WESTERN TECH CENTER",,9,9,2,"RAY CHALLIS",,0,0,7,7,KIOWA
2/9/2021,"KIOWA","WESTERN TECH CENTER DISTRICT NO. 12",57501,"FOR OFFICE NO. 1  WESTERN TECH CENTER",,9,9,3,"EUGENE JEFFERSON",,0,0,1,1,KIOWA
2/9/2021,"LEFLORE","HOWE PUBLIC SCHOOLS INDEPENDENT SCHOOL DISTRICT NO. 067",54002,"PROPOSITION  HOWE PUBLIC SCHOOLS",,4,4,1,"FOR THE PROPOSITION - YES",,0,0,61,61,,
2/9/2021,"LEFLORE","HOWE PUBLIC SCHOOLS INDEPENDENT SCHOOL DISTRICT NO. 067",54002,"PROPOSITION  HOWE PUBLIC SCHOOLS",,4,4,2,"AGAINST THE PROPOSITION - NO",,0,0,23,23,,
2/9/2021,"LOGAN","CITY OF GUTHRIE",44204,"FOR COUNCILMEMBER WARD 3  CITY OF GUTHRIE",,4,4,1,"FRANKLIN DANLEY",,1,1,3,5,LOGAN
2/9/2021,"LOGAN","CITY OF GUTHRIE",44204,"FOR COUNCILMEMBER WARD 3  CITY OF GUTHRIE",,4,4,2,"TRACY WILLIAMS",,2,5,57,64,LOGAN
2/9/2021,"LOGAN","CITY OF GUTHRIE",44204,"FOR COUNCILMEMBER WARD 3  CITY OF GUTHRIE",,4,4,3,"SHARYL PADGETT",,3,2,5,10,LOGAN
2/9/2021,"LOGAN","CITY OF GUTHRIE",44204,"FOR COUNCILMEMBER WARD 3  CITY OF GUTHRIE",,4,4,4,"DANNY SMITH",,3,6,21,30,LOGAN
2/9/2021,"LOGAN","CITY OF GUTHRIE",44204,"FOR COUNCILMEMBER WARD 3  CITY OF GUTHRIE",,4,4,5,"JESSE MORRIS",,0,0,4,4,LOGAN
2/9/2021,"LOGAN","EDMOND PUBLIC SCHOOLS INDEPENDENT SCHOOL DISTRICT NO. 012",55503,"FOR OFFICE NO. 1  EDMOND PUBLIC SCHOOLS",,2,2,1,"JEROD KERSEY",,0,0,0,0,LOGAN
2/9/2021,"LOGAN","EDMOND PUBLIC SCHOOLS INDEPENDENT SCHOOL DISTRICT NO. 012",55503,"FOR OFFICE NO. 1  EDMOND PUBLIC SCHOOLS",,2,2,2,"LEE ANN KUHLMAN",,0,0,5,5,LOGAN
2/9/2021,"LOGAN","EDMOND PUBLIC SCHOOLS INDEPENDENT SCHOOL DISTRICT NO. 012",55503,"FOR OFFICE NO. 1  EDMOND PUBLIC SCHOOLS",,2,2,3,"LATARSHA L. HODGES",,1,0,5,6,LOGAN
2/9/2021,"LOGAN","EDMOND PUBLIC SCHOOLS INDEPENDENT SCHOOL DISTRICT NO. 012",55503,"FOR OFFICE NO. 1  EDMOND PUBLIC SCHOOLS",,2,2,4,"CHARLES WOODHAM",,0,0,2,2,LOGAN
2/9/2021,"LOGAN","EDMOND PUBLIC SCHOOLS INDEPENDENT SCHOOL DISTRICT NO. 012",55503,"FOR OFFICE NO. 1  EDMOND PUBLIC SCHOOLS",,2,2,5,"MARGARET BEST",,0,0,24,24,LOGAN
2/9/2021,"LOVE","WILSON PUBLIC SCHOOLS INDEPENDENT SCHOOL DISTRICT NO. 043",51002,"PROPOSITION  WILSON PUBLIC SCHOOLS",,3,3,1,"FOR THE PROPOSITION - YES",,3,0,0,3,,
2/9/2021,"LOVE","WILSON PUBLIC SCHOOLS INDEPENDENT SCHOOL DISTRICT NO. 043",51002,"PROPOSITION  WILSON PUBLIC SCHOOLS",,3,3,2,"AGAINST THE PROPOSITION - NO",,0,0,0,0,,
2/9/2021,"LOVE","RINGLING PUBLIC SCHOOLS INDEPENDENT SCHOOL DISTRICT NO. 014",53402,"PROPOSITION  RINGLING PUBLIC SCHOOLS",,2,2,1,"FOR THE PROPOSITION - YES",,2,1,12,15,,
2/9/2021,"LOVE","RINGLING PUBLIC SCHOOLS INDEPENDENT SCHOOL DISTRICT NO. 014",53402,"PROPOSITION  RINGLING PUBLIC SCHOOLS",,2,2,2,"AGAINST THE PROPOSITION - NO",,0,0,3,3,,
2/9/2021,"LOVE","MARIETTA PUBLIC SCHOOLS INDEPENDENT SCHOOL DISTRICT NO. 016",54301,"FOR OFFICE NO. 1  MARIETTA PUBLIC SCHOOLS",,5,5,1,"TOMMY VINSON",,1,0,14,15,LOVE
2/9/2021,"LOVE","MARIETTA PUBLIC SCHOOLS INDEPENDENT SCHOOL DISTRICT NO. 016",54301,"FOR OFFICE NO. 1  MARIETTA PUBLIC SCHOOLS",,5,5,2,"DENICE HALSTIED",,5,11,49,65,LOVE
2/9/2021,"LOVE","MARIETTA PUBLIC SCHOOLS INDEPENDENT SCHOOL DISTRICT NO. 016",54301,"FOR OFFICE NO. 1  MARIETTA PUBLIC SCHOOLS",,5,5,3,"CONNIE BARKER",,5,6,36,47,LOVE
2/9/2021,"MCCLAIN","CITY OF PURCELL",44403,"PROPOSITION  CITY OF PURCELL",,9,9,1,"FOR THE PROPOSITION - YES",,27,26,150,203,,
2/9/2021,"MCCLAIN","CITY OF PURCELL",44403,"PROPOSITION  CITY OF PURCELL",,9,9,2,"AGAINST THE PROPOSITION - NO",,11,11,81,103,,
2/9/2021,"MCCLAIN","LINDSAY PUBLIC SCHOOLS INDEPENDENT SCHOOL DISTRICT NO. 009",52501,"FOR OFFICE NO. 1  LINDSAY PUBLIC SCHOOLS",,3,3,1,"JIM BECKHAM",,1,0,1,2,MCCLAIN
2/9/2021,"MCCLAIN","LINDSAY PUBLIC SCHOOLS INDEPENDENT SCHOOL DISTRICT NO. 009",52501,"FOR OFFICE NO. 1  LINDSAY PUBLIC SCHOOLS",,3,3,2,"JULIE MARTIN",,5,0,51,56,MCCLAIN
2/9/2021,"MCCLAIN","LINDSAY PUBLIC SCHOOLS INDEPENDENT SCHOOL DISTRICT NO. 009",52501,"FOR OFFICE NO. 1  LINDSAY PUBLIC SCHOOLS",,3,3,3,"LANDON WEBB",,0,0,7,7,MCCLAIN
2/9/2021,"MCCURTAIN","CITY OF BROKEN BOW",44501,"PROPOSITION  CITY OF BROKEN BOW",,5,5,1,"FOR THE PROPOSITION - YES",,11,2,92,105,,
2/9/2021,"MCCURTAIN","CITY OF BROKEN BOW",44501,"PROPOSITION  CITY OF BROKEN BOW",,5,5,2,"AGAINST THE PROPOSITION - NO",,1,0,0,1,,
2/9/2021,"MAYES","CITY OF PRYOR CREEK",44904,"FOR COUNCILMEMBER WARD 4  CITY OF PRYOR CREEK",,2,2,1,"YOLANDA THOMPSON",,7,4,47,58,MAYES
2/9/2021,"MAYES","CITY OF PRYOR CREEK",44904,"FOR COUNCILMEMBER WARD 4  CITY OF PRYOR CREEK",,2,2,2,"CHRISTOPHER GONTHIER",,2,2,24,28,MAYES
2/9/2021,"NOBLE","STILLWATER PUBLIC SCHOOLS INDEPENDENT SCHOOL DISTRICT NO. 016",56002,"FOR OFFICE NO. 5 (UNEXPIRED TERM)  STILLWATER PUBLIC SCHOOLS",,1,1,1,"MARSHALL BAKER",,0,0,0,0,NOBLE
2/9/2021,"NOBLE","STILLWATER PUBLIC SCHOOLS INDEPENDENT SCHOOL DISTRICT NO. 016",56002,"FOR OFFICE NO. 5 (UNEXPIRED TERM)  STILLWATER PUBLIC SCHOOLS",,1,1,2,"STEVE HALLGREN",,0,0,1,1,NOBLE
2/9/2021,"NOBLE","STILLWATER PUBLIC SCHOOLS INDEPENDENT SCHOOL DISTRICT NO. 016",56002,"FOR OFFICE NO. 5 (UNEXPIRED TERM)  STILLWATER PUBLIC SCHOOLS",,1,1,3,"JEANETTE A. BURKHART",,0,0,0,0,NOBLE
2/9/2021,"NOWATA","NOWATA PUBLIC SCHOOLS INDEPENDENT SCHOOL DISTRICT NO. 040",55301,"FOR OFFICE NO. 1  NOWATA PUBLIC SCHOOLS",,7,7,1,"DEE ARMSTRONG",,15,33,71,119,NOWATA
2/9/2021,"NOWATA","NOWATA PUBLIC SCHOOLS INDEPENDENT SCHOOL DISTRICT NO. 040",55301,"FOR OFFICE NO. 1  NOWATA PUBLIC SCHOOLS",,7,7,2,"TAMARA TAMMY MADDUX",,8,16,36,60,NOWATA
2/9/2021,"NOWATA","NOWATA PUBLIC SCHOOLS INDEPENDENT SCHOOL DISTRICT NO. 040",55301,"FOR OFFICE NO. 1  NOWATA PUBLIC SCHOOLS",,7,7,3,"RONALD CRUPPER",,3,1,4,8,NOWATA
2/9/2021,"OKFUSKEE","WELEETKA PUBLIC SCHOOLS INDEPENDENT SCHOOL DISTRICT NO. 031",55402,"PROPOSITION  WELEETKA PUBLIC SCHOOLS",,3,3,1,"FOR THE PROPOSITION - YES",,3,2,52,57,,
2/9/2021,"OKFUSKEE","WELEETKA PUBLIC SCHOOLS INDEPENDENT SCHOOL DISTRICT NO. 031",55402,"PROPOSITION  WELEETKA PUBLIC SCHOOLS",,3,3,2,"AGAINST THE PROPOSITION - NO",,1,0,14,15,,
2/9/2021,"OKLAHOMA","OKLAHOMA COUNTY",11003,"FOR STATE SENATOR DISTRICT 22 (UNEXPIRED TERM)",REP,14,14,1,"KERI SHIPLEY",REP,83,11,802,896,,
2/9/2021,"OKLAHOMA","OKLAHOMA COUNTY",11003,"FOR STATE SENATOR DISTRICT 22 (UNEXPIRED TERM)",REP,14,14,2,"JAKE A. MERRICK",REP,54,16,998,1068,,
2/9/2021,"OKLAHOMA","OKLAHOMA COUNTY",13003,"FOR STATE SENATOR DISTRICT 22 (UNEXPIRED TERM)",DEM,14,14,1,"MOLLY OOTEN",DEM,143,6,487,636,,
2/9/2021,"OKLAHOMA","OKLAHOMA COUNTY",13003,"FOR STATE SENATOR DISTRICT 22 (UNEXPIRED TERM)",DEM,14,14,2,"DYLAN BILLINGS",DEM,68,3,132,203,,
2/9/2021,"OKLAHOMA","CITY OF BETHANY",45501,"FOR MAYOR  CITY OF BETHANY",,11,11,1,"K.P. WESTMORELAND",,18,12,387,417,OKLAHOMA
2/9/2021,"OKLAHOMA","CITY OF BETHANY",45501,"FOR MAYOR  CITY OF BETHANY",,11,11,2,"NIKKI PHIPPS",,81,20,1079,1180,OKLAHOMA
2/9/2021,"OKLAHOMA","CITY OF BETHANY",45502,"FOR COUNCILMEMBER, WARD 1  CITY OF BETHANY",,4,4,1,"GREG SHIREY",,8,2,66,76,OKLAHOMA
2/9/2021,"OKLAHOMA","CITY OF BETHANY",45502,"FOR COUNCILMEMBER, WARD 1  CITY OF BETHANY",,4,4,2,"CHRIS POWELL",,15,5,225,245,OKLAHOMA
2/9/2021,"OKLAHOMA","CITY OF BETHANY",45504,"FOR COUNCILMEMBER, WARD 3  CITY OF BETHANY",,4,4,1,"MARILYN McPHAIL",,41,7,382,430,OKLAHOMA
2/9/2021,"OKLAHOMA","CITY OF BETHANY",45504,"FOR COUNCILMEMBER, WARD 3  CITY OF BETHANY",,4,4,2,"TOM EDWARDS",,8,0,177,185,OKLAHOMA
2/9/2021,"OKLAHOMA","CITY OF DEL CITY",45508,"FOR COUNCILPERSON, WARD 4  CITY OF DEL CITY",,2,2,1,"KYLE G. GANDY",,11,1,89,101,OKLAHOMA
2/9/2021,"OKLAHOMA","CITY OF DEL CITY",45508,"FOR COUNCILPERSON, WARD 4  CITY OF DEL CITY",,2,2,2,"LAUREN RODEBUSH",,1,1,31,33,OKLAHOMA
2/9/2021,"OKLAHOMA","CITY OF EDMOND",45510,"FOR COUNCIL MEMBER, WARD 3  CITY OF EDMOND",,10,10,1,"CODY BOYD",,58,0,316,374,OKLAHOMA
2/9/2021,"OKLAHOMA","CITY OF EDMOND",45510,"FOR COUNCIL MEMBER, WARD 3  CITY OF EDMOND",,10,10,2,"CHRISTIN MUGG",,106,1,415,522,OKLAHOMA
2/9/2021,"OKLAHOMA","CITY OF EDMOND",45510,"FOR COUNCIL MEMBER, WARD 3  CITY OF EDMOND",,10,10,3,"SHERYL JANIS",,28,9,718,755,OKLAHOMA
2/9/2021,"OKLAHOMA","CITY OF EDMOND",45511,"FOR COUNCIL MEMBER, WARD 4  CITY OF EDMOND",,8,8,1,"RYAN DAHLE",,4,0,42,46,OKLAHOMA
2/9/2021,"OKLAHOMA","CITY OF EDMOND",45511,"FOR COUNCIL MEMBER, WARD 4  CITY OF EDMOND",,8,8,2,"DAVID MILLER",,103,8,292,403,OKLAHOMA
2/9/2021,"OKLAHOMA","CITY OF EDMOND",45511,"FOR COUNCIL MEMBER, WARD 4  CITY OF EDMOND",,8,8,3,"STACIE PETERSON",,61,8,571,640,OKLAHOMA
2/9/2021,"OKLAHOMA","CITY OF EDMOND",45511,"FOR COUNCIL MEMBER, WARD 4  CITY OF EDMOND",,8,8,4,"MICHAEL BUOY",,19,1,287,307,OKLAHOMA
2/9/2021,"OKLAHOMA","CITY OF NICOMA PARK",45512,"FOR MAYOR  CITY OF NICOMA PARK",,3,3,1,"MARK COCHELL",,1,0,180,181,OKLAHOMA
2/9/2021,"OKLAHOMA","CITY OF NICOMA PARK",45512,"FOR MAYOR  CITY OF NICOMA PARK",,3,3,2,"BRIAN FOUGHTY",,0,0,85,85,OKLAHOMA
2/9/2021,"OKLAHOMA","CITY OF NICOMA PARK",45513,"FOR COUNCILMEMBER, WARD 1  CITY OF NICOMA PARK",,1,1,1,"DON WALLACE",,1,0,22,23,OKLAHOMA
2/9/2021,"OKLAHOMA","CITY OF NICOMA PARK",45513,"FOR COUNCILMEMBER, WARD 1  CITY OF NICOMA PARK",,1,1,2,"BRECK SWIGART",,0,0,40,40,OKLAHOMA
2/9/2021,"OKLAHOMA","CITY OF OKLAHOMA CITY",45516,"FOR COUNCILMEMBER, WARD 1  CITY OF OKLAHOMA CITY",,26,26,1,"JAY SHERRILL",,53,5,302,360,OKLAHOMA
2/9/2021,"OKLAHOMA","CITY OF OKLAHOMA CITY",45516,"FOR COUNCILMEMBER, WARD 1  CITY OF OKLAHOMA CITY",,26,26,2,"SUSAN KAY PARISI",,10,0,50,60,OKLAHOMA
2/9/2021,"OKLAHOMA","CITY OF OKLAHOMA CITY",45516,"FOR COUNCILMEMBER, WARD 1  CITY OF OKLAHOMA CITY",,26,26,3,"SHAY VARNELL",,68,6,502,576,OKLAHOMA
2/9/2021,"OKLAHOMA","CITY OF OKLAHOMA CITY",45516,"FOR COUNCILMEMBER, WARD 1  CITY OF OKLAHOMA CITY",,26,26,4,"BRADLEY CARTER",,19,14,443,476,OKLAHOMA
2/9/2021,"OKLAHOMA","CITY OF OKLAHOMA CITY",45516,"FOR COUNCILMEMBER, WARD 1  CITY OF OKLAHOMA CITY",,26,26,5,"MEGAN SCOTT",,96,8,235,339,OKLAHOMA
2/9/2021,"OKLAHOMA","CITY OF OKLAHOMA CITY",45516,"FOR COUNCILMEMBER, WARD 1  CITY OF OKLAHOMA CITY",,26,26,6,"JOSHUA W. DEBOLT",,5,2,41,48,OKLAHOMA
2/9/2021,"OKLAHOMA","CITY OF OKLAHOMA CITY",45516,"FOR COUNCILMEMBER, WARD 1  CITY OF OKLAHOMA CITY",,26,26,7,"RICHARD THOMAS BUCHANAN",,7,0,94,101,OKLAHOMA
2/9/2021,"OKLAHOMA","CITY OF OKLAHOMA CITY",45516,"FOR COUNCILMEMBER, WARD 1  CITY OF OKLAHOMA CITY",,26,26,8,"NANA ABRAM DANKWA",,79,12,443,534,OKLAHOMA
2/9/2021,"OKLAHOMA","CITY OF OKLAHOMA CITY",45516,"FOR COUNCILMEMBER, WARD 1  CITY OF OKLAHOMA CITY",,26,26,9,"BILL FLEMING",,10,3,90,103,OKLAHOMA
2/9/2021,"OKLAHOMA","CITY OF OKLAHOMA CITY",45517,"FOR COUNCILMEMBER, WARD 3  CITY OF OKLAHOMA CITY",,19,19,1,"KELLI PAYNE",,3,1,111,115,OKLAHOMA
2/9/2021,"OKLAHOMA","CITY OF OKLAHOMA CITY",45517,"FOR COUNCILMEMBER, WARD 3  CITY OF OKLAHOMA CITY",,19,19,2,"BARBARA YOUNG",,32,1,264,297,OKLAHOMA
2/9/2021,"OKLAHOMA","CITY OF OKLAHOMA CITY",45517,"FOR COUNCILMEMBER, WARD 3  CITY OF OKLAHOMA CITY",,19,19,3,"TIM LONG",,4,1,158,163,OKLAHOMA
2/9/2021,"OKLAHOMA","CITY OF OKLAHOMA CITY",45517,"FOR COUNCILMEMBER, WARD 3  CITY OF OKLAHOMA CITY",,19,19,4,"TREY BISHOP",,4,0,20,24,OKLAHOMA
2/9/2021,"OKLAHOMA","CITY OF OKLAHOMA CITY",45517,"FOR COUNCILMEMBER, WARD 3  CITY OF OKLAHOMA CITY",,19,19,5,"JESSICA MARTINEZ-BROOKS",,70,4,325,399,OKLAHOMA
2/9/2021,"OKLAHOMA","CITY OF OKLAHOMA CITY",45517,"FOR COUNCILMEMBER, WARD 3  CITY OF OKLAHOMA CITY",,19,19,6,"ALLEN SWANDA",,7,0,30,37,OKLAHOMA
2/9/2021,"OKLAHOMA","CITY OF OKLAHOMA CITY",45518,"FOR COUNCILMEMBER, WARD 4  CITY OF OKLAHOMA CITY",,24,24,1,"SAM WARGIN GRIMALDO",,73,8,275,356,OKLAHOMA
2/9/2021,"OKLAHOMA","CITY OF OKLAHOMA CITY",45518,"FOR COUNCILMEMBER, WARD 4  CITY OF OKLAHOMA CITY",,24,24,2,"TODD STONE",,98,5,645,748,OKLAHOMA
2/9/2021,"OKLAHOMA","CITY OF OKLAHOMA CITY",45518,"FOR COUNCILMEMBER, WARD 4  CITY OF OKLAHOMA CITY",,24,24,3,"LARRY HOPPER",,30,4,109,143,OKLAHOMA
2/9/2021,"OKLAHOMA","CITY OF WARR ACRES",45520,"FOR MAYOR  CITY OF WARR ACRES",,10,10,1,"JAMES MICKLEY",,25,2,236,263,OKLAHOMA
2/9/2021,"OKLAHOMA","CITY OF WARR ACRES",45520,"FOR MAYOR  CITY OF WARR ACRES",,10,10,2,"BOB WEHBA",,6,5,172,183,OKLAHOMA
2/9/2021,"OKLAHOMA","CITY OF WARR ACRES",45524,"FOR COUNCILMAN, WARD 4  CITY OF WARR ACRES",,3,3,1,"DERRICK PLUMBTREE",,3,1,15,19,OKLAHOMA
2/9/2021,"OKLAHOMA","CITY OF WARR ACRES",45524,"FOR COUNCILMAN, WARD 4  CITY OF WARR ACRES",,3,3,2,"WILLIAM TUCKER",,3,3,40,46,OKLAHOMA
2/9/2021,"OKLAHOMA","CRUTCHO PUBLIC SCHOOLS ELEMENTARY SCHOOL DISTRICT NO. 074",55502,"PROPOSITION  CRUTCHO PUBLIC SCHOOLS",,7,7,1,"FOR THE PROPOSITION - YES",,0,0,15,15,,
2/9/2021,"OKLAHOMA","CRUTCHO PUBLIC SCHOOLS ELEMENTARY SCHOOL DISTRICT NO. 074",55502,"PROPOSITION  CRUTCHO PUBLIC SCHOOLS",,7,7,2,"AGAINST THE PROPOSITION - NO",,0,0,1,1,,
2/9/2021,"OKLAHOMA","EDMOND PUBLIC SCHOOLS INDEPENDENT SCHOOL DISTRICT NO. 012",55503,"FOR OFFICE NO. 1  EDMOND PUBLIC SCHOOLS",,14,14,1,"JEROD KERSEY",,7,0,19,26,OKLAHOMA
2/9/2021,"OKLAHOMA","EDMOND PUBLIC SCHOOLS INDEPENDENT SCHOOL DISTRICT NO. 012",55503,"FOR OFFICE NO. 1  EDMOND PUBLIC SCHOOLS",,14,14,2,"LEE ANN KUHLMAN",,130,2,477,609,OKLAHOMA
2/9/2021,"OKLAHOMA","EDMOND PUBLIC SCHOOLS INDEPENDENT SCHOOL DISTRICT NO. 012",55503,"FOR OFFICE NO. 1  EDMOND PUBLIC SCHOOLS",,14,14,3,"LATARSHA L. HODGES",,46,2,435,483,OKLAHOMA
2/9/2021,"OKLAHOMA","EDMOND PUBLIC SCHOOLS INDEPENDENT SCHOOL DISTRICT NO. 012",55503,"FOR OFFICE NO. 1  EDMOND PUBLIC SCHOOLS",,14,14,4,"CHARLES WOODHAM",,42,0,301,343,OKLAHOMA
2/9/2021,"OKLAHOMA","EDMOND PUBLIC SCHOOLS INDEPENDENT SCHOOL DISTRICT NO. 012",55503,"FOR OFFICE NO. 1  EDMOND PUBLIC SCHOOLS",,14,14,5,"MARGARET BEST",,31,14,708,753,OKLAHOMA
2/9/2021,"OKLAHOMA","OKLAHOMA CITY PUBLIC SCHOOLS INDEPENDENT SCHOOL DISTRICT NO. 089",55504,"FOR BOARD CHAIRPERSON  OKLAHOMA CITY PUBLIC SCHOOLS",,126,126,1,"CHARLES HENRY",,165,108,1973,2246,OKLAHOMA
2/9/2021,"OKLAHOMA","OKLAHOMA CITY PUBLIC SCHOOLS INDEPENDENT SCHOOL DISTRICT NO. 089",55504,"FOR BOARD CHAIRPERSON  OKLAHOMA CITY PUBLIC SCHOOLS",,126,126,2,"WILFREDO SANTOS RIVERA",,53,6,319,378,OKLAHOMA
2/9/2021,"OKLAHOMA","OKLAHOMA CITY PUBLIC SCHOOLS INDEPENDENT SCHOOL DISTRICT NO. 089",55504,"FOR BOARD CHAIRPERSON  OKLAHOMA CITY PUBLIC SCHOOLS",,126,126,3,"PAULA M LEWIS",,346,60,1636,2042,OKLAHOMA
2/9/2021,"OKLAHOMA","PUTNAM CITY PUBLIC SCHOOLS INDEPENDENT SCHOOL DISTRICT NO. 001",55509,"FOR OFFICE NO. 3 (UNEXPIRED TERM)  PUTNAM CITY PUBLIC SCHOOLS",,9,9,1,"PHILLIP P. OWENS II",,19,2,126,147,OKLAHOMA
2/9/2021,"OKLAHOMA","PUTNAM CITY PUBLIC SCHOOLS INDEPENDENT SCHOOL DISTRICT NO. 001",55509,"FOR OFFICE NO. 3 (UNEXPIRED TERM)  PUTNAM CITY PUBLIC SCHOOLS",,9,9,2,"SKY COLLINS",,19,1,89,109,OKLAHOMA
2/9/2021,"OKLAHOMA","PUTNAM CITY PUBLIC SCHOOLS INDEPENDENT SCHOOL DISTRICT NO. 001",55509,"FOR OFFICE NO. 3 (UNEXPIRED TERM)  PUTNAM CITY PUBLIC SCHOOLS",,9,9,3,"JUDY MULLEN HOPPER",,106,6,392,504,OKLAHOMA
2/9/2021,"OKMULGEE","CITY OF OKMULGEE",45602,"FOR WARD 4 COUNCILMEMBER  CITY OF OKMULGEE",,8,8,1,"MARCUS D. JEFFREY",,27,35,141,203,OKMULGEE
2/9/2021,"OKMULGEE","CITY OF OKMULGEE",45602,"FOR WARD 4 COUNCILMEMBER  CITY OF OKMULGEE",,8,8,2,"JAVIER RAMIREZ",,14,18,85,117,OKMULGEE
2/9/2021,"OKMULGEE","WELEETKA PUBLIC SCHOOLS INDEPENDENT SCHOOL DISTRICT NO. 031",55402,"PROPOSITION  WELEETKA PUBLIC SCHOOLS",,1,1,1,"FOR THE PROPOSITION - YES",,0,0,0,0,,
2/9/2021,"OKMULGEE","WELEETKA PUBLIC SCHOOLS INDEPENDENT SCHOOL DISTRICT NO. 031",55402,"PROPOSITION  WELEETKA PUBLIC SCHOOLS",,1,1,2,"AGAINST THE PROPOSITION - NO",,0,0,0,0,,
2/9/2021,"OSAGE","CITY OF PAWHUSKA",45701,"FOR COUNCILMAN WARD 3  CITY OF PAWHUSKA",,2,2,1,"MARK BUCHANAN",,18,71,183,272,OSAGE
2/9/2021,"OSAGE","CITY OF PAWHUSKA",45701,"FOR COUNCILMAN WARD 3  CITY OF PAWHUSKA",,2,2,2,"DHRUTI PATEL",,8,36,77,121,OSAGE
2/9/2021,"OSAGE","CITY OF PAWHUSKA",45702,"FOR COUNCILMAN WARD 4  CITY OF PAWHUSKA",,2,2,1,"CARRIE ANN WATTERS",,11,46,94,151,OSAGE
2/9/2021,"OSAGE","CITY OF PAWHUSKA",45702,"FOR COUNCILMAN WARD 4  CITY OF PAWHUSKA",,2,2,2,"RODGER MILLESON",,15,61,162,238,OSAGE
2/9/2021,"OSAGE","CITY OF PAWHUSKA",45703,"FOR COUNCILMAN WARD 2 (UNEXPIRED TERM)  CITY OF PAWHUSKA",,2,2,1,"SUSAN BAYRO",,8,46,138,192,OSAGE
2/9/2021,"OSAGE","CITY OF PAWHUSKA",45703,"FOR COUNCILMAN WARD 2 (UNEXPIRED TERM)  CITY OF PAWHUSKA",,2,2,2,"BRUCE MALONE",,9,23,44,76,OSAGE
2/9/2021,"OSAGE","CITY OF PAWHUSKA",45703,"FOR COUNCILMAN WARD 2 (UNEXPIRED TERM)  CITY OF PAWHUSKA",,2,2,3,"AMBER NASH",,10,39,77,126,OSAGE
2/9/2021,"OSAGE","PAWHUSKA PUBLIC SCHOOLS INDEPENDENT SCHOOL DISTRICT NO. 002",55701,"FOR OFFICE NO. 1  PAWHUSKA PUBLIC SCHOOLS",,8,8,1,"JUSTIN TURNEY",,15,67,198,280,OSAGE
2/9/2021,"OSAGE","PAWHUSKA PUBLIC SCHOOLS INDEPENDENT SCHOOL DISTRICT NO. 002",55701,"FOR OFFICE NO. 1  PAWHUSKA PUBLIC SCHOOLS",,8,8,2,"LYNDELL R MALONE",,10,23,26,59,OSAGE
2/9/2021,"OSAGE","PAWHUSKA PUBLIC SCHOOLS INDEPENDENT SCHOOL DISTRICT NO. 002",55701,"FOR OFFICE NO. 1  PAWHUSKA PUBLIC SCHOOLS",,8,8,3,"SHANNON SHAW DUTY",,9,36,92,137,OSAGE
2/9/2021,"OSAGE","CANEY VALLEY PUBLIC SCHOOLS INDEPENDENT SCHOOL DISTRICT NO. 018",57402,"PROPOSITION NO. 1  CANEY VALLEY PUBLIC SCHOOLS",,1,1,1,"FOR THE PROPOSITION - YES",,2,0,0,2,,
2/9/2021,"OSAGE","CANEY VALLEY PUBLIC SCHOOLS INDEPENDENT SCHOOL DISTRICT NO. 018",57402,"PROPOSITION NO. 1  CANEY VALLEY PUBLIC SCHOOLS",,1,1,2,"AGAINST THE PROPOSITION - NO",,1,0,0,1,,
2/9/2021,"OSAGE","CANEY VALLEY PUBLIC SCHOOLS INDEPENDENT SCHOOL DISTRICT NO. 018",57403,"PROPOSITION NO. 2  CANEY VALLEY PUBLIC SCHOOLS",,1,1,1,"FOR THE PROPOSITION - YES",,2,0,0,2,,
2/9/2021,"OSAGE","CANEY VALLEY PUBLIC SCHOOLS INDEPENDENT SCHOOL DISTRICT NO. 018",57403,"PROPOSITION NO. 2  CANEY VALLEY PUBLIC SCHOOLS",,1,1,2,"AGAINST THE PROPOSITION - NO",,1,0,0,1,,
2/9/2021,"PAWNEE","CITY OF CLEVELAND",45902,"FOR WARD 3 COUNCILMEMBER  CITY OF CLEVELAND",,2,2,1,"CHRIS GABRIEL",,2,0,48,50,PAWNEE
2/9/2021,"PAWNEE","CITY OF CLEVELAND",45902,"FOR WARD 3 COUNCILMEMBER  CITY OF CLEVELAND",,2,2,2,"JULIE McINTURF",,0,0,3,3,PAWNEE
2/9/2021,"PAYNE","CITY OF CUSHING",46001,"FOR COMMISSION OFFICE NO. 1  CITY OF CUSHING",,4,4,1,"EVERT ROSSITER",,7,0,55,62,PAYNE
2/9/2021,"PAYNE","CITY OF CUSHING",46001,"FOR COMMISSION OFFICE NO. 1  CITY OF CUSHING",,4,4,2,"LANCE LARSON",,5,1,13,19,PAYNE
2/9/2021,"PAYNE","CITY OF CUSHING",46001,"FOR COMMISSION OFFICE NO. 1  CITY OF CUSHING",,4,4,3,"B. J. ROBERSON",,10,2,139,151,PAYNE
2/9/2021,"PAYNE","CITY OF STILLWATER",46003,"FOR COUNCILOR NO. 4  CITY OF STILLWATER",,21,21,1,"MARY S. TETRICK",,3,1,13,17,PAYNE
2/9/2021,"PAYNE","CITY OF STILLWATER",46003,"FOR COUNCILOR NO. 4  CITY OF STILLWATER",,21,21,2,"RILEY T. FLACK",,11,58,409,478,PAYNE
2/9/2021,"PAYNE","CITY OF STILLWATER",46003,"FOR COUNCILOR NO. 4  CITY OF STILLWATER",,21,21,3,"ARIEL J ROSS",,46,74,432,552,PAYNE
2/9/2021,"PAYNE","CITY OF STILLWATER",46003,"FOR COUNCILOR NO. 4  CITY OF STILLWATER",,21,21,4,"PRESTON BOBO",,28,38,231,297,PAYNE
2/9/2021,"PAYNE","CITY OF STILLWATER",46003,"FOR COUNCILOR NO. 4  CITY OF STILLWATER",,21,21,5,"BRYCE MOODY",,5,5,55,65,PAYNE
2/9/2021,"PAYNE","CITY OF STILLWATER",46003,"FOR COUNCILOR NO. 4  CITY OF STILLWATER",,21,21,6,"RONALD WARREN McELLIOTT JR.",,3,1,13,17,PAYNE
2/9/2021,"PAYNE","CITY OF STILLWATER",46003,"FOR COUNCILOR NO. 4  CITY OF STILLWATER",,21,21,7,"CHRISTIE HAWKINS",,75,140,771,986,PAYNE
2/9/2021,"PAYNE","CITY OF YALE",46004,"FOR COMMISSIONER SEAT NO. 3  CITY OF YALE",,1,1,1,"BRIAN PORTER JR.",,0,0,47,47,PAYNE
2/9/2021,"PAYNE","CITY OF YALE",46004,"FOR COMMISSIONER SEAT NO. 3  CITY OF YALE",,1,1,2,"LARRY HOWARD BROWN",,1,0,62,63,PAYNE
2/9/2021,"PAYNE","CITY OF YALE",46004,"FOR COMMISSIONER SEAT NO. 3  CITY OF YALE",,1,1,3,"WILLIAM BILL REMBER",,1,0,8,9,PAYNE
2/9/2021,"PAYNE","CITY OF YALE",46005,"FOR COMMISSIONER SEAT NO. 4  CITY OF YALE",,1,1,1,"PAUL ROSENQUIST",,2,0,81,83,PAYNE
2/9/2021,"PAYNE","CITY OF YALE",46005,"FOR COMMISSIONER SEAT NO. 4  CITY OF YALE",,1,1,2,"ROY LEE LOZIER",,0,0,13,13,PAYNE
2/9/2021,"PAYNE","CITY OF YALE",46005,"FOR COMMISSIONER SEAT NO. 4  CITY OF YALE",,1,1,3,"HEATHER VOGT",,0,0,21,21,PAYNE
2/9/2021,"PAYNE","STILLWATER PUBLIC SCHOOLS INDEPENDENT SCHOOL DISTRICT NO. 016",56002,"FOR OFFICE NO. 5 (UNEXPIRED TERM)  STILLWATER PUBLIC SCHOOLS",,24,24,1,"MARSHALL BAKER",,52,165,1054,1271,PAYNE
2/9/2021,"PAYNE","STILLWATER PUBLIC SCHOOLS INDEPENDENT SCHOOL DISTRICT NO. 016",56002,"FOR OFFICE NO. 5 (UNEXPIRED TERM)  STILLWATER PUBLIC SCHOOLS",,24,24,2,"STEVE HALLGREN",,117,131,692,940,PAYNE
2/9/2021,"PAYNE","STILLWATER PUBLIC SCHOOLS INDEPENDENT SCHOOL DISTRICT NO. 016",56002,"FOR OFFICE NO. 5 (UNEXPIRED TERM)  STILLWATER PUBLIC SCHOOLS",,24,24,3,"JEANETTE A. BURKHART",,17,39,350,406,PAYNE
2/9/2021,"PITTSBURG","HAILEYVILLE PUBLIC SCHOOLS INDEPENDENT SCHOOL DISTRICT NO. 011",56102,"PROPOSITION  HAILEYVILLE PUBLIC SCHOOLS",,10,10,1,"FOR THE PROPOSITION - YES",,1,0,43,44,,
2/9/2021,"PITTSBURG","HAILEYVILLE PUBLIC SCHOOLS INDEPENDENT SCHOOL DISTRICT NO. 011",56102,"PROPOSITION  HAILEYVILLE PUBLIC SCHOOLS",,10,10,2,"AGAINST THE PROPOSITION - NO",,0,0,7,7,,
2/9/2021,"PITTSBURG","MCALESTER PUBLIC SCHOOLS INDEPENDENT SCHOOL DISTRICT NO. 080",56104,"PROPOSITION  MCALESTER PUBLIC SCHOOLS",,19,19,1,"FOR THE PROPOSITION - YES",,10,19,506,535,,
2/9/2021,"PITTSBURG","MCALESTER PUBLIC SCHOOLS INDEPENDENT SCHOOL DISTRICT NO. 080",56104,"PROPOSITION  MCALESTER PUBLIC SCHOOLS",,19,19,2,"AGAINST THE PROPOSITION - NO",,9,16,110,135,,
2/9/2021,"PITTSBURG","QUINTON PUBLIC SCHOOLS INDEPENDENT SCHOOL DISTRICT NO. 017",56106,"PROPOSITION  QUINTON PUBLIC SCHOOLS",,4,4,1,"FOR THE PROPOSITION - YES",,2,0,47,49,,
2/9/2021,"PITTSBURG","QUINTON PUBLIC SCHOOLS INDEPENDENT SCHOOL DISTRICT NO. 017",56106,"PROPOSITION  QUINTON PUBLIC SCHOOLS",,4,4,2,"AGAINST THE PROPOSITION - NO",,0,1,38,39,,
2/9/2021,"PONTOTOC","CITY OF ADA",46203,"FOR COUNCILMEMBER AT LARGE  CITY OF ADA",,9,9,1,"BILLY RICE",,4,7,21,32,PONTOTOC
2/9/2021,"PONTOTOC","CITY OF ADA",46203,"FOR COUNCILMEMBER AT LARGE  CITY OF ADA",,9,9,2,"JEB TODD",,3,1,93,97,PONTOTOC
2/9/2021,"PONTOTOC","CITY OF ADA",46203,"FOR COUNCILMEMBER AT LARGE  CITY OF ADA",,9,9,3,"TRE' LANDRUM",,23,12,127,162,PONTOTOC
2/9/2021,"PONTOTOC","ALLEN PUBLIC SCHOOLS INDEPENDENT SCHOOL DISTRICT NO. 001",56202,"PROPOSITION  ALLEN PUBLIC SCHOOLS",,2,2,1,"FOR THE PROPOSITION - YES",,0,0,65,65,,
2/9/2021,"PONTOTOC","ALLEN PUBLIC SCHOOLS INDEPENDENT SCHOOL DISTRICT NO. 001",56202,"PROPOSITION  ALLEN PUBLIC SCHOOLS",,2,2,2,"AGAINST THE PROPOSITION - NO",,2,0,30,32,,
2/9/2021,"POTTAWATOMIE","CITY OF OKLAHOMA CITY",45518,"FOR COUNCILMEMBER, WARD 4  CITY OF OKLAHOMA CITY",,1,1,1,"SAM WARGIN GRIMALDO",,0,0,0,0,POTTAWATOMIE
2/9/2021,"POTTAWATOMIE","CITY OF OKLAHOMA CITY",45518,"FOR COUNCILMEMBER, WARD 4  CITY OF OKLAHOMA CITY",,1,1,2,"TODD STONE",,0,0,0,0,POTTAWATOMIE
2/9/2021,"POTTAWATOMIE","CITY OF OKLAHOMA CITY",45518,"FOR COUNCILMEMBER, WARD 4  CITY OF OKLAHOMA CITY",,1,1,3,"LARRY HOPPER",,0,0,0,0,POTTAWATOMIE
2/9/2021,"POTTAWATOMIE","GROVE PUBLIC SCHOOL ELEMENTARY SCHOOL DISTRICT NO. 027",56302,"PROPOSITION  GROVE PUBLIC SCHOOL",,4,4,1,"FOR THE PROPOSITION - YES",,65,18,284,367,,
2/9/2021,"POTTAWATOMIE","GROVE PUBLIC SCHOOL ELEMENTARY SCHOOL DISTRICT NO. 027",56302,"PROPOSITION  GROVE PUBLIC SCHOOL",,4,4,2,"AGAINST THE PROPOSITION - NO",,50,5,42,97,,
2/9/2021,"ROGER MILLS","WESTERN TECH CENTER DISTRICT NO. 12",57501,"FOR OFFICE NO. 1  WESTERN TECH CENTER",,6,6,1,"DENNIS H. BAXTER",,0,1,3,4,ROGER MILLS
2/9/2021,"ROGER MILLS","WESTERN TECH CENTER DISTRICT NO. 12",57501,"FOR OFFICE NO. 1  WESTERN TECH CENTER",,6,6,2,"RAY CHALLIS",,0,0,16,16,ROGER MILLS
2/9/2021,"ROGER MILLS","WESTERN TECH CENTER DISTRICT NO. 12",57501,"FOR OFFICE NO. 1  WESTERN TECH CENTER",,6,6,3,"EUGENE JEFFERSON",,1,0,12,13,ROGER MILLS
2/9/2021,"ROGERS","CITY OF OWASSO",47202,"FOR COUNCIL MEMBER WARD 2  CITY OF OWASSO",,4,4,1,"ALVIN D. FRUGA",,6,1,43,50,ROGERS
2/9/2021,"ROGERS","CITY OF OWASSO",47202,"FOR COUNCIL MEMBER WARD 2  CITY OF OWASSO",,4,4,2,"KYLE DAVIS",,1,0,27,28,ROGERS
2/9/2021,"ROGERS","COLLINSVILLE PUBLIC SCHOOLS INDEPENDENT SCHOOL DISTRICT NO. 006",57201,"FOR OFFICE NO. 1  COLLINSVILLE PUBLIC SCHOOLS",,2,2,1,"JAMES R. RODERICK",,5,0,4,9,ROGERS
2/9/2021,"ROGERS","COLLINSVILLE PUBLIC SCHOOLS INDEPENDENT SCHOOL DISTRICT NO. 006",57201,"FOR OFFICE NO. 1  COLLINSVILLE PUBLIC SCHOOLS",,2,2,2,"TIM REED",,6,0,4,10,ROGERS
2/9/2021,"ROGERS","COLLINSVILLE PUBLIC SCHOOLS INDEPENDENT SCHOOL DISTRICT NO. 006",57201,"FOR OFFICE NO. 1  COLLINSVILLE PUBLIC SCHOOLS",,2,2,3,"RYAN FLANARY",,7,0,32,39,ROGERS
2/9/2021,"ROGERS","OWASSO PUBLIC SCHOOLS INDEPENDENT SCHOOL DISTRICT NO. 011",57205,"FOR OFFICE NO. 1  OWASSO PUBLIC SCHOOLS",,7,7,1,"RICK LANG",,13,2,107,122,ROGERS
2/9/2021,"ROGERS","OWASSO PUBLIC SCHOOLS INDEPENDENT SCHOOL DISTRICT NO. 011",57205,"FOR OFFICE NO. 1  OWASSO PUBLIC SCHOOLS",,7,7,2,"KRISTIN VIVAR",,11,4,96,111,ROGERS
2/9/2021,"ROGERS","OWASSO PUBLIC SCHOOLS INDEPENDENT SCHOOL DISTRICT NO. 011",57205,"FOR OFFICE NO. 1  OWASSO PUBLIC SCHOOLS",,7,7,3,"LISA M. ANDERSON",,16,1,32,49,ROGERS
2/9/2021,"ROGERS","OWASSO PUBLIC SCHOOLS INDEPENDENT SCHOOL DISTRICT NO. 011",57205,"FOR OFFICE NO. 1  OWASSO PUBLIC SCHOOLS",,7,7,4,"LYNN CAGLE",,30,3,68,101,ROGERS
2/9/2021,"ROGERS","OWASSO PUBLIC SCHOOLS INDEPENDENT SCHOOL DISTRICT NO. 011",57205,"FOR OFFICE NO. 1  OWASSO PUBLIC SCHOOLS",,7,7,5,"STEPHANIE RUTTMAN",,35,0,166,201,ROGERS
2/9/2021,"SEMINOLE","CITY OF KONAWA",46701,"FOR COUNCILMEMBER  AT LARGE  CITY OF KONAWA",,1,1,1,"DAVE HERRIMAN",,0,1,18,19,SEMINOLE
2/9/2021,"SEMINOLE","CITY OF KONAWA",46701,"FOR COUNCILMEMBER  AT LARGE  CITY OF KONAWA",,1,1,2,"CANDICE PUMILIA",,0,0,7,7,SEMINOLE
2/9/2021,"SEMINOLE","CITY OF KONAWA",46702,"PROPOSITION PROPOSED CHARTER AMENDMENT-ARTICLE III, SECTION 19  CITY OF KONAWA",,1,1,1,"FOR THE PROPOSITION - YES",,0,1,20,21,,
2/9/2021,"SEMINOLE","CITY OF KONAWA",46702,"PROPOSITION PROPOSED CHARTER AMENDMENT-ARTICLE III, SECTION 19  CITY OF KONAWA",,1,1,2,"AGAINST THE PROPOSITION - NO",,0,0,5,5,,
2/9/2021,"SEMINOLE","CITY OF SEMINOLE",46703,"FOR MAYOR  CITY OF SEMINOLE",,5,5,1,"LEE A RANDLE",,2,6,103,111,SEMINOLE
2/9/2021,"SEMINOLE","CITY OF SEMINOLE",46703,"FOR MAYOR  CITY OF SEMINOLE",,5,5,2,"JEFF GRIFFIN",,16,15,212,243,SEMINOLE
2/9/2021,"SEMINOLE","CITY OF SEMINOLE",46704,"FOR COUNCILMEMBER WARD 2  CITY OF SEMINOLE",,3,3,1,"EDDIE FOREMAN",,3,3,22,28,SEMINOLE
2/9/2021,"SEMINOLE","CITY OF SEMINOLE",46704,"FOR COUNCILMEMBER WARD 2  CITY OF SEMINOLE",,3,3,2,"ANTHONY DAVIDSON",,0,1,26,27,SEMINOLE
2/9/2021,"SEQUOYAH","CITY OF SALLISAW",46801,"FOR COMMISSIONER WARD 2  CITY OF SALLISAW",,3,3,1,"PHILIP GAY",,0,2,18,20,SEQUOYAH
2/9/2021,"SEQUOYAH","CITY OF SALLISAW",46801,"FOR COMMISSIONER WARD 2  CITY OF SALLISAW",,3,3,2,"JOSH BAILEY",,0,0,30,30,SEQUOYAH
2/9/2021,"SEQUOYAH","CITY OF SALLISAW",46802,"FOR COMMISSIONER WARD 4  CITY OF SALLISAW",,4,4,1,"KRISTIN COLEMAN PEERSON",,2,4,78,84,SEQUOYAH
2/9/2021,"SEQUOYAH","CITY OF SALLISAW",46802,"FOR COMMISSIONER WARD 4  CITY OF SALLISAW",,4,4,2,"SHANNON VANN",,1,2,59,62,SEQUOYAH
2/9/2021,"STEPHENS","CITY OF MARLOW",46901,"FOR MAYOR  CITY OF MARLOW",,3,3,1,"JEFF PRATER",,22,13,205,240,STEPHENS
2/9/2021,"STEPHENS","CITY OF MARLOW",46901,"FOR MAYOR  CITY OF MARLOW",,3,3,2,"MICHAEL WALLER",,3,0,53,56,STEPHENS
2/9/2021,"STEPHENS","RINGLING PUBLIC SCHOOLS INDEPENDENT SCHOOL DISTRICT NO. 014",53402,"PROPOSITION  RINGLING PUBLIC SCHOOLS",,1,1,1,"FOR THE PROPOSITION - YES",,0,0,0,0,,
2/9/2021,"STEPHENS","RINGLING PUBLIC SCHOOLS INDEPENDENT SCHOOL DISTRICT NO. 014",53402,"PROPOSITION  RINGLING PUBLIC SCHOOLS",,1,1,2,"AGAINST THE PROPOSITION - NO",,0,0,1,1,,
2/9/2021,"TEXAS","TEXAS COUNTY",11001,"FOR COUNTY COMMISSIONER DISTRICT NO. 2 (UNEXPIRED TERM)",REP,3,3,1,"TY  COBB",REP,12,6,104,122,TEXAS
2/9/2021,"TEXAS","TEXAS COUNTY",11001,"FOR COUNTY COMMISSIONER DISTRICT NO. 2 (UNEXPIRED TERM)",REP,3,3,2,"DOLAN  SLEDGE",REP,15,51,283,349,TEXAS
2/9/2021,"TEXAS","CITY OF GUYMON",47001,"PROPOSITION  CITY OF GUYMON",,5,5,1,"FOR THE PROPOSITION - YES",,19,32,269,320,,
2/9/2021,"TEXAS","CITY OF GUYMON",47001,"PROPOSITION  CITY OF GUYMON",,5,5,2,"AGAINST THE PROPOSITION - NO",,3,7,66,76,,
2/9/2021,"TULSA","TULSA COUNTY",11002,"FOR COUNTY TREASURER (UNEXPIRED TERM)",REP,262,262,1,"JOHN M. FOTHERGILL",REP,1277,54,2444,3775,TULSA
2/9/2021,"TULSA","TULSA COUNTY",11002,"FOR COUNTY TREASURER (UNEXPIRED TERM)",REP,262,262,2,"FRANCIS JOSEPH HART, III",REP,233,18,1271,1522,TULSA
2/9/2021,"TULSA","CITY OF OWASSO",47202,"FOR COUNCIL MEMBER WARD 2  CITY OF OWASSO",,12,12,1,"ALVIN D. FRUGA",,118,5,587,710,TULSA
2/9/2021,"TULSA","CITY OF OWASSO",47202,"FOR COUNCIL MEMBER WARD 2  CITY OF OWASSO",,12,12,2,"KYLE DAVIS",,79,3,343,425,TULSA
2/9/2021,"TULSA","COLLINSVILLE PUBLIC SCHOOLS INDEPENDENT SCHOOL DISTRICT NO. 006",57201,"FOR OFFICE NO. 1  COLLINSVILLE PUBLIC SCHOOLS",,6,6,1,"JAMES R. RODERICK",,10,0,54,64,TULSA
2/9/2021,"TULSA","COLLINSVILLE PUBLIC SCHOOLS INDEPENDENT SCHOOL DISTRICT NO. 006",57201,"FOR OFFICE NO. 1  COLLINSVILLE PUBLIC SCHOOLS",,6,6,2,"TIM REED",,11,1,60,72,TULSA
2/9/2021,"TULSA","COLLINSVILLE PUBLIC SCHOOLS INDEPENDENT SCHOOL DISTRICT NO. 006",57201,"FOR OFFICE NO. 1  COLLINSVILLE PUBLIC SCHOOLS",,6,6,3,"RYAN FLANARY",,22,2,210,234,TULSA
2/9/2021,"TULSA","JENKS PUBLIC SCHOOLS INDEPENDENT SCHOOL DISTRICT NO. 005",57203,"PROPOSITION NO. 1  JENKS PUBLIC SCHOOLS",,29,29,1,"FOR THE PROPOSITION - YES",,481,11,1229,1721,,
2/9/2021,"TULSA","JENKS PUBLIC SCHOOLS INDEPENDENT SCHOOL DISTRICT NO. 005",57203,"PROPOSITION NO. 1  JENKS PUBLIC SCHOOLS",,29,29,2,"AGAINST THE PROPOSITION - NO",,186,11,295,492,,
2/9/2021,"TULSA","JENKS PUBLIC SCHOOLS INDEPENDENT SCHOOL DISTRICT NO. 005",57204,"PROPOSITION NO. 2  JENKS PUBLIC SCHOOLS",,29,29,1,"FOR THE PROPOSITION - YES",,480,12,1219,1711,,
2/9/2021,"TULSA","JENKS PUBLIC SCHOOLS INDEPENDENT SCHOOL DISTRICT NO. 005",57204,"PROPOSITION NO. 2  JENKS PUBLIC SCHOOLS",,29,29,2,"AGAINST THE PROPOSITION - NO",,188,10,303,501,,
2/9/2021,"TULSA","OWASSO PUBLIC SCHOOLS INDEPENDENT SCHOOL DISTRICT NO. 011",57205,"FOR OFFICE NO. 1  OWASSO PUBLIC SCHOOLS",,17,17,1,"RICK LANG",,39,0,294,333,TULSA
2/9/2021,"TULSA","OWASSO PUBLIC SCHOOLS INDEPENDENT SCHOOL DISTRICT NO. 011",57205,"FOR OFFICE NO. 1  OWASSO PUBLIC SCHOOLS",,17,17,2,"KRISTIN VIVAR",,48,4,279,331,TULSA
2/9/2021,"TULSA","OWASSO PUBLIC SCHOOLS INDEPENDENT SCHOOL DISTRICT NO. 011",57205,"FOR OFFICE NO. 1  OWASSO PUBLIC SCHOOLS",,17,17,3,"LISA M. ANDERSON",,34,1,60,95,TULSA
2/9/2021,"TULSA","OWASSO PUBLIC SCHOOLS INDEPENDENT SCHOOL DISTRICT NO. 011",57205,"FOR OFFICE NO. 1  OWASSO PUBLIC SCHOOLS",,17,17,4,"LYNN CAGLE",,58,1,93,152,TULSA
2/9/2021,"TULSA","OWASSO PUBLIC SCHOOLS INDEPENDENT SCHOOL DISTRICT NO. 011",57205,"FOR OFFICE NO. 1  OWASSO PUBLIC SCHOOLS",,17,17,5,"STEPHANIE RUTTMAN",,45,6,326,377,TULSA
2/9/2021,"TULSA","TULSA PUBLIC SCHOOLS INDEPENDENT SCHOOL DISTRICT NO. 001",57206,"FOR OFFICE NO. 2  TULSA PUBLIC SCHOOLS",,17,17,1,"MARSHA FRANCINE CAMPBELL",,48,9,47,104,TULSA
2/9/2021,"TULSA","TULSA PUBLIC SCHOOLS INDEPENDENT SCHOOL DISTRICT NO. 001",57206,"FOR OFFICE NO. 2  TULSA PUBLIC SCHOOLS",,17,17,2,"THERESA HINMAN",,26,3,45,74,TULSA
2/9/2021,"TULSA","TULSA PUBLIC SCHOOLS INDEPENDENT SCHOOL DISTRICT NO. 001",57206,"FOR OFFICE NO. 2  TULSA PUBLIC SCHOOLS",,17,17,3,"JUDITH BARBA",,24,0,177,201,TULSA
2/9/2021,"WASHINGTON","COLLINSVILLE PUBLIC SCHOOLS INDEPENDENT SCHOOL DISTRICT NO. 006",57201,"FOR OFFICE NO. 1  COLLINSVILLE PUBLIC SCHOOLS",,1,1,1,"JAMES R. RODERICK",,0,0,0,0,WASHINGTON
2/9/2021,"WASHINGTON","COLLINSVILLE PUBLIC SCHOOLS INDEPENDENT SCHOOL DISTRICT NO. 006",57201,"FOR OFFICE NO. 1  COLLINSVILLE PUBLIC SCHOOLS",,1,1,2,"TIM REED",,0,0,0,0,WASHINGTON
2/9/2021,"WASHINGTON","COLLINSVILLE PUBLIC SCHOOLS INDEPENDENT SCHOOL DISTRICT NO. 006",57201,"FOR OFFICE NO. 1  COLLINSVILLE PUBLIC SCHOOLS",,1,1,3,"RYAN FLANARY",,0,0,4,4,WASHINGTON
2/9/2021,"WASHINGTON","CANEY VALLEY PUBLIC SCHOOLS INDEPENDENT SCHOOL DISTRICT NO. 018",57402,"PROPOSITION NO. 1  CANEY VALLEY PUBLIC SCHOOLS",,5,5,1,"FOR THE PROPOSITION - YES",,6,0,167,173,,
2/9/2021,"WASHINGTON","CANEY VALLEY PUBLIC SCHOOLS INDEPENDENT SCHOOL DISTRICT NO. 018",57402,"PROPOSITION NO. 1  CANEY VALLEY PUBLIC SCHOOLS",,5,5,2,"AGAINST THE PROPOSITION - NO",,1,0,25,26,,
2/9/2021,"WASHINGTON","CANEY VALLEY PUBLIC SCHOOLS INDEPENDENT SCHOOL DISTRICT NO. 018",57403,"PROPOSITION NO. 2  CANEY VALLEY PUBLIC SCHOOLS",,5,5,1,"FOR THE PROPOSITION - YES",,6,0,167,173,,
2/9/2021,"WASHINGTON","CANEY VALLEY PUBLIC SCHOOLS INDEPENDENT SCHOOL DISTRICT NO. 018",57403,"PROPOSITION NO. 2  CANEY VALLEY PUBLIC SCHOOLS",,5,5,2,"AGAINST THE PROPOSITION - NO",,1,0,26,27,,
2/9/2021,"WASHITA","WESTERN TECH CENTER DISTRICT NO. 12",57501,"FOR OFFICE NO. 1  WESTERN TECH CENTER",,12,12,1,"DENNIS H. BAXTER",,14,4,21,39,WASHITA
2/9/2021,"WASHITA","WESTERN TECH CENTER DISTRICT NO. 12",57501,"FOR OFFICE NO. 1  WESTERN TECH CENTER",,12,12,2,"RAY CHALLIS",,12,5,114,131,WASHITA
2/9/2021,"WASHITA","WESTERN TECH CENTER DISTRICT NO. 12",57501,"FOR OFFICE NO. 1  WESTERN TECH CENTER",,12,12,3,"EUGENE JEFFERSON",,3,0,28,31,WASHITA
