elec_date,precinct,entity_description,race_number,race_description,race_party,tot_race_prec,race_prec_reporting,cand_number,cand_name,cand_party,cand_absmail_votes,cand_early_votes,cand_elecday_votes,cand_tot_votes,race_county_owner
5/12/2015,"020330","TOWN OF JET",40201,"FOR BOARD OF TRUSTEES  TOWN OF JET",,1,1,1,"STEPHANIE CARSON",,0,1,37,38,,
5/12/2015,"020330","TOWN OF JET",40201,"FOR BOARD OF TRUSTEES  TOWN OF JET",,1,1,2,"PAMELA SANDS",,0,0,22,22,,
5/12/2015,"020330","TOWN OF JET",40201,"FOR BOARD OF TRUSTEES  TOWN OF JET",,1,1,3,"DEANA K MILLER",,0,1,52,53,,
5/12/2015,"020330","TOWN OF JET",40201,"FOR BOARD OF TRUSTEES  TOWN OF JET",,1,1,4,"RENE CHRISTINE",,0,1,46,47,,
5/12/2015,"020330","TOWN OF JET",40201,"FOR BOARD OF TRUSTEES  TOWN OF JET",,1,1,5,"RORY LOVELY",,0,0,38,38,,
5/12/2015,"020330","TOWN OF JET",40201,"FOR BOARD OF TRUSTEES  TOWN OF JET",,1,1,6,"JIM BLACKLEDGE",,0,0,25,25,,
5/12/2015,"090100","CITY OF EL RENO",40901,"PROPOSITION  CITY OF EL RENO",,8,8,1,"FOR THE PROPOSITION - YES",,0,1,3,4,,
5/12/2015,"090100","CITY OF EL RENO",40901,"PROPOSITION  CITY OF EL RENO",,8,8,2,"AGAINST THE PROPOSITION - NO",,0,0,3,3,,
5/12/2015,"090102","CITY OF EL RENO",40901,"PROPOSITION  CITY OF EL RENO",,8,8,1,"FOR THE PROPOSITION - YES",,0,0,0,0,,
5/12/2015,"090102","CITY OF EL RENO",40901,"PROPOSITION  CITY OF EL RENO",,8,8,2,"AGAINST THE PROPOSITION - NO",,0,0,0,0,,
5/12/2015,"090106","CITY OF EL RENO",40901,"PROPOSITION  CITY OF EL RENO",,8,8,1,"FOR THE PROPOSITION - YES",,2,0,15,17,,
5/12/2015,"090106","CITY OF EL RENO",40901,"PROPOSITION  CITY OF EL RENO",,8,8,2,"AGAINST THE PROPOSITION - NO",,0,0,1,1,,
5/12/2015,"090107","CITY OF EL RENO",40901,"PROPOSITION  CITY OF EL RENO",,8,8,1,"FOR THE PROPOSITION - YES",,0,0,8,8,,
5/12/2015,"090107","CITY OF EL RENO",40901,"PROPOSITION  CITY OF EL RENO",,8,8,2,"AGAINST THE PROPOSITION - NO",,0,0,0,0,,
5/12/2015,"090109","CITY OF EL RENO",40901,"PROPOSITION  CITY OF EL RENO",,8,8,1,"FOR THE PROPOSITION - YES",,0,0,1,1,,
5/12/2015,"090109","CITY OF EL RENO",40901,"PROPOSITION  CITY OF EL RENO",,8,8,2,"AGAINST THE PROPOSITION - NO",,0,0,0,0,,
5/12/2015,"090114","CITY OF EL RENO",40901,"PROPOSITION  CITY OF EL RENO",,8,8,1,"FOR THE PROPOSITION - YES",,4,1,11,16,,
5/12/2015,"090114","CITY OF EL RENO",40901,"PROPOSITION  CITY OF EL RENO",,8,8,2,"AGAINST THE PROPOSITION - NO",,0,0,1,1,,
5/12/2015,"090116","CITY OF EL RENO",40901,"PROPOSITION  CITY OF EL RENO",,8,8,1,"FOR THE PROPOSITION - YES",,2,1,14,17,,
5/12/2015,"090116","CITY OF EL RENO",40901,"PROPOSITION  CITY OF EL RENO",,8,8,2,"AGAINST THE PROPOSITION - NO",,0,0,0,0,,
5/12/2015,"090124","CITY OF EL RENO",40901,"PROPOSITION  CITY OF EL RENO",,8,8,1,"FOR THE PROPOSITION - YES",,0,1,18,19,,
5/12/2015,"090124","CITY OF EL RENO",40901,"PROPOSITION  CITY OF EL RENO",,8,8,2,"AGAINST THE PROPOSITION - NO",,0,0,0,0,,
5/12/2015,"090504","CASHION PUBLIC SCHOOLS INDEPENDENT SCHOOL DISTRICT NO. 089",53701,"PROPOSITION NO. 1  CASHION PUBLIC SCHOOLS",,8,8,1,"FOR THE PROPOSITION - YES",,0,0,0,0,,
5/12/2015,"090504","CASHION PUBLIC SCHOOLS INDEPENDENT SCHOOL DISTRICT NO. 089",53701,"PROPOSITION NO. 1  CASHION PUBLIC SCHOOLS",,8,8,2,"AGAINST THE PROPOSITION - NO",,0,0,0,0,,
5/12/2015,"090504","CASHION PUBLIC SCHOOLS INDEPENDENT SCHOOL DISTRICT NO. 089",53702,"PROPOSITION NO. 2  CASHION PUBLIC SCHOOLS",,8,8,1,"FOR THE PROPOSITION - YES",,0,0,0,0,,
5/12/2015,"090504","CASHION PUBLIC SCHOOLS INDEPENDENT SCHOOL DISTRICT NO. 089",53702,"PROPOSITION NO. 2  CASHION PUBLIC SCHOOLS",,8,8,2,"AGAINST THE PROPOSITION - NO",,0,0,0,0,,
5/12/2015,"140064","MCLOUD PUBLIC SCHOOLS INDEPENDENT SCHOOL DISTRICT NO. 001",56301,"PROPOSITION  MCLOUD PUBLIC SCHOOLS",,8,8,1,"FOR THE PROPOSITION - YES",,10,0,2,12,,
5/12/2015,"140064","MCLOUD PUBLIC SCHOOLS INDEPENDENT SCHOOL DISTRICT NO. 001",56301,"PROPOSITION  MCLOUD PUBLIC SCHOOLS",,8,8,2,"AGAINST THE PROPOSITION - NO",,4,0,1,5,,
5/12/2015,"190311","CITY OF DRUMRIGHT",41901,"PROPOSITION  CITY OF DRUMRIGHT",,2,2,1,"FOR THE PROPOSITION - YES",,2,0,38,40,,
5/12/2015,"190311","CITY OF DRUMRIGHT",41901,"PROPOSITION  CITY OF DRUMRIGHT",,2,2,2,"AGAINST THE PROPOSITION - NO",,2,0,15,17,,
5/12/2015,"190404","MANNFORD PUBLIC SCHOOLS INDEPENDENT SCHOOL DISTRICT NO. 003",51901,"PROPOSITION NO. 1  MANNFORD PUBLIC SCHOOLS",,5,5,1,"FOR THE PROPOSITION - YES",,4,0,204,208,,
5/12/2015,"190404","MANNFORD PUBLIC SCHOOLS INDEPENDENT SCHOOL DISTRICT NO. 003",51901,"PROPOSITION NO. 1  MANNFORD PUBLIC SCHOOLS",,5,5,2,"AGAINST THE PROPOSITION - NO",,0,0,13,13,,
5/12/2015,"190404","MANNFORD PUBLIC SCHOOLS INDEPENDENT SCHOOL DISTRICT NO. 003",51902,"PROPOSITION NO. 2  MANNFORD PUBLIC SCHOOLS",,5,5,1,"FOR THE PROPOSITION - YES",,4,0,199,203,,
5/12/2015,"190404","MANNFORD PUBLIC SCHOOLS INDEPENDENT SCHOOL DISTRICT NO. 003",51902,"PROPOSITION NO. 2  MANNFORD PUBLIC SCHOOLS",,5,5,2,"AGAINST THE PROPOSITION - NO",,0,0,15,15,,
5/12/2015,"190405","MANNFORD PUBLIC SCHOOLS INDEPENDENT SCHOOL DISTRICT NO. 003",51901,"PROPOSITION NO. 1  MANNFORD PUBLIC SCHOOLS",,5,5,1,"FOR THE PROPOSITION - YES",,0,0,12,12,,
5/12/2015,"190405","MANNFORD PUBLIC SCHOOLS INDEPENDENT SCHOOL DISTRICT NO. 003",51901,"PROPOSITION NO. 1  MANNFORD PUBLIC SCHOOLS",,5,5,2,"AGAINST THE PROPOSITION - NO",,0,0,0,0,,
5/12/2015,"190405","MANNFORD PUBLIC SCHOOLS INDEPENDENT SCHOOL DISTRICT NO. 003",51902,"PROPOSITION NO. 2  MANNFORD PUBLIC SCHOOLS",,5,5,1,"FOR THE PROPOSITION - YES",,0,0,12,12,,
5/12/2015,"190405","MANNFORD PUBLIC SCHOOLS INDEPENDENT SCHOOL DISTRICT NO. 003",51902,"PROPOSITION NO. 2  MANNFORD PUBLIC SCHOOLS",,5,5,2,"AGAINST THE PROPOSITION - NO",,0,0,0,0,,
5/12/2015,"190406","CITY OF OILTON",41902,"FOR MAYOR  CITY OF OILTON",,1,1,1,"MARVIN BAUMGARTEN",,0,0,84,84,,
5/12/2015,"190406","CITY OF OILTON",41902,"FOR MAYOR  CITY OF OILTON",,1,1,2,"JIMMY SMITH",,1,0,60,61,,
5/12/2015,"190406","CITY OF OILTON",41902,"FOR MAYOR  CITY OF OILTON",,1,1,3,"PATRICK L. KENNEDY",,3,0,100,103,,
5/12/2015,"190406","CITY OF OILTON",41903,"FOR COUNCILMEMBER, WARD NO. 1  CITY OF OILTON",,1,1,1,"VIRGIL DUPEE",,1,0,71,72,,
5/12/2015,"190406","CITY OF OILTON",41903,"FOR COUNCILMEMBER, WARD NO. 1  CITY OF OILTON",,1,1,2,"STEVE ARNOLD",,4,0,171,175,,
5/12/2015,"190406","CITY OF OILTON",41904,"FOR COUNCILMEMBER, WARD NO. 2  CITY OF OILTON",,1,1,1,"KEVIN CAVIN",,3,0,145,148,,
5/12/2015,"190406","CITY OF OILTON",41904,"FOR COUNCILMEMBER, WARD NO. 2  CITY OF OILTON",,1,1,2,"DARRELL SMITH",,1,0,94,95,,
5/12/2015,"190406","CITY OF OILTON",41905,"FOR COUNCILMEMBER, WARD NO. 3  CITY OF OILTON",,1,1,1,"TYLER BRIDWELL",,3,0,154,157,,
5/12/2015,"190406","CITY OF OILTON",41905,"FOR COUNCILMEMBER, WARD NO. 3  CITY OF OILTON",,1,1,2,"JEREMY PRATHER",,1,0,86,87,,
5/12/2015,"190406","CITY OF OILTON",41906,"FOR COUNCILMEMBER, WARD NO. 4  CITY OF OILTON",,1,1,1,"JOHN K. CASEY",,2,0,142,144,,
5/12/2015,"190406","CITY OF OILTON",41906,"FOR COUNCILMEMBER, WARD NO. 4  CITY OF OILTON",,1,1,2,"WANDA FOSTER",,3,0,100,103,,
5/12/2015,"190406","CITY OF OILTON",41907,"FOR COUNCILMEMBER, WARD NO. 4 (UNEXPIRED TERM)  CITY OF OILTON",,1,1,1,"RUSTY PARNELL",,1,0,117,118,,
5/12/2015,"190406","CITY OF OILTON",41907,"FOR COUNCILMEMBER, WARD NO. 4 (UNEXPIRED TERM)  CITY OF OILTON",,1,1,2,"DAINYELL AINGE-PENNINGTON",,2,0,51,53,,
5/12/2015,"190406","CITY OF OILTON",41907,"FOR COUNCILMEMBER, WARD NO. 4 (UNEXPIRED TERM)  CITY OF OILTON",,1,1,3,"STEFANIE CASEY",,2,0,73,75,,
5/12/2015,"190406","CITY OF OILTON",41908,"FOR CITY TREASURER (UNEXPIRED TERM)  CITY OF OILTON",,1,1,1,"SAUNDRA BROWN",,4,0,209,213,,
5/12/2015,"190406","CITY OF OILTON",41908,"FOR CITY TREASURER (UNEXPIRED TERM)  CITY OF OILTON",,1,1,2,"AARON MICHAEL GIERINGER",,1,0,34,35,,
5/12/2015,"190417","TOWN OF KIEFER",41909,"PROPOSITION  TOWN OF KIEFER",,1,1,1,"FOR THE PROPOSITION - YES",,0,0,19,19,,
5/12/2015,"190417","TOWN OF KIEFER",41909,"PROPOSITION  TOWN OF KIEFER",,1,1,2,"AGAINST THE PROPOSITION - NO",,0,0,0,0,,
5/12/2015,"240210","POND CREEK-HUNTER SCHOOLS INDEPENDENT SCHOOL DISTRICT NO. 090",52701,"PROPOSITION  POND CREEK-HUNTER SCHOOLS",,6,6,1,"FOR THE PROPOSITION - YES",,0,0,1,1,,
5/12/2015,"240210","POND CREEK-HUNTER SCHOOLS INDEPENDENT SCHOOL DISTRICT NO. 090",52701,"PROPOSITION  POND CREEK-HUNTER SCHOOLS",,6,6,2,"AGAINST THE PROPOSITION - NO",,0,0,2,2,,
5/12/2015,"240212","POND CREEK-HUNTER SCHOOLS INDEPENDENT SCHOOL DISTRICT NO. 090",52701,"PROPOSITION  POND CREEK-HUNTER SCHOOLS",,6,6,1,"FOR THE PROPOSITION - YES",,1,1,24,26,,
5/12/2015,"240212","POND CREEK-HUNTER SCHOOLS INDEPENDENT SCHOOL DISTRICT NO. 090",52701,"PROPOSITION  POND CREEK-HUNTER SCHOOLS",,6,6,2,"AGAINST THE PROPOSITION - NO",,2,1,5,8,,
5/12/2015,"270017","POND CREEK-HUNTER SCHOOLS INDEPENDENT SCHOOL DISTRICT NO. 090",52701,"PROPOSITION  POND CREEK-HUNTER SCHOOLS",,6,6,1,"FOR THE PROPOSITION - YES",,0,0,8,8,,
5/12/2015,"270017","POND CREEK-HUNTER SCHOOLS INDEPENDENT SCHOOL DISTRICT NO. 090",52701,"PROPOSITION  POND CREEK-HUNTER SCHOOLS",,6,6,2,"AGAINST THE PROPOSITION - NO",,0,0,1,1,,
5/12/2015,"270023","POND CREEK-HUNTER SCHOOLS INDEPENDENT SCHOOL DISTRICT NO. 090",52701,"PROPOSITION  POND CREEK-HUNTER SCHOOLS",,6,6,1,"FOR THE PROPOSITION - YES",,5,8,260,273,,
5/12/2015,"270023","POND CREEK-HUNTER SCHOOLS INDEPENDENT SCHOOL DISTRICT NO. 090",52701,"PROPOSITION  POND CREEK-HUNTER SCHOOLS",,6,6,2,"AGAINST THE PROPOSITION - NO",,3,0,46,49,,
5/12/2015,"270026","POND CREEK-HUNTER SCHOOLS INDEPENDENT SCHOOL DISTRICT NO. 090",52701,"PROPOSITION  POND CREEK-HUNTER SCHOOLS",,6,6,1,"FOR THE PROPOSITION - YES",,0,0,0,0,,
5/12/2015,"270026","POND CREEK-HUNTER SCHOOLS INDEPENDENT SCHOOL DISTRICT NO. 090",52701,"PROPOSITION  POND CREEK-HUNTER SCHOOLS",,6,6,2,"AGAINST THE PROPOSITION - NO",,0,0,5,5,,
5/12/2015,"270029","POND CREEK-HUNTER SCHOOLS INDEPENDENT SCHOOL DISTRICT NO. 090",52701,"PROPOSITION  POND CREEK-HUNTER SCHOOLS",,6,6,1,"FOR THE PROPOSITION - YES",,0,0,1,1,,
5/12/2015,"270029","POND CREEK-HUNTER SCHOOLS INDEPENDENT SCHOOL DISTRICT NO. 090",52701,"PROPOSITION  POND CREEK-HUNTER SCHOOLS",,6,6,2,"AGAINST THE PROPOSITION - NO",,0,0,0,0,,
5/12/2015,"320011","HOLDENVILLE PUBLIC SCHOOLS INDEPENDENT SCHOOL DISTRICT NO. 035",53201,"PROPOSITION  HOLDENVILLE PUBLIC SCHOOLS",,8,8,1,"FOR THE PROPOSITION - YES",,2,12,115,129,,
5/12/2015,"320011","HOLDENVILLE PUBLIC SCHOOLS INDEPENDENT SCHOOL DISTRICT NO. 035",53201,"PROPOSITION  HOLDENVILLE PUBLIC SCHOOLS",,8,8,2,"AGAINST THE PROPOSITION - NO",,7,6,135,148,,
5/12/2015,"320012","HOLDENVILLE PUBLIC SCHOOLS INDEPENDENT SCHOOL DISTRICT NO. 035",53201,"PROPOSITION  HOLDENVILLE PUBLIC SCHOOLS",,8,8,1,"FOR THE PROPOSITION - YES",,4,9,61,74,,
5/12/2015,"320012","HOLDENVILLE PUBLIC SCHOOLS INDEPENDENT SCHOOL DISTRICT NO. 035",53201,"PROPOSITION  HOLDENVILLE PUBLIC SCHOOLS",,8,8,2,"AGAINST THE PROPOSITION - NO",,3,2,101,106,,
5/12/2015,"320012","SASAKWA PUBLIC SCHOOLS INDEPENDENT SCHOOL DISTRICT NO. 010",56701,"PROPOSITION NO. 1  SASAKWA PUBLIC SCHOOLS",,5,5,1,"FOR THE PROPOSITION - YES",,0,0,0,0,,
5/12/2015,"320012","SASAKWA PUBLIC SCHOOLS INDEPENDENT SCHOOL DISTRICT NO. 010",56701,"PROPOSITION NO. 1  SASAKWA PUBLIC SCHOOLS",,5,5,2,"AGAINST THE PROPOSITION - NO",,0,0,0,0,,
5/12/2015,"320012","SASAKWA PUBLIC SCHOOLS INDEPENDENT SCHOOL DISTRICT NO. 010",56702,"PROPOSITION NO. 2  SASAKWA PUBLIC SCHOOLS",,5,5,1,"FOR THE PROPOSITION - YES",,0,0,0,0,,
5/12/2015,"320012","SASAKWA PUBLIC SCHOOLS INDEPENDENT SCHOOL DISTRICT NO. 010",56702,"PROPOSITION NO. 2  SASAKWA PUBLIC SCHOOLS",,5,5,2,"AGAINST THE PROPOSITION - NO",,0,0,0,0,,
5/12/2015,"320016","HOLDENVILLE PUBLIC SCHOOLS INDEPENDENT SCHOOL DISTRICT NO. 035",53201,"PROPOSITION  HOLDENVILLE PUBLIC SCHOOLS",,8,8,1,"FOR THE PROPOSITION - YES",,0,1,16,17,,
5/12/2015,"320016","HOLDENVILLE PUBLIC SCHOOLS INDEPENDENT SCHOOL DISTRICT NO. 035",53201,"PROPOSITION  HOLDENVILLE PUBLIC SCHOOLS",,8,8,2,"AGAINST THE PROPOSITION - NO",,0,2,18,20,,
5/12/2015,"320019","HOLDENVILLE PUBLIC SCHOOLS INDEPENDENT SCHOOL DISTRICT NO. 035",53201,"PROPOSITION  HOLDENVILLE PUBLIC SCHOOLS",,8,8,1,"FOR THE PROPOSITION - YES",,0,1,11,12,,
5/12/2015,"320019","HOLDENVILLE PUBLIC SCHOOLS INDEPENDENT SCHOOL DISTRICT NO. 035",53201,"PROPOSITION  HOLDENVILLE PUBLIC SCHOOLS",,8,8,2,"AGAINST THE PROPOSITION - NO",,0,0,28,28,,
5/12/2015,"320019","SASAKWA PUBLIC SCHOOLS INDEPENDENT SCHOOL DISTRICT NO. 010",56701,"PROPOSITION NO. 1  SASAKWA PUBLIC SCHOOLS",,5,5,1,"FOR THE PROPOSITION - YES",,0,0,4,4,,
5/12/2015,"320019","SASAKWA PUBLIC SCHOOLS INDEPENDENT SCHOOL DISTRICT NO. 010",56701,"PROPOSITION NO. 1  SASAKWA PUBLIC SCHOOLS",,5,5,2,"AGAINST THE PROPOSITION - NO",,0,0,4,4,,
5/12/2015,"320019","SASAKWA PUBLIC SCHOOLS INDEPENDENT SCHOOL DISTRICT NO. 010",56702,"PROPOSITION NO. 2  SASAKWA PUBLIC SCHOOLS",,5,5,1,"FOR THE PROPOSITION - YES",,0,0,4,4,,
5/12/2015,"320019","SASAKWA PUBLIC SCHOOLS INDEPENDENT SCHOOL DISTRICT NO. 010",56702,"PROPOSITION NO. 2  SASAKWA PUBLIC SCHOOLS",,5,5,2,"AGAINST THE PROPOSITION - NO",,0,0,4,4,,
5/12/2015,"320020","HOLDENVILLE PUBLIC SCHOOLS INDEPENDENT SCHOOL DISTRICT NO. 035",53201,"PROPOSITION  HOLDENVILLE PUBLIC SCHOOLS",,8,8,1,"FOR THE PROPOSITION - YES",,0,3,0,3,,
5/12/2015,"320020","HOLDENVILLE PUBLIC SCHOOLS INDEPENDENT SCHOOL DISTRICT NO. 035",53201,"PROPOSITION  HOLDENVILLE PUBLIC SCHOOLS",,8,8,2,"AGAINST THE PROPOSITION - NO",,2,5,4,11,,
5/12/2015,"320021","HOLDENVILLE PUBLIC SCHOOLS INDEPENDENT SCHOOL DISTRICT NO. 035",53201,"PROPOSITION  HOLDENVILLE PUBLIC SCHOOLS",,8,8,1,"FOR THE PROPOSITION - YES",,2,3,38,43,,
5/12/2015,"320021","HOLDENVILLE PUBLIC SCHOOLS INDEPENDENT SCHOOL DISTRICT NO. 035",53201,"PROPOSITION  HOLDENVILLE PUBLIC SCHOOLS",,8,8,2,"AGAINST THE PROPOSITION - NO",,4,7,82,93,,
5/12/2015,"320030","HOLDENVILLE PUBLIC SCHOOLS INDEPENDENT SCHOOL DISTRICT NO. 035",53201,"PROPOSITION  HOLDENVILLE PUBLIC SCHOOLS",,8,8,1,"FOR THE PROPOSITION - YES",,0,0,8,8,,
5/12/2015,"320030","HOLDENVILLE PUBLIC SCHOOLS INDEPENDENT SCHOOL DISTRICT NO. 035",53201,"PROPOSITION  HOLDENVILLE PUBLIC SCHOOLS",,8,8,2,"AGAINST THE PROPOSITION - NO",,0,0,8,8,,
5/12/2015,"320035","HOLDENVILLE PUBLIC SCHOOLS INDEPENDENT SCHOOL DISTRICT NO. 035",53201,"PROPOSITION  HOLDENVILLE PUBLIC SCHOOLS",,8,8,1,"FOR THE PROPOSITION - YES",,1,12,132,145,,
5/12/2015,"320035","HOLDENVILLE PUBLIC SCHOOLS INDEPENDENT SCHOOL DISTRICT NO. 035",53201,"PROPOSITION  HOLDENVILLE PUBLIC SCHOOLS",,8,8,2,"AGAINST THE PROPOSITION - NO",,5,9,190,204,,
5/12/2015,"370102","CASHION PUBLIC SCHOOLS INDEPENDENT SCHOOL DISTRICT NO. 089",53701,"PROPOSITION NO. 1  CASHION PUBLIC SCHOOLS",,8,8,1,"FOR THE PROPOSITION - YES",,0,0,0,0,,
5/12/2015,"370102","CASHION PUBLIC SCHOOLS INDEPENDENT SCHOOL DISTRICT NO. 089",53701,"PROPOSITION NO. 1  CASHION PUBLIC SCHOOLS",,8,8,2,"AGAINST THE PROPOSITION - NO",,0,0,0,0,,
5/12/2015,"370102","CASHION PUBLIC SCHOOLS INDEPENDENT SCHOOL DISTRICT NO. 089",53702,"PROPOSITION NO. 2  CASHION PUBLIC SCHOOLS",,8,8,1,"FOR THE PROPOSITION - YES",,0,0,0,0,,
5/12/2015,"370102","CASHION PUBLIC SCHOOLS INDEPENDENT SCHOOL DISTRICT NO. 089",53702,"PROPOSITION NO. 2  CASHION PUBLIC SCHOOLS",,8,8,2,"AGAINST THE PROPOSITION - NO",,0,0,0,0,,
5/12/2015,"370103","CASHION PUBLIC SCHOOLS INDEPENDENT SCHOOL DISTRICT NO. 089",53701,"PROPOSITION NO. 1  CASHION PUBLIC SCHOOLS",,8,8,1,"FOR THE PROPOSITION - YES",,0,0,4,4,,
5/12/2015,"370103","CASHION PUBLIC SCHOOLS INDEPENDENT SCHOOL DISTRICT NO. 089",53701,"PROPOSITION NO. 1  CASHION PUBLIC SCHOOLS",,8,8,2,"AGAINST THE PROPOSITION - NO",,0,0,0,0,,
5/12/2015,"370103","CASHION PUBLIC SCHOOLS INDEPENDENT SCHOOL DISTRICT NO. 089",53702,"PROPOSITION NO. 2  CASHION PUBLIC SCHOOLS",,8,8,1,"FOR THE PROPOSITION - YES",,0,0,4,4,,
5/12/2015,"370103","CASHION PUBLIC SCHOOLS INDEPENDENT SCHOOL DISTRICT NO. 089",53702,"PROPOSITION NO. 2  CASHION PUBLIC SCHOOLS",,8,8,2,"AGAINST THE PROPOSITION - NO",,0,0,0,0,,
5/12/2015,"370105","CASHION PUBLIC SCHOOLS INDEPENDENT SCHOOL DISTRICT NO. 089",53701,"PROPOSITION NO. 1  CASHION PUBLIC SCHOOLS",,8,8,1,"FOR THE PROPOSITION - YES",,0,2,102,104,,
5/12/2015,"370105","CASHION PUBLIC SCHOOLS INDEPENDENT SCHOOL DISTRICT NO. 089",53701,"PROPOSITION NO. 1  CASHION PUBLIC SCHOOLS",,8,8,2,"AGAINST THE PROPOSITION - NO",,0,2,59,61,,
5/12/2015,"370105","CASHION PUBLIC SCHOOLS INDEPENDENT SCHOOL DISTRICT NO. 089",53702,"PROPOSITION NO. 2  CASHION PUBLIC SCHOOLS",,8,8,1,"FOR THE PROPOSITION - YES",,0,2,114,116,,
5/12/2015,"370105","CASHION PUBLIC SCHOOLS INDEPENDENT SCHOOL DISTRICT NO. 089",53702,"PROPOSITION NO. 2  CASHION PUBLIC SCHOOLS",,8,8,2,"AGAINST THE PROPOSITION - NO",,0,2,47,49,,
5/12/2015,"380001","LONE WOLF PUBLIC SCHOOLS INDEPENDENT SCHOOL DISTRICT NO. 002",53801,"PROPOSITION NO. 1  LONE WOLF PUBLIC SCHOOLS",,4,4,1,"FOR THE PROPOSITION - YES",,0,1,0,1,,
5/12/2015,"380001","LONE WOLF PUBLIC SCHOOLS INDEPENDENT SCHOOL DISTRICT NO. 002",53801,"PROPOSITION NO. 1  LONE WOLF PUBLIC SCHOOLS",,4,4,2,"AGAINST THE PROPOSITION - NO",,0,0,0,0,,
5/12/2015,"380001","LONE WOLF PUBLIC SCHOOLS INDEPENDENT SCHOOL DISTRICT NO. 002",53802,"PROPOSITION NO. 2  LONE WOLF PUBLIC SCHOOLS",,4,4,1,"FOR THE PROPOSITION - YES",,0,1,0,1,,
5/12/2015,"380001","LONE WOLF PUBLIC SCHOOLS INDEPENDENT SCHOOL DISTRICT NO. 002",53802,"PROPOSITION NO. 2  LONE WOLF PUBLIC SCHOOLS",,4,4,2,"AGAINST THE PROPOSITION - NO",,0,0,0,0,,
5/12/2015,"380002","LONE WOLF PUBLIC SCHOOLS INDEPENDENT SCHOOL DISTRICT NO. 002",53801,"PROPOSITION NO. 1  LONE WOLF PUBLIC SCHOOLS",,4,4,1,"FOR THE PROPOSITION - YES",,0,0,8,8,,
5/12/2015,"380002","LONE WOLF PUBLIC SCHOOLS INDEPENDENT SCHOOL DISTRICT NO. 002",53801,"PROPOSITION NO. 1  LONE WOLF PUBLIC SCHOOLS",,4,4,2,"AGAINST THE PROPOSITION - NO",,0,0,2,2,,
5/12/2015,"380002","LONE WOLF PUBLIC SCHOOLS INDEPENDENT SCHOOL DISTRICT NO. 002",53802,"PROPOSITION NO. 2  LONE WOLF PUBLIC SCHOOLS",,4,4,1,"FOR THE PROPOSITION - YES",,0,0,9,9,,
5/12/2015,"380002","LONE WOLF PUBLIC SCHOOLS INDEPENDENT SCHOOL DISTRICT NO. 002",53802,"PROPOSITION NO. 2  LONE WOLF PUBLIC SCHOOLS",,4,4,2,"AGAINST THE PROPOSITION - NO",,0,0,2,2,,
5/12/2015,"380008","LONE WOLF PUBLIC SCHOOLS INDEPENDENT SCHOOL DISTRICT NO. 002",53801,"PROPOSITION NO. 1  LONE WOLF PUBLIC SCHOOLS",,4,4,1,"FOR THE PROPOSITION - YES",,0,5,62,67,,
5/12/2015,"380008","LONE WOLF PUBLIC SCHOOLS INDEPENDENT SCHOOL DISTRICT NO. 002",53801,"PROPOSITION NO. 1  LONE WOLF PUBLIC SCHOOLS",,4,4,2,"AGAINST THE PROPOSITION - NO",,0,0,17,17,,
5/12/2015,"380008","LONE WOLF PUBLIC SCHOOLS INDEPENDENT SCHOOL DISTRICT NO. 002",53802,"PROPOSITION NO. 2  LONE WOLF PUBLIC SCHOOLS",,4,4,1,"FOR THE PROPOSITION - YES",,0,5,61,66,,
5/12/2015,"380008","LONE WOLF PUBLIC SCHOOLS INDEPENDENT SCHOOL DISTRICT NO. 002",53802,"PROPOSITION NO. 2  LONE WOLF PUBLIC SCHOOLS",,4,4,2,"AGAINST THE PROPOSITION - NO",,0,0,19,19,,
5/12/2015,"380011","LONE WOLF PUBLIC SCHOOLS INDEPENDENT SCHOOL DISTRICT NO. 002",53801,"PROPOSITION NO. 1  LONE WOLF PUBLIC SCHOOLS",,4,4,1,"FOR THE PROPOSITION - YES",,0,0,9,9,,
5/12/2015,"380011","LONE WOLF PUBLIC SCHOOLS INDEPENDENT SCHOOL DISTRICT NO. 002",53801,"PROPOSITION NO. 1  LONE WOLF PUBLIC SCHOOLS",,4,4,2,"AGAINST THE PROPOSITION - NO",,0,0,0,0,,
5/12/2015,"380011","LONE WOLF PUBLIC SCHOOLS INDEPENDENT SCHOOL DISTRICT NO. 002",53802,"PROPOSITION NO. 2  LONE WOLF PUBLIC SCHOOLS",,4,4,1,"FOR THE PROPOSITION - YES",,0,0,8,8,,
5/12/2015,"380011","LONE WOLF PUBLIC SCHOOLS INDEPENDENT SCHOOL DISTRICT NO. 002",53802,"PROPOSITION NO. 2  LONE WOLF PUBLIC SCHOOLS",,4,4,2,"AGAINST THE PROPOSITION - NO",,0,0,1,1,,
5/12/2015,"410001","DAVENPORT PUBLIC SCHOOLS INDEPENDENT SCHOOL DISTRICT NO. 003",54101,"PROPOSITION  DAVENPORT PUBLIC SCHOOLS",,5,5,1,"FOR THE PROPOSITION - YES",,0,0,0,0,,
5/12/2015,"410001","DAVENPORT PUBLIC SCHOOLS INDEPENDENT SCHOOL DISTRICT NO. 003",54101,"PROPOSITION  DAVENPORT PUBLIC SCHOOLS",,5,5,2,"AGAINST THE PROPOSITION - NO",,2,0,0,2,,
5/12/2015,"410002","DAVENPORT PUBLIC SCHOOLS INDEPENDENT SCHOOL DISTRICT NO. 003",54101,"PROPOSITION  DAVENPORT PUBLIC SCHOOLS",,5,5,1,"FOR THE PROPOSITION - YES",,0,0,0,0,,
5/12/2015,"410002","DAVENPORT PUBLIC SCHOOLS INDEPENDENT SCHOOL DISTRICT NO. 003",54101,"PROPOSITION  DAVENPORT PUBLIC SCHOOLS",,5,5,2,"AGAINST THE PROPOSITION - NO",,0,0,0,0,,
5/12/2015,"410003","DAVENPORT PUBLIC SCHOOLS INDEPENDENT SCHOOL DISTRICT NO. 003",54101,"PROPOSITION  DAVENPORT PUBLIC SCHOOLS",,5,5,1,"FOR THE PROPOSITION - YES",,3,4,103,110,,
5/12/2015,"410003","DAVENPORT PUBLIC SCHOOLS INDEPENDENT SCHOOL DISTRICT NO. 003",54101,"PROPOSITION  DAVENPORT PUBLIC SCHOOLS",,5,5,2,"AGAINST THE PROPOSITION - NO",,0,0,16,16,,
5/12/2015,"410009","WHITE ROCK PUBLIC SCHOOL ELEMENTARY SCHOOL DISTRICT NO. 005",54102,"PROPOSITION  WHITE ROCK PUBLIC SCHOOL",,4,4,1,"FOR THE PROPOSITION - YES",,0,0,0,0,,
5/12/2015,"410009","WHITE ROCK PUBLIC SCHOOL ELEMENTARY SCHOOL DISTRICT NO. 005",54102,"PROPOSITION  WHITE ROCK PUBLIC SCHOOL",,4,4,2,"AGAINST THE PROPOSITION - NO",,0,0,0,0,,
5/12/2015,"410012","DAVENPORT PUBLIC SCHOOLS INDEPENDENT SCHOOL DISTRICT NO. 003",54101,"PROPOSITION  DAVENPORT PUBLIC SCHOOLS",,5,5,1,"FOR THE PROPOSITION - YES",,0,0,2,2,,
5/12/2015,"410012","DAVENPORT PUBLIC SCHOOLS INDEPENDENT SCHOOL DISTRICT NO. 003",54101,"PROPOSITION  DAVENPORT PUBLIC SCHOOLS",,5,5,2,"AGAINST THE PROPOSITION - NO",,0,0,0,0,,
5/12/2015,"410015","WHITE ROCK PUBLIC SCHOOL ELEMENTARY SCHOOL DISTRICT NO. 005",54102,"PROPOSITION  WHITE ROCK PUBLIC SCHOOL",,4,4,1,"FOR THE PROPOSITION - YES",,0,0,15,15,,
5/12/2015,"410015","WHITE ROCK PUBLIC SCHOOL ELEMENTARY SCHOOL DISTRICT NO. 005",54102,"PROPOSITION  WHITE ROCK PUBLIC SCHOOL",,4,4,2,"AGAINST THE PROPOSITION - NO",,0,0,6,6,,
5/12/2015,"410015","MCLOUD PUBLIC SCHOOLS INDEPENDENT SCHOOL DISTRICT NO. 001",56301,"PROPOSITION  MCLOUD PUBLIC SCHOOLS",,8,8,1,"FOR THE PROPOSITION - YES",,0,0,6,6,,
5/12/2015,"410015","MCLOUD PUBLIC SCHOOLS INDEPENDENT SCHOOL DISTRICT NO. 001",56301,"PROPOSITION  MCLOUD PUBLIC SCHOOLS",,8,8,2,"AGAINST THE PROPOSITION - NO",,2,0,2,4,,
5/12/2015,"410016","WHITE ROCK PUBLIC SCHOOL ELEMENTARY SCHOOL DISTRICT NO. 005",54102,"PROPOSITION  WHITE ROCK PUBLIC SCHOOL",,4,4,1,"FOR THE PROPOSITION - YES",,0,0,16,16,,
5/12/2015,"410016","WHITE ROCK PUBLIC SCHOOL ELEMENTARY SCHOOL DISTRICT NO. 005",54102,"PROPOSITION  WHITE ROCK PUBLIC SCHOOL",,4,4,2,"AGAINST THE PROPOSITION - NO",,0,1,22,23,,
5/12/2015,"410016","MCLOUD PUBLIC SCHOOLS INDEPENDENT SCHOOL DISTRICT NO. 001",56301,"PROPOSITION  MCLOUD PUBLIC SCHOOLS",,8,8,1,"FOR THE PROPOSITION - YES",,0,0,0,0,,
5/12/2015,"410016","MCLOUD PUBLIC SCHOOLS INDEPENDENT SCHOOL DISTRICT NO. 001",56301,"PROPOSITION  MCLOUD PUBLIC SCHOOLS",,8,8,2,"AGAINST THE PROPOSITION - NO",,0,0,0,0,,
5/12/2015,"410017","DAVENPORT PUBLIC SCHOOLS INDEPENDENT SCHOOL DISTRICT NO. 003",54101,"PROPOSITION  DAVENPORT PUBLIC SCHOOLS",,5,5,1,"FOR THE PROPOSITION - YES",,0,0,6,6,,
5/12/2015,"410017","DAVENPORT PUBLIC SCHOOLS INDEPENDENT SCHOOL DISTRICT NO. 003",54101,"PROPOSITION  DAVENPORT PUBLIC SCHOOLS",,5,5,2,"AGAINST THE PROPOSITION - NO",,0,0,1,1,,
5/12/2015,"410020","WHITE ROCK PUBLIC SCHOOL ELEMENTARY SCHOOL DISTRICT NO. 005",54102,"PROPOSITION  WHITE ROCK PUBLIC SCHOOL",,4,4,1,"FOR THE PROPOSITION - YES",,2,0,0,2,,
5/12/2015,"410020","WHITE ROCK PUBLIC SCHOOL ELEMENTARY SCHOOL DISTRICT NO. 005",54102,"PROPOSITION  WHITE ROCK PUBLIC SCHOOL",,4,4,2,"AGAINST THE PROPOSITION - NO",,0,0,0,0,,
5/12/2015,"420101","CASHION PUBLIC SCHOOLS INDEPENDENT SCHOOL DISTRICT NO. 089",53701,"PROPOSITION NO. 1  CASHION PUBLIC SCHOOLS",,8,8,1,"FOR THE PROPOSITION - YES",,3,1,74,78,,
5/12/2015,"420101","CASHION PUBLIC SCHOOLS INDEPENDENT SCHOOL DISTRICT NO. 089",53701,"PROPOSITION NO. 1  CASHION PUBLIC SCHOOLS",,8,8,2,"AGAINST THE PROPOSITION - NO",,0,0,26,26,,
5/12/2015,"420101","CASHION PUBLIC SCHOOLS INDEPENDENT SCHOOL DISTRICT NO. 089",53702,"PROPOSITION NO. 2  CASHION PUBLIC SCHOOLS",,8,8,1,"FOR THE PROPOSITION - YES",,3,1,82,86,,
5/12/2015,"420101","CASHION PUBLIC SCHOOLS INDEPENDENT SCHOOL DISTRICT NO. 089",53702,"PROPOSITION NO. 2  CASHION PUBLIC SCHOOLS",,8,8,2,"AGAINST THE PROPOSITION - NO",,0,0,19,19,,
5/12/2015,"420101","GUTHRIE PUBLIC SCHOOLS INDEPENDENT SCHOOL DISTRICT NO. 001",54201,"PROPOSITION  GUTHRIE PUBLIC SCHOOLS",,17,17,1,"FOR THE PROPOSITION - YES",,0,0,7,7,,
5/12/2015,"420101","GUTHRIE PUBLIC SCHOOLS INDEPENDENT SCHOOL DISTRICT NO. 001",54201,"PROPOSITION  GUTHRIE PUBLIC SCHOOLS",,17,17,2,"AGAINST THE PROPOSITION - NO",,0,0,2,2,,
5/12/2015,"420102","CASHION PUBLIC SCHOOLS INDEPENDENT SCHOOL DISTRICT NO. 089",53701,"PROPOSITION NO. 1  CASHION PUBLIC SCHOOLS",,8,8,1,"FOR THE PROPOSITION - YES",,0,0,0,0,,
5/12/2015,"420102","CASHION PUBLIC SCHOOLS INDEPENDENT SCHOOL DISTRICT NO. 089",53701,"PROPOSITION NO. 1  CASHION PUBLIC SCHOOLS",,8,8,2,"AGAINST THE PROPOSITION - NO",,0,0,0,0,,
5/12/2015,"420102","CASHION PUBLIC SCHOOLS INDEPENDENT SCHOOL DISTRICT NO. 089",53702,"PROPOSITION NO. 2  CASHION PUBLIC SCHOOLS",,8,8,1,"FOR THE PROPOSITION - YES",,0,0,0,0,,
5/12/2015,"420102","CASHION PUBLIC SCHOOLS INDEPENDENT SCHOOL DISTRICT NO. 089",53702,"PROPOSITION NO. 2  CASHION PUBLIC SCHOOLS",,8,8,2,"AGAINST THE PROPOSITION - NO",,0,0,0,0,,
5/12/2015,"420102","GUTHRIE PUBLIC SCHOOLS INDEPENDENT SCHOOL DISTRICT NO. 001",54201,"PROPOSITION  GUTHRIE PUBLIC SCHOOLS",,17,17,1,"FOR THE PROPOSITION - YES",,9,52,222,283,,
5/12/2015,"420102","GUTHRIE PUBLIC SCHOOLS INDEPENDENT SCHOOL DISTRICT NO. 001",54201,"PROPOSITION  GUTHRIE PUBLIC SCHOOLS",,17,17,2,"AGAINST THE PROPOSITION - NO",,8,4,74,86,,
5/12/2015,"420103","CASHION PUBLIC SCHOOLS INDEPENDENT SCHOOL DISTRICT NO. 089",53701,"PROPOSITION NO. 1  CASHION PUBLIC SCHOOLS",,8,8,1,"FOR THE PROPOSITION - YES",,0,0,7,7,,
5/12/2015,"420103","CASHION PUBLIC SCHOOLS INDEPENDENT SCHOOL DISTRICT NO. 089",53701,"PROPOSITION NO. 1  CASHION PUBLIC SCHOOLS",,8,8,2,"AGAINST THE PROPOSITION - NO",,0,0,0,0,,
5/12/2015,"420103","CASHION PUBLIC SCHOOLS INDEPENDENT SCHOOL DISTRICT NO. 089",53702,"PROPOSITION NO. 2  CASHION PUBLIC SCHOOLS",,8,8,1,"FOR THE PROPOSITION - YES",,0,0,7,7,,
5/12/2015,"420103","CASHION PUBLIC SCHOOLS INDEPENDENT SCHOOL DISTRICT NO. 089",53702,"PROPOSITION NO. 2  CASHION PUBLIC SCHOOLS",,8,8,2,"AGAINST THE PROPOSITION - NO",,0,0,0,0,,
5/12/2015,"420103","GUTHRIE PUBLIC SCHOOLS INDEPENDENT SCHOOL DISTRICT NO. 001",54201,"PROPOSITION  GUTHRIE PUBLIC SCHOOLS",,17,17,1,"FOR THE PROPOSITION - YES",,0,0,7,7,,
5/12/2015,"420103","GUTHRIE PUBLIC SCHOOLS INDEPENDENT SCHOOL DISTRICT NO. 001",54201,"PROPOSITION  GUTHRIE PUBLIC SCHOOLS",,17,17,2,"AGAINST THE PROPOSITION - NO",,0,0,1,1,,
5/12/2015,"420104","GUTHRIE PUBLIC SCHOOLS INDEPENDENT SCHOOL DISTRICT NO. 001",54201,"PROPOSITION  GUTHRIE PUBLIC SCHOOLS",,17,17,1,"FOR THE PROPOSITION - YES",,0,2,25,27,,
5/12/2015,"420104","GUTHRIE PUBLIC SCHOOLS INDEPENDENT SCHOOL DISTRICT NO. 001",54201,"PROPOSITION  GUTHRIE PUBLIC SCHOOLS",,17,17,2,"AGAINST THE PROPOSITION - NO",,0,0,10,10,,
5/12/2015,"420105","GUTHRIE PUBLIC SCHOOLS INDEPENDENT SCHOOL DISTRICT NO. 001",54201,"PROPOSITION  GUTHRIE PUBLIC SCHOOLS",,17,17,1,"FOR THE PROPOSITION - YES",,6,27,187,220,,
5/12/2015,"420105","GUTHRIE PUBLIC SCHOOLS INDEPENDENT SCHOOL DISTRICT NO. 001",54201,"PROPOSITION  GUTHRIE PUBLIC SCHOOLS",,17,17,2,"AGAINST THE PROPOSITION - NO",,0,3,76,79,,
5/12/2015,"420106","GUTHRIE PUBLIC SCHOOLS INDEPENDENT SCHOOL DISTRICT NO. 001",54201,"PROPOSITION  GUTHRIE PUBLIC SCHOOLS",,17,17,1,"FOR THE PROPOSITION - YES",,0,1,4,5,,
5/12/2015,"420106","GUTHRIE PUBLIC SCHOOLS INDEPENDENT SCHOOL DISTRICT NO. 001",54201,"PROPOSITION  GUTHRIE PUBLIC SCHOOLS",,17,17,2,"AGAINST THE PROPOSITION - NO",,0,0,7,7,,
5/12/2015,"420201","GUTHRIE PUBLIC SCHOOLS INDEPENDENT SCHOOL DISTRICT NO. 001",54201,"PROPOSITION  GUTHRIE PUBLIC SCHOOLS",,17,17,1,"FOR THE PROPOSITION - YES",,0,0,0,0,,
5/12/2015,"420201","GUTHRIE PUBLIC SCHOOLS INDEPENDENT SCHOOL DISTRICT NO. 001",54201,"PROPOSITION  GUTHRIE PUBLIC SCHOOLS",,17,17,2,"AGAINST THE PROPOSITION - NO",,0,0,0,0,,
5/12/2015,"420204","GUTHRIE PUBLIC SCHOOLS INDEPENDENT SCHOOL DISTRICT NO. 001",54201,"PROPOSITION  GUTHRIE PUBLIC SCHOOLS",,17,17,1,"FOR THE PROPOSITION - YES",,2,61,361,424,,
5/12/2015,"420204","GUTHRIE PUBLIC SCHOOLS INDEPENDENT SCHOOL DISTRICT NO. 001",54201,"PROPOSITION  GUTHRIE PUBLIC SCHOOLS",,17,17,2,"AGAINST THE PROPOSITION - NO",,3,9,107,119,,
5/12/2015,"420205","GUTHRIE PUBLIC SCHOOLS INDEPENDENT SCHOOL DISTRICT NO. 001",54201,"PROPOSITION  GUTHRIE PUBLIC SCHOOLS",,17,17,1,"FOR THE PROPOSITION - YES",,8,49,365,422,,
5/12/2015,"420205","GUTHRIE PUBLIC SCHOOLS INDEPENDENT SCHOOL DISTRICT NO. 001",54201,"PROPOSITION  GUTHRIE PUBLIC SCHOOLS",,17,17,2,"AGAINST THE PROPOSITION - NO",,7,8,137,152,,
5/12/2015,"420206","GUTHRIE PUBLIC SCHOOLS INDEPENDENT SCHOOL DISTRICT NO. 001",54201,"PROPOSITION  GUTHRIE PUBLIC SCHOOLS",,17,17,1,"FOR THE PROPOSITION - YES",,4,13,131,148,,
5/12/2015,"420206","GUTHRIE PUBLIC SCHOOLS INDEPENDENT SCHOOL DISTRICT NO. 001",54201,"PROPOSITION  GUTHRIE PUBLIC SCHOOLS",,17,17,2,"AGAINST THE PROPOSITION - NO",,0,2,77,79,,
5/12/2015,"420207","GUTHRIE PUBLIC SCHOOLS INDEPENDENT SCHOOL DISTRICT NO. 001",54201,"PROPOSITION  GUTHRIE PUBLIC SCHOOLS",,17,17,1,"FOR THE PROPOSITION - YES",,4,13,225,242,,
5/12/2015,"420207","GUTHRIE PUBLIC SCHOOLS INDEPENDENT SCHOOL DISTRICT NO. 001",54201,"PROPOSITION  GUTHRIE PUBLIC SCHOOLS",,17,17,2,"AGAINST THE PROPOSITION - NO",,2,0,91,93,,
5/12/2015,"420303","CASHION PUBLIC SCHOOLS INDEPENDENT SCHOOL DISTRICT NO. 089",53701,"PROPOSITION NO. 1  CASHION PUBLIC SCHOOLS",,8,8,1,"FOR THE PROPOSITION - YES",,0,0,0,0,,
5/12/2015,"420303","CASHION PUBLIC SCHOOLS INDEPENDENT SCHOOL DISTRICT NO. 089",53701,"PROPOSITION NO. 1  CASHION PUBLIC SCHOOLS",,8,8,2,"AGAINST THE PROPOSITION - NO",,0,0,0,0,,
5/12/2015,"420303","CASHION PUBLIC SCHOOLS INDEPENDENT SCHOOL DISTRICT NO. 089",53702,"PROPOSITION NO. 2  CASHION PUBLIC SCHOOLS",,8,8,1,"FOR THE PROPOSITION - YES",,0,0,0,0,,
5/12/2015,"420303","CASHION PUBLIC SCHOOLS INDEPENDENT SCHOOL DISTRICT NO. 089",53702,"PROPOSITION NO. 2  CASHION PUBLIC SCHOOLS",,8,8,2,"AGAINST THE PROPOSITION - NO",,0,0,0,0,,
5/12/2015,"420303","GUTHRIE PUBLIC SCHOOLS INDEPENDENT SCHOOL DISTRICT NO. 001",54201,"PROPOSITION  GUTHRIE PUBLIC SCHOOLS",,17,17,1,"FOR THE PROPOSITION - YES",,0,0,0,0,,
5/12/2015,"420303","GUTHRIE PUBLIC SCHOOLS INDEPENDENT SCHOOL DISTRICT NO. 001",54201,"PROPOSITION  GUTHRIE PUBLIC SCHOOLS",,17,17,2,"AGAINST THE PROPOSITION - NO",,0,0,0,0,,
5/12/2015,"420305","GUTHRIE PUBLIC SCHOOLS INDEPENDENT SCHOOL DISTRICT NO. 001",54201,"PROPOSITION  GUTHRIE PUBLIC SCHOOLS",,17,17,1,"FOR THE PROPOSITION - YES",,7,48,240,295,,
5/12/2015,"420305","GUTHRIE PUBLIC SCHOOLS INDEPENDENT SCHOOL DISTRICT NO. 001",54201,"PROPOSITION  GUTHRIE PUBLIC SCHOOLS",,17,17,2,"AGAINST THE PROPOSITION - NO",,2,3,64,69,,
5/12/2015,"420306","GUTHRIE PUBLIC SCHOOLS INDEPENDENT SCHOOL DISTRICT NO. 001",54201,"PROPOSITION  GUTHRIE PUBLIC SCHOOLS",,17,17,1,"FOR THE PROPOSITION - YES",,7,7,125,139,,
5/12/2015,"420306","GUTHRIE PUBLIC SCHOOLS INDEPENDENT SCHOOL DISTRICT NO. 001",54201,"PROPOSITION  GUTHRIE PUBLIC SCHOOLS",,17,17,2,"AGAINST THE PROPOSITION - NO",,0,1,32,33,,
5/12/2015,"420307","GUTHRIE PUBLIC SCHOOLS INDEPENDENT SCHOOL DISTRICT NO. 001",54201,"PROPOSITION  GUTHRIE PUBLIC SCHOOLS",,17,17,1,"FOR THE PROPOSITION - YES",,21,72,389,482,,
5/12/2015,"420307","GUTHRIE PUBLIC SCHOOLS INDEPENDENT SCHOOL DISTRICT NO. 001",54201,"PROPOSITION  GUTHRIE PUBLIC SCHOOLS",,17,17,2,"AGAINST THE PROPOSITION - NO",,8,10,78,96,,
5/12/2015,"420308","GUTHRIE PUBLIC SCHOOLS INDEPENDENT SCHOOL DISTRICT NO. 001",54201,"PROPOSITION  GUTHRIE PUBLIC SCHOOLS",,17,17,1,"FOR THE PROPOSITION - YES",,6,55,283,344,,
5/12/2015,"420308","GUTHRIE PUBLIC SCHOOLS INDEPENDENT SCHOOL DISTRICT NO. 001",54201,"PROPOSITION  GUTHRIE PUBLIC SCHOOLS",,17,17,2,"AGAINST THE PROPOSITION - NO",,2,4,87,93,,
5/12/2015,"420309","GUTHRIE PUBLIC SCHOOLS INDEPENDENT SCHOOL DISTRICT NO. 001",54201,"PROPOSITION  GUTHRIE PUBLIC SCHOOLS",,17,17,1,"FOR THE PROPOSITION - YES",,0,0,2,2,,
5/12/2015,"420309","GUTHRIE PUBLIC SCHOOLS INDEPENDENT SCHOOL DISTRICT NO. 001",54201,"PROPOSITION  GUTHRIE PUBLIC SCHOOLS",,17,17,2,"AGAINST THE PROPOSITION - NO",,0,0,0,0,,
5/12/2015,"550008","BETHANY PUBLIC SCHOOLS INDEPENDENT SCHOOL DISTRICT NO. 088",55501,"PROPOSITION  BETHANY PUBLIC SCHOOLS",,3,3,1,"FOR THE PROPOSITION - YES",,0,0,70,70,,
5/12/2015,"550008","BETHANY PUBLIC SCHOOLS INDEPENDENT SCHOOL DISTRICT NO. 088",55501,"PROPOSITION  BETHANY PUBLIC SCHOOLS",,3,3,2,"AGAINST THE PROPOSITION - NO",,0,0,2,2,,
5/12/2015,"550009","BETHANY PUBLIC SCHOOLS INDEPENDENT SCHOOL DISTRICT NO. 088",55501,"PROPOSITION  BETHANY PUBLIC SCHOOLS",,3,3,1,"FOR THE PROPOSITION - YES",,0,0,153,153,,
5/12/2015,"550009","BETHANY PUBLIC SCHOOLS INDEPENDENT SCHOOL DISTRICT NO. 088",55501,"PROPOSITION  BETHANY PUBLIC SCHOOLS",,3,3,2,"AGAINST THE PROPOSITION - NO",,0,0,10,10,,
5/12/2015,"550010","BETHANY PUBLIC SCHOOLS INDEPENDENT SCHOOL DISTRICT NO. 088",55501,"PROPOSITION  BETHANY PUBLIC SCHOOLS",,3,3,1,"FOR THE PROPOSITION - YES",,0,0,58,58,,
5/12/2015,"550010","BETHANY PUBLIC SCHOOLS INDEPENDENT SCHOOL DISTRICT NO. 088",55501,"PROPOSITION  BETHANY PUBLIC SCHOOLS",,3,3,2,"AGAINST THE PROPOSITION - NO",,0,0,3,3,,
5/12/2015,"550067","MCLOUD PUBLIC SCHOOLS INDEPENDENT SCHOOL DISTRICT NO. 001",56301,"PROPOSITION  MCLOUD PUBLIC SCHOOLS",,8,8,1,"FOR THE PROPOSITION - YES",,0,0,6,6,,
5/12/2015,"550067","MCLOUD PUBLIC SCHOOLS INDEPENDENT SCHOOL DISTRICT NO. 001",56301,"PROPOSITION  MCLOUD PUBLIC SCHOOLS",,8,8,2,"AGAINST THE PROPOSITION - NO",,0,0,1,1,,
5/12/2015,"550068","MCLOUD PUBLIC SCHOOLS INDEPENDENT SCHOOL DISTRICT NO. 001",56301,"PROPOSITION  MCLOUD PUBLIC SCHOOLS",,8,8,1,"FOR THE PROPOSITION - YES",,0,0,0,0,,
5/12/2015,"550068","MCLOUD PUBLIC SCHOOLS INDEPENDENT SCHOOL DISTRICT NO. 001",56301,"PROPOSITION  MCLOUD PUBLIC SCHOOLS",,8,8,2,"AGAINST THE PROPOSITION - NO",,0,0,0,0,,
5/12/2015,"550254","MCLOUD PUBLIC SCHOOLS INDEPENDENT SCHOOL DISTRICT NO. 001",56301,"PROPOSITION  MCLOUD PUBLIC SCHOOLS",,8,8,1,"FOR THE PROPOSITION - YES",,0,0,0,0,,
5/12/2015,"550254","MCLOUD PUBLIC SCHOOLS INDEPENDENT SCHOOL DISTRICT NO. 001",56301,"PROPOSITION  MCLOUD PUBLIC SCHOOLS",,8,8,2,"AGAINST THE PROPOSITION - NO",,0,0,4,4,,
5/12/2015,"559999","BETHANY PUBLIC SCHOOLS INDEPENDENT SCHOOL DISTRICT NO. 088",55501,"PROPOSITION  BETHANY PUBLIC SCHOOLS",,3,3,1,"FOR THE PROPOSITION - YES",,9,2,0,11,,
5/12/2015,"559999","BETHANY PUBLIC SCHOOLS INDEPENDENT SCHOOL DISTRICT NO. 088",55501,"PROPOSITION  BETHANY PUBLIC SCHOOLS",,3,3,2,"AGAINST THE PROPOSITION - NO",,5,0,0,5,,
5/12/2015,"559999","MCLOUD PUBLIC SCHOOLS INDEPENDENT SCHOOL DISTRICT NO. 001",56301,"PROPOSITION  MCLOUD PUBLIC SCHOOLS",,8,8,1,"FOR THE PROPOSITION - YES",,0,0,0,0,,
5/12/2015,"559999","MCLOUD PUBLIC SCHOOLS INDEPENDENT SCHOOL DISTRICT NO. 001",56301,"PROPOSITION  MCLOUD PUBLIC SCHOOLS",,8,8,2,"AGAINST THE PROPOSITION - NO",,0,0,0,0,,
5/12/2015,"590307","MANNFORD PUBLIC SCHOOLS INDEPENDENT SCHOOL DISTRICT NO. 003",51901,"PROPOSITION NO. 1  MANNFORD PUBLIC SCHOOLS",,5,5,1,"FOR THE PROPOSITION - YES",,0,0,0,0,,
5/12/2015,"590307","MANNFORD PUBLIC SCHOOLS INDEPENDENT SCHOOL DISTRICT NO. 003",51901,"PROPOSITION NO. 1  MANNFORD PUBLIC SCHOOLS",,5,5,2,"AGAINST THE PROPOSITION - NO",,0,0,0,0,,
5/12/2015,"590307","MANNFORD PUBLIC SCHOOLS INDEPENDENT SCHOOL DISTRICT NO. 003",51902,"PROPOSITION NO. 2  MANNFORD PUBLIC SCHOOLS",,5,5,1,"FOR THE PROPOSITION - YES",,0,0,0,0,,
5/12/2015,"590307","MANNFORD PUBLIC SCHOOLS INDEPENDENT SCHOOL DISTRICT NO. 003",51902,"PROPOSITION NO. 2  MANNFORD PUBLIC SCHOOLS",,5,5,2,"AGAINST THE PROPOSITION - NO",,0,0,0,0,,
5/12/2015,"590309","MANNFORD PUBLIC SCHOOLS INDEPENDENT SCHOOL DISTRICT NO. 003",51901,"PROPOSITION NO. 1  MANNFORD PUBLIC SCHOOLS",,5,5,1,"FOR THE PROPOSITION - YES",,0,0,23,23,,
5/12/2015,"590309","MANNFORD PUBLIC SCHOOLS INDEPENDENT SCHOOL DISTRICT NO. 003",51901,"PROPOSITION NO. 1  MANNFORD PUBLIC SCHOOLS",,5,5,2,"AGAINST THE PROPOSITION - NO",,1,0,3,4,,
5/12/2015,"590309","MANNFORD PUBLIC SCHOOLS INDEPENDENT SCHOOL DISTRICT NO. 003",51902,"PROPOSITION NO. 2  MANNFORD PUBLIC SCHOOLS",,5,5,1,"FOR THE PROPOSITION - YES",,0,0,23,23,,
5/12/2015,"590309","MANNFORD PUBLIC SCHOOLS INDEPENDENT SCHOOL DISTRICT NO. 003",51902,"PROPOSITION NO. 2  MANNFORD PUBLIC SCHOOLS",,5,5,2,"AGAINST THE PROPOSITION - NO",,1,0,3,4,,
5/12/2015,"590314","MANNFORD PUBLIC SCHOOLS INDEPENDENT SCHOOL DISTRICT NO. 003",51901,"PROPOSITION NO. 1  MANNFORD PUBLIC SCHOOLS",,5,5,1,"FOR THE PROPOSITION - YES",,0,0,6,6,,
5/12/2015,"590314","MANNFORD PUBLIC SCHOOLS INDEPENDENT SCHOOL DISTRICT NO. 003",51901,"PROPOSITION NO. 1  MANNFORD PUBLIC SCHOOLS",,5,5,2,"AGAINST THE PROPOSITION - NO",,0,0,0,0,,
5/12/2015,"590314","MANNFORD PUBLIC SCHOOLS INDEPENDENT SCHOOL DISTRICT NO. 003",51902,"PROPOSITION NO. 2  MANNFORD PUBLIC SCHOOLS",,5,5,1,"FOR THE PROPOSITION - YES",,0,0,6,6,,
5/12/2015,"590314","MANNFORD PUBLIC SCHOOLS INDEPENDENT SCHOOL DISTRICT NO. 003",51902,"PROPOSITION NO. 2  MANNFORD PUBLIC SCHOOLS",,5,5,2,"AGAINST THE PROPOSITION - NO",,0,0,0,0,,
5/12/2015,"600104","CITY OF DRUMRIGHT",41901,"PROPOSITION  CITY OF DRUMRIGHT",,2,2,1,"FOR THE PROPOSITION - YES",,0,0,1,1,,
5/12/2015,"600104","CITY OF DRUMRIGHT",41901,"PROPOSITION  CITY OF DRUMRIGHT",,2,2,2,"AGAINST THE PROPOSITION - NO",,0,0,0,0,,
5/12/2015,"610001","MCALESTER PUBLIC SCHOOLS INDEPENDENT SCHOOL DISTRICT NO. 080",56101,"PROPOSITION  MCALESTER PUBLIC SCHOOLS",,19,19,1,"FOR THE PROPOSITION - YES",,0,0,9,9,,
5/12/2015,"610001","MCALESTER PUBLIC SCHOOLS INDEPENDENT SCHOOL DISTRICT NO. 080",56101,"PROPOSITION  MCALESTER PUBLIC SCHOOLS",,19,19,2,"AGAINST THE PROPOSITION - NO",,0,0,8,8,,
5/12/2015,"610003","MCALESTER PUBLIC SCHOOLS INDEPENDENT SCHOOL DISTRICT NO. 080",56101,"PROPOSITION  MCALESTER PUBLIC SCHOOLS",,19,19,1,"FOR THE PROPOSITION - YES",,6,14,60,80,,
5/12/2015,"610003","MCALESTER PUBLIC SCHOOLS INDEPENDENT SCHOOL DISTRICT NO. 080",56101,"PROPOSITION  MCALESTER PUBLIC SCHOOLS",,19,19,2,"AGAINST THE PROPOSITION - NO",,0,1,54,55,,
5/12/2015,"610004","MCALESTER PUBLIC SCHOOLS INDEPENDENT SCHOOL DISTRICT NO. 080",56101,"PROPOSITION  MCALESTER PUBLIC SCHOOLS",,19,19,1,"FOR THE PROPOSITION - YES",,2,17,172,191,,
5/12/2015,"610004","MCALESTER PUBLIC SCHOOLS INDEPENDENT SCHOOL DISTRICT NO. 080",56101,"PROPOSITION  MCALESTER PUBLIC SCHOOLS",,19,19,2,"AGAINST THE PROPOSITION - NO",,2,5,92,99,,
5/12/2015,"610005","MCALESTER PUBLIC SCHOOLS INDEPENDENT SCHOOL DISTRICT NO. 080",56101,"PROPOSITION  MCALESTER PUBLIC SCHOOLS",,19,19,1,"FOR THE PROPOSITION - YES",,0,6,54,60,,
5/12/2015,"610005","MCALESTER PUBLIC SCHOOLS INDEPENDENT SCHOOL DISTRICT NO. 080",56101,"PROPOSITION  MCALESTER PUBLIC SCHOOLS",,19,19,2,"AGAINST THE PROPOSITION - NO",,0,3,23,26,,
5/12/2015,"610006","MCALESTER PUBLIC SCHOOLS INDEPENDENT SCHOOL DISTRICT NO. 080",56101,"PROPOSITION  MCALESTER PUBLIC SCHOOLS",,19,19,1,"FOR THE PROPOSITION - YES",,0,9,73,82,,
5/12/2015,"610006","MCALESTER PUBLIC SCHOOLS INDEPENDENT SCHOOL DISTRICT NO. 080",56101,"PROPOSITION  MCALESTER PUBLIC SCHOOLS",,19,19,2,"AGAINST THE PROPOSITION - NO",,2,1,36,39,,
5/12/2015,"610007","MCALESTER PUBLIC SCHOOLS INDEPENDENT SCHOOL DISTRICT NO. 080",56101,"PROPOSITION  MCALESTER PUBLIC SCHOOLS",,19,19,1,"FOR THE PROPOSITION - YES",,0,15,123,138,,
5/12/2015,"610007","MCALESTER PUBLIC SCHOOLS INDEPENDENT SCHOOL DISTRICT NO. 080",56101,"PROPOSITION  MCALESTER PUBLIC SCHOOLS",,19,19,2,"AGAINST THE PROPOSITION - NO",,1,0,45,46,,
5/12/2015,"610008","MCALESTER PUBLIC SCHOOLS INDEPENDENT SCHOOL DISTRICT NO. 080",56101,"PROPOSITION  MCALESTER PUBLIC SCHOOLS",,19,19,1,"FOR THE PROPOSITION - YES",,0,1,29,30,,
5/12/2015,"610008","MCALESTER PUBLIC SCHOOLS INDEPENDENT SCHOOL DISTRICT NO. 080",56101,"PROPOSITION  MCALESTER PUBLIC SCHOOLS",,19,19,2,"AGAINST THE PROPOSITION - NO",,0,3,20,23,,
5/12/2015,"610011","MCALESTER PUBLIC SCHOOLS INDEPENDENT SCHOOL DISTRICT NO. 080",56101,"PROPOSITION  MCALESTER PUBLIC SCHOOLS",,19,19,1,"FOR THE PROPOSITION - YES",,3,8,58,69,,
5/12/2015,"610011","MCALESTER PUBLIC SCHOOLS INDEPENDENT SCHOOL DISTRICT NO. 080",56101,"PROPOSITION  MCALESTER PUBLIC SCHOOLS",,19,19,2,"AGAINST THE PROPOSITION - NO",,1,2,78,81,,
5/12/2015,"610014","MCALESTER PUBLIC SCHOOLS INDEPENDENT SCHOOL DISTRICT NO. 080",56101,"PROPOSITION  MCALESTER PUBLIC SCHOOLS",,19,19,1,"FOR THE PROPOSITION - YES",,1,5,55,61,,
5/12/2015,"610014","MCALESTER PUBLIC SCHOOLS INDEPENDENT SCHOOL DISTRICT NO. 080",56101,"PROPOSITION  MCALESTER PUBLIC SCHOOLS",,19,19,2,"AGAINST THE PROPOSITION - NO",,0,6,66,72,,
5/12/2015,"610015","MCALESTER PUBLIC SCHOOLS INDEPENDENT SCHOOL DISTRICT NO. 080",56101,"PROPOSITION  MCALESTER PUBLIC SCHOOLS",,19,19,1,"FOR THE PROPOSITION - YES",,0,2,11,13,,
5/12/2015,"610015","MCALESTER PUBLIC SCHOOLS INDEPENDENT SCHOOL DISTRICT NO. 080",56101,"PROPOSITION  MCALESTER PUBLIC SCHOOLS",,19,19,2,"AGAINST THE PROPOSITION - NO",,0,2,8,10,,
5/12/2015,"610019","MCALESTER PUBLIC SCHOOLS INDEPENDENT SCHOOL DISTRICT NO. 080",56101,"PROPOSITION  MCALESTER PUBLIC SCHOOLS",,19,19,1,"FOR THE PROPOSITION - YES",,0,0,0,0,,
5/12/2015,"610019","MCALESTER PUBLIC SCHOOLS INDEPENDENT SCHOOL DISTRICT NO. 080",56101,"PROPOSITION  MCALESTER PUBLIC SCHOOLS",,19,19,2,"AGAINST THE PROPOSITION - NO",,0,0,6,6,,
5/12/2015,"610032","MCALESTER PUBLIC SCHOOLS INDEPENDENT SCHOOL DISTRICT NO. 080",56101,"PROPOSITION  MCALESTER PUBLIC SCHOOLS",,19,19,1,"FOR THE PROPOSITION - YES",,3,12,48,63,,
5/12/2015,"610032","MCALESTER PUBLIC SCHOOLS INDEPENDENT SCHOOL DISTRICT NO. 080",56101,"PROPOSITION  MCALESTER PUBLIC SCHOOLS",,19,19,2,"AGAINST THE PROPOSITION - NO",,2,0,12,14,,
5/12/2015,"610036","MCALESTER PUBLIC SCHOOLS INDEPENDENT SCHOOL DISTRICT NO. 080",56101,"PROPOSITION  MCALESTER PUBLIC SCHOOLS",,19,19,1,"FOR THE PROPOSITION - YES",,0,1,0,1,,
5/12/2015,"610036","MCALESTER PUBLIC SCHOOLS INDEPENDENT SCHOOL DISTRICT NO. 080",56101,"PROPOSITION  MCALESTER PUBLIC SCHOOLS",,19,19,2,"AGAINST THE PROPOSITION - NO",,0,1,4,5,,
5/12/2015,"610040","MCALESTER PUBLIC SCHOOLS INDEPENDENT SCHOOL DISTRICT NO. 080",56101,"PROPOSITION  MCALESTER PUBLIC SCHOOLS",,19,19,1,"FOR THE PROPOSITION - YES",,0,0,2,2,,
5/12/2015,"610040","MCALESTER PUBLIC SCHOOLS INDEPENDENT SCHOOL DISTRICT NO. 080",56101,"PROPOSITION  MCALESTER PUBLIC SCHOOLS",,19,19,2,"AGAINST THE PROPOSITION - NO",,0,0,3,3,,
5/12/2015,"610041","MCALESTER PUBLIC SCHOOLS INDEPENDENT SCHOOL DISTRICT NO. 080",56101,"PROPOSITION  MCALESTER PUBLIC SCHOOLS",,19,19,1,"FOR THE PROPOSITION - YES",,0,0,1,1,,
5/12/2015,"610041","MCALESTER PUBLIC SCHOOLS INDEPENDENT SCHOOL DISTRICT NO. 080",56101,"PROPOSITION  MCALESTER PUBLIC SCHOOLS",,19,19,2,"AGAINST THE PROPOSITION - NO",,0,0,0,0,,
5/12/2015,"610045","MCALESTER PUBLIC SCHOOLS INDEPENDENT SCHOOL DISTRICT NO. 080",56101,"PROPOSITION  MCALESTER PUBLIC SCHOOLS",,19,19,1,"FOR THE PROPOSITION - YES",,0,0,5,5,,
5/12/2015,"610045","MCALESTER PUBLIC SCHOOLS INDEPENDENT SCHOOL DISTRICT NO. 080",56101,"PROPOSITION  MCALESTER PUBLIC SCHOOLS",,19,19,2,"AGAINST THE PROPOSITION - NO",,0,0,0,0,,
5/12/2015,"610046","MCALESTER PUBLIC SCHOOLS INDEPENDENT SCHOOL DISTRICT NO. 080",56101,"PROPOSITION  MCALESTER PUBLIC SCHOOLS",,19,19,1,"FOR THE PROPOSITION - YES",,0,0,0,0,,
5/12/2015,"610046","MCALESTER PUBLIC SCHOOLS INDEPENDENT SCHOOL DISTRICT NO. 080",56101,"PROPOSITION  MCALESTER PUBLIC SCHOOLS",,19,19,2,"AGAINST THE PROPOSITION - NO",,0,0,0,0,,
5/12/2015,"610049","MCALESTER PUBLIC SCHOOLS INDEPENDENT SCHOOL DISTRICT NO. 080",56101,"PROPOSITION  MCALESTER PUBLIC SCHOOLS",,19,19,1,"FOR THE PROPOSITION - YES",,0,0,0,0,,
5/12/2015,"610049","MCALESTER PUBLIC SCHOOLS INDEPENDENT SCHOOL DISTRICT NO. 080",56101,"PROPOSITION  MCALESTER PUBLIC SCHOOLS",,19,19,2,"AGAINST THE PROPOSITION - NO",,0,0,0,0,,
5/12/2015,"610051","MCALESTER PUBLIC SCHOOLS INDEPENDENT SCHOOL DISTRICT NO. 080",56101,"PROPOSITION  MCALESTER PUBLIC SCHOOLS",,19,19,1,"FOR THE PROPOSITION - YES",,1,0,10,11,,
5/12/2015,"610051","MCALESTER PUBLIC SCHOOLS INDEPENDENT SCHOOL DISTRICT NO. 080",56101,"PROPOSITION  MCALESTER PUBLIC SCHOOLS",,19,19,2,"AGAINST THE PROPOSITION - NO",,0,0,4,4,,
5/12/2015,"630025","MCLOUD PUBLIC SCHOOLS INDEPENDENT SCHOOL DISTRICT NO. 001",56301,"PROPOSITION  MCLOUD PUBLIC SCHOOLS",,8,8,1,"FOR THE PROPOSITION - YES",,1,0,5,6,,
5/12/2015,"630025","MCLOUD PUBLIC SCHOOLS INDEPENDENT SCHOOL DISTRICT NO. 001",56301,"PROPOSITION  MCLOUD PUBLIC SCHOOLS",,8,8,2,"AGAINST THE PROPOSITION - NO",,0,0,5,5,,
5/12/2015,"630031","MCLOUD PUBLIC SCHOOLS INDEPENDENT SCHOOL DISTRICT NO. 001",56301,"PROPOSITION  MCLOUD PUBLIC SCHOOLS",,8,8,1,"FOR THE PROPOSITION - YES",,4,0,53,57,,
5/12/2015,"630031","MCLOUD PUBLIC SCHOOLS INDEPENDENT SCHOOL DISTRICT NO. 001",56301,"PROPOSITION  MCLOUD PUBLIC SCHOOLS",,8,8,2,"AGAINST THE PROPOSITION - NO",,1,0,20,21,,
5/12/2015,"670014","SASAKWA PUBLIC SCHOOLS INDEPENDENT SCHOOL DISTRICT NO. 010",56701,"PROPOSITION NO. 1  SASAKWA PUBLIC SCHOOLS",,5,5,1,"FOR THE PROPOSITION - YES",,0,0,0,0,,
5/12/2015,"670014","SASAKWA PUBLIC SCHOOLS INDEPENDENT SCHOOL DISTRICT NO. 010",56701,"PROPOSITION NO. 1  SASAKWA PUBLIC SCHOOLS",,5,5,2,"AGAINST THE PROPOSITION - NO",,0,0,0,0,,
5/12/2015,"670014","SASAKWA PUBLIC SCHOOLS INDEPENDENT SCHOOL DISTRICT NO. 010",56702,"PROPOSITION NO. 2  SASAKWA PUBLIC SCHOOLS",,5,5,1,"FOR THE PROPOSITION - YES",,0,0,0,0,,
5/12/2015,"670014","SASAKWA PUBLIC SCHOOLS INDEPENDENT SCHOOL DISTRICT NO. 010",56702,"PROPOSITION NO. 2  SASAKWA PUBLIC SCHOOLS",,5,5,2,"AGAINST THE PROPOSITION - NO",,0,0,0,0,,
5/12/2015,"670015","SASAKWA PUBLIC SCHOOLS INDEPENDENT SCHOOL DISTRICT NO. 010",56701,"PROPOSITION NO. 1  SASAKWA PUBLIC SCHOOLS",,5,5,1,"FOR THE PROPOSITION - YES",,3,5,132,140,,
5/12/2015,"670015","SASAKWA PUBLIC SCHOOLS INDEPENDENT SCHOOL DISTRICT NO. 010",56701,"PROPOSITION NO. 1  SASAKWA PUBLIC SCHOOLS",,5,5,2,"AGAINST THE PROPOSITION - NO",,1,2,55,58,,
5/12/2015,"670015","SASAKWA PUBLIC SCHOOLS INDEPENDENT SCHOOL DISTRICT NO. 010",56702,"PROPOSITION NO. 2  SASAKWA PUBLIC SCHOOLS",,5,5,1,"FOR THE PROPOSITION - YES",,3,5,127,135,,
5/12/2015,"670015","SASAKWA PUBLIC SCHOOLS INDEPENDENT SCHOOL DISTRICT NO. 010",56702,"PROPOSITION NO. 2  SASAKWA PUBLIC SCHOOLS",,5,5,2,"AGAINST THE PROPOSITION - NO",,1,2,59,62,,
5/12/2015,"670033","SASAKWA PUBLIC SCHOOLS INDEPENDENT SCHOOL DISTRICT NO. 010",56701,"PROPOSITION NO. 1  SASAKWA PUBLIC SCHOOLS",,5,5,1,"FOR THE PROPOSITION - YES",,0,0,0,0,,
5/12/2015,"670033","SASAKWA PUBLIC SCHOOLS INDEPENDENT SCHOOL DISTRICT NO. 010",56701,"PROPOSITION NO. 1  SASAKWA PUBLIC SCHOOLS",,5,5,2,"AGAINST THE PROPOSITION - NO",,0,0,0,0,,
5/12/2015,"670033","SASAKWA PUBLIC SCHOOLS INDEPENDENT SCHOOL DISTRICT NO. 010",56702,"PROPOSITION NO. 2  SASAKWA PUBLIC SCHOOLS",,5,5,1,"FOR THE PROPOSITION - YES",,0,0,0,0,,
5/12/2015,"670033","SASAKWA PUBLIC SCHOOLS INDEPENDENT SCHOOL DISTRICT NO. 010",56702,"PROPOSITION NO. 2  SASAKWA PUBLIC SCHOOLS",,5,5,2,"AGAINST THE PROPOSITION - NO",,0,0,0,0,,
5/12/2015,"740062","CITY OF DEWEY",47401,"PROPOSITION NO. 1  CITY OF DEWEY",,3,3,1,"FOR THE PROPOSITION - YES",,0,5,73,78,,
5/12/2015,"740062","CITY OF DEWEY",47401,"PROPOSITION NO. 1  CITY OF DEWEY",,3,3,2,"AGAINST THE PROPOSITION - NO",,0,1,15,16,,
5/12/2015,"740062","CITY OF DEWEY",47402,"PROPOSITION NO. 2  CITY OF DEWEY",,3,3,1,"FOR THE PROPOSITION - YES",,0,6,62,68,,
5/12/2015,"740062","CITY OF DEWEY",47402,"PROPOSITION NO. 2  CITY OF DEWEY",,3,3,2,"AGAINST THE PROPOSITION - NO",,0,0,26,26,,
5/12/2015,"740062","CITY OF DEWEY",47403,"PROPOSITION NO. 3  CITY OF DEWEY",,3,3,1,"FOR THE PROPOSITION - YES",,0,5,60,65,,
5/12/2015,"740062","CITY OF DEWEY",47403,"PROPOSITION NO. 3  CITY OF DEWEY",,3,3,2,"AGAINST THE PROPOSITION - NO",,0,1,28,29,,
5/12/2015,"740062","CITY OF DEWEY",47404,"PROPOSITION NO. 4  CITY OF DEWEY",,3,3,1,"FOR THE PROPOSITION - YES",,0,5,65,70,,
5/12/2015,"740062","CITY OF DEWEY",47404,"PROPOSITION NO. 4  CITY OF DEWEY",,3,3,2,"AGAINST THE PROPOSITION - NO",,0,1,23,24,,
5/12/2015,"740073","CITY OF DEWEY",47401,"PROPOSITION NO. 1  CITY OF DEWEY",,3,3,1,"FOR THE PROPOSITION - YES",,0,0,0,0,,
5/12/2015,"740073","CITY OF DEWEY",47401,"PROPOSITION NO. 1  CITY OF DEWEY",,3,3,2,"AGAINST THE PROPOSITION - NO",,0,0,0,0,,
5/12/2015,"740073","CITY OF DEWEY",47402,"PROPOSITION NO. 2  CITY OF DEWEY",,3,3,1,"FOR THE PROPOSITION - YES",,0,0,0,0,,
5/12/2015,"740073","CITY OF DEWEY",47402,"PROPOSITION NO. 2  CITY OF DEWEY",,3,3,2,"AGAINST THE PROPOSITION - NO",,0,0,0,0,,
5/12/2015,"740073","CITY OF DEWEY",47403,"PROPOSITION NO. 3  CITY OF DEWEY",,3,3,1,"FOR THE PROPOSITION - YES",,0,0,0,0,,
5/12/2015,"740073","CITY OF DEWEY",47403,"PROPOSITION NO. 3  CITY OF DEWEY",,3,3,2,"AGAINST THE PROPOSITION - NO",,0,0,0,0,,
5/12/2015,"740073","CITY OF DEWEY",47404,"PROPOSITION NO. 4  CITY OF DEWEY",,3,3,1,"FOR THE PROPOSITION - YES",,0,0,0,0,,
5/12/2015,"740073","CITY OF DEWEY",47404,"PROPOSITION NO. 4  CITY OF DEWEY",,3,3,2,"AGAINST THE PROPOSITION - NO",,0,0,0,0,,
5/12/2015,"740074","CITY OF DEWEY",47401,"PROPOSITION NO. 1  CITY OF DEWEY",,3,3,1,"FOR THE PROPOSITION - YES",,0,0,0,0,,
5/12/2015,"740074","CITY OF DEWEY",47401,"PROPOSITION NO. 1  CITY OF DEWEY",,3,3,2,"AGAINST THE PROPOSITION - NO",,0,0,0,0,,
5/12/2015,"740074","CITY OF DEWEY",47402,"PROPOSITION NO. 2  CITY OF DEWEY",,3,3,1,"FOR THE PROPOSITION - YES",,0,0,0,0,,
5/12/2015,"740074","CITY OF DEWEY",47402,"PROPOSITION NO. 2  CITY OF DEWEY",,3,3,2,"AGAINST THE PROPOSITION - NO",,0,0,0,0,,
5/12/2015,"740074","CITY OF DEWEY",47403,"PROPOSITION NO. 3  CITY OF DEWEY",,3,3,1,"FOR THE PROPOSITION - YES",,0,0,0,0,,
5/12/2015,"740074","CITY OF DEWEY",47403,"PROPOSITION NO. 3  CITY OF DEWEY",,3,3,2,"AGAINST THE PROPOSITION - NO",,0,0,0,0,,
5/12/2015,"740074","CITY OF DEWEY",47404,"PROPOSITION NO. 4  CITY OF DEWEY",,3,3,1,"FOR THE PROPOSITION - YES",,0,0,0,0,,
5/12/2015,"740074","CITY OF DEWEY",47404,"PROPOSITION NO. 4  CITY OF DEWEY",,3,3,2,"AGAINST THE PROPOSITION - NO",,0,0,0,0,,
