elec_date,county,entity_description,race_number,race_description,race_party,tot_race_prec,race_prec_reporting,cand_number,cand_name,cand_party,cand_absmail_votes,cand_early_votes,cand_elecday_votes,cand_tot_votes,race_county_owner
3/2/2021,"ALFALFA","MEDFORD PUBLIC SCHOOLS INDEPENDENT SCHOOL DISTRICT NO. 054",52701,"PROPOSITION  MEDFORD PUBLIC SCHOOLS",,1,1,1,"FOR THE PROPOSITION - YES",,0,0,0,0,,
3/2/2021,"ALFALFA","MEDFORD PUBLIC SCHOOLS INDEPENDENT SCHOOL DISTRICT NO. 054",52701,"PROPOSITION  MEDFORD PUBLIC SCHOOLS",,1,1,2,"AGAINST THE PROPOSITION - NO",,0,0,0,0,,
3/2/2021,"ATOKA","TOWN OF STRINGTOWN",40301,"PROPOSITION  TOWN OF STRINGTOWN",,2,2,1,"FOR THE PROPOSITION - YES",,0,1,19,20,,
3/2/2021,"ATOKA","TOWN OF STRINGTOWN",40301,"PROPOSITION  TOWN OF STRINGTOWN",,2,2,2,"AGAINST THE PROPOSITION - NO",,0,0,0,0,,
3/2/2021,"BECKHAM","CANUTE PUBLIC SCHOOLS INDEPENDENT SCHOOL DISTRICT NO. 011",57501,"PROPOSITION NO. 1  CANUTE PUBLIC SCHOOLS",,1,1,1,"FOR THE PROPOSITION - YES",,0,0,0,0,,
3/2/2021,"BECKHAM","CANUTE PUBLIC SCHOOLS INDEPENDENT SCHOOL DISTRICT NO. 011",57501,"PROPOSITION NO. 1  CANUTE PUBLIC SCHOOLS",,1,1,2,"AGAINST THE PROPOSITION - NO",,1,0,0,1,,
3/2/2021,"BECKHAM","CANUTE PUBLIC SCHOOLS INDEPENDENT SCHOOL DISTRICT NO. 011",57502,"PROPOSITION NO. 2  CANUTE PUBLIC SCHOOLS",,1,1,1,"FOR THE PROPOSITION - YES",,0,0,0,0,,
3/2/2021,"BECKHAM","CANUTE PUBLIC SCHOOLS INDEPENDENT SCHOOL DISTRICT NO. 011",57502,"PROPOSITION NO. 2  CANUTE PUBLIC SCHOOLS",,1,1,2,"AGAINST THE PROPOSITION - NO",,1,0,0,1,,
3/2/2021,"BRYAN","CALERA PUBLIC SCHOOLS INDEPENDENT SCHOOL DISTRICT NO. 048",50701,"PROPOSITION NO. 1  CALERA PUBLIC SCHOOLS",,3,3,1,"FOR THE PROPOSITION - YES",,2,0,122,124,,
3/2/2021,"BRYAN","CALERA PUBLIC SCHOOLS INDEPENDENT SCHOOL DISTRICT NO. 048",50701,"PROPOSITION NO. 1  CALERA PUBLIC SCHOOLS",,3,3,2,"AGAINST THE PROPOSITION - NO",,3,0,75,78,,
3/2/2021,"BRYAN","CALERA PUBLIC SCHOOLS INDEPENDENT SCHOOL DISTRICT NO. 048",50702,"PROPOSITION NO. 2  CALERA PUBLIC SCHOOLS",,3,3,1,"FOR THE PROPOSITION - YES",,2,0,115,117,,
3/2/2021,"BRYAN","CALERA PUBLIC SCHOOLS INDEPENDENT SCHOOL DISTRICT NO. 048",50702,"PROPOSITION NO. 2  CALERA PUBLIC SCHOOLS",,3,3,2,"AGAINST THE PROPOSITION - NO",,3,0,86,89,,
3/2/2021,"CADDO","CEMENT PUBLIC SCHOOLS INDEPENDENT SCHOOL DISTRICT NO. 160",50801,"PROPOSITION NO. 1  CEMENT PUBLIC SCHOOLS",,2,2,1,"FOR THE PROPOSITION - YES",,5,0,40,45,,
3/2/2021,"CADDO","CEMENT PUBLIC SCHOOLS INDEPENDENT SCHOOL DISTRICT NO. 160",50801,"PROPOSITION NO. 1  CEMENT PUBLIC SCHOOLS",,2,2,2,"AGAINST THE PROPOSITION - NO",,0,0,4,4,,
3/2/2021,"CADDO","CEMENT PUBLIC SCHOOLS INDEPENDENT SCHOOL DISTRICT NO. 160",50802,"PROPOSITION NO. 2  CEMENT PUBLIC SCHOOLS",,2,2,1,"FOR THE PROPOSITION - YES",,5,0,40,45,,
3/2/2021,"CADDO","CEMENT PUBLIC SCHOOLS INDEPENDENT SCHOOL DISTRICT NO. 160",50802,"PROPOSITION NO. 2  CEMENT PUBLIC SCHOOLS",,2,2,2,"AGAINST THE PROPOSITION - NO",,0,0,5,5,,
3/2/2021,"CADDO","VERDEN PUBLIC SCHOOLS INDEPENDENT SCHOOL DISTRICT NO. 099",52601,"PROPOSITION  VERDEN PUBLIC SCHOOLS",,3,3,1,"FOR THE PROPOSITION - YES",,3,1,10,14,,
3/2/2021,"CADDO","VERDEN PUBLIC SCHOOLS INDEPENDENT SCHOOL DISTRICT NO. 099",52601,"PROPOSITION  VERDEN PUBLIC SCHOOLS",,3,3,2,"AGAINST THE PROPOSITION - NO",,1,0,2,3,,
3/2/2021,"CANADIAN","CITY OF YUKON",40901,"PROPOSITION  CITY OF YUKON",,11,11,1,"FOR THE PROPOSITION - YES",,75,3,163,241,,
3/2/2021,"CANADIAN","CITY OF YUKON",40901,"PROPOSITION  CITY OF YUKON",,11,11,2,"AGAINST THE PROPOSITION - NO",,33,0,32,65,,
3/2/2021,"CANADIAN","CALUMET PUBLIC SCHOOLS INDEPENDENT SCHOOL DISTRICT NO. 076",50901,"PROPOSITION  CALUMET PUBLIC SCHOOLS",,6,6,1,"FOR THE PROPOSITION - YES",,0,1,110,111,,
3/2/2021,"CANADIAN","CALUMET PUBLIC SCHOOLS INDEPENDENT SCHOOL DISTRICT NO. 076",50901,"PROPOSITION  CALUMET PUBLIC SCHOOLS",,6,6,2,"AGAINST THE PROPOSITION - NO",,0,0,44,44,,
3/2/2021,"CHEROKEE","LOWREY PUBLIC SCHOOLS ELEMENTARY SCHOOL DISTRICT NO. 010",51101,"PROPOSITION  LOWREY PUBLIC SCHOOLS",,4,4,1,"FOR THE PROPOSITION - YES",,0,0,35,35,,
3/2/2021,"CHEROKEE","LOWREY PUBLIC SCHOOLS ELEMENTARY SCHOOL DISTRICT NO. 010",51101,"PROPOSITION  LOWREY PUBLIC SCHOOLS",,4,4,2,"AGAINST THE PROPOSITION - NO",,0,1,14,15,,
3/2/2021,"CLEVELAND","CITY OF MOORE",41401,"PROPOSITION  CITY OF MOORE",,19,19,1,"FOR THE PROPOSITION - YES",,62,7,176,245,,
3/2/2021,"CLEVELAND","CITY OF MOORE",41401,"PROPOSITION  CITY OF MOORE",,19,19,2,"AGAINST THE PROPOSITION - NO",,20,1,144,165,,
3/2/2021,"COMANCHE","COMANCHE COUNTY",30001,"PROPOSITION",,39,39,1,"FOR THE PROPOSITION - YES",,167,168,1395,1730,,
3/2/2021,"COMANCHE","COMANCHE COUNTY",30001,"PROPOSITION",,39,39,2,"AGAINST THE PROPOSITION - NO",,31,25,1215,1271,,
3/2/2021,"COMANCHE","CEMENT PUBLIC SCHOOLS INDEPENDENT SCHOOL DISTRICT NO. 160",50801,"PROPOSITION NO. 1  CEMENT PUBLIC SCHOOLS",,1,1,1,"FOR THE PROPOSITION - YES",,0,0,0,0,,
3/2/2021,"COMANCHE","CEMENT PUBLIC SCHOOLS INDEPENDENT SCHOOL DISTRICT NO. 160",50801,"PROPOSITION NO. 1  CEMENT PUBLIC SCHOOLS",,1,1,2,"AGAINST THE PROPOSITION - NO",,0,0,0,0,,
3/2/2021,"COMANCHE","CEMENT PUBLIC SCHOOLS INDEPENDENT SCHOOL DISTRICT NO. 160",50802,"PROPOSITION NO. 2  CEMENT PUBLIC SCHOOLS",,1,1,1,"FOR THE PROPOSITION - YES",,0,0,0,0,,
3/2/2021,"COMANCHE","CEMENT PUBLIC SCHOOLS INDEPENDENT SCHOOL DISTRICT NO. 160",50802,"PROPOSITION NO. 2  CEMENT PUBLIC SCHOOLS",,1,1,2,"AGAINST THE PROPOSITION - NO",,0,0,0,0,,
3/2/2021,"CREEK","SAPULPA PUBLIC SCHOOLS INDEPENDENT SCHOOL DISTRICT NO. 033",51901,"PROPOSITION NO. 1  SAPULPA PUBLIC SCHOOLS",,14,14,1,"FOR THE PROPOSITION - YES",,17,19,501,537,,
3/2/2021,"CREEK","SAPULPA PUBLIC SCHOOLS INDEPENDENT SCHOOL DISTRICT NO. 033",51901,"PROPOSITION NO. 1  SAPULPA PUBLIC SCHOOLS",,14,14,2,"AGAINST THE PROPOSITION - NO",,5,2,126,133,,
3/2/2021,"CREEK","SAPULPA PUBLIC SCHOOLS INDEPENDENT SCHOOL DISTRICT NO. 033",51902,"PROPOSITION NO. 2  SAPULPA PUBLIC SCHOOLS",,14,14,1,"FOR THE PROPOSITION - YES",,17,20,501,538,,
3/2/2021,"CREEK","SAPULPA PUBLIC SCHOOLS INDEPENDENT SCHOOL DISTRICT NO. 033",51902,"PROPOSITION NO. 2  SAPULPA PUBLIC SCHOOLS",,14,14,2,"AGAINST THE PROPOSITION - NO",,5,3,130,138,,
3/2/2021,"CUSTER","CANUTE PUBLIC SCHOOLS INDEPENDENT SCHOOL DISTRICT NO. 011",57501,"PROPOSITION NO. 1  CANUTE PUBLIC SCHOOLS",,1,1,1,"FOR THE PROPOSITION - YES",,2,0,18,20,,
3/2/2021,"CUSTER","CANUTE PUBLIC SCHOOLS INDEPENDENT SCHOOL DISTRICT NO. 011",57501,"PROPOSITION NO. 1  CANUTE PUBLIC SCHOOLS",,1,1,2,"AGAINST THE PROPOSITION - NO",,0,0,1,1,,
3/2/2021,"CUSTER","CANUTE PUBLIC SCHOOLS INDEPENDENT SCHOOL DISTRICT NO. 011",57502,"PROPOSITION NO. 2  CANUTE PUBLIC SCHOOLS",,1,1,1,"FOR THE PROPOSITION - YES",,2,0,18,20,,
3/2/2021,"CUSTER","CANUTE PUBLIC SCHOOLS INDEPENDENT SCHOOL DISTRICT NO. 011",57502,"PROPOSITION NO. 2  CANUTE PUBLIC SCHOOLS",,1,1,2,"AGAINST THE PROPOSITION - NO",,0,0,1,1,,
3/2/2021,"GRADY","CEMENT PUBLIC SCHOOLS INDEPENDENT SCHOOL DISTRICT NO. 160",50801,"PROPOSITION NO. 1  CEMENT PUBLIC SCHOOLS",,3,3,1,"FOR THE PROPOSITION - YES",,0,0,8,8,,
3/2/2021,"GRADY","CEMENT PUBLIC SCHOOLS INDEPENDENT SCHOOL DISTRICT NO. 160",50801,"PROPOSITION NO. 1  CEMENT PUBLIC SCHOOLS",,3,3,2,"AGAINST THE PROPOSITION - NO",,0,0,1,1,,
3/2/2021,"GRADY","CEMENT PUBLIC SCHOOLS INDEPENDENT SCHOOL DISTRICT NO. 160",50802,"PROPOSITION NO. 2  CEMENT PUBLIC SCHOOLS",,3,3,1,"FOR THE PROPOSITION - YES",,0,0,8,8,,
3/2/2021,"GRADY","CEMENT PUBLIC SCHOOLS INDEPENDENT SCHOOL DISTRICT NO. 160",50802,"PROPOSITION NO. 2  CEMENT PUBLIC SCHOOLS",,3,3,2,"AGAINST THE PROPOSITION - NO",,0,0,1,1,,
3/2/2021,"GRADY","VERDEN PUBLIC SCHOOLS INDEPENDENT SCHOOL DISTRICT NO. 099",52601,"PROPOSITION  VERDEN PUBLIC SCHOOLS",,4,4,1,"FOR THE PROPOSITION - YES",,0,0,31,31,,
3/2/2021,"GRADY","VERDEN PUBLIC SCHOOLS INDEPENDENT SCHOOL DISTRICT NO. 099",52601,"PROPOSITION  VERDEN PUBLIC SCHOOLS",,4,4,2,"AGAINST THE PROPOSITION - NO",,0,0,4,4,,
3/2/2021,"GRANT","MEDFORD PUBLIC SCHOOLS INDEPENDENT SCHOOL DISTRICT NO. 054",52701,"PROPOSITION  MEDFORD PUBLIC SCHOOLS",,5,5,1,"FOR THE PROPOSITION - YES",,9,32,225,266,,
3/2/2021,"GRANT","MEDFORD PUBLIC SCHOOLS INDEPENDENT SCHOOL DISTRICT NO. 054",52701,"PROPOSITION  MEDFORD PUBLIC SCHOOLS",,5,5,2,"AGAINST THE PROPOSITION - NO",,7,23,86,116,,
3/2/2021,"HUGHES","BUTNER PUBLIC SCHOOLS INDEPENDENT SCHOOL DISTRICT NO. 015",56701,"PROPOSITION  BUTNER PUBLIC SCHOOLS",,1,1,1,"FOR THE PROPOSITION - YES",,0,0,0,0,,
3/2/2021,"HUGHES","BUTNER PUBLIC SCHOOLS INDEPENDENT SCHOOL DISTRICT NO. 015",56701,"PROPOSITION  BUTNER PUBLIC SCHOOLS",,1,1,2,"AGAINST THE PROPOSITION - NO",,0,0,0,0,,
3/2/2021,"LATIMER","CROWDER PUBLIC SCHOOLS INDEPENDENT SCHOOL DISTRICT NO. 028",56101,"PROPOSITION  CROWDER PUBLIC SCHOOLS",,1,1,1,"FOR THE PROPOSITION - YES",,0,0,0,0,,
3/2/2021,"LATIMER","CROWDER PUBLIC SCHOOLS INDEPENDENT SCHOOL DISTRICT NO. 028",56101,"PROPOSITION  CROWDER PUBLIC SCHOOLS",,1,1,2,"AGAINST THE PROPOSITION - NO",,0,0,0,0,,
3/2/2021,"LINCOLN","TOWN OF DAVENPORT",44101,"PROPOSITION  TOWN OF DAVENPORT",,1,1,1,"FOR THE PROPOSITION - YES",,1,0,43,44,,
3/2/2021,"LINCOLN","TOWN OF DAVENPORT",44101,"PROPOSITION  TOWN OF DAVENPORT",,1,1,2,"AGAINST THE PROPOSITION - NO",,0,0,0,0,,
3/2/2021,"LOVE","MARIETTA PUBLIC SCHOOLS INDEPENDENT SCHOOL DISTRICT NO. 016",54301,"PROPOSITION  MARIETTA PUBLIC SCHOOLS",,5,5,1,"FOR THE PROPOSITION - YES",,9,10,205,224,,
3/2/2021,"LOVE","MARIETTA PUBLIC SCHOOLS INDEPENDENT SCHOOL DISTRICT NO. 016",54301,"PROPOSITION  MARIETTA PUBLIC SCHOOLS",,5,5,2,"AGAINST THE PROPOSITION - NO",,2,5,118,125,,
3/2/2021,"MCINTOSH","WARNER PUBLIC SCHOOLS INDEPENDENT SCHOOL DISTRICT NO. 074",55101,"PROPOSITION  WARNER PUBLIC SCHOOLS",,1,1,1,"FOR THE PROPOSITION - YES",,0,0,0,0,,
3/2/2021,"MCINTOSH","WARNER PUBLIC SCHOOLS INDEPENDENT SCHOOL DISTRICT NO. 074",55101,"PROPOSITION  WARNER PUBLIC SCHOOLS",,1,1,2,"AGAINST THE PROPOSITION - NO",,0,0,0,0,,
3/2/2021,"MAJOR","TOWN OF MENO",44701,"PROPOSITION  TOWN OF MENO",,1,1,1,"FOR THE PROPOSITION - YES",,0,0,14,14,,
3/2/2021,"MAJOR","TOWN OF MENO",44701,"PROPOSITION  TOWN OF MENO",,1,1,2,"AGAINST THE PROPOSITION - NO",,0,0,0,0,,
3/2/2021,"MUSKOGEE","WARNER PUBLIC SCHOOLS INDEPENDENT SCHOOL DISTRICT NO. 074",55101,"PROPOSITION  WARNER PUBLIC SCHOOLS",,7,7,1,"FOR THE PROPOSITION - YES",,0,3,97,100,,
3/2/2021,"MUSKOGEE","WARNER PUBLIC SCHOOLS INDEPENDENT SCHOOL DISTRICT NO. 074",55101,"PROPOSITION  WARNER PUBLIC SCHOOLS",,7,7,2,"AGAINST THE PROPOSITION - NO",,1,0,63,64,,
3/2/2021,"NOBLE","MORRISON PUBLIC SCHOOLS INDEPENDENT SCHOOL DISTRICT NO. 006",55201,"PROPOSITION NO. 1  MORRISON PUBLIC SCHOOLS",,2,2,1,"FOR THE PROPOSITION - YES",,5,2,152,159,,
3/2/2021,"NOBLE","MORRISON PUBLIC SCHOOLS INDEPENDENT SCHOOL DISTRICT NO. 006",55201,"PROPOSITION NO. 1  MORRISON PUBLIC SCHOOLS",,2,2,2,"AGAINST THE PROPOSITION - NO",,0,0,11,11,,
3/2/2021,"NOBLE","MORRISON PUBLIC SCHOOLS INDEPENDENT SCHOOL DISTRICT NO. 006",55202,"PROPOSITION NO. 2  MORRISON PUBLIC SCHOOLS",,2,2,1,"FOR THE PROPOSITION - YES",,5,2,148,155,,
3/2/2021,"NOBLE","MORRISON PUBLIC SCHOOLS INDEPENDENT SCHOOL DISTRICT NO. 006",55202,"PROPOSITION NO. 2  MORRISON PUBLIC SCHOOLS",,2,2,2,"AGAINST THE PROPOSITION - NO",,0,0,15,15,,
3/2/2021,"OKFUSKEE","BUTNER PUBLIC SCHOOLS INDEPENDENT SCHOOL DISTRICT NO. 015",56701,"PROPOSITION  BUTNER PUBLIC SCHOOLS",,2,2,1,"FOR THE PROPOSITION - YES",,0,0,0,0,,
3/2/2021,"OKFUSKEE","BUTNER PUBLIC SCHOOLS INDEPENDENT SCHOOL DISTRICT NO. 015",56701,"PROPOSITION  BUTNER PUBLIC SCHOOLS",,2,2,2,"AGAINST THE PROPOSITION - NO",,0,0,0,0,,
3/2/2021,"OKLAHOMA","CITY OF EDMOND",45501,"PROPOSITION  CITY OF EDMOND",,31,31,1,"FOR THE PROPOSITION - YES",,170,7,511,688,,
3/2/2021,"OKLAHOMA","CITY OF EDMOND",45501,"PROPOSITION  CITY OF EDMOND",,31,31,2,"AGAINST THE PROPOSITION - NO",,65,2,999,1066,,
3/2/2021,"OKMULGEE","TWIN HILLS PUBLIC SCHOOL ELEMENTARY SCHOOL DISTRICT NO. 011",55601,"PROPOSITION NO. 1  TWIN HILLS PUBLIC SCHOOL",,4,4,1,"FOR THE PROPOSITION - YES",,1,3,59,63,,
3/2/2021,"OKMULGEE","TWIN HILLS PUBLIC SCHOOL ELEMENTARY SCHOOL DISTRICT NO. 011",55601,"PROPOSITION NO. 1  TWIN HILLS PUBLIC SCHOOL",,4,4,2,"AGAINST THE PROPOSITION - NO",,1,0,6,7,,
3/2/2021,"OKMULGEE","TWIN HILLS PUBLIC SCHOOL ELEMENTARY SCHOOL DISTRICT NO. 011",55602,"PROPOSITION NO. 2  TWIN HILLS PUBLIC SCHOOL",,4,4,1,"FOR THE PROPOSITION - YES",,1,3,60,64,,
3/2/2021,"OKMULGEE","TWIN HILLS PUBLIC SCHOOL ELEMENTARY SCHOOL DISTRICT NO. 011",55602,"PROPOSITION NO. 2  TWIN HILLS PUBLIC SCHOOL",,4,4,2,"AGAINST THE PROPOSITION - NO",,1,0,6,7,,
3/2/2021,"PAWNEE","MORRISON PUBLIC SCHOOLS INDEPENDENT SCHOOL DISTRICT NO. 006",55201,"PROPOSITION NO. 1  MORRISON PUBLIC SCHOOLS",,1,1,1,"FOR THE PROPOSITION - YES",,0,0,0,0,,
3/2/2021,"PAWNEE","MORRISON PUBLIC SCHOOLS INDEPENDENT SCHOOL DISTRICT NO. 006",55201,"PROPOSITION NO. 1  MORRISON PUBLIC SCHOOLS",,1,1,2,"AGAINST THE PROPOSITION - NO",,0,0,0,0,,
3/2/2021,"PAWNEE","MORRISON PUBLIC SCHOOLS INDEPENDENT SCHOOL DISTRICT NO. 006",55202,"PROPOSITION NO. 2  MORRISON PUBLIC SCHOOLS",,1,1,1,"FOR THE PROPOSITION - YES",,0,0,0,0,,
3/2/2021,"PAWNEE","MORRISON PUBLIC SCHOOLS INDEPENDENT SCHOOL DISTRICT NO. 006",55202,"PROPOSITION NO. 2  MORRISON PUBLIC SCHOOLS",,1,1,2,"AGAINST THE PROPOSITION - NO",,0,0,0,0,,
3/2/2021,"PAYNE","MORRISON PUBLIC SCHOOLS INDEPENDENT SCHOOL DISTRICT NO. 006",55201,"PROPOSITION NO. 1  MORRISON PUBLIC SCHOOLS",,5,5,1,"FOR THE PROPOSITION - YES",,2,0,8,10,,
3/2/2021,"PAYNE","MORRISON PUBLIC SCHOOLS INDEPENDENT SCHOOL DISTRICT NO. 006",55201,"PROPOSITION NO. 1  MORRISON PUBLIC SCHOOLS",,5,5,2,"AGAINST THE PROPOSITION - NO",,0,0,0,0,,
3/2/2021,"PAYNE","MORRISON PUBLIC SCHOOLS INDEPENDENT SCHOOL DISTRICT NO. 006",55202,"PROPOSITION NO. 2  MORRISON PUBLIC SCHOOLS",,5,5,1,"FOR THE PROPOSITION - YES",,2,0,7,9,,
3/2/2021,"PAYNE","MORRISON PUBLIC SCHOOLS INDEPENDENT SCHOOL DISTRICT NO. 006",55202,"PROPOSITION NO. 2  MORRISON PUBLIC SCHOOLS",,5,5,2,"AGAINST THE PROPOSITION - NO",,0,0,1,1,,
3/2/2021,"PITTSBURG","CROWDER PUBLIC SCHOOLS INDEPENDENT SCHOOL DISTRICT NO. 028",56101,"PROPOSITION  CROWDER PUBLIC SCHOOLS",,10,10,1,"FOR THE PROPOSITION - YES",,0,0,81,81,,
3/2/2021,"PITTSBURG","CROWDER PUBLIC SCHOOLS INDEPENDENT SCHOOL DISTRICT NO. 028",56101,"PROPOSITION  CROWDER PUBLIC SCHOOLS",,10,10,2,"AGAINST THE PROPOSITION - NO",,3,0,3,6,,
3/2/2021,"POTTAWATOMIE","MAUD PUBLIC SCHOOLS INDEPENDENT SCHOOL DISTRICT NO. 117",56301,"PROPOSITION  MAUD PUBLIC SCHOOLS",,5,5,1,"FOR THE PROPOSITION - YES",,0,3,71,74,,
3/2/2021,"POTTAWATOMIE","MAUD PUBLIC SCHOOLS INDEPENDENT SCHOOL DISTRICT NO. 117",56301,"PROPOSITION  MAUD PUBLIC SCHOOLS",,5,5,2,"AGAINST THE PROPOSITION - NO",,6,0,5,11,,
3/2/2021,"SEMINOLE","MAUD PUBLIC SCHOOLS INDEPENDENT SCHOOL DISTRICT NO. 117",56301,"PROPOSITION  MAUD PUBLIC SCHOOLS",,3,3,1,"FOR THE PROPOSITION - YES",,0,0,26,26,,
3/2/2021,"SEMINOLE","MAUD PUBLIC SCHOOLS INDEPENDENT SCHOOL DISTRICT NO. 117",56301,"PROPOSITION  MAUD PUBLIC SCHOOLS",,3,3,2,"AGAINST THE PROPOSITION - NO",,0,0,5,5,,
3/2/2021,"SEMINOLE","BUTNER PUBLIC SCHOOLS INDEPENDENT SCHOOL DISTRICT NO. 015",56701,"PROPOSITION  BUTNER PUBLIC SCHOOLS",,3,3,1,"FOR THE PROPOSITION - YES",,4,2,47,53,,
3/2/2021,"SEMINOLE","BUTNER PUBLIC SCHOOLS INDEPENDENT SCHOOL DISTRICT NO. 015",56701,"PROPOSITION  BUTNER PUBLIC SCHOOLS",,3,3,2,"AGAINST THE PROPOSITION - NO",,1,3,20,24,,
3/2/2021,"SEQUOYAH","SALLISAW PUBLIC SCHOOLS INDEPENDENT SCHOOL DISTRICT NO. 001",56801,"PROPOSITION  SALLISAW PUBLIC SCHOOLS",,12,12,1,"FOR THE PROPOSITION - YES",,1,39,577,617,,
3/2/2021,"SEQUOYAH","SALLISAW PUBLIC SCHOOLS INDEPENDENT SCHOOL DISTRICT NO. 001",56801,"PROPOSITION  SALLISAW PUBLIC SCHOOLS",,12,12,2,"AGAINST THE PROPOSITION - NO",,3,60,510,573,,
3/2/2021,"TEXAS","HARDESTY PUBLIC SCHOOLS INDEPENDENT SCHOOL DISTRICT NO. 015",57001,"PROPOSITION PROPOSED ANNEXATION  HARDESTY PUBLIC SCHOOLS",,2,2,1,"FOR THE ANNEXATION - YES",,0,0,17,17,,
3/2/2021,"TEXAS","HARDESTY PUBLIC SCHOOLS INDEPENDENT SCHOOL DISTRICT NO. 015",57001,"PROPOSITION PROPOSED ANNEXATION  HARDESTY PUBLIC SCHOOLS",,2,2,2,"AGAINST THE ANNEXATION - NO",,1,0,72,73,,
3/2/2021,"WASHITA","CANUTE PUBLIC SCHOOLS INDEPENDENT SCHOOL DISTRICT NO. 011",57501,"PROPOSITION NO. 1  CANUTE PUBLIC SCHOOLS",,2,2,1,"FOR THE PROPOSITION - YES",,16,0,220,236,,
3/2/2021,"WASHITA","CANUTE PUBLIC SCHOOLS INDEPENDENT SCHOOL DISTRICT NO. 011",57501,"PROPOSITION NO. 1  CANUTE PUBLIC SCHOOLS",,2,2,2,"AGAINST THE PROPOSITION - NO",,3,0,76,79,,
3/2/2021,"WASHITA","CANUTE PUBLIC SCHOOLS INDEPENDENT SCHOOL DISTRICT NO. 011",57502,"PROPOSITION NO. 2  CANUTE PUBLIC SCHOOLS",,2,2,1,"FOR THE PROPOSITION - YES",,17,0,217,234,,
3/2/2021,"WASHITA","CANUTE PUBLIC SCHOOLS INDEPENDENT SCHOOL DISTRICT NO. 011",57502,"PROPOSITION NO. 2  CANUTE PUBLIC SCHOOLS",,2,2,2,"AGAINST THE PROPOSITION - NO",,2,0,79,81,,
