elec_date,county,entity_description,race_number,race_description,race_party,tot_race_prec,race_prec_reporting,cand_number,cand_name,cand_party,cand_absmail_votes,cand_early_votes,cand_elecday_votes,cand_tot_votes,race_county_owner
11/14/2017,"ALFALFA","TOWN OF ALINE",40201,"PROPOSITION NO. 1  TOWN OF ALINE",,1,1,1,"FOR THE PROPOSITION - YES",,2,0,11,13,,
11/14/2017,"ALFALFA","TOWN OF ALINE",40201,"PROPOSITION NO. 1  TOWN OF ALINE",,1,1,2,"AGAINST THE PROPOSITION - NO",,0,0,0,0,,
11/14/2017,"ALFALFA","TOWN OF ALINE",40202,"PROPOSITION NO. 2  TOWN OF ALINE",,1,1,1,"FOR THE PROPOSITION - YES",,2,0,11,13,,
11/14/2017,"ALFALFA","TOWN OF ALINE",40202,"PROPOSITION NO. 2  TOWN OF ALINE",,1,1,2,"AGAINST THE PROPOSITION - NO",,0,0,0,0,,
11/14/2017,"BECKHAM","CITY OF ELK CITY",40501,"PROPOSITION  CITY OF ELK CITY",,7,7,1,"FOR THE PROPOSITION - YES",,19,2,170,191,,
11/14/2017,"BECKHAM","CITY OF ELK CITY",40501,"PROPOSITION  CITY OF ELK CITY",,7,7,2,"AGAINST THE PROPOSITION - NO",,4,0,20,24,,
11/14/2017,"BECKHAM","BECKHAM COUNTY (EMS)",60051,"PROPOSITION  BECKHAM COUNTY (EMS)",,1,1,1,"FOR THE PROPOSITION - YES",,0,0,3,3,,
11/14/2017,"BECKHAM","BECKHAM COUNTY (EMS)",60051,"PROPOSITION  BECKHAM COUNTY (EMS)",,1,1,2,"AGAINST THE PROPOSITION - NO",,0,0,2,2,,
11/14/2017,"CANADIAN","CANADIAN COUNTY",10002,"FOR STATE SENATOR DISTRICT 45 (UNEXPIRED TERM)",,10,10,1,"PAUL ROSINO",REP,104,5,1226,1335,,
11/14/2017,"CANADIAN","CANADIAN COUNTY",10002,"FOR STATE SENATOR DISTRICT 45 (UNEXPIRED TERM)",,10,10,2,"STEVEN VINCENT",DEM,70,9,969,1048,,
11/14/2017,"CARTER","ARDMORE PUBLIC SCHOOLS INDEPENDENT SCHOOL DISTRICT NO. 019",51001,"PROPOSITION NO. 1  ARDMORE PUBLIC SCHOOLS",,10,10,1,"FOR THE PROPOSITION - YES",,27,52,702,781,,
11/14/2017,"CARTER","ARDMORE PUBLIC SCHOOLS INDEPENDENT SCHOOL DISTRICT NO. 019",51001,"PROPOSITION NO. 1  ARDMORE PUBLIC SCHOOLS",,10,10,2,"AGAINST THE PROPOSITION - NO",,14,27,532,573,,
11/14/2017,"CARTER","ARDMORE PUBLIC SCHOOLS INDEPENDENT SCHOOL DISTRICT NO. 019",51002,"PROPOSITION NO. 2  ARDMORE PUBLIC SCHOOLS",,10,10,1,"FOR THE PROPOSITION - YES",,29,57,765,851,,
11/14/2017,"CARTER","ARDMORE PUBLIC SCHOOLS INDEPENDENT SCHOOL DISTRICT NO. 019",51002,"PROPOSITION NO. 2  ARDMORE PUBLIC SCHOOLS",,10,10,2,"AGAINST THE PROPOSITION - NO",,12,23,484,519,,
11/14/2017,"CIMARRON","CIMARRON COUNTY",30003,"PROPOSITION",,6,6,1,"FOR THE PROPOSITION - YES",,11,103,274,388,,
11/14/2017,"CIMARRON","CIMARRON COUNTY",30003,"PROPOSITION",,6,6,2,"AGAINST THE PROPOSITION - NO",,5,30,110,145,,
11/14/2017,"CLEVELAND","CLEVELAND COUNTY",10002,"FOR STATE SENATOR DISTRICT 45 (UNEXPIRED TERM)",,10,10,1,"PAUL ROSINO",REP,129,3,1234,1366,,
11/14/2017,"CLEVELAND","CLEVELAND COUNTY",10002,"FOR STATE SENATOR DISTRICT 45 (UNEXPIRED TERM)",,10,10,2,"STEVEN VINCENT",DEM,75,1,775,851,,
11/14/2017,"CLEVELAND","CITY OF NORMAN",41401,"PROPOSITION  CITY OF NORMAN",,49,49,1,"FOR THE PROPOSITION - YES",,343,62,1401,1806,,
11/14/2017,"CLEVELAND","CITY OF NORMAN",41401,"PROPOSITION  CITY OF NORMAN",,49,49,2,"AGAINST THE PROPOSITION - NO",,35,9,157,201,,
11/14/2017,"COMANCHE","CITY OF LAWTON",41603,"FOR COUNCIL MEMBER WARD 8  CITY OF LAWTON",,3,3,1,"DOUG WELLS",,12,28,366,406,COMANCHE
11/14/2017,"COMANCHE","CITY OF LAWTON",41603,"FOR COUNCIL MEMBER WARD 8  CITY OF LAWTON",,3,3,2,"RANDY WARREN",,13,58,594,665,COMANCHE
11/14/2017,"COMANCHE","CITY OF GERONIMO",41604,"FOR MAYOR (UNEXPIRED TERM)  CITY OF GERONIMO",,1,1,1,"NED HODGE",,0,0,32,32,COMANCHE
11/14/2017,"COMANCHE","CITY OF GERONIMO",41604,"FOR MAYOR (UNEXPIRED TERM)  CITY OF GERONIMO",,1,1,2,"KATHERINE RICE",,0,2,105,107,COMANCHE
11/14/2017,"COMANCHE","CITY OF GERONIMO",41604,"FOR MAYOR (UNEXPIRED TERM)  CITY OF GERONIMO",,1,1,3,"DONALD W. SETZER",,0,0,94,94,COMANCHE
11/14/2017,"COMANCHE","GERONIMO PUBLIC SCHOOLS INDEPENDENT SCHOOL DISTRICT NO. 004",51601,"PROPOSITION NO. 1  GERONIMO PUBLIC SCHOOLS",,5,5,1,"FOR THE PROPOSITION - YES",,1,4,226,231,,
11/14/2017,"COMANCHE","GERONIMO PUBLIC SCHOOLS INDEPENDENT SCHOOL DISTRICT NO. 004",51601,"PROPOSITION NO. 1  GERONIMO PUBLIC SCHOOLS",,5,5,2,"AGAINST THE PROPOSITION - NO",,0,1,81,82,,
11/14/2017,"COMANCHE","GERONIMO PUBLIC SCHOOLS INDEPENDENT SCHOOL DISTRICT NO. 004",51602,"PROPOSITION NO. 2  GERONIMO PUBLIC SCHOOLS",,5,5,1,"FOR THE PROPOSITION - YES",,1,4,235,240,,
11/14/2017,"COMANCHE","GERONIMO PUBLIC SCHOOLS INDEPENDENT SCHOOL DISTRICT NO. 004",51602,"PROPOSITION NO. 2  GERONIMO PUBLIC SCHOOLS",,5,5,2,"AGAINST THE PROPOSITION - NO",,0,1,74,75,,
11/14/2017,"COMANCHE","LAWTON PUBLIC SCHOOLS INDEPENDENT SCHOOL DISTRICT NO. 008",51603,"PROPOSITION  LAWTON PUBLIC SCHOOLS",,30,30,1,"FOR THE PROPOSITION - YES",,217,544,4588,5349,,
11/14/2017,"COMANCHE","LAWTON PUBLIC SCHOOLS INDEPENDENT SCHOOL DISTRICT NO. 008",51603,"PROPOSITION  LAWTON PUBLIC SCHOOLS",,30,30,2,"AGAINST THE PROPOSITION - NO",,113,137,1660,1910,,
11/14/2017,"COTTON","GERONIMO PUBLIC SCHOOLS INDEPENDENT SCHOOL DISTRICT NO. 004",51601,"PROPOSITION NO. 1  GERONIMO PUBLIC SCHOOLS",,1,1,1,"FOR THE PROPOSITION - YES",,1,1,5,7,,
11/14/2017,"COTTON","GERONIMO PUBLIC SCHOOLS INDEPENDENT SCHOOL DISTRICT NO. 004",51601,"PROPOSITION NO. 1  GERONIMO PUBLIC SCHOOLS",,1,1,2,"AGAINST THE PROPOSITION - NO",,1,0,1,2,,
11/14/2017,"COTTON","GERONIMO PUBLIC SCHOOLS INDEPENDENT SCHOOL DISTRICT NO. 004",51602,"PROPOSITION NO. 2  GERONIMO PUBLIC SCHOOLS",,1,1,1,"FOR THE PROPOSITION - YES",,1,1,5,7,,
11/14/2017,"COTTON","GERONIMO PUBLIC SCHOOLS INDEPENDENT SCHOOL DISTRICT NO. 004",51602,"PROPOSITION NO. 2  GERONIMO PUBLIC SCHOOLS",,1,1,2,"AGAINST THE PROPOSITION - NO",,1,0,1,2,,
11/14/2017,"CUSTER","CITY OF CLINTON",42002,"FOR COUNCILMAN WARD 3  CITY OF CLINTON",,3,3,1,"CHUY A. ROSALES",,6,6,170,182,CUSTER
11/14/2017,"CUSTER","CITY OF CLINTON",42002,"FOR COUNCILMAN WARD 3  CITY OF CLINTON",,3,3,2,"WALT SCHUMACHER",,2,4,135,141,CUSTER
11/14/2017,"GARVIN","CITY OF PAULS VALLEY",42501,"PROPOSITION  CITY OF PAULS VALLEY",,5,5,1,"FOR THE PROPOSITION - YES",,4,9,40,53,,
11/14/2017,"GARVIN","CITY OF PAULS VALLEY",42501,"PROPOSITION  CITY OF PAULS VALLEY",,5,5,2,"AGAINST THE PROPOSITION - NO",,1,15,33,49,,
11/14/2017,"GRADY","BRIDGE CREEK PUBLIC SCHOOLS INDEPENDENT SCHOOL DISTRICT NO. 095",52601,"PROPOSITION  BRIDGE CREEK PUBLIC SCHOOLS",,4,4,1,"FOR THE PROPOSITION - YES",,14,2,379,395,,
11/14/2017,"GRADY","BRIDGE CREEK PUBLIC SCHOOLS INDEPENDENT SCHOOL DISTRICT NO. 095",52601,"PROPOSITION  BRIDGE CREEK PUBLIC SCHOOLS",,4,4,2,"AGAINST THE PROPOSITION - NO",,24,0,140,164,,
11/14/2017,"GRADY","TUTTLE PUBLIC SCHOOLS INDEPENDENT SCHOOL DISTRICT NO. 097",52602,"PROPOSITION NO. 1  TUTTLE PUBLIC SCHOOLS",,6,6,1,"FOR THE PROPOSITION - YES",,49,1,357,407,,
11/14/2017,"GRADY","TUTTLE PUBLIC SCHOOLS INDEPENDENT SCHOOL DISTRICT NO. 097",52602,"PROPOSITION NO. 1  TUTTLE PUBLIC SCHOOLS",,6,6,2,"AGAINST THE PROPOSITION - NO",,45,0,62,107,,
11/14/2017,"GRADY","TUTTLE PUBLIC SCHOOLS INDEPENDENT SCHOOL DISTRICT NO. 097",52603,"PROPOSITION NO. 2  TUTTLE PUBLIC SCHOOLS",,6,6,1,"FOR THE PROPOSITION - YES",,50,1,356,407,,
11/14/2017,"GRADY","TUTTLE PUBLIC SCHOOLS INDEPENDENT SCHOOL DISTRICT NO. 097",52603,"PROPOSITION NO. 2  TUTTLE PUBLIC SCHOOLS",,6,6,2,"AGAINST THE PROPOSITION - NO",,43,0,65,108,,
11/14/2017,"GRADY","BRIDGE CREEK FIRE",60262,"FOR BOARD MEMBER BOARD MEMBER POSITION 4 (UNEXPIRED TERM)  BRIDGE CREEK FIRE",,3,3,1,"ANTHONY W STOKES",,32,0,329,361,GRADY
11/14/2017,"GRADY","BRIDGE CREEK FIRE",60262,"FOR BOARD MEMBER BOARD MEMBER POSITION 4 (UNEXPIRED TERM)  BRIDGE CREEK FIRE",,3,3,2,"NaRISSA ANDERSON",,6,2,183,191,GRADY
11/14/2017,"KAY","KAY COUNTY",10005,"FOR COUNTY COMMISSIONER DISTRICT NO. 1 (UNEXPIRED TERM)",,12,12,1,"JACK GODBERSON",REP,9,19,555,583,KAY
11/14/2017,"KAY","KAY COUNTY",10005,"FOR COUNTY COMMISSIONER DISTRICT NO. 1 (UNEXPIRED TERM)",,12,12,2,"JOHN LEVEN",DEM,6,2,304,312,KAY
11/14/2017,"KINGFISHER","KINGFISHER COUNTY",30001,"PROPOSITION",,14,14,1,"FOR THE PROPOSITION - YES",,124,0,550,674,,
11/14/2017,"KINGFISHER","KINGFISHER COUNTY",30001,"PROPOSITION",,14,14,2,"AGAINST THE PROPOSITION - NO",,23,0,144,167,,
11/14/2017,"KIOWA","KIOWA COUNTY (EMS)",60381,"PROPOSITION  KIOWA COUNTY (EMS)",,2,2,1,"FOR THE PROPOSITION - YES",,0,0,0,0,,
11/14/2017,"KIOWA","KIOWA COUNTY (EMS)",60381,"PROPOSITION  KIOWA COUNTY (EMS)",,2,2,2,"AGAINST THE PROPOSITION - NO",,0,0,2,2,,
11/14/2017,"LEFLORE","TOWN OF TALIHINA",44001,"FOR BOARD OF TRUSTEES (UNEXPIRED TERM)  TOWN OF TALIHINA",,2,2,1,"GLEN DAVIS",,0,0,95,95,LEFLORE
11/14/2017,"LEFLORE","TOWN OF TALIHINA",44001,"FOR BOARD OF TRUSTEES (UNEXPIRED TERM)  TOWN OF TALIHINA",,2,2,2,"LAHOMA ROEBUCK",,0,0,35,35,LEFLORE
11/14/2017,"LEFLORE","TOWN OF TALIHINA",44002,"PROPOSITION  TOWN OF TALIHINA",,2,2,1,"FOR THE PROPOSITION - YES",,0,0,75,75,,
11/14/2017,"LEFLORE","TOWN OF TALIHINA",44002,"PROPOSITION  TOWN OF TALIHINA",,2,2,2,"AGAINST THE PROPOSITION - NO",,0,0,55,55,,
11/14/2017,"LOGAN","OAK CLIFF R.F.P.D.",60421,"FOR BOARD MEMBER BOARD OF DIRECTORS POSITION 1  OAK CLIFF R.F.P.D.",,5,5,1,"JASON ZIMDARS",,7,0,20,27,LOGAN
11/14/2017,"LOGAN","OAK CLIFF R.F.P.D.",60421,"FOR BOARD MEMBER BOARD OF DIRECTORS POSITION 1  OAK CLIFF R.F.P.D.",,5,5,2,"KEITH RANDOLPH",,11,3,25,39,LOGAN
11/14/2017,"LOVE","GREENVILLE PUBLIC SCHOOL ELEMENTARY SCHOOL DISTRICT NO. 003",54301,"PROPOSITION  GREENVILLE PUBLIC SCHOOL",,4,4,1,"FOR THE PROPOSITION - YES",,0,3,36,39,,
11/14/2017,"LOVE","GREENVILLE PUBLIC SCHOOL ELEMENTARY SCHOOL DISTRICT NO. 003",54301,"PROPOSITION  GREENVILLE PUBLIC SCHOOL",,4,4,2,"AGAINST THE PROPOSITION - NO",,0,1,2,3,,
11/14/2017,"MCCLAIN","BRIDGE CREEK PUBLIC SCHOOLS INDEPENDENT SCHOOL DISTRICT NO. 095",52601,"PROPOSITION  BRIDGE CREEK PUBLIC SCHOOLS",,1,1,1,"FOR THE PROPOSITION - YES",,0,0,7,7,,
11/14/2017,"MCCLAIN","BRIDGE CREEK PUBLIC SCHOOLS INDEPENDENT SCHOOL DISTRICT NO. 095",52601,"PROPOSITION  BRIDGE CREEK PUBLIC SCHOOLS",,1,1,2,"AGAINST THE PROPOSITION - NO",,1,0,5,6,,
11/14/2017,"MCCURTAIN","BATTIEST PUBLIC SCHOOLS INDEPENDENT SCHOOL DISTRICT NO. 071",54501,"PROPOSITION NO. 1  BATTIEST PUBLIC SCHOOLS",,6,6,1,"FOR THE PROPOSITION - YES",,3,0,138,141,,
11/14/2017,"MCCURTAIN","BATTIEST PUBLIC SCHOOLS INDEPENDENT SCHOOL DISTRICT NO. 071",54501,"PROPOSITION NO. 1  BATTIEST PUBLIC SCHOOLS",,6,6,2,"AGAINST THE PROPOSITION - NO",,1,0,25,26,,
11/14/2017,"MCCURTAIN","BATTIEST PUBLIC SCHOOLS INDEPENDENT SCHOOL DISTRICT NO. 071",54502,"PROPOSITION NO. 2  BATTIEST PUBLIC SCHOOLS",,6,6,1,"FOR THE PROPOSITION - YES",,3,0,140,143,,
11/14/2017,"MCCURTAIN","BATTIEST PUBLIC SCHOOLS INDEPENDENT SCHOOL DISTRICT NO. 071",54502,"PROPOSITION NO. 2  BATTIEST PUBLIC SCHOOLS",,6,6,2,"AGAINST THE PROPOSITION - NO",,1,0,24,25,,
11/14/2017,"MCCURTAIN","IDABEL PUBLIC SCHOOLS INDEPENDENT SCHOOL DISTRICT NO. 005",54503,"PROPOSITION NO. 1  IDABEL PUBLIC SCHOOLS",,11,11,1,"FOR THE PROPOSITION - YES",,6,3,120,129,,
11/14/2017,"MCCURTAIN","IDABEL PUBLIC SCHOOLS INDEPENDENT SCHOOL DISTRICT NO. 005",54503,"PROPOSITION NO. 1  IDABEL PUBLIC SCHOOLS",,11,11,2,"AGAINST THE PROPOSITION - NO",,4,3,30,37,,
11/14/2017,"MCCURTAIN","IDABEL PUBLIC SCHOOLS INDEPENDENT SCHOOL DISTRICT NO. 005",54504,"PROPOSITION NO. 2  IDABEL PUBLIC SCHOOLS",,11,11,1,"FOR THE PROPOSITION - YES",,7,3,120,130,,
11/14/2017,"MCCURTAIN","IDABEL PUBLIC SCHOOLS INDEPENDENT SCHOOL DISTRICT NO. 005",54504,"PROPOSITION NO. 2  IDABEL PUBLIC SCHOOLS",,11,11,2,"AGAINST THE PROPOSITION - NO",,3,3,32,38,,
11/14/2017,"MUSKOGEE","TOWN OF HASKELL",45101,"PROPOSITION  TOWN OF HASKELL",,1,1,1,"FOR THE PROPOSITION - YES",,0,1,40,41,,
11/14/2017,"MUSKOGEE","TOWN OF HASKELL",45101,"PROPOSITION  TOWN OF HASKELL",,1,1,2,"AGAINST THE PROPOSITION - NO",,0,0,86,86,,
11/14/2017,"NOBLE","TOWN OF BILLINGS",45201,"PROPOSITION NO. 1  TOWN OF BILLINGS",,1,1,1,"FOR THE PROPOSITION - YES",,0,0,27,27,,
11/14/2017,"NOBLE","TOWN OF BILLINGS",45201,"PROPOSITION NO. 1  TOWN OF BILLINGS",,1,1,2,"AGAINST THE PROPOSITION - NO",,6,1,71,78,,
11/14/2017,"NOBLE","TOWN OF BILLINGS",45202,"PROPOSITION NO. 2  TOWN OF BILLINGS",,1,1,1,"FOR THE PROPOSITION - YES",,0,0,26,26,,
11/14/2017,"NOBLE","TOWN OF BILLINGS",45202,"PROPOSITION NO. 2  TOWN OF BILLINGS",,1,1,2,"AGAINST THE PROPOSITION - NO",,7,1,67,75,,
11/14/2017,"NOWATA","NOWATA COUNTY",30004,"PROPOSITION",,11,11,1,"FOR THE PROPOSITION - YES",,22,26,385,433,,
11/14/2017,"NOWATA","NOWATA COUNTY",30004,"PROPOSITION",,11,11,2,"AGAINST THE PROPOSITION - NO",,18,13,194,225,,
11/14/2017,"OKLAHOMA","OKLAHOMA COUNTY",10002,"FOR STATE SENATOR DISTRICT 45 (UNEXPIRED TERM)",,6,6,1,"PAUL ROSINO",REP,12,0,104,116,,
11/14/2017,"OKLAHOMA","OKLAHOMA COUNTY",10002,"FOR STATE SENATOR DISTRICT 45 (UNEXPIRED TERM)",,6,6,2,"STEVEN VINCENT",DEM,15,3,228,246,,
11/14/2017,"OKLAHOMA","CITY OF DEL CITY",45501,"PROPOSITION  CITY OF DEL CITY",,6,6,1,"FOR THE PROPOSITION - YES",,42,5,565,612,,
11/14/2017,"OKLAHOMA","CITY OF DEL CITY",45501,"PROPOSITION  CITY OF DEL CITY",,6,6,2,"AGAINST THE PROPOSITION - NO",,17,0,291,308,,
11/14/2017,"OKLAHOMA","CITY OF SPENCER",45502,"PROPOSITION  CITY OF SPENCER",,2,2,1,"FOR THE PROPOSITION - YES",,1,0,158,159,,
11/14/2017,"OKLAHOMA","CITY OF SPENCER",45502,"PROPOSITION  CITY OF SPENCER",,2,2,2,"AGAINST THE PROPOSITION - NO",,0,0,76,76,,
11/14/2017,"OSAGE","CITY OF BARNSDALL",45701,"FOR MAYOR (UNEXPIRED TERM)  CITY OF BARNSDALL",,1,1,1,"J D COLE",,6,0,91,97,OSAGE
11/14/2017,"OSAGE","CITY OF BARNSDALL",45701,"FOR MAYOR (UNEXPIRED TERM)  CITY OF BARNSDALL",,1,1,2,"CLARK F. TODD",,1,0,6,7,OSAGE
11/14/2017,"OSAGE","CITY OF BARNSDALL",45701,"FOR MAYOR (UNEXPIRED TERM)  CITY OF BARNSDALL",,1,1,3,"RUSSELL B HAYMAN",,4,0,119,123,OSAGE
11/14/2017,"OSAGE","CITY OF TULSA",47202,"PROPOSITION NO. 1  CITY OF TULSA",,5,5,1,"FOR THE PROPOSITION - YES",,41,1,110,152,,
11/14/2017,"OSAGE","CITY OF TULSA",47202,"PROPOSITION NO. 1  CITY OF TULSA",,5,5,2,"AGAINST THE PROPOSITION - NO",,12,1,42,55,,
11/14/2017,"OSAGE","CITY OF TULSA",47203,"PROPOSITION NO. 2  CITY OF TULSA",,5,5,1,"FOR THE PROPOSITION - YES",,41,1,119,161,,
11/14/2017,"OSAGE","CITY OF TULSA",47203,"PROPOSITION NO. 2  CITY OF TULSA",,5,5,2,"AGAINST THE PROPOSITION - NO",,12,1,33,46,,
11/14/2017,"OSAGE","CITY OF TULSA",47204,"PROPOSITION NO. 3  CITY OF TULSA",,5,5,1,"FOR THE PROPOSITION - YES",,37,0,112,149,,
11/14/2017,"OSAGE","CITY OF TULSA",47204,"PROPOSITION NO. 3  CITY OF TULSA",,5,5,2,"AGAINST THE PROPOSITION - NO",,15,2,39,56,,
11/14/2017,"OSAGE","CITY OF TULSA",47205,"PROPOSITION NO. 4  CITY OF TULSA",,5,5,1,"FOR THE PROPOSITION - YES",,43,1,121,165,,
11/14/2017,"OSAGE","CITY OF TULSA",47205,"PROPOSITION NO. 4  CITY OF TULSA",,5,5,2,"AGAINST THE PROPOSITION - NO",,9,1,29,39,,
11/14/2017,"OSAGE","CITY OF TULSA",47206,"PROPOSITION NO. 5  CITY OF TULSA",,5,5,1,"FOR THE PROPOSITION - YES",,31,0,93,124,,
11/14/2017,"OSAGE","CITY OF TULSA",47206,"PROPOSITION NO. 5  CITY OF TULSA",,5,5,2,"AGAINST THE PROPOSITION - NO",,21,2,59,82,,
11/14/2017,"OSAGE","CITY OF TULSA",47207,"PROPOSITION NO. 6  CITY OF TULSA",,5,5,1,"FOR THE PROPOSITION - YES",,35,1,114,150,,
11/14/2017,"OSAGE","CITY OF TULSA",47207,"PROPOSITION NO. 6  CITY OF TULSA",,5,5,2,"AGAINST THE PROPOSITION - NO",,14,1,30,45,,
11/14/2017,"OSAGE","CITY OF TULSA",47208,"PROPOSITION NO. 7  CITY OF TULSA",,5,5,1,"FOR THE PROPOSITION - YES",,43,0,106,149,,
11/14/2017,"OSAGE","CITY OF TULSA",47208,"PROPOSITION NO. 7  CITY OF TULSA",,5,5,2,"AGAINST THE PROPOSITION - NO",,8,2,38,48,,
11/14/2017,"OSAGE","CITY OF SAND SPRINGS",47209,"PROPOSITION NO. 1  CITY OF SAND SPRINGS",,5,5,1,"FOR THE PROPOSITION - YES",,3,0,17,20,,
11/14/2017,"OSAGE","CITY OF SAND SPRINGS",47209,"PROPOSITION NO. 1  CITY OF SAND SPRINGS",,5,5,2,"AGAINST THE PROPOSITION - NO",,1,0,3,4,,
11/14/2017,"OSAGE","CITY OF SAND SPRINGS",47210,"PROPOSITION NO. 2  CITY OF SAND SPRINGS",,5,5,1,"FOR THE PROPOSITION - YES",,2,0,17,19,,
11/14/2017,"OSAGE","CITY OF SAND SPRINGS",47210,"PROPOSITION NO. 2  CITY OF SAND SPRINGS",,5,5,2,"AGAINST THE PROPOSITION - NO",,2,0,3,5,,
11/14/2017,"OSAGE","CITY OF SAND SPRINGS",47211,"PROPOSITION NO. 3  CITY OF SAND SPRINGS",,5,5,1,"FOR THE PROPOSITION - YES",,2,0,15,17,,
11/14/2017,"OSAGE","CITY OF SAND SPRINGS",47211,"PROPOSITION NO. 3  CITY OF SAND SPRINGS",,5,5,2,"AGAINST THE PROPOSITION - NO",,2,0,5,7,,
11/14/2017,"OSAGE","CITY OF SAND SPRINGS",47212,"PROPOSITION NO. 4  CITY OF SAND SPRINGS",,5,5,1,"FOR THE PROPOSITION - YES",,2,0,16,18,,
11/14/2017,"OSAGE","CITY OF SAND SPRINGS",47212,"PROPOSITION NO. 4  CITY OF SAND SPRINGS",,5,5,2,"AGAINST THE PROPOSITION - NO",,2,0,4,6,,
11/14/2017,"OSAGE","CITY OF SAND SPRINGS",47213,"PROPOSITION NO. 5  CITY OF SAND SPRINGS",,5,5,1,"FOR THE PROPOSITION - YES",,2,0,14,16,,
11/14/2017,"OSAGE","CITY OF SAND SPRINGS",47213,"PROPOSITION NO. 5  CITY OF SAND SPRINGS",,5,5,2,"AGAINST THE PROPOSITION - NO",,2,0,6,8,,
11/14/2017,"OSAGE","COUNTRY CORNER FIRE",60571,"FOR BOARD MEMBER BOARD MEMBER SEAT 5  COUNTRY CORNER FIRE",,2,2,1,"JIM MASSEY",,0,0,14,14,OSAGE
11/14/2017,"OSAGE","COUNTRY CORNER FIRE",60571,"FOR BOARD MEMBER BOARD MEMBER SEAT 5  COUNTRY CORNER FIRE",,2,2,2,"TRENT RENFRO",,5,0,61,66,OSAGE
11/14/2017,"PAYNE","RIPLEY PUBLIC SCHOOLS INDEPENDENT SCHOOL DISTRICT NO. 003",56001,"PROPOSITION  RIPLEY PUBLIC SCHOOLS",,4,4,1,"FOR THE PROPOSITION - YES",,2,1,112,115,,
11/14/2017,"PAYNE","RIPLEY PUBLIC SCHOOLS INDEPENDENT SCHOOL DISTRICT NO. 003",56001,"PROPOSITION  RIPLEY PUBLIC SCHOOLS",,4,4,2,"AGAINST THE PROPOSITION - NO",,0,1,12,13,,
11/14/2017,"PITTSBURG","CITY OF HARTSHORNE",46101,"FOR CITY TREASURER (UNEXPIRED TERM)  CITY OF HARTSHORNE",,4,4,1,"COURTNEY CASE",,6,0,51,57,PITTSBURG
11/14/2017,"PITTSBURG","CITY OF HARTSHORNE",46101,"FOR CITY TREASURER (UNEXPIRED TERM)  CITY OF HARTSHORNE",,4,4,2,"DESARAE ALEXANDER",,1,0,121,122,PITTSBURG
11/14/2017,"PUSHMATAHA","BATTIEST PUBLIC SCHOOLS INDEPENDENT SCHOOL DISTRICT NO. 071",54501,"PROPOSITION NO. 1  BATTIEST PUBLIC SCHOOLS",,1,1,1,"FOR THE PROPOSITION - YES",,0,0,0,0,,
11/14/2017,"PUSHMATAHA","BATTIEST PUBLIC SCHOOLS INDEPENDENT SCHOOL DISTRICT NO. 071",54501,"PROPOSITION NO. 1  BATTIEST PUBLIC SCHOOLS",,1,1,2,"AGAINST THE PROPOSITION - NO",,0,0,0,0,,
11/14/2017,"PUSHMATAHA","BATTIEST PUBLIC SCHOOLS INDEPENDENT SCHOOL DISTRICT NO. 071",54502,"PROPOSITION NO. 2  BATTIEST PUBLIC SCHOOLS",,1,1,1,"FOR THE PROPOSITION - YES",,0,0,0,0,,
11/14/2017,"PUSHMATAHA","BATTIEST PUBLIC SCHOOLS INDEPENDENT SCHOOL DISTRICT NO. 071",54502,"PROPOSITION NO. 2  BATTIEST PUBLIC SCHOOLS",,1,1,2,"AGAINST THE PROPOSITION - NO",,0,0,0,0,,
11/14/2017,"ROGERS","CITY OF TULSA",47202,"PROPOSITION NO. 1  CITY OF TULSA",,3,3,1,"FOR THE PROPOSITION - YES",,0,0,0,0,,
11/14/2017,"ROGERS","CITY OF TULSA",47202,"PROPOSITION NO. 1  CITY OF TULSA",,3,3,2,"AGAINST THE PROPOSITION - NO",,0,0,0,0,,
11/14/2017,"ROGERS","CITY OF TULSA",47203,"PROPOSITION NO. 2  CITY OF TULSA",,3,3,1,"FOR THE PROPOSITION - YES",,0,0,0,0,,
11/14/2017,"ROGERS","CITY OF TULSA",47203,"PROPOSITION NO. 2  CITY OF TULSA",,3,3,2,"AGAINST THE PROPOSITION - NO",,0,0,0,0,,
11/14/2017,"ROGERS","CITY OF TULSA",47204,"PROPOSITION NO. 3  CITY OF TULSA",,3,3,1,"FOR THE PROPOSITION - YES",,0,0,0,0,,
11/14/2017,"ROGERS","CITY OF TULSA",47204,"PROPOSITION NO. 3  CITY OF TULSA",,3,3,2,"AGAINST THE PROPOSITION - NO",,0,0,0,0,,
11/14/2017,"ROGERS","CITY OF TULSA",47205,"PROPOSITION NO. 4  CITY OF TULSA",,3,3,1,"FOR THE PROPOSITION - YES",,0,0,0,0,,
11/14/2017,"ROGERS","CITY OF TULSA",47205,"PROPOSITION NO. 4  CITY OF TULSA",,3,3,2,"AGAINST THE PROPOSITION - NO",,0,0,0,0,,
11/14/2017,"ROGERS","CITY OF TULSA",47206,"PROPOSITION NO. 5  CITY OF TULSA",,3,3,1,"FOR THE PROPOSITION - YES",,0,0,0,0,,
11/14/2017,"ROGERS","CITY OF TULSA",47206,"PROPOSITION NO. 5  CITY OF TULSA",,3,3,2,"AGAINST THE PROPOSITION - NO",,0,0,0,0,,
11/14/2017,"ROGERS","CITY OF TULSA",47207,"PROPOSITION NO. 6  CITY OF TULSA",,3,3,1,"FOR THE PROPOSITION - YES",,0,0,0,0,,
11/14/2017,"ROGERS","CITY OF TULSA",47207,"PROPOSITION NO. 6  CITY OF TULSA",,3,3,2,"AGAINST THE PROPOSITION - NO",,0,0,0,0,,
11/14/2017,"ROGERS","CITY OF TULSA",47208,"PROPOSITION NO. 7  CITY OF TULSA",,3,3,1,"FOR THE PROPOSITION - YES",,0,0,0,0,,
11/14/2017,"ROGERS","CITY OF TULSA",47208,"PROPOSITION NO. 7  CITY OF TULSA",,3,3,2,"AGAINST THE PROPOSITION - NO",,0,0,0,0,,
11/14/2017,"TULSA","TULSA COUNTY",10001,"FOR STATE SENATOR DISTRICT 37 (UNEXPIRED TERM)",,28,28,1,"BRIAN O'HARA",REP,116,41,2048,2205,,
11/14/2017,"TULSA","TULSA COUNTY",10001,"FOR STATE SENATOR DISTRICT 37 (UNEXPIRED TERM)",,28,28,2,"ALLISON IKLEY-FREEMAN",DEM,95,33,2106,2234,,
11/14/2017,"TULSA","TULSA COUNTY",10003,"FOR STATE REPRESENTATIVE DISTRICT 76 (UNEXPIRED TERM)",,12,12,1,"ROSS FORD",REP,68,15,1461,1544,,
11/14/2017,"TULSA","TULSA COUNTY",10003,"FOR STATE REPRESENTATIVE DISTRICT 76 (UNEXPIRED TERM)",,12,12,2,"CHRIS VanLANDINGHAM",DEM,18,8,690,716,,
11/14/2017,"TULSA","CITY OF BIXBY",47201,"PROPOSITION  CITY OF BIXBY",,13,13,1,"FOR THE PROPOSITION - YES",,23,2,114,139,,
11/14/2017,"TULSA","CITY OF BIXBY",47201,"PROPOSITION  CITY OF BIXBY",,13,13,2,"AGAINST THE PROPOSITION - NO",,8,0,46,54,,
11/14/2017,"TULSA","CITY OF TULSA",47202,"PROPOSITION NO. 1  CITY OF TULSA",,182,182,1,"FOR THE PROPOSITION - YES",,732,183,7222,8137,,
11/14/2017,"TULSA","CITY OF TULSA",47202,"PROPOSITION NO. 1  CITY OF TULSA",,182,182,2,"AGAINST THE PROPOSITION - NO",,151,49,1867,2067,,
11/14/2017,"TULSA","CITY OF TULSA",47203,"PROPOSITION NO. 2  CITY OF TULSA",,182,182,1,"FOR THE PROPOSITION - YES",,774,185,7707,8666,,
11/14/2017,"TULSA","CITY OF TULSA",47203,"PROPOSITION NO. 2  CITY OF TULSA",,182,182,2,"AGAINST THE PROPOSITION - NO",,119,46,1426,1591,,
11/14/2017,"TULSA","CITY OF TULSA",47204,"PROPOSITION NO. 3  CITY OF TULSA",,182,182,1,"FOR THE PROPOSITION - YES",,703,166,6389,7258,,
11/14/2017,"TULSA","CITY OF TULSA",47204,"PROPOSITION NO. 3  CITY OF TULSA",,182,182,2,"AGAINST THE PROPOSITION - NO",,182,62,2680,2924,,
11/14/2017,"TULSA","CITY OF TULSA",47205,"PROPOSITION NO. 4  CITY OF TULSA",,182,182,1,"FOR THE PROPOSITION - YES",,771,184,7058,8013,,
11/14/2017,"TULSA","CITY OF TULSA",47205,"PROPOSITION NO. 4  CITY OF TULSA",,182,182,2,"AGAINST THE PROPOSITION - NO",,119,46,2040,2205,,
11/14/2017,"TULSA","CITY OF TULSA",47206,"PROPOSITION NO. 5  CITY OF TULSA",,182,182,1,"FOR THE PROPOSITION - YES",,674,157,5961,6792,,
11/14/2017,"TULSA","CITY OF TULSA",47206,"PROPOSITION NO. 5  CITY OF TULSA",,182,182,2,"AGAINST THE PROPOSITION - NO",,208,74,3126,3408,,
11/14/2017,"TULSA","CITY OF TULSA",47207,"PROPOSITION NO. 6  CITY OF TULSA",,182,182,1,"FOR THE PROPOSITION - YES",,710,173,5934,6817,,
11/14/2017,"TULSA","CITY OF TULSA",47207,"PROPOSITION NO. 6  CITY OF TULSA",,182,182,2,"AGAINST THE PROPOSITION - NO",,165,52,3048,3265,,
11/14/2017,"TULSA","CITY OF TULSA",47208,"PROPOSITION NO. 7  CITY OF TULSA",,182,182,1,"FOR THE PROPOSITION - YES",,670,132,5650,6452,,
11/14/2017,"TULSA","CITY OF TULSA",47208,"PROPOSITION NO. 7  CITY OF TULSA",,182,182,2,"AGAINST THE PROPOSITION - NO",,202,92,3296,3590,,
11/14/2017,"TULSA","CITY OF SAND SPRINGS",47209,"PROPOSITION NO. 1  CITY OF SAND SPRINGS",,12,12,1,"FOR THE PROPOSITION - YES",,44,17,999,1060,,
11/14/2017,"TULSA","CITY OF SAND SPRINGS",47209,"PROPOSITION NO. 1  CITY OF SAND SPRINGS",,12,12,2,"AGAINST THE PROPOSITION - NO",,14,7,445,466,,
11/14/2017,"TULSA","CITY OF SAND SPRINGS",47210,"PROPOSITION NO. 2  CITY OF SAND SPRINGS",,12,12,1,"FOR THE PROPOSITION - YES",,44,17,955,1016,,
11/14/2017,"TULSA","CITY OF SAND SPRINGS",47210,"PROPOSITION NO. 2  CITY OF SAND SPRINGS",,12,12,2,"AGAINST THE PROPOSITION - NO",,14,7,491,512,,
11/14/2017,"TULSA","CITY OF SAND SPRINGS",47211,"PROPOSITION NO. 3  CITY OF SAND SPRINGS",,12,12,1,"FOR THE PROPOSITION - YES",,37,17,901,955,,
11/14/2017,"TULSA","CITY OF SAND SPRINGS",47211,"PROPOSITION NO. 3  CITY OF SAND SPRINGS",,12,12,2,"AGAINST THE PROPOSITION - NO",,21,7,548,576,,
11/14/2017,"TULSA","CITY OF SAND SPRINGS",47212,"PROPOSITION NO. 4  CITY OF SAND SPRINGS",,12,12,1,"FOR THE PROPOSITION - YES",,38,13,849,900,,
11/14/2017,"TULSA","CITY OF SAND SPRINGS",47212,"PROPOSITION NO. 4  CITY OF SAND SPRINGS",,12,12,2,"AGAINST THE PROPOSITION - NO",,17,9,529,555,,
11/14/2017,"TULSA","CITY OF SAND SPRINGS",47213,"PROPOSITION NO. 5  CITY OF SAND SPRINGS",,12,12,1,"FOR THE PROPOSITION - YES",,33,12,804,849,,
11/14/2017,"TULSA","CITY OF SAND SPRINGS",47213,"PROPOSITION NO. 5  CITY OF SAND SPRINGS",,12,12,2,"AGAINST THE PROPOSITION - NO",,22,10,575,607,,
11/14/2017,"WAGONER","CITY OF BIXBY",47201,"PROPOSITION  CITY OF BIXBY",,1,1,1,"FOR THE PROPOSITION - YES",,0,0,0,0,,
11/14/2017,"WAGONER","CITY OF BIXBY",47201,"PROPOSITION  CITY OF BIXBY",,1,1,2,"AGAINST THE PROPOSITION - NO",,0,0,0,0,,
11/14/2017,"WAGONER","CITY OF TULSA",47202,"PROPOSITION NO. 1  CITY OF TULSA",,2,2,1,"FOR THE PROPOSITION - YES",,0,0,2,2,,
11/14/2017,"WAGONER","CITY OF TULSA",47202,"PROPOSITION NO. 1  CITY OF TULSA",,2,2,2,"AGAINST THE PROPOSITION - NO",,1,0,0,1,,
11/14/2017,"WAGONER","CITY OF TULSA",47203,"PROPOSITION NO. 2  CITY OF TULSA",,2,2,1,"FOR THE PROPOSITION - YES",,0,0,2,2,,
11/14/2017,"WAGONER","CITY OF TULSA",47203,"PROPOSITION NO. 2  CITY OF TULSA",,2,2,2,"AGAINST THE PROPOSITION - NO",,1,0,0,1,,
11/14/2017,"WAGONER","CITY OF TULSA",47204,"PROPOSITION NO. 3  CITY OF TULSA",,2,2,1,"FOR THE PROPOSITION - YES",,0,0,2,2,,
11/14/2017,"WAGONER","CITY OF TULSA",47204,"PROPOSITION NO. 3  CITY OF TULSA",,2,2,2,"AGAINST THE PROPOSITION - NO",,1,0,0,1,,
11/14/2017,"WAGONER","CITY OF TULSA",47205,"PROPOSITION NO. 4  CITY OF TULSA",,2,2,1,"FOR THE PROPOSITION - YES",,0,0,1,1,,
11/14/2017,"WAGONER","CITY OF TULSA",47205,"PROPOSITION NO. 4  CITY OF TULSA",,2,2,2,"AGAINST THE PROPOSITION - NO",,1,0,1,2,,
11/14/2017,"WAGONER","CITY OF TULSA",47206,"PROPOSITION NO. 5  CITY OF TULSA",,2,2,1,"FOR THE PROPOSITION - YES",,0,0,0,0,,
11/14/2017,"WAGONER","CITY OF TULSA",47206,"PROPOSITION NO. 5  CITY OF TULSA",,2,2,2,"AGAINST THE PROPOSITION - NO",,1,0,2,3,,
11/14/2017,"WAGONER","CITY OF TULSA",47207,"PROPOSITION NO. 6  CITY OF TULSA",,2,2,1,"FOR THE PROPOSITION - YES",,0,0,1,1,,
11/14/2017,"WAGONER","CITY OF TULSA",47207,"PROPOSITION NO. 6  CITY OF TULSA",,2,2,2,"AGAINST THE PROPOSITION - NO",,1,0,1,2,,
11/14/2017,"WAGONER","CITY OF TULSA",47208,"PROPOSITION NO. 7  CITY OF TULSA",,2,2,1,"FOR THE PROPOSITION - YES",,0,0,1,1,,
11/14/2017,"WAGONER","CITY OF TULSA",47208,"PROPOSITION NO. 7  CITY OF TULSA",,2,2,2,"AGAINST THE PROPOSITION - NO",,1,0,1,2,,
11/14/2017,"WAGONER","CITY OF WAGONER",47301,"PROPOSITION NO. 1  CITY OF WAGONER",,3,3,1,"FOR THE PROPOSITION - YES",,5,10,272,287,,
11/14/2017,"WAGONER","CITY OF WAGONER",47301,"PROPOSITION NO. 1  CITY OF WAGONER",,3,3,2,"AGAINST THE PROPOSITION - NO",,1,18,201,220,,
11/14/2017,"WAGONER","CITY OF WAGONER",47302,"PROPOSITION NO. 2  CITY OF WAGONER",,3,3,1,"FOR THE PROPOSITION - YES",,4,6,264,274,,
11/14/2017,"WAGONER","CITY OF WAGONER",47302,"PROPOSITION NO. 2  CITY OF WAGONER",,3,3,2,"AGAINST THE PROPOSITION - NO",,2,22,210,234,,
11/14/2017,"WASHITA","WASHITA COUNTY (EMS)",60751,"PROPOSITION  WASHITA COUNTY (EMS)",,3,3,1,"FOR THE PROPOSITION - YES",,0,0,57,57,,
11/14/2017,"WASHITA","WASHITA COUNTY (EMS)",60751,"PROPOSITION  WASHITA COUNTY (EMS)",,3,3,2,"AGAINST THE PROPOSITION - NO",,2,2,259,263,,
11/14/2017,"WOODWARD","WOODWARD COUNTY",10004,"FOR COUNTY COMMISSIONER DISTRICT NO. 1 (UNEXPIRED TERM)",,5,5,1,"TROY WHITE",REP,13,10,295,318,WOODWARD
11/14/2017,"WOODWARD","WOODWARD COUNTY",10004,"FOR COUNTY COMMISSIONER DISTRICT NO. 1 (UNEXPIRED TERM)",,5,5,2,"MICHAEL KEE",DEM,5,4,40,49,WOODWARD
