elec_date,precinct,entity_description,race_number,race_description,race_party,tot_race_prec,race_prec_reporting,cand_number,cand_name,cand_party,cand_absmail_votes,cand_early_votes,cand_elecday_votes,cand_tot_votes,race_county_owner
12/12/2017,"040011","FEDERAL, STATE AND COUNTY",11001,"FOR STATE SENATOR DISTRICT 27 (UNEXPIRED TERM)",REP,75,75,1,"TOMMY W. NICHOLSON",REP,0,0,0,0,,
12/12/2017,"040011","FEDERAL, STATE AND COUNTY",11001,"FOR STATE SENATOR DISTRICT 27 (UNEXPIRED TERM)",REP,75,75,2,"MICHAEL MEDILL",REP,0,0,0,0,,
12/12/2017,"040011","FEDERAL, STATE AND COUNTY",11001,"FOR STATE SENATOR DISTRICT 27 (UNEXPIRED TERM)",REP,75,75,3,"JEFF HALL",REP,0,0,4,4,,
12/12/2017,"040011","FEDERAL, STATE AND COUNTY",11001,"FOR STATE SENATOR DISTRICT 27 (UNEXPIRED TERM)",REP,75,75,4,"TRAVIS TEMPLIN",REP,0,0,17,17,,
12/12/2017,"040011","FEDERAL, STATE AND COUNTY",11001,"FOR STATE SENATOR DISTRICT 27 (UNEXPIRED TERM)",REP,75,75,5,"CASEY MURDOCK",REP,1,4,49,54,,
12/12/2017,"040011","FEDERAL, STATE AND COUNTY",11001,"FOR STATE SENATOR DISTRICT 27 (UNEXPIRED TERM)",REP,75,75,6,"CAROLYN McLARTY",REP,0,0,10,10,,
12/12/2017,"040013","FEDERAL, STATE AND COUNTY",11001,"FOR STATE SENATOR DISTRICT 27 (UNEXPIRED TERM)",REP,75,75,1,"TOMMY W. NICHOLSON",REP,0,0,1,1,,
12/12/2017,"040013","FEDERAL, STATE AND COUNTY",11001,"FOR STATE SENATOR DISTRICT 27 (UNEXPIRED TERM)",REP,75,75,2,"MICHAEL MEDILL",REP,1,0,0,1,,
12/12/2017,"040013","FEDERAL, STATE AND COUNTY",11001,"FOR STATE SENATOR DISTRICT 27 (UNEXPIRED TERM)",REP,75,75,3,"JEFF HALL",REP,0,0,7,7,,
12/12/2017,"040013","FEDERAL, STATE AND COUNTY",11001,"FOR STATE SENATOR DISTRICT 27 (UNEXPIRED TERM)",REP,75,75,4,"TRAVIS TEMPLIN",REP,0,0,11,11,,
12/12/2017,"040013","FEDERAL, STATE AND COUNTY",11001,"FOR STATE SENATOR DISTRICT 27 (UNEXPIRED TERM)",REP,75,75,5,"CASEY MURDOCK",REP,4,0,13,17,,
12/12/2017,"040013","FEDERAL, STATE AND COUNTY",11001,"FOR STATE SENATOR DISTRICT 27 (UNEXPIRED TERM)",REP,75,75,6,"CAROLYN McLARTY",REP,0,0,6,6,,
12/12/2017,"040023","FEDERAL, STATE AND COUNTY",11001,"FOR STATE SENATOR DISTRICT 27 (UNEXPIRED TERM)",REP,75,75,1,"TOMMY W. NICHOLSON",REP,0,0,3,3,,
12/12/2017,"040023","FEDERAL, STATE AND COUNTY",11001,"FOR STATE SENATOR DISTRICT 27 (UNEXPIRED TERM)",REP,75,75,2,"MICHAEL MEDILL",REP,0,0,1,1,,
12/12/2017,"040023","FEDERAL, STATE AND COUNTY",11001,"FOR STATE SENATOR DISTRICT 27 (UNEXPIRED TERM)",REP,75,75,3,"JEFF HALL",REP,0,2,19,21,,
12/12/2017,"040023","FEDERAL, STATE AND COUNTY",11001,"FOR STATE SENATOR DISTRICT 27 (UNEXPIRED TERM)",REP,75,75,4,"TRAVIS TEMPLIN",REP,0,9,50,59,,
12/12/2017,"040023","FEDERAL, STATE AND COUNTY",11001,"FOR STATE SENATOR DISTRICT 27 (UNEXPIRED TERM)",REP,75,75,5,"CASEY MURDOCK",REP,3,11,85,99,,
12/12/2017,"040023","FEDERAL, STATE AND COUNTY",11001,"FOR STATE SENATOR DISTRICT 27 (UNEXPIRED TERM)",REP,75,75,6,"CAROLYN McLARTY",REP,2,8,33,43,,
12/12/2017,"040025","FEDERAL, STATE AND COUNTY",11001,"FOR STATE SENATOR DISTRICT 27 (UNEXPIRED TERM)",REP,75,75,1,"TOMMY W. NICHOLSON",REP,0,0,0,0,,
12/12/2017,"040025","FEDERAL, STATE AND COUNTY",11001,"FOR STATE SENATOR DISTRICT 27 (UNEXPIRED TERM)",REP,75,75,2,"MICHAEL MEDILL",REP,0,0,1,1,,
12/12/2017,"040025","FEDERAL, STATE AND COUNTY",11001,"FOR STATE SENATOR DISTRICT 27 (UNEXPIRED TERM)",REP,75,75,3,"JEFF HALL",REP,0,0,6,6,,
12/12/2017,"040025","FEDERAL, STATE AND COUNTY",11001,"FOR STATE SENATOR DISTRICT 27 (UNEXPIRED TERM)",REP,75,75,4,"TRAVIS TEMPLIN",REP,0,0,7,7,,
12/12/2017,"040025","FEDERAL, STATE AND COUNTY",11001,"FOR STATE SENATOR DISTRICT 27 (UNEXPIRED TERM)",REP,75,75,5,"CASEY MURDOCK",REP,0,1,26,27,,
12/12/2017,"040025","FEDERAL, STATE AND COUNTY",11001,"FOR STATE SENATOR DISTRICT 27 (UNEXPIRED TERM)",REP,75,75,6,"CAROLYN McLARTY",REP,0,0,9,9,,
12/12/2017,"040026","FEDERAL, STATE AND COUNTY",11001,"FOR STATE SENATOR DISTRICT 27 (UNEXPIRED TERM)",REP,75,75,1,"TOMMY W. NICHOLSON",REP,0,0,0,0,,
12/12/2017,"040026","FEDERAL, STATE AND COUNTY",11001,"FOR STATE SENATOR DISTRICT 27 (UNEXPIRED TERM)",REP,75,75,2,"MICHAEL MEDILL",REP,0,0,0,0,,
12/12/2017,"040026","FEDERAL, STATE AND COUNTY",11001,"FOR STATE SENATOR DISTRICT 27 (UNEXPIRED TERM)",REP,75,75,3,"JEFF HALL",REP,0,0,1,1,,
12/12/2017,"040026","FEDERAL, STATE AND COUNTY",11001,"FOR STATE SENATOR DISTRICT 27 (UNEXPIRED TERM)",REP,75,75,4,"TRAVIS TEMPLIN",REP,0,0,0,0,,
12/12/2017,"040026","FEDERAL, STATE AND COUNTY",11001,"FOR STATE SENATOR DISTRICT 27 (UNEXPIRED TERM)",REP,75,75,5,"CASEY MURDOCK",REP,1,1,5,7,,
12/12/2017,"040026","FEDERAL, STATE AND COUNTY",11001,"FOR STATE SENATOR DISTRICT 27 (UNEXPIRED TERM)",REP,75,75,6,"CAROLYN McLARTY",REP,0,0,6,6,,
12/12/2017,"040031","FEDERAL, STATE AND COUNTY",11001,"FOR STATE SENATOR DISTRICT 27 (UNEXPIRED TERM)",REP,75,75,1,"TOMMY W. NICHOLSON",REP,0,0,0,0,,
12/12/2017,"040031","FEDERAL, STATE AND COUNTY",11001,"FOR STATE SENATOR DISTRICT 27 (UNEXPIRED TERM)",REP,75,75,2,"MICHAEL MEDILL",REP,0,0,0,0,,
12/12/2017,"040031","FEDERAL, STATE AND COUNTY",11001,"FOR STATE SENATOR DISTRICT 27 (UNEXPIRED TERM)",REP,75,75,3,"JEFF HALL",REP,0,0,3,3,,
12/12/2017,"040031","FEDERAL, STATE AND COUNTY",11001,"FOR STATE SENATOR DISTRICT 27 (UNEXPIRED TERM)",REP,75,75,4,"TRAVIS TEMPLIN",REP,0,0,10,10,,
12/12/2017,"040031","FEDERAL, STATE AND COUNTY",11001,"FOR STATE SENATOR DISTRICT 27 (UNEXPIRED TERM)",REP,75,75,5,"CASEY MURDOCK",REP,1,2,38,41,,
12/12/2017,"040031","FEDERAL, STATE AND COUNTY",11001,"FOR STATE SENATOR DISTRICT 27 (UNEXPIRED TERM)",REP,75,75,6,"CAROLYN McLARTY",REP,0,0,18,18,,
12/12/2017,"040033","FEDERAL, STATE AND COUNTY",11001,"FOR STATE SENATOR DISTRICT 27 (UNEXPIRED TERM)",REP,75,75,1,"TOMMY W. NICHOLSON",REP,0,0,2,2,,
12/12/2017,"040033","FEDERAL, STATE AND COUNTY",11001,"FOR STATE SENATOR DISTRICT 27 (UNEXPIRED TERM)",REP,75,75,2,"MICHAEL MEDILL",REP,0,0,1,1,,
12/12/2017,"040033","FEDERAL, STATE AND COUNTY",11001,"FOR STATE SENATOR DISTRICT 27 (UNEXPIRED TERM)",REP,75,75,3,"JEFF HALL",REP,1,0,6,7,,
12/12/2017,"040033","FEDERAL, STATE AND COUNTY",11001,"FOR STATE SENATOR DISTRICT 27 (UNEXPIRED TERM)",REP,75,75,4,"TRAVIS TEMPLIN",REP,1,0,21,22,,
12/12/2017,"040033","FEDERAL, STATE AND COUNTY",11001,"FOR STATE SENATOR DISTRICT 27 (UNEXPIRED TERM)",REP,75,75,5,"CASEY MURDOCK",REP,1,3,99,103,,
12/12/2017,"040033","FEDERAL, STATE AND COUNTY",11001,"FOR STATE SENATOR DISTRICT 27 (UNEXPIRED TERM)",REP,75,75,6,"CAROLYN McLARTY",REP,0,1,15,16,,
12/12/2017,"130002","FEDERAL, STATE AND COUNTY",11001,"FOR STATE SENATOR DISTRICT 27 (UNEXPIRED TERM)",REP,75,75,1,"TOMMY W. NICHOLSON",REP,0,0,0,0,,
12/12/2017,"130002","FEDERAL, STATE AND COUNTY",11001,"FOR STATE SENATOR DISTRICT 27 (UNEXPIRED TERM)",REP,75,75,2,"MICHAEL MEDILL",REP,0,0,0,0,,
12/12/2017,"130002","FEDERAL, STATE AND COUNTY",11001,"FOR STATE SENATOR DISTRICT 27 (UNEXPIRED TERM)",REP,75,75,3,"JEFF HALL",REP,3,0,0,3,,
12/12/2017,"130002","FEDERAL, STATE AND COUNTY",11001,"FOR STATE SENATOR DISTRICT 27 (UNEXPIRED TERM)",REP,75,75,4,"TRAVIS TEMPLIN",REP,1,1,3,5,,
12/12/2017,"130002","FEDERAL, STATE AND COUNTY",11001,"FOR STATE SENATOR DISTRICT 27 (UNEXPIRED TERM)",REP,75,75,5,"CASEY MURDOCK",REP,2,15,48,65,,
12/12/2017,"130002","FEDERAL, STATE AND COUNTY",11001,"FOR STATE SENATOR DISTRICT 27 (UNEXPIRED TERM)",REP,75,75,6,"CAROLYN McLARTY",REP,0,2,10,12,,
12/12/2017,"130003","FEDERAL, STATE AND COUNTY",11001,"FOR STATE SENATOR DISTRICT 27 (UNEXPIRED TERM)",REP,75,75,1,"TOMMY W. NICHOLSON",REP,0,0,1,1,,
12/12/2017,"130003","FEDERAL, STATE AND COUNTY",11001,"FOR STATE SENATOR DISTRICT 27 (UNEXPIRED TERM)",REP,75,75,2,"MICHAEL MEDILL",REP,0,0,0,0,,
12/12/2017,"130003","FEDERAL, STATE AND COUNTY",11001,"FOR STATE SENATOR DISTRICT 27 (UNEXPIRED TERM)",REP,75,75,3,"JEFF HALL",REP,0,0,4,4,,
12/12/2017,"130003","FEDERAL, STATE AND COUNTY",11001,"FOR STATE SENATOR DISTRICT 27 (UNEXPIRED TERM)",REP,75,75,4,"TRAVIS TEMPLIN",REP,0,5,5,10,,
12/12/2017,"130003","FEDERAL, STATE AND COUNTY",11001,"FOR STATE SENATOR DISTRICT 27 (UNEXPIRED TERM)",REP,75,75,5,"CASEY MURDOCK",REP,3,7,30,40,,
12/12/2017,"130003","FEDERAL, STATE AND COUNTY",11001,"FOR STATE SENATOR DISTRICT 27 (UNEXPIRED TERM)",REP,75,75,6,"CAROLYN McLARTY",REP,1,8,23,32,,
12/12/2017,"130004","FEDERAL, STATE AND COUNTY",11001,"FOR STATE SENATOR DISTRICT 27 (UNEXPIRED TERM)",REP,75,75,1,"TOMMY W. NICHOLSON",REP,0,0,0,0,,
12/12/2017,"130004","FEDERAL, STATE AND COUNTY",11001,"FOR STATE SENATOR DISTRICT 27 (UNEXPIRED TERM)",REP,75,75,2,"MICHAEL MEDILL",REP,0,0,0,0,,
12/12/2017,"130004","FEDERAL, STATE AND COUNTY",11001,"FOR STATE SENATOR DISTRICT 27 (UNEXPIRED TERM)",REP,75,75,3,"JEFF HALL",REP,0,1,3,4,,
12/12/2017,"130004","FEDERAL, STATE AND COUNTY",11001,"FOR STATE SENATOR DISTRICT 27 (UNEXPIRED TERM)",REP,75,75,4,"TRAVIS TEMPLIN",REP,0,1,5,6,,
12/12/2017,"130004","FEDERAL, STATE AND COUNTY",11001,"FOR STATE SENATOR DISTRICT 27 (UNEXPIRED TERM)",REP,75,75,5,"CASEY MURDOCK",REP,2,12,34,48,,
12/12/2017,"130004","FEDERAL, STATE AND COUNTY",11001,"FOR STATE SENATOR DISTRICT 27 (UNEXPIRED TERM)",REP,75,75,6,"CAROLYN McLARTY",REP,0,1,10,11,,
12/12/2017,"130005","FEDERAL, STATE AND COUNTY",11001,"FOR STATE SENATOR DISTRICT 27 (UNEXPIRED TERM)",REP,75,75,1,"TOMMY W. NICHOLSON",REP,0,0,0,0,,
12/12/2017,"130005","FEDERAL, STATE AND COUNTY",11001,"FOR STATE SENATOR DISTRICT 27 (UNEXPIRED TERM)",REP,75,75,2,"MICHAEL MEDILL",REP,0,0,0,0,,
12/12/2017,"130005","FEDERAL, STATE AND COUNTY",11001,"FOR STATE SENATOR DISTRICT 27 (UNEXPIRED TERM)",REP,75,75,3,"JEFF HALL",REP,0,2,0,2,,
12/12/2017,"130005","FEDERAL, STATE AND COUNTY",11001,"FOR STATE SENATOR DISTRICT 27 (UNEXPIRED TERM)",REP,75,75,4,"TRAVIS TEMPLIN",REP,0,2,10,12,,
12/12/2017,"130005","FEDERAL, STATE AND COUNTY",11001,"FOR STATE SENATOR DISTRICT 27 (UNEXPIRED TERM)",REP,75,75,5,"CASEY MURDOCK",REP,1,6,24,31,,
12/12/2017,"130005","FEDERAL, STATE AND COUNTY",11001,"FOR STATE SENATOR DISTRICT 27 (UNEXPIRED TERM)",REP,75,75,6,"CAROLYN McLARTY",REP,0,3,13,16,,
12/12/2017,"130006","FEDERAL, STATE AND COUNTY",11001,"FOR STATE SENATOR DISTRICT 27 (UNEXPIRED TERM)",REP,75,75,1,"TOMMY W. NICHOLSON",REP,0,0,0,0,,
12/12/2017,"130006","FEDERAL, STATE AND COUNTY",11001,"FOR STATE SENATOR DISTRICT 27 (UNEXPIRED TERM)",REP,75,75,2,"MICHAEL MEDILL",REP,0,0,0,0,,
12/12/2017,"130006","FEDERAL, STATE AND COUNTY",11001,"FOR STATE SENATOR DISTRICT 27 (UNEXPIRED TERM)",REP,75,75,3,"JEFF HALL",REP,0,1,1,2,,
12/12/2017,"130006","FEDERAL, STATE AND COUNTY",11001,"FOR STATE SENATOR DISTRICT 27 (UNEXPIRED TERM)",REP,75,75,4,"TRAVIS TEMPLIN",REP,0,4,7,11,,
12/12/2017,"130006","FEDERAL, STATE AND COUNTY",11001,"FOR STATE SENATOR DISTRICT 27 (UNEXPIRED TERM)",REP,75,75,5,"CASEY MURDOCK",REP,0,20,55,75,,
12/12/2017,"130006","FEDERAL, STATE AND COUNTY",11001,"FOR STATE SENATOR DISTRICT 27 (UNEXPIRED TERM)",REP,75,75,6,"CAROLYN McLARTY",REP,3,4,10,17,,
12/12/2017,"130007","FEDERAL, STATE AND COUNTY",11001,"FOR STATE SENATOR DISTRICT 27 (UNEXPIRED TERM)",REP,75,75,1,"TOMMY W. NICHOLSON",REP,0,0,0,0,,
12/12/2017,"130007","FEDERAL, STATE AND COUNTY",11001,"FOR STATE SENATOR DISTRICT 27 (UNEXPIRED TERM)",REP,75,75,2,"MICHAEL MEDILL",REP,0,0,0,0,,
12/12/2017,"130007","FEDERAL, STATE AND COUNTY",11001,"FOR STATE SENATOR DISTRICT 27 (UNEXPIRED TERM)",REP,75,75,3,"JEFF HALL",REP,0,0,1,1,,
12/12/2017,"130007","FEDERAL, STATE AND COUNTY",11001,"FOR STATE SENATOR DISTRICT 27 (UNEXPIRED TERM)",REP,75,75,4,"TRAVIS TEMPLIN",REP,1,2,1,4,,
12/12/2017,"130007","FEDERAL, STATE AND COUNTY",11001,"FOR STATE SENATOR DISTRICT 27 (UNEXPIRED TERM)",REP,75,75,5,"CASEY MURDOCK",REP,0,1,10,11,,
12/12/2017,"130007","FEDERAL, STATE AND COUNTY",11001,"FOR STATE SENATOR DISTRICT 27 (UNEXPIRED TERM)",REP,75,75,6,"CAROLYN McLARTY",REP,0,0,4,4,,
12/12/2017,"220001","FEDERAL, STATE AND COUNTY",11001,"FOR STATE SENATOR DISTRICT 27 (UNEXPIRED TERM)",REP,75,75,1,"TOMMY W. NICHOLSON",REP,0,0,2,2,,
12/12/2017,"220001","FEDERAL, STATE AND COUNTY",11001,"FOR STATE SENATOR DISTRICT 27 (UNEXPIRED TERM)",REP,75,75,2,"MICHAEL MEDILL",REP,0,0,0,0,,
12/12/2017,"220001","FEDERAL, STATE AND COUNTY",11001,"FOR STATE SENATOR DISTRICT 27 (UNEXPIRED TERM)",REP,75,75,3,"JEFF HALL",REP,0,3,0,3,,
12/12/2017,"220001","FEDERAL, STATE AND COUNTY",11001,"FOR STATE SENATOR DISTRICT 27 (UNEXPIRED TERM)",REP,75,75,4,"TRAVIS TEMPLIN",REP,0,3,26,29,,
12/12/2017,"220001","FEDERAL, STATE AND COUNTY",11001,"FOR STATE SENATOR DISTRICT 27 (UNEXPIRED TERM)",REP,75,75,5,"CASEY MURDOCK",REP,0,0,12,12,,
12/12/2017,"220001","FEDERAL, STATE AND COUNTY",11001,"FOR STATE SENATOR DISTRICT 27 (UNEXPIRED TERM)",REP,75,75,6,"CAROLYN McLARTY",REP,0,2,4,6,,
12/12/2017,"220002","FEDERAL, STATE AND COUNTY",11001,"FOR STATE SENATOR DISTRICT 27 (UNEXPIRED TERM)",REP,75,75,1,"TOMMY W. NICHOLSON",REP,0,0,0,0,,
12/12/2017,"220002","FEDERAL, STATE AND COUNTY",11001,"FOR STATE SENATOR DISTRICT 27 (UNEXPIRED TERM)",REP,75,75,2,"MICHAEL MEDILL",REP,0,0,0,0,,
12/12/2017,"220002","FEDERAL, STATE AND COUNTY",11001,"FOR STATE SENATOR DISTRICT 27 (UNEXPIRED TERM)",REP,75,75,3,"JEFF HALL",REP,0,0,0,0,,
12/12/2017,"220002","FEDERAL, STATE AND COUNTY",11001,"FOR STATE SENATOR DISTRICT 27 (UNEXPIRED TERM)",REP,75,75,4,"TRAVIS TEMPLIN",REP,0,0,8,8,,
12/12/2017,"220002","FEDERAL, STATE AND COUNTY",11001,"FOR STATE SENATOR DISTRICT 27 (UNEXPIRED TERM)",REP,75,75,5,"CASEY MURDOCK",REP,0,1,3,4,,
12/12/2017,"220002","FEDERAL, STATE AND COUNTY",11001,"FOR STATE SENATOR DISTRICT 27 (UNEXPIRED TERM)",REP,75,75,6,"CAROLYN McLARTY",REP,0,0,3,3,,
12/12/2017,"220003","FEDERAL, STATE AND COUNTY",11001,"FOR STATE SENATOR DISTRICT 27 (UNEXPIRED TERM)",REP,75,75,1,"TOMMY W. NICHOLSON",REP,0,0,0,0,,
12/12/2017,"220003","FEDERAL, STATE AND COUNTY",11001,"FOR STATE SENATOR DISTRICT 27 (UNEXPIRED TERM)",REP,75,75,2,"MICHAEL MEDILL",REP,0,0,0,0,,
12/12/2017,"220003","FEDERAL, STATE AND COUNTY",11001,"FOR STATE SENATOR DISTRICT 27 (UNEXPIRED TERM)",REP,75,75,3,"JEFF HALL",REP,0,0,1,1,,
12/12/2017,"220003","FEDERAL, STATE AND COUNTY",11001,"FOR STATE SENATOR DISTRICT 27 (UNEXPIRED TERM)",REP,75,75,4,"TRAVIS TEMPLIN",REP,0,0,13,13,,
12/12/2017,"220003","FEDERAL, STATE AND COUNTY",11001,"FOR STATE SENATOR DISTRICT 27 (UNEXPIRED TERM)",REP,75,75,5,"CASEY MURDOCK",REP,0,0,8,8,,
12/12/2017,"220003","FEDERAL, STATE AND COUNTY",11001,"FOR STATE SENATOR DISTRICT 27 (UNEXPIRED TERM)",REP,75,75,6,"CAROLYN McLARTY",REP,0,0,9,9,,
12/12/2017,"220004","FEDERAL, STATE AND COUNTY",11001,"FOR STATE SENATOR DISTRICT 27 (UNEXPIRED TERM)",REP,75,75,1,"TOMMY W. NICHOLSON",REP,0,0,1,1,,
12/12/2017,"220004","FEDERAL, STATE AND COUNTY",11001,"FOR STATE SENATOR DISTRICT 27 (UNEXPIRED TERM)",REP,75,75,2,"MICHAEL MEDILL",REP,0,0,0,0,,
12/12/2017,"220004","FEDERAL, STATE AND COUNTY",11001,"FOR STATE SENATOR DISTRICT 27 (UNEXPIRED TERM)",REP,75,75,3,"JEFF HALL",REP,0,0,1,1,,
12/12/2017,"220004","FEDERAL, STATE AND COUNTY",11001,"FOR STATE SENATOR DISTRICT 27 (UNEXPIRED TERM)",REP,75,75,4,"TRAVIS TEMPLIN",REP,0,0,9,9,,
12/12/2017,"220004","FEDERAL, STATE AND COUNTY",11001,"FOR STATE SENATOR DISTRICT 27 (UNEXPIRED TERM)",REP,75,75,5,"CASEY MURDOCK",REP,1,0,6,7,,
12/12/2017,"220004","FEDERAL, STATE AND COUNTY",11001,"FOR STATE SENATOR DISTRICT 27 (UNEXPIRED TERM)",REP,75,75,6,"CAROLYN McLARTY",REP,0,0,14,14,,
12/12/2017,"220005","FEDERAL, STATE AND COUNTY",11001,"FOR STATE SENATOR DISTRICT 27 (UNEXPIRED TERM)",REP,75,75,1,"TOMMY W. NICHOLSON",REP,1,0,1,2,,
12/12/2017,"220005","FEDERAL, STATE AND COUNTY",11001,"FOR STATE SENATOR DISTRICT 27 (UNEXPIRED TERM)",REP,75,75,2,"MICHAEL MEDILL",REP,0,0,2,2,,
12/12/2017,"220005","FEDERAL, STATE AND COUNTY",11001,"FOR STATE SENATOR DISTRICT 27 (UNEXPIRED TERM)",REP,75,75,3,"JEFF HALL",REP,0,0,10,10,,
12/12/2017,"220005","FEDERAL, STATE AND COUNTY",11001,"FOR STATE SENATOR DISTRICT 27 (UNEXPIRED TERM)",REP,75,75,4,"TRAVIS TEMPLIN",REP,3,8,62,73,,
12/12/2017,"220005","FEDERAL, STATE AND COUNTY",11001,"FOR STATE SENATOR DISTRICT 27 (UNEXPIRED TERM)",REP,75,75,5,"CASEY MURDOCK",REP,1,2,63,66,,
12/12/2017,"220005","FEDERAL, STATE AND COUNTY",11001,"FOR STATE SENATOR DISTRICT 27 (UNEXPIRED TERM)",REP,75,75,6,"CAROLYN McLARTY",REP,1,0,15,16,,
12/12/2017,"220007","FEDERAL, STATE AND COUNTY",11001,"FOR STATE SENATOR DISTRICT 27 (UNEXPIRED TERM)",REP,75,75,1,"TOMMY W. NICHOLSON",REP,0,0,0,0,,
12/12/2017,"220007","FEDERAL, STATE AND COUNTY",11001,"FOR STATE SENATOR DISTRICT 27 (UNEXPIRED TERM)",REP,75,75,2,"MICHAEL MEDILL",REP,0,0,0,0,,
12/12/2017,"220007","FEDERAL, STATE AND COUNTY",11001,"FOR STATE SENATOR DISTRICT 27 (UNEXPIRED TERM)",REP,75,75,3,"JEFF HALL",REP,0,0,2,2,,
12/12/2017,"220007","FEDERAL, STATE AND COUNTY",11001,"FOR STATE SENATOR DISTRICT 27 (UNEXPIRED TERM)",REP,75,75,4,"TRAVIS TEMPLIN",REP,1,4,25,30,,
12/12/2017,"220007","FEDERAL, STATE AND COUNTY",11001,"FOR STATE SENATOR DISTRICT 27 (UNEXPIRED TERM)",REP,75,75,5,"CASEY MURDOCK",REP,0,0,4,4,,
12/12/2017,"220007","FEDERAL, STATE AND COUNTY",11001,"FOR STATE SENATOR DISTRICT 27 (UNEXPIRED TERM)",REP,75,75,6,"CAROLYN McLARTY",REP,0,0,4,4,,
12/12/2017,"220008","FEDERAL, STATE AND COUNTY",11001,"FOR STATE SENATOR DISTRICT 27 (UNEXPIRED TERM)",REP,75,75,1,"TOMMY W. NICHOLSON",REP,0,0,2,2,,
12/12/2017,"220008","FEDERAL, STATE AND COUNTY",11001,"FOR STATE SENATOR DISTRICT 27 (UNEXPIRED TERM)",REP,75,75,2,"MICHAEL MEDILL",REP,0,0,2,2,,
12/12/2017,"220008","FEDERAL, STATE AND COUNTY",11001,"FOR STATE SENATOR DISTRICT 27 (UNEXPIRED TERM)",REP,75,75,3,"JEFF HALL",REP,0,0,2,2,,
12/12/2017,"220008","FEDERAL, STATE AND COUNTY",11001,"FOR STATE SENATOR DISTRICT 27 (UNEXPIRED TERM)",REP,75,75,4,"TRAVIS TEMPLIN",REP,5,8,149,162,,
12/12/2017,"220008","FEDERAL, STATE AND COUNTY",11001,"FOR STATE SENATOR DISTRICT 27 (UNEXPIRED TERM)",REP,75,75,5,"CASEY MURDOCK",REP,0,5,15,20,,
12/12/2017,"220008","FEDERAL, STATE AND COUNTY",11001,"FOR STATE SENATOR DISTRICT 27 (UNEXPIRED TERM)",REP,75,75,6,"CAROLYN McLARTY",REP,0,0,16,16,,
12/12/2017,"220009","FEDERAL, STATE AND COUNTY",11001,"FOR STATE SENATOR DISTRICT 27 (UNEXPIRED TERM)",REP,75,75,1,"TOMMY W. NICHOLSON",REP,0,0,1,1,,
12/12/2017,"220009","FEDERAL, STATE AND COUNTY",11001,"FOR STATE SENATOR DISTRICT 27 (UNEXPIRED TERM)",REP,75,75,2,"MICHAEL MEDILL",REP,0,0,0,0,,
12/12/2017,"220009","FEDERAL, STATE AND COUNTY",11001,"FOR STATE SENATOR DISTRICT 27 (UNEXPIRED TERM)",REP,75,75,3,"JEFF HALL",REP,0,0,0,0,,
12/12/2017,"220009","FEDERAL, STATE AND COUNTY",11001,"FOR STATE SENATOR DISTRICT 27 (UNEXPIRED TERM)",REP,75,75,4,"TRAVIS TEMPLIN",REP,0,0,29,29,,
12/12/2017,"220009","FEDERAL, STATE AND COUNTY",11001,"FOR STATE SENATOR DISTRICT 27 (UNEXPIRED TERM)",REP,75,75,5,"CASEY MURDOCK",REP,0,0,0,0,,
12/12/2017,"220009","FEDERAL, STATE AND COUNTY",11001,"FOR STATE SENATOR DISTRICT 27 (UNEXPIRED TERM)",REP,75,75,6,"CAROLYN McLARTY",REP,0,0,1,1,,
12/12/2017,"220010","FEDERAL, STATE AND COUNTY",11001,"FOR STATE SENATOR DISTRICT 27 (UNEXPIRED TERM)",REP,75,75,1,"TOMMY W. NICHOLSON",REP,0,0,0,0,,
12/12/2017,"220010","FEDERAL, STATE AND COUNTY",11001,"FOR STATE SENATOR DISTRICT 27 (UNEXPIRED TERM)",REP,75,75,2,"MICHAEL MEDILL",REP,0,0,0,0,,
12/12/2017,"220010","FEDERAL, STATE AND COUNTY",11001,"FOR STATE SENATOR DISTRICT 27 (UNEXPIRED TERM)",REP,75,75,3,"JEFF HALL",REP,0,0,0,0,,
12/12/2017,"220010","FEDERAL, STATE AND COUNTY",11001,"FOR STATE SENATOR DISTRICT 27 (UNEXPIRED TERM)",REP,75,75,4,"TRAVIS TEMPLIN",REP,0,0,1,1,,
12/12/2017,"220010","FEDERAL, STATE AND COUNTY",11001,"FOR STATE SENATOR DISTRICT 27 (UNEXPIRED TERM)",REP,75,75,5,"CASEY MURDOCK",REP,0,0,2,2,,
12/12/2017,"220010","FEDERAL, STATE AND COUNTY",11001,"FOR STATE SENATOR DISTRICT 27 (UNEXPIRED TERM)",REP,75,75,6,"CAROLYN McLARTY",REP,0,0,2,2,,
12/12/2017,"230001","FEDERAL, STATE AND COUNTY",11001,"FOR STATE SENATOR DISTRICT 27 (UNEXPIRED TERM)",REP,75,75,1,"TOMMY W. NICHOLSON",REP,0,0,4,4,,
12/12/2017,"230001","FEDERAL, STATE AND COUNTY",11001,"FOR STATE SENATOR DISTRICT 27 (UNEXPIRED TERM)",REP,75,75,2,"MICHAEL MEDILL",REP,2,0,0,2,,
12/12/2017,"230001","FEDERAL, STATE AND COUNTY",11001,"FOR STATE SENATOR DISTRICT 27 (UNEXPIRED TERM)",REP,75,75,3,"JEFF HALL",REP,0,3,6,9,,
12/12/2017,"230001","FEDERAL, STATE AND COUNTY",11001,"FOR STATE SENATOR DISTRICT 27 (UNEXPIRED TERM)",REP,75,75,4,"TRAVIS TEMPLIN",REP,2,10,46,58,,
12/12/2017,"230001","FEDERAL, STATE AND COUNTY",11001,"FOR STATE SENATOR DISTRICT 27 (UNEXPIRED TERM)",REP,75,75,5,"CASEY MURDOCK",REP,4,5,27,36,,
12/12/2017,"230001","FEDERAL, STATE AND COUNTY",11001,"FOR STATE SENATOR DISTRICT 27 (UNEXPIRED TERM)",REP,75,75,6,"CAROLYN McLARTY",REP,4,4,13,21,,
12/12/2017,"230003","FEDERAL, STATE AND COUNTY",11001,"FOR STATE SENATOR DISTRICT 27 (UNEXPIRED TERM)",REP,75,75,1,"TOMMY W. NICHOLSON",REP,1,0,1,2,,
12/12/2017,"230003","FEDERAL, STATE AND COUNTY",11001,"FOR STATE SENATOR DISTRICT 27 (UNEXPIRED TERM)",REP,75,75,2,"MICHAEL MEDILL",REP,0,0,0,0,,
12/12/2017,"230003","FEDERAL, STATE AND COUNTY",11001,"FOR STATE SENATOR DISTRICT 27 (UNEXPIRED TERM)",REP,75,75,3,"JEFF HALL",REP,1,0,46,47,,
12/12/2017,"230003","FEDERAL, STATE AND COUNTY",11001,"FOR STATE SENATOR DISTRICT 27 (UNEXPIRED TERM)",REP,75,75,4,"TRAVIS TEMPLIN",REP,1,1,38,40,,
12/12/2017,"230003","FEDERAL, STATE AND COUNTY",11001,"FOR STATE SENATOR DISTRICT 27 (UNEXPIRED TERM)",REP,75,75,5,"CASEY MURDOCK",REP,0,1,40,41,,
12/12/2017,"230003","FEDERAL, STATE AND COUNTY",11001,"FOR STATE SENATOR DISTRICT 27 (UNEXPIRED TERM)",REP,75,75,6,"CAROLYN McLARTY",REP,0,0,15,15,,
12/12/2017,"230004","FEDERAL, STATE AND COUNTY",11001,"FOR STATE SENATOR DISTRICT 27 (UNEXPIRED TERM)",REP,75,75,1,"TOMMY W. NICHOLSON",REP,0,0,0,0,,
12/12/2017,"230004","FEDERAL, STATE AND COUNTY",11001,"FOR STATE SENATOR DISTRICT 27 (UNEXPIRED TERM)",REP,75,75,2,"MICHAEL MEDILL",REP,0,0,0,0,,
12/12/2017,"230004","FEDERAL, STATE AND COUNTY",11001,"FOR STATE SENATOR DISTRICT 27 (UNEXPIRED TERM)",REP,75,75,3,"JEFF HALL",REP,0,0,14,14,,
12/12/2017,"230004","FEDERAL, STATE AND COUNTY",11001,"FOR STATE SENATOR DISTRICT 27 (UNEXPIRED TERM)",REP,75,75,4,"TRAVIS TEMPLIN",REP,0,0,5,5,,
12/12/2017,"230004","FEDERAL, STATE AND COUNTY",11001,"FOR STATE SENATOR DISTRICT 27 (UNEXPIRED TERM)",REP,75,75,5,"CASEY MURDOCK",REP,0,1,0,1,,
12/12/2017,"230004","FEDERAL, STATE AND COUNTY",11001,"FOR STATE SENATOR DISTRICT 27 (UNEXPIRED TERM)",REP,75,75,6,"CAROLYN McLARTY",REP,0,0,1,1,,
12/12/2017,"230006","FEDERAL, STATE AND COUNTY",11001,"FOR STATE SENATOR DISTRICT 27 (UNEXPIRED TERM)",REP,75,75,1,"TOMMY W. NICHOLSON",REP,0,0,0,0,,
12/12/2017,"230006","FEDERAL, STATE AND COUNTY",11001,"FOR STATE SENATOR DISTRICT 27 (UNEXPIRED TERM)",REP,75,75,2,"MICHAEL MEDILL",REP,0,0,0,0,,
12/12/2017,"230006","FEDERAL, STATE AND COUNTY",11001,"FOR STATE SENATOR DISTRICT 27 (UNEXPIRED TERM)",REP,75,75,3,"JEFF HALL",REP,0,0,0,0,,
12/12/2017,"230006","FEDERAL, STATE AND COUNTY",11001,"FOR STATE SENATOR DISTRICT 27 (UNEXPIRED TERM)",REP,75,75,4,"TRAVIS TEMPLIN",REP,0,1,0,1,,
12/12/2017,"230006","FEDERAL, STATE AND COUNTY",11001,"FOR STATE SENATOR DISTRICT 27 (UNEXPIRED TERM)",REP,75,75,5,"CASEY MURDOCK",REP,0,0,9,9,,
12/12/2017,"230006","FEDERAL, STATE AND COUNTY",11001,"FOR STATE SENATOR DISTRICT 27 (UNEXPIRED TERM)",REP,75,75,6,"CAROLYN McLARTY",REP,1,0,4,5,,
12/12/2017,"230007","FEDERAL, STATE AND COUNTY",11001,"FOR STATE SENATOR DISTRICT 27 (UNEXPIRED TERM)",REP,75,75,1,"TOMMY W. NICHOLSON",REP,0,0,1,1,,
12/12/2017,"230007","FEDERAL, STATE AND COUNTY",11001,"FOR STATE SENATOR DISTRICT 27 (UNEXPIRED TERM)",REP,75,75,2,"MICHAEL MEDILL",REP,0,0,2,2,,
12/12/2017,"230007","FEDERAL, STATE AND COUNTY",11001,"FOR STATE SENATOR DISTRICT 27 (UNEXPIRED TERM)",REP,75,75,3,"JEFF HALL",REP,0,2,10,12,,
12/12/2017,"230007","FEDERAL, STATE AND COUNTY",11001,"FOR STATE SENATOR DISTRICT 27 (UNEXPIRED TERM)",REP,75,75,4,"TRAVIS TEMPLIN",REP,0,0,29,29,,
12/12/2017,"230007","FEDERAL, STATE AND COUNTY",11001,"FOR STATE SENATOR DISTRICT 27 (UNEXPIRED TERM)",REP,75,75,5,"CASEY MURDOCK",REP,0,0,11,11,,
12/12/2017,"230007","FEDERAL, STATE AND COUNTY",11001,"FOR STATE SENATOR DISTRICT 27 (UNEXPIRED TERM)",REP,75,75,6,"CAROLYN McLARTY",REP,3,0,14,17,,
12/12/2017,"230008","FEDERAL, STATE AND COUNTY",11001,"FOR STATE SENATOR DISTRICT 27 (UNEXPIRED TERM)",REP,75,75,1,"TOMMY W. NICHOLSON",REP,0,0,0,0,,
12/12/2017,"230008","FEDERAL, STATE AND COUNTY",11001,"FOR STATE SENATOR DISTRICT 27 (UNEXPIRED TERM)",REP,75,75,2,"MICHAEL MEDILL",REP,0,0,1,1,,
12/12/2017,"230008","FEDERAL, STATE AND COUNTY",11001,"FOR STATE SENATOR DISTRICT 27 (UNEXPIRED TERM)",REP,75,75,3,"JEFF HALL",REP,0,0,5,5,,
12/12/2017,"230008","FEDERAL, STATE AND COUNTY",11001,"FOR STATE SENATOR DISTRICT 27 (UNEXPIRED TERM)",REP,75,75,4,"TRAVIS TEMPLIN",REP,2,0,15,17,,
12/12/2017,"230008","FEDERAL, STATE AND COUNTY",11001,"FOR STATE SENATOR DISTRICT 27 (UNEXPIRED TERM)",REP,75,75,5,"CASEY MURDOCK",REP,4,2,15,21,,
12/12/2017,"230008","FEDERAL, STATE AND COUNTY",11001,"FOR STATE SENATOR DISTRICT 27 (UNEXPIRED TERM)",REP,75,75,6,"CAROLYN McLARTY",REP,0,0,13,13,,
12/12/2017,"230009","FEDERAL, STATE AND COUNTY",11001,"FOR STATE SENATOR DISTRICT 27 (UNEXPIRED TERM)",REP,75,75,1,"TOMMY W. NICHOLSON",REP,0,0,0,0,,
12/12/2017,"230009","FEDERAL, STATE AND COUNTY",11001,"FOR STATE SENATOR DISTRICT 27 (UNEXPIRED TERM)",REP,75,75,2,"MICHAEL MEDILL",REP,0,0,0,0,,
12/12/2017,"230009","FEDERAL, STATE AND COUNTY",11001,"FOR STATE SENATOR DISTRICT 27 (UNEXPIRED TERM)",REP,75,75,3,"JEFF HALL",REP,0,0,1,1,,
12/12/2017,"230009","FEDERAL, STATE AND COUNTY",11001,"FOR STATE SENATOR DISTRICT 27 (UNEXPIRED TERM)",REP,75,75,4,"TRAVIS TEMPLIN",REP,0,6,16,22,,
12/12/2017,"230009","FEDERAL, STATE AND COUNTY",11001,"FOR STATE SENATOR DISTRICT 27 (UNEXPIRED TERM)",REP,75,75,5,"CASEY MURDOCK",REP,0,0,8,8,,
12/12/2017,"230009","FEDERAL, STATE AND COUNTY",11001,"FOR STATE SENATOR DISTRICT 27 (UNEXPIRED TERM)",REP,75,75,6,"CAROLYN McLARTY",REP,0,0,4,4,,
12/12/2017,"300201","FEDERAL, STATE AND COUNTY",11001,"FOR STATE SENATOR DISTRICT 27 (UNEXPIRED TERM)",REP,75,75,1,"TOMMY W. NICHOLSON",REP,0,0,3,3,,
12/12/2017,"300201","FEDERAL, STATE AND COUNTY",11001,"FOR STATE SENATOR DISTRICT 27 (UNEXPIRED TERM)",REP,75,75,2,"MICHAEL MEDILL",REP,0,0,0,0,,
12/12/2017,"300201","FEDERAL, STATE AND COUNTY",11001,"FOR STATE SENATOR DISTRICT 27 (UNEXPIRED TERM)",REP,75,75,3,"JEFF HALL",REP,0,3,19,22,,
12/12/2017,"300201","FEDERAL, STATE AND COUNTY",11001,"FOR STATE SENATOR DISTRICT 27 (UNEXPIRED TERM)",REP,75,75,4,"TRAVIS TEMPLIN",REP,1,0,53,54,,
12/12/2017,"300201","FEDERAL, STATE AND COUNTY",11001,"FOR STATE SENATOR DISTRICT 27 (UNEXPIRED TERM)",REP,75,75,5,"CASEY MURDOCK",REP,2,0,54,56,,
12/12/2017,"300201","FEDERAL, STATE AND COUNTY",11001,"FOR STATE SENATOR DISTRICT 27 (UNEXPIRED TERM)",REP,75,75,6,"CAROLYN McLARTY",REP,0,1,17,18,,
12/12/2017,"300203","FEDERAL, STATE AND COUNTY",11001,"FOR STATE SENATOR DISTRICT 27 (UNEXPIRED TERM)",REP,75,75,1,"TOMMY W. NICHOLSON",REP,0,0,0,0,,
12/12/2017,"300203","FEDERAL, STATE AND COUNTY",11001,"FOR STATE SENATOR DISTRICT 27 (UNEXPIRED TERM)",REP,75,75,2,"MICHAEL MEDILL",REP,0,0,0,0,,
12/12/2017,"300203","FEDERAL, STATE AND COUNTY",11001,"FOR STATE SENATOR DISTRICT 27 (UNEXPIRED TERM)",REP,75,75,3,"JEFF HALL",REP,0,1,3,4,,
12/12/2017,"300203","FEDERAL, STATE AND COUNTY",11001,"FOR STATE SENATOR DISTRICT 27 (UNEXPIRED TERM)",REP,75,75,4,"TRAVIS TEMPLIN",REP,0,0,13,13,,
12/12/2017,"300203","FEDERAL, STATE AND COUNTY",11001,"FOR STATE SENATOR DISTRICT 27 (UNEXPIRED TERM)",REP,75,75,5,"CASEY MURDOCK",REP,0,2,7,9,,
12/12/2017,"300203","FEDERAL, STATE AND COUNTY",11001,"FOR STATE SENATOR DISTRICT 27 (UNEXPIRED TERM)",REP,75,75,6,"CAROLYN McLARTY",REP,0,0,0,0,,
12/12/2017,"300301","FEDERAL, STATE AND COUNTY",11001,"FOR STATE SENATOR DISTRICT 27 (UNEXPIRED TERM)",REP,75,75,1,"TOMMY W. NICHOLSON",REP,0,1,1,2,,
12/12/2017,"300301","FEDERAL, STATE AND COUNTY",11001,"FOR STATE SENATOR DISTRICT 27 (UNEXPIRED TERM)",REP,75,75,2,"MICHAEL MEDILL",REP,0,0,1,1,,
12/12/2017,"300301","FEDERAL, STATE AND COUNTY",11001,"FOR STATE SENATOR DISTRICT 27 (UNEXPIRED TERM)",REP,75,75,3,"JEFF HALL",REP,0,0,2,2,,
12/12/2017,"300301","FEDERAL, STATE AND COUNTY",11001,"FOR STATE SENATOR DISTRICT 27 (UNEXPIRED TERM)",REP,75,75,4,"TRAVIS TEMPLIN",REP,0,0,13,13,,
12/12/2017,"300301","FEDERAL, STATE AND COUNTY",11001,"FOR STATE SENATOR DISTRICT 27 (UNEXPIRED TERM)",REP,75,75,5,"CASEY MURDOCK",REP,0,4,25,29,,
12/12/2017,"300301","FEDERAL, STATE AND COUNTY",11001,"FOR STATE SENATOR DISTRICT 27 (UNEXPIRED TERM)",REP,75,75,6,"CAROLYN McLARTY",REP,0,1,9,10,,
12/12/2017,"300302","FEDERAL, STATE AND COUNTY",11001,"FOR STATE SENATOR DISTRICT 27 (UNEXPIRED TERM)",REP,75,75,1,"TOMMY W. NICHOLSON",REP,0,0,1,1,,
12/12/2017,"300302","FEDERAL, STATE AND COUNTY",11001,"FOR STATE SENATOR DISTRICT 27 (UNEXPIRED TERM)",REP,75,75,2,"MICHAEL MEDILL",REP,0,0,0,0,,
12/12/2017,"300302","FEDERAL, STATE AND COUNTY",11001,"FOR STATE SENATOR DISTRICT 27 (UNEXPIRED TERM)",REP,75,75,3,"JEFF HALL",REP,0,0,3,3,,
12/12/2017,"300302","FEDERAL, STATE AND COUNTY",11001,"FOR STATE SENATOR DISTRICT 27 (UNEXPIRED TERM)",REP,75,75,4,"TRAVIS TEMPLIN",REP,0,0,6,6,,
12/12/2017,"300302","FEDERAL, STATE AND COUNTY",11001,"FOR STATE SENATOR DISTRICT 27 (UNEXPIRED TERM)",REP,75,75,5,"CASEY MURDOCK",REP,0,2,7,9,,
12/12/2017,"300302","FEDERAL, STATE AND COUNTY",11001,"FOR STATE SENATOR DISTRICT 27 (UNEXPIRED TERM)",REP,75,75,6,"CAROLYN McLARTY",REP,0,0,2,2,,
12/12/2017,"300303","FEDERAL, STATE AND COUNTY",11001,"FOR STATE SENATOR DISTRICT 27 (UNEXPIRED TERM)",REP,75,75,1,"TOMMY W. NICHOLSON",REP,0,0,0,0,,
12/12/2017,"300303","FEDERAL, STATE AND COUNTY",11001,"FOR STATE SENATOR DISTRICT 27 (UNEXPIRED TERM)",REP,75,75,2,"MICHAEL MEDILL",REP,0,0,1,1,,
12/12/2017,"300303","FEDERAL, STATE AND COUNTY",11001,"FOR STATE SENATOR DISTRICT 27 (UNEXPIRED TERM)",REP,75,75,3,"JEFF HALL",REP,1,0,3,4,,
12/12/2017,"300303","FEDERAL, STATE AND COUNTY",11001,"FOR STATE SENATOR DISTRICT 27 (UNEXPIRED TERM)",REP,75,75,4,"TRAVIS TEMPLIN",REP,0,1,5,6,,
12/12/2017,"300303","FEDERAL, STATE AND COUNTY",11001,"FOR STATE SENATOR DISTRICT 27 (UNEXPIRED TERM)",REP,75,75,5,"CASEY MURDOCK",REP,0,0,8,8,,
12/12/2017,"300303","FEDERAL, STATE AND COUNTY",11001,"FOR STATE SENATOR DISTRICT 27 (UNEXPIRED TERM)",REP,75,75,6,"CAROLYN McLARTY",REP,1,0,6,7,,
12/12/2017,"300402","FEDERAL, STATE AND COUNTY",11001,"FOR STATE SENATOR DISTRICT 27 (UNEXPIRED TERM)",REP,75,75,1,"TOMMY W. NICHOLSON",REP,0,0,6,6,,
12/12/2017,"300402","FEDERAL, STATE AND COUNTY",11001,"FOR STATE SENATOR DISTRICT 27 (UNEXPIRED TERM)",REP,75,75,2,"MICHAEL MEDILL",REP,0,0,0,0,,
12/12/2017,"300402","FEDERAL, STATE AND COUNTY",11001,"FOR STATE SENATOR DISTRICT 27 (UNEXPIRED TERM)",REP,75,75,3,"JEFF HALL",REP,0,1,8,9,,
12/12/2017,"300402","FEDERAL, STATE AND COUNTY",11001,"FOR STATE SENATOR DISTRICT 27 (UNEXPIRED TERM)",REP,75,75,4,"TRAVIS TEMPLIN",REP,0,1,16,17,,
12/12/2017,"300402","FEDERAL, STATE AND COUNTY",11001,"FOR STATE SENATOR DISTRICT 27 (UNEXPIRED TERM)",REP,75,75,5,"CASEY MURDOCK",REP,1,6,25,32,,
12/12/2017,"300402","FEDERAL, STATE AND COUNTY",11001,"FOR STATE SENATOR DISTRICT 27 (UNEXPIRED TERM)",REP,75,75,6,"CAROLYN McLARTY",REP,0,2,7,9,,
12/12/2017,"470002","FEDERAL, STATE AND COUNTY",11001,"FOR STATE SENATOR DISTRICT 27 (UNEXPIRED TERM)",REP,75,75,1,"TOMMY W. NICHOLSON",REP,0,0,2,2,,
12/12/2017,"470002","FEDERAL, STATE AND COUNTY",11001,"FOR STATE SENATOR DISTRICT 27 (UNEXPIRED TERM)",REP,75,75,2,"MICHAEL MEDILL",REP,0,0,1,1,,
12/12/2017,"470002","FEDERAL, STATE AND COUNTY",11001,"FOR STATE SENATOR DISTRICT 27 (UNEXPIRED TERM)",REP,75,75,3,"JEFF HALL",REP,0,3,6,9,,
12/12/2017,"470002","FEDERAL, STATE AND COUNTY",11001,"FOR STATE SENATOR DISTRICT 27 (UNEXPIRED TERM)",REP,75,75,4,"TRAVIS TEMPLIN",REP,1,3,24,28,,
12/12/2017,"470002","FEDERAL, STATE AND COUNTY",11001,"FOR STATE SENATOR DISTRICT 27 (UNEXPIRED TERM)",REP,75,75,5,"CASEY MURDOCK",REP,2,0,12,14,,
12/12/2017,"470002","FEDERAL, STATE AND COUNTY",11001,"FOR STATE SENATOR DISTRICT 27 (UNEXPIRED TERM)",REP,75,75,6,"CAROLYN McLARTY",REP,1,1,52,54,,
12/12/2017,"470004","FEDERAL, STATE AND COUNTY",11001,"FOR STATE SENATOR DISTRICT 27 (UNEXPIRED TERM)",REP,75,75,1,"TOMMY W. NICHOLSON",REP,0,0,1,1,,
12/12/2017,"470004","FEDERAL, STATE AND COUNTY",11001,"FOR STATE SENATOR DISTRICT 27 (UNEXPIRED TERM)",REP,75,75,2,"MICHAEL MEDILL",REP,0,0,0,0,,
12/12/2017,"470004","FEDERAL, STATE AND COUNTY",11001,"FOR STATE SENATOR DISTRICT 27 (UNEXPIRED TERM)",REP,75,75,3,"JEFF HALL",REP,0,0,5,5,,
12/12/2017,"470004","FEDERAL, STATE AND COUNTY",11001,"FOR STATE SENATOR DISTRICT 27 (UNEXPIRED TERM)",REP,75,75,4,"TRAVIS TEMPLIN",REP,0,1,8,9,,
12/12/2017,"470004","FEDERAL, STATE AND COUNTY",11001,"FOR STATE SENATOR DISTRICT 27 (UNEXPIRED TERM)",REP,75,75,5,"CASEY MURDOCK",REP,0,0,1,1,,
12/12/2017,"470004","FEDERAL, STATE AND COUNTY",11001,"FOR STATE SENATOR DISTRICT 27 (UNEXPIRED TERM)",REP,75,75,6,"CAROLYN McLARTY",REP,0,0,6,6,,
12/12/2017,"470009","FEDERAL, STATE AND COUNTY",11001,"FOR STATE SENATOR DISTRICT 27 (UNEXPIRED TERM)",REP,75,75,1,"TOMMY W. NICHOLSON",REP,0,0,0,0,,
12/12/2017,"470009","FEDERAL, STATE AND COUNTY",11001,"FOR STATE SENATOR DISTRICT 27 (UNEXPIRED TERM)",REP,75,75,2,"MICHAEL MEDILL",REP,0,0,0,0,,
12/12/2017,"470009","FEDERAL, STATE AND COUNTY",11001,"FOR STATE SENATOR DISTRICT 27 (UNEXPIRED TERM)",REP,75,75,3,"JEFF HALL",REP,0,1,8,9,,
12/12/2017,"470009","FEDERAL, STATE AND COUNTY",11001,"FOR STATE SENATOR DISTRICT 27 (UNEXPIRED TERM)",REP,75,75,4,"TRAVIS TEMPLIN",REP,0,1,7,8,,
12/12/2017,"470009","FEDERAL, STATE AND COUNTY",11001,"FOR STATE SENATOR DISTRICT 27 (UNEXPIRED TERM)",REP,75,75,5,"CASEY MURDOCK",REP,0,1,0,1,,
12/12/2017,"470009","FEDERAL, STATE AND COUNTY",11001,"FOR STATE SENATOR DISTRICT 27 (UNEXPIRED TERM)",REP,75,75,6,"CAROLYN McLARTY",REP,1,0,2,3,,
12/12/2017,"470010","FEDERAL, STATE AND COUNTY",11001,"FOR STATE SENATOR DISTRICT 27 (UNEXPIRED TERM)",REP,75,75,1,"TOMMY W. NICHOLSON",REP,0,0,0,0,,
12/12/2017,"470010","FEDERAL, STATE AND COUNTY",11001,"FOR STATE SENATOR DISTRICT 27 (UNEXPIRED TERM)",REP,75,75,2,"MICHAEL MEDILL",REP,0,0,0,0,,
12/12/2017,"470010","FEDERAL, STATE AND COUNTY",11001,"FOR STATE SENATOR DISTRICT 27 (UNEXPIRED TERM)",REP,75,75,3,"JEFF HALL",REP,1,0,10,11,,
12/12/2017,"470010","FEDERAL, STATE AND COUNTY",11001,"FOR STATE SENATOR DISTRICT 27 (UNEXPIRED TERM)",REP,75,75,4,"TRAVIS TEMPLIN",REP,2,4,67,73,,
12/12/2017,"470010","FEDERAL, STATE AND COUNTY",11001,"FOR STATE SENATOR DISTRICT 27 (UNEXPIRED TERM)",REP,75,75,5,"CASEY MURDOCK",REP,2,0,10,12,,
12/12/2017,"470010","FEDERAL, STATE AND COUNTY",11001,"FOR STATE SENATOR DISTRICT 27 (UNEXPIRED TERM)",REP,75,75,6,"CAROLYN McLARTY",REP,0,0,12,12,,
12/12/2017,"470015","FEDERAL, STATE AND COUNTY",11001,"FOR STATE SENATOR DISTRICT 27 (UNEXPIRED TERM)",REP,75,75,1,"TOMMY W. NICHOLSON",REP,0,0,2,2,,
12/12/2017,"470015","FEDERAL, STATE AND COUNTY",11001,"FOR STATE SENATOR DISTRICT 27 (UNEXPIRED TERM)",REP,75,75,2,"MICHAEL MEDILL",REP,0,0,0,0,,
12/12/2017,"470015","FEDERAL, STATE AND COUNTY",11001,"FOR STATE SENATOR DISTRICT 27 (UNEXPIRED TERM)",REP,75,75,3,"JEFF HALL",REP,0,0,0,0,,
12/12/2017,"470015","FEDERAL, STATE AND COUNTY",11001,"FOR STATE SENATOR DISTRICT 27 (UNEXPIRED TERM)",REP,75,75,4,"TRAVIS TEMPLIN",REP,0,0,10,10,,
12/12/2017,"470015","FEDERAL, STATE AND COUNTY",11001,"FOR STATE SENATOR DISTRICT 27 (UNEXPIRED TERM)",REP,75,75,5,"CASEY MURDOCK",REP,0,0,5,5,,
12/12/2017,"470015","FEDERAL, STATE AND COUNTY",11001,"FOR STATE SENATOR DISTRICT 27 (UNEXPIRED TERM)",REP,75,75,6,"CAROLYN McLARTY",REP,0,0,10,10,,
12/12/2017,"470016","FEDERAL, STATE AND COUNTY",11001,"FOR STATE SENATOR DISTRICT 27 (UNEXPIRED TERM)",REP,75,75,1,"TOMMY W. NICHOLSON",REP,0,0,0,0,,
12/12/2017,"470016","FEDERAL, STATE AND COUNTY",11001,"FOR STATE SENATOR DISTRICT 27 (UNEXPIRED TERM)",REP,75,75,2,"MICHAEL MEDILL",REP,0,0,0,0,,
12/12/2017,"470016","FEDERAL, STATE AND COUNTY",11001,"FOR STATE SENATOR DISTRICT 27 (UNEXPIRED TERM)",REP,75,75,3,"JEFF HALL",REP,0,0,1,1,,
12/12/2017,"470016","FEDERAL, STATE AND COUNTY",11001,"FOR STATE SENATOR DISTRICT 27 (UNEXPIRED TERM)",REP,75,75,4,"TRAVIS TEMPLIN",REP,0,0,10,10,,
12/12/2017,"470016","FEDERAL, STATE AND COUNTY",11001,"FOR STATE SENATOR DISTRICT 27 (UNEXPIRED TERM)",REP,75,75,5,"CASEY MURDOCK",REP,0,1,7,8,,
12/12/2017,"470016","FEDERAL, STATE AND COUNTY",11001,"FOR STATE SENATOR DISTRICT 27 (UNEXPIRED TERM)",REP,75,75,6,"CAROLYN McLARTY",REP,0,0,5,5,,
12/12/2017,"470020","FEDERAL, STATE AND COUNTY",11001,"FOR STATE SENATOR DISTRICT 27 (UNEXPIRED TERM)",REP,75,75,1,"TOMMY W. NICHOLSON",REP,1,0,4,5,,
12/12/2017,"470020","FEDERAL, STATE AND COUNTY",11001,"FOR STATE SENATOR DISTRICT 27 (UNEXPIRED TERM)",REP,75,75,2,"MICHAEL MEDILL",REP,0,0,1,1,,
12/12/2017,"470020","FEDERAL, STATE AND COUNTY",11001,"FOR STATE SENATOR DISTRICT 27 (UNEXPIRED TERM)",REP,75,75,3,"JEFF HALL",REP,0,3,9,12,,
12/12/2017,"470020","FEDERAL, STATE AND COUNTY",11001,"FOR STATE SENATOR DISTRICT 27 (UNEXPIRED TERM)",REP,75,75,4,"TRAVIS TEMPLIN",REP,2,8,74,84,,
12/12/2017,"470020","FEDERAL, STATE AND COUNTY",11001,"FOR STATE SENATOR DISTRICT 27 (UNEXPIRED TERM)",REP,75,75,5,"CASEY MURDOCK",REP,4,5,51,60,,
12/12/2017,"470020","FEDERAL, STATE AND COUNTY",11001,"FOR STATE SENATOR DISTRICT 27 (UNEXPIRED TERM)",REP,75,75,6,"CAROLYN McLARTY",REP,4,2,48,54,,
12/12/2017,"470022","FEDERAL, STATE AND COUNTY",11001,"FOR STATE SENATOR DISTRICT 27 (UNEXPIRED TERM)",REP,75,75,1,"TOMMY W. NICHOLSON",REP,1,3,8,12,,
12/12/2017,"470022","FEDERAL, STATE AND COUNTY",11001,"FOR STATE SENATOR DISTRICT 27 (UNEXPIRED TERM)",REP,75,75,2,"MICHAEL MEDILL",REP,0,1,2,3,,
12/12/2017,"470022","FEDERAL, STATE AND COUNTY",11001,"FOR STATE SENATOR DISTRICT 27 (UNEXPIRED TERM)",REP,75,75,3,"JEFF HALL",REP,2,0,6,8,,
12/12/2017,"470022","FEDERAL, STATE AND COUNTY",11001,"FOR STATE SENATOR DISTRICT 27 (UNEXPIRED TERM)",REP,75,75,4,"TRAVIS TEMPLIN",REP,0,1,60,61,,
12/12/2017,"470022","FEDERAL, STATE AND COUNTY",11001,"FOR STATE SENATOR DISTRICT 27 (UNEXPIRED TERM)",REP,75,75,5,"CASEY MURDOCK",REP,0,9,21,30,,
12/12/2017,"470022","FEDERAL, STATE AND COUNTY",11001,"FOR STATE SENATOR DISTRICT 27 (UNEXPIRED TERM)",REP,75,75,6,"CAROLYN McLARTY",REP,0,2,37,39,,
12/12/2017,"700101","FEDERAL, STATE AND COUNTY",11001,"FOR STATE SENATOR DISTRICT 27 (UNEXPIRED TERM)",REP,75,75,1,"TOMMY W. NICHOLSON",REP,0,0,3,3,,
12/12/2017,"700101","FEDERAL, STATE AND COUNTY",11001,"FOR STATE SENATOR DISTRICT 27 (UNEXPIRED TERM)",REP,75,75,2,"MICHAEL MEDILL",REP,0,0,1,1,,
12/12/2017,"700101","FEDERAL, STATE AND COUNTY",11001,"FOR STATE SENATOR DISTRICT 27 (UNEXPIRED TERM)",REP,75,75,3,"JEFF HALL",REP,1,0,24,25,,
12/12/2017,"700101","FEDERAL, STATE AND COUNTY",11001,"FOR STATE SENATOR DISTRICT 27 (UNEXPIRED TERM)",REP,75,75,4,"TRAVIS TEMPLIN",REP,0,0,32,32,,
12/12/2017,"700101","FEDERAL, STATE AND COUNTY",11001,"FOR STATE SENATOR DISTRICT 27 (UNEXPIRED TERM)",REP,75,75,5,"CASEY MURDOCK",REP,10,0,88,98,,
12/12/2017,"700101","FEDERAL, STATE AND COUNTY",11001,"FOR STATE SENATOR DISTRICT 27 (UNEXPIRED TERM)",REP,75,75,6,"CAROLYN McLARTY",REP,0,0,37,37,,
12/12/2017,"700102","FEDERAL, STATE AND COUNTY",11001,"FOR STATE SENATOR DISTRICT 27 (UNEXPIRED TERM)",REP,75,75,1,"TOMMY W. NICHOLSON",REP,0,0,1,1,,
12/12/2017,"700102","FEDERAL, STATE AND COUNTY",11001,"FOR STATE SENATOR DISTRICT 27 (UNEXPIRED TERM)",REP,75,75,2,"MICHAEL MEDILL",REP,0,0,0,0,,
12/12/2017,"700102","FEDERAL, STATE AND COUNTY",11001,"FOR STATE SENATOR DISTRICT 27 (UNEXPIRED TERM)",REP,75,75,3,"JEFF HALL",REP,0,2,9,11,,
12/12/2017,"700102","FEDERAL, STATE AND COUNTY",11001,"FOR STATE SENATOR DISTRICT 27 (UNEXPIRED TERM)",REP,75,75,4,"TRAVIS TEMPLIN",REP,0,0,3,3,,
12/12/2017,"700102","FEDERAL, STATE AND COUNTY",11001,"FOR STATE SENATOR DISTRICT 27 (UNEXPIRED TERM)",REP,75,75,5,"CASEY MURDOCK",REP,0,2,22,24,,
12/12/2017,"700102","FEDERAL, STATE AND COUNTY",11001,"FOR STATE SENATOR DISTRICT 27 (UNEXPIRED TERM)",REP,75,75,6,"CAROLYN McLARTY",REP,0,0,6,6,,
12/12/2017,"700104","FEDERAL, STATE AND COUNTY",11001,"FOR STATE SENATOR DISTRICT 27 (UNEXPIRED TERM)",REP,75,75,1,"TOMMY W. NICHOLSON",REP,0,0,1,1,,
12/12/2017,"700104","FEDERAL, STATE AND COUNTY",11001,"FOR STATE SENATOR DISTRICT 27 (UNEXPIRED TERM)",REP,75,75,2,"MICHAEL MEDILL",REP,0,0,0,0,,
12/12/2017,"700104","FEDERAL, STATE AND COUNTY",11001,"FOR STATE SENATOR DISTRICT 27 (UNEXPIRED TERM)",REP,75,75,3,"JEFF HALL",REP,0,0,3,3,,
12/12/2017,"700104","FEDERAL, STATE AND COUNTY",11001,"FOR STATE SENATOR DISTRICT 27 (UNEXPIRED TERM)",REP,75,75,4,"TRAVIS TEMPLIN",REP,2,0,9,11,,
12/12/2017,"700104","FEDERAL, STATE AND COUNTY",11001,"FOR STATE SENATOR DISTRICT 27 (UNEXPIRED TERM)",REP,75,75,5,"CASEY MURDOCK",REP,3,0,61,64,,
12/12/2017,"700104","FEDERAL, STATE AND COUNTY",11001,"FOR STATE SENATOR DISTRICT 27 (UNEXPIRED TERM)",REP,75,75,6,"CAROLYN McLARTY",REP,0,0,19,19,,
12/12/2017,"700107","FEDERAL, STATE AND COUNTY",11001,"FOR STATE SENATOR DISTRICT 27 (UNEXPIRED TERM)",REP,75,75,1,"TOMMY W. NICHOLSON",REP,0,0,0,0,,
12/12/2017,"700107","FEDERAL, STATE AND COUNTY",11001,"FOR STATE SENATOR DISTRICT 27 (UNEXPIRED TERM)",REP,75,75,2,"MICHAEL MEDILL",REP,0,0,0,0,,
12/12/2017,"700107","FEDERAL, STATE AND COUNTY",11001,"FOR STATE SENATOR DISTRICT 27 (UNEXPIRED TERM)",REP,75,75,3,"JEFF HALL",REP,1,0,4,5,,
12/12/2017,"700107","FEDERAL, STATE AND COUNTY",11001,"FOR STATE SENATOR DISTRICT 27 (UNEXPIRED TERM)",REP,75,75,4,"TRAVIS TEMPLIN",REP,0,0,3,3,,
12/12/2017,"700107","FEDERAL, STATE AND COUNTY",11001,"FOR STATE SENATOR DISTRICT 27 (UNEXPIRED TERM)",REP,75,75,5,"CASEY MURDOCK",REP,2,3,33,38,,
12/12/2017,"700107","FEDERAL, STATE AND COUNTY",11001,"FOR STATE SENATOR DISTRICT 27 (UNEXPIRED TERM)",REP,75,75,6,"CAROLYN McLARTY",REP,1,0,4,5,,
12/12/2017,"700201","FEDERAL, STATE AND COUNTY",11001,"FOR STATE SENATOR DISTRICT 27 (UNEXPIRED TERM)",REP,75,75,1,"TOMMY W. NICHOLSON",REP,0,0,2,2,,
12/12/2017,"700201","FEDERAL, STATE AND COUNTY",11001,"FOR STATE SENATOR DISTRICT 27 (UNEXPIRED TERM)",REP,75,75,2,"MICHAEL MEDILL",REP,0,0,1,1,,
12/12/2017,"700201","FEDERAL, STATE AND COUNTY",11001,"FOR STATE SENATOR DISTRICT 27 (UNEXPIRED TERM)",REP,75,75,3,"JEFF HALL",REP,0,7,47,54,,
12/12/2017,"700201","FEDERAL, STATE AND COUNTY",11001,"FOR STATE SENATOR DISTRICT 27 (UNEXPIRED TERM)",REP,75,75,4,"TRAVIS TEMPLIN",REP,0,4,42,46,,
12/12/2017,"700201","FEDERAL, STATE AND COUNTY",11001,"FOR STATE SENATOR DISTRICT 27 (UNEXPIRED TERM)",REP,75,75,5,"CASEY MURDOCK",REP,8,9,63,80,,
12/12/2017,"700201","FEDERAL, STATE AND COUNTY",11001,"FOR STATE SENATOR DISTRICT 27 (UNEXPIRED TERM)",REP,75,75,6,"CAROLYN McLARTY",REP,1,8,27,36,,
12/12/2017,"700202","FEDERAL, STATE AND COUNTY",11001,"FOR STATE SENATOR DISTRICT 27 (UNEXPIRED TERM)",REP,75,75,1,"TOMMY W. NICHOLSON",REP,0,0,0,0,,
12/12/2017,"700202","FEDERAL, STATE AND COUNTY",11001,"FOR STATE SENATOR DISTRICT 27 (UNEXPIRED TERM)",REP,75,75,2,"MICHAEL MEDILL",REP,0,0,0,0,,
12/12/2017,"700202","FEDERAL, STATE AND COUNTY",11001,"FOR STATE SENATOR DISTRICT 27 (UNEXPIRED TERM)",REP,75,75,3,"JEFF HALL",REP,0,1,14,15,,
12/12/2017,"700202","FEDERAL, STATE AND COUNTY",11001,"FOR STATE SENATOR DISTRICT 27 (UNEXPIRED TERM)",REP,75,75,4,"TRAVIS TEMPLIN",REP,0,1,6,7,,
12/12/2017,"700202","FEDERAL, STATE AND COUNTY",11001,"FOR STATE SENATOR DISTRICT 27 (UNEXPIRED TERM)",REP,75,75,5,"CASEY MURDOCK",REP,0,11,28,39,,
12/12/2017,"700202","FEDERAL, STATE AND COUNTY",11001,"FOR STATE SENATOR DISTRICT 27 (UNEXPIRED TERM)",REP,75,75,6,"CAROLYN McLARTY",REP,0,1,10,11,,
12/12/2017,"700205","FEDERAL, STATE AND COUNTY",11001,"FOR STATE SENATOR DISTRICT 27 (UNEXPIRED TERM)",REP,75,75,1,"TOMMY W. NICHOLSON",REP,0,0,0,0,,
12/12/2017,"700205","FEDERAL, STATE AND COUNTY",11001,"FOR STATE SENATOR DISTRICT 27 (UNEXPIRED TERM)",REP,75,75,2,"MICHAEL MEDILL",REP,0,0,0,0,,
12/12/2017,"700205","FEDERAL, STATE AND COUNTY",11001,"FOR STATE SENATOR DISTRICT 27 (UNEXPIRED TERM)",REP,75,75,3,"JEFF HALL",REP,0,10,81,91,,
12/12/2017,"700205","FEDERAL, STATE AND COUNTY",11001,"FOR STATE SENATOR DISTRICT 27 (UNEXPIRED TERM)",REP,75,75,4,"TRAVIS TEMPLIN",REP,0,5,18,23,,
12/12/2017,"700205","FEDERAL, STATE AND COUNTY",11001,"FOR STATE SENATOR DISTRICT 27 (UNEXPIRED TERM)",REP,75,75,5,"CASEY MURDOCK",REP,6,19,76,101,,
12/12/2017,"700205","FEDERAL, STATE AND COUNTY",11001,"FOR STATE SENATOR DISTRICT 27 (UNEXPIRED TERM)",REP,75,75,6,"CAROLYN McLARTY",REP,0,5,34,39,,
12/12/2017,"700302","FEDERAL, STATE AND COUNTY",11001,"FOR STATE SENATOR DISTRICT 27 (UNEXPIRED TERM)",REP,75,75,1,"TOMMY W. NICHOLSON",REP,0,0,0,0,,
12/12/2017,"700302","FEDERAL, STATE AND COUNTY",11001,"FOR STATE SENATOR DISTRICT 27 (UNEXPIRED TERM)",REP,75,75,2,"MICHAEL MEDILL",REP,0,0,0,0,,
12/12/2017,"700302","FEDERAL, STATE AND COUNTY",11001,"FOR STATE SENATOR DISTRICT 27 (UNEXPIRED TERM)",REP,75,75,3,"JEFF HALL",REP,0,2,3,5,,
12/12/2017,"700302","FEDERAL, STATE AND COUNTY",11001,"FOR STATE SENATOR DISTRICT 27 (UNEXPIRED TERM)",REP,75,75,4,"TRAVIS TEMPLIN",REP,0,0,2,2,,
12/12/2017,"700302","FEDERAL, STATE AND COUNTY",11001,"FOR STATE SENATOR DISTRICT 27 (UNEXPIRED TERM)",REP,75,75,5,"CASEY MURDOCK",REP,2,5,32,39,,
12/12/2017,"700302","FEDERAL, STATE AND COUNTY",11001,"FOR STATE SENATOR DISTRICT 27 (UNEXPIRED TERM)",REP,75,75,6,"CAROLYN McLARTY",REP,0,0,1,1,,
12/12/2017,"700303","FEDERAL, STATE AND COUNTY",11001,"FOR STATE SENATOR DISTRICT 27 (UNEXPIRED TERM)",REP,75,75,1,"TOMMY W. NICHOLSON",REP,0,0,0,0,,
12/12/2017,"700303","FEDERAL, STATE AND COUNTY",11001,"FOR STATE SENATOR DISTRICT 27 (UNEXPIRED TERM)",REP,75,75,2,"MICHAEL MEDILL",REP,0,0,0,0,,
12/12/2017,"700303","FEDERAL, STATE AND COUNTY",11001,"FOR STATE SENATOR DISTRICT 27 (UNEXPIRED TERM)",REP,75,75,3,"JEFF HALL",REP,0,0,5,5,,
12/12/2017,"700303","FEDERAL, STATE AND COUNTY",11001,"FOR STATE SENATOR DISTRICT 27 (UNEXPIRED TERM)",REP,75,75,4,"TRAVIS TEMPLIN",REP,1,2,18,21,,
12/12/2017,"700303","FEDERAL, STATE AND COUNTY",11001,"FOR STATE SENATOR DISTRICT 27 (UNEXPIRED TERM)",REP,75,75,5,"CASEY MURDOCK",REP,5,4,65,74,,
12/12/2017,"700303","FEDERAL, STATE AND COUNTY",11001,"FOR STATE SENATOR DISTRICT 27 (UNEXPIRED TERM)",REP,75,75,6,"CAROLYN McLARTY",REP,0,0,3,3,,
12/12/2017,"700304","FEDERAL, STATE AND COUNTY",11001,"FOR STATE SENATOR DISTRICT 27 (UNEXPIRED TERM)",REP,75,75,1,"TOMMY W. NICHOLSON",REP,0,0,0,0,,
12/12/2017,"700304","FEDERAL, STATE AND COUNTY",11001,"FOR STATE SENATOR DISTRICT 27 (UNEXPIRED TERM)",REP,75,75,2,"MICHAEL MEDILL",REP,0,0,0,0,,
12/12/2017,"700304","FEDERAL, STATE AND COUNTY",11001,"FOR STATE SENATOR DISTRICT 27 (UNEXPIRED TERM)",REP,75,75,3,"JEFF HALL",REP,0,1,12,13,,
12/12/2017,"700304","FEDERAL, STATE AND COUNTY",11001,"FOR STATE SENATOR DISTRICT 27 (UNEXPIRED TERM)",REP,75,75,4,"TRAVIS TEMPLIN",REP,3,2,25,30,,
12/12/2017,"700304","FEDERAL, STATE AND COUNTY",11001,"FOR STATE SENATOR DISTRICT 27 (UNEXPIRED TERM)",REP,75,75,5,"CASEY MURDOCK",REP,0,3,44,47,,
12/12/2017,"700304","FEDERAL, STATE AND COUNTY",11001,"FOR STATE SENATOR DISTRICT 27 (UNEXPIRED TERM)",REP,75,75,6,"CAROLYN McLARTY",REP,0,0,9,9,,
12/12/2017,"700305","FEDERAL, STATE AND COUNTY",11001,"FOR STATE SENATOR DISTRICT 27 (UNEXPIRED TERM)",REP,75,75,1,"TOMMY W. NICHOLSON",REP,0,0,0,0,,
12/12/2017,"700305","FEDERAL, STATE AND COUNTY",11001,"FOR STATE SENATOR DISTRICT 27 (UNEXPIRED TERM)",REP,75,75,2,"MICHAEL MEDILL",REP,0,0,0,0,,
12/12/2017,"700305","FEDERAL, STATE AND COUNTY",11001,"FOR STATE SENATOR DISTRICT 27 (UNEXPIRED TERM)",REP,75,75,3,"JEFF HALL",REP,1,2,58,61,,
12/12/2017,"700305","FEDERAL, STATE AND COUNTY",11001,"FOR STATE SENATOR DISTRICT 27 (UNEXPIRED TERM)",REP,75,75,4,"TRAVIS TEMPLIN",REP,0,1,20,21,,
12/12/2017,"700305","FEDERAL, STATE AND COUNTY",11001,"FOR STATE SENATOR DISTRICT 27 (UNEXPIRED TERM)",REP,75,75,5,"CASEY MURDOCK",REP,1,8,69,78,,
12/12/2017,"700305","FEDERAL, STATE AND COUNTY",11001,"FOR STATE SENATOR DISTRICT 27 (UNEXPIRED TERM)",REP,75,75,6,"CAROLYN McLARTY",REP,2,5,36,43,,
12/12/2017,"760001","FEDERAL, STATE AND COUNTY",11001,"FOR STATE SENATOR DISTRICT 27 (UNEXPIRED TERM)",REP,75,75,1,"TOMMY W. NICHOLSON",REP,0,0,2,2,,
12/12/2017,"760001","FEDERAL, STATE AND COUNTY",11001,"FOR STATE SENATOR DISTRICT 27 (UNEXPIRED TERM)",REP,75,75,2,"MICHAEL MEDILL",REP,0,0,2,2,,
12/12/2017,"760001","FEDERAL, STATE AND COUNTY",11001,"FOR STATE SENATOR DISTRICT 27 (UNEXPIRED TERM)",REP,75,75,3,"JEFF HALL",REP,1,2,7,10,,
12/12/2017,"760001","FEDERAL, STATE AND COUNTY",11001,"FOR STATE SENATOR DISTRICT 27 (UNEXPIRED TERM)",REP,75,75,4,"TRAVIS TEMPLIN",REP,0,9,45,54,,
12/12/2017,"760001","FEDERAL, STATE AND COUNTY",11001,"FOR STATE SENATOR DISTRICT 27 (UNEXPIRED TERM)",REP,75,75,5,"CASEY MURDOCK",REP,1,7,34,42,,
12/12/2017,"760001","FEDERAL, STATE AND COUNTY",11001,"FOR STATE SENATOR DISTRICT 27 (UNEXPIRED TERM)",REP,75,75,6,"CAROLYN McLARTY",REP,1,6,37,44,,
12/12/2017,"760002","FEDERAL, STATE AND COUNTY",11001,"FOR STATE SENATOR DISTRICT 27 (UNEXPIRED TERM)",REP,75,75,1,"TOMMY W. NICHOLSON",REP,0,0,3,3,,
12/12/2017,"760002","FEDERAL, STATE AND COUNTY",11001,"FOR STATE SENATOR DISTRICT 27 (UNEXPIRED TERM)",REP,75,75,2,"MICHAEL MEDILL",REP,0,0,3,3,,
12/12/2017,"760002","FEDERAL, STATE AND COUNTY",11001,"FOR STATE SENATOR DISTRICT 27 (UNEXPIRED TERM)",REP,75,75,3,"JEFF HALL",REP,0,0,25,25,,
12/12/2017,"760002","FEDERAL, STATE AND COUNTY",11001,"FOR STATE SENATOR DISTRICT 27 (UNEXPIRED TERM)",REP,75,75,4,"TRAVIS TEMPLIN",REP,0,0,41,41,,
12/12/2017,"760002","FEDERAL, STATE AND COUNTY",11001,"FOR STATE SENATOR DISTRICT 27 (UNEXPIRED TERM)",REP,75,75,5,"CASEY MURDOCK",REP,3,0,23,26,,
12/12/2017,"760002","FEDERAL, STATE AND COUNTY",11001,"FOR STATE SENATOR DISTRICT 27 (UNEXPIRED TERM)",REP,75,75,6,"CAROLYN McLARTY",REP,0,0,11,11,,
12/12/2017,"760003","FEDERAL, STATE AND COUNTY",11001,"FOR STATE SENATOR DISTRICT 27 (UNEXPIRED TERM)",REP,75,75,1,"TOMMY W. NICHOLSON",REP,0,0,0,0,,
12/12/2017,"760003","FEDERAL, STATE AND COUNTY",11001,"FOR STATE SENATOR DISTRICT 27 (UNEXPIRED TERM)",REP,75,75,2,"MICHAEL MEDILL",REP,1,0,0,1,,
12/12/2017,"760003","FEDERAL, STATE AND COUNTY",11001,"FOR STATE SENATOR DISTRICT 27 (UNEXPIRED TERM)",REP,75,75,3,"JEFF HALL",REP,1,0,7,8,,
12/12/2017,"760003","FEDERAL, STATE AND COUNTY",11001,"FOR STATE SENATOR DISTRICT 27 (UNEXPIRED TERM)",REP,75,75,4,"TRAVIS TEMPLIN",REP,1,3,18,22,,
12/12/2017,"760003","FEDERAL, STATE AND COUNTY",11001,"FOR STATE SENATOR DISTRICT 27 (UNEXPIRED TERM)",REP,75,75,5,"CASEY MURDOCK",REP,0,2,14,16,,
12/12/2017,"760003","FEDERAL, STATE AND COUNTY",11001,"FOR STATE SENATOR DISTRICT 27 (UNEXPIRED TERM)",REP,75,75,6,"CAROLYN McLARTY",REP,0,0,7,7,,
12/12/2017,"760004","FEDERAL, STATE AND COUNTY",11001,"FOR STATE SENATOR DISTRICT 27 (UNEXPIRED TERM)",REP,75,75,1,"TOMMY W. NICHOLSON",REP,0,0,0,0,,
12/12/2017,"760004","FEDERAL, STATE AND COUNTY",11001,"FOR STATE SENATOR DISTRICT 27 (UNEXPIRED TERM)",REP,75,75,2,"MICHAEL MEDILL",REP,0,0,1,1,,
12/12/2017,"760004","FEDERAL, STATE AND COUNTY",11001,"FOR STATE SENATOR DISTRICT 27 (UNEXPIRED TERM)",REP,75,75,3,"JEFF HALL",REP,0,1,1,2,,
12/12/2017,"760004","FEDERAL, STATE AND COUNTY",11001,"FOR STATE SENATOR DISTRICT 27 (UNEXPIRED TERM)",REP,75,75,4,"TRAVIS TEMPLIN",REP,0,2,5,7,,
12/12/2017,"760004","FEDERAL, STATE AND COUNTY",11001,"FOR STATE SENATOR DISTRICT 27 (UNEXPIRED TERM)",REP,75,75,5,"CASEY MURDOCK",REP,0,0,6,6,,
12/12/2017,"760004","FEDERAL, STATE AND COUNTY",11001,"FOR STATE SENATOR DISTRICT 27 (UNEXPIRED TERM)",REP,75,75,6,"CAROLYN McLARTY",REP,0,0,2,2,,
12/12/2017,"760005","FEDERAL, STATE AND COUNTY",11001,"FOR STATE SENATOR DISTRICT 27 (UNEXPIRED TERM)",REP,75,75,1,"TOMMY W. NICHOLSON",REP,0,0,2,2,,
12/12/2017,"760005","FEDERAL, STATE AND COUNTY",11001,"FOR STATE SENATOR DISTRICT 27 (UNEXPIRED TERM)",REP,75,75,2,"MICHAEL MEDILL",REP,0,0,3,3,,
12/12/2017,"760005","FEDERAL, STATE AND COUNTY",11001,"FOR STATE SENATOR DISTRICT 27 (UNEXPIRED TERM)",REP,75,75,3,"JEFF HALL",REP,0,1,7,8,,
12/12/2017,"760005","FEDERAL, STATE AND COUNTY",11001,"FOR STATE SENATOR DISTRICT 27 (UNEXPIRED TERM)",REP,75,75,4,"TRAVIS TEMPLIN",REP,0,4,49,53,,
12/12/2017,"760005","FEDERAL, STATE AND COUNTY",11001,"FOR STATE SENATOR DISTRICT 27 (UNEXPIRED TERM)",REP,75,75,5,"CASEY MURDOCK",REP,1,3,27,31,,
12/12/2017,"760005","FEDERAL, STATE AND COUNTY",11001,"FOR STATE SENATOR DISTRICT 27 (UNEXPIRED TERM)",REP,75,75,6,"CAROLYN McLARTY",REP,0,7,38,45,,
12/12/2017,"760008","FEDERAL, STATE AND COUNTY",11001,"FOR STATE SENATOR DISTRICT 27 (UNEXPIRED TERM)",REP,75,75,1,"TOMMY W. NICHOLSON",REP,0,0,0,0,,
12/12/2017,"760008","FEDERAL, STATE AND COUNTY",11001,"FOR STATE SENATOR DISTRICT 27 (UNEXPIRED TERM)",REP,75,75,2,"MICHAEL MEDILL",REP,0,0,1,1,,
12/12/2017,"760008","FEDERAL, STATE AND COUNTY",11001,"FOR STATE SENATOR DISTRICT 27 (UNEXPIRED TERM)",REP,75,75,3,"JEFF HALL",REP,2,0,13,15,,
12/12/2017,"760008","FEDERAL, STATE AND COUNTY",11001,"FOR STATE SENATOR DISTRICT 27 (UNEXPIRED TERM)",REP,75,75,4,"TRAVIS TEMPLIN",REP,0,0,19,19,,
12/12/2017,"760008","FEDERAL, STATE AND COUNTY",11001,"FOR STATE SENATOR DISTRICT 27 (UNEXPIRED TERM)",REP,75,75,5,"CASEY MURDOCK",REP,6,0,17,23,,
12/12/2017,"760008","FEDERAL, STATE AND COUNTY",11001,"FOR STATE SENATOR DISTRICT 27 (UNEXPIRED TERM)",REP,75,75,6,"CAROLYN McLARTY",REP,0,0,15,15,,
12/12/2017,"770101","FEDERAL, STATE AND COUNTY",11001,"FOR STATE SENATOR DISTRICT 27 (UNEXPIRED TERM)",REP,75,75,1,"TOMMY W. NICHOLSON",REP,2,1,2,5,,
12/12/2017,"770101","FEDERAL, STATE AND COUNTY",11001,"FOR STATE SENATOR DISTRICT 27 (UNEXPIRED TERM)",REP,75,75,2,"MICHAEL MEDILL",REP,0,1,2,3,,
12/12/2017,"770101","FEDERAL, STATE AND COUNTY",11001,"FOR STATE SENATOR DISTRICT 27 (UNEXPIRED TERM)",REP,75,75,3,"JEFF HALL",REP,0,2,9,11,,
12/12/2017,"770101","FEDERAL, STATE AND COUNTY",11001,"FOR STATE SENATOR DISTRICT 27 (UNEXPIRED TERM)",REP,75,75,4,"TRAVIS TEMPLIN",REP,0,1,24,25,,
12/12/2017,"770101","FEDERAL, STATE AND COUNTY",11001,"FOR STATE SENATOR DISTRICT 27 (UNEXPIRED TERM)",REP,75,75,5,"CASEY MURDOCK",REP,1,0,11,12,,
12/12/2017,"770101","FEDERAL, STATE AND COUNTY",11001,"FOR STATE SENATOR DISTRICT 27 (UNEXPIRED TERM)",REP,75,75,6,"CAROLYN McLARTY",REP,1,4,38,43,,
12/12/2017,"770102","FEDERAL, STATE AND COUNTY",11001,"FOR STATE SENATOR DISTRICT 27 (UNEXPIRED TERM)",REP,75,75,1,"TOMMY W. NICHOLSON",REP,0,0,8,8,,
12/12/2017,"770102","FEDERAL, STATE AND COUNTY",11001,"FOR STATE SENATOR DISTRICT 27 (UNEXPIRED TERM)",REP,75,75,2,"MICHAEL MEDILL",REP,1,0,3,4,,
12/12/2017,"770102","FEDERAL, STATE AND COUNTY",11001,"FOR STATE SENATOR DISTRICT 27 (UNEXPIRED TERM)",REP,75,75,3,"JEFF HALL",REP,0,0,9,9,,
12/12/2017,"770102","FEDERAL, STATE AND COUNTY",11001,"FOR STATE SENATOR DISTRICT 27 (UNEXPIRED TERM)",REP,75,75,4,"TRAVIS TEMPLIN",REP,1,1,11,13,,
12/12/2017,"770102","FEDERAL, STATE AND COUNTY",11001,"FOR STATE SENATOR DISTRICT 27 (UNEXPIRED TERM)",REP,75,75,5,"CASEY MURDOCK",REP,0,0,5,5,,
12/12/2017,"770102","FEDERAL, STATE AND COUNTY",11001,"FOR STATE SENATOR DISTRICT 27 (UNEXPIRED TERM)",REP,75,75,6,"CAROLYN McLARTY",REP,0,2,24,26,,
12/12/2017,"770104","FEDERAL, STATE AND COUNTY",11001,"FOR STATE SENATOR DISTRICT 27 (UNEXPIRED TERM)",REP,75,75,1,"TOMMY W. NICHOLSON",REP,0,0,0,0,,
12/12/2017,"770104","FEDERAL, STATE AND COUNTY",11001,"FOR STATE SENATOR DISTRICT 27 (UNEXPIRED TERM)",REP,75,75,2,"MICHAEL MEDILL",REP,0,0,0,0,,
12/12/2017,"770104","FEDERAL, STATE AND COUNTY",11001,"FOR STATE SENATOR DISTRICT 27 (UNEXPIRED TERM)",REP,75,75,3,"JEFF HALL",REP,0,0,0,0,,
12/12/2017,"770104","FEDERAL, STATE AND COUNTY",11001,"FOR STATE SENATOR DISTRICT 27 (UNEXPIRED TERM)",REP,75,75,4,"TRAVIS TEMPLIN",REP,0,0,2,2,,
12/12/2017,"770104","FEDERAL, STATE AND COUNTY",11001,"FOR STATE SENATOR DISTRICT 27 (UNEXPIRED TERM)",REP,75,75,5,"CASEY MURDOCK",REP,0,0,0,0,,
12/12/2017,"770104","FEDERAL, STATE AND COUNTY",11001,"FOR STATE SENATOR DISTRICT 27 (UNEXPIRED TERM)",REP,75,75,6,"CAROLYN McLARTY",REP,2,0,0,2,,
12/12/2017,"770105","FEDERAL, STATE AND COUNTY",11001,"FOR STATE SENATOR DISTRICT 27 (UNEXPIRED TERM)",REP,75,75,1,"TOMMY W. NICHOLSON",REP,0,0,10,10,,
12/12/2017,"770105","FEDERAL, STATE AND COUNTY",11001,"FOR STATE SENATOR DISTRICT 27 (UNEXPIRED TERM)",REP,75,75,2,"MICHAEL MEDILL",REP,0,0,1,1,,
12/12/2017,"770105","FEDERAL, STATE AND COUNTY",11001,"FOR STATE SENATOR DISTRICT 27 (UNEXPIRED TERM)",REP,75,75,3,"JEFF HALL",REP,3,3,97,103,,
12/12/2017,"770105","FEDERAL, STATE AND COUNTY",11001,"FOR STATE SENATOR DISTRICT 27 (UNEXPIRED TERM)",REP,75,75,4,"TRAVIS TEMPLIN",REP,2,7,44,53,,
12/12/2017,"770105","FEDERAL, STATE AND COUNTY",11001,"FOR STATE SENATOR DISTRICT 27 (UNEXPIRED TERM)",REP,75,75,5,"CASEY MURDOCK",REP,0,3,28,31,,
12/12/2017,"770105","FEDERAL, STATE AND COUNTY",11001,"FOR STATE SENATOR DISTRICT 27 (UNEXPIRED TERM)",REP,75,75,6,"CAROLYN McLARTY",REP,0,0,58,58,,
12/12/2017,"770106","FEDERAL, STATE AND COUNTY",11001,"FOR STATE SENATOR DISTRICT 27 (UNEXPIRED TERM)",REP,75,75,1,"TOMMY W. NICHOLSON",REP,0,0,0,0,,
12/12/2017,"770106","FEDERAL, STATE AND COUNTY",11001,"FOR STATE SENATOR DISTRICT 27 (UNEXPIRED TERM)",REP,75,75,2,"MICHAEL MEDILL",REP,0,0,0,0,,
12/12/2017,"770106","FEDERAL, STATE AND COUNTY",11001,"FOR STATE SENATOR DISTRICT 27 (UNEXPIRED TERM)",REP,75,75,3,"JEFF HALL",REP,0,0,9,9,,
12/12/2017,"770106","FEDERAL, STATE AND COUNTY",11001,"FOR STATE SENATOR DISTRICT 27 (UNEXPIRED TERM)",REP,75,75,4,"TRAVIS TEMPLIN",REP,0,1,1,2,,
12/12/2017,"770106","FEDERAL, STATE AND COUNTY",11001,"FOR STATE SENATOR DISTRICT 27 (UNEXPIRED TERM)",REP,75,75,5,"CASEY MURDOCK",REP,0,0,3,3,,
12/12/2017,"770106","FEDERAL, STATE AND COUNTY",11001,"FOR STATE SENATOR DISTRICT 27 (UNEXPIRED TERM)",REP,75,75,6,"CAROLYN McLARTY",REP,1,0,11,12,,
12/12/2017,"770201","FEDERAL, STATE AND COUNTY",11001,"FOR STATE SENATOR DISTRICT 27 (UNEXPIRED TERM)",REP,75,75,1,"TOMMY W. NICHOLSON",REP,0,0,6,6,,
12/12/2017,"770201","FEDERAL, STATE AND COUNTY",11001,"FOR STATE SENATOR DISTRICT 27 (UNEXPIRED TERM)",REP,75,75,2,"MICHAEL MEDILL",REP,0,0,1,1,,
12/12/2017,"770201","FEDERAL, STATE AND COUNTY",11001,"FOR STATE SENATOR DISTRICT 27 (UNEXPIRED TERM)",REP,75,75,3,"JEFF HALL",REP,0,3,17,20,,
12/12/2017,"770201","FEDERAL, STATE AND COUNTY",11001,"FOR STATE SENATOR DISTRICT 27 (UNEXPIRED TERM)",REP,75,75,4,"TRAVIS TEMPLIN",REP,2,4,41,47,,
12/12/2017,"770201","FEDERAL, STATE AND COUNTY",11001,"FOR STATE SENATOR DISTRICT 27 (UNEXPIRED TERM)",REP,75,75,5,"CASEY MURDOCK",REP,0,5,19,24,,
12/12/2017,"770201","FEDERAL, STATE AND COUNTY",11001,"FOR STATE SENATOR DISTRICT 27 (UNEXPIRED TERM)",REP,75,75,6,"CAROLYN McLARTY",REP,5,5,67,77,,
12/12/2017,"770202","FEDERAL, STATE AND COUNTY",11001,"FOR STATE SENATOR DISTRICT 27 (UNEXPIRED TERM)",REP,75,75,1,"TOMMY W. NICHOLSON",REP,1,0,3,4,,
12/12/2017,"770202","FEDERAL, STATE AND COUNTY",11001,"FOR STATE SENATOR DISTRICT 27 (UNEXPIRED TERM)",REP,75,75,2,"MICHAEL MEDILL",REP,0,0,6,6,,
12/12/2017,"770202","FEDERAL, STATE AND COUNTY",11001,"FOR STATE SENATOR DISTRICT 27 (UNEXPIRED TERM)",REP,75,75,3,"JEFF HALL",REP,0,0,18,18,,
12/12/2017,"770202","FEDERAL, STATE AND COUNTY",11001,"FOR STATE SENATOR DISTRICT 27 (UNEXPIRED TERM)",REP,75,75,4,"TRAVIS TEMPLIN",REP,0,8,68,76,,
12/12/2017,"770202","FEDERAL, STATE AND COUNTY",11001,"FOR STATE SENATOR DISTRICT 27 (UNEXPIRED TERM)",REP,75,75,5,"CASEY MURDOCK",REP,2,2,48,52,,
12/12/2017,"770202","FEDERAL, STATE AND COUNTY",11001,"FOR STATE SENATOR DISTRICT 27 (UNEXPIRED TERM)",REP,75,75,6,"CAROLYN McLARTY",REP,1,7,100,108,,
12/12/2017,"770203","FEDERAL, STATE AND COUNTY",11001,"FOR STATE SENATOR DISTRICT 27 (UNEXPIRED TERM)",REP,75,75,1,"TOMMY W. NICHOLSON",REP,0,0,5,5,,
12/12/2017,"770203","FEDERAL, STATE AND COUNTY",11001,"FOR STATE SENATOR DISTRICT 27 (UNEXPIRED TERM)",REP,75,75,2,"MICHAEL MEDILL",REP,0,0,0,0,,
12/12/2017,"770203","FEDERAL, STATE AND COUNTY",11001,"FOR STATE SENATOR DISTRICT 27 (UNEXPIRED TERM)",REP,75,75,3,"JEFF HALL",REP,0,0,4,4,,
12/12/2017,"770203","FEDERAL, STATE AND COUNTY",11001,"FOR STATE SENATOR DISTRICT 27 (UNEXPIRED TERM)",REP,75,75,4,"TRAVIS TEMPLIN",REP,1,2,27,30,,
12/12/2017,"770203","FEDERAL, STATE AND COUNTY",11001,"FOR STATE SENATOR DISTRICT 27 (UNEXPIRED TERM)",REP,75,75,5,"CASEY MURDOCK",REP,2,0,14,16,,
12/12/2017,"770203","FEDERAL, STATE AND COUNTY",11001,"FOR STATE SENATOR DISTRICT 27 (UNEXPIRED TERM)",REP,75,75,6,"CAROLYN McLARTY",REP,0,1,43,44,,
12/12/2017,"770204","FEDERAL, STATE AND COUNTY",11001,"FOR STATE SENATOR DISTRICT 27 (UNEXPIRED TERM)",REP,75,75,1,"TOMMY W. NICHOLSON",REP,0,0,0,0,,
12/12/2017,"770204","FEDERAL, STATE AND COUNTY",11001,"FOR STATE SENATOR DISTRICT 27 (UNEXPIRED TERM)",REP,75,75,2,"MICHAEL MEDILL",REP,0,0,0,0,,
12/12/2017,"770204","FEDERAL, STATE AND COUNTY",11001,"FOR STATE SENATOR DISTRICT 27 (UNEXPIRED TERM)",REP,75,75,3,"JEFF HALL",REP,0,0,2,2,,
12/12/2017,"770204","FEDERAL, STATE AND COUNTY",11001,"FOR STATE SENATOR DISTRICT 27 (UNEXPIRED TERM)",REP,75,75,4,"TRAVIS TEMPLIN",REP,0,4,16,20,,
12/12/2017,"770204","FEDERAL, STATE AND COUNTY",11001,"FOR STATE SENATOR DISTRICT 27 (UNEXPIRED TERM)",REP,75,75,5,"CASEY MURDOCK",REP,0,0,2,2,,
12/12/2017,"770204","FEDERAL, STATE AND COUNTY",11001,"FOR STATE SENATOR DISTRICT 27 (UNEXPIRED TERM)",REP,75,75,6,"CAROLYN McLARTY",REP,1,4,33,38,,
12/12/2017,"770301","FEDERAL, STATE AND COUNTY",11001,"FOR STATE SENATOR DISTRICT 27 (UNEXPIRED TERM)",REP,75,75,1,"TOMMY W. NICHOLSON",REP,0,0,2,2,,
12/12/2017,"770301","FEDERAL, STATE AND COUNTY",11001,"FOR STATE SENATOR DISTRICT 27 (UNEXPIRED TERM)",REP,75,75,2,"MICHAEL MEDILL",REP,0,0,1,1,,
12/12/2017,"770301","FEDERAL, STATE AND COUNTY",11001,"FOR STATE SENATOR DISTRICT 27 (UNEXPIRED TERM)",REP,75,75,3,"JEFF HALL",REP,1,0,2,3,,
12/12/2017,"770301","FEDERAL, STATE AND COUNTY",11001,"FOR STATE SENATOR DISTRICT 27 (UNEXPIRED TERM)",REP,75,75,4,"TRAVIS TEMPLIN",REP,0,0,8,8,,
12/12/2017,"770301","FEDERAL, STATE AND COUNTY",11001,"FOR STATE SENATOR DISTRICT 27 (UNEXPIRED TERM)",REP,75,75,5,"CASEY MURDOCK",REP,0,0,9,9,,
12/12/2017,"770301","FEDERAL, STATE AND COUNTY",11001,"FOR STATE SENATOR DISTRICT 27 (UNEXPIRED TERM)",REP,75,75,6,"CAROLYN McLARTY",REP,1,1,27,29,,
12/12/2017,"770302","FEDERAL, STATE AND COUNTY",11001,"FOR STATE SENATOR DISTRICT 27 (UNEXPIRED TERM)",REP,75,75,1,"TOMMY W. NICHOLSON",REP,0,0,1,1,,
12/12/2017,"770302","FEDERAL, STATE AND COUNTY",11001,"FOR STATE SENATOR DISTRICT 27 (UNEXPIRED TERM)",REP,75,75,2,"MICHAEL MEDILL",REP,0,0,0,0,,
12/12/2017,"770302","FEDERAL, STATE AND COUNTY",11001,"FOR STATE SENATOR DISTRICT 27 (UNEXPIRED TERM)",REP,75,75,3,"JEFF HALL",REP,2,1,7,10,,
12/12/2017,"770302","FEDERAL, STATE AND COUNTY",11001,"FOR STATE SENATOR DISTRICT 27 (UNEXPIRED TERM)",REP,75,75,4,"TRAVIS TEMPLIN",REP,0,2,8,10,,
12/12/2017,"770302","FEDERAL, STATE AND COUNTY",11001,"FOR STATE SENATOR DISTRICT 27 (UNEXPIRED TERM)",REP,75,75,5,"CASEY MURDOCK",REP,0,0,10,10,,
12/12/2017,"770302","FEDERAL, STATE AND COUNTY",11001,"FOR STATE SENATOR DISTRICT 27 (UNEXPIRED TERM)",REP,75,75,6,"CAROLYN McLARTY",REP,2,7,19,28,,
12/12/2017,"770303","FEDERAL, STATE AND COUNTY",11001,"FOR STATE SENATOR DISTRICT 27 (UNEXPIRED TERM)",REP,75,75,1,"TOMMY W. NICHOLSON",REP,0,0,0,0,,
12/12/2017,"770303","FEDERAL, STATE AND COUNTY",11001,"FOR STATE SENATOR DISTRICT 27 (UNEXPIRED TERM)",REP,75,75,2,"MICHAEL MEDILL",REP,0,0,0,0,,
12/12/2017,"770303","FEDERAL, STATE AND COUNTY",11001,"FOR STATE SENATOR DISTRICT 27 (UNEXPIRED TERM)",REP,75,75,3,"JEFF HALL",REP,0,0,0,0,,
12/12/2017,"770303","FEDERAL, STATE AND COUNTY",11001,"FOR STATE SENATOR DISTRICT 27 (UNEXPIRED TERM)",REP,75,75,4,"TRAVIS TEMPLIN",REP,0,0,0,0,,
12/12/2017,"770303","FEDERAL, STATE AND COUNTY",11001,"FOR STATE SENATOR DISTRICT 27 (UNEXPIRED TERM)",REP,75,75,5,"CASEY MURDOCK",REP,0,0,0,0,,
12/12/2017,"770303","FEDERAL, STATE AND COUNTY",11001,"FOR STATE SENATOR DISTRICT 27 (UNEXPIRED TERM)",REP,75,75,6,"CAROLYN McLARTY",REP,0,0,0,0,,
12/12/2017,"770304","FEDERAL, STATE AND COUNTY",11001,"FOR STATE SENATOR DISTRICT 27 (UNEXPIRED TERM)",REP,75,75,1,"TOMMY W. NICHOLSON",REP,0,0,2,2,,
12/12/2017,"770304","FEDERAL, STATE AND COUNTY",11001,"FOR STATE SENATOR DISTRICT 27 (UNEXPIRED TERM)",REP,75,75,2,"MICHAEL MEDILL",REP,1,0,1,2,,
12/12/2017,"770304","FEDERAL, STATE AND COUNTY",11001,"FOR STATE SENATOR DISTRICT 27 (UNEXPIRED TERM)",REP,75,75,3,"JEFF HALL",REP,0,0,1,1,,
12/12/2017,"770304","FEDERAL, STATE AND COUNTY",11001,"FOR STATE SENATOR DISTRICT 27 (UNEXPIRED TERM)",REP,75,75,4,"TRAVIS TEMPLIN",REP,0,0,6,6,,
12/12/2017,"770304","FEDERAL, STATE AND COUNTY",11001,"FOR STATE SENATOR DISTRICT 27 (UNEXPIRED TERM)",REP,75,75,5,"CASEY MURDOCK",REP,0,1,5,6,,
12/12/2017,"770304","FEDERAL, STATE AND COUNTY",11001,"FOR STATE SENATOR DISTRICT 27 (UNEXPIRED TERM)",REP,75,75,6,"CAROLYN McLARTY",REP,0,0,19,19,,
12/12/2017,"770306","FEDERAL, STATE AND COUNTY",11001,"FOR STATE SENATOR DISTRICT 27 (UNEXPIRED TERM)",REP,75,75,1,"TOMMY W. NICHOLSON",REP,0,0,3,3,,
12/12/2017,"770306","FEDERAL, STATE AND COUNTY",11001,"FOR STATE SENATOR DISTRICT 27 (UNEXPIRED TERM)",REP,75,75,2,"MICHAEL MEDILL",REP,0,0,8,8,,
12/12/2017,"770306","FEDERAL, STATE AND COUNTY",11001,"FOR STATE SENATOR DISTRICT 27 (UNEXPIRED TERM)",REP,75,75,3,"JEFF HALL",REP,2,6,16,24,,
12/12/2017,"770306","FEDERAL, STATE AND COUNTY",11001,"FOR STATE SENATOR DISTRICT 27 (UNEXPIRED TERM)",REP,75,75,4,"TRAVIS TEMPLIN",REP,0,3,67,70,,
12/12/2017,"770306","FEDERAL, STATE AND COUNTY",11001,"FOR STATE SENATOR DISTRICT 27 (UNEXPIRED TERM)",REP,75,75,5,"CASEY MURDOCK",REP,0,3,31,34,,
12/12/2017,"770306","FEDERAL, STATE AND COUNTY",11001,"FOR STATE SENATOR DISTRICT 27 (UNEXPIRED TERM)",REP,75,75,6,"CAROLYN McLARTY",REP,1,8,117,126,,
12/12/2017,"770307","FEDERAL, STATE AND COUNTY",11001,"FOR STATE SENATOR DISTRICT 27 (UNEXPIRED TERM)",REP,75,75,1,"TOMMY W. NICHOLSON",REP,0,0,1,1,,
12/12/2017,"770307","FEDERAL, STATE AND COUNTY",11001,"FOR STATE SENATOR DISTRICT 27 (UNEXPIRED TERM)",REP,75,75,2,"MICHAEL MEDILL",REP,0,0,0,0,,
12/12/2017,"770307","FEDERAL, STATE AND COUNTY",11001,"FOR STATE SENATOR DISTRICT 27 (UNEXPIRED TERM)",REP,75,75,3,"JEFF HALL",REP,0,0,1,1,,
12/12/2017,"770307","FEDERAL, STATE AND COUNTY",11001,"FOR STATE SENATOR DISTRICT 27 (UNEXPIRED TERM)",REP,75,75,4,"TRAVIS TEMPLIN",REP,0,0,10,10,,
12/12/2017,"770307","FEDERAL, STATE AND COUNTY",11001,"FOR STATE SENATOR DISTRICT 27 (UNEXPIRED TERM)",REP,75,75,5,"CASEY MURDOCK",REP,0,2,11,13,,
12/12/2017,"770307","FEDERAL, STATE AND COUNTY",11001,"FOR STATE SENATOR DISTRICT 27 (UNEXPIRED TERM)",REP,75,75,6,"CAROLYN McLARTY",REP,0,0,3,3,,
