elec_date,county,entity_description,race_number,race_description,race_party,tot_race_prec,race_prec_reporting,cand_number,cand_name,cand_party,cand_absmail_votes,cand_early_votes,cand_elecday_votes,cand_tot_votes,race_county_owner
1/8/2019,"CADDO","FLETCHER PUBLIC SCHOOLS INDEPENDENT SCHOOL DISTRICT NO. 009",51601,"PROPOSITION  FLETCHER PUBLIC SCHOOLS",,1,1,1,"FOR THE PROPOSITION - YES",,0,0,0,0,,
1/8/2019,"CADDO","FLETCHER PUBLIC SCHOOLS INDEPENDENT SCHOOL DISTRICT NO. 009",51601,"PROPOSITION  FLETCHER PUBLIC SCHOOLS",,1,1,2,"AGAINST THE PROPOSITION - NO",,0,0,0,0,,
1/8/2019,"CLEVELAND","LEXINGTON PUBLIC SCHOOLS INDEPENDENT SCHOOL DISTRICT NO. 057",51401,"PROPOSITION  LEXINGTON PUBLIC SCHOOLS",,2,2,1,"FOR THE PROPOSITION - YES",,7,4,342,353,,
1/8/2019,"CLEVELAND","LEXINGTON PUBLIC SCHOOLS INDEPENDENT SCHOOL DISTRICT NO. 057",51401,"PROPOSITION  LEXINGTON PUBLIC SCHOOLS",,2,2,2,"AGAINST THE PROPOSITION - NO",,7,0,54,61,,
1/8/2019,"COMANCHE","CITY OF LAWTON",41601,"PROPOSITION  CITY OF LAWTON",,28,28,1,"FOR THE PROPOSITION - YES",,147,53,979,1179,,
1/8/2019,"COMANCHE","CITY OF LAWTON",41601,"PROPOSITION  CITY OF LAWTON",,28,28,2,"AGAINST THE PROPOSITION - NO",,58,34,734,826,,
1/8/2019,"COMANCHE","FLETCHER PUBLIC SCHOOLS INDEPENDENT SCHOOL DISTRICT NO. 009",51601,"PROPOSITION  FLETCHER PUBLIC SCHOOLS",,3,3,1,"FOR THE PROPOSITION - YES",,0,0,223,223,,
1/8/2019,"COMANCHE","FLETCHER PUBLIC SCHOOLS INDEPENDENT SCHOOL DISTRICT NO. 009",51601,"PROPOSITION  FLETCHER PUBLIC SCHOOLS",,3,3,2,"AGAINST THE PROPOSITION - NO",,0,0,5,5,,
1/8/2019,"GARFIELD","DRUMMOND PUBLIC SCHOOLS INDEPENDENT SCHOOL DISTRICT NO. 085",52401,"PROPOSITION NO. 1  DRUMMOND PUBLIC SCHOOLS",,2,2,1,"FOR THE PROPOSITION - YES",,3,0,167,170,,
1/8/2019,"GARFIELD","DRUMMOND PUBLIC SCHOOLS INDEPENDENT SCHOOL DISTRICT NO. 085",52401,"PROPOSITION NO. 1  DRUMMOND PUBLIC SCHOOLS",,2,2,2,"AGAINST THE PROPOSITION - NO",,3,0,17,20,,
1/8/2019,"GARFIELD","DRUMMOND PUBLIC SCHOOLS INDEPENDENT SCHOOL DISTRICT NO. 085",52402,"PROPOSITION NO. 2  DRUMMOND PUBLIC SCHOOLS",,2,2,1,"FOR THE PROPOSITION - YES",,4,0,167,171,,
1/8/2019,"GARFIELD","DRUMMOND PUBLIC SCHOOLS INDEPENDENT SCHOOL DISTRICT NO. 085",52402,"PROPOSITION NO. 2  DRUMMOND PUBLIC SCHOOLS",,2,2,2,"AGAINST THE PROPOSITION - NO",,3,0,15,18,,
1/8/2019,"GRADY","FLETCHER PUBLIC SCHOOLS INDEPENDENT SCHOOL DISTRICT NO. 009",51601,"PROPOSITION  FLETCHER PUBLIC SCHOOLS",,1,1,1,"FOR THE PROPOSITION - YES",,0,0,0,0,,
1/8/2019,"GRADY","FLETCHER PUBLIC SCHOOLS INDEPENDENT SCHOOL DISTRICT NO. 009",51601,"PROPOSITION  FLETCHER PUBLIC SCHOOLS",,1,1,2,"AGAINST THE PROPOSITION - NO",,0,0,0,0,,
1/8/2019,"GRADY","RUSH SPRINGS PUBLIC SCHOOLS INDEPENDENT SCHOOL DISTRICT NO. 068",52601,"PROPOSITION  RUSH SPRINGS PUBLIC SCHOOLS",,4,4,1,"FOR THE PROPOSITION - YES",,6,7,367,380,,
1/8/2019,"GRADY","RUSH SPRINGS PUBLIC SCHOOLS INDEPENDENT SCHOOL DISTRICT NO. 068",52601,"PROPOSITION  RUSH SPRINGS PUBLIC SCHOOLS",,4,4,2,"AGAINST THE PROPOSITION - NO",,10,5,298,313,,
1/8/2019,"KINGFISHER","DRUMMOND PUBLIC SCHOOLS INDEPENDENT SCHOOL DISTRICT NO. 085",52401,"PROPOSITION NO. 1  DRUMMOND PUBLIC SCHOOLS",,1,1,1,"FOR THE PROPOSITION - YES",,0,0,0,0,,
1/8/2019,"KINGFISHER","DRUMMOND PUBLIC SCHOOLS INDEPENDENT SCHOOL DISTRICT NO. 085",52401,"PROPOSITION NO. 1  DRUMMOND PUBLIC SCHOOLS",,1,1,2,"AGAINST THE PROPOSITION - NO",,0,0,0,0,,
1/8/2019,"KINGFISHER","DRUMMOND PUBLIC SCHOOLS INDEPENDENT SCHOOL DISTRICT NO. 085",52402,"PROPOSITION NO. 2  DRUMMOND PUBLIC SCHOOLS",,1,1,1,"FOR THE PROPOSITION - YES",,0,0,0,0,,
1/8/2019,"KINGFISHER","DRUMMOND PUBLIC SCHOOLS INDEPENDENT SCHOOL DISTRICT NO. 085",52402,"PROPOSITION NO. 2  DRUMMOND PUBLIC SCHOOLS",,1,1,2,"AGAINST THE PROPOSITION - NO",,0,0,0,0,,
1/8/2019,"KINGFISHER","DOVER PUBLIC SCHOOLS INDEPENDENT SCHOOL DISTRICT NO. 002",53701,"PROPOSITION NO. 1  DOVER PUBLIC SCHOOLS",,5,5,1,"FOR THE PROPOSITION - YES",,0,2,82,84,,
1/8/2019,"KINGFISHER","DOVER PUBLIC SCHOOLS INDEPENDENT SCHOOL DISTRICT NO. 002",53701,"PROPOSITION NO. 1  DOVER PUBLIC SCHOOLS",,5,5,2,"AGAINST THE PROPOSITION - NO",,0,1,3,4,,
1/8/2019,"KINGFISHER","DOVER PUBLIC SCHOOLS INDEPENDENT SCHOOL DISTRICT NO. 002",53702,"PROPOSITION NO. 2  DOVER PUBLIC SCHOOLS",,5,5,1,"FOR THE PROPOSITION - YES",,0,2,82,84,,
1/8/2019,"KINGFISHER","DOVER PUBLIC SCHOOLS INDEPENDENT SCHOOL DISTRICT NO. 002",53702,"PROPOSITION NO. 2  DOVER PUBLIC SCHOOLS",,5,5,2,"AGAINST THE PROPOSITION - NO",,0,1,3,4,,
1/8/2019,"LEFLORE","TOWN OF ARKOMA",44001,"PROPOSITION  TOWN OF ARKOMA",,1,1,1,"FOR THE PROPOSITION - YES",,0,0,71,71,,
1/8/2019,"LEFLORE","TOWN OF ARKOMA",44001,"PROPOSITION  TOWN OF ARKOMA",,1,1,2,"AGAINST THE PROPOSITION - NO",,0,0,0,0,,
1/8/2019,"LEFLORE","POTEAU PUBLIC SCHOOLS INDEPENDENT SCHOOL DISTRICT NO. 029",54001,"PROPOSITION  POTEAU PUBLIC SCHOOLS",,9,9,1,"FOR THE PROPOSITION - YES",,5,62,799,866,,
1/8/2019,"LEFLORE","POTEAU PUBLIC SCHOOLS INDEPENDENT SCHOOL DISTRICT NO. 029",54001,"PROPOSITION  POTEAU PUBLIC SCHOOLS",,9,9,2,"AGAINST THE PROPOSITION - NO",,4,36,536,576,,
1/8/2019,"LINCOLN","TOWN OF WELLSTON",44101,"PROPOSITION NO. 1  TOWN OF WELLSTON",,1,1,1,"FOR THE PROPOSITION - YES",,0,0,29,29,,
1/8/2019,"LINCOLN","TOWN OF WELLSTON",44101,"PROPOSITION NO. 1  TOWN OF WELLSTON",,1,1,2,"AGAINST THE PROPOSITION - NO",,0,0,27,27,,
1/8/2019,"LINCOLN","TOWN OF WELLSTON",44102,"PROPOSITION NO. 2  TOWN OF WELLSTON",,1,1,1,"FOR THE PROPOSITION - YES",,0,0,29,29,,
1/8/2019,"LINCOLN","TOWN OF WELLSTON",44102,"PROPOSITION NO. 2  TOWN OF WELLSTON",,1,1,2,"AGAINST THE PROPOSITION - NO",,0,0,27,27,,
1/8/2019,"LINCOLN","LUTHER PUBLIC SCHOOLS INDEPENDENT SCHOOL DISTRICT NO. 003",55501,"PROPOSITION  LUTHER PUBLIC SCHOOLS",,2,2,1,"FOR THE PROPOSITION - YES",,0,0,11,11,,
1/8/2019,"LINCOLN","LUTHER PUBLIC SCHOOLS INDEPENDENT SCHOOL DISTRICT NO. 003",55501,"PROPOSITION  LUTHER PUBLIC SCHOOLS",,2,2,2,"AGAINST THE PROPOSITION - NO",,0,0,5,5,,
1/8/2019,"LOGAN","LUTHER PUBLIC SCHOOLS INDEPENDENT SCHOOL DISTRICT NO. 003",55501,"PROPOSITION  LUTHER PUBLIC SCHOOLS",,2,2,1,"FOR THE PROPOSITION - YES",,0,0,20,20,,
1/8/2019,"LOGAN","LUTHER PUBLIC SCHOOLS INDEPENDENT SCHOOL DISTRICT NO. 003",55501,"PROPOSITION  LUTHER PUBLIC SCHOOLS",,2,2,2,"AGAINST THE PROPOSITION - NO",,6,0,27,33,,
1/8/2019,"MAJOR","DRUMMOND PUBLIC SCHOOLS INDEPENDENT SCHOOL DISTRICT NO. 085",52401,"PROPOSITION NO. 1  DRUMMOND PUBLIC SCHOOLS",,1,1,1,"FOR THE PROPOSITION - YES",,0,0,0,0,,
1/8/2019,"MAJOR","DRUMMOND PUBLIC SCHOOLS INDEPENDENT SCHOOL DISTRICT NO. 085",52401,"PROPOSITION NO. 1  DRUMMOND PUBLIC SCHOOLS",,1,1,2,"AGAINST THE PROPOSITION - NO",,0,0,0,0,,
1/8/2019,"MAJOR","DRUMMOND PUBLIC SCHOOLS INDEPENDENT SCHOOL DISTRICT NO. 085",52402,"PROPOSITION NO. 2  DRUMMOND PUBLIC SCHOOLS",,1,1,1,"FOR THE PROPOSITION - YES",,0,0,0,0,,
1/8/2019,"MAJOR","DRUMMOND PUBLIC SCHOOLS INDEPENDENT SCHOOL DISTRICT NO. 085",52402,"PROPOSITION NO. 2  DRUMMOND PUBLIC SCHOOLS",,1,1,2,"AGAINST THE PROPOSITION - NO",,0,0,0,0,,
1/8/2019,"MARSHALL","MARSHALL COUNTY",30002,"PROPOSITION",,11,11,1,"FOR THE PROPOSITION - YES",,25,34,689,748,,
1/8/2019,"MARSHALL","MARSHALL COUNTY",30002,"PROPOSITION",,11,11,2,"AGAINST THE PROPOSITION - NO",,14,21,353,388,,
1/8/2019,"OKLAHOMA","CITY OF HARRAH",45501,"PROPOSITION  CITY OF HARRAH",,6,6,1,"FOR THE PROPOSITION - YES",,3,0,57,60,,
1/8/2019,"OKLAHOMA","CITY OF HARRAH",45501,"PROPOSITION  CITY OF HARRAH",,6,6,2,"AGAINST THE PROPOSITION - NO",,1,0,12,13,,
1/8/2019,"OKLAHOMA","LUTHER PUBLIC SCHOOLS INDEPENDENT SCHOOL DISTRICT NO. 003",55501,"PROPOSITION  LUTHER PUBLIC SCHOOLS",,5,5,1,"FOR THE PROPOSITION - YES",,3,1,340,344,,
1/8/2019,"OKLAHOMA","LUTHER PUBLIC SCHOOLS INDEPENDENT SCHOOL DISTRICT NO. 003",55501,"PROPOSITION  LUTHER PUBLIC SCHOOLS",,5,5,2,"AGAINST THE PROPOSITION - NO",,8,0,315,323,,
1/8/2019,"STEPHENS","CITY OF DUNCAN",46901,"PROPOSITION  CITY OF DUNCAN",,16,16,1,"FOR THE PROPOSITION - YES",,12,34,944,990,,
1/8/2019,"STEPHENS","CITY OF DUNCAN",46901,"PROPOSITION  CITY OF DUNCAN",,16,16,2,"AGAINST THE PROPOSITION - NO",,11,26,457,494,,
1/8/2019,"WASHITA","WASHITA COUNTY",30001,"PROPOSITION",,12,12,1,"FOR THE PROPOSITION - YES",,26,34,668,728,,
1/8/2019,"WASHITA","WASHITA COUNTY",30001,"PROPOSITION",,12,12,2,"AGAINST THE PROPOSITION - NO",,6,11,154,171,,
