elec_date,county,entity_description,race_number,race_description,race_party,tot_race_prec,race_prec_reporting,cand_number,cand_name,cand_party,cand_absmail_votes,cand_early_votes,cand_elecday_votes,cand_tot_votes,race_county_owner
7/11/2017,"CANADIAN","CANADIAN COUNTY",10001,"FOR STATE SENATOR DISTRICT 44 (UNEXPIRED TERM)",,4,4,1,"JOE GRIFFIN",REP,31,2,398,431,,
7/11/2017,"CANADIAN","CANADIAN COUNTY",10001,"FOR STATE SENATOR DISTRICT 44 (UNEXPIRED TERM)",,4,4,2,"MICHAEL BROOKS",DEM,18,3,375,396,,
7/11/2017,"CLEVELAND","CLEVELAND COUNTY",11001,"FOR STATE REPRESENTATIVE DISTRICT 46 (UNEXPIRED TERM)",REP,16,16,1,"CHARLIE SAMPLES",REP,46,19,530,595,,
7/11/2017,"CLEVELAND","CLEVELAND COUNTY",11001,"FOR STATE REPRESENTATIVE DISTRICT 46 (UNEXPIRED TERM)",REP,16,16,2,"DARIN CHAMBERS",REP,128,40,707,875,,
7/11/2017,"CLEVELAND","CLEVELAND COUNTY",11001,"FOR STATE REPRESENTATIVE DISTRICT 46 (UNEXPIRED TERM)",REP,16,16,3,"JIMMY SHANNON",REP,6,4,58,68,,
7/11/2017,"JOHNSTON","JOHNSTON COUNTY",30002,"COUNTY QUESTION",,14,14,1,"FOR THE PROPOSITION - YES",,3,43,590,636,,
7/11/2017,"JOHNSTON","JOHNSTON COUNTY",30002,"COUNTY QUESTION",,14,14,2,"AGAINST THE PROPOSITION - NO",,0,9,70,79,,
7/11/2017,"LATIMER","RED OAK PUBLIC SCHOOLS INDEPENDENT SCHOOL DISTRICT NO. 002",53901,"PROPOSITION NO. 1  RED OAK PUBLIC SCHOOLS",,2,2,1,"FOR THE PROPOSITION - YES",,8,5,163,176,,
7/11/2017,"LATIMER","RED OAK PUBLIC SCHOOLS INDEPENDENT SCHOOL DISTRICT NO. 002",53901,"PROPOSITION NO. 1  RED OAK PUBLIC SCHOOLS",,2,2,2,"AGAINST THE PROPOSITION - NO",,1,11,183,195,,
7/11/2017,"LATIMER","RED OAK PUBLIC SCHOOLS INDEPENDENT SCHOOL DISTRICT NO. 002",53902,"PROPOSITION NO. 2  RED OAK PUBLIC SCHOOLS",,2,2,1,"FOR THE PROPOSITION - YES",,8,6,170,184,,
7/11/2017,"LATIMER","RED OAK PUBLIC SCHOOLS INDEPENDENT SCHOOL DISTRICT NO. 002",53902,"PROPOSITION NO. 2  RED OAK PUBLIC SCHOOLS",,2,2,2,"AGAINST THE PROPOSITION - NO",,1,10,186,197,,
7/11/2017,"LEFLORE","RED OAK PUBLIC SCHOOLS INDEPENDENT SCHOOL DISTRICT NO. 002",53901,"PROPOSITION NO. 1  RED OAK PUBLIC SCHOOLS",,2,2,1,"FOR THE PROPOSITION - YES",,0,0,2,2,,
7/11/2017,"LEFLORE","RED OAK PUBLIC SCHOOLS INDEPENDENT SCHOOL DISTRICT NO. 002",53901,"PROPOSITION NO. 1  RED OAK PUBLIC SCHOOLS",,2,2,2,"AGAINST THE PROPOSITION - NO",,0,0,0,0,,
7/11/2017,"LEFLORE","RED OAK PUBLIC SCHOOLS INDEPENDENT SCHOOL DISTRICT NO. 002",53902,"PROPOSITION NO. 2  RED OAK PUBLIC SCHOOLS",,2,2,1,"FOR THE PROPOSITION - YES",,0,0,2,2,,
7/11/2017,"LEFLORE","RED OAK PUBLIC SCHOOLS INDEPENDENT SCHOOL DISTRICT NO. 002",53902,"PROPOSITION NO. 2  RED OAK PUBLIC SCHOOLS",,2,2,2,"AGAINST THE PROPOSITION - NO",,0,0,0,0,,
7/11/2017,"LOVE","LOVE COUNTY",30001,"COUNTY QUESTION",,12,12,1,"FOR THE PROPOSITION - YES",,11,67,390,468,,
7/11/2017,"LOVE","LOVE COUNTY",30001,"COUNTY QUESTION",,12,12,2,"AGAINST THE PROPOSITION - NO",,0,0,35,35,,
7/11/2017,"OKLAHOMA","OKLAHOMA COUNTY",10001,"FOR STATE SENATOR DISTRICT 44 (UNEXPIRED TERM)",,23,23,1,"JOE GRIFFIN",REP,48,10,1155,1213,,
7/11/2017,"OKLAHOMA","OKLAHOMA COUNTY",10001,"FOR STATE SENATOR DISTRICT 44 (UNEXPIRED TERM)",,23,23,2,"MICHAEL BROOKS",DEM,67,26,1486,1579,,
7/11/2017,"PAYNE","CITY OF PERKINS",46001,"PROPOSITION  CITY OF PERKINS",,2,2,1,"FOR THE PROPOSITION - YES",,2,0,19,21,,
7/11/2017,"PAYNE","CITY OF PERKINS",46001,"PROPOSITION  CITY OF PERKINS",,2,2,2,"AGAINST THE PROPOSITION - NO",,2,0,0,2,,
7/11/2017,"PAYNE","TOWN OF RIPLEY",46002,"PROPOSITION  TOWN OF RIPLEY",,1,1,1,"FOR THE PROPOSITION - YES",,0,0,13,13,,
7/11/2017,"PAYNE","TOWN OF RIPLEY",46002,"PROPOSITION  TOWN OF RIPLEY",,1,1,2,"AGAINST THE PROPOSITION - NO",,0,0,1,1,,
7/11/2017,"TULSA","TULSA COUNTY",10002,"FOR STATE REPRESENTATIVE DISTRICT 75 (UNEXPIRED TERM)",,14,14,1,"TRESSA NUNLEY",REP,77,14,886,977,,
7/11/2017,"TULSA","TULSA COUNTY",10002,"FOR STATE REPRESENTATIVE DISTRICT 75 (UNEXPIRED TERM)",,14,14,2,"KAREN GADDIS",DEM,54,24,995,1073,,
