elec_date,county,entity_description,race_number,race_description,race_party,tot_race_prec,race_prec_reporting,cand_number,cand_name,cand_party,cand_absmail_votes,cand_early_votes,cand_elecday_votes,cand_tot_votes,race_county_owner
4/5/2016,"ADAIR","WATTS PUBLIC SCHOOLS INDEPENDENT SCHOOL DISTRICT NO. 004",50101,"FOR OFFICE NO. 1  WATTS PUBLIC SCHOOLS",,2,2,1,"HERBIE McCLELLAND",,0,0,35,35,ADAIR
4/5/2016,"ADAIR","WATTS PUBLIC SCHOOLS INDEPENDENT SCHOOL DISTRICT NO. 004",50101,"FOR OFFICE NO. 1  WATTS PUBLIC SCHOOLS",,2,2,2,"MELISSA REYNOLDS",,0,0,12,12,ADAIR
4/5/2016,"ALFALFA","ALFALFA COUNTY",10003,"FOR COUNTY COMMISSIONER DISTRICT NO. 1 (UNEXPIRED TERM)",,3,3,1,"LANCE MILLER",DEM,0,2,160,162,ALFALFA
4/5/2016,"ALFALFA","ALFALFA COUNTY",10003,"FOR COUNTY COMMISSIONER DISTRICT NO. 1 (UNEXPIRED TERM)",,3,3,2,"JAY RODGERS HAGUE",REP,3,5,174,182,ALFALFA
4/5/2016,"ATOKA","CITY OF ATOKA",40301,"FOR COUNCILMEMBER WARD 1  CITY OF ATOKA",,5,5,1,"ELISABETH FRAZIER",,3,7,43,53,ATOKA
4/5/2016,"ATOKA","CITY OF ATOKA",40301,"FOR COUNCILMEMBER WARD 1  CITY OF ATOKA",,5,5,2,"DIANE McGEE",,17,49,168,234,ATOKA
4/5/2016,"ATOKA","CITY OF ATOKA",40301,"FOR COUNCILMEMBER WARD 1  CITY OF ATOKA",,5,5,3,"JIMMY D. VINSON",,3,14,36,53,ATOKA
4/5/2016,"ATOKA","CITY OF ATOKA",40303,"FOR COUNCILMEMBER WARD 3  CITY OF ATOKA",,5,5,1,"ERICA POGUE",,6,25,77,108,ATOKA
4/5/2016,"ATOKA","CITY OF ATOKA",40303,"FOR COUNCILMEMBER WARD 3  CITY OF ATOKA",,5,5,2,"JERRY STEPHENS",,8,28,83,119,ATOKA
4/5/2016,"ATOKA","CITY OF ATOKA",40303,"FOR COUNCILMEMBER WARD 3  CITY OF ATOKA",,5,5,3,"PETHI HAYES GABBARD",,8,17,82,107,ATOKA
4/5/2016,"ATOKA","CITY OF ATOKA",40304,"FOR COUNCILMEMBER WARD 4  CITY OF ATOKA",,5,5,1,"BRIAN CATHEY",,11,39,147,197,ATOKA
4/5/2016,"ATOKA","CITY OF ATOKA",40304,"FOR COUNCILMEMBER WARD 4  CITY OF ATOKA",,5,5,2,"KENNY EAVES",,10,30,96,136,ATOKA
4/5/2016,"CADDO","CARNEGIE PUBLIC SCHOOLS INDEPENDENT SCHOOL DISTRICT NO. 033",50801,"PROPOSITION  CARNEGIE PUBLIC SCHOOLS",,2,2,1,"FOR THE PROPOSITION - YES",,6,1,185,192,,
4/5/2016,"CADDO","CARNEGIE PUBLIC SCHOOLS INDEPENDENT SCHOOL DISTRICT NO. 033",50801,"PROPOSITION  CARNEGIE PUBLIC SCHOOLS",,2,2,2,"AGAINST THE PROPOSITION - NO",,2,8,140,150,,
4/5/2016,"CADDO","CEMENT PUBLIC SCHOOLS INDEPENDENT SCHOOL DISTRICT NO. 160",50802,"FOR OFFICE NO. 1  CEMENT PUBLIC SCHOOLS",,2,2,1,"SHELLY MINK",,1,0,17,18,CADDO
4/5/2016,"CADDO","CEMENT PUBLIC SCHOOLS INDEPENDENT SCHOOL DISTRICT NO. 160",50802,"FOR OFFICE NO. 1  CEMENT PUBLIC SCHOOLS",,2,2,2,"BELINDA CHANDLER",,2,0,36,38,CADDO
4/5/2016,"CADDO","FLETCHER PUBLIC SCHOOLS INDEPENDENT SCHOOL DISTRICT NO. 009",51604,"PROPOSITION  FLETCHER PUBLIC SCHOOLS",,1,1,1,"FOR THE PROPOSITION - YES",,0,0,0,0,,
4/5/2016,"CADDO","FLETCHER PUBLIC SCHOOLS INDEPENDENT SCHOOL DISTRICT NO. 009",51604,"PROPOSITION  FLETCHER PUBLIC SCHOOLS",,1,1,2,"AGAINST THE PROPOSITION - NO",,0,0,0,0,,
4/5/2016,"CANADIAN","CITY OF MUSTANG",40901,"FOR COUNCILMEMBER WARD 2  CITY OF MUSTANG",,2,2,1,"THERESA FLANNERY",,3,0,16,19,CANADIAN
4/5/2016,"CANADIAN","CITY OF MUSTANG",40901,"FOR COUNCILMEMBER WARD 2  CITY OF MUSTANG",,2,2,2,"JOSH LEETE",,5,0,60,65,CANADIAN
4/5/2016,"CARTER","CITY OF HEALDTON",41001,"FOR COUNCILMEMBER WARD THREE  CITY OF HEALDTON",,2,2,1,"DUSTY MILLER",,2,0,83,85,CARTER
4/5/2016,"CARTER","CITY OF HEALDTON",41001,"FOR COUNCILMEMBER WARD THREE  CITY OF HEALDTON",,2,2,2,"CURTIS HAY",,0,2,38,40,CARTER
4/5/2016,"CARTER","CITY OF LONE GROVE",41003,"FOR COUNCILMEMBER WARD FIVE  CITY OF LONE GROVE",,5,5,1,"THERESA BURKETT",,4,1,59,64,CARTER
4/5/2016,"CARTER","CITY OF LONE GROVE",41003,"FOR COUNCILMEMBER WARD FIVE  CITY OF LONE GROVE",,5,5,2,"TOMMY SPRADLING",,1,1,27,29,CARTER
4/5/2016,"CARTER","CITY OF LONE GROVE",41003,"FOR COUNCILMEMBER WARD FIVE  CITY OF LONE GROVE",,5,5,3,"MICKEY DAVIS",,3,3,137,143,CARTER
4/5/2016,"CARTER","CITY OF LONE GROVE",41003,"FOR COUNCILMEMBER WARD FIVE  CITY OF LONE GROVE",,5,5,4,"JASON F. PINKERTON",,3,2,34,39,CARTER
4/5/2016,"CARTER","CITY OF LONE GROVE",41003,"FOR COUNCILMEMBER WARD FIVE  CITY OF LONE GROVE",,5,5,5,"MIKE BURNS",,0,0,53,53,CARTER
4/5/2016,"CARTER","CITY OF WILSON",41004,"FOR COUNCILMEMBER, WARD NO. 1 (UNEXPIRED TERM)  CITY OF WILSON",,2,2,1,"REX RUTLEDGE",,2,1,64,67,CARTER
4/5/2016,"CARTER","CITY OF WILSON",41004,"FOR COUNCILMEMBER, WARD NO. 1 (UNEXPIRED TERM)  CITY OF WILSON",,2,2,2,"DAVID NEWBY",,2,1,82,85,CARTER
4/5/2016,"CARTER","CITY OF WILSON",41005,"FOR COUNCILMEMBER, WARD NO. 2 (UNEXPIRED TERM)  CITY OF WILSON",,2,2,1,"RONALD D. ALEXANDER",,1,2,77,80,CARTER
4/5/2016,"CARTER","CITY OF WILSON",41005,"FOR COUNCILMEMBER, WARD NO. 2 (UNEXPIRED TERM)  CITY OF WILSON",,2,2,2,"DANIAL SLOAN",,3,0,73,76,CARTER
4/5/2016,"CARTER","DICKSON PUBLIC SCHOOLS INDEPENDENT SCHOOL DISTRICT NO. 077",51001,"PROPOSITION  DICKSON PUBLIC SCHOOLS",,4,4,1,"FOR THE PROPOSITION - YES",,6,22,367,395,,
4/5/2016,"CARTER","DICKSON PUBLIC SCHOOLS INDEPENDENT SCHOOL DISTRICT NO. 077",51001,"PROPOSITION  DICKSON PUBLIC SCHOOLS",,4,4,2,"AGAINST THE PROPOSITION - NO",,3,6,197,206,,
4/5/2016,"CARTER","DAVIS PUBLIC SCHOOLS INDEPENDENT SCHOOL DISTRICT NO. 010",55001,"PROPOSITION NO. 1  DAVIS PUBLIC SCHOOLS",,1,1,1,"FOR THE PROPOSITION - YES",,0,0,0,0,,
4/5/2016,"CARTER","DAVIS PUBLIC SCHOOLS INDEPENDENT SCHOOL DISTRICT NO. 010",55001,"PROPOSITION NO. 1  DAVIS PUBLIC SCHOOLS",,1,1,2,"AGAINST THE PROPOSITION - NO",,0,0,0,0,,
4/5/2016,"CARTER","DAVIS PUBLIC SCHOOLS INDEPENDENT SCHOOL DISTRICT NO. 010",55002,"PROPOSITION NO. 2  DAVIS PUBLIC SCHOOLS",,1,1,1,"FOR THE PROPOSITION - YES",,0,0,0,0,,
4/5/2016,"CARTER","DAVIS PUBLIC SCHOOLS INDEPENDENT SCHOOL DISTRICT NO. 010",55002,"PROPOSITION NO. 2  DAVIS PUBLIC SCHOOLS",,1,1,2,"AGAINST THE PROPOSITION - NO",,0,0,0,0,,
4/5/2016,"CHEROKEE","KEYS PUBLIC SCHOOLS INDEPENDENT SCHOOL DISTRICT NO. 006",51101,"PROPOSITION  KEYS PUBLIC SCHOOLS",,4,4,1,"FOR THE PROPOSITION - YES",,0,7,138,145,,
4/5/2016,"CHEROKEE","KEYS PUBLIC SCHOOLS INDEPENDENT SCHOOL DISTRICT NO. 006",51101,"PROPOSITION  KEYS PUBLIC SCHOOLS",,4,4,2,"AGAINST THE PROPOSITION - NO",,3,6,139,148,,
4/5/2016,"CHOCTAW","SOPER PUBLIC SCHOOLS INDEPENDENT SCHOOL DISTRICT NO. 004",51201,"PROPOSITION  SOPER PUBLIC SCHOOLS",,3,3,1,"FOR THE PROPOSITION - YES",,0,4,74,78,,
4/5/2016,"CHOCTAW","SOPER PUBLIC SCHOOLS INDEPENDENT SCHOOL DISTRICT NO. 004",51201,"PROPOSITION  SOPER PUBLIC SCHOOLS",,3,3,2,"AGAINST THE PROPOSITION - NO",,1,11,117,129,,
4/5/2016,"CIMARRON","FELT PUBLIC SCHOOLS INDEPENDENT SCHOOL DISTRICT NO. 010",51301,"PROPOSITION  FELT PUBLIC SCHOOLS",,2,2,1,"FOR THE PROPOSITION - YES",,0,1,46,47,,
4/5/2016,"CIMARRON","FELT PUBLIC SCHOOLS INDEPENDENT SCHOOL DISTRICT NO. 010",51301,"PROPOSITION  FELT PUBLIC SCHOOLS",,2,2,2,"AGAINST THE PROPOSITION - NO",,0,0,5,5,,
4/5/2016,"CLEVELAND","CITY OF MOORE",41402,"FOR COUNCILMEMBER WARD 1  CITY OF MOORE",,7,7,1,"ADAM H. WEBB",,27,5,330,362,CLEVELAND
4/5/2016,"CLEVELAND","CITY OF MOORE",41402,"FOR COUNCILMEMBER WARD 1  CITY OF MOORE",,7,7,2,"DAVID ROBERTS",,47,5,188,240,CLEVELAND
4/5/2016,"CLEVELAND","CITY OF NOBLE",41405,"FOR COUNCILMEMBER WARD 2  CITY OF NOBLE",,2,2,1,"TONY PARKER",,6,0,51,57,CLEVELAND
4/5/2016,"CLEVELAND","CITY OF NOBLE",41405,"FOR COUNCILMEMBER WARD 2  CITY OF NOBLE",,2,2,2,"JAMES FARRIS II",,0,2,21,23,CLEVELAND
4/5/2016,"CLEVELAND","CITY OF NOBLE",41406,"FOR COUNCILMEMBER WARD 4  CITY OF NOBLE",,2,2,1,"MARGE HILL",,10,1,82,93,CLEVELAND
4/5/2016,"CLEVELAND","CITY OF NOBLE",41406,"FOR COUNCILMEMBER WARD 4  CITY OF NOBLE",,2,2,2,"BONNIE BRANSTETTER",,0,0,31,31,CLEVELAND
4/5/2016,"CLEVELAND","CITY OF NORMAN",41407,"FOR MAYOR  CITY OF NORMAN",,49,49,1,"LYNNE MILLER",,299,386,6273,6958,CLEVELAND
4/5/2016,"CLEVELAND","CITY OF NORMAN",41407,"FOR MAYOR  CITY OF NORMAN",,49,49,2,"BOBBY STEVENS",,41,32,533,606,CLEVELAND
4/5/2016,"CLEVELAND","CITY OF NORMAN",41407,"FOR MAYOR  CITY OF NORMAN",,49,49,3,"GARY BARKSDALE",,87,78,2241,2406,CLEVELAND
4/5/2016,"CLEVELAND","CITY OF NORMAN",41408,"FOR COUNCILMEMBER WARD 2  CITY OF NORMAN",,8,8,1,"ALEISHA KARJALA",,47,58,966,1071,CLEVELAND
4/5/2016,"CLEVELAND","CITY OF NORMAN",41408,"FOR COUNCILMEMBER WARD 2  CITY OF NORMAN",,8,8,2,"MATTHEW LEAL",,31,48,762,841,CLEVELAND
4/5/2016,"CLEVELAND","CITY OF NORMAN",41409,"FOR COUNCILMEMBER WARD 4  CITY OF NORMAN",,8,8,1,"RHETT JONES",,2,11,179,192,CLEVELAND
4/5/2016,"CLEVELAND","CITY OF NORMAN",41409,"FOR COUNCILMEMBER WARD 4  CITY OF NORMAN",,8,8,2,"KYLE LANKFORD",,2,2,53,57,CLEVELAND
4/5/2016,"CLEVELAND","CITY OF NORMAN",41409,"FOR COUNCILMEMBER WARD 4  CITY OF NORMAN",,8,8,3,"CHRISTINA OWEN",,8,5,252,265,CLEVELAND
4/5/2016,"CLEVELAND","CITY OF NORMAN",41409,"FOR COUNCILMEMBER WARD 4  CITY OF NORMAN",,8,8,4,"BILL HICKMAN",,16,46,989,1051,CLEVELAND
4/5/2016,"CLEVELAND","CITY OF NORMAN",41410,"FOR COUNCILMEMBER WARD 6  CITY OF NORMAN",,5,5,1,"JERRY LANG",,38,30,584,652,CLEVELAND
4/5/2016,"CLEVELAND","CITY OF NORMAN",41410,"FOR COUNCILMEMBER WARD 6  CITY OF NORMAN",,5,5,2,"ASHLEY NICOLE McCRAY",,21,14,183,218,CLEVELAND
4/5/2016,"CLEVELAND","CITY OF NORMAN",41410,"FOR COUNCILMEMBER WARD 6  CITY OF NORMAN",,5,5,3,"BREEA CLARK",,22,76,651,749,CLEVELAND
4/5/2016,"CLEVELAND","LEXINGTON PUBLIC SCHOOLS INDEPENDENT SCHOOL DISTRICT NO. 057",51403,"PROPOSITION NO. 1  LEXINGTON PUBLIC SCHOOLS",,2,2,1,"FOR THE PROPOSITION - YES",,18,1,201,220,,
4/5/2016,"CLEVELAND","LEXINGTON PUBLIC SCHOOLS INDEPENDENT SCHOOL DISTRICT NO. 057",51403,"PROPOSITION NO. 1  LEXINGTON PUBLIC SCHOOLS",,2,2,2,"AGAINST THE PROPOSITION - NO",,7,4,142,153,,
4/5/2016,"CLEVELAND","LEXINGTON PUBLIC SCHOOLS INDEPENDENT SCHOOL DISTRICT NO. 057",51404,"PROPOSITION NO. 2  LEXINGTON PUBLIC SCHOOLS",,2,2,1,"FOR THE PROPOSITION - YES",,17,2,232,251,,
4/5/2016,"CLEVELAND","LEXINGTON PUBLIC SCHOOLS INDEPENDENT SCHOOL DISTRICT NO. 057",51404,"PROPOSITION NO. 2  LEXINGTON PUBLIC SCHOOLS",,2,2,2,"AGAINST THE PROPOSITION - NO",,7,3,114,124,,
4/5/2016,"CLEVELAND","MOORE NORMAN TECH CENTER DISTRICT NO. 17",51405,"PROPOSITION  MOORE NORMAN TECH CENTER",,77,77,1,"FOR THE PROPOSITION - YES",,474,375,6604,7453,,
4/5/2016,"CLEVELAND","MOORE NORMAN TECH CENTER DISTRICT NO. 17",51405,"PROPOSITION  MOORE NORMAN TECH CENTER",,77,77,2,"AGAINST THE PROPOSITION - NO",,408,148,3553,4109,,
4/5/2016,"CLEVELAND","CITY OF NORMAN - PROPOSITION",60141,"PROPOSITION G. O. BOND ISSUE  CITY OF NORMAN - PROPOSITION",,49,49,1,"FOR THE PROPOSITION - YES",,288,395,6854,7537,,
4/5/2016,"CLEVELAND","CITY OF NORMAN - PROPOSITION",60141,"PROPOSITION G. O. BOND ISSUE  CITY OF NORMAN - PROPOSITION",,49,49,2,"AGAINST THE PROPOSITION - NO",,144,109,2201,2454,,
4/5/2016,"CLEVELAND","CITY OF NORMAN - PROPOSITION",60142,"PROPOSITION NO. 1  CITY OF NORMAN - PROPOSITION",,49,49,1,"FOR THE PROPOSITION - YES",,307,390,6324,7021,,
4/5/2016,"CLEVELAND","CITY OF NORMAN - PROPOSITION",60142,"PROPOSITION NO. 1  CITY OF NORMAN - PROPOSITION",,49,49,2,"AGAINST THE PROPOSITION - NO",,105,96,2320,2521,,
4/5/2016,"CLEVELAND","CITY OF NORMAN - PROPOSITION",60143,"PROPOSITION NO. 2  CITY OF NORMAN - PROPOSITION",,49,49,1,"FOR THE PROPOSITION - YES",,347,425,7267,8039,,
4/5/2016,"CLEVELAND","CITY OF NORMAN - PROPOSITION",60143,"PROPOSITION NO. 2  CITY OF NORMAN - PROPOSITION",,49,49,2,"AGAINST THE PROPOSITION - NO",,77,74,1530,1681,,
4/5/2016,"CLEVELAND","CITY OF NORMAN - PROPOSITION",60144,"PROPOSITION NO. 3  CITY OF NORMAN - PROPOSITION",,49,49,1,"FOR THE PROPOSITION - YES",,352,422,7222,7996,,
4/5/2016,"CLEVELAND","CITY OF NORMAN - PROPOSITION",60144,"PROPOSITION NO. 3  CITY OF NORMAN - PROPOSITION",,49,49,2,"AGAINST THE PROPOSITION - NO",,69,70,1559,1698,,
4/5/2016,"CLEVELAND","CITY OF NORMAN - PROPOSITION",60145,"PROPOSITION NO. 4  CITY OF NORMAN - PROPOSITION",,49,49,1,"FOR THE PROPOSITION - YES",,334,385,6303,7022,,
4/5/2016,"CLEVELAND","CITY OF NORMAN - PROPOSITION",60145,"PROPOSITION NO. 4  CITY OF NORMAN - PROPOSITION",,49,49,2,"AGAINST THE PROPOSITION - NO",,89,114,2469,2672,,
4/5/2016,"CLEVELAND","CITY OF NORMAN - PROPOSITION",60146,"PROPOSITION NO. 5  CITY OF NORMAN - PROPOSITION",,49,49,1,"FOR THE PROPOSITION - YES",,311,398,6847,7556,,
4/5/2016,"CLEVELAND","CITY OF NORMAN - PROPOSITION",60146,"PROPOSITION NO. 5  CITY OF NORMAN - PROPOSITION",,49,49,2,"AGAINST THE PROPOSITION - NO",,57,72,1449,1578,,
4/5/2016,"CLEVELAND","CITY OF NORMAN - PROPOSITION",60147,"PROPOSITION NO. 6  CITY OF NORMAN - PROPOSITION",,49,49,1,"FOR THE PROPOSITION - YES",,303,392,6593,7288,,
4/5/2016,"CLEVELAND","CITY OF NORMAN - PROPOSITION",60147,"PROPOSITION NO. 6  CITY OF NORMAN - PROPOSITION",,49,49,2,"AGAINST THE PROPOSITION - NO",,65,77,1636,1778,,
4/5/2016,"CLEVELAND","CITY OF NORMAN - PROPOSITION",60148,"PROPOSITION NO. 7  CITY OF NORMAN - PROPOSITION",,49,49,1,"FOR THE PROPOSITION - YES",,279,367,5889,6535,,
4/5/2016,"CLEVELAND","CITY OF NORMAN - PROPOSITION",60148,"PROPOSITION NO. 7  CITY OF NORMAN - PROPOSITION",,49,49,2,"AGAINST THE PROPOSITION - NO",,83,103,2178,2364,,
4/5/2016,"COAL","ALLEN PUBLIC SCHOOLS INDEPENDENT SCHOOL DISTRICT NO. 001",56202,"PROPOSITION  ALLEN PUBLIC SCHOOLS",,1,1,1,"FOR THE PROPOSITION - YES",,0,0,0,0,,
4/5/2016,"COAL","ALLEN PUBLIC SCHOOLS INDEPENDENT SCHOOL DISTRICT NO. 001",56202,"PROPOSITION  ALLEN PUBLIC SCHOOLS",,1,1,2,"AGAINST THE PROPOSITION - NO",,0,0,0,0,,
4/5/2016,"COMANCHE","CITY OF LAWTON",41601,"FOR COUNCIL MEMBER WARD 7 (UNEXPIRED TERM)  CITY OF LAWTON",,7,7,1,"V. GAY F. McGAHEE",,9,18,298,325,COMANCHE
4/5/2016,"COMANCHE","CITY OF LAWTON",41601,"FOR COUNCIL MEMBER WARD 7 (UNEXPIRED TERM)  CITY OF LAWTON",,7,7,2,"JESSE ROBERT CROSS",,7,23,277,307,COMANCHE
4/5/2016,"COMANCHE","CACHE PUBLIC SCHOOLS INDEPENDENT SCHOOL DISTRICT NO. 001",51602,"PROPOSITION  CACHE PUBLIC SCHOOLS",,7,7,1,"FOR THE PROPOSITION - YES",,11,25,433,469,,
4/5/2016,"COMANCHE","CACHE PUBLIC SCHOOLS INDEPENDENT SCHOOL DISTRICT NO. 001",51602,"PROPOSITION  CACHE PUBLIC SCHOOLS",,7,7,2,"AGAINST THE PROPOSITION - NO",,20,19,344,383,,
4/5/2016,"COMANCHE","FLETCHER PUBLIC SCHOOLS INDEPENDENT SCHOOL DISTRICT NO. 009",51604,"PROPOSITION  FLETCHER PUBLIC SCHOOLS",,3,3,1,"FOR THE PROPOSITION - YES",,0,4,148,152,,
4/5/2016,"COMANCHE","FLETCHER PUBLIC SCHOOLS INDEPENDENT SCHOOL DISTRICT NO. 009",51604,"PROPOSITION  FLETCHER PUBLIC SCHOOLS",,3,3,2,"AGAINST THE PROPOSITION - NO",,1,0,7,8,,
4/5/2016,"COMANCHE","STERLING PUBLIC SCHOOLS INDEPENDENT SCHOOL DISTRICT NO. 003",51606,"PROPOSITION  STERLING PUBLIC SCHOOLS",,4,4,1,"FOR THE PROPOSITION - YES",,1,0,127,128,,
4/5/2016,"COMANCHE","STERLING PUBLIC SCHOOLS INDEPENDENT SCHOOL DISTRICT NO. 003",51606,"PROPOSITION  STERLING PUBLIC SCHOOLS",,4,4,2,"AGAINST THE PROPOSITION - NO",,4,0,111,115,,
4/5/2016,"COTTON","BIG PASTURE PUBLIC SCHOOLS INDEPENDENT SCHOOL DISTRICT NO. 333",51702,"PROPOSITION NO. 1  BIG PASTURE PUBLIC SCHOOLS",,7,7,1,"FOR THE PROPOSITION - YES",,2,2,149,153,,
4/5/2016,"COTTON","BIG PASTURE PUBLIC SCHOOLS INDEPENDENT SCHOOL DISTRICT NO. 333",51702,"PROPOSITION NO. 1  BIG PASTURE PUBLIC SCHOOLS",,7,7,2,"AGAINST THE PROPOSITION - NO",,0,0,21,21,,
4/5/2016,"COTTON","BIG PASTURE PUBLIC SCHOOLS INDEPENDENT SCHOOL DISTRICT NO. 333",51703,"PROPOSITION NO. 2  BIG PASTURE PUBLIC SCHOOLS",,7,7,1,"FOR THE PROPOSITION - YES",,2,2,150,154,,
4/5/2016,"COTTON","BIG PASTURE PUBLIC SCHOOLS INDEPENDENT SCHOOL DISTRICT NO. 333",51703,"PROPOSITION NO. 2  BIG PASTURE PUBLIC SCHOOLS",,7,7,2,"AGAINST THE PROPOSITION - NO",,0,0,24,24,,
4/5/2016,"CRAIG","CHELSEA PUBLIC SCHOOLS INDEPENDENT SCHOOL DISTRICT NO. 003",56601,"PROPOSITION  CHELSEA PUBLIC SCHOOLS",,1,1,1,"FOR THE PROPOSITION - YES",,0,0,0,0,,
4/5/2016,"CRAIG","CHELSEA PUBLIC SCHOOLS INDEPENDENT SCHOOL DISTRICT NO. 003",56601,"PROPOSITION  CHELSEA PUBLIC SCHOOLS",,1,1,2,"AGAINST THE PROPOSITION - NO",,0,0,0,0,,
4/5/2016,"CREEK","CITY OF SAPULPA",41901,"PROPOSITION  CITY OF SAPULPA",,16,16,1,"FOR THE PROPOSITION - YES",,11,88,369,468,,
4/5/2016,"CREEK","CITY OF SAPULPA",41901,"PROPOSITION  CITY OF SAPULPA",,16,16,2,"AGAINST THE PROPOSITION - NO",,19,4,119,142,,
4/5/2016,"CREEK","DEPEW PUBLIC SCHOOLS INDEPENDENT SCHOOL DISTRICT NO. 021",51901,"FOR OFFICE NO. 1  DEPEW PUBLIC SCHOOLS",,5,5,1,"JASON K HUNT",,0,0,142,142,CREEK
4/5/2016,"CREEK","DEPEW PUBLIC SCHOOLS INDEPENDENT SCHOOL DISTRICT NO. 021",51901,"FOR OFFICE NO. 1  DEPEW PUBLIC SCHOOLS",,5,5,2,"SUSAN McKINZIE",,2,0,219,221,CREEK
4/5/2016,"CREEK","DEPEW PUBLIC SCHOOLS INDEPENDENT SCHOOL DISTRICT NO. 021",51902,"PROPOSITION NO. 1  DEPEW PUBLIC SCHOOLS",,5,5,1,"FOR THE PROPOSITION - YES",,2,0,212,214,,
4/5/2016,"CREEK","DEPEW PUBLIC SCHOOLS INDEPENDENT SCHOOL DISTRICT NO. 021",51902,"PROPOSITION NO. 1  DEPEW PUBLIC SCHOOLS",,5,5,2,"AGAINST THE PROPOSITION - NO",,0,0,165,165,,
4/5/2016,"CREEK","DEPEW PUBLIC SCHOOLS INDEPENDENT SCHOOL DISTRICT NO. 021",51903,"PROPOSITION NO. 2  DEPEW PUBLIC SCHOOLS",,5,5,1,"FOR THE PROPOSITION - YES",,2,0,216,218,,
4/5/2016,"CREEK","DEPEW PUBLIC SCHOOLS INDEPENDENT SCHOOL DISTRICT NO. 021",51903,"PROPOSITION NO. 2  DEPEW PUBLIC SCHOOLS",,5,5,2,"AGAINST THE PROPOSITION - NO",,0,0,160,160,,
4/5/2016,"CREEK","KELLYVILLE PUBLIC SCHOOLS INDEPENDENT SCHOOL DISTRICT NO. 031",51904,"FOR OFFICE NO. 1  KELLYVILLE PUBLIC SCHOOLS",,7,7,1,"CYRUS M WHEELER",,10,0,239,249,CREEK
4/5/2016,"CREEK","KELLYVILLE PUBLIC SCHOOLS INDEPENDENT SCHOOL DISTRICT NO. 031",51904,"FOR OFFICE NO. 1  KELLYVILLE PUBLIC SCHOOLS",,7,7,2,"CRISTY CONTU-EVANS",,5,6,303,314,CREEK
4/5/2016,"CREEK","KELLYVILLE PUBLIC SCHOOLS INDEPENDENT SCHOOL DISTRICT NO. 031",51905,"PROPOSITION  KELLYVILLE PUBLIC SCHOOLS",,7,7,1,"FOR THE PROPOSITION - YES",,4,4,356,364,,
4/5/2016,"CREEK","KELLYVILLE PUBLIC SCHOOLS INDEPENDENT SCHOOL DISTRICT NO. 031",51905,"PROPOSITION  KELLYVILLE PUBLIC SCHOOLS",,7,7,2,"AGAINST THE PROPOSITION - NO",,13,2,197,212,,
4/5/2016,"CREEK","SOUTH 299TH WEST AVE RURAL ROAD IMPROVEMENT DISTRICT",60191,"PROPOSITION  SOUTH 299TH WEST AVE RURAL",,1,1,1,"FOR THE PROPOSITION - YES",,0,2,13,15,,
4/5/2016,"CREEK","SOUTH 299TH WEST AVE RURAL ROAD IMPROVEMENT DISTRICT",60191,"PROPOSITION  SOUTH 299TH WEST AVE RURAL",,1,1,2,"AGAINST THE PROPOSITION - NO",,0,0,0,0,,
4/5/2016,"CUSTER","ARAPAHO-BUTLER PUBLIC SCHOOLS INDEPENDENT SCHOOL DISTRICT NO. 005",52001,"PROPOSITION NO. 1  ARAPAHO-BUTLER PUBLIC SCHOOLS",,4,4,1,"FOR THE PROPOSITION - YES",,4,19,173,196,,
4/5/2016,"CUSTER","ARAPAHO-BUTLER PUBLIC SCHOOLS INDEPENDENT SCHOOL DISTRICT NO. 005",52001,"PROPOSITION NO. 1  ARAPAHO-BUTLER PUBLIC SCHOOLS",,4,4,2,"AGAINST THE PROPOSITION - NO",,1,2,92,95,,
4/5/2016,"CUSTER","ARAPAHO-BUTLER PUBLIC SCHOOLS INDEPENDENT SCHOOL DISTRICT NO. 005",52002,"PROPOSITION NO. 2  ARAPAHO-BUTLER PUBLIC SCHOOLS",,4,4,1,"FOR THE PROPOSITION - YES",,4,21,175,200,,
4/5/2016,"CUSTER","ARAPAHO-BUTLER PUBLIC SCHOOLS INDEPENDENT SCHOOL DISTRICT NO. 005",52002,"PROPOSITION NO. 2  ARAPAHO-BUTLER PUBLIC SCHOOLS",,4,4,2,"AGAINST THE PROPOSITION - NO",,1,0,90,91,,
4/5/2016,"DELAWARE","TOWN OF BERNICE",42101,"FOR BOARD OF TRUSTEES (UNEXPIRED TERM)  TOWN OF BERNICE",,2,2,1,"ROB GERADTS",,1,0,20,21,DELAWARE
4/5/2016,"DELAWARE","TOWN OF BERNICE",42101,"FOR BOARD OF TRUSTEES (UNEXPIRED TERM)  TOWN OF BERNICE",,2,2,2,"STEVE MILLER",,2,0,36,38,DELAWARE
4/5/2016,"DEWEY","TOWN OF SEILING",42201,"PROPOSITION  TOWN OF SEILING",,2,2,1,"FOR THE PROPOSITION - YES",,9,19,212,240,,
4/5/2016,"DEWEY","TOWN OF SEILING",42201,"PROPOSITION  TOWN OF SEILING",,2,2,2,"AGAINST THE PROPOSITION - NO",,1,1,21,23,,
4/5/2016,"DEWEY","SEILING PUBLIC SCHOOLS INDEPENDENT SCHOOL DISTRICT NO. 008",52202,"PROPOSITION  SEILING PUBLIC SCHOOLS",,5,5,1,"FOR THE PROPOSITION - YES",,7,41,256,304,,
4/5/2016,"DEWEY","SEILING PUBLIC SCHOOLS INDEPENDENT SCHOOL DISTRICT NO. 008",52202,"PROPOSITION  SEILING PUBLIC SCHOOLS",,5,5,2,"AGAINST THE PROPOSITION - NO",,9,7,141,157,,
4/5/2016,"DEWEY","VICI PUBLIC SCHOOLS INDEPENDENT SCHOOL DISTRICT NO. 005",52204,"PROPOSITION  VICI PUBLIC SCHOOLS",,2,2,1,"FOR THE PROPOSITION - YES",,8,0,106,114,,
4/5/2016,"DEWEY","VICI PUBLIC SCHOOLS INDEPENDENT SCHOOL DISTRICT NO. 005",52204,"PROPOSITION  VICI PUBLIC SCHOOLS",,2,2,2,"AGAINST THE PROPOSITION - NO",,1,0,131,132,,
4/5/2016,"ELLIS","VICI PUBLIC SCHOOLS INDEPENDENT SCHOOL DISTRICT NO. 005",52204,"PROPOSITION  VICI PUBLIC SCHOOLS",,1,1,1,"FOR THE PROPOSITION - YES",,0,0,8,8,,
4/5/2016,"ELLIS","VICI PUBLIC SCHOOLS INDEPENDENT SCHOOL DISTRICT NO. 005",52204,"PROPOSITION  VICI PUBLIC SCHOOLS",,1,1,2,"AGAINST THE PROPOSITION - NO",,0,0,2,2,,
4/5/2016,"ELLIS","GAGE PUBLIC SCHOOLS INDEPENDENT SCHOOL DISTRICT NO. 039",52302,"PROPOSED ANNEXATION  GAGE PUBLIC SCHOOLS",,6,6,1,"FOR THE ANNEXATION - YES",,6,6,111,123,,
4/5/2016,"ELLIS","GAGE PUBLIC SCHOOLS INDEPENDENT SCHOOL DISTRICT NO. 039",52302,"PROPOSED ANNEXATION  GAGE PUBLIC SCHOOLS",,6,6,2,"AGAINST THE ANNEXATION - NO",,3,4,108,115,,
4/5/2016,"GARFIELD","CHISHOLM PUBLIC SCHOOLS INDEPENDENT SCHOOL DISTRICT NO. 042",52401,"FOR OFFICE NO. 1  CHISHOLM PUBLIC SCHOOLS",,11,11,1,"JOHN DICK",,7,6,262,275,GARFIELD
4/5/2016,"GARFIELD","CHISHOLM PUBLIC SCHOOLS INDEPENDENT SCHOOL DISTRICT NO. 042",52401,"FOR OFFICE NO. 1  CHISHOLM PUBLIC SCHOOLS",,11,11,2,"AMY  JEFFRIES",,5,0,126,131,GARFIELD
4/5/2016,"GARFIELD","KREMLIN-HILLSDALE SCHOOLS INDEPENDENT SCHOOL DISTRICT NO. 018",52402,"FOR OFFICE NO. 1  KREMLIN-HILLSDALE SCHOOLS",,5,5,1,"NIKI SCHRADER",,4,0,74,78,GARFIELD
4/5/2016,"GARFIELD","KREMLIN-HILLSDALE SCHOOLS INDEPENDENT SCHOOL DISTRICT NO. 018",52402,"FOR OFFICE NO. 1  KREMLIN-HILLSDALE SCHOOLS",,5,5,2,"JAN SNAPP",,0,0,74,74,GARFIELD
4/5/2016,"GARFIELD","MULHALL-ORLANDO PUBLIC SCHOOLS INDEPENDENT SCHOOL DISTRICT NO. 003",54201,"FOR OFFICE NO. 1  MULHALL-ORLANDO PUBLIC SCHOOLS",,1,1,1,"RANDY RICHARDSON",,0,0,0,0,GARFIELD
4/5/2016,"GARFIELD","MULHALL-ORLANDO PUBLIC SCHOOLS INDEPENDENT SCHOOL DISTRICT NO. 003",54201,"FOR OFFICE NO. 1  MULHALL-ORLANDO PUBLIC SCHOOLS",,1,1,2,"SANDRA KENASTON",,0,0,0,0,GARFIELD
4/5/2016,"GARFIELD","BILLINGS PUBLIC SCHOOLS INDEPENDENT SCHOOL DISTRICT NO. 002",55201,"PROPOSITION  BILLINGS PUBLIC SCHOOLS",,2,2,1,"FOR THE PROPOSITION - YES",,0,0,0,0,,
4/5/2016,"GARFIELD","BILLINGS PUBLIC SCHOOLS INDEPENDENT SCHOOL DISTRICT NO. 002",55201,"PROPOSITION  BILLINGS PUBLIC SCHOOLS",,2,2,2,"AGAINST THE PROPOSITION - NO",,0,0,0,0,,
4/5/2016,"GARVIN","CITY OF LINDSAY",42501,"FOR COUNCILMEMBER  CITY OF LINDSAY",,2,2,1,"MARK MYERS",,1,1,108,110,GARVIN
4/5/2016,"GARVIN","CITY OF LINDSAY",42501,"FOR COUNCILMEMBER  CITY OF LINDSAY",,2,2,2,"SCOTT WILBOURN",,4,2,138,144,GARVIN
4/5/2016,"GARVIN","CITY OF LINDSAY",42501,"FOR COUNCILMEMBER  CITY OF LINDSAY",,2,2,3,"ERIC DODSON",,2,2,101,105,GARVIN
4/5/2016,"GARVIN","CITY OF LINDSAY",42501,"FOR COUNCILMEMBER  CITY OF LINDSAY",,2,2,4,"DEBBIE WHITEHEAD",,1,0,122,123,GARVIN
4/5/2016,"GARVIN","CITY OF LINDSAY",42501,"FOR COUNCILMEMBER  CITY OF LINDSAY",,2,2,5,"JANE POOL",,4,1,134,139,GARVIN
4/5/2016,"GARVIN","TOWN OF MAYSVILLE",42502,"PROPOSITION  TOWN OF MAYSVILLE",,1,1,1,"FOR THE PROPOSITION - YES",,0,0,37,37,,
4/5/2016,"GARVIN","TOWN OF MAYSVILLE",42502,"PROPOSITION  TOWN OF MAYSVILLE",,1,1,2,"AGAINST THE PROPOSITION - NO",,1,0,69,70,,
4/5/2016,"GARVIN","DAVIS PUBLIC SCHOOLS INDEPENDENT SCHOOL DISTRICT NO. 010",55001,"PROPOSITION NO. 1  DAVIS PUBLIC SCHOOLS",,2,2,1,"FOR THE PROPOSITION - YES",,0,2,0,2,,
4/5/2016,"GARVIN","DAVIS PUBLIC SCHOOLS INDEPENDENT SCHOOL DISTRICT NO. 010",55001,"PROPOSITION NO. 1  DAVIS PUBLIC SCHOOLS",,2,2,2,"AGAINST THE PROPOSITION - NO",,1,0,0,1,,
4/5/2016,"GARVIN","DAVIS PUBLIC SCHOOLS INDEPENDENT SCHOOL DISTRICT NO. 010",55002,"PROPOSITION NO. 2  DAVIS PUBLIC SCHOOLS",,2,2,1,"FOR THE PROPOSITION - YES",,0,2,0,2,,
4/5/2016,"GARVIN","DAVIS PUBLIC SCHOOLS INDEPENDENT SCHOOL DISTRICT NO. 010",55002,"PROPOSITION NO. 2  DAVIS PUBLIC SCHOOLS",,2,2,2,"AGAINST THE PROPOSITION - NO",,1,0,0,1,,
4/5/2016,"GRADY","CITY OF CHICKASHA",42601,"PROPOSITION NO. 1  CITY OF CHICKASHA",,13,13,1,"FOR THE PROPOSITION - YES",,38,33,632,703,,
4/5/2016,"GRADY","CITY OF CHICKASHA",42601,"PROPOSITION NO. 1  CITY OF CHICKASHA",,13,13,2,"AGAINST THE PROPOSITION - NO",,22,24,372,418,,
4/5/2016,"GRADY","CITY OF CHICKASHA",42602,"PROPOSITION NO. 2  CITY OF CHICKASHA",,13,13,1,"FOR THE PROPOSITION - YES",,29,23,485,537,,
4/5/2016,"GRADY","CITY OF CHICKASHA",42602,"PROPOSITION NO. 2  CITY OF CHICKASHA",,13,13,2,"AGAINST THE PROPOSITION - NO",,30,32,509,571,,
4/5/2016,"GRADY","CEMENT PUBLIC SCHOOLS INDEPENDENT SCHOOL DISTRICT NO. 160",50802,"FOR OFFICE NO. 1  CEMENT PUBLIC SCHOOLS",,3,3,1,"SHELLY MINK",,0,0,5,5,GRADY
4/5/2016,"GRADY","CEMENT PUBLIC SCHOOLS INDEPENDENT SCHOOL DISTRICT NO. 160",50802,"FOR OFFICE NO. 1  CEMENT PUBLIC SCHOOLS",,3,3,2,"BELINDA CHANDLER",,0,0,1,1,GRADY
4/5/2016,"GRADY","FLETCHER PUBLIC SCHOOLS INDEPENDENT SCHOOL DISTRICT NO. 009",51604,"PROPOSITION  FLETCHER PUBLIC SCHOOLS",,1,1,1,"FOR THE PROPOSITION - YES",,0,0,0,0,,
4/5/2016,"GRADY","FLETCHER PUBLIC SCHOOLS INDEPENDENT SCHOOL DISTRICT NO. 009",51604,"PROPOSITION  FLETCHER PUBLIC SCHOOLS",,1,1,2,"AGAINST THE PROPOSITION - NO",,0,0,0,0,,
4/5/2016,"GRADY","STERLING PUBLIC SCHOOLS INDEPENDENT SCHOOL DISTRICT NO. 003",51606,"PROPOSITION  STERLING PUBLIC SCHOOLS",,1,1,1,"FOR THE PROPOSITION - YES",,0,0,0,0,,
4/5/2016,"GRADY","STERLING PUBLIC SCHOOLS INDEPENDENT SCHOOL DISTRICT NO. 003",51606,"PROPOSITION  STERLING PUBLIC SCHOOLS",,1,1,2,"AGAINST THE PROPOSITION - NO",,0,0,8,8,,
4/5/2016,"GRADY","AMBER-POCASSET PUBLIC SCHOOLS INDEPENDENT SCHOOL DISTRICT NO. 128",52601,"PROPOSITION  AMBER-POCASSET PUBLIC SCHOOLS",,10,10,1,"FOR THE PROPOSITION - YES",,7,9,135,151,,
4/5/2016,"GRADY","AMBER-POCASSET PUBLIC SCHOOLS INDEPENDENT SCHOOL DISTRICT NO. 128",52601,"PROPOSITION  AMBER-POCASSET PUBLIC SCHOOLS",,10,10,2,"AGAINST THE PROPOSITION - NO",,1,0,76,77,,
4/5/2016,"GRADY","RUSH SPRINGS PUBLIC SCHOOLS INDEPENDENT SCHOOL DISTRICT NO. 068",52602,"PROPOSITION NO. 1  RUSH SPRINGS PUBLIC SCHOOLS",,4,4,1,"FOR THE PROPOSITION - YES",,10,4,314,328,,
4/5/2016,"GRADY","RUSH SPRINGS PUBLIC SCHOOLS INDEPENDENT SCHOOL DISTRICT NO. 068",52602,"PROPOSITION NO. 1  RUSH SPRINGS PUBLIC SCHOOLS",,4,4,2,"AGAINST THE PROPOSITION - NO",,9,5,254,268,,
4/5/2016,"GRADY","RUSH SPRINGS PUBLIC SCHOOLS INDEPENDENT SCHOOL DISTRICT NO. 068",52603,"PROPOSITION NO. 2  RUSH SPRINGS PUBLIC SCHOOLS",,4,4,1,"FOR THE PROPOSITION - YES",,7,6,353,366,,
4/5/2016,"GRADY","RUSH SPRINGS PUBLIC SCHOOLS INDEPENDENT SCHOOL DISTRICT NO. 068",52603,"PROPOSITION NO. 2  RUSH SPRINGS PUBLIC SCHOOLS",,4,4,2,"AGAINST THE PROPOSITION - NO",,15,3,239,257,,
4/5/2016,"GRANT","KREMLIN-HILLSDALE SCHOOLS INDEPENDENT SCHOOL DISTRICT NO. 018",52402,"FOR OFFICE NO. 1  KREMLIN-HILLSDALE SCHOOLS",,1,1,1,"NIKI SCHRADER",,0,0,0,0,GRANT
4/5/2016,"GRANT","KREMLIN-HILLSDALE SCHOOLS INDEPENDENT SCHOOL DISTRICT NO. 018",52402,"FOR OFFICE NO. 1  KREMLIN-HILLSDALE SCHOOLS",,1,1,2,"JAN SNAPP",,2,0,0,2,GRANT
4/5/2016,"GRANT","BILLINGS PUBLIC SCHOOLS INDEPENDENT SCHOOL DISTRICT NO. 002",55201,"PROPOSITION  BILLINGS PUBLIC SCHOOLS",,1,1,1,"FOR THE PROPOSITION - YES",,0,0,0,0,,
4/5/2016,"GRANT","BILLINGS PUBLIC SCHOOLS INDEPENDENT SCHOOL DISTRICT NO. 002",55201,"PROPOSITION  BILLINGS PUBLIC SCHOOLS",,1,1,2,"AGAINST THE PROPOSITION - NO",,0,0,0,0,,
4/5/2016,"HUGHES","ALLEN PUBLIC SCHOOLS INDEPENDENT SCHOOL DISTRICT NO. 001",56202,"PROPOSITION  ALLEN PUBLIC SCHOOLS",,3,3,1,"FOR THE PROPOSITION - YES",,0,1,42,43,,
4/5/2016,"HUGHES","ALLEN PUBLIC SCHOOLS INDEPENDENT SCHOOL DISTRICT NO. 001",56202,"PROPOSITION  ALLEN PUBLIC SCHOOLS",,3,3,2,"AGAINST THE PROPOSITION - NO",,0,3,63,66,,
4/5/2016,"JEFFERSON","CITY OF WAURIKA",43402,"FOR POSITION #4 COMMISSIONER  CITY OF WAURIKA",,5,5,1,"JERRY WALLACE",,2,32,83,117,JEFFERSON
4/5/2016,"JEFFERSON","CITY OF WAURIKA",43402,"FOR POSITION #4 COMMISSIONER  CITY OF WAURIKA",,5,5,2,"MIKE GAINES",,1,18,120,139,JEFFERSON
4/5/2016,"KAY","CITY OF KAW CITY",43603,"PROPOSITION NO. 1  CITY OF KAW CITY",,1,1,1,"FOR THE PROPOSITION - YES",,1,0,34,35,,
4/5/2016,"KAY","CITY OF KAW CITY",43603,"PROPOSITION NO. 1  CITY OF KAW CITY",,1,1,2,"AGAINST THE PROPOSITION - NO",,0,0,0,0,,
4/5/2016,"KAY","CITY OF KAW CITY",43604,"PROPOSITION NO. 2  CITY OF KAW CITY",,1,1,1,"FOR THE PROPOSITION - YES",,1,0,35,36,,
4/5/2016,"KAY","CITY OF KAW CITY",43604,"PROPOSITION NO. 2  CITY OF KAW CITY",,1,1,2,"AGAINST THE PROPOSITION - NO",,0,0,0,0,,
4/5/2016,"KAY","TONKAWA PUBLIC SCHOOLS INDEPENDENT SCHOOL DISTRICT NO. 087",53601,"PROPOSITION NO. 1  TONKAWA PUBLIC SCHOOLS",,3,3,1,"FOR THE PROPOSITION - YES",,1,1,338,340,,
4/5/2016,"KAY","TONKAWA PUBLIC SCHOOLS INDEPENDENT SCHOOL DISTRICT NO. 087",53601,"PROPOSITION NO. 1  TONKAWA PUBLIC SCHOOLS",,3,3,2,"AGAINST THE PROPOSITION - NO",,3,1,99,103,,
4/5/2016,"KAY","TONKAWA PUBLIC SCHOOLS INDEPENDENT SCHOOL DISTRICT NO. 087",53602,"PROPOSITION NO. 2  TONKAWA PUBLIC SCHOOLS",,3,3,1,"FOR THE PROPOSITION - YES",,2,1,341,344,,
4/5/2016,"KAY","TONKAWA PUBLIC SCHOOLS INDEPENDENT SCHOOL DISTRICT NO. 087",53602,"PROPOSITION NO. 2  TONKAWA PUBLIC SCHOOLS",,3,3,2,"AGAINST THE PROPOSITION - NO",,2,1,98,101,,
4/5/2016,"KAY","BILLINGS PUBLIC SCHOOLS INDEPENDENT SCHOOL DISTRICT NO. 002",55201,"PROPOSITION  BILLINGS PUBLIC SCHOOLS",,1,1,1,"FOR THE PROPOSITION - YES",,0,0,0,0,,
4/5/2016,"KAY","BILLINGS PUBLIC SCHOOLS INDEPENDENT SCHOOL DISTRICT NO. 002",55201,"PROPOSITION  BILLINGS PUBLIC SCHOOLS",,1,1,2,"AGAINST THE PROPOSITION - NO",,0,0,0,0,,
4/5/2016,"KIOWA","CARNEGIE PUBLIC SCHOOLS INDEPENDENT SCHOOL DISTRICT NO. 033",50801,"PROPOSITION  CARNEGIE PUBLIC SCHOOLS",,1,1,1,"FOR THE PROPOSITION - YES",,0,0,2,2,,
4/5/2016,"KIOWA","CARNEGIE PUBLIC SCHOOLS INDEPENDENT SCHOOL DISTRICT NO. 033",50801,"PROPOSITION  CARNEGIE PUBLIC SCHOOLS",,1,1,2,"AGAINST THE PROPOSITION - NO",,0,0,5,5,,
4/5/2016,"LATIMER","CROWDER PUBLIC SCHOOLS INDEPENDENT SCHOOL DISTRICT NO. 028",56101,"FOR OFFICE NO. 1  CROWDER PUBLIC SCHOOLS",,1,1,1,"CHESTER MASON",,0,0,0,0,LATIMER
4/5/2016,"LATIMER","CROWDER PUBLIC SCHOOLS INDEPENDENT SCHOOL DISTRICT NO. 028",56101,"FOR OFFICE NO. 1  CROWDER PUBLIC SCHOOLS",,1,1,2,"ZACKERY TURNER",,0,0,0,0,LATIMER
4/5/2016,"LINCOLN","CHANDLER PUBLIC SCHOOLS INDEPENDENT SCHOOL DISTRICT NO. 001",54102,"PROPOSITION  CHANDLER PUBLIC SCHOOLS",,9,9,1,"FOR THE PROPOSITION - YES",,7,32,199,238,,
4/5/2016,"LINCOLN","CHANDLER PUBLIC SCHOOLS INDEPENDENT SCHOOL DISTRICT NO. 001",54102,"PROPOSITION  CHANDLER PUBLIC SCHOOLS",,9,9,2,"AGAINST THE PROPOSITION - NO",,4,8,30,42,,
4/5/2016,"LINCOLN","MEEKER PUBLIC SCHOOLS INDEPENDENT SCHOOL DISTRICT NO. 095",54104,"PROPOSITION NO. 1  MEEKER PUBLIC SCHOOLS",,7,7,1,"FOR THE PROPOSITION - YES",,10,2,226,238,,
4/5/2016,"LINCOLN","MEEKER PUBLIC SCHOOLS INDEPENDENT SCHOOL DISTRICT NO. 095",54104,"PROPOSITION NO. 1  MEEKER PUBLIC SCHOOLS",,7,7,2,"AGAINST THE PROPOSITION - NO",,7,0,31,38,,
4/5/2016,"LINCOLN","MEEKER PUBLIC SCHOOLS INDEPENDENT SCHOOL DISTRICT NO. 095",54105,"PROPOSITION NO. 2  MEEKER PUBLIC SCHOOLS",,7,7,1,"FOR THE PROPOSITION - YES",,10,2,230,242,,
4/5/2016,"LINCOLN","MEEKER PUBLIC SCHOOLS INDEPENDENT SCHOOL DISTRICT NO. 095",54105,"PROPOSITION NO. 2  MEEKER PUBLIC SCHOOLS",,7,7,2,"AGAINST THE PROPOSITION - NO",,7,0,29,36,,
4/5/2016,"LINCOLN","PRAGUE PUBLIC SCHOOLS INDEPENDENT SCHOOL DISTRICT NO. 103",54106,"FOR OFFICE NO. 1  PRAGUE PUBLIC SCHOOLS",,5,5,1,"KILEY BAILEY",,11,1,228,240,LINCOLN
4/5/2016,"LINCOLN","PRAGUE PUBLIC SCHOOLS INDEPENDENT SCHOOL DISTRICT NO. 103",54106,"FOR OFFICE NO. 1  PRAGUE PUBLIC SCHOOLS",,5,5,2,"JAY SCHULTZ",,7,1,158,166,LINCOLN
4/5/2016,"LOGAN","MULHALL-ORLANDO PUBLIC SCHOOLS INDEPENDENT SCHOOL DISTRICT NO. 003",54201,"FOR OFFICE NO. 1  MULHALL-ORLANDO PUBLIC SCHOOLS",,2,2,1,"RANDY RICHARDSON",,1,0,62,63,LOGAN
4/5/2016,"LOGAN","MULHALL-ORLANDO PUBLIC SCHOOLS INDEPENDENT SCHOOL DISTRICT NO. 003",54201,"FOR OFFICE NO. 1  MULHALL-ORLANDO PUBLIC SCHOOLS",,2,2,2,"SANDRA KENASTON",,3,0,31,34,LOGAN
4/5/2016,"MCCLAIN","MOORE NORMAN TECH CENTER DISTRICT NO. 17",51405,"PROPOSITION  MOORE NORMAN TECH CENTER",,2,2,1,"FOR THE PROPOSITION - YES",,4,0,5,9,,
4/5/2016,"MCCLAIN","MOORE NORMAN TECH CENTER DISTRICT NO. 17",51405,"PROPOSITION  MOORE NORMAN TECH CENTER",,2,2,2,"AGAINST THE PROPOSITION - NO",,2,0,1,3,,
4/5/2016,"MCCURTAIN","WRIGHT CITY PUBLIC SCHOOLS INDEPENDENT SCHOOL DISTRICT NO. 039",54501,"PROPOSITION  WRIGHT CITY PUBLIC SCHOOLS",,6,6,1,"FOR THE PROPOSITION - YES",,3,3,142,148,,
4/5/2016,"MCCURTAIN","WRIGHT CITY PUBLIC SCHOOLS INDEPENDENT SCHOOL DISTRICT NO. 039",54501,"PROPOSITION  WRIGHT CITY PUBLIC SCHOOLS",,6,6,2,"AGAINST THE PROPOSITION - NO",,1,0,13,14,,
4/5/2016,"MCCURTAIN","HAWORTH PUBLIC SCHOOLS INDEPENDENT SCHOOL DISTRICT NO. 006",54502,"FOR OFFICE NO. 1  HAWORTH PUBLIC SCHOOLS",,5,5,1,"CHAD WRIGHT",,3,3,121,127,MCCURTAIN
4/5/2016,"MCCURTAIN","HAWORTH PUBLIC SCHOOLS INDEPENDENT SCHOOL DISTRICT NO. 006",54502,"FOR OFFICE NO. 1  HAWORTH PUBLIC SCHOOLS",,5,5,2,"SHIRLEY POGUE",,1,8,117,126,MCCURTAIN
4/5/2016,"MAJOR","SEILING PUBLIC SCHOOLS INDEPENDENT SCHOOL DISTRICT NO. 008",52202,"PROPOSITION  SEILING PUBLIC SCHOOLS",,3,3,1,"FOR THE PROPOSITION - YES",,0,3,66,69,,
4/5/2016,"MAJOR","SEILING PUBLIC SCHOOLS INDEPENDENT SCHOOL DISTRICT NO. 008",52202,"PROPOSITION  SEILING PUBLIC SCHOOLS",,3,3,2,"AGAINST THE PROPOSITION - NO",,6,0,45,51,,
4/5/2016,"MAJOR","CHISHOLM PUBLIC SCHOOLS INDEPENDENT SCHOOL DISTRICT NO. 042",52401,"FOR OFFICE NO. 1  CHISHOLM PUBLIC SCHOOLS",,1,1,1,"JOHN DICK",,0,0,0,0,MAJOR
4/5/2016,"MAJOR","CHISHOLM PUBLIC SCHOOLS INDEPENDENT SCHOOL DISTRICT NO. 042",52401,"FOR OFFICE NO. 1  CHISHOLM PUBLIC SCHOOLS",,1,1,2,"AMY  JEFFRIES",,0,0,0,0,MAJOR
4/5/2016,"MARSHALL","CITY OF MADILL",44801,"FOR COUNCILMEMBER PLACE 1  CITY OF MADILL",,4,4,1,"HEATH WEAVER",,1,7,117,125,MARSHALL
4/5/2016,"MARSHALL","CITY OF MADILL",44801,"FOR COUNCILMEMBER PLACE 1  CITY OF MADILL",,4,4,2,"TOM AUSTIN",,5,2,68,75,MARSHALL
4/5/2016,"MAYES","CITY OF PRYOR CREEK",44901,"FOR COUNCILMEMBER WARD 1  CITY OF PRYOR CREEK",,2,2,1,"WILLARD JR BUCHANAN",,7,1,42,50,MAYES
4/5/2016,"MAYES","CITY OF PRYOR CREEK",44901,"FOR COUNCILMEMBER WARD 1  CITY OF PRYOR CREEK",,2,2,2,"CLARISSA KEY YATES",,3,1,12,16,MAYES
4/5/2016,"MAYES","SALINA PUBLIC SCHOOLS INDEPENDENT SCHOOL DISTRICT NO. 016",54901,"FOR OFFICE NO. 1  SALINA PUBLIC SCHOOLS",,4,4,1,"MAURENE RUSSELL",,8,6,109,123,MAYES
4/5/2016,"MAYES","SALINA PUBLIC SCHOOLS INDEPENDENT SCHOOL DISTRICT NO. 016",54901,"FOR OFFICE NO. 1  SALINA PUBLIC SCHOOLS",,4,4,2,"JULIE GASKINS",,4,3,188,195,MAYES
4/5/2016,"MAYES","CHELSEA PUBLIC SCHOOLS INDEPENDENT SCHOOL DISTRICT NO. 003",56601,"PROPOSITION  CHELSEA PUBLIC SCHOOLS",,1,1,1,"FOR THE PROPOSITION - YES",,0,0,5,5,,
4/5/2016,"MAYES","CHELSEA PUBLIC SCHOOLS INDEPENDENT SCHOOL DISTRICT NO. 003",56601,"PROPOSITION  CHELSEA PUBLIC SCHOOLS",,1,1,2,"AGAINST THE PROPOSITION - NO",,0,0,0,0,,
4/5/2016,"MURRAY","CITY OF SULPHUR",45002,"FOR COUNCILMAN WARD 3  CITY OF SULPHUR",,4,4,1,"BRANDON FLOWERS",,8,12,108,128,MURRAY
4/5/2016,"MURRAY","CITY OF SULPHUR",45002,"FOR COUNCILMAN WARD 3  CITY OF SULPHUR",,4,4,2,"ROGELIO TREVINO",,1,0,13,14,MURRAY
4/5/2016,"MURRAY","DAVIS PUBLIC SCHOOLS INDEPENDENT SCHOOL DISTRICT NO. 010",55001,"PROPOSITION NO. 1  DAVIS PUBLIC SCHOOLS",,6,6,1,"FOR THE PROPOSITION - YES",,7,9,597,613,,
4/5/2016,"MURRAY","DAVIS PUBLIC SCHOOLS INDEPENDENT SCHOOL DISTRICT NO. 010",55001,"PROPOSITION NO. 1  DAVIS PUBLIC SCHOOLS",,6,6,2,"AGAINST THE PROPOSITION - NO",,6,2,129,137,,
4/5/2016,"MURRAY","DAVIS PUBLIC SCHOOLS INDEPENDENT SCHOOL DISTRICT NO. 010",55002,"PROPOSITION NO. 2  DAVIS PUBLIC SCHOOLS",,6,6,1,"FOR THE PROPOSITION - YES",,7,10,577,594,,
4/5/2016,"MURRAY","DAVIS PUBLIC SCHOOLS INDEPENDENT SCHOOL DISTRICT NO. 010",55002,"PROPOSITION NO. 2  DAVIS PUBLIC SCHOOLS",,6,6,2,"AGAINST THE PROPOSITION - NO",,6,1,152,159,,
4/5/2016,"MUSKOGEE","TOWN OF HASKELL",45101,"PROPOSITION  TOWN OF HASKELL",,1,1,1,"FOR THE PROPOSITION - YES",,3,0,40,43,,
4/5/2016,"MUSKOGEE","TOWN OF HASKELL",45101,"PROPOSITION  TOWN OF HASKELL",,1,1,2,"AGAINST THE PROPOSITION - NO",,0,0,15,15,,
4/5/2016,"MUSKOGEE","MUSKOGEE PUBLIC SCHOOLS INDEPENDENT SCHOOL DISTRICT NO. 020",55101,"FOR OFFICE NO. 1  MUSKOGEE PUBLIC SCHOOLS",,19,19,1,"JOHN  BARTON",,28,84,826,938,MUSKOGEE
4/5/2016,"MUSKOGEE","MUSKOGEE PUBLIC SCHOOLS INDEPENDENT SCHOOL DISTRICT NO. 020",55101,"FOR OFFICE NO. 1  MUSKOGEE PUBLIC SCHOOLS",,19,19,2,"BOBBY JEFFERSON",,29,75,834,938,MUSKOGEE
4/5/2016,"MUSKOGEE","OKTAHA PUBLIC SCHOOLS INDEPENDENT SCHOOL DISTRICT NO. 008",55103,"PROPOSITION  OKTAHA PUBLIC SCHOOLS",,4,4,1,"FOR THE PROPOSITION - YES",,1,2,225,228,,
4/5/2016,"MUSKOGEE","OKTAHA PUBLIC SCHOOLS INDEPENDENT SCHOOL DISTRICT NO. 008",55103,"PROPOSITION  OKTAHA PUBLIC SCHOOLS",,4,4,2,"AGAINST THE PROPOSITION - NO",,0,1,46,47,,
4/5/2016,"NOBLE","TONKAWA PUBLIC SCHOOLS INDEPENDENT SCHOOL DISTRICT NO. 087",53601,"PROPOSITION NO. 1  TONKAWA PUBLIC SCHOOLS",,1,1,1,"FOR THE PROPOSITION - YES",,0,0,0,0,,
4/5/2016,"NOBLE","TONKAWA PUBLIC SCHOOLS INDEPENDENT SCHOOL DISTRICT NO. 087",53601,"PROPOSITION NO. 1  TONKAWA PUBLIC SCHOOLS",,1,1,2,"AGAINST THE PROPOSITION - NO",,0,0,0,0,,
4/5/2016,"NOBLE","TONKAWA PUBLIC SCHOOLS INDEPENDENT SCHOOL DISTRICT NO. 087",53602,"PROPOSITION NO. 2  TONKAWA PUBLIC SCHOOLS",,1,1,1,"FOR THE PROPOSITION - YES",,0,0,0,0,,
4/5/2016,"NOBLE","TONKAWA PUBLIC SCHOOLS INDEPENDENT SCHOOL DISTRICT NO. 087",53602,"PROPOSITION NO. 2  TONKAWA PUBLIC SCHOOLS",,1,1,2,"AGAINST THE PROPOSITION - NO",,0,0,0,0,,
4/5/2016,"NOBLE","MULHALL-ORLANDO PUBLIC SCHOOLS INDEPENDENT SCHOOL DISTRICT NO. 003",54201,"FOR OFFICE NO. 1  MULHALL-ORLANDO PUBLIC SCHOOLS",,2,2,1,"RANDY RICHARDSON",,0,3,7,10,NOBLE
4/5/2016,"NOBLE","MULHALL-ORLANDO PUBLIC SCHOOLS INDEPENDENT SCHOOL DISTRICT NO. 003",54201,"FOR OFFICE NO. 1  MULHALL-ORLANDO PUBLIC SCHOOLS",,2,2,2,"SANDRA KENASTON",,1,1,1,3,NOBLE
4/5/2016,"NOBLE","BILLINGS PUBLIC SCHOOLS INDEPENDENT SCHOOL DISTRICT NO. 002",55201,"PROPOSITION  BILLINGS PUBLIC SCHOOLS",,2,2,1,"FOR THE PROPOSITION - YES",,2,0,51,53,,
4/5/2016,"NOBLE","BILLINGS PUBLIC SCHOOLS INDEPENDENT SCHOOL DISTRICT NO. 002",55201,"PROPOSITION  BILLINGS PUBLIC SCHOOLS",,2,2,2,"AGAINST THE PROPOSITION - NO",,1,0,16,17,,
4/5/2016,"NOWATA","CHELSEA PUBLIC SCHOOLS INDEPENDENT SCHOOL DISTRICT NO. 003",56601,"PROPOSITION  CHELSEA PUBLIC SCHOOLS",,1,1,1,"FOR THE PROPOSITION - YES",,0,0,19,19,,
4/5/2016,"NOWATA","CHELSEA PUBLIC SCHOOLS INDEPENDENT SCHOOL DISTRICT NO. 003",56601,"PROPOSITION  CHELSEA PUBLIC SCHOOLS",,1,1,2,"AGAINST THE PROPOSITION - NO",,0,0,2,2,,
4/5/2016,"OKFUSKEE","OKEMAH PUBLIC SCHOOLS INDEPENDENT SCHOOL DISTRICT NO. 026",55401,"PROPOSITION  OKEMAH PUBLIC SCHOOLS",,12,12,1,"FOR THE PROPOSITION - YES",,11,26,226,263,,
4/5/2016,"OKFUSKEE","OKEMAH PUBLIC SCHOOLS INDEPENDENT SCHOOL DISTRICT NO. 026",55401,"PROPOSITION  OKEMAH PUBLIC SCHOOLS",,12,12,2,"AGAINST THE PROPOSITION - NO",,4,36,170,210,,
4/5/2016,"OKLAHOMA","OKLAHOMA COUNTY",10002,"FOR COUNTY COURT CLERK (UNEXPIRED TERM)",,257,257,1,"ANASTASIA A. PITTMAN",DEM,1267,269,8033,9569,OKLAHOMA
4/5/2016,"OKLAHOMA","OKLAHOMA COUNTY",10002,"FOR COUNTY COURT CLERK (UNEXPIRED TERM)",,257,257,2,"RICK WARREN JR.",REP,1786,99,9007,10892,OKLAHOMA
4/5/2016,"OKLAHOMA","CITY OF BETHANY",45501,"PROPOSITION NO. 1  CITY OF BETHANY",,11,11,1,"FOR THE PROPOSITION - YES",,58,4,896,958,,
4/5/2016,"OKLAHOMA","CITY OF BETHANY",45501,"PROPOSITION NO. 1  CITY OF BETHANY",,11,11,2,"AGAINST THE PROPOSITION - NO",,37,6,352,395,,
4/5/2016,"OKLAHOMA","CITY OF BETHANY",45502,"PROPOSITION NO. 2  CITY OF BETHANY",,11,11,1,"FOR THE PROPOSITION - YES",,66,6,936,1008,,
4/5/2016,"OKLAHOMA","CITY OF BETHANY",45502,"PROPOSITION NO. 2  CITY OF BETHANY",,11,11,2,"AGAINST THE PROPOSITION - NO",,29,4,301,334,,
4/5/2016,"OKLAHOMA","CITY OF BETHANY",45503,"PROPOSITION (PUBLIC LIBRARY)  CITY OF BETHANY",,11,11,1,"FOR THE PROPOSITION - YES",,49,5,968,1022,,
4/5/2016,"OKLAHOMA","CITY OF BETHANY",45503,"PROPOSITION (PUBLIC LIBRARY)  CITY OF BETHANY",,11,11,2,"AGAINST THE PROPOSITION - NO",,46,5,353,404,,
4/5/2016,"OKLAHOMA","CITY OF EDMOND",45504,"PROPOSITION NO. 1  CITY OF EDMOND",,31,31,1,"FOR THE PROPOSITION - YES",,469,36,4391,4896,,
4/5/2016,"OKLAHOMA","CITY OF EDMOND",45504,"PROPOSITION NO. 1  CITY OF EDMOND",,31,31,2,"AGAINST THE PROPOSITION - NO",,173,9,1032,1214,,
4/5/2016,"OKLAHOMA","CITY OF EDMOND",45505,"PROPOSITION NO. 2  CITY OF EDMOND",,31,31,1,"FOR THE PROPOSITION - YES",,415,28,3923,4366,,
4/5/2016,"OKLAHOMA","CITY OF EDMOND",45505,"PROPOSITION NO. 2  CITY OF EDMOND",,31,31,2,"AGAINST THE PROPOSITION - NO",,209,17,1395,1621,,
4/5/2016,"OKLAHOMA","CITY OF HARRAH",45506,"FOR COUNCIL MEMBER, WARD 4  CITY OF HARRAH",,6,6,1,"SAMMY MARTIN",,19,2,183,204,OKLAHOMA
4/5/2016,"OKLAHOMA","CITY OF HARRAH",45506,"FOR COUNCIL MEMBER, WARD 4  CITY OF HARRAH",,6,6,2,"JOE KREKE",,7,2,217,226,OKLAHOMA
4/5/2016,"OKLAHOMA","MOORE NORMAN TECH CENTER DISTRICT NO. 17",51405,"PROPOSITION  MOORE NORMAN TECH CENTER",,11,11,1,"FOR THE PROPOSITION - YES",,20,3,71,94,,
4/5/2016,"OKLAHOMA","MOORE NORMAN TECH CENTER DISTRICT NO. 17",51405,"PROPOSITION  MOORE NORMAN TECH CENTER",,11,11,2,"AGAINST THE PROPOSITION - NO",,22,0,38,60,,
4/5/2016,"OKMULGEE","MORRIS PUBLIC SCHOOLS INDEPENDENT SCHOOL DISTRICT NO. 003",55601,"FOR OFFICE NO. 1  MORRIS PUBLIC SCHOOLS",,6,6,1,"KYLE BROOKS",,11,4,183,198,OKMULGEE
4/5/2016,"OKMULGEE","MORRIS PUBLIC SCHOOLS INDEPENDENT SCHOOL DISTRICT NO. 003",55601,"FOR OFFICE NO. 1  MORRIS PUBLIC SCHOOLS",,6,6,2,"JAMES ALLRED",,6,13,233,252,OKMULGEE
4/5/2016,"OSAGE","CITY OF TULSA",47209,"PROPOSITION NO. 1 SALES TAX--PUBLIC SAFETY  CITY OF TULSA",,5,5,1,"FOR THE PROPOSITION - YES",,39,2,357,398,,
4/5/2016,"OSAGE","CITY OF TULSA",47209,"PROPOSITION NO. 1 SALES TAX--PUBLIC SAFETY  CITY OF TULSA",,5,5,2,"AGAINST THE PROPOSITION - NO",,18,1,233,252,,
4/5/2016,"OSAGE","CITY OF TULSA",47210,"PROPOSITION NO. 2 SALES TAX -- STREET MAINTENANCE AND PUBLIC TRANSPORTATION  CITY OF TULSA",,5,5,1,"FOR THE PROPOSITION - YES",,39,2,382,423,,
4/5/2016,"OSAGE","CITY OF TULSA",47210,"PROPOSITION NO. 2 SALES TAX -- STREET MAINTENANCE AND PUBLIC TRANSPORTATION  CITY OF TULSA",,5,5,2,"AGAINST THE PROPOSITION - NO",,19,1,208,228,,
4/5/2016,"OSAGE","CITY OF TULSA",47211,"PROPOSITION NO. 3 SALES TAX - ECONOMIC DEVELOPMENT  CITY OF TULSA",,5,5,1,"FOR THE PROPOSITION - YES",,35,1,301,337,,
4/5/2016,"OSAGE","CITY OF TULSA",47211,"PROPOSITION NO. 3 SALES TAX - ECONOMIC DEVELOPMENT  CITY OF TULSA",,5,5,2,"AGAINST THE PROPOSITION - NO",,23,2,290,315,,
4/5/2016,"OSAGE","PRUE PUBLIC SCHOOLS INDEPENDENT SCHOOL DISTRICT NO. 050",55701,"PROPOSITION NO. 1  PRUE PUBLIC SCHOOLS",,7,7,1,"FOR THE PROPOSITION - YES",,7,0,109,116,,
4/5/2016,"OSAGE","PRUE PUBLIC SCHOOLS INDEPENDENT SCHOOL DISTRICT NO. 050",55701,"PROPOSITION NO. 1  PRUE PUBLIC SCHOOLS",,7,7,2,"AGAINST THE PROPOSITION - NO",,6,0,47,53,,
4/5/2016,"OSAGE","PRUE PUBLIC SCHOOLS INDEPENDENT SCHOOL DISTRICT NO. 050",55702,"PROPOSITION NO. 2  PRUE PUBLIC SCHOOLS",,7,7,1,"FOR THE PROPOSITION - YES",,8,0,112,120,,
4/5/2016,"OSAGE","PRUE PUBLIC SCHOOLS INDEPENDENT SCHOOL DISTRICT NO. 050",55702,"PROPOSITION NO. 2  PRUE PUBLIC SCHOOLS",,7,7,2,"AGAINST THE PROPOSITION - NO",,5,0,45,50,,
4/5/2016,"OTTAWA","MIAMI PUBLIC SCHOOLS INDEPENDENT SCHOOL DISTRICT NO. 023",55801,"PROPOSITION  MIAMI PUBLIC SCHOOLS",,11,11,1,"FOR THE PROPOSITION - YES",,18,42,814,874,,
4/5/2016,"OTTAWA","MIAMI PUBLIC SCHOOLS INDEPENDENT SCHOOL DISTRICT NO. 023",55801,"PROPOSITION  MIAMI PUBLIC SCHOOLS",,11,11,2,"AGAINST THE PROPOSITION - NO",,18,15,456,489,,
4/5/2016,"OTTAWA","COMMERCE PUBLIC SCHOOLS INDEPENDENT SCHOOL DISTRICT NO. 018",55803,"PROPOSITION  COMMERCE PUBLIC SCHOOLS",,3,3,1,"FOR THE PROPOSITION - YES",,7,9,269,285,,
4/5/2016,"OTTAWA","COMMERCE PUBLIC SCHOOLS INDEPENDENT SCHOOL DISTRICT NO. 018",55803,"PROPOSITION  COMMERCE PUBLIC SCHOOLS",,3,3,2,"AGAINST THE PROPOSITION - NO",,2,11,138,151,,
4/5/2016,"PAYNE","CITY OF STILLWATER",46001,"FOR COUNCIL SEAT 1  CITY OF STILLWATER",,21,21,1,"WILLIAM H. JOYCE",,56,87,1086,1229,PAYNE
4/5/2016,"PAYNE","CITY OF STILLWATER",46001,"FOR COUNCIL SEAT 1  CITY OF STILLWATER",,21,21,2,"BAHAREH MAZROUEE",,5,5,76,86,PAYNE
4/5/2016,"PAYNE","CITY OF PERKINS",46004,"PROPOSITION  CITY OF PERKINS",,1,1,1,"FOR THE PROPOSITION - YES",,6,1,83,90,,
4/5/2016,"PAYNE","CITY OF PERKINS",46004,"PROPOSITION  CITY OF PERKINS",,1,1,2,"AGAINST THE PROPOSITION - NO",,2,0,37,39,,
4/5/2016,"PAYNE","CITY OF STILLWATER",46005,"PROPOSITION NO. 1 PROPOSED CHARTER AMENDMENT--ARTICLE VI, SECTIONS 6-1, 6-3, 6-4, AND 6-6  CITY OF S",,21,21,1,"FOR THE PROPOSITION - YES",,54,73,1017,1144,,
4/5/2016,"PAYNE","CITY OF STILLWATER",46005,"PROPOSITION NO. 1 PROPOSED CHARTER AMENDMENT--ARTICLE VI, SECTIONS 6-1, 6-3, 6-4, AND 6-6  CITY OF S",,21,21,2,"AGAINST THE PROPOSITION - NO",,13,22,156,191,,
4/5/2016,"PAYNE","CITY OF STILLWATER",46006,"PROPOSITION NO. 2 PROPOSED CHARTER AMENDMENT--ARTICLE VI, SECTION 6-1  CITY OF STILLWATER",,21,21,1,"FOR THE PROPOSITION - YES",,37,64,617,718,,
4/5/2016,"PAYNE","CITY OF STILLWATER",46006,"PROPOSITION NO. 2 PROPOSED CHARTER AMENDMENT--ARTICLE VI, SECTION 6-1  CITY OF STILLWATER",,21,21,2,"AGAINST THE PROPOSITION - NO",,29,31,554,614,,
4/5/2016,"PAYNE","MULHALL-ORLANDO PUBLIC SCHOOLS INDEPENDENT SCHOOL DISTRICT NO. 003",54201,"FOR OFFICE NO. 1  MULHALL-ORLANDO PUBLIC SCHOOLS",,1,1,1,"RANDY RICHARDSON",,0,0,7,7,PAYNE
4/5/2016,"PAYNE","MULHALL-ORLANDO PUBLIC SCHOOLS INDEPENDENT SCHOOL DISTRICT NO. 003",54201,"FOR OFFICE NO. 1  MULHALL-ORLANDO PUBLIC SCHOOLS",,1,1,2,"SANDRA KENASTON",,0,0,2,2,PAYNE
4/5/2016,"PITTSBURG","CITY OF MCALESTER",46101,"FOR MAYOR  CITY OF MCALESTER",,17,17,1,"JOHN BROWNE",,14,36,750,800,PITTSBURG
4/5/2016,"PITTSBURG","CITY OF MCALESTER",46101,"FOR MAYOR  CITY OF MCALESTER",,17,17,2,"STEVE HARRISON",,26,26,642,694,PITTSBURG
4/5/2016,"PITTSBURG","CROWDER PUBLIC SCHOOLS INDEPENDENT SCHOOL DISTRICT NO. 028",56101,"FOR OFFICE NO. 1  CROWDER PUBLIC SCHOOLS",,10,10,1,"CHESTER MASON",,1,5,46,52,PITTSBURG
4/5/2016,"PITTSBURG","CROWDER PUBLIC SCHOOLS INDEPENDENT SCHOOL DISTRICT NO. 028",56101,"FOR OFFICE NO. 1  CROWDER PUBLIC SCHOOLS",,10,10,2,"ZACKERY TURNER",,0,5,114,119,PITTSBURG
4/5/2016,"PONTOTOC","ALLEN PUBLIC SCHOOLS INDEPENDENT SCHOOL DISTRICT NO. 001",56202,"PROPOSITION  ALLEN PUBLIC SCHOOLS",,2,2,1,"FOR THE PROPOSITION - YES",,1,1,55,57,,
4/5/2016,"PONTOTOC","ALLEN PUBLIC SCHOOLS INDEPENDENT SCHOOL DISTRICT NO. 001",56202,"PROPOSITION  ALLEN PUBLIC SCHOOLS",,2,2,2,"AGAINST THE PROPOSITION - NO",,0,0,138,138,,
4/5/2016,"POTTAWATOMIE","MEEKER PUBLIC SCHOOLS INDEPENDENT SCHOOL DISTRICT NO. 095",54104,"PROPOSITION NO. 1  MEEKER PUBLIC SCHOOLS",,1,1,1,"FOR THE PROPOSITION - YES",,0,0,6,6,,
4/5/2016,"POTTAWATOMIE","MEEKER PUBLIC SCHOOLS INDEPENDENT SCHOOL DISTRICT NO. 095",54104,"PROPOSITION NO. 1  MEEKER PUBLIC SCHOOLS",,1,1,2,"AGAINST THE PROPOSITION - NO",,0,0,0,0,,
4/5/2016,"POTTAWATOMIE","MEEKER PUBLIC SCHOOLS INDEPENDENT SCHOOL DISTRICT NO. 095",54105,"PROPOSITION NO. 2  MEEKER PUBLIC SCHOOLS",,1,1,1,"FOR THE PROPOSITION - YES",,0,0,7,7,,
4/5/2016,"POTTAWATOMIE","MEEKER PUBLIC SCHOOLS INDEPENDENT SCHOOL DISTRICT NO. 095",54105,"PROPOSITION NO. 2  MEEKER PUBLIC SCHOOLS",,1,1,2,"AGAINST THE PROPOSITION - NO",,0,0,0,0,,
4/5/2016,"POTTAWATOMIE","PRAGUE PUBLIC SCHOOLS INDEPENDENT SCHOOL DISTRICT NO. 103",54106,"FOR OFFICE NO. 1  PRAGUE PUBLIC SCHOOLS",,2,2,1,"KILEY BAILEY",,9,1,22,32,POTTAWATOMIE
4/5/2016,"POTTAWATOMIE","PRAGUE PUBLIC SCHOOLS INDEPENDENT SCHOOL DISTRICT NO. 103",54106,"FOR OFFICE NO. 1  PRAGUE PUBLIC SCHOOLS",,2,2,2,"JAY SCHULTZ",,2,0,26,28,POTTAWATOMIE
4/5/2016,"POTTAWATOMIE","SHAWNEE PUBLIC SCHOOLS INDEPENDENT SCHOOL DISTRICT NO. 093",56303,"PROPOSITION  SHAWNEE PUBLIC SCHOOLS",,14,14,1,"FOR THE PROPOSITION - YES",,26,30,825,881,,
4/5/2016,"POTTAWATOMIE","SHAWNEE PUBLIC SCHOOLS INDEPENDENT SCHOOL DISTRICT NO. 093",56303,"PROPOSITION  SHAWNEE PUBLIC SCHOOLS",,14,14,2,"AGAINST THE PROPOSITION - NO",,16,8,311,335,,
4/5/2016,"POTTAWATOMIE","SOUTH ROCK CREEK PUBLIC SCHOOL ELEMENTARY SCHOOL DISTRICT NO. 032",56304,"PROPOSITION  SOUTH ROCK CREEK PUBLIC SCHOOL",,7,7,1,"FOR THE PROPOSITION - YES",,4,0,100,104,,
4/5/2016,"POTTAWATOMIE","SOUTH ROCK CREEK PUBLIC SCHOOL ELEMENTARY SCHOOL DISTRICT NO. 032",56304,"PROPOSITION  SOUTH ROCK CREEK PUBLIC SCHOOL",,7,7,2,"AGAINST THE PROPOSITION - NO",,0,0,29,29,,
4/5/2016,"PUSHMATAHA","SOPER PUBLIC SCHOOLS INDEPENDENT SCHOOL DISTRICT NO. 004",51201,"PROPOSITION  SOPER PUBLIC SCHOOLS",,2,2,1,"FOR THE PROPOSITION - YES",,0,0,0,0,,
4/5/2016,"PUSHMATAHA","SOPER PUBLIC SCHOOLS INDEPENDENT SCHOOL DISTRICT NO. 004",51201,"PROPOSITION  SOPER PUBLIC SCHOOLS",,2,2,2,"AGAINST THE PROPOSITION - NO",,0,0,0,0,,
4/5/2016,"ROGERS","CITY OF COLLINSVILLE",47203,"PROPOSITION  CITY OF COLLINSVILLE",,1,1,1,"FOR THE PROPOSITION - YES",,0,0,0,0,,
4/5/2016,"ROGERS","CITY OF COLLINSVILLE",47203,"PROPOSITION  CITY OF COLLINSVILLE",,1,1,2,"AGAINST THE PROPOSITION - NO",,0,0,0,0,,
4/5/2016,"ROGERS","CITY OF OWASSO",47208,"PROPOSITION  CITY OF OWASSO",,2,2,1,"FOR THE PROPOSITION - YES",,3,0,59,62,,
4/5/2016,"ROGERS","CITY OF OWASSO",47208,"PROPOSITION  CITY OF OWASSO",,2,2,2,"AGAINST THE PROPOSITION - NO",,1,0,19,20,,
4/5/2016,"ROGERS","CITY OF TULSA",47209,"PROPOSITION NO. 1 SALES TAX--PUBLIC SAFETY  CITY OF TULSA",,3,3,1,"FOR THE PROPOSITION - YES",,0,0,0,0,,
4/5/2016,"ROGERS","CITY OF TULSA",47209,"PROPOSITION NO. 1 SALES TAX--PUBLIC SAFETY  CITY OF TULSA",,3,3,2,"AGAINST THE PROPOSITION - NO",,0,0,0,0,,
4/5/2016,"ROGERS","CITY OF TULSA",47210,"PROPOSITION NO. 2 SALES TAX -- STREET MAINTENANCE AND PUBLIC TRANSPORTATION  CITY OF TULSA",,3,3,1,"FOR THE PROPOSITION - YES",,0,0,0,0,,
4/5/2016,"ROGERS","CITY OF TULSA",47210,"PROPOSITION NO. 2 SALES TAX -- STREET MAINTENANCE AND PUBLIC TRANSPORTATION  CITY OF TULSA",,3,3,2,"AGAINST THE PROPOSITION - NO",,0,0,0,0,,
4/5/2016,"ROGERS","CITY OF TULSA",47211,"PROPOSITION NO. 3 SALES TAX - ECONOMIC DEVELOPMENT  CITY OF TULSA",,3,3,1,"FOR THE PROPOSITION - YES",,0,0,0,0,,
4/5/2016,"ROGERS","CITY OF TULSA",47211,"PROPOSITION NO. 3 SALES TAX - ECONOMIC DEVELOPMENT  CITY OF TULSA",,3,3,2,"AGAINST THE PROPOSITION - NO",,0,0,0,0,,
4/5/2016,"ROGERS","CHELSEA PUBLIC SCHOOLS INDEPENDENT SCHOOL DISTRICT NO. 003",56601,"PROPOSITION  CHELSEA PUBLIC SCHOOLS",,3,3,1,"FOR THE PROPOSITION - YES",,6,2,172,180,,
4/5/2016,"ROGERS","CHELSEA PUBLIC SCHOOLS INDEPENDENT SCHOOL DISTRICT NO. 003",56601,"PROPOSITION  CHELSEA PUBLIC SCHOOLS",,3,3,2,"AGAINST THE PROPOSITION - NO",,4,0,43,47,,
4/5/2016,"SEMINOLE","WEWOKA PUBLIC SCHOOLS INDEPENDENT SCHOOL DISTRICT NO. 002",56701,"PROPOSITION NO. 1  WEWOKA PUBLIC SCHOOLS",,2,2,1,"FOR THE PROPOSITION - YES",,4,12,110,126,,
4/5/2016,"SEMINOLE","WEWOKA PUBLIC SCHOOLS INDEPENDENT SCHOOL DISTRICT NO. 002",56701,"PROPOSITION NO. 1  WEWOKA PUBLIC SCHOOLS",,2,2,2,"AGAINST THE PROPOSITION - NO",,3,1,42,46,,
4/5/2016,"SEMINOLE","WEWOKA PUBLIC SCHOOLS INDEPENDENT SCHOOL DISTRICT NO. 002",56702,"PROPOSITION NO. 2  WEWOKA PUBLIC SCHOOLS",,2,2,1,"FOR THE PROPOSITION - YES",,1,12,111,124,,
4/5/2016,"SEMINOLE","WEWOKA PUBLIC SCHOOLS INDEPENDENT SCHOOL DISTRICT NO. 002",56702,"PROPOSITION NO. 2  WEWOKA PUBLIC SCHOOLS",,2,2,2,"AGAINST THE PROPOSITION - NO",,6,1,46,53,,
4/5/2016,"STEPHENS","CITY OF DUNCAN",46901,"FOR COUNCIL MEMBER WARD 3  CITY OF DUNCAN",,15,15,1,"CLYDE SHAW",,6,11,97,114,STEPHENS
4/5/2016,"STEPHENS","CITY OF DUNCAN",46901,"FOR COUNCIL MEMBER WARD 3  CITY OF DUNCAN",,15,15,2,"PATTY WININGER",,30,88,884,1002,STEPHENS
4/5/2016,"STEPHENS","STERLING PUBLIC SCHOOLS INDEPENDENT SCHOOL DISTRICT NO. 003",51606,"PROPOSITION  STERLING PUBLIC SCHOOLS",,1,1,1,"FOR THE PROPOSITION - YES",,0,0,0,0,,
4/5/2016,"STEPHENS","STERLING PUBLIC SCHOOLS INDEPENDENT SCHOOL DISTRICT NO. 003",51606,"PROPOSITION  STERLING PUBLIC SCHOOLS",,1,1,2,"AGAINST THE PROPOSITION - NO",,1,0,2,3,,
4/5/2016,"TILLMAN","BIG PASTURE PUBLIC SCHOOLS INDEPENDENT SCHOOL DISTRICT NO. 333",51702,"PROPOSITION NO. 1  BIG PASTURE PUBLIC SCHOOLS",,1,1,1,"FOR THE PROPOSITION - YES",,0,0,0,0,,
4/5/2016,"TILLMAN","BIG PASTURE PUBLIC SCHOOLS INDEPENDENT SCHOOL DISTRICT NO. 333",51702,"PROPOSITION NO. 1  BIG PASTURE PUBLIC SCHOOLS",,1,1,2,"AGAINST THE PROPOSITION - NO",,0,0,0,0,,
4/5/2016,"TILLMAN","BIG PASTURE PUBLIC SCHOOLS INDEPENDENT SCHOOL DISTRICT NO. 333",51703,"PROPOSITION NO. 2  BIG PASTURE PUBLIC SCHOOLS",,1,1,1,"FOR THE PROPOSITION - YES",,0,0,0,0,,
4/5/2016,"TILLMAN","BIG PASTURE PUBLIC SCHOOLS INDEPENDENT SCHOOL DISTRICT NO. 333",51703,"PROPOSITION NO. 2  BIG PASTURE PUBLIC SCHOOLS",,1,1,2,"AGAINST THE PROPOSITION - NO",,0,0,0,0,,
4/5/2016,"TULSA","TULSA COUNTY",10001,"FOR COUNTY SHERIFF (UNEXPIRED TERM)",,262,262,1,"REX BERRY",DEM,876,599,22455,23930,TULSA
4/5/2016,"TULSA","TULSA COUNTY",10001,"FOR COUNTY SHERIFF (UNEXPIRED TERM)",,262,262,2,"VIC REGALADO",REP,1487,688,36876,39051,TULSA
4/5/2016,"TULSA","TULSA COUNTY",30001,"COUNTY QUESTION",,262,262,1,"FOR THE PROPOSITION - YES",,1377,864,37622,39863,,
4/5/2016,"TULSA","TULSA COUNTY",30001,"COUNTY QUESTION",,262,262,2,"AGAINST THE PROPOSITION - NO",,933,423,21120,22476,,
4/5/2016,"TULSA","CITY OF SAPULPA",41901,"PROPOSITION  CITY OF SAPULPA",,2,2,1,"FOR THE PROPOSITION - YES",,0,0,1,1,,
4/5/2016,"TULSA","CITY OF SAPULPA",41901,"PROPOSITION  CITY OF SAPULPA",,2,2,2,"AGAINST THE PROPOSITION - NO",,0,0,4,4,,
4/5/2016,"TULSA","CITY OF BIXBY",47202,"PROPOSITION  CITY OF BIXBY",,14,14,1,"FOR THE PROPOSITION - YES",,58,22,1296,1376,,
4/5/2016,"TULSA","CITY OF BIXBY",47202,"PROPOSITION  CITY OF BIXBY",,14,14,2,"AGAINST THE PROPOSITION - NO",,16,4,388,408,,
4/5/2016,"TULSA","CITY OF COLLINSVILLE",47203,"PROPOSITION  CITY OF COLLINSVILLE",,4,4,1,"FOR THE PROPOSITION - YES",,7,1,329,337,,
4/5/2016,"TULSA","CITY OF COLLINSVILLE",47203,"PROPOSITION  CITY OF COLLINSVILLE",,4,4,2,"AGAINST THE PROPOSITION - NO",,3,0,173,176,,
4/5/2016,"TULSA","CITY OF GLENPOOL",47204,"PROPOSITION NO. 1  CITY OF GLENPOOL",,5,5,1,"FOR THE PROPOSITION - YES",,5,8,697,710,,
4/5/2016,"TULSA","CITY OF GLENPOOL",47204,"PROPOSITION NO. 1  CITY OF GLENPOOL",,5,5,2,"AGAINST THE PROPOSITION - NO",,14,1,305,320,,
4/5/2016,"TULSA","CITY OF GLENPOOL",47205,"PROPOSITION NO. 2  CITY OF GLENPOOL",,5,5,1,"FOR THE PROPOSITION - YES",,6,6,686,698,,
4/5/2016,"TULSA","CITY OF GLENPOOL",47205,"PROPOSITION NO. 2  CITY OF GLENPOOL",,5,5,2,"AGAINST THE PROPOSITION - NO",,13,3,316,332,,
4/5/2016,"TULSA","CITY OF GLENPOOL",47206,"PROPOSITION NO. 3  CITY OF GLENPOOL",,5,5,1,"FOR THE PROPOSITION - YES",,7,6,663,676,,
4/5/2016,"TULSA","CITY OF GLENPOOL",47206,"PROPOSITION NO. 3  CITY OF GLENPOOL",,5,5,2,"AGAINST THE PROPOSITION - NO",,12,3,339,354,,
4/5/2016,"TULSA","CITY OF JENKS",47207,"PROPOSITION  CITY OF JENKS",,6,6,1,"FOR THE PROPOSITION - YES",,62,25,1832,1919,,
4/5/2016,"TULSA","CITY OF JENKS",47207,"PROPOSITION  CITY OF JENKS",,6,6,2,"AGAINST THE PROPOSITION - NO",,24,8,500,532,,
4/5/2016,"TULSA","CITY OF OWASSO",47208,"PROPOSITION  CITY OF OWASSO",,11,11,1,"FOR THE PROPOSITION - YES",,66,13,1740,1819,,
4/5/2016,"TULSA","CITY OF OWASSO",47208,"PROPOSITION  CITY OF OWASSO",,11,11,2,"AGAINST THE PROPOSITION - NO",,25,6,827,858,,
4/5/2016,"TULSA","CITY OF TULSA",47209,"PROPOSITION NO. 1 SALES TAX--PUBLIC SAFETY  CITY OF TULSA",,185,185,1,"FOR THE PROPOSITION - YES",,1275,762,29956,31993,,
4/5/2016,"TULSA","CITY OF TULSA",47209,"PROPOSITION NO. 1 SALES TAX--PUBLIC SAFETY  CITY OF TULSA",,185,185,2,"AGAINST THE PROPOSITION - NO",,408,323,11581,12312,,
4/5/2016,"TULSA","CITY OF TULSA",47210,"PROPOSITION NO. 2 SALES TAX -- STREET MAINTENANCE AND PUBLIC TRANSPORTATION  CITY OF TULSA",,185,185,1,"FOR THE PROPOSITION - YES",,1266,830,30957,33053,,
4/5/2016,"TULSA","CITY OF TULSA",47210,"PROPOSITION NO. 2 SALES TAX -- STREET MAINTENANCE AND PUBLIC TRANSPORTATION  CITY OF TULSA",,185,185,2,"AGAINST THE PROPOSITION - NO",,414,253,10497,11164,,
4/5/2016,"TULSA","CITY OF TULSA",47211,"PROPOSITION NO. 3 SALES TAX - ECONOMIC DEVELOPMENT  CITY OF TULSA",,185,185,1,"FOR THE PROPOSITION - YES",,1020,721,26349,28090,,
4/5/2016,"TULSA","CITY OF TULSA",47211,"PROPOSITION NO. 3 SALES TAX - ECONOMIC DEVELOPMENT  CITY OF TULSA",,185,185,2,"AGAINST THE PROPOSITION - NO",,663,362,15153,16178,,
4/5/2016,"WAGONER","CITY OF BIXBY",47202,"PROPOSITION  CITY OF BIXBY",,1,1,1,"FOR THE PROPOSITION - YES",,0,0,0,0,,
4/5/2016,"WAGONER","CITY OF BIXBY",47202,"PROPOSITION  CITY OF BIXBY",,1,1,2,"AGAINST THE PROPOSITION - NO",,0,0,0,0,,
4/5/2016,"WAGONER","CITY OF TULSA",47209,"PROPOSITION NO. 1 SALES TAX--PUBLIC SAFETY  CITY OF TULSA",,2,2,1,"FOR THE PROPOSITION - YES",,0,0,1,1,,
4/5/2016,"WAGONER","CITY OF TULSA",47209,"PROPOSITION NO. 1 SALES TAX--PUBLIC SAFETY  CITY OF TULSA",,2,2,2,"AGAINST THE PROPOSITION - NO",,1,0,3,4,,
4/5/2016,"WAGONER","CITY OF TULSA",47210,"PROPOSITION NO. 2 SALES TAX -- STREET MAINTENANCE AND PUBLIC TRANSPORTATION  CITY OF TULSA",,2,2,1,"FOR THE PROPOSITION - YES",,0,0,2,2,,
4/5/2016,"WAGONER","CITY OF TULSA",47210,"PROPOSITION NO. 2 SALES TAX -- STREET MAINTENANCE AND PUBLIC TRANSPORTATION  CITY OF TULSA",,2,2,2,"AGAINST THE PROPOSITION - NO",,1,0,2,3,,
4/5/2016,"WAGONER","CITY OF TULSA",47211,"PROPOSITION NO. 3 SALES TAX - ECONOMIC DEVELOPMENT  CITY OF TULSA",,2,2,1,"FOR THE PROPOSITION - YES",,0,0,1,1,,
4/5/2016,"WAGONER","CITY OF TULSA",47211,"PROPOSITION NO. 3 SALES TAX - ECONOMIC DEVELOPMENT  CITY OF TULSA",,2,2,2,"AGAINST THE PROPOSITION - NO",,1,0,3,4,,
4/5/2016,"WASHITA","CARNEGIE PUBLIC SCHOOLS INDEPENDENT SCHOOL DISTRICT NO. 033",50801,"PROPOSITION  CARNEGIE PUBLIC SCHOOLS",,1,1,1,"FOR THE PROPOSITION - YES",,2,0,3,5,,
4/5/2016,"WASHITA","CARNEGIE PUBLIC SCHOOLS INDEPENDENT SCHOOL DISTRICT NO. 033",50801,"PROPOSITION  CARNEGIE PUBLIC SCHOOLS",,1,1,2,"AGAINST THE PROPOSITION - NO",,3,0,2,5,,
4/5/2016,"WOODWARD","SEILING PUBLIC SCHOOLS INDEPENDENT SCHOOL DISTRICT NO. 008",52202,"PROPOSITION  SEILING PUBLIC SCHOOLS",,1,1,1,"FOR THE PROPOSITION - YES",,0,0,9,9,,
4/5/2016,"WOODWARD","SEILING PUBLIC SCHOOLS INDEPENDENT SCHOOL DISTRICT NO. 008",52202,"PROPOSITION  SEILING PUBLIC SCHOOLS",,1,1,2,"AGAINST THE PROPOSITION - NO",,0,0,8,8,,
4/5/2016,"WOODWARD","VICI PUBLIC SCHOOLS INDEPENDENT SCHOOL DISTRICT NO. 005",52204,"PROPOSITION  VICI PUBLIC SCHOOLS",,2,2,1,"FOR THE PROPOSITION - YES",,0,0,11,11,,
4/5/2016,"WOODWARD","VICI PUBLIC SCHOOLS INDEPENDENT SCHOOL DISTRICT NO. 005",52204,"PROPOSITION  VICI PUBLIC SCHOOLS",,2,2,2,"AGAINST THE PROPOSITION - NO",,0,0,8,8,,
