elec_date,precinct,entity_description,race_number,race_description,race_party,tot_race_prec,race_prec_reporting,cand_number,cand_name,cand_party,cand_absmail_votes,cand_early_votes,cand_elecday_votes,cand_tot_votes,race_county_owner
5/14/2019,"120322","SWINK PUBLIC SCHOOL ELEMENTARY SCHOOL DISTRICT NO. 021",51201,"PROPOSITION PROPOSED ANNEXATION  SWINK PUBLIC SCHOOL",,1,1,1,"FOR THE PROPOSITION - YES",,0,0,36,36,,
5/14/2019,"120322","SWINK PUBLIC SCHOOL ELEMENTARY SCHOOL DISTRICT NO. 021",51201,"PROPOSITION PROPOSED ANNEXATION  SWINK PUBLIC SCHOOL",,1,1,2,"AGAINST THE PROPOSITION - NO",,2,5,77,84,,
5/14/2019,"190311","DRUMRIGHT PUBLIC SCHOOLS INDEPENDENT SCHOOL DISTRICT NO. 039",51901,"PROPOSITION NO. 1  DRUMRIGHT PUBLIC SCHOOLS",,6,6,1,"FOR THE PROPOSITION - YES",,4,0,89,93,,
5/14/2019,"190311","DRUMRIGHT PUBLIC SCHOOLS INDEPENDENT SCHOOL DISTRICT NO. 039",51901,"PROPOSITION NO. 1  DRUMRIGHT PUBLIC SCHOOLS",,6,6,2,"AGAINST THE PROPOSITION - NO",,1,0,9,10,,
5/14/2019,"190311","DRUMRIGHT PUBLIC SCHOOLS INDEPENDENT SCHOOL DISTRICT NO. 039",51902,"PROPOSITION NO. 2  DRUMRIGHT PUBLIC SCHOOLS",,6,6,1,"FOR THE PROPOSITION - YES",,4,0,88,92,,
5/14/2019,"190311","DRUMRIGHT PUBLIC SCHOOLS INDEPENDENT SCHOOL DISTRICT NO. 039",51902,"PROPOSITION NO. 2  DRUMRIGHT PUBLIC SCHOOLS",,6,6,2,"AGAINST THE PROPOSITION - NO",,1,0,9,10,,
5/14/2019,"190404","TOWN OF MANNFORD",41901,"PROPOSITION  TOWN OF MANNFORD",,2,2,1,"FOR THE PROPOSITION - YES",,6,0,43,49,,
5/14/2019,"190404","TOWN OF MANNFORD",41901,"PROPOSITION  TOWN OF MANNFORD",,2,2,2,"AGAINST THE PROPOSITION - NO",,2,0,7,9,,
5/14/2019,"190405","TOWN OF MANNFORD",41901,"PROPOSITION  TOWN OF MANNFORD",,2,2,1,"FOR THE PROPOSITION - YES",,0,0,0,0,,
5/14/2019,"190405","TOWN OF MANNFORD",41901,"PROPOSITION  TOWN OF MANNFORD",,2,2,2,"AGAINST THE PROPOSITION - NO",,0,0,0,0,,
5/14/2019,"190406","DRUMRIGHT PUBLIC SCHOOLS INDEPENDENT SCHOOL DISTRICT NO. 039",51901,"PROPOSITION NO. 1  DRUMRIGHT PUBLIC SCHOOLS",,6,6,1,"FOR THE PROPOSITION - YES",,0,0,0,0,,
5/14/2019,"190406","DRUMRIGHT PUBLIC SCHOOLS INDEPENDENT SCHOOL DISTRICT NO. 039",51901,"PROPOSITION NO. 1  DRUMRIGHT PUBLIC SCHOOLS",,6,6,2,"AGAINST THE PROPOSITION - NO",,0,0,0,0,,
5/14/2019,"190406","DRUMRIGHT PUBLIC SCHOOLS INDEPENDENT SCHOOL DISTRICT NO. 039",51902,"PROPOSITION NO. 2  DRUMRIGHT PUBLIC SCHOOLS",,6,6,1,"FOR THE PROPOSITION - YES",,0,0,0,0,,
5/14/2019,"190406","DRUMRIGHT PUBLIC SCHOOLS INDEPENDENT SCHOOL DISTRICT NO. 039",51902,"PROPOSITION NO. 2  DRUMRIGHT PUBLIC SCHOOLS",,6,6,2,"AGAINST THE PROPOSITION - NO",,0,0,0,0,,
5/14/2019,"190407","DRUMRIGHT PUBLIC SCHOOLS INDEPENDENT SCHOOL DISTRICT NO. 039",51901,"PROPOSITION NO. 1  DRUMRIGHT PUBLIC SCHOOLS",,6,6,1,"FOR THE PROPOSITION - YES",,0,0,0,0,,
5/14/2019,"190407","DRUMRIGHT PUBLIC SCHOOLS INDEPENDENT SCHOOL DISTRICT NO. 039",51901,"PROPOSITION NO. 1  DRUMRIGHT PUBLIC SCHOOLS",,6,6,2,"AGAINST THE PROPOSITION - NO",,0,0,0,0,,
5/14/2019,"190407","DRUMRIGHT PUBLIC SCHOOLS INDEPENDENT SCHOOL DISTRICT NO. 039",51902,"PROPOSITION NO. 2  DRUMRIGHT PUBLIC SCHOOLS",,6,6,1,"FOR THE PROPOSITION - YES",,0,0,0,0,,
5/14/2019,"190407","DRUMRIGHT PUBLIC SCHOOLS INDEPENDENT SCHOOL DISTRICT NO. 039",51902,"PROPOSITION NO. 2  DRUMRIGHT PUBLIC SCHOOLS",,6,6,2,"AGAINST THE PROPOSITION - NO",,0,0,0,0,,
5/14/2019,"190408","DRUMRIGHT PUBLIC SCHOOLS INDEPENDENT SCHOOL DISTRICT NO. 039",51901,"PROPOSITION NO. 1  DRUMRIGHT PUBLIC SCHOOLS",,6,6,1,"FOR THE PROPOSITION - YES",,0,0,9,9,,
5/14/2019,"190408","DRUMRIGHT PUBLIC SCHOOLS INDEPENDENT SCHOOL DISTRICT NO. 039",51901,"PROPOSITION NO. 1  DRUMRIGHT PUBLIC SCHOOLS",,6,6,2,"AGAINST THE PROPOSITION - NO",,0,0,0,0,,
5/14/2019,"190408","DRUMRIGHT PUBLIC SCHOOLS INDEPENDENT SCHOOL DISTRICT NO. 039",51902,"PROPOSITION NO. 2  DRUMRIGHT PUBLIC SCHOOLS",,6,6,1,"FOR THE PROPOSITION - YES",,0,0,9,9,,
5/14/2019,"190408","DRUMRIGHT PUBLIC SCHOOLS INDEPENDENT SCHOOL DISTRICT NO. 039",51902,"PROPOSITION NO. 2  DRUMRIGHT PUBLIC SCHOOLS",,6,6,2,"AGAINST THE PROPOSITION - NO",,0,0,0,0,,
5/14/2019,"190409","DRUMRIGHT PUBLIC SCHOOLS INDEPENDENT SCHOOL DISTRICT NO. 039",51901,"PROPOSITION NO. 1  DRUMRIGHT PUBLIC SCHOOLS",,6,6,1,"FOR THE PROPOSITION - YES",,0,0,0,0,,
5/14/2019,"190409","DRUMRIGHT PUBLIC SCHOOLS INDEPENDENT SCHOOL DISTRICT NO. 039",51901,"PROPOSITION NO. 1  DRUMRIGHT PUBLIC SCHOOLS",,6,6,2,"AGAINST THE PROPOSITION - NO",,0,0,0,0,,
5/14/2019,"190409","DRUMRIGHT PUBLIC SCHOOLS INDEPENDENT SCHOOL DISTRICT NO. 039",51902,"PROPOSITION NO. 2  DRUMRIGHT PUBLIC SCHOOLS",,6,6,1,"FOR THE PROPOSITION - YES",,0,0,0,0,,
5/14/2019,"190409","DRUMRIGHT PUBLIC SCHOOLS INDEPENDENT SCHOOL DISTRICT NO. 039",51902,"PROPOSITION NO. 2  DRUMRIGHT PUBLIC SCHOOLS",,6,6,2,"AGAINST THE PROPOSITION - NO",,0,0,0,0,,
5/14/2019,"210008","JAY PUBLIC SCHOOLS INDEPENDENT SCHOOL DISTRICT NO. 001",52101,"PROPOSITION NO. 1  JAY PUBLIC SCHOOLS",,12,12,1,"FOR THE PROPOSITION - YES",,1,3,9,13,,
5/14/2019,"210008","JAY PUBLIC SCHOOLS INDEPENDENT SCHOOL DISTRICT NO. 001",52101,"PROPOSITION NO. 1  JAY PUBLIC SCHOOLS",,12,12,2,"AGAINST THE PROPOSITION - NO",,0,8,14,22,,
5/14/2019,"210008","JAY PUBLIC SCHOOLS INDEPENDENT SCHOOL DISTRICT NO. 001",52102,"PROPOSITION NO. 2  JAY PUBLIC SCHOOLS",,12,12,1,"FOR THE PROPOSITION - YES",,1,5,10,16,,
5/14/2019,"210008","JAY PUBLIC SCHOOLS INDEPENDENT SCHOOL DISTRICT NO. 001",52102,"PROPOSITION NO. 2  JAY PUBLIC SCHOOLS",,12,12,2,"AGAINST THE PROPOSITION - NO",,0,6,13,19,,
5/14/2019,"210010","JAY PUBLIC SCHOOLS INDEPENDENT SCHOOL DISTRICT NO. 001",52101,"PROPOSITION NO. 1  JAY PUBLIC SCHOOLS",,12,12,1,"FOR THE PROPOSITION - YES",,0,8,9,17,,
5/14/2019,"210010","JAY PUBLIC SCHOOLS INDEPENDENT SCHOOL DISTRICT NO. 001",52101,"PROPOSITION NO. 1  JAY PUBLIC SCHOOLS",,12,12,2,"AGAINST THE PROPOSITION - NO",,0,1,3,4,,
5/14/2019,"210010","JAY PUBLIC SCHOOLS INDEPENDENT SCHOOL DISTRICT NO. 001",52102,"PROPOSITION NO. 2  JAY PUBLIC SCHOOLS",,12,12,1,"FOR THE PROPOSITION - YES",,0,8,9,17,,
5/14/2019,"210010","JAY PUBLIC SCHOOLS INDEPENDENT SCHOOL DISTRICT NO. 001",52102,"PROPOSITION NO. 2  JAY PUBLIC SCHOOLS",,12,12,2,"AGAINST THE PROPOSITION - NO",,0,1,3,4,,
5/14/2019,"210012","JAY PUBLIC SCHOOLS INDEPENDENT SCHOOL DISTRICT NO. 001",52101,"PROPOSITION NO. 1  JAY PUBLIC SCHOOLS",,12,12,1,"FOR THE PROPOSITION - YES",,0,5,14,19,,
5/14/2019,"210012","JAY PUBLIC SCHOOLS INDEPENDENT SCHOOL DISTRICT NO. 001",52101,"PROPOSITION NO. 1  JAY PUBLIC SCHOOLS",,12,12,2,"AGAINST THE PROPOSITION - NO",,2,3,11,16,,
5/14/2019,"210012","JAY PUBLIC SCHOOLS INDEPENDENT SCHOOL DISTRICT NO. 001",52102,"PROPOSITION NO. 2  JAY PUBLIC SCHOOLS",,12,12,1,"FOR THE PROPOSITION - YES",,0,5,13,18,,
5/14/2019,"210012","JAY PUBLIC SCHOOLS INDEPENDENT SCHOOL DISTRICT NO. 001",52102,"PROPOSITION NO. 2  JAY PUBLIC SCHOOLS",,12,12,2,"AGAINST THE PROPOSITION - NO",,2,3,12,17,,
5/14/2019,"210014","JAY PUBLIC SCHOOLS INDEPENDENT SCHOOL DISTRICT NO. 001",52101,"PROPOSITION NO. 1  JAY PUBLIC SCHOOLS",,12,12,1,"FOR THE PROPOSITION - YES",,13,83,183,279,,
5/14/2019,"210014","JAY PUBLIC SCHOOLS INDEPENDENT SCHOOL DISTRICT NO. 001",52101,"PROPOSITION NO. 1  JAY PUBLIC SCHOOLS",,12,12,2,"AGAINST THE PROPOSITION - NO",,5,19,137,161,,
5/14/2019,"210014","JAY PUBLIC SCHOOLS INDEPENDENT SCHOOL DISTRICT NO. 001",52102,"PROPOSITION NO. 2  JAY PUBLIC SCHOOLS",,12,12,1,"FOR THE PROPOSITION - YES",,13,85,186,284,,
5/14/2019,"210014","JAY PUBLIC SCHOOLS INDEPENDENT SCHOOL DISTRICT NO. 001",52102,"PROPOSITION NO. 2  JAY PUBLIC SCHOOLS",,12,12,2,"AGAINST THE PROPOSITION - NO",,5,18,137,160,,
5/14/2019,"210015","JAY PUBLIC SCHOOLS INDEPENDENT SCHOOL DISTRICT NO. 001",52101,"PROPOSITION NO. 1  JAY PUBLIC SCHOOLS",,12,12,1,"FOR THE PROPOSITION - YES",,7,33,80,120,,
5/14/2019,"210015","JAY PUBLIC SCHOOLS INDEPENDENT SCHOOL DISTRICT NO. 001",52101,"PROPOSITION NO. 1  JAY PUBLIC SCHOOLS",,12,12,2,"AGAINST THE PROPOSITION - NO",,4,14,178,196,,
5/14/2019,"210015","JAY PUBLIC SCHOOLS INDEPENDENT SCHOOL DISTRICT NO. 001",52102,"PROPOSITION NO. 2  JAY PUBLIC SCHOOLS",,12,12,1,"FOR THE PROPOSITION - YES",,8,32,87,127,,
5/14/2019,"210015","JAY PUBLIC SCHOOLS INDEPENDENT SCHOOL DISTRICT NO. 001",52102,"PROPOSITION NO. 2  JAY PUBLIC SCHOOLS",,12,12,2,"AGAINST THE PROPOSITION - NO",,3,15,175,193,,
5/14/2019,"210016","JAY PUBLIC SCHOOLS INDEPENDENT SCHOOL DISTRICT NO. 001",52101,"PROPOSITION NO. 1  JAY PUBLIC SCHOOLS",,12,12,1,"FOR THE PROPOSITION - YES",,8,65,125,198,,
5/14/2019,"210016","JAY PUBLIC SCHOOLS INDEPENDENT SCHOOL DISTRICT NO. 001",52101,"PROPOSITION NO. 1  JAY PUBLIC SCHOOLS",,12,12,2,"AGAINST THE PROPOSITION - NO",,5,19,91,115,,
5/14/2019,"210016","JAY PUBLIC SCHOOLS INDEPENDENT SCHOOL DISTRICT NO. 001",52102,"PROPOSITION NO. 2  JAY PUBLIC SCHOOLS",,12,12,1,"FOR THE PROPOSITION - YES",,8,67,124,199,,
5/14/2019,"210016","JAY PUBLIC SCHOOLS INDEPENDENT SCHOOL DISTRICT NO. 001",52102,"PROPOSITION NO. 2  JAY PUBLIC SCHOOLS",,12,12,2,"AGAINST THE PROPOSITION - NO",,5,19,89,113,,
5/14/2019,"210017","JAY PUBLIC SCHOOLS INDEPENDENT SCHOOL DISTRICT NO. 001",52101,"PROPOSITION NO. 1  JAY PUBLIC SCHOOLS",,12,12,1,"FOR THE PROPOSITION - YES",,2,23,71,96,,
5/14/2019,"210017","JAY PUBLIC SCHOOLS INDEPENDENT SCHOOL DISTRICT NO. 001",52101,"PROPOSITION NO. 1  JAY PUBLIC SCHOOLS",,12,12,2,"AGAINST THE PROPOSITION - NO",,5,11,93,109,,
5/14/2019,"210017","JAY PUBLIC SCHOOLS INDEPENDENT SCHOOL DISTRICT NO. 001",52102,"PROPOSITION NO. 2  JAY PUBLIC SCHOOLS",,12,12,1,"FOR THE PROPOSITION - YES",,2,27,70,99,,
5/14/2019,"210017","JAY PUBLIC SCHOOLS INDEPENDENT SCHOOL DISTRICT NO. 001",52102,"PROPOSITION NO. 2  JAY PUBLIC SCHOOLS",,12,12,2,"AGAINST THE PROPOSITION - NO",,5,8,95,108,,
5/14/2019,"210018","JAY PUBLIC SCHOOLS INDEPENDENT SCHOOL DISTRICT NO. 001",52101,"PROPOSITION NO. 1  JAY PUBLIC SCHOOLS",,12,12,1,"FOR THE PROPOSITION - YES",,7,27,87,121,,
5/14/2019,"210018","JAY PUBLIC SCHOOLS INDEPENDENT SCHOOL DISTRICT NO. 001",52101,"PROPOSITION NO. 1  JAY PUBLIC SCHOOLS",,12,12,2,"AGAINST THE PROPOSITION - NO",,4,12,105,121,,
5/14/2019,"210018","JAY PUBLIC SCHOOLS INDEPENDENT SCHOOL DISTRICT NO. 001",52102,"PROPOSITION NO. 2  JAY PUBLIC SCHOOLS",,12,12,1,"FOR THE PROPOSITION - YES",,7,29,94,130,,
5/14/2019,"210018","JAY PUBLIC SCHOOLS INDEPENDENT SCHOOL DISTRICT NO. 001",52102,"PROPOSITION NO. 2  JAY PUBLIC SCHOOLS",,12,12,2,"AGAINST THE PROPOSITION - NO",,3,10,100,113,,
5/14/2019,"210019","JAY PUBLIC SCHOOLS INDEPENDENT SCHOOL DISTRICT NO. 001",52101,"PROPOSITION NO. 1  JAY PUBLIC SCHOOLS",,12,12,1,"FOR THE PROPOSITION - YES",,0,0,0,0,,
5/14/2019,"210019","JAY PUBLIC SCHOOLS INDEPENDENT SCHOOL DISTRICT NO. 001",52101,"PROPOSITION NO. 1  JAY PUBLIC SCHOOLS",,12,12,2,"AGAINST THE PROPOSITION - NO",,0,0,7,7,,
5/14/2019,"210019","JAY PUBLIC SCHOOLS INDEPENDENT SCHOOL DISTRICT NO. 001",52102,"PROPOSITION NO. 2  JAY PUBLIC SCHOOLS",,12,12,1,"FOR THE PROPOSITION - YES",,0,0,0,0,,
5/14/2019,"210019","JAY PUBLIC SCHOOLS INDEPENDENT SCHOOL DISTRICT NO. 001",52102,"PROPOSITION NO. 2  JAY PUBLIC SCHOOLS",,12,12,2,"AGAINST THE PROPOSITION - NO",,0,0,7,7,,
5/14/2019,"210020","JAY PUBLIC SCHOOLS INDEPENDENT SCHOOL DISTRICT NO. 001",52101,"PROPOSITION NO. 1  JAY PUBLIC SCHOOLS",,12,12,1,"FOR THE PROPOSITION - YES",,0,0,2,2,,
5/14/2019,"210020","JAY PUBLIC SCHOOLS INDEPENDENT SCHOOL DISTRICT NO. 001",52101,"PROPOSITION NO. 1  JAY PUBLIC SCHOOLS",,12,12,2,"AGAINST THE PROPOSITION - NO",,0,0,1,1,,
5/14/2019,"210020","JAY PUBLIC SCHOOLS INDEPENDENT SCHOOL DISTRICT NO. 001",52102,"PROPOSITION NO. 2  JAY PUBLIC SCHOOLS",,12,12,1,"FOR THE PROPOSITION - YES",,0,0,2,2,,
5/14/2019,"210020","JAY PUBLIC SCHOOLS INDEPENDENT SCHOOL DISTRICT NO. 001",52102,"PROPOSITION NO. 2  JAY PUBLIC SCHOOLS",,12,12,2,"AGAINST THE PROPOSITION - NO",,0,0,1,1,,
5/14/2019,"230001","SHATTUCK PUBLIC SCHOOLS INDEPENDENT SCHOOL DISTRICT NO. 042",52301,"PROPOSITION  SHATTUCK PUBLIC SCHOOLS",,5,5,1,"FOR THE PROPOSITION - YES",,0,0,0,0,,
5/14/2019,"230001","SHATTUCK PUBLIC SCHOOLS INDEPENDENT SCHOOL DISTRICT NO. 042",52301,"PROPOSITION  SHATTUCK PUBLIC SCHOOLS",,5,5,2,"AGAINST THE PROPOSITION - NO",,2,0,0,2,,
5/14/2019,"230003","SHATTUCK PUBLIC SCHOOLS INDEPENDENT SCHOOL DISTRICT NO. 042",52301,"PROPOSITION  SHATTUCK PUBLIC SCHOOLS",,5,5,1,"FOR THE PROPOSITION - YES",,0,3,97,100,,
5/14/2019,"230003","SHATTUCK PUBLIC SCHOOLS INDEPENDENT SCHOOL DISTRICT NO. 042",52301,"PROPOSITION  SHATTUCK PUBLIC SCHOOLS",,5,5,2,"AGAINST THE PROPOSITION - NO",,3,0,82,85,,
5/14/2019,"230004","SHATTUCK PUBLIC SCHOOLS INDEPENDENT SCHOOL DISTRICT NO. 042",52301,"PROPOSITION  SHATTUCK PUBLIC SCHOOLS",,5,5,1,"FOR THE PROPOSITION - YES",,0,0,19,19,,
5/14/2019,"230004","SHATTUCK PUBLIC SCHOOLS INDEPENDENT SCHOOL DISTRICT NO. 042",52301,"PROPOSITION  SHATTUCK PUBLIC SCHOOLS",,5,5,2,"AGAINST THE PROPOSITION - NO",,0,1,18,19,,
5/14/2019,"230006","SHATTUCK PUBLIC SCHOOLS INDEPENDENT SCHOOL DISTRICT NO. 042",52301,"PROPOSITION  SHATTUCK PUBLIC SCHOOLS",,5,5,1,"FOR THE PROPOSITION - YES",,0,0,2,2,,
5/14/2019,"230006","SHATTUCK PUBLIC SCHOOLS INDEPENDENT SCHOOL DISTRICT NO. 042",52301,"PROPOSITION  SHATTUCK PUBLIC SCHOOLS",,5,5,2,"AGAINST THE PROPOSITION - NO",,1,1,4,6,,
5/14/2019,"230007","SHATTUCK PUBLIC SCHOOLS INDEPENDENT SCHOOL DISTRICT NO. 042",52301,"PROPOSITION  SHATTUCK PUBLIC SCHOOLS",,5,5,1,"FOR THE PROPOSITION - YES",,0,0,0,0,,
5/14/2019,"230007","SHATTUCK PUBLIC SCHOOLS INDEPENDENT SCHOOL DISTRICT NO. 042",52301,"PROPOSITION  SHATTUCK PUBLIC SCHOOLS",,5,5,2,"AGAINST THE PROPOSITION - NO",,0,0,0,0,,
5/14/2019,"240106","TOWN OF COVINGTON",42401,"PROPOSITION  TOWN OF COVINGTON",,1,1,1,"FOR THE PROPOSITION - YES",,1,0,17,18,,
5/14/2019,"240106","TOWN OF COVINGTON",42401,"PROPOSITION  TOWN OF COVINGTON",,1,1,2,"AGAINST THE PROPOSITION - NO",,1,0,4,5,,
5/14/2019,"260016","RUSH SPRINGS PUBLIC SCHOOLS INDEPENDENT SCHOOL DISTRICT NO. 068",52601,"PROPOSITION  RUSH SPRINGS PUBLIC SCHOOLS",,4,4,1,"FOR THE PROPOSITION - YES",,2,0,1,3,,
5/14/2019,"260016","RUSH SPRINGS PUBLIC SCHOOLS INDEPENDENT SCHOOL DISTRICT NO. 068",52601,"PROPOSITION  RUSH SPRINGS PUBLIC SCHOOLS",,4,4,2,"AGAINST THE PROPOSITION - NO",,0,0,0,0,,
5/14/2019,"260023","RUSH SPRINGS PUBLIC SCHOOLS INDEPENDENT SCHOOL DISTRICT NO. 068",52601,"PROPOSITION  RUSH SPRINGS PUBLIC SCHOOLS",,4,4,1,"FOR THE PROPOSITION - YES",,2,0,6,8,,
5/14/2019,"260023","RUSH SPRINGS PUBLIC SCHOOLS INDEPENDENT SCHOOL DISTRICT NO. 068",52601,"PROPOSITION  RUSH SPRINGS PUBLIC SCHOOLS",,4,4,2,"AGAINST THE PROPOSITION - NO",,0,0,4,4,,
5/14/2019,"260026","RUSH SPRINGS PUBLIC SCHOOLS INDEPENDENT SCHOOL DISTRICT NO. 068",52601,"PROPOSITION  RUSH SPRINGS PUBLIC SCHOOLS",,4,4,1,"FOR THE PROPOSITION - YES",,3,0,19,22,,
5/14/2019,"260026","RUSH SPRINGS PUBLIC SCHOOLS INDEPENDENT SCHOOL DISTRICT NO. 068",52601,"PROPOSITION  RUSH SPRINGS PUBLIC SCHOOLS",,4,4,2,"AGAINST THE PROPOSITION - NO",,0,3,10,13,,
5/14/2019,"260029","TUTTLE PUBLIC SCHOOLS INDEPENDENT SCHOOL DISTRICT NO. 097",52602,"PROPOSITION  TUTTLE PUBLIC SCHOOLS",,6,6,1,"FOR THE PROPOSITION - YES",,0,0,6,6,,
5/14/2019,"260029","TUTTLE PUBLIC SCHOOLS INDEPENDENT SCHOOL DISTRICT NO. 097",52602,"PROPOSITION  TUTTLE PUBLIC SCHOOLS",,6,6,2,"AGAINST THE PROPOSITION - NO",,0,0,0,0,,
5/14/2019,"260036","RUSH SPRINGS PUBLIC SCHOOLS INDEPENDENT SCHOOL DISTRICT NO. 068",52601,"PROPOSITION  RUSH SPRINGS PUBLIC SCHOOLS",,4,4,1,"FOR THE PROPOSITION - YES",,11,0,331,342,,
5/14/2019,"260036","RUSH SPRINGS PUBLIC SCHOOLS INDEPENDENT SCHOOL DISTRICT NO. 068",52601,"PROPOSITION  RUSH SPRINGS PUBLIC SCHOOLS",,4,4,2,"AGAINST THE PROPOSITION - NO",,16,10,306,332,,
5/14/2019,"260037","TUTTLE PUBLIC SCHOOLS INDEPENDENT SCHOOL DISTRICT NO. 097",52602,"PROPOSITION  TUTTLE PUBLIC SCHOOLS",,6,6,1,"FOR THE PROPOSITION - YES",,5,0,44,49,,
5/14/2019,"260037","TUTTLE PUBLIC SCHOOLS INDEPENDENT SCHOOL DISTRICT NO. 097",52602,"PROPOSITION  TUTTLE PUBLIC SCHOOLS",,6,6,2,"AGAINST THE PROPOSITION - NO",,10,0,6,16,,
5/14/2019,"260038","TUTTLE PUBLIC SCHOOLS INDEPENDENT SCHOOL DISTRICT NO. 097",52602,"PROPOSITION  TUTTLE PUBLIC SCHOOLS",,6,6,1,"FOR THE PROPOSITION - YES",,0,0,2,2,,
5/14/2019,"260038","TUTTLE PUBLIC SCHOOLS INDEPENDENT SCHOOL DISTRICT NO. 097",52602,"PROPOSITION  TUTTLE PUBLIC SCHOOLS",,6,6,2,"AGAINST THE PROPOSITION - NO",,0,0,0,0,,
5/14/2019,"260039","TUTTLE PUBLIC SCHOOLS INDEPENDENT SCHOOL DISTRICT NO. 097",52602,"PROPOSITION  TUTTLE PUBLIC SCHOOLS",,6,6,1,"FOR THE PROPOSITION - YES",,0,0,2,2,,
5/14/2019,"260039","TUTTLE PUBLIC SCHOOLS INDEPENDENT SCHOOL DISTRICT NO. 097",52602,"PROPOSITION  TUTTLE PUBLIC SCHOOLS",,6,6,2,"AGAINST THE PROPOSITION - NO",,1,0,2,3,,
5/14/2019,"260040","TUTTLE PUBLIC SCHOOLS INDEPENDENT SCHOOL DISTRICT NO. 097",52602,"PROPOSITION  TUTTLE PUBLIC SCHOOLS",,6,6,1,"FOR THE PROPOSITION - YES",,10,1,276,287,,
5/14/2019,"260040","TUTTLE PUBLIC SCHOOLS INDEPENDENT SCHOOL DISTRICT NO. 097",52602,"PROPOSITION  TUTTLE PUBLIC SCHOOLS",,6,6,2,"AGAINST THE PROPOSITION - NO",,13,0,41,54,,
5/14/2019,"260041","TUTTLE PUBLIC SCHOOLS INDEPENDENT SCHOOL DISTRICT NO. 097",52602,"PROPOSITION  TUTTLE PUBLIC SCHOOLS",,6,6,1,"FOR THE PROPOSITION - YES",,9,0,180,189,,
5/14/2019,"260041","TUTTLE PUBLIC SCHOOLS INDEPENDENT SCHOOL DISTRICT NO. 097",52602,"PROPOSITION  TUTTLE PUBLIC SCHOOLS",,6,6,2,"AGAINST THE PROPOSITION - NO",,24,0,21,45,,
5/14/2019,"300303","FREEDOM PUBLIC SCHOOLS INDEPENDENT SCHOOL DISTRICT NO. 006",57601,"PROPOSITION  FREEDOM PUBLIC SCHOOLS",,3,3,1,"FOR THE PROPOSITION - YES",,0,0,0,0,,
5/14/2019,"300303","FREEDOM PUBLIC SCHOOLS INDEPENDENT SCHOOL DISTRICT NO. 006",57601,"PROPOSITION  FREEDOM PUBLIC SCHOOLS",,3,3,2,"AGAINST THE PROPOSITION - NO",,0,0,0,0,,
5/14/2019,"350001","MILBURN PUBLIC SCHOOLS INDEPENDENT SCHOOL DISTRICT NO. 029",53501,"PROPOSITION  MILBURN PUBLIC SCHOOLS",,3,3,1,"FOR THE PROPOSITION - YES",,0,0,5,5,,
5/14/2019,"350001","MILBURN PUBLIC SCHOOLS INDEPENDENT SCHOOL DISTRICT NO. 029",53501,"PROPOSITION  MILBURN PUBLIC SCHOOLS",,3,3,2,"AGAINST THE PROPOSITION - NO",,0,0,0,0,,
5/14/2019,"350011","TOWN OF WAPANUCKA",43501,"PROPOSITION  TOWN OF WAPANUCKA",,1,1,1,"FOR THE PROPOSITION - YES",,0,0,48,48,,
5/14/2019,"350011","TOWN OF WAPANUCKA",43501,"PROPOSITION  TOWN OF WAPANUCKA",,1,1,2,"AGAINST THE PROPOSITION - NO",,0,0,29,29,,
5/14/2019,"350012","MILBURN PUBLIC SCHOOLS INDEPENDENT SCHOOL DISTRICT NO. 029",53501,"PROPOSITION  MILBURN PUBLIC SCHOOLS",,3,3,1,"FOR THE PROPOSITION - YES",,0,0,11,11,,
5/14/2019,"350012","MILBURN PUBLIC SCHOOLS INDEPENDENT SCHOOL DISTRICT NO. 029",53501,"PROPOSITION  MILBURN PUBLIC SCHOOLS",,3,3,2,"AGAINST THE PROPOSITION - NO",,0,0,2,2,,
5/14/2019,"350013","MILBURN PUBLIC SCHOOLS INDEPENDENT SCHOOL DISTRICT NO. 029",53501,"PROPOSITION  MILBURN PUBLIC SCHOOLS",,3,3,1,"FOR THE PROPOSITION - YES",,0,2,46,48,,
5/14/2019,"350013","MILBURN PUBLIC SCHOOLS INDEPENDENT SCHOOL DISTRICT NO. 029",53501,"PROPOSITION  MILBURN PUBLIC SCHOOLS",,3,3,2,"AGAINST THE PROPOSITION - NO",,0,0,13,13,,
5/14/2019,"410001","DAVENPORT PUBLIC SCHOOLS INDEPENDENT SCHOOL DISTRICT NO. 003",54101,"PROPOSITION NO. 1  DAVENPORT PUBLIC SCHOOLS",,5,5,1,"FOR THE PROPOSITION - YES",,0,0,0,0,,
5/14/2019,"410001","DAVENPORT PUBLIC SCHOOLS INDEPENDENT SCHOOL DISTRICT NO. 003",54101,"PROPOSITION NO. 1  DAVENPORT PUBLIC SCHOOLS",,5,5,2,"AGAINST THE PROPOSITION - NO",,0,0,0,0,,
5/14/2019,"410001","DAVENPORT PUBLIC SCHOOLS INDEPENDENT SCHOOL DISTRICT NO. 003",54102,"PROPOSITION NO. 2  DAVENPORT PUBLIC SCHOOLS",,5,5,1,"FOR THE PROPOSITION - YES",,0,0,0,0,,
5/14/2019,"410001","DAVENPORT PUBLIC SCHOOLS INDEPENDENT SCHOOL DISTRICT NO. 003",54102,"PROPOSITION NO. 2  DAVENPORT PUBLIC SCHOOLS",,5,5,2,"AGAINST THE PROPOSITION - NO",,0,0,0,0,,
5/14/2019,"410002","DAVENPORT PUBLIC SCHOOLS INDEPENDENT SCHOOL DISTRICT NO. 003",54101,"PROPOSITION NO. 1  DAVENPORT PUBLIC SCHOOLS",,5,5,1,"FOR THE PROPOSITION - YES",,0,0,2,2,,
5/14/2019,"410002","DAVENPORT PUBLIC SCHOOLS INDEPENDENT SCHOOL DISTRICT NO. 003",54101,"PROPOSITION NO. 1  DAVENPORT PUBLIC SCHOOLS",,5,5,2,"AGAINST THE PROPOSITION - NO",,0,0,0,0,,
5/14/2019,"410002","DAVENPORT PUBLIC SCHOOLS INDEPENDENT SCHOOL DISTRICT NO. 003",54102,"PROPOSITION NO. 2  DAVENPORT PUBLIC SCHOOLS",,5,5,1,"FOR THE PROPOSITION - YES",,0,0,2,2,,
5/14/2019,"410002","DAVENPORT PUBLIC SCHOOLS INDEPENDENT SCHOOL DISTRICT NO. 003",54102,"PROPOSITION NO. 2  DAVENPORT PUBLIC SCHOOLS",,5,5,2,"AGAINST THE PROPOSITION - NO",,0,0,0,0,,
5/14/2019,"410003","DAVENPORT PUBLIC SCHOOLS INDEPENDENT SCHOOL DISTRICT NO. 003",54101,"PROPOSITION NO. 1  DAVENPORT PUBLIC SCHOOLS",,5,5,1,"FOR THE PROPOSITION - YES",,3,5,92,100,,
5/14/2019,"410003","DAVENPORT PUBLIC SCHOOLS INDEPENDENT SCHOOL DISTRICT NO. 003",54101,"PROPOSITION NO. 1  DAVENPORT PUBLIC SCHOOLS",,5,5,2,"AGAINST THE PROPOSITION - NO",,1,0,13,14,,
5/14/2019,"410003","DAVENPORT PUBLIC SCHOOLS INDEPENDENT SCHOOL DISTRICT NO. 003",54102,"PROPOSITION NO. 2  DAVENPORT PUBLIC SCHOOLS",,5,5,1,"FOR THE PROPOSITION - YES",,3,4,87,94,,
5/14/2019,"410003","DAVENPORT PUBLIC SCHOOLS INDEPENDENT SCHOOL DISTRICT NO. 003",54102,"PROPOSITION NO. 2  DAVENPORT PUBLIC SCHOOLS",,5,5,2,"AGAINST THE PROPOSITION - NO",,1,0,20,21,,
5/14/2019,"410012","DAVENPORT PUBLIC SCHOOLS INDEPENDENT SCHOOL DISTRICT NO. 003",54101,"PROPOSITION NO. 1  DAVENPORT PUBLIC SCHOOLS",,5,5,1,"FOR THE PROPOSITION - YES",,0,0,1,1,,
5/14/2019,"410012","DAVENPORT PUBLIC SCHOOLS INDEPENDENT SCHOOL DISTRICT NO. 003",54101,"PROPOSITION NO. 1  DAVENPORT PUBLIC SCHOOLS",,5,5,2,"AGAINST THE PROPOSITION - NO",,0,0,0,0,,
5/14/2019,"410012","DAVENPORT PUBLIC SCHOOLS INDEPENDENT SCHOOL DISTRICT NO. 003",54102,"PROPOSITION NO. 2  DAVENPORT PUBLIC SCHOOLS",,5,5,1,"FOR THE PROPOSITION - YES",,0,0,1,1,,
5/14/2019,"410012","DAVENPORT PUBLIC SCHOOLS INDEPENDENT SCHOOL DISTRICT NO. 003",54102,"PROPOSITION NO. 2  DAVENPORT PUBLIC SCHOOLS",,5,5,2,"AGAINST THE PROPOSITION - NO",,0,0,0,0,,
5/14/2019,"410017","DAVENPORT PUBLIC SCHOOLS INDEPENDENT SCHOOL DISTRICT NO. 003",54101,"PROPOSITION NO. 1  DAVENPORT PUBLIC SCHOOLS",,5,5,1,"FOR THE PROPOSITION - YES",,0,0,7,7,,
5/14/2019,"410017","DAVENPORT PUBLIC SCHOOLS INDEPENDENT SCHOOL DISTRICT NO. 003",54101,"PROPOSITION NO. 1  DAVENPORT PUBLIC SCHOOLS",,5,5,2,"AGAINST THE PROPOSITION - NO",,0,0,0,0,,
5/14/2019,"410017","DAVENPORT PUBLIC SCHOOLS INDEPENDENT SCHOOL DISTRICT NO. 003",54102,"PROPOSITION NO. 2  DAVENPORT PUBLIC SCHOOLS",,5,5,1,"FOR THE PROPOSITION - YES",,0,0,7,7,,
5/14/2019,"410017","DAVENPORT PUBLIC SCHOOLS INDEPENDENT SCHOOL DISTRICT NO. 003",54102,"PROPOSITION NO. 2  DAVENPORT PUBLIC SCHOOLS",,5,5,2,"AGAINST THE PROPOSITION - NO",,0,0,0,0,,
5/14/2019,"420102","TOWN OF CEDAR VALLEY",44201,"PROPOSITION  TOWN OF CEDAR VALLEY",,1,1,1,"FOR THE PROPOSITION - YES",,3,2,60,65,,
5/14/2019,"420102","TOWN OF CEDAR VALLEY",44201,"PROPOSITION  TOWN OF CEDAR VALLEY",,1,1,2,"AGAINST THE PROPOSITION - NO",,0,0,2,2,,
5/14/2019,"490011","OSAGE PUBLIC SCHOOL ELEMENTARY SCHOOL DISTRICT NO. 043",54901,"PROPOSITION NO. 1  OSAGE PUBLIC SCHOOL",,3,3,1,"FOR THE PROPOSITION - YES",,0,2,0,2,,
5/14/2019,"490011","OSAGE PUBLIC SCHOOL ELEMENTARY SCHOOL DISTRICT NO. 043",54901,"PROPOSITION NO. 1  OSAGE PUBLIC SCHOOL",,3,3,2,"AGAINST THE PROPOSITION - NO",,0,0,0,0,,
5/14/2019,"490011","OSAGE PUBLIC SCHOOL ELEMENTARY SCHOOL DISTRICT NO. 043",54902,"PROPOSITION NO. 2  OSAGE PUBLIC SCHOOL",,3,3,1,"FOR THE PROPOSITION - YES",,0,2,0,2,,
5/14/2019,"490011","OSAGE PUBLIC SCHOOL ELEMENTARY SCHOOL DISTRICT NO. 043",54902,"PROPOSITION NO. 2  OSAGE PUBLIC SCHOOL",,3,3,2,"AGAINST THE PROPOSITION - NO",,0,0,0,0,,
5/14/2019,"490020","OSAGE PUBLIC SCHOOL ELEMENTARY SCHOOL DISTRICT NO. 043",54901,"PROPOSITION NO. 1  OSAGE PUBLIC SCHOOL",,3,3,1,"FOR THE PROPOSITION - YES",,2,0,36,38,,
5/14/2019,"490020","OSAGE PUBLIC SCHOOL ELEMENTARY SCHOOL DISTRICT NO. 043",54901,"PROPOSITION NO. 1  OSAGE PUBLIC SCHOOL",,3,3,2,"AGAINST THE PROPOSITION - NO",,2,1,16,19,,
5/14/2019,"490020","OSAGE PUBLIC SCHOOL ELEMENTARY SCHOOL DISTRICT NO. 043",54902,"PROPOSITION NO. 2  OSAGE PUBLIC SCHOOL",,3,3,1,"FOR THE PROPOSITION - YES",,0,0,37,37,,
5/14/2019,"490020","OSAGE PUBLIC SCHOOL ELEMENTARY SCHOOL DISTRICT NO. 043",54902,"PROPOSITION NO. 2  OSAGE PUBLIC SCHOOL",,3,3,2,"AGAINST THE PROPOSITION - NO",,4,1,15,20,,
5/14/2019,"490031","JAY PUBLIC SCHOOLS INDEPENDENT SCHOOL DISTRICT NO. 001",52101,"PROPOSITION NO. 1  JAY PUBLIC SCHOOLS",,12,12,1,"FOR THE PROPOSITION - YES",,0,0,4,4,,
5/14/2019,"490031","JAY PUBLIC SCHOOLS INDEPENDENT SCHOOL DISTRICT NO. 001",52101,"PROPOSITION NO. 1  JAY PUBLIC SCHOOLS",,12,12,2,"AGAINST THE PROPOSITION - NO",,0,0,7,7,,
5/14/2019,"490031","JAY PUBLIC SCHOOLS INDEPENDENT SCHOOL DISTRICT NO. 001",52102,"PROPOSITION NO. 2  JAY PUBLIC SCHOOLS",,12,12,1,"FOR THE PROPOSITION - YES",,0,0,4,4,,
5/14/2019,"490031","JAY PUBLIC SCHOOLS INDEPENDENT SCHOOL DISTRICT NO. 001",52102,"PROPOSITION NO. 2  JAY PUBLIC SCHOOLS",,12,12,2,"AGAINST THE PROPOSITION - NO",,0,0,7,7,,
5/14/2019,"490034","JAY PUBLIC SCHOOLS INDEPENDENT SCHOOL DISTRICT NO. 001",52101,"PROPOSITION NO. 1  JAY PUBLIC SCHOOLS",,12,12,1,"FOR THE PROPOSITION - YES",,0,0,11,11,,
5/14/2019,"490034","JAY PUBLIC SCHOOLS INDEPENDENT SCHOOL DISTRICT NO. 001",52101,"PROPOSITION NO. 1  JAY PUBLIC SCHOOLS",,12,12,2,"AGAINST THE PROPOSITION - NO",,0,1,36,37,,
5/14/2019,"490034","JAY PUBLIC SCHOOLS INDEPENDENT SCHOOL DISTRICT NO. 001",52102,"PROPOSITION NO. 2  JAY PUBLIC SCHOOLS",,12,12,1,"FOR THE PROPOSITION - YES",,0,0,11,11,,
5/14/2019,"490034","JAY PUBLIC SCHOOLS INDEPENDENT SCHOOL DISTRICT NO. 001",52102,"PROPOSITION NO. 2  JAY PUBLIC SCHOOLS",,12,12,2,"AGAINST THE PROPOSITION - NO",,0,2,36,38,,
5/14/2019,"490241","OSAGE PUBLIC SCHOOL ELEMENTARY SCHOOL DISTRICT NO. 043",54901,"PROPOSITION NO. 1  OSAGE PUBLIC SCHOOL",,3,3,1,"FOR THE PROPOSITION - YES",,0,0,1,1,,
5/14/2019,"490241","OSAGE PUBLIC SCHOOL ELEMENTARY SCHOOL DISTRICT NO. 043",54901,"PROPOSITION NO. 1  OSAGE PUBLIC SCHOOL",,3,3,2,"AGAINST THE PROPOSITION - NO",,0,0,0,0,,
5/14/2019,"490241","OSAGE PUBLIC SCHOOL ELEMENTARY SCHOOL DISTRICT NO. 043",54902,"PROPOSITION NO. 2  OSAGE PUBLIC SCHOOL",,3,3,1,"FOR THE PROPOSITION - YES",,0,0,1,1,,
5/14/2019,"490241","OSAGE PUBLIC SCHOOL ELEMENTARY SCHOOL DISTRICT NO. 043",54902,"PROPOSITION NO. 2  OSAGE PUBLIC SCHOOL",,3,3,2,"AGAINST THE PROPOSITION - NO",,0,0,0,0,,
5/14/2019,"510005","CITY OF MUSKOGEE",45101,"PROPOSITION NO. 1  CITY OF MUSKOGEE",,15,15,1,"FOR THE PROPOSITION - YES",,2,8,101,111,,
5/14/2019,"510005","CITY OF MUSKOGEE",45101,"PROPOSITION NO. 1  CITY OF MUSKOGEE",,15,15,2,"AGAINST THE PROPOSITION - NO",,0,0,22,22,,
5/14/2019,"510005","CITY OF MUSKOGEE",45102,"PROPOSITION NO. 2  CITY OF MUSKOGEE",,15,15,1,"FOR THE PROPOSITION - YES",,1,7,97,105,,
5/14/2019,"510005","CITY OF MUSKOGEE",45102,"PROPOSITION NO. 2  CITY OF MUSKOGEE",,15,15,2,"AGAINST THE PROPOSITION - NO",,1,0,26,27,,
5/14/2019,"510007","CITY OF MUSKOGEE",45101,"PROPOSITION NO. 1  CITY OF MUSKOGEE",,15,15,1,"FOR THE PROPOSITION - YES",,3,13,197,213,,
5/14/2019,"510007","CITY OF MUSKOGEE",45101,"PROPOSITION NO. 1  CITY OF MUSKOGEE",,15,15,2,"AGAINST THE PROPOSITION - NO",,2,5,43,50,,
5/14/2019,"510007","CITY OF MUSKOGEE",45102,"PROPOSITION NO. 2  CITY OF MUSKOGEE",,15,15,1,"FOR THE PROPOSITION - YES",,3,12,185,200,,
5/14/2019,"510007","CITY OF MUSKOGEE",45102,"PROPOSITION NO. 2  CITY OF MUSKOGEE",,15,15,2,"AGAINST THE PROPOSITION - NO",,2,6,56,64,,
5/14/2019,"510009","CITY OF MUSKOGEE",45101,"PROPOSITION NO. 1  CITY OF MUSKOGEE",,15,15,1,"FOR THE PROPOSITION - YES",,2,18,169,189,,
5/14/2019,"510009","CITY OF MUSKOGEE",45101,"PROPOSITION NO. 1  CITY OF MUSKOGEE",,15,15,2,"AGAINST THE PROPOSITION - NO",,1,6,16,23,,
5/14/2019,"510009","CITY OF MUSKOGEE",45102,"PROPOSITION NO. 2  CITY OF MUSKOGEE",,15,15,1,"FOR THE PROPOSITION - YES",,2,18,157,177,,
5/14/2019,"510009","CITY OF MUSKOGEE",45102,"PROPOSITION NO. 2  CITY OF MUSKOGEE",,15,15,2,"AGAINST THE PROPOSITION - NO",,1,6,28,35,,
5/14/2019,"510011","CITY OF MUSKOGEE",45101,"PROPOSITION NO. 1  CITY OF MUSKOGEE",,15,15,1,"FOR THE PROPOSITION - YES",,0,4,27,31,,
5/14/2019,"510011","CITY OF MUSKOGEE",45101,"PROPOSITION NO. 1  CITY OF MUSKOGEE",,15,15,2,"AGAINST THE PROPOSITION - NO",,0,0,20,20,,
5/14/2019,"510011","CITY OF MUSKOGEE",45102,"PROPOSITION NO. 2  CITY OF MUSKOGEE",,15,15,1,"FOR THE PROPOSITION - YES",,0,4,24,28,,
5/14/2019,"510011","CITY OF MUSKOGEE",45102,"PROPOSITION NO. 2  CITY OF MUSKOGEE",,15,15,2,"AGAINST THE PROPOSITION - NO",,0,0,24,24,,
5/14/2019,"510013","CITY OF MUSKOGEE",45101,"PROPOSITION NO. 1  CITY OF MUSKOGEE",,15,15,1,"FOR THE PROPOSITION - YES",,0,9,72,81,,
5/14/2019,"510013","CITY OF MUSKOGEE",45101,"PROPOSITION NO. 1  CITY OF MUSKOGEE",,15,15,2,"AGAINST THE PROPOSITION - NO",,1,3,23,27,,
5/14/2019,"510013","CITY OF MUSKOGEE",45102,"PROPOSITION NO. 2  CITY OF MUSKOGEE",,15,15,1,"FOR THE PROPOSITION - YES",,0,7,65,72,,
5/14/2019,"510013","CITY OF MUSKOGEE",45102,"PROPOSITION NO. 2  CITY OF MUSKOGEE",,15,15,2,"AGAINST THE PROPOSITION - NO",,1,5,32,38,,
5/14/2019,"510017","CITY OF MUSKOGEE",45101,"PROPOSITION NO. 1  CITY OF MUSKOGEE",,15,15,1,"FOR THE PROPOSITION - YES",,1,3,48,52,,
5/14/2019,"510017","CITY OF MUSKOGEE",45101,"PROPOSITION NO. 1  CITY OF MUSKOGEE",,15,15,2,"AGAINST THE PROPOSITION - NO",,0,0,6,6,,
5/14/2019,"510017","CITY OF MUSKOGEE",45102,"PROPOSITION NO. 2  CITY OF MUSKOGEE",,15,15,1,"FOR THE PROPOSITION - YES",,1,3,49,53,,
5/14/2019,"510017","CITY OF MUSKOGEE",45102,"PROPOSITION NO. 2  CITY OF MUSKOGEE",,15,15,2,"AGAINST THE PROPOSITION - NO",,0,0,8,8,,
5/14/2019,"510021","CITY OF MUSKOGEE",45101,"PROPOSITION NO. 1  CITY OF MUSKOGEE",,15,15,1,"FOR THE PROPOSITION - YES",,1,6,82,89,,
5/14/2019,"510021","CITY OF MUSKOGEE",45101,"PROPOSITION NO. 1  CITY OF MUSKOGEE",,15,15,2,"AGAINST THE PROPOSITION - NO",,0,0,34,34,,
5/14/2019,"510021","CITY OF MUSKOGEE",45102,"PROPOSITION NO. 2  CITY OF MUSKOGEE",,15,15,1,"FOR THE PROPOSITION - YES",,1,5,78,84,,
5/14/2019,"510021","CITY OF MUSKOGEE",45102,"PROPOSITION NO. 2  CITY OF MUSKOGEE",,15,15,2,"AGAINST THE PROPOSITION - NO",,0,1,37,38,,
5/14/2019,"510022","CITY OF MUSKOGEE",45101,"PROPOSITION NO. 1  CITY OF MUSKOGEE",,15,15,1,"FOR THE PROPOSITION - YES",,4,15,125,144,,
5/14/2019,"510022","CITY OF MUSKOGEE",45101,"PROPOSITION NO. 1  CITY OF MUSKOGEE",,15,15,2,"AGAINST THE PROPOSITION - NO",,2,3,31,36,,
5/14/2019,"510022","CITY OF MUSKOGEE",45102,"PROPOSITION NO. 2  CITY OF MUSKOGEE",,15,15,1,"FOR THE PROPOSITION - YES",,5,13,121,139,,
5/14/2019,"510022","CITY OF MUSKOGEE",45102,"PROPOSITION NO. 2  CITY OF MUSKOGEE",,15,15,2,"AGAINST THE PROPOSITION - NO",,1,5,37,43,,
5/14/2019,"510023","CITY OF MUSKOGEE",45101,"PROPOSITION NO. 1  CITY OF MUSKOGEE",,15,15,1,"FOR THE PROPOSITION - YES",,3,11,81,95,,
5/14/2019,"510023","CITY OF MUSKOGEE",45101,"PROPOSITION NO. 1  CITY OF MUSKOGEE",,15,15,2,"AGAINST THE PROPOSITION - NO",,0,0,28,28,,
5/14/2019,"510023","CITY OF MUSKOGEE",45102,"PROPOSITION NO. 2  CITY OF MUSKOGEE",,15,15,1,"FOR THE PROPOSITION - YES",,3,11,79,93,,
5/14/2019,"510023","CITY OF MUSKOGEE",45102,"PROPOSITION NO. 2  CITY OF MUSKOGEE",,15,15,2,"AGAINST THE PROPOSITION - NO",,0,0,28,28,,
5/14/2019,"510028","CITY OF MUSKOGEE",45101,"PROPOSITION NO. 1  CITY OF MUSKOGEE",,15,15,1,"FOR THE PROPOSITION - YES",,0,3,14,17,,
5/14/2019,"510028","CITY OF MUSKOGEE",45101,"PROPOSITION NO. 1  CITY OF MUSKOGEE",,15,15,2,"AGAINST THE PROPOSITION - NO",,0,0,9,9,,
5/14/2019,"510028","CITY OF MUSKOGEE",45102,"PROPOSITION NO. 2  CITY OF MUSKOGEE",,15,15,1,"FOR THE PROPOSITION - YES",,0,3,15,18,,
5/14/2019,"510028","CITY OF MUSKOGEE",45102,"PROPOSITION NO. 2  CITY OF MUSKOGEE",,15,15,2,"AGAINST THE PROPOSITION - NO",,0,0,9,9,,
5/14/2019,"510037","CITY OF MUSKOGEE",45101,"PROPOSITION NO. 1  CITY OF MUSKOGEE",,15,15,1,"FOR THE PROPOSITION - YES",,0,0,6,6,,
5/14/2019,"510037","CITY OF MUSKOGEE",45101,"PROPOSITION NO. 1  CITY OF MUSKOGEE",,15,15,2,"AGAINST THE PROPOSITION - NO",,0,0,6,6,,
5/14/2019,"510037","CITY OF MUSKOGEE",45102,"PROPOSITION NO. 2  CITY OF MUSKOGEE",,15,15,1,"FOR THE PROPOSITION - YES",,0,0,4,4,,
5/14/2019,"510037","CITY OF MUSKOGEE",45102,"PROPOSITION NO. 2  CITY OF MUSKOGEE",,15,15,2,"AGAINST THE PROPOSITION - NO",,0,0,8,8,,
5/14/2019,"510038","CITY OF MUSKOGEE",45101,"PROPOSITION NO. 1  CITY OF MUSKOGEE",,15,15,1,"FOR THE PROPOSITION - YES",,3,34,213,250,,
5/14/2019,"510038","CITY OF MUSKOGEE",45101,"PROPOSITION NO. 1  CITY OF MUSKOGEE",,15,15,2,"AGAINST THE PROPOSITION - NO",,0,1,22,23,,
5/14/2019,"510038","CITY OF MUSKOGEE",45102,"PROPOSITION NO. 2  CITY OF MUSKOGEE",,15,15,1,"FOR THE PROPOSITION - YES",,3,32,202,237,,
5/14/2019,"510038","CITY OF MUSKOGEE",45102,"PROPOSITION NO. 2  CITY OF MUSKOGEE",,15,15,2,"AGAINST THE PROPOSITION - NO",,0,3,32,35,,
5/14/2019,"510046","CITY OF MUSKOGEE",45101,"PROPOSITION NO. 1  CITY OF MUSKOGEE",,15,15,1,"FOR THE PROPOSITION - YES",,1,6,84,91,,
5/14/2019,"510046","CITY OF MUSKOGEE",45101,"PROPOSITION NO. 1  CITY OF MUSKOGEE",,15,15,2,"AGAINST THE PROPOSITION - NO",,1,1,37,39,,
5/14/2019,"510046","CITY OF MUSKOGEE",45102,"PROPOSITION NO. 2  CITY OF MUSKOGEE",,15,15,1,"FOR THE PROPOSITION - YES",,1,6,80,87,,
5/14/2019,"510046","CITY OF MUSKOGEE",45102,"PROPOSITION NO. 2  CITY OF MUSKOGEE",,15,15,2,"AGAINST THE PROPOSITION - NO",,1,1,41,43,,
5/14/2019,"510047","CITY OF MUSKOGEE",45101,"PROPOSITION NO. 1  CITY OF MUSKOGEE",,15,15,1,"FOR THE PROPOSITION - YES",,0,3,60,63,,
5/14/2019,"510047","CITY OF MUSKOGEE",45101,"PROPOSITION NO. 1  CITY OF MUSKOGEE",,15,15,2,"AGAINST THE PROPOSITION - NO",,0,1,6,7,,
5/14/2019,"510047","CITY OF MUSKOGEE",45102,"PROPOSITION NO. 2  CITY OF MUSKOGEE",,15,15,1,"FOR THE PROPOSITION - YES",,0,4,56,60,,
5/14/2019,"510047","CITY OF MUSKOGEE",45102,"PROPOSITION NO. 2  CITY OF MUSKOGEE",,15,15,2,"AGAINST THE PROPOSITION - NO",,0,0,10,10,,
5/14/2019,"510055","CITY OF MUSKOGEE",45101,"PROPOSITION NO. 1  CITY OF MUSKOGEE",,15,15,1,"FOR THE PROPOSITION - YES",,0,1,63,64,,
5/14/2019,"510055","CITY OF MUSKOGEE",45101,"PROPOSITION NO. 1  CITY OF MUSKOGEE",,15,15,2,"AGAINST THE PROPOSITION - NO",,0,3,9,12,,
5/14/2019,"510055","CITY OF MUSKOGEE",45102,"PROPOSITION NO. 2  CITY OF MUSKOGEE",,15,15,1,"FOR THE PROPOSITION - YES",,0,2,57,59,,
5/14/2019,"510055","CITY OF MUSKOGEE",45102,"PROPOSITION NO. 2  CITY OF MUSKOGEE",,15,15,2,"AGAINST THE PROPOSITION - NO",,0,2,14,16,,
5/14/2019,"580002","MIAMI PUBLIC SCHOOLS INDEPENDENT SCHOOL DISTRICT NO. 023",55802,"PROPOSITION NO. 1  MIAMI PUBLIC SCHOOLS",,11,11,1,"FOR THE PROPOSITION - YES",,2,1,47,50,,
5/14/2019,"580002","MIAMI PUBLIC SCHOOLS INDEPENDENT SCHOOL DISTRICT NO. 023",55802,"PROPOSITION NO. 1  MIAMI PUBLIC SCHOOLS",,11,11,2,"AGAINST THE PROPOSITION - NO",,0,2,25,27,,
5/14/2019,"580002","MIAMI PUBLIC SCHOOLS INDEPENDENT SCHOOL DISTRICT NO. 023",55803,"PROPOSITION NO. 2  MIAMI PUBLIC SCHOOLS",,11,11,1,"FOR THE PROPOSITION - YES",,2,1,40,43,,
5/14/2019,"580002","MIAMI PUBLIC SCHOOLS INDEPENDENT SCHOOL DISTRICT NO. 023",55803,"PROPOSITION NO. 2  MIAMI PUBLIC SCHOOLS",,11,11,2,"AGAINST THE PROPOSITION - NO",,0,2,32,34,,
5/14/2019,"580003","MIAMI PUBLIC SCHOOLS INDEPENDENT SCHOOL DISTRICT NO. 023",55802,"PROPOSITION NO. 1  MIAMI PUBLIC SCHOOLS",,11,11,1,"FOR THE PROPOSITION - YES",,3,14,156,173,,
5/14/2019,"580003","MIAMI PUBLIC SCHOOLS INDEPENDENT SCHOOL DISTRICT NO. 023",55802,"PROPOSITION NO. 1  MIAMI PUBLIC SCHOOLS",,11,11,2,"AGAINST THE PROPOSITION - NO",,3,1,51,55,,
5/14/2019,"580003","MIAMI PUBLIC SCHOOLS INDEPENDENT SCHOOL DISTRICT NO. 023",55803,"PROPOSITION NO. 2  MIAMI PUBLIC SCHOOLS",,11,11,1,"FOR THE PROPOSITION - YES",,2,13,157,172,,
5/14/2019,"580003","MIAMI PUBLIC SCHOOLS INDEPENDENT SCHOOL DISTRICT NO. 023",55803,"PROPOSITION NO. 2  MIAMI PUBLIC SCHOOLS",,11,11,2,"AGAINST THE PROPOSITION - NO",,3,2,51,56,,
5/14/2019,"580004","MIAMI PUBLIC SCHOOLS INDEPENDENT SCHOOL DISTRICT NO. 023",55802,"PROPOSITION NO. 1  MIAMI PUBLIC SCHOOLS",,11,11,1,"FOR THE PROPOSITION - YES",,4,6,97,107,,
5/14/2019,"580004","MIAMI PUBLIC SCHOOLS INDEPENDENT SCHOOL DISTRICT NO. 023",55802,"PROPOSITION NO. 1  MIAMI PUBLIC SCHOOLS",,11,11,2,"AGAINST THE PROPOSITION - NO",,0,1,22,23,,
5/14/2019,"580004","MIAMI PUBLIC SCHOOLS INDEPENDENT SCHOOL DISTRICT NO. 023",55803,"PROPOSITION NO. 2  MIAMI PUBLIC SCHOOLS",,11,11,1,"FOR THE PROPOSITION - YES",,4,6,90,100,,
5/14/2019,"580004","MIAMI PUBLIC SCHOOLS INDEPENDENT SCHOOL DISTRICT NO. 023",55803,"PROPOSITION NO. 2  MIAMI PUBLIC SCHOOLS",,11,11,2,"AGAINST THE PROPOSITION - NO",,0,1,28,29,,
5/14/2019,"580005","MIAMI PUBLIC SCHOOLS INDEPENDENT SCHOOL DISTRICT NO. 023",55802,"PROPOSITION NO. 1  MIAMI PUBLIC SCHOOLS",,11,11,1,"FOR THE PROPOSITION - YES",,1,5,33,39,,
5/14/2019,"580005","MIAMI PUBLIC SCHOOLS INDEPENDENT SCHOOL DISTRICT NO. 023",55802,"PROPOSITION NO. 1  MIAMI PUBLIC SCHOOLS",,11,11,2,"AGAINST THE PROPOSITION - NO",,1,0,38,39,,
5/14/2019,"580005","MIAMI PUBLIC SCHOOLS INDEPENDENT SCHOOL DISTRICT NO. 023",55803,"PROPOSITION NO. 2  MIAMI PUBLIC SCHOOLS",,11,11,1,"FOR THE PROPOSITION - YES",,1,5,31,37,,
5/14/2019,"580005","MIAMI PUBLIC SCHOOLS INDEPENDENT SCHOOL DISTRICT NO. 023",55803,"PROPOSITION NO. 2  MIAMI PUBLIC SCHOOLS",,11,11,2,"AGAINST THE PROPOSITION - NO",,1,0,40,41,,
5/14/2019,"580007","MIAMI PUBLIC SCHOOLS INDEPENDENT SCHOOL DISTRICT NO. 023",55802,"PROPOSITION NO. 1  MIAMI PUBLIC SCHOOLS",,11,11,1,"FOR THE PROPOSITION - YES",,1,9,164,174,,
5/14/2019,"580007","MIAMI PUBLIC SCHOOLS INDEPENDENT SCHOOL DISTRICT NO. 023",55802,"PROPOSITION NO. 1  MIAMI PUBLIC SCHOOLS",,11,11,2,"AGAINST THE PROPOSITION - NO",,2,9,88,99,,
5/14/2019,"580007","MIAMI PUBLIC SCHOOLS INDEPENDENT SCHOOL DISTRICT NO. 023",55803,"PROPOSITION NO. 2  MIAMI PUBLIC SCHOOLS",,11,11,1,"FOR THE PROPOSITION - YES",,1,10,167,178,,
5/14/2019,"580007","MIAMI PUBLIC SCHOOLS INDEPENDENT SCHOOL DISTRICT NO. 023",55803,"PROPOSITION NO. 2  MIAMI PUBLIC SCHOOLS",,11,11,2,"AGAINST THE PROPOSITION - NO",,2,9,90,101,,
5/14/2019,"580008","MIAMI PUBLIC SCHOOLS INDEPENDENT SCHOOL DISTRICT NO. 023",55802,"PROPOSITION NO. 1  MIAMI PUBLIC SCHOOLS",,11,11,1,"FOR THE PROPOSITION - YES",,0,0,19,19,,
5/14/2019,"580008","MIAMI PUBLIC SCHOOLS INDEPENDENT SCHOOL DISTRICT NO. 023",55802,"PROPOSITION NO. 1  MIAMI PUBLIC SCHOOLS",,11,11,2,"AGAINST THE PROPOSITION - NO",,1,3,15,19,,
5/14/2019,"580008","MIAMI PUBLIC SCHOOLS INDEPENDENT SCHOOL DISTRICT NO. 023",55803,"PROPOSITION NO. 2  MIAMI PUBLIC SCHOOLS",,11,11,1,"FOR THE PROPOSITION - YES",,0,0,22,22,,
5/14/2019,"580008","MIAMI PUBLIC SCHOOLS INDEPENDENT SCHOOL DISTRICT NO. 023",55803,"PROPOSITION NO. 2  MIAMI PUBLIC SCHOOLS",,11,11,2,"AGAINST THE PROPOSITION - NO",,1,3,15,19,,
5/14/2019,"580009","MIAMI PUBLIC SCHOOLS INDEPENDENT SCHOOL DISTRICT NO. 023",55802,"PROPOSITION NO. 1  MIAMI PUBLIC SCHOOLS",,11,11,1,"FOR THE PROPOSITION - YES",,2,5,33,40,,
5/14/2019,"580009","MIAMI PUBLIC SCHOOLS INDEPENDENT SCHOOL DISTRICT NO. 023",55802,"PROPOSITION NO. 1  MIAMI PUBLIC SCHOOLS",,11,11,2,"AGAINST THE PROPOSITION - NO",,4,1,38,43,,
5/14/2019,"580009","MIAMI PUBLIC SCHOOLS INDEPENDENT SCHOOL DISTRICT NO. 023",55803,"PROPOSITION NO. 2  MIAMI PUBLIC SCHOOLS",,11,11,1,"FOR THE PROPOSITION - YES",,5,4,38,47,,
5/14/2019,"580009","MIAMI PUBLIC SCHOOLS INDEPENDENT SCHOOL DISTRICT NO. 023",55803,"PROPOSITION NO. 2  MIAMI PUBLIC SCHOOLS",,11,11,2,"AGAINST THE PROPOSITION - NO",,1,1,37,39,,
5/14/2019,"580011","MIAMI PUBLIC SCHOOLS INDEPENDENT SCHOOL DISTRICT NO. 023",55802,"PROPOSITION NO. 1  MIAMI PUBLIC SCHOOLS",,11,11,1,"FOR THE PROPOSITION - YES",,5,1,57,63,,
5/14/2019,"580011","MIAMI PUBLIC SCHOOLS INDEPENDENT SCHOOL DISTRICT NO. 023",55802,"PROPOSITION NO. 1  MIAMI PUBLIC SCHOOLS",,11,11,2,"AGAINST THE PROPOSITION - NO",,4,2,33,39,,
5/14/2019,"580011","MIAMI PUBLIC SCHOOLS INDEPENDENT SCHOOL DISTRICT NO. 023",55803,"PROPOSITION NO. 2  MIAMI PUBLIC SCHOOLS",,11,11,1,"FOR THE PROPOSITION - YES",,6,2,53,61,,
5/14/2019,"580011","MIAMI PUBLIC SCHOOLS INDEPENDENT SCHOOL DISTRICT NO. 023",55803,"PROPOSITION NO. 2  MIAMI PUBLIC SCHOOLS",,11,11,2,"AGAINST THE PROPOSITION - NO",,3,2,36,41,,
5/14/2019,"580012","MIAMI PUBLIC SCHOOLS INDEPENDENT SCHOOL DISTRICT NO. 023",55802,"PROPOSITION NO. 1  MIAMI PUBLIC SCHOOLS",,11,11,1,"FOR THE PROPOSITION - YES",,1,0,41,42,,
5/14/2019,"580012","MIAMI PUBLIC SCHOOLS INDEPENDENT SCHOOL DISTRICT NO. 023",55802,"PROPOSITION NO. 1  MIAMI PUBLIC SCHOOLS",,11,11,2,"AGAINST THE PROPOSITION - NO",,4,3,33,40,,
5/14/2019,"580012","MIAMI PUBLIC SCHOOLS INDEPENDENT SCHOOL DISTRICT NO. 023",55803,"PROPOSITION NO. 2  MIAMI PUBLIC SCHOOLS",,11,11,1,"FOR THE PROPOSITION - YES",,1,0,41,42,,
5/14/2019,"580012","MIAMI PUBLIC SCHOOLS INDEPENDENT SCHOOL DISTRICT NO. 023",55803,"PROPOSITION NO. 2  MIAMI PUBLIC SCHOOLS",,11,11,2,"AGAINST THE PROPOSITION - NO",,4,3,33,40,,
5/14/2019,"580023","MIAMI PUBLIC SCHOOLS INDEPENDENT SCHOOL DISTRICT NO. 023",55802,"PROPOSITION NO. 1  MIAMI PUBLIC SCHOOLS",,11,11,1,"FOR THE PROPOSITION - YES",,0,4,5,9,,
5/14/2019,"580023","MIAMI PUBLIC SCHOOLS INDEPENDENT SCHOOL DISTRICT NO. 023",55802,"PROPOSITION NO. 1  MIAMI PUBLIC SCHOOLS",,11,11,2,"AGAINST THE PROPOSITION - NO",,0,0,2,2,,
5/14/2019,"580023","MIAMI PUBLIC SCHOOLS INDEPENDENT SCHOOL DISTRICT NO. 023",55803,"PROPOSITION NO. 2  MIAMI PUBLIC SCHOOLS",,11,11,1,"FOR THE PROPOSITION - YES",,0,2,5,7,,
5/14/2019,"580023","MIAMI PUBLIC SCHOOLS INDEPENDENT SCHOOL DISTRICT NO. 023",55803,"PROPOSITION NO. 2  MIAMI PUBLIC SCHOOLS",,11,11,2,"AGAINST THE PROPOSITION - NO",,0,2,2,4,,
5/14/2019,"580028","FAIRLAND PUBLIC SCHOOLS INDEPENDENT SCHOOL DISTRICT NO. 031",55801,"PROPOSITION  FAIRLAND PUBLIC SCHOOLS",,1,1,1,"FOR THE PROPOSITION - YES",,2,6,190,198,,
5/14/2019,"580028","FAIRLAND PUBLIC SCHOOLS INDEPENDENT SCHOOL DISTRICT NO. 031",55801,"PROPOSITION  FAIRLAND PUBLIC SCHOOLS",,1,1,2,"AGAINST THE PROPOSITION - NO",,3,3,194,200,,
5/14/2019,"580031","MIAMI PUBLIC SCHOOLS INDEPENDENT SCHOOL DISTRICT NO. 023",55802,"PROPOSITION NO. 1  MIAMI PUBLIC SCHOOLS",,11,11,1,"FOR THE PROPOSITION - YES",,0,9,55,64,,
5/14/2019,"580031","MIAMI PUBLIC SCHOOLS INDEPENDENT SCHOOL DISTRICT NO. 023",55802,"PROPOSITION NO. 1  MIAMI PUBLIC SCHOOLS",,11,11,2,"AGAINST THE PROPOSITION - NO",,0,2,25,27,,
5/14/2019,"580031","MIAMI PUBLIC SCHOOLS INDEPENDENT SCHOOL DISTRICT NO. 023",55803,"PROPOSITION NO. 2  MIAMI PUBLIC SCHOOLS",,11,11,1,"FOR THE PROPOSITION - YES",,0,9,55,64,,
5/14/2019,"580031","MIAMI PUBLIC SCHOOLS INDEPENDENT SCHOOL DISTRICT NO. 023",55803,"PROPOSITION NO. 2  MIAMI PUBLIC SCHOOLS",,11,11,2,"AGAINST THE PROPOSITION - NO",,0,2,25,27,,
5/14/2019,"600104","DRUMRIGHT PUBLIC SCHOOLS INDEPENDENT SCHOOL DISTRICT NO. 039",51901,"PROPOSITION NO. 1  DRUMRIGHT PUBLIC SCHOOLS",,6,6,1,"FOR THE PROPOSITION - YES",,0,0,0,0,,
5/14/2019,"600104","DRUMRIGHT PUBLIC SCHOOLS INDEPENDENT SCHOOL DISTRICT NO. 039",51901,"PROPOSITION NO. 1  DRUMRIGHT PUBLIC SCHOOLS",,6,6,2,"AGAINST THE PROPOSITION - NO",,0,0,0,0,,
5/14/2019,"600104","DRUMRIGHT PUBLIC SCHOOLS INDEPENDENT SCHOOL DISTRICT NO. 039",51902,"PROPOSITION NO. 2  DRUMRIGHT PUBLIC SCHOOLS",,6,6,1,"FOR THE PROPOSITION - YES",,0,0,0,0,,
5/14/2019,"600104","DRUMRIGHT PUBLIC SCHOOLS INDEPENDENT SCHOOL DISTRICT NO. 039",51902,"PROPOSITION NO. 2  DRUMRIGHT PUBLIC SCHOOLS",,6,6,2,"AGAINST THE PROPOSITION - NO",,0,0,0,0,,
5/14/2019,"620025","BYNG PUBLIC SCHOOLS INDEPENDENT SCHOOL DISTRICT NO. 016",56201,"PROPOSITION NO. 1  BYNG PUBLIC SCHOOLS",,8,8,1,"FOR THE PROPOSITION - YES",,1,1,65,67,,
5/14/2019,"620025","BYNG PUBLIC SCHOOLS INDEPENDENT SCHOOL DISTRICT NO. 016",56201,"PROPOSITION NO. 1  BYNG PUBLIC SCHOOLS",,8,8,2,"AGAINST THE PROPOSITION - NO",,0,1,6,7,,
5/14/2019,"620025","BYNG PUBLIC SCHOOLS INDEPENDENT SCHOOL DISTRICT NO. 016",56202,"PROPOSITION NO. 2  BYNG PUBLIC SCHOOLS",,8,8,1,"FOR THE PROPOSITION - YES",,1,1,65,67,,
5/14/2019,"620025","BYNG PUBLIC SCHOOLS INDEPENDENT SCHOOL DISTRICT NO. 016",56202,"PROPOSITION NO. 2  BYNG PUBLIC SCHOOLS",,8,8,2,"AGAINST THE PROPOSITION - NO",,0,1,8,9,,
5/14/2019,"620031","BYNG PUBLIC SCHOOLS INDEPENDENT SCHOOL DISTRICT NO. 016",56201,"PROPOSITION NO. 1  BYNG PUBLIC SCHOOLS",,8,8,1,"FOR THE PROPOSITION - YES",,1,0,2,3,,
5/14/2019,"620031","BYNG PUBLIC SCHOOLS INDEPENDENT SCHOOL DISTRICT NO. 016",56201,"PROPOSITION NO. 1  BYNG PUBLIC SCHOOLS",,8,8,2,"AGAINST THE PROPOSITION - NO",,0,0,0,0,,
5/14/2019,"620031","BYNG PUBLIC SCHOOLS INDEPENDENT SCHOOL DISTRICT NO. 016",56202,"PROPOSITION NO. 2  BYNG PUBLIC SCHOOLS",,8,8,1,"FOR THE PROPOSITION - YES",,1,0,2,3,,
5/14/2019,"620031","BYNG PUBLIC SCHOOLS INDEPENDENT SCHOOL DISTRICT NO. 016",56202,"PROPOSITION NO. 2  BYNG PUBLIC SCHOOLS",,8,8,2,"AGAINST THE PROPOSITION - NO",,0,0,0,0,,
5/14/2019,"620052","BYNG PUBLIC SCHOOLS INDEPENDENT SCHOOL DISTRICT NO. 016",56201,"PROPOSITION NO. 1  BYNG PUBLIC SCHOOLS",,8,8,1,"FOR THE PROPOSITION - YES",,2,0,21,23,,
5/14/2019,"620052","BYNG PUBLIC SCHOOLS INDEPENDENT SCHOOL DISTRICT NO. 016",56201,"PROPOSITION NO. 1  BYNG PUBLIC SCHOOLS",,8,8,2,"AGAINST THE PROPOSITION - NO",,0,0,0,0,,
5/14/2019,"620052","BYNG PUBLIC SCHOOLS INDEPENDENT SCHOOL DISTRICT NO. 016",56202,"PROPOSITION NO. 2  BYNG PUBLIC SCHOOLS",,8,8,1,"FOR THE PROPOSITION - YES",,2,0,21,23,,
5/14/2019,"620052","BYNG PUBLIC SCHOOLS INDEPENDENT SCHOOL DISTRICT NO. 016",56202,"PROPOSITION NO. 2  BYNG PUBLIC SCHOOLS",,8,8,2,"AGAINST THE PROPOSITION - NO",,0,0,0,0,,
5/14/2019,"620053","BYNG PUBLIC SCHOOLS INDEPENDENT SCHOOL DISTRICT NO. 016",56201,"PROPOSITION NO. 1  BYNG PUBLIC SCHOOLS",,8,8,1,"FOR THE PROPOSITION - YES",,2,2,17,21,,
5/14/2019,"620053","BYNG PUBLIC SCHOOLS INDEPENDENT SCHOOL DISTRICT NO. 016",56201,"PROPOSITION NO. 1  BYNG PUBLIC SCHOOLS",,8,8,2,"AGAINST THE PROPOSITION - NO",,0,0,1,1,,
5/14/2019,"620053","BYNG PUBLIC SCHOOLS INDEPENDENT SCHOOL DISTRICT NO. 016",56202,"PROPOSITION NO. 2  BYNG PUBLIC SCHOOLS",,8,8,1,"FOR THE PROPOSITION - YES",,2,2,16,20,,
5/14/2019,"620053","BYNG PUBLIC SCHOOLS INDEPENDENT SCHOOL DISTRICT NO. 016",56202,"PROPOSITION NO. 2  BYNG PUBLIC SCHOOLS",,8,8,2,"AGAINST THE PROPOSITION - NO",,0,0,2,2,,
5/14/2019,"620056","BYNG PUBLIC SCHOOLS INDEPENDENT SCHOOL DISTRICT NO. 016",56201,"PROPOSITION NO. 1  BYNG PUBLIC SCHOOLS",,8,8,1,"FOR THE PROPOSITION - YES",,0,1,29,30,,
5/14/2019,"620056","BYNG PUBLIC SCHOOLS INDEPENDENT SCHOOL DISTRICT NO. 016",56201,"PROPOSITION NO. 1  BYNG PUBLIC SCHOOLS",,8,8,2,"AGAINST THE PROPOSITION - NO",,0,0,4,4,,
5/14/2019,"620056","BYNG PUBLIC SCHOOLS INDEPENDENT SCHOOL DISTRICT NO. 016",56202,"PROPOSITION NO. 2  BYNG PUBLIC SCHOOLS",,8,8,1,"FOR THE PROPOSITION - YES",,0,1,31,32,,
5/14/2019,"620056","BYNG PUBLIC SCHOOLS INDEPENDENT SCHOOL DISTRICT NO. 016",56202,"PROPOSITION NO. 2  BYNG PUBLIC SCHOOLS",,8,8,2,"AGAINST THE PROPOSITION - NO",,0,0,2,2,,
5/14/2019,"620060","BYNG PUBLIC SCHOOLS INDEPENDENT SCHOOL DISTRICT NO. 016",56201,"PROPOSITION NO. 1  BYNG PUBLIC SCHOOLS",,8,8,1,"FOR THE PROPOSITION - YES",,4,0,103,107,,
5/14/2019,"620060","BYNG PUBLIC SCHOOLS INDEPENDENT SCHOOL DISTRICT NO. 016",56201,"PROPOSITION NO. 1  BYNG PUBLIC SCHOOLS",,8,8,2,"AGAINST THE PROPOSITION - NO",,1,0,9,10,,
5/14/2019,"620060","BYNG PUBLIC SCHOOLS INDEPENDENT SCHOOL DISTRICT NO. 016",56202,"PROPOSITION NO. 2  BYNG PUBLIC SCHOOLS",,8,8,1,"FOR THE PROPOSITION - YES",,4,0,103,107,,
5/14/2019,"620060","BYNG PUBLIC SCHOOLS INDEPENDENT SCHOOL DISTRICT NO. 016",56202,"PROPOSITION NO. 2  BYNG PUBLIC SCHOOLS",,8,8,2,"AGAINST THE PROPOSITION - NO",,1,0,9,10,,
5/14/2019,"620064","BYNG PUBLIC SCHOOLS INDEPENDENT SCHOOL DISTRICT NO. 016",56201,"PROPOSITION NO. 1  BYNG PUBLIC SCHOOLS",,8,8,1,"FOR THE PROPOSITION - YES",,0,1,23,24,,
5/14/2019,"620064","BYNG PUBLIC SCHOOLS INDEPENDENT SCHOOL DISTRICT NO. 016",56201,"PROPOSITION NO. 1  BYNG PUBLIC SCHOOLS",,8,8,2,"AGAINST THE PROPOSITION - NO",,0,0,3,3,,
5/14/2019,"620064","BYNG PUBLIC SCHOOLS INDEPENDENT SCHOOL DISTRICT NO. 016",56202,"PROPOSITION NO. 2  BYNG PUBLIC SCHOOLS",,8,8,1,"FOR THE PROPOSITION - YES",,0,1,23,24,,
5/14/2019,"620064","BYNG PUBLIC SCHOOLS INDEPENDENT SCHOOL DISTRICT NO. 016",56202,"PROPOSITION NO. 2  BYNG PUBLIC SCHOOLS",,8,8,2,"AGAINST THE PROPOSITION - NO",,0,0,3,3,,
5/14/2019,"620066","BYNG PUBLIC SCHOOLS INDEPENDENT SCHOOL DISTRICT NO. 016",56201,"PROPOSITION NO. 1  BYNG PUBLIC SCHOOLS",,8,8,1,"FOR THE PROPOSITION - YES",,0,0,0,0,,
5/14/2019,"620066","BYNG PUBLIC SCHOOLS INDEPENDENT SCHOOL DISTRICT NO. 016",56201,"PROPOSITION NO. 1  BYNG PUBLIC SCHOOLS",,8,8,2,"AGAINST THE PROPOSITION - NO",,0,0,2,2,,
5/14/2019,"620066","BYNG PUBLIC SCHOOLS INDEPENDENT SCHOOL DISTRICT NO. 016",56202,"PROPOSITION NO. 2  BYNG PUBLIC SCHOOLS",,8,8,1,"FOR THE PROPOSITION - YES",,0,0,0,0,,
5/14/2019,"620066","BYNG PUBLIC SCHOOLS INDEPENDENT SCHOOL DISTRICT NO. 016",56202,"PROPOSITION NO. 2  BYNG PUBLIC SCHOOLS",,8,8,2,"AGAINST THE PROPOSITION - NO",,0,0,2,2,,
5/14/2019,"630001","SHAWNEE PUBLIC SCHOOLS INDEPENDENT SCHOOL DISTRICT NO. 093",56301,"PROPOSITION NO. 1  SHAWNEE PUBLIC SCHOOLS",,14,14,1,"FOR THE PROPOSITION - YES",,0,0,0,0,,
5/14/2019,"630001","SHAWNEE PUBLIC SCHOOLS INDEPENDENT SCHOOL DISTRICT NO. 093",56301,"PROPOSITION NO. 1  SHAWNEE PUBLIC SCHOOLS",,14,14,2,"AGAINST THE PROPOSITION - NO",,0,0,0,0,,
5/14/2019,"630001","SHAWNEE PUBLIC SCHOOLS INDEPENDENT SCHOOL DISTRICT NO. 093",56302,"PROPOSITION NO. 2  SHAWNEE PUBLIC SCHOOLS",,14,14,1,"FOR THE PROPOSITION - YES",,0,0,0,0,,
5/14/2019,"630001","SHAWNEE PUBLIC SCHOOLS INDEPENDENT SCHOOL DISTRICT NO. 093",56302,"PROPOSITION NO. 2  SHAWNEE PUBLIC SCHOOLS",,14,14,2,"AGAINST THE PROPOSITION - NO",,0,0,0,0,,
5/14/2019,"630002","SHAWNEE PUBLIC SCHOOLS INDEPENDENT SCHOOL DISTRICT NO. 093",56301,"PROPOSITION NO. 1  SHAWNEE PUBLIC SCHOOLS",,14,14,1,"FOR THE PROPOSITION - YES",,0,1,18,19,,
5/14/2019,"630002","SHAWNEE PUBLIC SCHOOLS INDEPENDENT SCHOOL DISTRICT NO. 093",56301,"PROPOSITION NO. 1  SHAWNEE PUBLIC SCHOOLS",,14,14,2,"AGAINST THE PROPOSITION - NO",,2,0,11,13,,
5/14/2019,"630002","SHAWNEE PUBLIC SCHOOLS INDEPENDENT SCHOOL DISTRICT NO. 093",56302,"PROPOSITION NO. 2  SHAWNEE PUBLIC SCHOOLS",,14,14,1,"FOR THE PROPOSITION - YES",,0,1,19,20,,
5/14/2019,"630002","SHAWNEE PUBLIC SCHOOLS INDEPENDENT SCHOOL DISTRICT NO. 093",56302,"PROPOSITION NO. 2  SHAWNEE PUBLIC SCHOOLS",,14,14,2,"AGAINST THE PROPOSITION - NO",,2,0,11,13,,
5/14/2019,"630003","SHAWNEE PUBLIC SCHOOLS INDEPENDENT SCHOOL DISTRICT NO. 093",56301,"PROPOSITION NO. 1  SHAWNEE PUBLIC SCHOOLS",,14,14,1,"FOR THE PROPOSITION - YES",,3,0,33,36,,
5/14/2019,"630003","SHAWNEE PUBLIC SCHOOLS INDEPENDENT SCHOOL DISTRICT NO. 093",56301,"PROPOSITION NO. 1  SHAWNEE PUBLIC SCHOOLS",,14,14,2,"AGAINST THE PROPOSITION - NO",,6,1,33,40,,
5/14/2019,"630003","SHAWNEE PUBLIC SCHOOLS INDEPENDENT SCHOOL DISTRICT NO. 093",56302,"PROPOSITION NO. 2  SHAWNEE PUBLIC SCHOOLS",,14,14,1,"FOR THE PROPOSITION - YES",,3,0,31,34,,
5/14/2019,"630003","SHAWNEE PUBLIC SCHOOLS INDEPENDENT SCHOOL DISTRICT NO. 093",56302,"PROPOSITION NO. 2  SHAWNEE PUBLIC SCHOOLS",,14,14,2,"AGAINST THE PROPOSITION - NO",,6,1,33,40,,
5/14/2019,"630006","SHAWNEE PUBLIC SCHOOLS INDEPENDENT SCHOOL DISTRICT NO. 093",56301,"PROPOSITION NO. 1  SHAWNEE PUBLIC SCHOOLS",,14,14,1,"FOR THE PROPOSITION - YES",,6,0,31,37,,
5/14/2019,"630006","SHAWNEE PUBLIC SCHOOLS INDEPENDENT SCHOOL DISTRICT NO. 093",56301,"PROPOSITION NO. 1  SHAWNEE PUBLIC SCHOOLS",,14,14,2,"AGAINST THE PROPOSITION - NO",,8,2,21,31,,
5/14/2019,"630006","SHAWNEE PUBLIC SCHOOLS INDEPENDENT SCHOOL DISTRICT NO. 093",56302,"PROPOSITION NO. 2  SHAWNEE PUBLIC SCHOOLS",,14,14,1,"FOR THE PROPOSITION - YES",,7,0,30,37,,
5/14/2019,"630006","SHAWNEE PUBLIC SCHOOLS INDEPENDENT SCHOOL DISTRICT NO. 093",56302,"PROPOSITION NO. 2  SHAWNEE PUBLIC SCHOOLS",,14,14,2,"AGAINST THE PROPOSITION - NO",,7,2,22,31,,
5/14/2019,"630007","SHAWNEE PUBLIC SCHOOLS INDEPENDENT SCHOOL DISTRICT NO. 093",56301,"PROPOSITION NO. 1  SHAWNEE PUBLIC SCHOOLS",,14,14,1,"FOR THE PROPOSITION - YES",,16,0,26,42,,
5/14/2019,"630007","SHAWNEE PUBLIC SCHOOLS INDEPENDENT SCHOOL DISTRICT NO. 093",56301,"PROPOSITION NO. 1  SHAWNEE PUBLIC SCHOOLS",,14,14,2,"AGAINST THE PROPOSITION - NO",,9,0,23,32,,
5/14/2019,"630007","SHAWNEE PUBLIC SCHOOLS INDEPENDENT SCHOOL DISTRICT NO. 093",56302,"PROPOSITION NO. 2  SHAWNEE PUBLIC SCHOOLS",,14,14,1,"FOR THE PROPOSITION - YES",,16,0,25,41,,
5/14/2019,"630007","SHAWNEE PUBLIC SCHOOLS INDEPENDENT SCHOOL DISTRICT NO. 093",56302,"PROPOSITION NO. 2  SHAWNEE PUBLIC SCHOOLS",,14,14,2,"AGAINST THE PROPOSITION - NO",,8,0,24,32,,
5/14/2019,"630009","SHAWNEE PUBLIC SCHOOLS INDEPENDENT SCHOOL DISTRICT NO. 093",56301,"PROPOSITION NO. 1  SHAWNEE PUBLIC SCHOOLS",,14,14,1,"FOR THE PROPOSITION - YES",,10,0,16,26,,
5/14/2019,"630009","SHAWNEE PUBLIC SCHOOLS INDEPENDENT SCHOOL DISTRICT NO. 093",56301,"PROPOSITION NO. 1  SHAWNEE PUBLIC SCHOOLS",,14,14,2,"AGAINST THE PROPOSITION - NO",,6,5,15,26,,
5/14/2019,"630009","SHAWNEE PUBLIC SCHOOLS INDEPENDENT SCHOOL DISTRICT NO. 093",56302,"PROPOSITION NO. 2  SHAWNEE PUBLIC SCHOOLS",,14,14,1,"FOR THE PROPOSITION - YES",,10,0,18,28,,
5/14/2019,"630009","SHAWNEE PUBLIC SCHOOLS INDEPENDENT SCHOOL DISTRICT NO. 093",56302,"PROPOSITION NO. 2  SHAWNEE PUBLIC SCHOOLS",,14,14,2,"AGAINST THE PROPOSITION - NO",,6,5,15,26,,
5/14/2019,"630011","SHAWNEE PUBLIC SCHOOLS INDEPENDENT SCHOOL DISTRICT NO. 093",56301,"PROPOSITION NO. 1  SHAWNEE PUBLIC SCHOOLS",,14,14,1,"FOR THE PROPOSITION - YES",,0,0,0,0,,
5/14/2019,"630011","SHAWNEE PUBLIC SCHOOLS INDEPENDENT SCHOOL DISTRICT NO. 093",56301,"PROPOSITION NO. 1  SHAWNEE PUBLIC SCHOOLS",,14,14,2,"AGAINST THE PROPOSITION - NO",,0,0,0,0,,
5/14/2019,"630011","SHAWNEE PUBLIC SCHOOLS INDEPENDENT SCHOOL DISTRICT NO. 093",56302,"PROPOSITION NO. 2  SHAWNEE PUBLIC SCHOOLS",,14,14,1,"FOR THE PROPOSITION - YES",,0,0,0,0,,
5/14/2019,"630011","SHAWNEE PUBLIC SCHOOLS INDEPENDENT SCHOOL DISTRICT NO. 093",56302,"PROPOSITION NO. 2  SHAWNEE PUBLIC SCHOOLS",,14,14,2,"AGAINST THE PROPOSITION - NO",,0,0,0,0,,
5/14/2019,"630012","SHAWNEE PUBLIC SCHOOLS INDEPENDENT SCHOOL DISTRICT NO. 093",56301,"PROPOSITION NO. 1  SHAWNEE PUBLIC SCHOOLS",,14,14,1,"FOR THE PROPOSITION - YES",,11,1,72,84,,
5/14/2019,"630012","SHAWNEE PUBLIC SCHOOLS INDEPENDENT SCHOOL DISTRICT NO. 093",56301,"PROPOSITION NO. 1  SHAWNEE PUBLIC SCHOOLS",,14,14,2,"AGAINST THE PROPOSITION - NO",,6,0,30,36,,
5/14/2019,"630012","SHAWNEE PUBLIC SCHOOLS INDEPENDENT SCHOOL DISTRICT NO. 093",56302,"PROPOSITION NO. 2  SHAWNEE PUBLIC SCHOOLS",,14,14,1,"FOR THE PROPOSITION - YES",,11,1,71,83,,
5/14/2019,"630012","SHAWNEE PUBLIC SCHOOLS INDEPENDENT SCHOOL DISTRICT NO. 093",56302,"PROPOSITION NO. 2  SHAWNEE PUBLIC SCHOOLS",,14,14,2,"AGAINST THE PROPOSITION - NO",,6,0,32,38,,
5/14/2019,"630013","SHAWNEE PUBLIC SCHOOLS INDEPENDENT SCHOOL DISTRICT NO. 093",56301,"PROPOSITION NO. 1  SHAWNEE PUBLIC SCHOOLS",,14,14,1,"FOR THE PROPOSITION - YES",,6,0,10,16,,
5/14/2019,"630013","SHAWNEE PUBLIC SCHOOLS INDEPENDENT SCHOOL DISTRICT NO. 093",56301,"PROPOSITION NO. 1  SHAWNEE PUBLIC SCHOOLS",,14,14,2,"AGAINST THE PROPOSITION - NO",,2,0,10,12,,
5/14/2019,"630013","SHAWNEE PUBLIC SCHOOLS INDEPENDENT SCHOOL DISTRICT NO. 093",56302,"PROPOSITION NO. 2  SHAWNEE PUBLIC SCHOOLS",,14,14,1,"FOR THE PROPOSITION - YES",,6,0,13,19,,
5/14/2019,"630013","SHAWNEE PUBLIC SCHOOLS INDEPENDENT SCHOOL DISTRICT NO. 093",56302,"PROPOSITION NO. 2  SHAWNEE PUBLIC SCHOOLS",,14,14,2,"AGAINST THE PROPOSITION - NO",,2,0,8,10,,
5/14/2019,"630015","SHAWNEE PUBLIC SCHOOLS INDEPENDENT SCHOOL DISTRICT NO. 093",56301,"PROPOSITION NO. 1  SHAWNEE PUBLIC SCHOOLS",,14,14,1,"FOR THE PROPOSITION - YES",,6,1,44,51,,
5/14/2019,"630015","SHAWNEE PUBLIC SCHOOLS INDEPENDENT SCHOOL DISTRICT NO. 093",56301,"PROPOSITION NO. 1  SHAWNEE PUBLIC SCHOOLS",,14,14,2,"AGAINST THE PROPOSITION - NO",,7,3,32,42,,
5/14/2019,"630015","SHAWNEE PUBLIC SCHOOLS INDEPENDENT SCHOOL DISTRICT NO. 093",56302,"PROPOSITION NO. 2  SHAWNEE PUBLIC SCHOOLS",,14,14,1,"FOR THE PROPOSITION - YES",,6,1,43,50,,
5/14/2019,"630015","SHAWNEE PUBLIC SCHOOLS INDEPENDENT SCHOOL DISTRICT NO. 093",56302,"PROPOSITION NO. 2  SHAWNEE PUBLIC SCHOOLS",,14,14,2,"AGAINST THE PROPOSITION - NO",,7,3,33,43,,
5/14/2019,"630018","SHAWNEE PUBLIC SCHOOLS INDEPENDENT SCHOOL DISTRICT NO. 093",56301,"PROPOSITION NO. 1  SHAWNEE PUBLIC SCHOOLS",,14,14,1,"FOR THE PROPOSITION - YES",,2,0,9,11,,
5/14/2019,"630018","SHAWNEE PUBLIC SCHOOLS INDEPENDENT SCHOOL DISTRICT NO. 093",56301,"PROPOSITION NO. 1  SHAWNEE PUBLIC SCHOOLS",,14,14,2,"AGAINST THE PROPOSITION - NO",,2,0,20,22,,
5/14/2019,"630018","SHAWNEE PUBLIC SCHOOLS INDEPENDENT SCHOOL DISTRICT NO. 093",56302,"PROPOSITION NO. 2  SHAWNEE PUBLIC SCHOOLS",,14,14,1,"FOR THE PROPOSITION - YES",,2,0,10,12,,
5/14/2019,"630018","SHAWNEE PUBLIC SCHOOLS INDEPENDENT SCHOOL DISTRICT NO. 093",56302,"PROPOSITION NO. 2  SHAWNEE PUBLIC SCHOOLS",,14,14,2,"AGAINST THE PROPOSITION - NO",,2,0,18,20,,
5/14/2019,"630024","SHAWNEE PUBLIC SCHOOLS INDEPENDENT SCHOOL DISTRICT NO. 093",56301,"PROPOSITION NO. 1  SHAWNEE PUBLIC SCHOOLS",,14,14,1,"FOR THE PROPOSITION - YES",,0,0,0,0,,
5/14/2019,"630024","SHAWNEE PUBLIC SCHOOLS INDEPENDENT SCHOOL DISTRICT NO. 093",56301,"PROPOSITION NO. 1  SHAWNEE PUBLIC SCHOOLS",,14,14,2,"AGAINST THE PROPOSITION - NO",,0,0,0,0,,
5/14/2019,"630024","SHAWNEE PUBLIC SCHOOLS INDEPENDENT SCHOOL DISTRICT NO. 093",56302,"PROPOSITION NO. 2  SHAWNEE PUBLIC SCHOOLS",,14,14,1,"FOR THE PROPOSITION - YES",,0,0,0,0,,
5/14/2019,"630024","SHAWNEE PUBLIC SCHOOLS INDEPENDENT SCHOOL DISTRICT NO. 093",56302,"PROPOSITION NO. 2  SHAWNEE PUBLIC SCHOOLS",,14,14,2,"AGAINST THE PROPOSITION - NO",,0,0,0,0,,
5/14/2019,"630026","SHAWNEE PUBLIC SCHOOLS INDEPENDENT SCHOOL DISTRICT NO. 093",56301,"PROPOSITION NO. 1  SHAWNEE PUBLIC SCHOOLS",,14,14,1,"FOR THE PROPOSITION - YES",,3,0,1,4,,
5/14/2019,"630026","SHAWNEE PUBLIC SCHOOLS INDEPENDENT SCHOOL DISTRICT NO. 093",56301,"PROPOSITION NO. 1  SHAWNEE PUBLIC SCHOOLS",,14,14,2,"AGAINST THE PROPOSITION - NO",,0,0,4,4,,
5/14/2019,"630026","SHAWNEE PUBLIC SCHOOLS INDEPENDENT SCHOOL DISTRICT NO. 093",56302,"PROPOSITION NO. 2  SHAWNEE PUBLIC SCHOOLS",,14,14,1,"FOR THE PROPOSITION - YES",,1,0,1,2,,
5/14/2019,"630026","SHAWNEE PUBLIC SCHOOLS INDEPENDENT SCHOOL DISTRICT NO. 093",56302,"PROPOSITION NO. 2  SHAWNEE PUBLIC SCHOOLS",,14,14,2,"AGAINST THE PROPOSITION - NO",,2,0,4,6,,
5/14/2019,"630033","SHAWNEE PUBLIC SCHOOLS INDEPENDENT SCHOOL DISTRICT NO. 093",56301,"PROPOSITION NO. 1  SHAWNEE PUBLIC SCHOOLS",,14,14,1,"FOR THE PROPOSITION - YES",,0,2,1,3,,
5/14/2019,"630033","SHAWNEE PUBLIC SCHOOLS INDEPENDENT SCHOOL DISTRICT NO. 093",56301,"PROPOSITION NO. 1  SHAWNEE PUBLIC SCHOOLS",,14,14,2,"AGAINST THE PROPOSITION - NO",,0,0,0,0,,
5/14/2019,"630033","SHAWNEE PUBLIC SCHOOLS INDEPENDENT SCHOOL DISTRICT NO. 093",56302,"PROPOSITION NO. 2  SHAWNEE PUBLIC SCHOOLS",,14,14,1,"FOR THE PROPOSITION - YES",,0,2,1,3,,
5/14/2019,"630033","SHAWNEE PUBLIC SCHOOLS INDEPENDENT SCHOOL DISTRICT NO. 093",56302,"PROPOSITION NO. 2  SHAWNEE PUBLIC SCHOOLS",,14,14,2,"AGAINST THE PROPOSITION - NO",,0,0,0,0,,
5/14/2019,"680209","TOWN OF GORE",46801,"PROPOSITION  TOWN OF GORE",,2,2,1,"FOR THE PROPOSITION - YES",,0,0,39,39,,
5/14/2019,"680209","TOWN OF GORE",46801,"PROPOSITION  TOWN OF GORE",,2,2,2,"AGAINST THE PROPOSITION - NO",,0,0,1,1,,
5/14/2019,"680210","TOWN OF GORE",46801,"PROPOSITION  TOWN OF GORE",,2,2,1,"FOR THE PROPOSITION - YES",,0,0,1,1,,
5/14/2019,"680210","TOWN OF GORE",46801,"PROPOSITION  TOWN OF GORE",,2,2,2,"AGAINST THE PROPOSITION - NO",,0,0,0,0,,
5/14/2019,"730109","WAGONER PUBLIC SCHOOLS INDEPENDENT SCHOOL DISTRICT NO. 019",57301,"PROPOSITION  WAGONER PUBLIC SCHOOLS",,9,9,1,"FOR THE PROPOSITION - YES",,0,0,0,0,,
5/14/2019,"730109","WAGONER PUBLIC SCHOOLS INDEPENDENT SCHOOL DISTRICT NO. 019",57301,"PROPOSITION  WAGONER PUBLIC SCHOOLS",,9,9,2,"AGAINST THE PROPOSITION - NO",,0,0,0,0,,
5/14/2019,"730202","WAGONER PUBLIC SCHOOLS INDEPENDENT SCHOOL DISTRICT NO. 019",57301,"PROPOSITION  WAGONER PUBLIC SCHOOLS",,9,9,1,"FOR THE PROPOSITION - YES",,0,0,0,0,,
5/14/2019,"730202","WAGONER PUBLIC SCHOOLS INDEPENDENT SCHOOL DISTRICT NO. 019",57301,"PROPOSITION  WAGONER PUBLIC SCHOOLS",,9,9,2,"AGAINST THE PROPOSITION - NO",,0,0,0,0,,
5/14/2019,"730203","WAGONER PUBLIC SCHOOLS INDEPENDENT SCHOOL DISTRICT NO. 019",57301,"PROPOSITION  WAGONER PUBLIC SCHOOLS",,9,9,1,"FOR THE PROPOSITION - YES",,0,32,305,337,,
5/14/2019,"730203","WAGONER PUBLIC SCHOOLS INDEPENDENT SCHOOL DISTRICT NO. 019",57301,"PROPOSITION  WAGONER PUBLIC SCHOOLS",,9,9,2,"AGAINST THE PROPOSITION - NO",,3,21,155,179,,
5/14/2019,"730204","WAGONER PUBLIC SCHOOLS INDEPENDENT SCHOOL DISTRICT NO. 019",57301,"PROPOSITION  WAGONER PUBLIC SCHOOLS",,9,9,1,"FOR THE PROPOSITION - YES",,1,4,79,84,,
5/14/2019,"730204","WAGONER PUBLIC SCHOOLS INDEPENDENT SCHOOL DISTRICT NO. 019",57301,"PROPOSITION  WAGONER PUBLIC SCHOOLS",,9,9,2,"AGAINST THE PROPOSITION - NO",,0,2,101,103,,
5/14/2019,"730205","WAGONER PUBLIC SCHOOLS INDEPENDENT SCHOOL DISTRICT NO. 019",57301,"PROPOSITION  WAGONER PUBLIC SCHOOLS",,9,9,1,"FOR THE PROPOSITION - YES",,0,0,0,0,,
5/14/2019,"730205","WAGONER PUBLIC SCHOOLS INDEPENDENT SCHOOL DISTRICT NO. 019",57301,"PROPOSITION  WAGONER PUBLIC SCHOOLS",,9,9,2,"AGAINST THE PROPOSITION - NO",,0,0,0,0,,
5/14/2019,"730207","WAGONER PUBLIC SCHOOLS INDEPENDENT SCHOOL DISTRICT NO. 019",57301,"PROPOSITION  WAGONER PUBLIC SCHOOLS",,9,9,1,"FOR THE PROPOSITION - YES",,1,1,94,96,,
5/14/2019,"730207","WAGONER PUBLIC SCHOOLS INDEPENDENT SCHOOL DISTRICT NO. 019",57301,"PROPOSITION  WAGONER PUBLIC SCHOOLS",,9,9,2,"AGAINST THE PROPOSITION - NO",,0,2,46,48,,
5/14/2019,"730208","WAGONER PUBLIC SCHOOLS INDEPENDENT SCHOOL DISTRICT NO. 019",57301,"PROPOSITION  WAGONER PUBLIC SCHOOLS",,9,9,1,"FOR THE PROPOSITION - YES",,2,60,393,455,,
5/14/2019,"730208","WAGONER PUBLIC SCHOOLS INDEPENDENT SCHOOL DISTRICT NO. 019",57301,"PROPOSITION  WAGONER PUBLIC SCHOOLS",,9,9,2,"AGAINST THE PROPOSITION - NO",,0,22,245,267,,
5/14/2019,"730209","WAGONER PUBLIC SCHOOLS INDEPENDENT SCHOOL DISTRICT NO. 019",57301,"PROPOSITION  WAGONER PUBLIC SCHOOLS",,9,9,1,"FOR THE PROPOSITION - YES",,0,5,56,61,,
5/14/2019,"730209","WAGONER PUBLIC SCHOOLS INDEPENDENT SCHOOL DISTRICT NO. 019",57301,"PROPOSITION  WAGONER PUBLIC SCHOOLS",,9,9,2,"AGAINST THE PROPOSITION - NO",,0,4,41,45,,
5/14/2019,"730210","WAGONER PUBLIC SCHOOLS INDEPENDENT SCHOOL DISTRICT NO. 019",57301,"PROPOSITION  WAGONER PUBLIC SCHOOLS",,9,9,1,"FOR THE PROPOSITION - YES",,0,0,0,0,,
5/14/2019,"730210","WAGONER PUBLIC SCHOOLS INDEPENDENT SCHOOL DISTRICT NO. 019",57301,"PROPOSITION  WAGONER PUBLIC SCHOOLS",,9,9,2,"AGAINST THE PROPOSITION - NO",,0,0,0,0,,
5/14/2019,"740062","CITY OF DEWEY",47401,"PROPOSITION  CITY OF DEWEY",,3,3,1,"FOR THE PROPOSITION - YES",,1,0,123,124,,
5/14/2019,"740062","CITY OF DEWEY",47401,"PROPOSITION  CITY OF DEWEY",,3,3,2,"AGAINST THE PROPOSITION - NO",,0,1,25,26,,
5/14/2019,"740073","CITY OF DEWEY",47401,"PROPOSITION  CITY OF DEWEY",,3,3,1,"FOR THE PROPOSITION - YES",,0,0,0,0,,
5/14/2019,"740073","CITY OF DEWEY",47401,"PROPOSITION  CITY OF DEWEY",,3,3,2,"AGAINST THE PROPOSITION - NO",,0,0,0,0,,
5/14/2019,"740074","CITY OF DEWEY",47401,"PROPOSITION  CITY OF DEWEY",,3,3,1,"FOR THE PROPOSITION - YES",,0,0,5,5,,
5/14/2019,"740074","CITY OF DEWEY",47401,"PROPOSITION  CITY OF DEWEY",,3,3,2,"AGAINST THE PROPOSITION - NO",,0,0,0,0,,
5/14/2019,"760008","FREEDOM PUBLIC SCHOOLS INDEPENDENT SCHOOL DISTRICT NO. 006",57601,"PROPOSITION  FREEDOM PUBLIC SCHOOLS",,3,3,1,"FOR THE PROPOSITION - YES",,4,0,67,71,,
5/14/2019,"760008","FREEDOM PUBLIC SCHOOLS INDEPENDENT SCHOOL DISTRICT NO. 006",57601,"PROPOSITION  FREEDOM PUBLIC SCHOOLS",,3,3,2,"AGAINST THE PROPOSITION - NO",,4,3,62,69,,
5/14/2019,"770105","FREEDOM PUBLIC SCHOOLS INDEPENDENT SCHOOL DISTRICT NO. 006",57601,"PROPOSITION  FREEDOM PUBLIC SCHOOLS",,3,3,1,"FOR THE PROPOSITION - YES",,0,0,5,5,,
5/14/2019,"770105","FREEDOM PUBLIC SCHOOLS INDEPENDENT SCHOOL DISTRICT NO. 006",57601,"PROPOSITION  FREEDOM PUBLIC SCHOOLS",,3,3,2,"AGAINST THE PROPOSITION - NO",,0,0,4,4,,
