elec_date,county,entity_description,race_number,race_description,race_party,tot_race_prec,race_prec_reporting,cand_number,cand_name,cand_party,cand_absmail_votes,cand_early_votes,cand_elecday_votes,cand_tot_votes,race_county_owner
10/8/2019,"ATOKA","TUSHKA PUBLIC SCHOOLS INDEPENDENT SCHOOL DISTRICT NO. 019",50301,"PROPOSITION  TUSHKA PUBLIC SCHOOLS",,5,5,1,"FOR THE PROPOSITION - YES",,2,2,117,121,,
10/8/2019,"ATOKA","TUSHKA PUBLIC SCHOOLS INDEPENDENT SCHOOL DISTRICT NO. 019",50301,"PROPOSITION  TUSHKA PUBLIC SCHOOLS",,5,5,2,"AGAINST THE PROPOSITION - NO",,0,4,41,45,,
10/8/2019,"CADDO","CITY OF ANADARKO",40801,"PROPOSITION  CITY OF ANADARKO",,5,5,1,"FOR THE PROPOSITION - YES",,6,9,52,67,,
10/8/2019,"CADDO","CITY OF ANADARKO",40801,"PROPOSITION  CITY OF ANADARKO",,5,5,2,"AGAINST THE PROPOSITION - NO",,3,0,10,13,,
10/8/2019,"CREEK","BRISTOW PUBLIC SCHOOLS INDEPENDENT SCHOOL DISTRICT NO. 002",51901,"PROPOSITION  BRISTOW PUBLIC SCHOOLS",,10,10,1,"FOR THE PROPOSITION - YES",,19,6,622,647,,
10/8/2019,"CREEK","BRISTOW PUBLIC SCHOOLS INDEPENDENT SCHOOL DISTRICT NO. 002",51901,"PROPOSITION  BRISTOW PUBLIC SCHOOLS",,10,10,2,"AGAINST THE PROPOSITION - NO",,2,1,98,101,,
10/8/2019,"GRANT","TOWN OF WAKITA",42701,"PROPOSITION  TOWN OF WAKITA",,1,1,1,"FOR THE PROPOSITION - YES",,3,0,28,31,,
10/8/2019,"GRANT","TOWN OF WAKITA",42701,"PROPOSITION  TOWN OF WAKITA",,1,1,2,"AGAINST THE PROPOSITION - NO",,0,0,0,0,,
10/8/2019,"HUGHES","WETUMKA PUBLIC SCHOOLS INDEPENDENT SCHOOL DISTRICT NO. 005",53201,"PROPOSITION NO. 1  WETUMKA PUBLIC SCHOOLS",,4,4,1,"FOR THE PROPOSITION - YES",,6,0,93,99,,
10/8/2019,"HUGHES","WETUMKA PUBLIC SCHOOLS INDEPENDENT SCHOOL DISTRICT NO. 005",53201,"PROPOSITION NO. 1  WETUMKA PUBLIC SCHOOLS",,4,4,2,"AGAINST THE PROPOSITION - NO",,10,1,22,33,,
10/8/2019,"HUGHES","WETUMKA PUBLIC SCHOOLS INDEPENDENT SCHOOL DISTRICT NO. 005",53202,"PROPOSITION NO. 2  WETUMKA PUBLIC SCHOOLS",,4,4,1,"FOR THE PROPOSITION - YES",,6,0,92,98,,
10/8/2019,"HUGHES","WETUMKA PUBLIC SCHOOLS INDEPENDENT SCHOOL DISTRICT NO. 005",53202,"PROPOSITION NO. 2  WETUMKA PUBLIC SCHOOLS",,4,4,2,"AGAINST THE PROPOSITION - NO",,10,2,22,34,,
10/8/2019,"KAY","KAY COUNTY",30001,"PROPOSITION",,28,28,1,"FOR THE PROPOSITION - YES",,26,96,1278,1400,,
10/8/2019,"KAY","KAY COUNTY",30001,"PROPOSITION",,28,28,2,"AGAINST THE PROPOSITION - NO",,12,24,818,854,,
10/8/2019,"MCCURTAIN","HAWORTH PUBLIC SCHOOLS INDEPENDENT SCHOOL DISTRICT NO. 006",54501,"PROPOSITION  HAWORTH PUBLIC SCHOOLS",,5,5,1,"FOR THE PROPOSITION - YES",,3,53,348,404,,
10/8/2019,"MCCURTAIN","HAWORTH PUBLIC SCHOOLS INDEPENDENT SCHOOL DISTRICT NO. 006",54501,"PROPOSITION  HAWORTH PUBLIC SCHOOLS",,5,5,2,"AGAINST THE PROPOSITION - NO",,1,14,201,216,,
10/8/2019,"MAYES","CHOUTEAU-MAZIE PUBLIC SCHOOLS INDEPENDENT SCHOOL DISTRICT NO. 032",54901,"PROPOSITION  CHOUTEAU-MAZIE PUBLIC SCHOOLS",,6,6,1,"FOR THE PROPOSITION - YES",,15,2,209,226,,
10/8/2019,"MAYES","CHOUTEAU-MAZIE PUBLIC SCHOOLS INDEPENDENT SCHOOL DISTRICT NO. 032",54901,"PROPOSITION  CHOUTEAU-MAZIE PUBLIC SCHOOLS",,6,6,2,"AGAINST THE PROPOSITION - NO",,7,4,129,140,,
10/8/2019,"MUSKOGEE","MUSKOGEE PUBLIC SCHOOLS INDEPENDENT SCHOOL DISTRICT NO. 020",55101,"PROPOSITION  MUSKOGEE PUBLIC SCHOOLS",,19,19,1,"FOR THE PROPOSITION - YES",,50,174,2833,3057,,
10/8/2019,"MUSKOGEE","MUSKOGEE PUBLIC SCHOOLS INDEPENDENT SCHOOL DISTRICT NO. 020",55101,"PROPOSITION  MUSKOGEE PUBLIC SCHOOLS",,19,19,2,"AGAINST THE PROPOSITION - NO",,16,75,1338,1429,,
10/8/2019,"OKFUSKEE","WETUMKA PUBLIC SCHOOLS INDEPENDENT SCHOOL DISTRICT NO. 005",53201,"PROPOSITION NO. 1  WETUMKA PUBLIC SCHOOLS",,1,1,1,"FOR THE PROPOSITION - YES",,0,0,0,0,,
10/8/2019,"OKFUSKEE","WETUMKA PUBLIC SCHOOLS INDEPENDENT SCHOOL DISTRICT NO. 005",53201,"PROPOSITION NO. 1  WETUMKA PUBLIC SCHOOLS",,1,1,2,"AGAINST THE PROPOSITION - NO",,0,0,0,0,,
10/8/2019,"OKFUSKEE","WETUMKA PUBLIC SCHOOLS INDEPENDENT SCHOOL DISTRICT NO. 005",53202,"PROPOSITION NO. 2  WETUMKA PUBLIC SCHOOLS",,1,1,1,"FOR THE PROPOSITION - YES",,0,0,0,0,,
10/8/2019,"OKFUSKEE","WETUMKA PUBLIC SCHOOLS INDEPENDENT SCHOOL DISTRICT NO. 005",53202,"PROPOSITION NO. 2  WETUMKA PUBLIC SCHOOLS",,1,1,2,"AGAINST THE PROPOSITION - NO",,0,0,0,0,,
10/8/2019,"OKLAHOMA","JONES PUBLIC SCHOOLS INDEPENDENT SCHOOL DISTRICT NO. 009",55501,"PROPOSITION  JONES PUBLIC SCHOOLS",,10,10,1,"FOR THE PROPOSITION - YES",,18,4,473,495,,
10/8/2019,"OKLAHOMA","JONES PUBLIC SCHOOLS INDEPENDENT SCHOOL DISTRICT NO. 009",55501,"PROPOSITION  JONES PUBLIC SCHOOLS",,10,10,2,"AGAINST THE PROPOSITION - NO",,7,0,75,82,,
10/8/2019,"OSAGE","CITY OF PAWHUSKA",45701,"PROPOSITION NO. 1  CITY OF PAWHUSKA",,2,2,1,"YES",,5,55,133,193,,
10/8/2019,"OSAGE","CITY OF PAWHUSKA",45701,"PROPOSITION NO. 1  CITY OF PAWHUSKA",,2,2,2,"NO",,7,71,314,392,,
10/8/2019,"OSAGE","CITY OF PAWHUSKA",45702,"PROPOSITION NO. 2  CITY OF PAWHUSKA",,2,2,1,"YES",,5,50,123,178,,
10/8/2019,"OSAGE","CITY OF PAWHUSKA",45702,"PROPOSITION NO. 2  CITY OF PAWHUSKA",,2,2,2,"NO",,7,76,324,407,,
10/8/2019,"OSAGE","CITY OF PAWHUSKA",45703,"PROPOSITION NO. 3  CITY OF PAWHUSKA",,2,2,1,"YES",,2,61,125,188,,
10/8/2019,"OSAGE","CITY OF PAWHUSKA",45703,"PROPOSITION NO. 3  CITY OF PAWHUSKA",,2,2,2,"NO",,10,65,322,397,,
10/8/2019,"OSAGE","CITY OF PAWHUSKA",45704,"PROPOSITION NO. 4  CITY OF PAWHUSKA",,2,2,1,"YES",,6,54,142,202,,
10/8/2019,"OSAGE","CITY OF PAWHUSKA",45704,"PROPOSITION NO. 4  CITY OF PAWHUSKA",,2,2,2,"NO",,6,67,296,369,,
10/8/2019,"OSAGE","HOMINY PUBLIC SCHOOLS INDEPENDENT SCHOOL DISTRICT NO. 038",55701,"PROPOSITION  HOMINY PUBLIC SCHOOLS",,4,4,1,"FOR THE PROPOSITION - YES",,13,1,260,274,,
10/8/2019,"OSAGE","HOMINY PUBLIC SCHOOLS INDEPENDENT SCHOOL DISTRICT NO. 038",55701,"PROPOSITION  HOMINY PUBLIC SCHOOLS",,4,4,2,"AGAINST THE PROPOSITION - NO",,2,0,11,13,,
10/8/2019,"POTTAWATOMIE","KONAWA PUBLIC SCHOOLS INDEPENDENT SCHOOL DISTRICT NO. 004",56701,"PROPOSITION  KONAWA PUBLIC SCHOOLS",,2,2,1,"FOR THE PROPOSITION - YES",,1,0,23,24,,
10/8/2019,"POTTAWATOMIE","KONAWA PUBLIC SCHOOLS INDEPENDENT SCHOOL DISTRICT NO. 004",56701,"PROPOSITION  KONAWA PUBLIC SCHOOLS",,2,2,2,"AGAINST THE PROPOSITION - NO",,2,0,54,56,,
10/8/2019,"PUSHMATAHA","CITY OF ANTLERS",46401,"PROPOSITION  CITY OF ANTLERS",,4,4,1,"FOR THE PROPOSITION - YES",,2,4,29,35,,
10/8/2019,"PUSHMATAHA","CITY OF ANTLERS",46401,"PROPOSITION  CITY OF ANTLERS",,4,4,2,"AGAINST THE PROPOSITION - NO",,0,1,3,4,,
10/8/2019,"ROGERS","CHOUTEAU-MAZIE PUBLIC SCHOOLS INDEPENDENT SCHOOL DISTRICT NO. 032",54901,"PROPOSITION  CHOUTEAU-MAZIE PUBLIC SCHOOLS",,1,1,1,"FOR THE PROPOSITION - YES",,0,0,0,0,,
10/8/2019,"ROGERS","CHOUTEAU-MAZIE PUBLIC SCHOOLS INDEPENDENT SCHOOL DISTRICT NO. 032",54901,"PROPOSITION  CHOUTEAU-MAZIE PUBLIC SCHOOLS",,1,1,2,"AGAINST THE PROPOSITION - NO",,0,0,0,0,,
10/8/2019,"SEMINOLE","KONAWA PUBLIC SCHOOLS INDEPENDENT SCHOOL DISTRICT NO. 004",56701,"PROPOSITION  KONAWA PUBLIC SCHOOLS",,2,2,1,"FOR THE PROPOSITION - YES",,5,0,168,173,,
10/8/2019,"SEMINOLE","KONAWA PUBLIC SCHOOLS INDEPENDENT SCHOOL DISTRICT NO. 004",56701,"PROPOSITION  KONAWA PUBLIC SCHOOLS",,2,2,2,"AGAINST THE PROPOSITION - NO",,15,3,277,295,,
10/8/2019,"WAGONER","CHOUTEAU-MAZIE PUBLIC SCHOOLS INDEPENDENT SCHOOL DISTRICT NO. 032",54901,"PROPOSITION  CHOUTEAU-MAZIE PUBLIC SCHOOLS",,1,1,1,"FOR THE PROPOSITION - YES",,2,0,11,13,,
10/8/2019,"WAGONER","CHOUTEAU-MAZIE PUBLIC SCHOOLS INDEPENDENT SCHOOL DISTRICT NO. 032",54901,"PROPOSITION  CHOUTEAU-MAZIE PUBLIC SCHOOLS",,1,1,2,"AGAINST THE PROPOSITION - NO",,0,0,1,1,,
