elec_date,county,entity_description,race_number,race_description,race_party,tot_race_prec,race_prec_reporting,cand_number,cand_name,cand_party,cand_absmail_votes,cand_early_votes,cand_elecday_votes,cand_tot_votes,race_county_owner
7/13/2021,"ALFALFA","TOWN OF HELENA",40201,"PROPOSITION  TOWN OF HELENA",,1,1,1,"FOR THE PROPOSITION - YES",,1,0,44,45,,
7/13/2021,"ALFALFA","TOWN OF HELENA",40201,"PROPOSITION  TOWN OF HELENA",,1,1,2,"AGAINST THE PROPOSITION - NO",,0,0,0,0,,
7/13/2021,"BLAINE","BLAINE COUNTY",30004,"PROPOSITION",,9,9,1,"FOR THE PROPOSITION - YES",,30,40,267,337,,
7/13/2021,"BLAINE","BLAINE COUNTY",30004,"PROPOSITION",,9,9,2,"AGAINST THE PROPOSITION - NO",,14,5,61,80,,
7/13/2021,"BLAINE","TOWN OF OKEENE",40601,"PROPOSITION  TOWN OF OKEENE",,1,1,1,"FOR THE PROPOSITION - YES",,3,0,72,75,,
7/13/2021,"BLAINE","TOWN OF OKEENE",40601,"PROPOSITION  TOWN OF OKEENE",,1,1,2,"AGAINST THE PROPOSITION - NO",,6,0,26,32,,
7/13/2021,"BRYAN","CITY OF DURANT",40701,"PROPOSITION  CITY OF DURANT",,11,11,1,"FOR THE PROPOSITION - YES",,39,8,119,166,,
7/13/2021,"BRYAN","CITY OF DURANT",40701,"PROPOSITION  CITY OF DURANT",,11,11,2,"AGAINST THE PROPOSITION - NO",,9,1,14,24,,
7/13/2021,"CHOCTAW","TOWN OF SAWYER",41201,"PROPOSITION  TOWN OF SAWYER",,3,3,1,"FOR THE PROPOSITION - YES",,0,0,12,12,,
7/13/2021,"CHOCTAW","TOWN OF SAWYER",41201,"PROPOSITION  TOWN OF SAWYER",,3,3,2,"AGAINST THE PROPOSITION - NO",,1,0,23,24,,
7/13/2021,"CIMARRON","CITY OF BOISE CITY",41301,"PROPOSITION  CITY OF BOISE CITY",,4,4,1,"FOR THE PROPOSITION - YES",,3,12,38,53,,
7/13/2021,"CIMARRON","CITY OF BOISE CITY",41301,"PROPOSITION  CITY OF BOISE CITY",,4,4,2,"AGAINST THE PROPOSITION - NO",,0,0,0,0,,
7/13/2021,"GARVIN","CITY OF PAULS VALLEY",42501,"PROPOSITION  CITY OF PAULS VALLEY",,5,5,1,"FOR THE PROPOSITION - YES",,14,2,42,58,,
7/13/2021,"GARVIN","CITY OF PAULS VALLEY",42501,"PROPOSITION  CITY OF PAULS VALLEY",,5,5,2,"AGAINST THE PROPOSITION - NO",,4,0,0,4,,
7/13/2021,"GRANT","GRANT COUNTY",30001,"PROPOSITION",,7,7,1,"FOR THE PROPOSITION - YES",,14,35,570,619,,
7/13/2021,"GRANT","GRANT COUNTY",30001,"PROPOSITION",,7,7,2,"AGAINST THE PROPOSITION - NO",,6,5,32,43,,
7/13/2021,"GRANT","TOWN OF NASH",42701,"PROPOSITION  TOWN OF NASH",,1,1,1,"FOR THE PROPOSITION - YES",,2,0,18,20,,
7/13/2021,"GRANT","TOWN OF NASH",42701,"PROPOSITION  TOWN OF NASH",,1,1,2,"AGAINST THE PROPOSITION - NO",,2,0,5,7,,
7/13/2021,"KIOWA","CITY OF SNYDER",43801,"PROPOSITION  CITY OF SNYDER",,1,1,1,"FOR THE PROPOSITION - YES",,1,0,18,19,,
7/13/2021,"KIOWA","CITY OF SNYDER",43801,"PROPOSITION  CITY OF SNYDER",,1,1,2,"AGAINST THE PROPOSITION - NO",,0,0,0,0,,
7/13/2021,"LINCOLN","LINCOLN COUNTY",30002,"PROPOSITION NO. 1",,21,21,1,"FOR THE PROPOSITION - YES",,39,93,741,873,,
7/13/2021,"LINCOLN","LINCOLN COUNTY",30002,"PROPOSITION NO. 1",,21,21,2,"AGAINST THE PROPOSITION - NO",,27,64,1443,1534,,
7/13/2021,"LINCOLN","LINCOLN COUNTY",30003,"PROPOSITION NO. 2",,21,21,1,"FOR THE PROPOSITION - YES",,34,54,433,521,,
7/13/2021,"LINCOLN","LINCOLN COUNTY",30003,"PROPOSITION NO. 2",,21,21,2,"AGAINST THE PROPOSITION - NO",,30,104,1748,1882,,
7/13/2021,"MAYES","TOWN OF LOCUST GROVE",44901,"PROPOSITION  TOWN OF LOCUST GROVE",,2,2,1,"FOR THE PROPOSITION - YES",,1,1,68,70,,
7/13/2021,"MAYES","TOWN OF LOCUST GROVE",44901,"PROPOSITION  TOWN OF LOCUST GROVE",,2,2,2,"AGAINST THE PROPOSITION - NO",,0,1,5,6,,
7/13/2021,"MUSKOGEE","TOWN OF WARNER",45101,"PROPOSITION  TOWN OF WARNER",,2,2,1,"FOR THE PROPOSITION - YES",,0,0,36,36,,
7/13/2021,"MUSKOGEE","TOWN OF WARNER",45101,"PROPOSITION  TOWN OF WARNER",,2,2,2,"AGAINST THE PROPOSITION - NO",,2,0,50,52,,
7/13/2021,"OKLAHOMA","TOWN OF JONES CITY",45501,"PROPOSITION  TOWN OF JONES CITY",,4,4,1,"FOR THE PROPOSITION - YES",,9,4,141,154,,
7/13/2021,"OKLAHOMA","TOWN OF JONES CITY",45501,"PROPOSITION  TOWN OF JONES CITY",,4,4,2,"AGAINST THE PROPOSITION - NO",,2,0,90,92,,
7/13/2021,"OKLAHOMA","TOWN OF LUTHER",45502,"PROPOSITION  TOWN OF LUTHER",,2,2,1,"FOR THE PROPOSITION - YES",,1,0,22,23,,
7/13/2021,"OKLAHOMA","TOWN OF LUTHER",45502,"PROPOSITION  TOWN OF LUTHER",,2,2,2,"AGAINST THE PROPOSITION - NO",,0,1,24,25,,
7/13/2021,"ROGERS","TOWN OF TALALA",46601,"PROPOSITION  TOWN OF TALALA",,1,1,1,"FOR THE PROPOSITION - YES",,0,0,15,15,,
7/13/2021,"ROGERS","TOWN OF TALALA",46601,"PROPOSITION  TOWN OF TALALA",,1,1,2,"AGAINST THE PROPOSITION - NO",,1,0,0,1,,
