elec_date,county,entity_description,race_number,race_description,race_party,tot_race_prec,race_prec_reporting,cand_number,cand_name,cand_party,cand_absmail_votes,cand_early_votes,cand_elecday_votes,cand_tot_votes,race_county_owner
1/13/2015,"ALFALFA","TIMBERLAKE PUBLIC SCHOOLS INDEPENDENT SCHOOL DISTRICT NO. 093",50201,"PROPOSITION NO. 1  TIMBERLAKE PUBLIC SCHOOLS",,3,3,1,"FOR THE PROPOSITION - YES",,7,2,157,166,,
1/13/2015,"ALFALFA","TIMBERLAKE PUBLIC SCHOOLS INDEPENDENT SCHOOL DISTRICT NO. 093",50201,"PROPOSITION NO. 1  TIMBERLAKE PUBLIC SCHOOLS",,3,3,2,"AGAINST THE PROPOSITION - NO",,10,0,91,101,,
1/13/2015,"ALFALFA","TIMBERLAKE PUBLIC SCHOOLS INDEPENDENT SCHOOL DISTRICT NO. 093",50202,"PROPOSITION NO. 2  TIMBERLAKE PUBLIC SCHOOLS",,3,3,1,"FOR THE PROPOSITION - YES",,13,2,183,198,,
1/13/2015,"ALFALFA","TIMBERLAKE PUBLIC SCHOOLS INDEPENDENT SCHOOL DISTRICT NO. 093",50202,"PROPOSITION NO. 2  TIMBERLAKE PUBLIC SCHOOLS",,3,3,2,"AGAINST THE PROPOSITION - NO",,4,0,68,72,,
1/13/2015,"BECKHAM","CITY OF ELK CITY",40501,"PROPOSITION  CITY OF ELK CITY",,7,7,1,"FOR THE PROPOSITION - YES",,17,30,1332,1379,,
1/13/2015,"BECKHAM","CITY OF ELK CITY",40501,"PROPOSITION  CITY OF ELK CITY",,7,7,2,"AGAINST THE PROPOSITION - NO",,14,20,611,645,,
1/13/2015,"BECKHAM","ELK CITY PUBLIC SCHOOLS INDEPENDENT SCHOOL DISTRICT NO. 006",50501,"PROPOSITION  ELK CITY PUBLIC SCHOOLS",,7,7,1,"FOR THE PROPOSITION - YES",,19,22,1244,1285,,
1/13/2015,"BECKHAM","ELK CITY PUBLIC SCHOOLS INDEPENDENT SCHOOL DISTRICT NO. 006",50501,"PROPOSITION  ELK CITY PUBLIC SCHOOLS",,7,7,2,"AGAINST THE PROPOSITION - NO",,6,25,618,649,,
1/13/2015,"BECKHAM","MERRITT PUBLIC SCHOOLS INDEPENDENT SCHOOL DISTRICT NO. 002",50502,"PROPOSITION  MERRITT PUBLIC SCHOOLS",,7,7,1,"FOR THE PROPOSITION - YES",,8,4,335,347,,
1/13/2015,"BECKHAM","MERRITT PUBLIC SCHOOLS INDEPENDENT SCHOOL DISTRICT NO. 002",50502,"PROPOSITION  MERRITT PUBLIC SCHOOLS",,7,7,2,"AGAINST THE PROPOSITION - NO",,10,0,202,212,,
1/13/2015,"CADDO","BOONE-APACHE PUBLIC SCHOOLS INDEPENDENT SCHOOL DISTRICT NO. 056",50801,"PROPOSITION  BOONE-APACHE PUBLIC SCHOOLS",,3,3,1,"FOR THE PROPOSITION - YES",,5,4,313,322,,
1/13/2015,"CADDO","BOONE-APACHE PUBLIC SCHOOLS INDEPENDENT SCHOOL DISTRICT NO. 056",50801,"PROPOSITION  BOONE-APACHE PUBLIC SCHOOLS",,3,3,2,"AGAINST THE PROPOSITION - NO",,1,0,104,105,,
1/13/2015,"CANADIAN","CALUMET PUBLIC SCHOOLS INDEPENDENT SCHOOL DISTRICT NO. 076",50901,"PROPOSTION NO. 1  CALUMET PUBLIC SCHOOLS",,6,6,1,"FOR THE PROPOSITION - YES",,1,1,112,114,,
1/13/2015,"CANADIAN","CALUMET PUBLIC SCHOOLS INDEPENDENT SCHOOL DISTRICT NO. 076",50901,"PROPOSTION NO. 1  CALUMET PUBLIC SCHOOLS",,6,6,2,"AGAINST THE PROPOSITION - NO",,4,0,41,45,,
1/13/2015,"CANADIAN","CALUMET PUBLIC SCHOOLS INDEPENDENT SCHOOL DISTRICT NO. 076",50902,"PROPOSTION NO. 2  CALUMET PUBLIC SCHOOLS",,6,6,1,"FOR THE PROPOSITION - YES",,1,1,120,122,,
1/13/2015,"CANADIAN","CALUMET PUBLIC SCHOOLS INDEPENDENT SCHOOL DISTRICT NO. 076",50902,"PROPOSTION NO. 2  CALUMET PUBLIC SCHOOLS",,6,6,2,"AGAINST THE PROPOSITION - NO",,4,0,33,37,,
1/13/2015,"CARTER","VELMA-ALMA PUBLIC SCHOOLS INDEPENDENT SCHOOL DISTRICT NO. 015",56903,"PROPOSITION  VELMA-ALMA PUBLIC SCHOOLS",,1,1,1,"FOR THE PROPOSITION - YES",,0,0,0,0,,
1/13/2015,"CARTER","VELMA-ALMA PUBLIC SCHOOLS INDEPENDENT SCHOOL DISTRICT NO. 015",56903,"PROPOSITION  VELMA-ALMA PUBLIC SCHOOLS",,1,1,2,"AGAINST THE PROPOSITION - NO",,0,0,0,0,,
1/13/2015,"CLEVELAND","CITY OF NORMAN",41401,"PROPOSITION  CITY OF NORMAN",,49,49,1,"FOR THE PROPOSITION - YES",,144,158,4164,4466,,
1/13/2015,"CLEVELAND","CITY OF NORMAN",41401,"PROPOSITION  CITY OF NORMAN",,49,49,2,"AGAINST THE PROPOSITION - NO",,125,90,1982,2197,,
1/13/2015,"COMANCHE","BOONE-APACHE PUBLIC SCHOOLS INDEPENDENT SCHOOL DISTRICT NO. 056",50801,"PROPOSITION  BOONE-APACHE PUBLIC SCHOOLS",,2,2,1,"FOR THE PROPOSITION - YES",,0,0,4,4,,
1/13/2015,"COMANCHE","BOONE-APACHE PUBLIC SCHOOLS INDEPENDENT SCHOOL DISTRICT NO. 056",50801,"PROPOSITION  BOONE-APACHE PUBLIC SCHOOLS",,2,2,2,"AGAINST THE PROPOSITION - NO",,0,0,0,0,,
1/13/2015,"CUSTER","ELK CITY PUBLIC SCHOOLS INDEPENDENT SCHOOL DISTRICT NO. 006",50501,"PROPOSITION  ELK CITY PUBLIC SCHOOLS",,1,1,1,"FOR THE PROPOSITION - YES",,0,0,0,0,,
1/13/2015,"CUSTER","ELK CITY PUBLIC SCHOOLS INDEPENDENT SCHOOL DISTRICT NO. 006",50501,"PROPOSITION  ELK CITY PUBLIC SCHOOLS",,1,1,2,"AGAINST THE PROPOSITION - NO",,0,0,0,0,,
1/13/2015,"CUSTER","WEATHERFORD PUBLIC SCHOOLS INDEPENDENT SCHOOL DISTRICT NO. 026",52001,"PROPOSITION  WEATHERFORD PUBLIC SCHOOLS",,6,6,1,"FOR THE PROPOSITION - YES",,17,2,558,577,,
1/13/2015,"CUSTER","WEATHERFORD PUBLIC SCHOOLS INDEPENDENT SCHOOL DISTRICT NO. 026",52001,"PROPOSITION  WEATHERFORD PUBLIC SCHOOLS",,6,6,2,"AGAINST THE PROPOSITION - NO",,6,0,54,60,,
1/13/2015,"GARFIELD","TIMBERLAKE PUBLIC SCHOOLS INDEPENDENT SCHOOL DISTRICT NO. 093",50201,"PROPOSITION NO. 1  TIMBERLAKE PUBLIC SCHOOLS",,1,1,1,"FOR THE PROPOSITION - YES",,0,0,0,0,,
1/13/2015,"GARFIELD","TIMBERLAKE PUBLIC SCHOOLS INDEPENDENT SCHOOL DISTRICT NO. 093",50201,"PROPOSITION NO. 1  TIMBERLAKE PUBLIC SCHOOLS",,1,1,2,"AGAINST THE PROPOSITION - NO",,0,0,0,0,,
1/13/2015,"GARFIELD","TIMBERLAKE PUBLIC SCHOOLS INDEPENDENT SCHOOL DISTRICT NO. 093",50202,"PROPOSITION NO. 2  TIMBERLAKE PUBLIC SCHOOLS",,1,1,1,"FOR THE PROPOSITION - YES",,0,0,0,0,,
1/13/2015,"GARFIELD","TIMBERLAKE PUBLIC SCHOOLS INDEPENDENT SCHOOL DISTRICT NO. 093",50202,"PROPOSITION NO. 2  TIMBERLAKE PUBLIC SCHOOLS",,1,1,2,"AGAINST THE PROPOSITION - NO",,0,0,0,0,,
1/13/2015,"GARFIELD","COVINGTON-DOUGLAS SCHOOLS INDEPENDENT SCHOOL DISTRICT NO. 094",52401,"PROPOSITION NO. 1  COVINGTON-DOUGLAS SCHOOLS",,3,3,1,"FOR THE PROPOSITION - YES",,0,0,138,138,,
1/13/2015,"GARFIELD","COVINGTON-DOUGLAS SCHOOLS INDEPENDENT SCHOOL DISTRICT NO. 094",52401,"PROPOSITION NO. 1  COVINGTON-DOUGLAS SCHOOLS",,3,3,2,"AGAINST THE PROPOSITION - NO",,0,1,20,21,,
1/13/2015,"GARFIELD","COVINGTON-DOUGLAS SCHOOLS INDEPENDENT SCHOOL DISTRICT NO. 094",52402,"PROPOSITION NO. 2  COVINGTON-DOUGLAS SCHOOLS",,3,3,1,"FOR THE PROPOSITION - YES",,0,0,144,144,,
1/13/2015,"GARFIELD","COVINGTON-DOUGLAS SCHOOLS INDEPENDENT SCHOOL DISTRICT NO. 094",52402,"PROPOSITION NO. 2  COVINGTON-DOUGLAS SCHOOLS",,3,3,2,"AGAINST THE PROPOSITION - NO",,0,1,15,16,,
1/13/2015,"GARVIN","BRAY-DOYLE PUBLIC SCHOOLS INDEPENDENT SCHOOL DISTRICT NO. 042",56901,"PROPOSITION NO. 1  BRAY-DOYLE PUBLIC SCHOOLS",,2,2,1,"FOR THE PROPOSITION - YES",,0,0,0,0,,
1/13/2015,"GARVIN","BRAY-DOYLE PUBLIC SCHOOLS INDEPENDENT SCHOOL DISTRICT NO. 042",56901,"PROPOSITION NO. 1  BRAY-DOYLE PUBLIC SCHOOLS",,2,2,2,"AGAINST THE PROPOSITION - NO",,0,0,0,0,,
1/13/2015,"GARVIN","BRAY-DOYLE PUBLIC SCHOOLS INDEPENDENT SCHOOL DISTRICT NO. 042",56902,"PROPOSITION NO. 2  BRAY-DOYLE PUBLIC SCHOOLS",,2,2,1,"FOR THE PROPOSITION - YES",,0,0,0,0,,
1/13/2015,"GARVIN","BRAY-DOYLE PUBLIC SCHOOLS INDEPENDENT SCHOOL DISTRICT NO. 042",56902,"PROPOSITION NO. 2  BRAY-DOYLE PUBLIC SCHOOLS",,2,2,2,"AGAINST THE PROPOSITION - NO",,0,0,0,0,,
1/13/2015,"GRADY","TOWN OF ALEX",42601,"PROPOSITION  TOWN OF ALEX",,2,2,1,"FOR THE PROPOSITION - YES",,1,1,27,29,,
1/13/2015,"GRADY","TOWN OF ALEX",42601,"PROPOSITION  TOWN OF ALEX",,2,2,2,"AGAINST THE PROPOSITION - NO",,1,1,9,11,,
1/13/2015,"GRADY","BRAY-DOYLE PUBLIC SCHOOLS INDEPENDENT SCHOOL DISTRICT NO. 042",56901,"PROPOSITION NO. 1  BRAY-DOYLE PUBLIC SCHOOLS",,1,1,1,"FOR THE PROPOSITION - YES",,1,0,16,17,,
1/13/2015,"GRADY","BRAY-DOYLE PUBLIC SCHOOLS INDEPENDENT SCHOOL DISTRICT NO. 042",56901,"PROPOSITION NO. 1  BRAY-DOYLE PUBLIC SCHOOLS",,1,1,2,"AGAINST THE PROPOSITION - NO",,1,0,4,5,,
1/13/2015,"GRADY","BRAY-DOYLE PUBLIC SCHOOLS INDEPENDENT SCHOOL DISTRICT NO. 042",56902,"PROPOSITION NO. 2  BRAY-DOYLE PUBLIC SCHOOLS",,1,1,1,"FOR THE PROPOSITION - YES",,2,0,17,19,,
1/13/2015,"GRADY","BRAY-DOYLE PUBLIC SCHOOLS INDEPENDENT SCHOOL DISTRICT NO. 042",56902,"PROPOSITION NO. 2  BRAY-DOYLE PUBLIC SCHOOLS",,1,1,2,"AGAINST THE PROPOSITION - NO",,0,0,3,3,,
1/13/2015,"GRANT","TIMBERLAKE PUBLIC SCHOOLS INDEPENDENT SCHOOL DISTRICT NO. 093",50201,"PROPOSITION NO. 1  TIMBERLAKE PUBLIC SCHOOLS",,2,2,1,"FOR THE PROPOSITION - YES",,1,0,41,42,,
1/13/2015,"GRANT","TIMBERLAKE PUBLIC SCHOOLS INDEPENDENT SCHOOL DISTRICT NO. 093",50201,"PROPOSITION NO. 1  TIMBERLAKE PUBLIC SCHOOLS",,2,2,2,"AGAINST THE PROPOSITION - NO",,4,0,20,24,,
1/13/2015,"GRANT","TIMBERLAKE PUBLIC SCHOOLS INDEPENDENT SCHOOL DISTRICT NO. 093",50202,"PROPOSITION NO. 2  TIMBERLAKE PUBLIC SCHOOLS",,2,2,1,"FOR THE PROPOSITION - YES",,1,0,39,40,,
1/13/2015,"GRANT","TIMBERLAKE PUBLIC SCHOOLS INDEPENDENT SCHOOL DISTRICT NO. 093",50202,"PROPOSITION NO. 2  TIMBERLAKE PUBLIC SCHOOLS",,2,2,2,"AGAINST THE PROPOSITION - NO",,4,0,21,25,,
1/13/2015,"GREER","GREER COUNTY",11001,"FOR COUNTY COMMISSIONER DISTRICT NO. 2 (UNEXPIRED TERM)",DEM,3,3,1,"GREG STEHR",DEM,7,4,83,94,GREER
1/13/2015,"GREER","GREER COUNTY",11001,"FOR COUNTY COMMISSIONER DISTRICT NO. 2 (UNEXPIRED TERM)",DEM,3,3,2,"TERRY NICKELL",DEM,2,6,124,132,GREER
1/13/2015,"GREER","MERRITT PUBLIC SCHOOLS INDEPENDENT SCHOOL DISTRICT NO. 002",50502,"PROPOSITION  MERRITT PUBLIC SCHOOLS",,1,1,1,"FOR THE PROPOSITION - YES",,3,0,1,4,,
1/13/2015,"GREER","MERRITT PUBLIC SCHOOLS INDEPENDENT SCHOOL DISTRICT NO. 002",50502,"PROPOSITION  MERRITT PUBLIC SCHOOLS",,1,1,2,"AGAINST THE PROPOSITION - NO",,0,0,0,0,,
1/13/2015,"JACKSON","CITY OF ALTUS",43303,"FOR COUNCILMEMBER, WARD NO. 2  CITY OF ALTUS",,8,8,1,"KEVIN McAULIFFE",,11,46,428,485,JACKSON
1/13/2015,"JACKSON","CITY OF ALTUS",43303,"FOR COUNCILMEMBER, WARD NO. 2  CITY OF ALTUS",,8,8,2,"JIMMY GEIGLE",,4,30,246,280,JACKSON
1/13/2015,"JACKSON","CITY OF ALTUS",43307,"FOR STREET COMMISSIONER  CITY OF ALTUS",,8,8,1,"CHAD OSBORNE",,9,55,402,466,JACKSON
1/13/2015,"JACKSON","CITY OF ALTUS",43307,"FOR STREET COMMISSIONER  CITY OF ALTUS",,8,8,2,"PHILLIP BEAUCHAMP",,6,21,284,311,JACKSON
1/13/2015,"JOHNSTON","JOHNSTON COUNTY",30001,"COUNTY QUESTION",,14,14,1,"FOR THE PROPOSITION - YES",,3,15,194,212,,
1/13/2015,"JOHNSTON","JOHNSTON COUNTY",30001,"COUNTY QUESTION",,14,14,2,"AGAINST THE PROPOSITION - NO",,1,5,46,52,,
1/13/2015,"KAY","SHIDLER PUBLIC SCHOOLS INDEPENDENT SCHOOL DISTRICT NO. 011",55701,"PROPOSITION  SHIDLER PUBLIC SCHOOLS",,3,3,1,"FOR THE PROPOSITION - YES",,0,0,38,38,,
1/13/2015,"KAY","SHIDLER PUBLIC SCHOOLS INDEPENDENT SCHOOL DISTRICT NO. 011",55701,"PROPOSITION  SHIDLER PUBLIC SCHOOLS",,3,3,2,"AGAINST THE PROPOSITION - NO",,0,0,2,2,,
1/13/2015,"KINGFISHER","COVINGTON-DOUGLAS SCHOOLS INDEPENDENT SCHOOL DISTRICT NO. 094",52401,"PROPOSITION NO. 1  COVINGTON-DOUGLAS SCHOOLS",,1,1,1,"FOR THE PROPOSITION - YES",,0,0,0,0,,
1/13/2015,"KINGFISHER","COVINGTON-DOUGLAS SCHOOLS INDEPENDENT SCHOOL DISTRICT NO. 094",52401,"PROPOSITION NO. 1  COVINGTON-DOUGLAS SCHOOLS",,1,1,2,"AGAINST THE PROPOSITION - NO",,0,0,0,0,,
1/13/2015,"KINGFISHER","COVINGTON-DOUGLAS SCHOOLS INDEPENDENT SCHOOL DISTRICT NO. 094",52402,"PROPOSITION NO. 2  COVINGTON-DOUGLAS SCHOOLS",,1,1,1,"FOR THE PROPOSITION - YES",,0,0,0,0,,
1/13/2015,"KINGFISHER","COVINGTON-DOUGLAS SCHOOLS INDEPENDENT SCHOOL DISTRICT NO. 094",52402,"PROPOSITION NO. 2  COVINGTON-DOUGLAS SCHOOLS",,1,1,2,"AGAINST THE PROPOSITION - NO",,0,0,0,0,,
1/13/2015,"LEFLORE","TOWN OF PANAMA",44001,"PROPOSITION  TOWN OF PANAMA",,3,3,1,"FOR THE PROPOSITION - YES",,1,0,35,36,,
1/13/2015,"LEFLORE","TOWN OF PANAMA",44001,"PROPOSITION  TOWN OF PANAMA",,3,3,2,"AGAINST THE PROPOSITION - NO",,0,0,52,52,,
1/13/2015,"LOGAN","COVINGTON-DOUGLAS SCHOOLS INDEPENDENT SCHOOL DISTRICT NO. 094",52401,"PROPOSITION NO. 1  COVINGTON-DOUGLAS SCHOOLS",,2,2,1,"FOR THE PROPOSITION - YES",,0,0,18,18,,
1/13/2015,"LOGAN","COVINGTON-DOUGLAS SCHOOLS INDEPENDENT SCHOOL DISTRICT NO. 094",52401,"PROPOSITION NO. 1  COVINGTON-DOUGLAS SCHOOLS",,2,2,2,"AGAINST THE PROPOSITION - NO",,0,0,6,6,,
1/13/2015,"LOGAN","COVINGTON-DOUGLAS SCHOOLS INDEPENDENT SCHOOL DISTRICT NO. 094",52402,"PROPOSITION NO. 2  COVINGTON-DOUGLAS SCHOOLS",,2,2,1,"FOR THE PROPOSITION - YES",,0,0,20,20,,
1/13/2015,"LOGAN","COVINGTON-DOUGLAS SCHOOLS INDEPENDENT SCHOOL DISTRICT NO. 094",52402,"PROPOSITION NO. 2  COVINGTON-DOUGLAS SCHOOLS",,2,2,2,"AGAINST THE PROPOSITION - NO",,0,0,4,4,,
1/13/2015,"MAJOR","TIMBERLAKE PUBLIC SCHOOLS INDEPENDENT SCHOOL DISTRICT NO. 093",50201,"PROPOSITION NO. 1  TIMBERLAKE PUBLIC SCHOOLS",,1,1,1,"FOR THE PROPOSITION - YES",,0,0,0,0,,
1/13/2015,"MAJOR","TIMBERLAKE PUBLIC SCHOOLS INDEPENDENT SCHOOL DISTRICT NO. 093",50201,"PROPOSITION NO. 1  TIMBERLAKE PUBLIC SCHOOLS",,1,1,2,"AGAINST THE PROPOSITION - NO",,0,0,0,0,,
1/13/2015,"MAJOR","TIMBERLAKE PUBLIC SCHOOLS INDEPENDENT SCHOOL DISTRICT NO. 093",50202,"PROPOSITION NO. 2  TIMBERLAKE PUBLIC SCHOOLS",,1,1,1,"FOR THE PROPOSITION - YES",,0,0,0,0,,
1/13/2015,"MAJOR","TIMBERLAKE PUBLIC SCHOOLS INDEPENDENT SCHOOL DISTRICT NO. 093",50202,"PROPOSITION NO. 2  TIMBERLAKE PUBLIC SCHOOLS",,1,1,2,"AGAINST THE PROPOSITION - NO",,0,0,0,0,,
1/13/2015,"MAYES","TOWN OF LANGLEY",44901,"PROPOSITION  TOWN OF LANGLEY",,1,1,1,"FOR THE PROPOSITION - YES",,0,0,6,6,,
1/13/2015,"MAYES","TOWN OF LANGLEY",44901,"PROPOSITION  TOWN OF LANGLEY",,1,1,2,"AGAINST THE PROPOSITION - NO",,0,0,3,3,,
1/13/2015,"NOBLE","COVINGTON-DOUGLAS SCHOOLS INDEPENDENT SCHOOL DISTRICT NO. 094",52401,"PROPOSITION NO. 1  COVINGTON-DOUGLAS SCHOOLS",,1,1,1,"FOR THE PROPOSITION - YES",,0,5,10,15,,
1/13/2015,"NOBLE","COVINGTON-DOUGLAS SCHOOLS INDEPENDENT SCHOOL DISTRICT NO. 094",52401,"PROPOSITION NO. 1  COVINGTON-DOUGLAS SCHOOLS",,1,1,2,"AGAINST THE PROPOSITION - NO",,0,0,0,0,,
1/13/2015,"NOBLE","COVINGTON-DOUGLAS SCHOOLS INDEPENDENT SCHOOL DISTRICT NO. 094",52402,"PROPOSITION NO. 2  COVINGTON-DOUGLAS SCHOOLS",,1,1,1,"FOR THE PROPOSITION - YES",,0,5,10,15,,
1/13/2015,"NOBLE","COVINGTON-DOUGLAS SCHOOLS INDEPENDENT SCHOOL DISTRICT NO. 094",52402,"PROPOSITION NO. 2  COVINGTON-DOUGLAS SCHOOLS",,1,1,2,"AGAINST THE PROPOSITION - NO",,0,0,0,0,,
1/13/2015,"OKLAHOMA","CITY OF NICHOLS HILLS",45501,"PROPOSITION NO. 1 (STREETS)  CITY OF NICHOLS HILLS",,6,6,1,"FOR THE PROPOSITION - YES",,45,3,297,345,,
1/13/2015,"OKLAHOMA","CITY OF NICHOLS HILLS",45501,"PROPOSITION NO. 1 (STREETS)  CITY OF NICHOLS HILLS",,6,6,2,"AGAINST THE PROPOSITION - NO",,7,0,19,26,,
1/13/2015,"OKLAHOMA","CITY OF NICHOLS HILLS",45502,"PROPOSITION NO. 2 (WATER SYSTEM)  CITY OF NICHOLS HILLS",,6,6,1,"FOR THE PROPOSITION - YES",,47,3,306,356,,
1/13/2015,"OKLAHOMA","CITY OF NICHOLS HILLS",45502,"PROPOSITION NO. 2 (WATER SYSTEM)  CITY OF NICHOLS HILLS",,6,6,2,"AGAINST THE PROPOSITION - NO",,4,0,10,14,,
1/13/2015,"OKLAHOMA","CITY OF NICHOLS HILLS",45503,"PROPOSITION NO. 3 (SANITARY SEWER SYSTEM)  CITY OF NICHOLS HILLS",,6,6,1,"FOR THE PROPOSITION - YES",,46,3,302,351,,
1/13/2015,"OKLAHOMA","CITY OF NICHOLS HILLS",45503,"PROPOSITION NO. 3 (SANITARY SEWER SYSTEM)  CITY OF NICHOLS HILLS",,6,6,2,"AGAINST THE PROPOSITION - NO",,6,0,11,17,,
1/13/2015,"OKLAHOMA","CITY OF NICHOLS HILLS",45504,"PROPOSITION NO. 4 (TRAFFIC CONTROL SYSTEM)  CITY OF NICHOLS HILLS",,6,6,1,"FOR THE PROPOSITION - YES",,41,3,280,324,,
1/13/2015,"OKLAHOMA","CITY OF NICHOLS HILLS",45504,"PROPOSITION NO. 4 (TRAFFIC CONTROL SYSTEM)  CITY OF NICHOLS HILLS",,6,6,2,"AGAINST THE PROPOSITION - NO",,11,0,34,45,,
1/13/2015,"OKLAHOMA","CITY OF NICHOLS HILLS",45505,"PROPOSITION NO. 5 (PUBLIC WORKS FACILITY IMPROVEMENTS)  CITY OF NICHOLS HILLS",,6,6,1,"FOR THE PROPOSITION - YES",,45,3,286,334,,
1/13/2015,"OKLAHOMA","CITY OF NICHOLS HILLS",45505,"PROPOSITION NO. 5 (PUBLIC WORKS FACILITY IMPROVEMENTS)  CITY OF NICHOLS HILLS",,6,6,2,"AGAINST THE PROPOSITION - NO",,7,0,29,36,,
1/13/2015,"OKLAHOMA","CITY OF NICHOLS HILLS",45506,"PROPOSITION NO. 6 (DRAINAGE CONTROL SYSTEM)  CITY OF NICHOLS HILLS",,6,6,1,"FOR THE PROPOSITION - YES",,46,3,284,333,,
1/13/2015,"OKLAHOMA","CITY OF NICHOLS HILLS",45506,"PROPOSITION NO. 6 (DRAINAGE CONTROL SYSTEM)  CITY OF NICHOLS HILLS",,6,6,2,"AGAINST THE PROPOSITION - NO",,6,0,20,26,,
1/13/2015,"OKLAHOMA","CITY OF NICHOLS HILLS",45507,"PROPOSITION NO. 7 (PARKS)  CITY OF NICHOLS HILLS",,6,6,1,"FOR THE PROPOSITION - YES",,37,3,261,301,,
1/13/2015,"OKLAHOMA","CITY OF NICHOLS HILLS",45507,"PROPOSITION NO. 7 (PARKS)  CITY OF NICHOLS HILLS",,6,6,2,"AGAINST THE PROPOSITION - NO",,15,0,44,59,,
1/13/2015,"OKLAHOMA","CITY OF NICHOLS HILLS",45508,"PROPOSITION NO. 8 (TOWN HALL)  CITY OF NICHOLS HILLS",,6,6,1,"FOR THE PROPOSITION - YES",,35,3,257,295,,
1/13/2015,"OKLAHOMA","CITY OF NICHOLS HILLS",45508,"PROPOSITION NO. 8 (TOWN HALL)  CITY OF NICHOLS HILLS",,6,6,2,"AGAINST THE PROPOSITION - NO",,17,0,48,65,,
1/13/2015,"OKLAHOMA","CITY OF NICHOLS HILLS",45509,"PROPOSITION NO. 9 (COMMUNICATIONS AND DATA SYSTEMS)  CITY OF NICHOLS HILLS",,6,6,1,"FOR THE PROPOSITION - YES",,42,3,279,324,,
1/13/2015,"OKLAHOMA","CITY OF NICHOLS HILLS",45509,"PROPOSITION NO. 9 (COMMUNICATIONS AND DATA SYSTEMS)  CITY OF NICHOLS HILLS",,6,6,2,"AGAINST THE PROPOSITION - NO",,9,0,25,34,,
1/13/2015,"OSAGE","SHIDLER PUBLIC SCHOOLS INDEPENDENT SCHOOL DISTRICT NO. 011",55701,"PROPOSITION  SHIDLER PUBLIC SCHOOLS",,4,4,1,"FOR THE PROPOSITION - YES",,1,0,113,114,,
1/13/2015,"OSAGE","SHIDLER PUBLIC SCHOOLS INDEPENDENT SCHOOL DISTRICT NO. 011",55701,"PROPOSITION  SHIDLER PUBLIC SCHOOLS",,4,4,2,"AGAINST THE PROPOSITION - NO",,6,0,29,35,,
1/13/2015,"PAWNEE","YALE PUBLIC SCHOOLS INDEPENDENT SCHOOL DISTRICT NO. 103",56001,"PROPOSITION NO. 1  YALE PUBLIC SCHOOLS",,2,2,1,"FOR THE PROPOSITION - YES",,0,0,7,7,,
1/13/2015,"PAWNEE","YALE PUBLIC SCHOOLS INDEPENDENT SCHOOL DISTRICT NO. 103",56001,"PROPOSITION NO. 1  YALE PUBLIC SCHOOLS",,2,2,2,"AGAINST THE PROPOSITION - NO",,0,0,4,4,,
1/13/2015,"PAWNEE","YALE PUBLIC SCHOOLS INDEPENDENT SCHOOL DISTRICT NO. 103",56002,"PROPOSITION NO. 2  YALE PUBLIC SCHOOLS",,2,2,1,"FOR THE PROPOSITION - YES",,0,0,5,5,,
1/13/2015,"PAWNEE","YALE PUBLIC SCHOOLS INDEPENDENT SCHOOL DISTRICT NO. 103",56002,"PROPOSITION NO. 2  YALE PUBLIC SCHOOLS",,2,2,2,"AGAINST THE PROPOSITION - NO",,0,0,7,7,,
1/13/2015,"PAYNE","YALE PUBLIC SCHOOLS INDEPENDENT SCHOOL DISTRICT NO. 103",56001,"PROPOSITION NO. 1  YALE PUBLIC SCHOOLS",,4,4,1,"FOR THE PROPOSITION - YES",,4,0,207,211,,
1/13/2015,"PAYNE","YALE PUBLIC SCHOOLS INDEPENDENT SCHOOL DISTRICT NO. 103",56001,"PROPOSITION NO. 1  YALE PUBLIC SCHOOLS",,4,4,2,"AGAINST THE PROPOSITION - NO",,4,0,53,57,,
1/13/2015,"PAYNE","YALE PUBLIC SCHOOLS INDEPENDENT SCHOOL DISTRICT NO. 103",56002,"PROPOSITION NO. 2  YALE PUBLIC SCHOOLS",,4,4,1,"FOR THE PROPOSITION - YES",,4,0,202,206,,
1/13/2015,"PAYNE","YALE PUBLIC SCHOOLS INDEPENDENT SCHOOL DISTRICT NO. 103",56002,"PROPOSITION NO. 2  YALE PUBLIC SCHOOLS",,4,4,2,"AGAINST THE PROPOSITION - NO",,4,0,59,63,,
1/13/2015,"PONTOTOC","CITY OF ADA",46201,"PROPOSITION  CITY OF ADA",,9,9,1,"FOR THE PROPOSITION - YES",,36,47,716,799,,
1/13/2015,"PONTOTOC","CITY OF ADA",46201,"PROPOSITION  CITY OF ADA",,9,9,2,"AGAINST THE PROPOSITION - NO",,12,19,193,224,,
1/13/2015,"ROGER MILLS","ELK CITY PUBLIC SCHOOLS INDEPENDENT SCHOOL DISTRICT NO. 006",50501,"PROPOSITION  ELK CITY PUBLIC SCHOOLS",,1,1,1,"FOR THE PROPOSITION - YES",,1,0,0,1,,
1/13/2015,"ROGER MILLS","ELK CITY PUBLIC SCHOOLS INDEPENDENT SCHOOL DISTRICT NO. 006",50501,"PROPOSITION  ELK CITY PUBLIC SCHOOLS",,1,1,2,"AGAINST THE PROPOSITION - NO",,0,0,0,0,,
1/13/2015,"ROGER MILLS","MERRITT PUBLIC SCHOOLS INDEPENDENT SCHOOL DISTRICT NO. 002",50502,"PROPOSITION  MERRITT PUBLIC SCHOOLS",,1,1,1,"FOR THE PROPOSITION - YES",,0,0,0,0,,
1/13/2015,"ROGER MILLS","MERRITT PUBLIC SCHOOLS INDEPENDENT SCHOOL DISTRICT NO. 002",50502,"PROPOSITION  MERRITT PUBLIC SCHOOLS",,1,1,2,"AGAINST THE PROPOSITION - NO",,0,0,0,0,,
1/13/2015,"ROGERS","CITY OF OWASSO",47201,"PROPOSITION  CITY OF OWASSO",,2,2,1,"FOR THE PROPOSITION - YES",,3,0,92,95,,
1/13/2015,"ROGERS","CITY OF OWASSO",47201,"PROPOSITION  CITY OF OWASSO",,2,2,2,"AGAINST THE PROPOSITION - NO",,1,1,15,17,,
1/13/2015,"SEMINOLE","CITY OF KONAWA",46701,"PROPOSITION  CITY OF KONAWA",,1,1,1,"FOR THE PROPOSITION - YES",,0,0,35,35,,
1/13/2015,"SEMINOLE","CITY OF KONAWA",46701,"PROPOSITION  CITY OF KONAWA",,1,1,2,"AGAINST THE PROPOSITION - NO",,0,0,1,1,,
1/13/2015,"STEPHENS","BRAY-DOYLE PUBLIC SCHOOLS INDEPENDENT SCHOOL DISTRICT NO. 042",56901,"PROPOSITION NO. 1  BRAY-DOYLE PUBLIC SCHOOLS",,8,8,1,"FOR THE PROPOSITION - YES",,1,4,154,159,,
1/13/2015,"STEPHENS","BRAY-DOYLE PUBLIC SCHOOLS INDEPENDENT SCHOOL DISTRICT NO. 042",56901,"PROPOSITION NO. 1  BRAY-DOYLE PUBLIC SCHOOLS",,8,8,2,"AGAINST THE PROPOSITION - NO",,2,0,72,74,,
1/13/2015,"STEPHENS","BRAY-DOYLE PUBLIC SCHOOLS INDEPENDENT SCHOOL DISTRICT NO. 042",56902,"PROPOSITION NO. 2  BRAY-DOYLE PUBLIC SCHOOLS",,8,8,1,"FOR THE PROPOSITION - YES",,1,3,164,168,,
1/13/2015,"STEPHENS","BRAY-DOYLE PUBLIC SCHOOLS INDEPENDENT SCHOOL DISTRICT NO. 042",56902,"PROPOSITION NO. 2  BRAY-DOYLE PUBLIC SCHOOLS",,8,8,2,"AGAINST THE PROPOSITION - NO",,2,1,63,66,,
1/13/2015,"STEPHENS","VELMA-ALMA PUBLIC SCHOOLS INDEPENDENT SCHOOL DISTRICT NO. 015",56903,"PROPOSITION  VELMA-ALMA PUBLIC SCHOOLS",,5,5,1,"FOR THE PROPOSITION - YES",,1,2,226,229,,
1/13/2015,"STEPHENS","VELMA-ALMA PUBLIC SCHOOLS INDEPENDENT SCHOOL DISTRICT NO. 015",56903,"PROPOSITION  VELMA-ALMA PUBLIC SCHOOLS",,5,5,2,"AGAINST THE PROPOSITION - NO",,0,0,25,25,,
1/13/2015,"TULSA","CITY OF OWASSO",47201,"PROPOSITION  CITY OF OWASSO",,11,11,1,"FOR THE PROPOSITION - YES",,37,5,1472,1514,,
1/13/2015,"TULSA","CITY OF OWASSO",47201,"PROPOSITION  CITY OF OWASSO",,11,11,2,"AGAINST THE PROPOSITION - NO",,16,0,472,488,,
1/13/2015,"WASHITA","ELK CITY PUBLIC SCHOOLS INDEPENDENT SCHOOL DISTRICT NO. 006",50501,"PROPOSITION  ELK CITY PUBLIC SCHOOLS",,1,1,1,"FOR THE PROPOSITION - YES",,8,0,0,8,,
1/13/2015,"WASHITA","ELK CITY PUBLIC SCHOOLS INDEPENDENT SCHOOL DISTRICT NO. 006",50501,"PROPOSITION  ELK CITY PUBLIC SCHOOLS",,1,1,2,"AGAINST THE PROPOSITION - NO",,4,2,0,6,,
1/13/2015,"WASHITA","WEATHERFORD PUBLIC SCHOOLS INDEPENDENT SCHOOL DISTRICT NO. 026",52001,"PROPOSITION  WEATHERFORD PUBLIC SCHOOLS",,1,1,1,"FOR THE PROPOSITION - YES",,2,0,0,2,,
1/13/2015,"WASHITA","WEATHERFORD PUBLIC SCHOOLS INDEPENDENT SCHOOL DISTRICT NO. 026",52001,"PROPOSITION  WEATHERFORD PUBLIC SCHOOLS",,1,1,2,"AGAINST THE PROPOSITION - NO",,2,0,0,2,,
