elec_date,precinct,entity_description,race_number,race_description,race_party,tot_race_prec,race_prec_reporting,cand_number,cand_name,cand_party,cand_absmail_votes,cand_early_votes,cand_elecday_votes,cand_tot_votes,race_county_owner
8/11/2015,"160001","CITY OF LAWTON",41602,"PROPOSITION  CITY OF LAWTON",,28,28,1,"FOR THE PROPOSITION - YES",,13,3,104,120,,
8/11/2015,"160001","CITY OF LAWTON",41602,"PROPOSITION  CITY OF LAWTON",,28,28,2,"AGAINST THE PROPOSITION - NO",,1,0,62,63,,
8/11/2015,"160002","CITY OF LAWTON",41602,"PROPOSITION  CITY OF LAWTON",,28,28,1,"FOR THE PROPOSITION - YES",,5,5,66,76,,
8/11/2015,"160002","CITY OF LAWTON",41602,"PROPOSITION  CITY OF LAWTON",,28,28,2,"AGAINST THE PROPOSITION - NO",,2,3,45,50,,
8/11/2015,"160003","CITY OF LAWTON",41602,"PROPOSITION  CITY OF LAWTON",,28,28,1,"FOR THE PROPOSITION - YES",,1,2,53,56,,
8/11/2015,"160003","CITY OF LAWTON",41602,"PROPOSITION  CITY OF LAWTON",,28,28,2,"AGAINST THE PROPOSITION - NO",,2,0,46,48,,
8/11/2015,"160007","CITY OF LAWTON",41602,"PROPOSITION  CITY OF LAWTON",,28,28,1,"FOR THE PROPOSITION - YES",,0,6,62,68,,
8/11/2015,"160007","CITY OF LAWTON",41602,"PROPOSITION  CITY OF LAWTON",,28,28,2,"AGAINST THE PROPOSITION - NO",,0,1,54,55,,
8/11/2015,"160008","CITY OF LAWTON",41602,"PROPOSITION  CITY OF LAWTON",,28,28,1,"FOR THE PROPOSITION - YES",,10,14,101,125,,
8/11/2015,"160008","CITY OF LAWTON",41602,"PROPOSITION  CITY OF LAWTON",,28,28,2,"AGAINST THE PROPOSITION - NO",,1,8,55,64,,
8/11/2015,"160009","CITY OF LAWTON",41602,"PROPOSITION  CITY OF LAWTON",,28,28,1,"FOR THE PROPOSITION - YES",,0,5,72,77,,
8/11/2015,"160009","CITY OF LAWTON",41602,"PROPOSITION  CITY OF LAWTON",,28,28,2,"AGAINST THE PROPOSITION - NO",,1,6,69,76,,
8/11/2015,"160011","CITY OF LAWTON",41602,"PROPOSITION  CITY OF LAWTON",,28,28,1,"FOR THE PROPOSITION - YES",,3,1,30,34,,
8/11/2015,"160011","CITY OF LAWTON",41602,"PROPOSITION  CITY OF LAWTON",,28,28,2,"AGAINST THE PROPOSITION - NO",,2,0,35,37,,
8/11/2015,"160013","CITY OF LAWTON",41602,"PROPOSITION  CITY OF LAWTON",,28,28,1,"FOR THE PROPOSITION - YES",,10,6,56,72,,
8/11/2015,"160013","CITY OF LAWTON",41602,"PROPOSITION  CITY OF LAWTON",,28,28,2,"AGAINST THE PROPOSITION - NO",,0,1,65,66,,
8/11/2015,"160014","CITY OF LAWTON",41602,"PROPOSITION  CITY OF LAWTON",,28,28,1,"FOR THE PROPOSITION - YES",,0,0,0,0,,
8/11/2015,"160014","CITY OF LAWTON",41602,"PROPOSITION  CITY OF LAWTON",,28,28,2,"AGAINST THE PROPOSITION - NO",,0,0,0,0,,
8/11/2015,"160015","CITY OF LAWTON",41602,"PROPOSITION  CITY OF LAWTON",,28,28,1,"FOR THE PROPOSITION - YES",,8,10,83,101,,
8/11/2015,"160015","CITY OF LAWTON",41602,"PROPOSITION  CITY OF LAWTON",,28,28,2,"AGAINST THE PROPOSITION - NO",,2,4,47,53,,
8/11/2015,"160017","CITY OF LAWTON",41602,"PROPOSITION  CITY OF LAWTON",,28,28,1,"FOR THE PROPOSITION - YES",,8,7,92,107,,
8/11/2015,"160017","CITY OF LAWTON",41602,"PROPOSITION  CITY OF LAWTON",,28,28,2,"AGAINST THE PROPOSITION - NO",,3,3,54,60,,
8/11/2015,"160019","CITY OF LAWTON",41602,"PROPOSITION  CITY OF LAWTON",,28,28,1,"FOR THE PROPOSITION - YES",,1,2,61,64,,
8/11/2015,"160019","CITY OF LAWTON",41602,"PROPOSITION  CITY OF LAWTON",,28,28,2,"AGAINST THE PROPOSITION - NO",,0,4,41,45,,
8/11/2015,"160020","CITY OF LAWTON",41602,"PROPOSITION  CITY OF LAWTON",,28,28,1,"FOR THE PROPOSITION - YES",,3,3,27,33,,
8/11/2015,"160020","CITY OF LAWTON",41602,"PROPOSITION  CITY OF LAWTON",,28,28,2,"AGAINST THE PROPOSITION - NO",,1,2,28,31,,
8/11/2015,"160021","CITY OF LAWTON",41602,"PROPOSITION  CITY OF LAWTON",,28,28,1,"FOR THE PROPOSITION - YES",,3,5,43,51,,
8/11/2015,"160021","CITY OF LAWTON",41602,"PROPOSITION  CITY OF LAWTON",,28,28,2,"AGAINST THE PROPOSITION - NO",,0,0,36,36,,
8/11/2015,"160025","CITY OF LAWTON",41602,"PROPOSITION  CITY OF LAWTON",,28,28,1,"FOR THE PROPOSITION - YES",,2,2,13,17,,
8/11/2015,"160025","CITY OF LAWTON",41602,"PROPOSITION  CITY OF LAWTON",,28,28,2,"AGAINST THE PROPOSITION - NO",,2,0,7,9,,
8/11/2015,"160026","CITY OF LAWTON",41602,"PROPOSITION  CITY OF LAWTON",,28,28,1,"FOR THE PROPOSITION - YES",,0,0,11,11,,
8/11/2015,"160026","CITY OF LAWTON",41602,"PROPOSITION  CITY OF LAWTON",,28,28,2,"AGAINST THE PROPOSITION - NO",,0,0,33,33,,
8/11/2015,"160027","CITY OF LAWTON",41602,"PROPOSITION  CITY OF LAWTON",,28,28,1,"FOR THE PROPOSITION - YES",,1,0,13,14,,
8/11/2015,"160027","CITY OF LAWTON",41602,"PROPOSITION  CITY OF LAWTON",,28,28,2,"AGAINST THE PROPOSITION - NO",,1,0,19,20,,
8/11/2015,"160029","CITY OF LAWTON",41602,"PROPOSITION  CITY OF LAWTON",,28,28,1,"FOR THE PROPOSITION - YES",,0,0,23,23,,
8/11/2015,"160029","CITY OF LAWTON",41602,"PROPOSITION  CITY OF LAWTON",,28,28,2,"AGAINST THE PROPOSITION - NO",,0,0,10,10,,
8/11/2015,"160030","CITY OF LAWTON",41602,"PROPOSITION  CITY OF LAWTON",,28,28,1,"FOR THE PROPOSITION - YES",,0,2,23,25,,
8/11/2015,"160030","CITY OF LAWTON",41602,"PROPOSITION  CITY OF LAWTON",,28,28,2,"AGAINST THE PROPOSITION - NO",,0,0,14,14,,
8/11/2015,"160031","CITY OF LAWTON",41602,"PROPOSITION  CITY OF LAWTON",,28,28,1,"FOR THE PROPOSITION - YES",,6,11,156,173,,
8/11/2015,"160031","CITY OF LAWTON",41602,"PROPOSITION  CITY OF LAWTON",,28,28,2,"AGAINST THE PROPOSITION - NO",,2,5,74,81,,
8/11/2015,"160032","CITY OF LAWTON",41602,"PROPOSITION  CITY OF LAWTON",,28,28,1,"FOR THE PROPOSITION - YES",,0,0,10,10,,
8/11/2015,"160032","CITY OF LAWTON",41602,"PROPOSITION  CITY OF LAWTON",,28,28,2,"AGAINST THE PROPOSITION - NO",,0,1,1,2,,
8/11/2015,"160033","CITY OF LAWTON",41602,"PROPOSITION  CITY OF LAWTON",,28,28,1,"FOR THE PROPOSITION - YES",,5,0,21,26,,
8/11/2015,"160033","CITY OF LAWTON",41602,"PROPOSITION  CITY OF LAWTON",,28,28,2,"AGAINST THE PROPOSITION - NO",,0,1,17,18,,
8/11/2015,"160034","CITY OF LAWTON",41602,"PROPOSITION  CITY OF LAWTON",,28,28,1,"FOR THE PROPOSITION - YES",,2,11,72,85,,
8/11/2015,"160034","CITY OF LAWTON",41602,"PROPOSITION  CITY OF LAWTON",,28,28,2,"AGAINST THE PROPOSITION - NO",,4,6,59,69,,
8/11/2015,"160038","CITY OF ELGIN",41601,"PROPOSITION  CITY OF ELGIN",,1,1,1,"FOR THE PROPOSITION - YES",,2,2,43,47,,
8/11/2015,"160038","CITY OF ELGIN",41601,"PROPOSITION  CITY OF ELGIN",,1,1,2,"AGAINST THE PROPOSITION - NO",,0,0,4,4,,
8/11/2015,"160042","CITY OF LAWTON",41602,"PROPOSITION  CITY OF LAWTON",,28,28,1,"FOR THE PROPOSITION - YES",,0,0,0,0,,
8/11/2015,"160042","CITY OF LAWTON",41602,"PROPOSITION  CITY OF LAWTON",,28,28,2,"AGAINST THE PROPOSITION - NO",,0,0,0,0,,
8/11/2015,"160043","CITY OF LAWTON",41602,"PROPOSITION  CITY OF LAWTON",,28,28,1,"FOR THE PROPOSITION - YES",,0,0,8,8,,
8/11/2015,"160043","CITY OF LAWTON",41602,"PROPOSITION  CITY OF LAWTON",,28,28,2,"AGAINST THE PROPOSITION - NO",,0,2,3,5,,
8/11/2015,"160045","CITY OF LAWTON",41602,"PROPOSITION  CITY OF LAWTON",,28,28,1,"FOR THE PROPOSITION - YES",,1,0,3,4,,
8/11/2015,"160045","CITY OF LAWTON",41602,"PROPOSITION  CITY OF LAWTON",,28,28,2,"AGAINST THE PROPOSITION - NO",,0,1,0,1,,
8/11/2015,"160050","CITY OF LAWTON",41602,"PROPOSITION  CITY OF LAWTON",,28,28,1,"FOR THE PROPOSITION - YES",,6,7,163,176,,
8/11/2015,"160050","CITY OF LAWTON",41602,"PROPOSITION  CITY OF LAWTON",,28,28,2,"AGAINST THE PROPOSITION - NO",,2,10,69,81,,
8/11/2015,"160051","CITY OF LAWTON",41602,"PROPOSITION  CITY OF LAWTON",,28,28,1,"FOR THE PROPOSITION - YES",,0,0,0,0,,
8/11/2015,"160051","CITY OF LAWTON",41602,"PROPOSITION  CITY OF LAWTON",,28,28,2,"AGAINST THE PROPOSITION - NO",,0,0,0,0,,
8/11/2015,"200001","CITY OF CLINTON HOME RULE CHARTER",42002,"FOR COUNCILMAN WARD 3  CITY OF CLINTON",,3,3,1,"CHUY ROSALES",,0,1,5,6,,
8/11/2015,"200001","CITY OF CLINTON HOME RULE CHARTER",42002,"FOR COUNCILMAN WARD 3  CITY OF CLINTON",,3,3,2,"PAUL L. BROWN",,0,0,1,1,,
8/11/2015,"200001","CITY OF CLINTON HOME RULE CHARTER",42002,"FOR COUNCILMAN WARD 3  CITY OF CLINTON",,3,3,3,"LEON KINDER",,0,0,2,2,,
8/11/2015,"200005","CITY OF CLINTON HOME RULE CHARTER",42002,"FOR COUNCILMAN WARD 3  CITY OF CLINTON",,3,3,1,"CHUY ROSALES",,2,1,102,105,,
8/11/2015,"200005","CITY OF CLINTON HOME RULE CHARTER",42002,"FOR COUNCILMAN WARD 3  CITY OF CLINTON",,3,3,2,"PAUL L. BROWN",,3,0,62,65,,
8/11/2015,"200005","CITY OF CLINTON HOME RULE CHARTER",42002,"FOR COUNCILMAN WARD 3  CITY OF CLINTON",,3,3,3,"LEON KINDER",,2,1,82,85,,
8/11/2015,"200007","CITY OF CLINTON HOME RULE CHARTER",42002,"FOR COUNCILMAN WARD 3  CITY OF CLINTON",,3,3,1,"CHUY ROSALES",,0,0,6,6,,
8/11/2015,"200007","CITY OF CLINTON HOME RULE CHARTER",42002,"FOR COUNCILMAN WARD 3  CITY OF CLINTON",,3,3,2,"PAUL L. BROWN",,0,0,12,12,,
8/11/2015,"200007","CITY OF CLINTON HOME RULE CHARTER",42002,"FOR COUNCILMAN WARD 3  CITY OF CLINTON",,3,3,3,"LEON KINDER",,1,3,10,14,,
8/11/2015,"200018","CITY OF WEATHERFORD",42003,"FOR MAYOR  CITY OF WEATHERFORD",,4,4,1,"MIKE D. BROWN",,5,3,181,189,,
8/11/2015,"200018","CITY OF WEATHERFORD",42003,"FOR MAYOR  CITY OF WEATHERFORD",,4,4,2,"WARREN GOLDMANN",,2,5,141,148,,
8/11/2015,"200019","CITY OF WEATHERFORD",42003,"FOR MAYOR  CITY OF WEATHERFORD",,4,4,1,"MIKE D. BROWN",,11,8,277,296,,
8/11/2015,"200019","CITY OF WEATHERFORD",42003,"FOR MAYOR  CITY OF WEATHERFORD",,4,4,2,"WARREN GOLDMANN",,12,8,215,235,,
8/11/2015,"200020","CITY OF WEATHERFORD",42003,"FOR MAYOR  CITY OF WEATHERFORD",,4,4,1,"MIKE D. BROWN",,11,8,290,309,,
8/11/2015,"200020","CITY OF WEATHERFORD",42003,"FOR MAYOR  CITY OF WEATHERFORD",,4,4,2,"WARREN GOLDMANN",,3,2,177,182,,
8/11/2015,"200021","CITY OF WEATHERFORD",42003,"FOR MAYOR  CITY OF WEATHERFORD",,4,4,1,"MIKE D. BROWN",,10,1,177,188,,
8/11/2015,"200021","CITY OF WEATHERFORD",42003,"FOR MAYOR  CITY OF WEATHERFORD",,4,4,2,"WARREN GOLDMANN",,2,4,168,174,,
8/11/2015,"240106","TOWN OF COVINGTON",42401,"PROPOSITION  TOWN OF COVINGTON",,1,1,1,"FOR THE PROPOSITION - YES",,0,0,47,47,,
8/11/2015,"240106","TOWN OF COVINGTON",42401,"PROPOSITION  TOWN OF COVINGTON",,1,1,2,"AGAINST THE PROPOSITION - NO",,0,0,0,0,,
8/11/2015,"260029","CITY OF MINCO",42601,"FOR MAYOR (UNEXPIRED TERM)  CITY OF MINCO",,1,1,1,"SUSAN HOLLANDSWORTH",,3,2,173,178,,
8/11/2015,"260029","CITY OF MINCO",42601,"FOR MAYOR (UNEXPIRED TERM)  CITY OF MINCO",,1,1,2,"KEITH  McMULLEN",,2,0,189,191,,
8/11/2015,"370101","KINGFISHER PUBLIC SCHOOLS INDEPENDENT SCHOOL DISTRICT NO. 007",53701,"PROPOSITION  KINGFISHER PUBLIC SCHOOLS",,10,10,1,"FOR THE PROPOSITION - YES",,0,7,135,142,,
8/11/2015,"370101","KINGFISHER PUBLIC SCHOOLS INDEPENDENT SCHOOL DISTRICT NO. 007",53701,"PROPOSITION  KINGFISHER PUBLIC SCHOOLS",,10,10,2,"AGAINST THE PROPOSITION - NO",,1,5,29,35,,
8/11/2015,"370102","KINGFISHER PUBLIC SCHOOLS INDEPENDENT SCHOOL DISTRICT NO. 007",53701,"PROPOSITION  KINGFISHER PUBLIC SCHOOLS",,10,10,1,"FOR THE PROPOSITION - YES",,0,1,35,36,,
8/11/2015,"370102","KINGFISHER PUBLIC SCHOOLS INDEPENDENT SCHOOL DISTRICT NO. 007",53701,"PROPOSITION  KINGFISHER PUBLIC SCHOOLS",,10,10,2,"AGAINST THE PROPOSITION - NO",,0,0,3,3,,
8/11/2015,"370103","KINGFISHER PUBLIC SCHOOLS INDEPENDENT SCHOOL DISTRICT NO. 007",53701,"PROPOSITION  KINGFISHER PUBLIC SCHOOLS",,10,10,1,"FOR THE PROPOSITION - YES",,0,3,13,16,,
8/11/2015,"370103","KINGFISHER PUBLIC SCHOOLS INDEPENDENT SCHOOL DISTRICT NO. 007",53701,"PROPOSITION  KINGFISHER PUBLIC SCHOOLS",,10,10,2,"AGAINST THE PROPOSITION - NO",,2,2,12,16,,
8/11/2015,"370105","TOWN OF CASHION",43701,"PROPOSITION  TOWN OF CASHION",,2,2,1,"FOR THE PROPOSITION - YES",,0,0,36,36,,
8/11/2015,"370105","TOWN OF CASHION",43701,"PROPOSITION  TOWN OF CASHION",,2,2,2,"AGAINST THE PROPOSITION - NO",,0,0,0,0,,
8/11/2015,"370105","KINGFISHER PUBLIC SCHOOLS INDEPENDENT SCHOOL DISTRICT NO. 007",53701,"PROPOSITION  KINGFISHER PUBLIC SCHOOLS",,10,10,1,"FOR THE PROPOSITION - YES",,0,0,0,0,,
8/11/2015,"370105","KINGFISHER PUBLIC SCHOOLS INDEPENDENT SCHOOL DISTRICT NO. 007",53701,"PROPOSITION  KINGFISHER PUBLIC SCHOOLS",,10,10,2,"AGAINST THE PROPOSITION - NO",,0,0,0,0,,
8/11/2015,"370106","KINGFISHER PUBLIC SCHOOLS INDEPENDENT SCHOOL DISTRICT NO. 007",53701,"PROPOSITION  KINGFISHER PUBLIC SCHOOLS",,10,10,1,"FOR THE PROPOSITION - YES",,0,0,0,0,,
8/11/2015,"370106","KINGFISHER PUBLIC SCHOOLS INDEPENDENT SCHOOL DISTRICT NO. 007",53701,"PROPOSITION  KINGFISHER PUBLIC SCHOOLS",,10,10,2,"AGAINST THE PROPOSITION - NO",,0,0,0,0,,
8/11/2015,"370204","KINGFISHER PUBLIC SCHOOLS INDEPENDENT SCHOOL DISTRICT NO. 007",53701,"PROPOSITION  KINGFISHER PUBLIC SCHOOLS",,10,10,1,"FOR THE PROPOSITION - YES",,0,0,0,0,,
8/11/2015,"370204","KINGFISHER PUBLIC SCHOOLS INDEPENDENT SCHOOL DISTRICT NO. 007",53701,"PROPOSITION  KINGFISHER PUBLIC SCHOOLS",,10,10,2,"AGAINST THE PROPOSITION - NO",,0,0,0,0,,
8/11/2015,"370301","KINGFISHER PUBLIC SCHOOLS INDEPENDENT SCHOOL DISTRICT NO. 007",53701,"PROPOSITION  KINGFISHER PUBLIC SCHOOLS",,10,10,1,"FOR THE PROPOSITION - YES",,4,4,162,170,,
8/11/2015,"370301","KINGFISHER PUBLIC SCHOOLS INDEPENDENT SCHOOL DISTRICT NO. 007",53701,"PROPOSITION  KINGFISHER PUBLIC SCHOOLS",,10,10,2,"AGAINST THE PROPOSITION - NO",,1,5,31,37,,
8/11/2015,"370303","KINGFISHER PUBLIC SCHOOLS INDEPENDENT SCHOOL DISTRICT NO. 007",53701,"PROPOSITION  KINGFISHER PUBLIC SCHOOLS",,10,10,1,"FOR THE PROPOSITION - YES",,0,0,2,2,,
8/11/2015,"370303","KINGFISHER PUBLIC SCHOOLS INDEPENDENT SCHOOL DISTRICT NO. 007",53701,"PROPOSITION  KINGFISHER PUBLIC SCHOOLS",,10,10,2,"AGAINST THE PROPOSITION - NO",,0,1,3,4,,
8/11/2015,"370305","KINGFISHER PUBLIC SCHOOLS INDEPENDENT SCHOOL DISTRICT NO. 007",53701,"PROPOSITION  KINGFISHER PUBLIC SCHOOLS",,10,10,1,"FOR THE PROPOSITION - YES",,0,0,5,5,,
8/11/2015,"370305","KINGFISHER PUBLIC SCHOOLS INDEPENDENT SCHOOL DISTRICT NO. 007",53701,"PROPOSITION  KINGFISHER PUBLIC SCHOOLS",,10,10,2,"AGAINST THE PROPOSITION - NO",,0,0,2,2,,
8/11/2015,"370306","KINGFISHER PUBLIC SCHOOLS INDEPENDENT SCHOOL DISTRICT NO. 007",53701,"PROPOSITION  KINGFISHER PUBLIC SCHOOLS",,10,10,1,"FOR THE PROPOSITION - YES",,0,0,0,0,,
8/11/2015,"370306","KINGFISHER PUBLIC SCHOOLS INDEPENDENT SCHOOL DISTRICT NO. 007",53701,"PROPOSITION  KINGFISHER PUBLIC SCHOOLS",,10,10,2,"AGAINST THE PROPOSITION - NO",,0,0,0,0,,
8/11/2015,"420101","TOWN OF CASHION",43701,"PROPOSITION  TOWN OF CASHION",,2,2,1,"FOR THE PROPOSITION - YES",,0,0,13,13,,
8/11/2015,"420101","TOWN OF CASHION",43701,"PROPOSITION  TOWN OF CASHION",,2,2,2,"AGAINST THE PROPOSITION - NO",,0,0,0,0,,
8/11/2015,"510005","MUSKOGEE COUNTY",30001,"COUNTY QUESTION",,33,33,1,"FOR THE PROPOSITION - YES",,2,9,90,101,MUSKOGEE
8/11/2015,"510005","MUSKOGEE COUNTY",30001,"COUNTY QUESTION",,33,33,2,"AGAINST THE PROPOSITION - NO",,2,1,64,67,MUSKOGEE
8/11/2015,"510007","MUSKOGEE COUNTY",30001,"COUNTY QUESTION",,33,33,1,"FOR THE PROPOSITION - YES",,1,8,166,175,MUSKOGEE
8/11/2015,"510007","MUSKOGEE COUNTY",30001,"COUNTY QUESTION",,33,33,2,"AGAINST THE PROPOSITION - NO",,1,4,126,131,MUSKOGEE
8/11/2015,"510009","MUSKOGEE COUNTY",30001,"COUNTY QUESTION",,33,33,1,"FOR THE PROPOSITION - YES",,1,6,163,170,MUSKOGEE
8/11/2015,"510009","MUSKOGEE COUNTY",30001,"COUNTY QUESTION",,33,33,2,"AGAINST THE PROPOSITION - NO",,0,7,91,98,MUSKOGEE
8/11/2015,"510011","MUSKOGEE COUNTY",30001,"COUNTY QUESTION",,33,33,1,"FOR THE PROPOSITION - YES",,0,0,28,28,MUSKOGEE
8/11/2015,"510011","MUSKOGEE COUNTY",30001,"COUNTY QUESTION",,33,33,2,"AGAINST THE PROPOSITION - NO",,0,0,36,36,MUSKOGEE
8/11/2015,"510013","MUSKOGEE COUNTY",30001,"COUNTY QUESTION",,33,33,1,"FOR THE PROPOSITION - YES",,0,2,65,67,MUSKOGEE
8/11/2015,"510013","MUSKOGEE COUNTY",30001,"COUNTY QUESTION",,33,33,2,"AGAINST THE PROPOSITION - NO",,0,1,48,49,MUSKOGEE
8/11/2015,"510017","MUSKOGEE COUNTY",30001,"COUNTY QUESTION",,33,33,1,"FOR THE PROPOSITION - YES",,5,1,49,55,MUSKOGEE
8/11/2015,"510017","MUSKOGEE COUNTY",30001,"COUNTY QUESTION",,33,33,2,"AGAINST THE PROPOSITION - NO",,0,0,16,16,MUSKOGEE
8/11/2015,"510021","MUSKOGEE COUNTY",30001,"COUNTY QUESTION",,33,33,1,"FOR THE PROPOSITION - YES",,0,6,61,67,MUSKOGEE
8/11/2015,"510021","MUSKOGEE COUNTY",30001,"COUNTY QUESTION",,33,33,2,"AGAINST THE PROPOSITION - NO",,1,1,36,38,MUSKOGEE
8/11/2015,"510022","MUSKOGEE COUNTY",30001,"COUNTY QUESTION",,33,33,1,"FOR THE PROPOSITION - YES",,3,15,134,152,MUSKOGEE
8/11/2015,"510022","MUSKOGEE COUNTY",30001,"COUNTY QUESTION",,33,33,2,"AGAINST THE PROPOSITION - NO",,7,2,45,54,MUSKOGEE
8/11/2015,"510023","MUSKOGEE COUNTY",30001,"COUNTY QUESTION",,33,33,1,"FOR THE PROPOSITION - YES",,0,8,53,61,MUSKOGEE
8/11/2015,"510023","MUSKOGEE COUNTY",30001,"COUNTY QUESTION",,33,33,2,"AGAINST THE PROPOSITION - NO",,0,1,15,16,MUSKOGEE
8/11/2015,"510028","MUSKOGEE COUNTY",30001,"COUNTY QUESTION",,33,33,1,"FOR THE PROPOSITION - YES",,0,1,32,33,MUSKOGEE
8/11/2015,"510028","MUSKOGEE COUNTY",30001,"COUNTY QUESTION",,33,33,2,"AGAINST THE PROPOSITION - NO",,0,1,22,23,MUSKOGEE
8/11/2015,"510033","MUSKOGEE COUNTY",30001,"COUNTY QUESTION",,33,33,1,"FOR THE PROPOSITION - YES",,0,1,20,21,MUSKOGEE
8/11/2015,"510033","MUSKOGEE COUNTY",30001,"COUNTY QUESTION",,33,33,2,"AGAINST THE PROPOSITION - NO",,0,0,19,19,MUSKOGEE
8/11/2015,"510036","MUSKOGEE COUNTY",30001,"COUNTY QUESTION",,33,33,1,"FOR THE PROPOSITION - YES",,0,0,15,15,MUSKOGEE
8/11/2015,"510036","MUSKOGEE COUNTY",30001,"COUNTY QUESTION",,33,33,2,"AGAINST THE PROPOSITION - NO",,0,0,4,4,MUSKOGEE
8/11/2015,"510037","MUSKOGEE COUNTY",30001,"COUNTY QUESTION",,33,33,1,"FOR THE PROPOSITION - YES",,0,4,59,63,MUSKOGEE
8/11/2015,"510037","MUSKOGEE COUNTY",30001,"COUNTY QUESTION",,33,33,2,"AGAINST THE PROPOSITION - NO",,1,0,63,64,MUSKOGEE
8/11/2015,"510038","MUSKOGEE COUNTY",30001,"COUNTY QUESTION",,33,33,1,"FOR THE PROPOSITION - YES",,1,19,161,181,MUSKOGEE
8/11/2015,"510038","MUSKOGEE COUNTY",30001,"COUNTY QUESTION",,33,33,2,"AGAINST THE PROPOSITION - NO",,3,1,64,68,MUSKOGEE
8/11/2015,"510040","MUSKOGEE COUNTY",30001,"COUNTY QUESTION",,33,33,1,"FOR THE PROPOSITION - YES",,0,2,10,12,MUSKOGEE
8/11/2015,"510040","MUSKOGEE COUNTY",30001,"COUNTY QUESTION",,33,33,2,"AGAINST THE PROPOSITION - NO",,1,1,15,17,MUSKOGEE
8/11/2015,"510041","MUSKOGEE COUNTY",30001,"COUNTY QUESTION",,33,33,1,"FOR THE PROPOSITION - YES",,0,6,55,61,MUSKOGEE
8/11/2015,"510041","MUSKOGEE COUNTY",30001,"COUNTY QUESTION",,33,33,2,"AGAINST THE PROPOSITION - NO",,4,4,77,85,MUSKOGEE
8/11/2015,"510044","MUSKOGEE COUNTY",30001,"COUNTY QUESTION",,33,33,1,"FOR THE PROPOSITION - YES",,0,0,13,13,MUSKOGEE
8/11/2015,"510044","MUSKOGEE COUNTY",30001,"COUNTY QUESTION",,33,33,2,"AGAINST THE PROPOSITION - NO",,0,0,32,32,MUSKOGEE
8/11/2015,"510045","MUSKOGEE COUNTY",30001,"COUNTY QUESTION",,33,33,1,"FOR THE PROPOSITION - YES",,0,1,39,40,MUSKOGEE
8/11/2015,"510045","MUSKOGEE COUNTY",30001,"COUNTY QUESTION",,33,33,2,"AGAINST THE PROPOSITION - NO",,0,0,34,34,MUSKOGEE
8/11/2015,"510046","MUSKOGEE COUNTY",30001,"COUNTY QUESTION",,33,33,1,"FOR THE PROPOSITION - YES",,3,0,94,97,MUSKOGEE
8/11/2015,"510046","MUSKOGEE COUNTY",30001,"COUNTY QUESTION",,33,33,2,"AGAINST THE PROPOSITION - NO",,3,8,78,89,MUSKOGEE
8/11/2015,"510047","MUSKOGEE COUNTY",30001,"COUNTY QUESTION",,33,33,1,"FOR THE PROPOSITION - YES",,0,3,65,68,MUSKOGEE
8/11/2015,"510047","MUSKOGEE COUNTY",30001,"COUNTY QUESTION",,33,33,2,"AGAINST THE PROPOSITION - NO",,0,2,50,52,MUSKOGEE
8/11/2015,"510049","MUSKOGEE COUNTY",30001,"COUNTY QUESTION",,33,33,1,"FOR THE PROPOSITION - YES",,0,1,8,9,MUSKOGEE
8/11/2015,"510049","MUSKOGEE COUNTY",30001,"COUNTY QUESTION",,33,33,2,"AGAINST THE PROPOSITION - NO",,0,1,19,20,MUSKOGEE
8/11/2015,"510050","MUSKOGEE COUNTY",30001,"COUNTY QUESTION",,33,33,1,"FOR THE PROPOSITION - YES",,0,2,5,7,MUSKOGEE
8/11/2015,"510050","MUSKOGEE COUNTY",30001,"COUNTY QUESTION",,33,33,2,"AGAINST THE PROPOSITION - NO",,0,0,3,3,MUSKOGEE
8/11/2015,"510051","MUSKOGEE COUNTY",30001,"COUNTY QUESTION",,33,33,1,"FOR THE PROPOSITION - YES",,0,0,7,7,MUSKOGEE
8/11/2015,"510051","MUSKOGEE COUNTY",30001,"COUNTY QUESTION",,33,33,2,"AGAINST THE PROPOSITION - NO",,0,0,15,15,MUSKOGEE
8/11/2015,"510052","MUSKOGEE COUNTY",30001,"COUNTY QUESTION",,33,33,1,"FOR THE PROPOSITION - YES",,0,0,14,14,MUSKOGEE
8/11/2015,"510052","MUSKOGEE COUNTY",30001,"COUNTY QUESTION",,33,33,2,"AGAINST THE PROPOSITION - NO",,0,0,5,5,MUSKOGEE
8/11/2015,"510053","MUSKOGEE COUNTY",30001,"COUNTY QUESTION",,33,33,1,"FOR THE PROPOSITION - YES",,1,3,26,30,MUSKOGEE
8/11/2015,"510053","MUSKOGEE COUNTY",30001,"COUNTY QUESTION",,33,33,2,"AGAINST THE PROPOSITION - NO",,1,0,27,28,MUSKOGEE
8/11/2015,"510055","MUSKOGEE COUNTY",30001,"COUNTY QUESTION",,33,33,1,"FOR THE PROPOSITION - YES",,0,5,115,120,MUSKOGEE
8/11/2015,"510055","MUSKOGEE COUNTY",30001,"COUNTY QUESTION",,33,33,2,"AGAINST THE PROPOSITION - NO",,0,0,76,76,MUSKOGEE
8/11/2015,"510056","MUSKOGEE COUNTY",30001,"COUNTY QUESTION",,33,33,1,"FOR THE PROPOSITION - YES",,0,1,0,1,MUSKOGEE
8/11/2015,"510056","MUSKOGEE COUNTY",30001,"COUNTY QUESTION",,33,33,2,"AGAINST THE PROPOSITION - NO",,0,0,19,19,MUSKOGEE
8/11/2015,"510057","MUSKOGEE COUNTY",30001,"COUNTY QUESTION",,33,33,1,"FOR THE PROPOSITION - YES",,0,0,1,1,MUSKOGEE
8/11/2015,"510057","MUSKOGEE COUNTY",30001,"COUNTY QUESTION",,33,33,2,"AGAINST THE PROPOSITION - NO",,0,0,0,0,MUSKOGEE
8/11/2015,"510058","MUSKOGEE COUNTY",30001,"COUNTY QUESTION",,33,33,1,"FOR THE PROPOSITION - YES",,0,0,16,16,MUSKOGEE
8/11/2015,"510058","MUSKOGEE COUNTY",30001,"COUNTY QUESTION",,33,33,2,"AGAINST THE PROPOSITION - NO",,0,0,26,26,MUSKOGEE
8/11/2015,"510059","MUSKOGEE COUNTY",30001,"COUNTY QUESTION",,33,33,1,"FOR THE PROPOSITION - YES",,1,1,19,21,MUSKOGEE
8/11/2015,"510059","MUSKOGEE COUNTY",30001,"COUNTY QUESTION",,33,33,2,"AGAINST THE PROPOSITION - NO",,1,0,21,22,MUSKOGEE
8/11/2015,"510060","MUSKOGEE COUNTY",30001,"COUNTY QUESTION",,33,33,1,"FOR THE PROPOSITION - YES",,0,0,4,4,MUSKOGEE
8/11/2015,"510060","MUSKOGEE COUNTY",30001,"COUNTY QUESTION",,33,33,2,"AGAINST THE PROPOSITION - NO",,0,1,8,9,MUSKOGEE
8/11/2015,"510061","MUSKOGEE COUNTY",30001,"COUNTY QUESTION",,33,33,1,"FOR THE PROPOSITION - YES",,0,3,15,18,MUSKOGEE
8/11/2015,"510061","MUSKOGEE COUNTY",30001,"COUNTY QUESTION",,33,33,2,"AGAINST THE PROPOSITION - NO",,0,0,8,8,MUSKOGEE
8/11/2015,"510064","MUSKOGEE COUNTY",30001,"COUNTY QUESTION",,33,33,1,"FOR THE PROPOSITION - YES",,1,4,13,18,MUSKOGEE
8/11/2015,"510064","MUSKOGEE COUNTY",30001,"COUNTY QUESTION",,33,33,2,"AGAINST THE PROPOSITION - NO",,0,0,48,48,MUSKOGEE
8/11/2015,"610001","PITTSBURG COUNTY",30002,"COUNTY QUESTION",,41,41,1,"FOR THE PROPOSITION - YES",,0,0,4,4,PITTSBURG
8/11/2015,"610001","PITTSBURG COUNTY",30002,"COUNTY QUESTION",,41,41,2,"AGAINST THE PROPOSITION - NO",,0,0,2,2,PITTSBURG
8/11/2015,"610003","PITTSBURG COUNTY",30002,"COUNTY QUESTION",,41,41,1,"FOR THE PROPOSITION - YES",,4,2,33,39,PITTSBURG
8/11/2015,"610003","PITTSBURG COUNTY",30002,"COUNTY QUESTION",,41,41,2,"AGAINST THE PROPOSITION - NO",,1,4,43,48,PITTSBURG
8/11/2015,"610004","PITTSBURG COUNTY",30002,"COUNTY QUESTION",,41,41,1,"FOR THE PROPOSITION - YES",,2,3,49,54,PITTSBURG
8/11/2015,"610004","PITTSBURG COUNTY",30002,"COUNTY QUESTION",,41,41,2,"AGAINST THE PROPOSITION - NO",,1,8,63,72,PITTSBURG
8/11/2015,"610005","PITTSBURG COUNTY",30002,"COUNTY QUESTION",,41,41,1,"FOR THE PROPOSITION - YES",,1,2,16,19,PITTSBURG
8/11/2015,"610005","PITTSBURG COUNTY",30002,"COUNTY QUESTION",,41,41,2,"AGAINST THE PROPOSITION - NO",,0,2,30,32,PITTSBURG
8/11/2015,"610006","PITTSBURG COUNTY",30002,"COUNTY QUESTION",,41,41,1,"FOR THE PROPOSITION - YES",,2,1,23,26,PITTSBURG
8/11/2015,"610006","PITTSBURG COUNTY",30002,"COUNTY QUESTION",,41,41,2,"AGAINST THE PROPOSITION - NO",,2,0,55,57,PITTSBURG
8/11/2015,"610007","PITTSBURG COUNTY",30002,"COUNTY QUESTION",,41,41,1,"FOR THE PROPOSITION - YES",,0,0,40,40,PITTSBURG
8/11/2015,"610007","PITTSBURG COUNTY",30002,"COUNTY QUESTION",,41,41,2,"AGAINST THE PROPOSITION - NO",,1,1,58,60,PITTSBURG
8/11/2015,"610008","PITTSBURG COUNTY",30002,"COUNTY QUESTION",,41,41,1,"FOR THE PROPOSITION - YES",,1,5,15,21,PITTSBURG
8/11/2015,"610008","PITTSBURG COUNTY",30002,"COUNTY QUESTION",,41,41,2,"AGAINST THE PROPOSITION - NO",,0,0,19,19,PITTSBURG
8/11/2015,"610011","PITTSBURG COUNTY",30002,"COUNTY QUESTION",,41,41,1,"FOR THE PROPOSITION - YES",,5,5,41,51,PITTSBURG
8/11/2015,"610011","PITTSBURG COUNTY",30002,"COUNTY QUESTION",,41,41,2,"AGAINST THE PROPOSITION - NO",,4,5,85,94,PITTSBURG
8/11/2015,"610014","PITTSBURG COUNTY",30002,"COUNTY QUESTION",,41,41,1,"FOR THE PROPOSITION - YES",,0,7,49,56,PITTSBURG
8/11/2015,"610014","PITTSBURG COUNTY",30002,"COUNTY QUESTION",,41,41,2,"AGAINST THE PROPOSITION - NO",,0,4,55,59,PITTSBURG
8/11/2015,"610015","PITTSBURG COUNTY",30002,"COUNTY QUESTION",,41,41,1,"FOR THE PROPOSITION - YES",,0,0,3,3,PITTSBURG
8/11/2015,"610015","PITTSBURG COUNTY",30002,"COUNTY QUESTION",,41,41,2,"AGAINST THE PROPOSITION - NO",,0,1,13,14,PITTSBURG
8/11/2015,"610019","PITTSBURG COUNTY",30002,"COUNTY QUESTION",,41,41,1,"FOR THE PROPOSITION - YES",,0,2,25,27,PITTSBURG
8/11/2015,"610019","PITTSBURG COUNTY",30002,"COUNTY QUESTION",,41,41,2,"AGAINST THE PROPOSITION - NO",,0,0,19,19,PITTSBURG
8/11/2015,"610020","PITTSBURG COUNTY",30002,"COUNTY QUESTION",,41,41,1,"FOR THE PROPOSITION - YES",,0,2,25,27,PITTSBURG
8/11/2015,"610020","PITTSBURG COUNTY",30002,"COUNTY QUESTION",,41,41,2,"AGAINST THE PROPOSITION - NO",,0,0,14,14,PITTSBURG
8/11/2015,"610021","PITTSBURG COUNTY",30002,"COUNTY QUESTION",,41,41,1,"FOR THE PROPOSITION - YES",,1,2,74,77,PITTSBURG
8/11/2015,"610021","PITTSBURG COUNTY",30002,"COUNTY QUESTION",,41,41,2,"AGAINST THE PROPOSITION - NO",,0,5,28,33,PITTSBURG
8/11/2015,"610023","PITTSBURG COUNTY",30002,"COUNTY QUESTION",,41,41,1,"FOR THE PROPOSITION - YES",,0,0,25,25,PITTSBURG
8/11/2015,"610023","PITTSBURG COUNTY",30002,"COUNTY QUESTION",,41,41,2,"AGAINST THE PROPOSITION - NO",,0,0,10,10,PITTSBURG
8/11/2015,"610026","PITTSBURG COUNTY",30002,"COUNTY QUESTION",,41,41,1,"FOR THE PROPOSITION - YES",,0,2,36,38,PITTSBURG
8/11/2015,"610026","PITTSBURG COUNTY",30002,"COUNTY QUESTION",,41,41,2,"AGAINST THE PROPOSITION - NO",,0,0,19,19,PITTSBURG
8/11/2015,"610027","PITTSBURG COUNTY",30002,"COUNTY QUESTION",,41,41,1,"FOR THE PROPOSITION - YES",,1,0,103,104,PITTSBURG
8/11/2015,"610027","PITTSBURG COUNTY",30002,"COUNTY QUESTION",,41,41,2,"AGAINST THE PROPOSITION - NO",,0,0,13,13,PITTSBURG
8/11/2015,"610028","PITTSBURG COUNTY",30002,"COUNTY QUESTION",,41,41,1,"FOR THE PROPOSITION - YES",,0,1,44,45,PITTSBURG
8/11/2015,"610028","PITTSBURG COUNTY",30002,"COUNTY QUESTION",,41,41,2,"AGAINST THE PROPOSITION - NO",,0,0,9,9,PITTSBURG
8/11/2015,"610029","PITTSBURG COUNTY",30002,"COUNTY QUESTION",,41,41,1,"FOR THE PROPOSITION - YES",,0,4,54,58,PITTSBURG
8/11/2015,"610029","PITTSBURG COUNTY",30002,"COUNTY QUESTION",,41,41,2,"AGAINST THE PROPOSITION - NO",,0,1,13,14,PITTSBURG
8/11/2015,"610030","PITTSBURG COUNTY",30002,"COUNTY QUESTION",,41,41,1,"FOR THE PROPOSITION - YES",,0,0,43,43,PITTSBURG
8/11/2015,"610030","PITTSBURG COUNTY",30002,"COUNTY QUESTION",,41,41,2,"AGAINST THE PROPOSITION - NO",,0,0,10,10,PITTSBURG
8/11/2015,"610031","PITTSBURG COUNTY",30002,"COUNTY QUESTION",,41,41,1,"FOR THE PROPOSITION - YES",,0,2,43,45,PITTSBURG
8/11/2015,"610031","PITTSBURG COUNTY",30002,"COUNTY QUESTION",,41,41,2,"AGAINST THE PROPOSITION - NO",,0,0,20,20,PITTSBURG
8/11/2015,"610032","PITTSBURG COUNTY",30002,"COUNTY QUESTION",,41,41,1,"FOR THE PROPOSITION - YES",,0,9,94,103,PITTSBURG
8/11/2015,"610032","PITTSBURG COUNTY",30002,"COUNTY QUESTION",,41,41,2,"AGAINST THE PROPOSITION - NO",,2,4,57,63,PITTSBURG
8/11/2015,"610033","PITTSBURG COUNTY",30002,"COUNTY QUESTION",,41,41,1,"FOR THE PROPOSITION - YES",,0,0,44,44,PITTSBURG
8/11/2015,"610033","PITTSBURG COUNTY",30002,"COUNTY QUESTION",,41,41,2,"AGAINST THE PROPOSITION - NO",,0,1,8,9,PITTSBURG
8/11/2015,"610034","PITTSBURG COUNTY",30002,"COUNTY QUESTION",,41,41,1,"FOR THE PROPOSITION - YES",,1,2,85,88,PITTSBURG
8/11/2015,"610034","PITTSBURG COUNTY",30002,"COUNTY QUESTION",,41,41,2,"AGAINST THE PROPOSITION - NO",,0,1,33,34,PITTSBURG
8/11/2015,"610035","PITTSBURG COUNTY",30002,"COUNTY QUESTION",,41,41,1,"FOR THE PROPOSITION - YES",,4,1,55,60,PITTSBURG
8/11/2015,"610035","PITTSBURG COUNTY",30002,"COUNTY QUESTION",,41,41,2,"AGAINST THE PROPOSITION - NO",,0,0,22,22,PITTSBURG
8/11/2015,"610036","PITTSBURG COUNTY",30002,"COUNTY QUESTION",,41,41,1,"FOR THE PROPOSITION - YES",,0,4,15,19,PITTSBURG
8/11/2015,"610036","PITTSBURG COUNTY",30002,"COUNTY QUESTION",,41,41,2,"AGAINST THE PROPOSITION - NO",,0,0,16,16,PITTSBURG
8/11/2015,"610037","PITTSBURG COUNTY",30002,"COUNTY QUESTION",,41,41,1,"FOR THE PROPOSITION - YES",,1,3,106,110,PITTSBURG
8/11/2015,"610037","PITTSBURG COUNTY",30002,"COUNTY QUESTION",,41,41,2,"AGAINST THE PROPOSITION - NO",,0,1,62,63,PITTSBURG
8/11/2015,"610038","PITTSBURG COUNTY",30002,"COUNTY QUESTION",,41,41,1,"FOR THE PROPOSITION - YES",,0,0,8,8,PITTSBURG
8/11/2015,"610038","PITTSBURG COUNTY",30002,"COUNTY QUESTION",,41,41,2,"AGAINST THE PROPOSITION - NO",,0,0,7,7,PITTSBURG
8/11/2015,"610039","PITTSBURG COUNTY",30002,"COUNTY QUESTION",,41,41,1,"FOR THE PROPOSITION - YES",,0,0,96,96,PITTSBURG
8/11/2015,"610039","PITTSBURG COUNTY",30002,"COUNTY QUESTION",,41,41,2,"AGAINST THE PROPOSITION - NO",,0,0,23,23,PITTSBURG
8/11/2015,"610040","PITTSBURG COUNTY",30002,"COUNTY QUESTION",,41,41,1,"FOR THE PROPOSITION - YES",,1,0,33,34,PITTSBURG
8/11/2015,"610040","PITTSBURG COUNTY",30002,"COUNTY QUESTION",,41,41,2,"AGAINST THE PROPOSITION - NO",,0,0,31,31,PITTSBURG
8/11/2015,"610041","PITTSBURG COUNTY",30002,"COUNTY QUESTION",,41,41,1,"FOR THE PROPOSITION - YES",,0,5,37,42,PITTSBURG
8/11/2015,"610041","PITTSBURG COUNTY",30002,"COUNTY QUESTION",,41,41,2,"AGAINST THE PROPOSITION - NO",,1,2,38,41,PITTSBURG
8/11/2015,"610042","PITTSBURG COUNTY",30002,"COUNTY QUESTION",,41,41,1,"FOR THE PROPOSITION - YES",,0,9,45,54,PITTSBURG
8/11/2015,"610042","PITTSBURG COUNTY",30002,"COUNTY QUESTION",,41,41,2,"AGAINST THE PROPOSITION - NO",,0,6,25,31,PITTSBURG
8/11/2015,"610043","PITTSBURG COUNTY",30002,"COUNTY QUESTION",,41,41,1,"FOR THE PROPOSITION - YES",,1,5,141,147,PITTSBURG
8/11/2015,"610043","PITTSBURG COUNTY",30002,"COUNTY QUESTION",,41,41,2,"AGAINST THE PROPOSITION - NO",,0,0,10,10,PITTSBURG
8/11/2015,"610044","PITTSBURG COUNTY",30002,"COUNTY QUESTION",,41,41,1,"FOR THE PROPOSITION - YES",,3,0,48,51,PITTSBURG
8/11/2015,"610044","PITTSBURG COUNTY",30002,"COUNTY QUESTION",,41,41,2,"AGAINST THE PROPOSITION - NO",,2,0,12,14,PITTSBURG
8/11/2015,"610045","PITTSBURG COUNTY",30002,"COUNTY QUESTION",,41,41,1,"FOR THE PROPOSITION - YES",,0,0,6,6,PITTSBURG
8/11/2015,"610045","PITTSBURG COUNTY",30002,"COUNTY QUESTION",,41,41,2,"AGAINST THE PROPOSITION - NO",,0,0,0,0,PITTSBURG
8/11/2015,"610046","PITTSBURG COUNTY",30002,"COUNTY QUESTION",,41,41,1,"FOR THE PROPOSITION - YES",,0,2,31,33,PITTSBURG
8/11/2015,"610046","PITTSBURG COUNTY",30002,"COUNTY QUESTION",,41,41,2,"AGAINST THE PROPOSITION - NO",,0,0,8,8,PITTSBURG
8/11/2015,"610047","PITTSBURG COUNTY",30002,"COUNTY QUESTION",,41,41,1,"FOR THE PROPOSITION - YES",,0,0,65,65,PITTSBURG
8/11/2015,"610047","PITTSBURG COUNTY",30002,"COUNTY QUESTION",,41,41,2,"AGAINST THE PROPOSITION - NO",,0,1,32,33,PITTSBURG
8/11/2015,"610048","PITTSBURG COUNTY",30002,"COUNTY QUESTION",,41,41,1,"FOR THE PROPOSITION - YES",,0,1,22,23,PITTSBURG
8/11/2015,"610048","PITTSBURG COUNTY",30002,"COUNTY QUESTION",,41,41,2,"AGAINST THE PROPOSITION - NO",,0,1,9,10,PITTSBURG
8/11/2015,"610049","PITTSBURG COUNTY",30002,"COUNTY QUESTION",,41,41,1,"FOR THE PROPOSITION - YES",,0,5,53,58,PITTSBURG
8/11/2015,"610049","PITTSBURG COUNTY",30002,"COUNTY QUESTION",,41,41,2,"AGAINST THE PROPOSITION - NO",,0,0,29,29,PITTSBURG
8/11/2015,"610051","PITTSBURG COUNTY",30002,"COUNTY QUESTION",,41,41,1,"FOR THE PROPOSITION - YES",,3,0,28,31,PITTSBURG
8/11/2015,"610051","PITTSBURG COUNTY",30002,"COUNTY QUESTION",,41,41,2,"AGAINST THE PROPOSITION - NO",,0,0,10,10,PITTSBURG
8/11/2015,"610052","PITTSBURG COUNTY",30002,"COUNTY QUESTION",,41,41,1,"FOR THE PROPOSITION - YES",,0,0,1,1,PITTSBURG
8/11/2015,"610052","PITTSBURG COUNTY",30002,"COUNTY QUESTION",,41,41,2,"AGAINST THE PROPOSITION - NO",,0,0,0,0,PITTSBURG
8/11/2015,"610053","PITTSBURG COUNTY",30002,"COUNTY QUESTION",,41,41,1,"FOR THE PROPOSITION - YES",,0,0,8,8,PITTSBURG
8/11/2015,"610053","PITTSBURG COUNTY",30002,"COUNTY QUESTION",,41,41,2,"AGAINST THE PROPOSITION - NO",,0,0,3,3,PITTSBURG
8/11/2015,"720142","BERRYHILL FIRE PROTECTION",60721,"PROPOSITION  BERRYHILL FIRE PROTECTION",,5,5,1,"FOR THE PROPOSITION - YES",,0,0,127,127,,
8/11/2015,"720142","BERRYHILL FIRE PROTECTION",60721,"PROPOSITION  BERRYHILL FIRE PROTECTION",,5,5,2,"AGAINST THE PROPOSITION - NO",,0,0,24,24,,
8/11/2015,"720143","BERRYHILL FIRE PROTECTION",60721,"PROPOSITION  BERRYHILL FIRE PROTECTION",,5,5,1,"FOR THE PROPOSITION - YES",,0,0,3,3,,
8/11/2015,"720143","BERRYHILL FIRE PROTECTION",60721,"PROPOSITION  BERRYHILL FIRE PROTECTION",,5,5,2,"AGAINST THE PROPOSITION - NO",,0,0,0,0,,
8/11/2015,"720801","BERRYHILL FIRE PROTECTION",60721,"PROPOSITION  BERRYHILL FIRE PROTECTION",,5,5,1,"FOR THE PROPOSITION - YES",,0,0,54,54,,
8/11/2015,"720801","BERRYHILL FIRE PROTECTION",60721,"PROPOSITION  BERRYHILL FIRE PROTECTION",,5,5,2,"AGAINST THE PROPOSITION - NO",,0,0,4,4,,
8/11/2015,"720802","BERRYHILL FIRE PROTECTION",60721,"PROPOSITION  BERRYHILL FIRE PROTECTION",,5,5,1,"FOR THE PROPOSITION - YES",,0,0,36,36,,
8/11/2015,"720802","BERRYHILL FIRE PROTECTION",60721,"PROPOSITION  BERRYHILL FIRE PROTECTION",,5,5,2,"AGAINST THE PROPOSITION - NO",,0,0,0,0,,
8/11/2015,"720856","BERRYHILL FIRE PROTECTION",60721,"PROPOSITION  BERRYHILL FIRE PROTECTION",,5,5,1,"FOR THE PROPOSITION - YES",,0,0,15,15,,
8/11/2015,"720856","BERRYHILL FIRE PROTECTION",60721,"PROPOSITION  BERRYHILL FIRE PROTECTION",,5,5,2,"AGAINST THE PROPOSITION - NO",,0,0,0,0,,
8/11/2015,"729999","BERRYHILL FIRE PROTECTION",60721,"PROPOSITION  BERRYHILL FIRE PROTECTION",,5,5,1,"FOR THE PROPOSITION - YES",,10,2,0,12,,
8/11/2015,"729999","BERRYHILL FIRE PROTECTION",60721,"PROPOSITION  BERRYHILL FIRE PROTECTION",,5,5,2,"AGAINST THE PROPOSITION - NO",,0,0,0,0,,
