elec_date,county,entity_description,race_number,race_description,race_party,tot_race_prec,race_prec_reporting,cand_number,cand_name,cand_party,cand_absmail_votes,cand_early_votes,cand_elecday_votes,cand_tot_votes,race_county_owner
3/5/2013,"BRYAN","BENNINGTON PUBLIC SCHOOLS",50701,"PROPOSITION  BENNINGTON PUBLIC SCHOOLS",,3,3,1,"FOR THE PROPOSITION - YES",,1,0,114,115,,
3/5/2013,"BRYAN","BENNINGTON PUBLIC SCHOOLS",50701,"PROPOSITION  BENNINGTON PUBLIC SCHOOLS",,3,3,2,"AGAINST THE PROPOSITION - NO",,1,1,51,53,,
3/5/2013,"BRYAN","DURANT PUBLIC SCHOOLS",50702,"PROPOSITION NO. 1  DURANT PUBLIC SCHOOLS",,11,11,1,"FOR THE PROPOSITION - YES",,12,20,393,425,,
3/5/2013,"BRYAN","DURANT PUBLIC SCHOOLS",50702,"PROPOSITION NO. 1  DURANT PUBLIC SCHOOLS",,11,11,2,"AGAINST THE PROPOSITION - NO",,10,24,240,274,,
3/5/2013,"BRYAN","DURANT PUBLIC SCHOOLS",50703,"PROPOSITION NO. 2  DURANT PUBLIC SCHOOLS",,11,11,1,"FOR THE PROPOSITION - YES",,12,20,417,449,,
3/5/2013,"BRYAN","DURANT PUBLIC SCHOOLS",50703,"PROPOSITION NO. 2  DURANT PUBLIC SCHOOLS",,11,11,2,"AGAINST THE PROPOSITION - NO",,10,24,224,258,,
3/5/2013,"CADDO","VERDEN PUBLIC SCHOOLS",52601,"PROPOSITION  VERDEN PUBLIC SCHOOLS",,3,3,1,"FOR THE PROPOSITION - YES",,2,1,2,5,,
3/5/2013,"CADDO","VERDEN PUBLIC SCHOOLS",52601,"PROPOSITION  VERDEN PUBLIC SCHOOLS",,3,3,2,"AGAINST THE PROPOSITION - NO",,0,0,0,0,,
3/5/2013,"CANADIAN","CITY OF OKLAHOMA CITY",45505,"FOR COUNCILMEMBER, WARD 1  CITY OF OKLAHOMA CITY",,10,10,1,"CAROLYN S SIMS",,3,0,71,74,,
3/5/2013,"CANADIAN","CITY OF OKLAHOMA CITY",45505,"FOR COUNCILMEMBER, WARD 1  CITY OF OKLAHOMA CITY",,10,10,2,"JAMES GREINER",,12,2,198,212,,
3/5/2013,"CANADIAN","CITY OF OKLAHOMA CITY",45505,"FOR COUNCILMEMBER, WARD 1  CITY OF OKLAHOMA CITY",,10,10,3,"GARY MARRS",,8,1,157,166,,
3/5/2013,"CHEROKEE","BRIGGS PUBLIC SCHOOLS",51101,"PROPOSITION  BRIGGS PUBLIC SCHOOLS",,7,7,1,"FOR THE PROPOSITION - YES",,1,2,44,47,,
3/5/2013,"CHEROKEE","BRIGGS PUBLIC SCHOOLS",51101,"PROPOSITION  BRIGGS PUBLIC SCHOOLS",,7,7,2,"AGAINST THE PROPOSITION - NO",,1,6,97,104,,
3/5/2013,"CHEROKEE","LOCUST GROVE PUBLIC SCHOOLS",54901,"PROPOSITION NO. 1  LOCUST GROVE PUBLIC SCHOOLS",,2,2,1,"FOR THE PROPOSITION - YES",,0,0,1,1,,
3/5/2013,"CHEROKEE","LOCUST GROVE PUBLIC SCHOOLS",54901,"PROPOSITION NO. 1  LOCUST GROVE PUBLIC SCHOOLS",,2,2,2,"AGAINST THE PROPOSITION - NO",,0,0,7,7,,
3/5/2013,"CHEROKEE","LOCUST GROVE PUBLIC SCHOOLS",54902,"PROPOSITION NO. 2  LOCUST GROVE PUBLIC SCHOOLS",,2,2,1,"FOR THE PROPOSITION - YES",,0,0,7,7,,
3/5/2013,"CHEROKEE","LOCUST GROVE PUBLIC SCHOOLS",54902,"PROPOSITION NO. 2  LOCUST GROVE PUBLIC SCHOOLS",,2,2,2,"AGAINST THE PROPOSITION - NO",,0,0,1,1,,
3/5/2013,"CHEROKEE","FORT GIBSON PUBLIC SCHOOLS",55101,"PROPOSITION NO. 1  FORT GIBSON PUBLIC SCHOOLS",,3,3,1,"FOR THE PROPOSITION - YES",,4,0,33,37,,
3/5/2013,"CHEROKEE","FORT GIBSON PUBLIC SCHOOLS",55101,"PROPOSITION NO. 1  FORT GIBSON PUBLIC SCHOOLS",,3,3,2,"AGAINST THE PROPOSITION - NO",,3,0,5,8,,
3/5/2013,"CHEROKEE","FORT GIBSON PUBLIC SCHOOLS",55102,"PROPOSITION NO. 2  FORT GIBSON PUBLIC SCHOOLS",,3,3,1,"FOR THE PROPOSITION - YES",,4,0,33,37,,
3/5/2013,"CHEROKEE","FORT GIBSON PUBLIC SCHOOLS",55102,"PROPOSITION NO. 2  FORT GIBSON PUBLIC SCHOOLS",,3,3,2,"AGAINST THE PROPOSITION - NO",,3,0,5,8,,
3/5/2013,"CLEVELAND","ROSE STATE COLLEGE",6551,"PROPOSITION  ROSE STATE COLLEGE",,2,2,1,"FOR THE PROPOSITION - YES",,3,0,5,8,,
3/5/2013,"CLEVELAND","ROSE STATE COLLEGE",6551,"PROPOSITION  ROSE STATE COLLEGE",,2,2,2,"AGAINST THE PROPOSITION - NO",,5,0,5,10,,
3/5/2013,"CLEVELAND","CITY OF MOORE",41401,"FOR COUNCILMEMBER WARD 1  CITY OF MOORE",,7,7,1,"CARL D. BRITTON, JR.",,1,3,36,40,,
3/5/2013,"CLEVELAND","CITY OF MOORE",41401,"FOR COUNCILMEMBER WARD 1  CITY OF MOORE",,7,7,2,"ROBERT KROWS",,21,2,207,230,,
3/5/2013,"CLEVELAND","CITY OF MOORE",41401,"FOR COUNCILMEMBER WARD 1  CITY OF MOORE",,7,7,3,"ERIC E. BEU",,0,0,37,37,,
3/5/2013,"CREEK","CITY OF BRISTOW",41902,"FOR COUNCILMEMBER WARD 2  CITY OF BRISTOW",,2,2,1,"DELORIS CARTER",,0,0,34,34,,
3/5/2013,"CREEK","CITY OF BRISTOW",41902,"FOR COUNCILMEMBER WARD 2  CITY OF BRISTOW",,2,2,2,"RUSSELL BECK, SR.",,0,0,25,25,,
3/5/2013,"CREEK","CITY OF BRISTOW",41903,"FOR COUNCILMEMBER WARD 3  CITY OF BRISTOW",,2,2,1,"BOB EDWARDS",,1,0,45,46,,
3/5/2013,"CREEK","CITY OF BRISTOW",41903,"FOR COUNCILMEMBER WARD 3  CITY OF BRISTOW",,2,2,2,"RICK VYPER",,0,0,17,17,,
3/5/2013,"CREEK","CITY OF BRISTOW",41904,"FOR COUNCILMEMBER WARD 4  CITY OF BRISTOW",,4,4,1,"BILLY VAUGHAN",,0,1,45,46,,
3/5/2013,"CREEK","CITY OF BRISTOW",41904,"FOR COUNCILMEMBER WARD 4  CITY OF BRISTOW",,4,4,2,"DAROLD RITCHIE",,0,0,79,79,,
3/5/2013,"DELAWARE","GROVE PUBLIC SCHOOLS",52101,"PROPOSITION  GROVE PUBLIC SCHOOLS",,9,9,1,"FOR THE PROPOSITION - YES",,15,10,412,437,,
3/5/2013,"DELAWARE","GROVE PUBLIC SCHOOLS",52101,"PROPOSITION  GROVE PUBLIC SCHOOLS",,9,9,2,"AGAINST THE PROPOSITION - NO",,35,1,180,216,,
3/5/2013,"GARFIELD","CITY OF ENID",42401,"PROPOSITION NO. 1  CITY OF ENID",,24,24,1,"FOR THE PROPOSITION - YES",,40,84,1273,1397,,
3/5/2013,"GARFIELD","CITY OF ENID",42401,"PROPOSITION NO. 1  CITY OF ENID",,24,24,2,"AGAINST THE PROPOSITION - NO",,122,193,4402,4717,,
3/5/2013,"GARFIELD","CITY OF ENID",42402,"PROPOSITION NO. 2  CITY OF ENID",,24,24,1,"FOR THE PROPOSITION - YES",,35,83,1283,1401,,
3/5/2013,"GARFIELD","CITY OF ENID",42402,"PROPOSITION NO. 2  CITY OF ENID",,24,24,2,"AGAINST THE PROPOSITION - NO",,128,192,4411,4731,,
3/5/2013,"GARFIELD","KREMLIN-HILLSDALE SCHOOLS",52401,"PROPOSITION NO. 1  KREMLIN-HILLSDALE SCHOOLS",,6,6,1,"FOR THE PROPOSITION - YES",,5,2,102,109,,
3/5/2013,"GARFIELD","KREMLIN-HILLSDALE SCHOOLS",52401,"PROPOSITION NO. 1  KREMLIN-HILLSDALE SCHOOLS",,6,6,2,"AGAINST THE PROPOSITION - NO",,2,1,26,29,,
3/5/2013,"GARFIELD","KREMLIN-HILLSDALE SCHOOLS",52402,"PROPOSITION NO. 2  KREMLIN-HILLSDALE SCHOOLS",,6,6,1,"FOR THE PROPOSITION - YES",,5,2,100,107,,
3/5/2013,"GARFIELD","KREMLIN-HILLSDALE SCHOOLS",52402,"PROPOSITION NO. 2  KREMLIN-HILLSDALE SCHOOLS",,6,6,2,"AGAINST THE PROPOSITION - NO",,2,1,29,32,,
3/5/2013,"GARVIN","CITY OF LINDSAY",42501,"FOR COUNCILMEMBER  CITY OF LINDSAY",,2,2,1,"BRANDON FENTEM",,11,1,255,267,,
3/5/2013,"GARVIN","CITY OF LINDSAY",42501,"FOR COUNCILMEMBER  CITY OF LINDSAY",,2,2,2,"ANTHONY ADAMS",,7,1,203,211,,
3/5/2013,"GARVIN","CITY OF LINDSAY",42501,"FOR COUNCILMEMBER  CITY OF LINDSAY",,2,2,3,"TODD HINCKLEY",,5,1,243,249,,
3/5/2013,"GARVIN","CITY OF LINDSAY",42501,"FOR COUNCILMEMBER  CITY OF LINDSAY",,2,2,4,"JAKE POOL",,9,0,147,156,,
3/5/2013,"GARVIN","CITY OF LINDSAY",42501,"FOR COUNCILMEMBER  CITY OF LINDSAY",,2,2,5,"BETTY L. FOSTER",,8,1,198,207,,
3/5/2013,"GRADY","CITY OF CHICKASHA",42601,"FOR COUNCILMEMBER #1 POSITION 1  CITY OF CHICKASHA",,9,9,1,"MIKE SUTTERFIELD",,9,54,344,407,,
3/5/2013,"GRADY","CITY OF CHICKASHA",42601,"FOR COUNCILMEMBER #1 POSITION 1  CITY OF CHICKASHA",,9,9,2,"DEWEY CHARLES MOSSHART, IV",,10,19,170,199,,
3/5/2013,"GRADY","CITY OF CHICKASHA",42603,"FOR COUNCILMEMBER #3 POSITION 1  CITY OF CHICKASHA",,9,9,1,"MICHAEL J. CHAMBON",,6,11,119,136,,
3/5/2013,"GRADY","CITY OF CHICKASHA",42603,"FOR COUNCILMEMBER #3 POSITION 1  CITY OF CHICKASHA",,9,9,2,"PHYLIS STEELMAN",,13,63,394,470,,
3/5/2013,"GRADY","VERDEN PUBLIC SCHOOLS",52601,"PROPOSITION  VERDEN PUBLIC SCHOOLS",,4,4,1,"FOR THE PROPOSITION - YES",,0,1,31,32,,
3/5/2013,"GRADY","VERDEN PUBLIC SCHOOLS",52601,"PROPOSITION  VERDEN PUBLIC SCHOOLS",,4,4,2,"AGAINST THE PROPOSITION - NO",,0,0,3,3,,
3/5/2013,"GRANT","KREMLIN-HILLSDALE SCHOOLS",52401,"PROPOSITION NO. 1  KREMLIN-HILLSDALE SCHOOLS",,1,1,1,"FOR THE PROPOSITION - YES",,0,0,0,0,,
3/5/2013,"GRANT","KREMLIN-HILLSDALE SCHOOLS",52401,"PROPOSITION NO. 1  KREMLIN-HILLSDALE SCHOOLS",,1,1,2,"AGAINST THE PROPOSITION - NO",,0,0,0,0,,
3/5/2013,"GRANT","KREMLIN-HILLSDALE SCHOOLS",52402,"PROPOSITION NO. 2  KREMLIN-HILLSDALE SCHOOLS",,1,1,1,"FOR THE PROPOSITION - YES",,0,0,0,0,,
3/5/2013,"GRANT","KREMLIN-HILLSDALE SCHOOLS",52402,"PROPOSITION NO. 2  KREMLIN-HILLSDALE SCHOOLS",,1,1,2,"AGAINST THE PROPOSITION - NO",,0,0,0,0,,
3/5/2013,"KAY","CITY OF BLACKWELL",43601,"FOR WARD 1  CITY OF BLACKWELL",,3,3,1,"TERRY POTTS",,0,1,66,67,,
3/5/2013,"KAY","CITY OF BLACKWELL",43601,"FOR WARD 1  CITY OF BLACKWELL",,3,3,2,"NITA CARROLL",,2,8,292,302,,
3/5/2013,"KAY","CITY OF BLACKWELL",43601,"FOR WARD 1  CITY OF BLACKWELL",,3,3,3,"ROY DIETRICH",,0,0,34,34,,
3/5/2013,"KAY","CITY OF BLACKWELL",43601,"FOR WARD 1  CITY OF BLACKWELL",,3,3,4,"SHAWN WILSON",,2,0,82,84,,
3/5/2013,"KAY","CITY OF NEWKIRK",43603,"FOR COMMISSIONER NO. 2  CITY OF NEWKIRK",,1,1,1,"A. J. FORD",,5,21,114,140,,
3/5/2013,"KAY","CITY OF NEWKIRK",43603,"FOR COMMISSIONER NO. 2  CITY OF NEWKIRK",,1,1,2,"FRED E. LEWMAN",,0,4,36,40,,
3/5/2013,"KAY","CITY OF NEWKIRK",43603,"FOR COMMISSIONER NO. 2  CITY OF NEWKIRK",,1,1,3,"CHUCK BLOOMFIELD",,2,35,225,262,,
3/5/2013,"KAY","CITY OF NEWKIRK",43604,"PROPOSITION  CITY OF NEWKIRK",,1,1,1,"FOR THE PROPOSITION - YES",,0,25,133,158,,
3/5/2013,"KAY","CITY OF NEWKIRK",43604,"PROPOSITION  CITY OF NEWKIRK",,1,1,2,"AGAINST THE PROPOSITION - NO",,7,36,244,287,,
3/5/2013,"LATIMER","LATIMER COUNTY",30001,"PROPOSITION NO. 1",,12,12,1,"FOR THE PROPOSITION - YES",,27,142,615,784,,
3/5/2013,"LATIMER","LATIMER COUNTY",30001,"PROPOSITION NO. 1",,12,12,2,"AGAINST THE PROPOSITION - NO",,8,3,93,104,,
3/5/2013,"LATIMER","LATIMER COUNTY",30002,"PROPOSITION NO. 2",,12,12,1,"FOR THE PROPOSITION - YES",,26,144,601,771,,
3/5/2013,"LATIMER","LATIMER COUNTY",30002,"PROPOSITION NO. 2",,12,12,2,"AGAINST THE PROPOSITION - NO",,9,1,109,119,,
3/5/2013,"LATIMER","LATIMER COUNTY",30003,"PROPOSITION NO. 3",,12,12,1,"FOR THE PROPOSITION - YES",,29,143,628,800,,
3/5/2013,"LATIMER","LATIMER COUNTY",30003,"PROPOSITION NO. 3",,12,12,2,"AGAINST THE PROPOSITION - NO",,6,2,75,83,,
3/5/2013,"LATIMER","BUFFALO VALLEY PUBLIC SCHOOLS",53901,"PROPOSITION  NO. 1  BUFFALO VALLEY PUBLIC SCHOOLS",,2,2,1,"FOR THE PROPOSITION - YES",,0,4,73,77,,
3/5/2013,"LATIMER","BUFFALO VALLEY PUBLIC SCHOOLS",53901,"PROPOSITION  NO. 1  BUFFALO VALLEY PUBLIC SCHOOLS",,2,2,2,"AGAINST THE PROPOSITION - NO",,2,0,31,33,,
3/5/2013,"LATIMER","BUFFALO VALLEY PUBLIC SCHOOLS",53902,"PROPOSITION NO. 2  BUFFALO VALLEY PUBLIC SCHOOLS",,2,2,1,"FOR THE PROPOSITION - YES",,0,3,68,71,,
3/5/2013,"LATIMER","BUFFALO VALLEY PUBLIC SCHOOLS",53902,"PROPOSITION NO. 2  BUFFALO VALLEY PUBLIC SCHOOLS",,2,2,2,"AGAINST THE PROPOSITION - NO",,2,1,37,40,,
3/5/2013,"LINCOLN","CUSHING PUBLIC SCHOOLS",56001,"PROPOSITION  CUSHING PUBLIC SCHOOLS",,2,2,1,"FOR THE PROPOSITION - YES",,0,0,21,21,,
3/5/2013,"LINCOLN","CUSHING PUBLIC SCHOOLS",56001,"PROPOSITION  CUSHING PUBLIC SCHOOLS",,2,2,2,"AGAINST THE PROPOSITION - NO",,0,0,7,7,,
3/5/2013,"MCINTOSH","MIDWAY PUBLIC SCHOOLS",54601,"PROPOSITION  MIDWAY PUBLIC SCHOOLS",,2,2,1,"FOR THE PROPOSITION - YES",,12,2,123,137,,
3/5/2013,"MCINTOSH","MIDWAY PUBLIC SCHOOLS",54601,"PROPOSITION  MIDWAY PUBLIC SCHOOLS",,2,2,2,"AGAINST THE PROPOSITION - NO",,0,0,66,66,,
3/5/2013,"MAYES","LOCUST GROVE PUBLIC SCHOOLS",54901,"PROPOSITION NO. 1  LOCUST GROVE PUBLIC SCHOOLS",,6,6,1,"FOR THE PROPOSITION - YES",,2,6,504,512,,
3/5/2013,"MAYES","LOCUST GROVE PUBLIC SCHOOLS",54901,"PROPOSITION NO. 1  LOCUST GROVE PUBLIC SCHOOLS",,6,6,2,"AGAINST THE PROPOSITION - NO",,6,6,291,303,,
3/5/2013,"MAYES","LOCUST GROVE PUBLIC SCHOOLS",54902,"PROPOSITION NO. 2  LOCUST GROVE PUBLIC SCHOOLS",,6,6,1,"FOR THE PROPOSITION - YES",,2,7,578,587,,
3/5/2013,"MAYES","LOCUST GROVE PUBLIC SCHOOLS",54902,"PROPOSITION NO. 2  LOCUST GROVE PUBLIC SCHOOLS",,6,6,2,"AGAINST THE PROPOSITION - NO",,6,5,220,231,,
3/5/2013,"MUSKOGEE","MIDWAY PUBLIC SCHOOLS",54601,"PROPOSITION  MIDWAY PUBLIC SCHOOLS",,3,3,1,"FOR THE PROPOSITION - YES",,4,1,116,121,,
3/5/2013,"MUSKOGEE","MIDWAY PUBLIC SCHOOLS",54601,"PROPOSITION  MIDWAY PUBLIC SCHOOLS",,3,3,2,"AGAINST THE PROPOSITION - NO",,0,0,37,37,,
3/5/2013,"MUSKOGEE","FORT GIBSON PUBLIC SCHOOLS",55101,"PROPOSITION NO. 1  FORT GIBSON PUBLIC SCHOOLS",,3,3,1,"FOR THE PROPOSITION - YES",,0,3,279,282,,
3/5/2013,"MUSKOGEE","FORT GIBSON PUBLIC SCHOOLS",55101,"PROPOSITION NO. 1  FORT GIBSON PUBLIC SCHOOLS",,3,3,2,"AGAINST THE PROPOSITION - NO",,3,0,51,54,,
3/5/2013,"MUSKOGEE","FORT GIBSON PUBLIC SCHOOLS",55102,"PROPOSITION NO. 2  FORT GIBSON PUBLIC SCHOOLS",,3,3,1,"FOR THE PROPOSITION - YES",,0,3,279,282,,
3/5/2013,"MUSKOGEE","FORT GIBSON PUBLIC SCHOOLS",55102,"PROPOSITION NO. 2  FORT GIBSON PUBLIC SCHOOLS",,3,3,2,"AGAINST THE PROPOSITION - NO",,3,0,56,59,,
3/5/2013,"MUSKOGEE","HILLDALE PUBLIC SCHOOLS",55103,"PROPOSITION  HILLDALE PUBLIC SCHOOLS",,8,8,1,"FOR THE PROPOSITION - YES",,3,12,371,386,,
3/5/2013,"MUSKOGEE","HILLDALE PUBLIC SCHOOLS",55103,"PROPOSITION  HILLDALE PUBLIC SCHOOLS",,8,8,2,"AGAINST THE PROPOSITION - NO",,0,11,193,204,,
3/5/2013,"OKLAHOMA","ROSE STATE COLLEGE",6551,"PROPOSITION  ROSE STATE COLLEGE",,39,39,1,"FOR THE PROPOSITION - YES",,114,9,725,848,,
3/5/2013,"OKLAHOMA","ROSE STATE COLLEGE",6551,"PROPOSITION  ROSE STATE COLLEGE",,39,39,2,"AGAINST THE PROPOSITION - NO",,111,8,343,462,,
3/5/2013,"OKLAHOMA","CITY OF NICOMA PARK",45501,"FOR MAYOR  CITY OF NICOMA PARK",,3,3,1,"JIM PUMPHREY",,2,0,95,97,,
3/5/2013,"OKLAHOMA","CITY OF NICOMA PARK",45501,"FOR MAYOR  CITY OF NICOMA PARK",,3,3,2,"ROBERT PITTMAN",,3,2,158,163,,
3/5/2013,"OKLAHOMA","CITY OF NICOMA PARK",45501,"FOR MAYOR  CITY OF NICOMA PARK",,3,3,3,"JAMES D. SHONTS",,0,0,105,105,,
3/5/2013,"OKLAHOMA","CITY OF NICOMA PARK",45502,"FOR COUNCILMEMBER, WARD 1  CITY OF NICOMA PARK",,1,1,1,"KEVIN T. LOUDERMILK",,2,2,57,61,,
3/5/2013,"OKLAHOMA","CITY OF NICOMA PARK",45502,"FOR COUNCILMEMBER, WARD 1  CITY OF NICOMA PARK",,1,1,2,"MARK KEVIN BRILL",,0,0,26,26,,
3/5/2013,"OKLAHOMA","CITY OF NICOMA PARK",45503,"FOR COUNCILMEMBER, WARD 3  CITY OF NICOMA PARK",,2,2,1,"DAVID WHEATLEY",,0,0,23,23,,
3/5/2013,"OKLAHOMA","CITY OF NICOMA PARK",45503,"FOR COUNCILMEMBER, WARD 3  CITY OF NICOMA PARK",,2,2,2,"BOBBY KOLAR",,0,0,34,34,,
3/5/2013,"OKLAHOMA","CITY OF NICOMA PARK",45503,"FOR COUNCILMEMBER, WARD 3  CITY OF NICOMA PARK",,2,2,3,"THERON FRANKS",,0,0,6,6,,
3/5/2013,"OKLAHOMA","CITY OF OKLAHOMA CITY",45505,"FOR COUNCILMEMBER, WARD 1  CITY OF OKLAHOMA CITY",,26,26,1,"CAROLYN S SIMS",,46,3,444,493,,
3/5/2013,"OKLAHOMA","CITY OF OKLAHOMA CITY",45505,"FOR COUNCILMEMBER, WARD 1  CITY OF OKLAHOMA CITY",,26,26,2,"JAMES GREINER",,57,2,714,773,,
3/5/2013,"OKLAHOMA","CITY OF OKLAHOMA CITY",45505,"FOR COUNCILMEMBER, WARD 1  CITY OF OKLAHOMA CITY",,26,26,3,"GARY MARRS",,100,9,690,799,,
3/5/2013,"OKLAHOMA","CITY OF OKLAHOMA CITY",45508,"FOR COUNCILMEMBER, WARD 7  CITY OF OKLAHOMA CITY",,50,50,1,"RANDON GIBSON",,4,0,19,23,,
3/5/2013,"OKLAHOMA","CITY OF OKLAHOMA CITY",45508,"FOR COUNCILMEMBER, WARD 7  CITY OF OKLAHOMA CITY",,50,50,2,"JOHN A. PETTIS, JR.",,26,67,713,806,,
3/5/2013,"OKLAHOMA","CITY OF OKLAHOMA CITY",45508,"FOR COUNCILMEMBER, WARD 7  CITY OF OKLAHOMA CITY",,50,50,3,"BEN T. ROBINSON",,26,8,399,433,,
3/5/2013,"OKLAHOMA","CITY OF OKLAHOMA CITY",45508,"FOR COUNCILMEMBER, WARD 7  CITY OF OKLAHOMA CITY",,50,50,4,"RONALD SKIP KELLY",,47,111,804,962,,
3/5/2013,"OKLAHOMA","CITY OF OKLAHOMA CITY",45508,"FOR COUNCILMEMBER, WARD 7  CITY OF OKLAHOMA CITY",,50,50,5,"LILLIE R. BUCKNER",,31,66,345,442,,
3/5/2013,"OKLAHOMA","CITY OF OKLAHOMA CITY",45508,"FOR COUNCILMEMBER, WARD 7  CITY OF OKLAHOMA CITY",,50,50,6,"STAR YOUNG",,8,0,68,76,,
3/5/2013,"OKLAHOMA","CITY OF OKLAHOMA CITY",45508,"FOR COUNCILMEMBER, WARD 7  CITY OF OKLAHOMA CITY",,50,50,7,"JOHN E. BILBURY III",,12,23,337,372,,
3/5/2013,"OKMULGEE","MIDWAY PUBLIC SCHOOLS",54601,"PROPOSITION  MIDWAY PUBLIC SCHOOLS",,1,1,1,"FOR THE PROPOSITION - YES",,0,0,0,0,,
3/5/2013,"OKMULGEE","MIDWAY PUBLIC SCHOOLS",54601,"PROPOSITION  MIDWAY PUBLIC SCHOOLS",,1,1,2,"AGAINST THE PROPOSITION - NO",,0,0,0,0,,
3/5/2013,"OKMULGEE","LIBERTY PUBLIC SCHOOLS",57201,"PROPOSITION  LIBERTY PUBLIC SCHOOLS",,2,2,1,"FOR THE PROPOSITION - YES",,3,0,18,21,,
3/5/2013,"OKMULGEE","LIBERTY PUBLIC SCHOOLS",57201,"PROPOSITION  LIBERTY PUBLIC SCHOOLS",,2,2,2,"AGAINST THE PROPOSITION - NO",,1,0,0,1,,
3/5/2013,"OSAGE","OSAGE COUNTY",21571,"FOR COUNTY COMMISSIONER DISTRICT NO. 3 (UNEXPIRED TERM)",DEM,11,11,1,"HOWARD MIKE PATTISON",DEM,4,3,46,53,,
3/5/2013,"OSAGE","OSAGE COUNTY",21571,"FOR COUNTY COMMISSIONER DISTRICT NO. 3 (UNEXPIRED TERM)",DEM,11,11,2,"DOUG ELLIOTT",DEM,7,3,52,62,,
3/5/2013,"OSAGE","OSAGE COUNTY",21571,"FOR COUNTY COMMISSIONER DISTRICT NO. 3 (UNEXPIRED TERM)",DEM,11,11,3,"DARREN McKINNEY",DEM,18,0,291,309,,
3/5/2013,"OSAGE","OSAGE COUNTY",21571,"FOR COUNTY COMMISSIONER DISTRICT NO. 3 (UNEXPIRED TERM)",DEM,11,11,4,"GERRY LAY",DEM,20,1,254,275,,
3/5/2013,"OSAGE","OSAGE COUNTY",22571,"FOR COUNTY COMMISSIONER DISTRICT NO. 3 (UNEXPIRED TERM)",REP,11,11,1,"JOHN BLAKNEY",REP,6,0,136,142,,
3/5/2013,"OSAGE","OSAGE COUNTY",22571,"FOR COUNTY COMMISSIONER DISTRICT NO. 3 (UNEXPIRED TERM)",REP,11,11,2,"ALLEN DAGGS",REP,1,0,57,58,,
3/5/2013,"OSAGE","OSAGE COUNTY",22571,"FOR COUNTY COMMISSIONER DISTRICT NO. 3 (UNEXPIRED TERM)",REP,11,11,3,"ALAN J. RINGLE",REP,11,0,82,93,,
3/5/2013,"OSAGE","SAND SPRINGS PUBLIC SCHOOLS",57202,"PROPOSITION NO. 1  SAND SPRINGS PUBLIC SCHOOLS",,6,6,1,"FOR THE PROPOSITION - YES",,6,0,48,54,,
3/5/2013,"OSAGE","SAND SPRINGS PUBLIC SCHOOLS",57202,"PROPOSITION NO. 1  SAND SPRINGS PUBLIC SCHOOLS",,6,6,2,"AGAINST THE PROPOSITION - NO",,3,0,20,23,,
3/5/2013,"OSAGE","SAND SPRINGS PUBLIC SCHOOLS",57203,"PROPOSITION NO. 2  SAND SPRINGS PUBLIC SCHOOLS",,6,6,1,"FOR THE PROPOSITION - YES",,5,0,48,53,,
3/5/2013,"OSAGE","SAND SPRINGS PUBLIC SCHOOLS",57203,"PROPOSITION NO. 2  SAND SPRINGS PUBLIC SCHOOLS",,6,6,2,"AGAINST THE PROPOSITION - NO",,4,0,21,25,,
3/5/2013,"OSAGE","DEWEY PUBLIC SCHOOLS",57401,"PROPOSITION NO. 1  DEWEY PUBLIC SCHOOLS",,2,2,1,"FOR THE PROPOSITION - YES",,0,0,1,1,,
3/5/2013,"OSAGE","DEWEY PUBLIC SCHOOLS",57401,"PROPOSITION NO. 1  DEWEY PUBLIC SCHOOLS",,2,2,2,"AGAINST THE PROPOSITION - NO",,0,0,4,4,,
3/5/2013,"OSAGE","DEWEY PUBLIC SCHOOLS",57402,"PROPOSITION NO. 2  DEWEY PUBLIC SCHOOLS",,2,2,1,"FOR THE PROPOSITION - YES",,0,0,4,4,,
3/5/2013,"OSAGE","DEWEY PUBLIC SCHOOLS",57402,"PROPOSITION NO. 2  DEWEY PUBLIC SCHOOLS",,2,2,2,"AGAINST THE PROPOSITION - NO",,0,0,1,1,,
3/5/2013,"PAYNE","CUSHING PUBLIC SCHOOLS",56001,"PROPOSITION  CUSHING PUBLIC SCHOOLS",,5,5,1,"FOR THE PROPOSITION - YES",,9,6,671,686,,
3/5/2013,"PAYNE","CUSHING PUBLIC SCHOOLS",56001,"PROPOSITION  CUSHING PUBLIC SCHOOLS",,5,5,2,"AGAINST THE PROPOSITION - NO",,8,2,402,412,,
3/5/2013,"PITTSBURG","HAILEYVILLE PUBLIC SCHOOLS",56101,"PROPOSITION  HAILEYVILLE PUBLIC SCHOOLS",,10,10,1,"FOR THE PROPOSITION - YES",,0,2,109,111,,
3/5/2013,"PITTSBURG","HAILEYVILLE PUBLIC SCHOOLS",56101,"PROPOSITION  HAILEYVILLE PUBLIC SCHOOLS",,10,10,2,"AGAINST THE PROPOSITION - NO",,0,0,8,8,,
3/5/2013,"PITTSBURG","SAVANNA PUBLIC SCHOOLS",56102,"PROPOSITION  SAVANNA PUBLIC SCHOOLS",,6,6,1,"FOR THE PROPOSITION - YES",,2,2,111,115,,
3/5/2013,"PITTSBURG","SAVANNA PUBLIC SCHOOLS",56102,"PROPOSITION  SAVANNA PUBLIC SCHOOLS",,6,6,2,"AGAINST THE PROPOSITION - NO",,0,3,35,38,,
3/5/2013,"PONTOTOC","CITY OF ADA",46201,"FOR COUNCILMEMBER WARD 1  CITY OF ADA",,9,9,1,"BRYAN MORRIS",,20,15,342,377,,
3/5/2013,"PONTOTOC","CITY OF ADA",46201,"FOR COUNCILMEMBER WARD 1  CITY OF ADA",,9,9,2,"DANIEL CHRISTOPHER MULL",,12,22,183,217,,
3/5/2013,"PONTOTOC","CITY OF ADA",46202,"FOR COUNCILMEMBER WARD 3  CITY OF ADA",,9,9,1,"DARRELL NEMECEK",,23,20,337,380,,
3/5/2013,"PONTOTOC","CITY OF ADA",46202,"FOR COUNCILMEMBER WARD 3  CITY OF ADA",,9,9,2,"BILL RICE",,9,17,197,223,,
3/5/2013,"PONTOTOC","CITY OF ADA",46203,"FOR COUNCILMEMBER WARD  AT LARGE  CITY OF ADA",,9,9,1,"DON RICE",,9,16,168,193,,
3/5/2013,"PONTOTOC","CITY OF ADA",46203,"FOR COUNCILMEMBER WARD  AT LARGE  CITY OF ADA",,9,9,2,"GREG McCORTNEY",,23,21,365,409,,
3/5/2013,"ROGERS","CITY OF OWASSO",47201,"FOR COUNCIL MEMBER WARD 5  CITY OF OWASSO",,3,3,1,"DOUGLAS D. BONEBRAKE",,1,1,54,56,,
3/5/2013,"ROGERS","CITY OF OWASSO",47201,"FOR COUNCIL MEMBER WARD 5  CITY OF OWASSO",,3,3,2,"J. B. ALEXANDER",,0,2,28,30,,
3/5/2013,"ROGERS","OOLOGAH-TALALA PUBLIC SCHOOLS",56601,"PROPOSITION  OOLOGAH-TALALA PUBLIC SCHOOLS",,9,9,1,"FOR THE PROPOSITION - YES",,5,6,219,230,,
3/5/2013,"ROGERS","OOLOGAH-TALALA PUBLIC SCHOOLS",56601,"PROPOSITION  OOLOGAH-TALALA PUBLIC SCHOOLS",,9,9,2,"AGAINST THE PROPOSITION - NO",,3,3,79,85,,
3/5/2013,"SEQUOYAH","SALLISAW PUBLIC SCHOOLS",56801,"PROPOSITION  SALLISAW PUBLIC SCHOOLS",,12,12,1,"FOR THE PROPOSITION - YES",,19,122,949,1090,,
3/5/2013,"SEQUOYAH","SALLISAW PUBLIC SCHOOLS",56801,"PROPOSITION  SALLISAW PUBLIC SCHOOLS",,12,12,2,"AGAINST THE PROPOSITION - NO",,2,16,283,301,,
3/5/2013,"TULSA","CITY OF OWASSO",47201,"FOR COUNCIL MEMBER WARD 5  CITY OF OWASSO",,11,11,1,"DOUGLAS D. BONEBRAKE",,22,12,988,1022,,
3/5/2013,"TULSA","CITY OF OWASSO",47201,"FOR COUNCIL MEMBER WARD 5  CITY OF OWASSO",,11,11,2,"J. B. ALEXANDER",,20,8,991,1019,,
3/5/2013,"TULSA","LIBERTY PUBLIC SCHOOLS",57201,"PROPOSITION  LIBERTY PUBLIC SCHOOLS",,3,3,1,"FOR THE PROPOSITION - YES",,2,1,43,46,,
3/5/2013,"TULSA","LIBERTY PUBLIC SCHOOLS",57201,"PROPOSITION  LIBERTY PUBLIC SCHOOLS",,3,3,2,"AGAINST THE PROPOSITION - NO",,0,0,0,0,,
3/5/2013,"TULSA","SAND SPRINGS PUBLIC SCHOOLS",57202,"PROPOSITION NO. 1  SAND SPRINGS PUBLIC SCHOOLS",,11,11,1,"FOR THE PROPOSITION - YES",,20,16,790,826,,
3/5/2013,"TULSA","SAND SPRINGS PUBLIC SCHOOLS",57202,"PROPOSITION NO. 1  SAND SPRINGS PUBLIC SCHOOLS",,11,11,2,"AGAINST THE PROPOSITION - NO",,20,0,106,126,,
3/5/2013,"TULSA","SAND SPRINGS PUBLIC SCHOOLS",57203,"PROPOSITION NO. 2  SAND SPRINGS PUBLIC SCHOOLS",,11,11,1,"FOR THE PROPOSITION - YES",,22,16,786,824,,
3/5/2013,"TULSA","SAND SPRINGS PUBLIC SCHOOLS",57203,"PROPOSITION NO. 2  SAND SPRINGS PUBLIC SCHOOLS",,11,11,2,"AGAINST THE PROPOSITION - NO",,18,0,112,130,,
3/5/2013,"WAGONER","LOCUST GROVE PUBLIC SCHOOLS",54901,"PROPOSITION NO. 1  LOCUST GROVE PUBLIC SCHOOLS",,1,1,1,"FOR THE PROPOSITION - YES",,0,0,9,9,,
3/5/2013,"WAGONER","LOCUST GROVE PUBLIC SCHOOLS",54901,"PROPOSITION NO. 1  LOCUST GROVE PUBLIC SCHOOLS",,1,1,2,"AGAINST THE PROPOSITION - NO",,0,0,9,9,,
3/5/2013,"WAGONER","LOCUST GROVE PUBLIC SCHOOLS",54902,"PROPOSITION NO. 2  LOCUST GROVE PUBLIC SCHOOLS",,1,1,1,"FOR THE PROPOSITION - YES",,0,0,11,11,,
3/5/2013,"WAGONER","LOCUST GROVE PUBLIC SCHOOLS",54902,"PROPOSITION NO. 2  LOCUST GROVE PUBLIC SCHOOLS",,1,1,2,"AGAINST THE PROPOSITION - NO",,0,0,7,7,,
3/5/2013,"WAGONER","FORT GIBSON PUBLIC SCHOOLS",55101,"PROPOSITION NO. 1  FORT GIBSON PUBLIC SCHOOLS",,1,1,1,"FOR THE PROPOSITION - YES",,0,0,2,2,,
3/5/2013,"WAGONER","FORT GIBSON PUBLIC SCHOOLS",55101,"PROPOSITION NO. 1  FORT GIBSON PUBLIC SCHOOLS",,1,1,2,"AGAINST THE PROPOSITION - NO",,0,0,6,6,,
3/5/2013,"WAGONER","FORT GIBSON PUBLIC SCHOOLS",55102,"PROPOSITION NO. 2  FORT GIBSON PUBLIC SCHOOLS",,1,1,1,"FOR THE PROPOSITION - YES",,0,0,2,2,,
3/5/2013,"WAGONER","FORT GIBSON PUBLIC SCHOOLS",55102,"PROPOSITION NO. 2  FORT GIBSON PUBLIC SCHOOLS",,1,1,2,"AGAINST THE PROPOSITION - NO",,0,0,6,6,,
3/5/2013,"WASHINGTON","DEWEY PUBLIC SCHOOLS",57401,"PROPOSITION NO. 1  DEWEY PUBLIC SCHOOLS",,3,3,1,"FOR THE PROPOSITION - YES",,4,4,318,326,,
3/5/2013,"WASHINGTON","DEWEY PUBLIC SCHOOLS",57401,"PROPOSITION NO. 1  DEWEY PUBLIC SCHOOLS",,3,3,2,"AGAINST THE PROPOSITION - NO",,0,5,49,54,,
3/5/2013,"WASHINGTON","DEWEY PUBLIC SCHOOLS",57402,"PROPOSITION NO. 2  DEWEY PUBLIC SCHOOLS",,3,3,1,"FOR THE PROPOSITION - YES",,4,7,338,349,,
3/5/2013,"WASHINGTON","DEWEY PUBLIC SCHOOLS",57402,"PROPOSITION NO. 2  DEWEY PUBLIC SCHOOLS",,3,3,2,"AGAINST THE PROPOSITION - NO",,0,2,37,39,,
