elec_date,precinct,entity_description,race_number,race_description,race_party,tot_race_prec,race_prec_reporting,cand_number,cand_name,cand_party,cand_absmail_votes,cand_early_votes,cand_elecday_votes,cand_tot_votes,race_county_owner
3/7/2017,"030013","STRINGTOWN PUBLIC SCHOOLS INDEPENDENT SCHOOL DISTRICT NO. 007",50301,"PROPOSITION  STRINGTOWN PUBLIC SCHOOLS",,3,3,1,"FOR THE PROPOSITION - YES",,1,3,110,114,,
3/7/2017,"030013","STRINGTOWN PUBLIC SCHOOLS INDEPENDENT SCHOOL DISTRICT NO. 007",50301,"PROPOSITION  STRINGTOWN PUBLIC SCHOOLS",,3,3,2,"AGAINST THE PROPOSITION - NO",,0,4,54,58,,
3/7/2017,"030014","STRINGTOWN PUBLIC SCHOOLS INDEPENDENT SCHOOL DISTRICT NO. 007",50301,"PROPOSITION  STRINGTOWN PUBLIC SCHOOLS",,3,3,1,"FOR THE PROPOSITION - YES",,0,1,31,32,,
3/7/2017,"030014","STRINGTOWN PUBLIC SCHOOLS INDEPENDENT SCHOOL DISTRICT NO. 007",50301,"PROPOSITION  STRINGTOWN PUBLIC SCHOOLS",,3,3,2,"AGAINST THE PROPOSITION - NO",,0,2,19,21,,
3/7/2017,"030019","STRINGTOWN PUBLIC SCHOOLS INDEPENDENT SCHOOL DISTRICT NO. 007",50301,"PROPOSITION  STRINGTOWN PUBLIC SCHOOLS",,3,3,1,"FOR THE PROPOSITION - YES",,0,0,7,7,,
3/7/2017,"030019","STRINGTOWN PUBLIC SCHOOLS INDEPENDENT SCHOOL DISTRICT NO. 007",50301,"PROPOSITION  STRINGTOWN PUBLIC SCHOOLS",,3,3,2,"AGAINST THE PROPOSITION - NO",,0,1,9,10,,
3/7/2017,"090201","CITY OF YUKON",40901,"PROPOSITION  CITY OF YUKON",,12,12,1,"FOR THE PROPOSITION - YES",,0,2,16,18,,
3/7/2017,"090201","CITY OF YUKON",40901,"PROPOSITION  CITY OF YUKON",,12,12,2,"AGAINST THE PROPOSITION - NO",,2,0,61,63,,
3/7/2017,"090204","CITY OF YUKON",40901,"PROPOSITION  CITY OF YUKON",,12,12,1,"FOR THE PROPOSITION - YES",,4,0,99,103,,
3/7/2017,"090204","CITY OF YUKON",40901,"PROPOSITION  CITY OF YUKON",,12,12,2,"AGAINST THE PROPOSITION - NO",,8,3,240,251,,
3/7/2017,"090206","CITY OF YUKON",40901,"PROPOSITION  CITY OF YUKON",,12,12,1,"FOR THE PROPOSITION - YES",,3,0,58,61,,
3/7/2017,"090206","CITY OF YUKON",40901,"PROPOSITION  CITY OF YUKON",,12,12,2,"AGAINST THE PROPOSITION - NO",,5,0,238,243,,
3/7/2017,"090208","CITY OF YUKON",40901,"PROPOSITION  CITY OF YUKON",,12,12,1,"FOR THE PROPOSITION - YES",,0,0,102,102,,
3/7/2017,"090208","CITY OF YUKON",40901,"PROPOSITION  CITY OF YUKON",,12,12,2,"AGAINST THE PROPOSITION - NO",,13,3,310,326,,
3/7/2017,"090209","CITY OF YUKON",40901,"PROPOSITION  CITY OF YUKON",,12,12,1,"FOR THE PROPOSITION - YES",,0,0,4,4,,
3/7/2017,"090209","CITY OF YUKON",40901,"PROPOSITION  CITY OF YUKON",,12,12,2,"AGAINST THE PROPOSITION - NO",,0,0,5,5,,
3/7/2017,"090210","CITY OF YUKON",40901,"PROPOSITION  CITY OF YUKON",,12,12,1,"FOR THE PROPOSITION - YES",,4,0,104,108,,
3/7/2017,"090210","CITY OF YUKON",40901,"PROPOSITION  CITY OF YUKON",,12,12,2,"AGAINST THE PROPOSITION - NO",,2,2,168,172,,
3/7/2017,"090211","CITY OF YUKON",40901,"PROPOSITION  CITY OF YUKON",,12,12,1,"FOR THE PROPOSITION - YES",,0,0,0,0,,
3/7/2017,"090211","CITY OF YUKON",40901,"PROPOSITION  CITY OF YUKON",,12,12,2,"AGAINST THE PROPOSITION - NO",,0,0,0,0,,
3/7/2017,"090214","CITY OF YUKON",40901,"PROPOSITION  CITY OF YUKON",,12,12,1,"FOR THE PROPOSITION - YES",,4,0,100,104,,
3/7/2017,"090214","CITY OF YUKON",40901,"PROPOSITION  CITY OF YUKON",,12,12,2,"AGAINST THE PROPOSITION - NO",,13,2,339,354,,
3/7/2017,"090216","CITY OF YUKON",40901,"PROPOSITION  CITY OF YUKON",,12,12,1,"FOR THE PROPOSITION - YES",,8,4,184,196,,
3/7/2017,"090216","CITY OF YUKON",40901,"PROPOSITION  CITY OF YUKON",,12,12,2,"AGAINST THE PROPOSITION - NO",,13,7,381,401,,
3/7/2017,"090217","CITY OF YUKON",40901,"PROPOSITION  CITY OF YUKON",,12,12,1,"FOR THE PROPOSITION - YES",,0,0,0,0,,
3/7/2017,"090217","CITY OF YUKON",40901,"PROPOSITION  CITY OF YUKON",,12,12,2,"AGAINST THE PROPOSITION - NO",,0,0,0,0,,
3/7/2017,"090218","CITY OF YUKON",40901,"PROPOSITION  CITY OF YUKON",,12,12,1,"FOR THE PROPOSITION - YES",,1,0,83,84,,
3/7/2017,"090218","CITY OF YUKON",40901,"PROPOSITION  CITY OF YUKON",,12,12,2,"AGAINST THE PROPOSITION - NO",,4,2,262,268,,
3/7/2017,"090220","CITY OF YUKON",40901,"PROPOSITION  CITY OF YUKON",,12,12,1,"FOR THE PROPOSITION - YES",,5,2,107,114,,
3/7/2017,"090220","CITY OF YUKON",40901,"PROPOSITION  CITY OF YUKON",,12,12,2,"AGAINST THE PROPOSITION - NO",,7,2,357,366,,
3/7/2017,"120320","TOWN OF FORT TOWSON",41201,"PROPOSITION  TOWN OF FORT TOWSON",,2,2,1,"FOR THE PROPOSITION - YES",,0,0,0,0,,
3/7/2017,"120320","TOWN OF FORT TOWSON",41201,"PROPOSITION  TOWN OF FORT TOWSON",,2,2,2,"AGAINST THE PROPOSITION - NO",,0,0,0,0,,
3/7/2017,"120321","TOWN OF FORT TOWSON",41201,"PROPOSITION  TOWN OF FORT TOWSON",,2,2,1,"FOR THE PROPOSITION - YES",,4,2,59,65,,
3/7/2017,"120321","TOWN OF FORT TOWSON",41201,"PROPOSITION  TOWN OF FORT TOWSON",,2,2,2,"AGAINST THE PROPOSITION - NO",,0,0,1,1,,
3/7/2017,"140029","NOBLE PUBLIC SCHOOLS INDEPENDENT SCHOOL DISTRICT NO. 040",51401,"PROPOSITION NO. 1  NOBLE PUBLIC SCHOOLS",,9,9,1,"FOR THE PROPOSITION - YES",,5,1,269,275,,
3/7/2017,"140029","NOBLE PUBLIC SCHOOLS INDEPENDENT SCHOOL DISTRICT NO. 040",51401,"PROPOSITION NO. 1  NOBLE PUBLIC SCHOOLS",,9,9,2,"AGAINST THE PROPOSITION - NO",,11,1,101,113,,
3/7/2017,"140029","NOBLE PUBLIC SCHOOLS INDEPENDENT SCHOOL DISTRICT NO. 040",51402,"PROPOSITION NO. 2  NOBLE PUBLIC SCHOOLS",,9,9,1,"FOR THE PROPOSITION - YES",,5,1,292,298,,
3/7/2017,"140029","NOBLE PUBLIC SCHOOLS INDEPENDENT SCHOOL DISTRICT NO. 040",51402,"PROPOSITION NO. 2  NOBLE PUBLIC SCHOOLS",,9,9,2,"AGAINST THE PROPOSITION - NO",,11,1,79,91,,
3/7/2017,"140038","NOBLE PUBLIC SCHOOLS INDEPENDENT SCHOOL DISTRICT NO. 040",51401,"PROPOSITION NO. 1  NOBLE PUBLIC SCHOOLS",,9,9,1,"FOR THE PROPOSITION - YES",,0,0,71,71,,
3/7/2017,"140038","NOBLE PUBLIC SCHOOLS INDEPENDENT SCHOOL DISTRICT NO. 040",51401,"PROPOSITION NO. 1  NOBLE PUBLIC SCHOOLS",,9,9,2,"AGAINST THE PROPOSITION - NO",,5,0,37,42,,
3/7/2017,"140038","NOBLE PUBLIC SCHOOLS INDEPENDENT SCHOOL DISTRICT NO. 040",51402,"PROPOSITION NO. 2  NOBLE PUBLIC SCHOOLS",,9,9,1,"FOR THE PROPOSITION - YES",,0,0,77,77,,
3/7/2017,"140038","NOBLE PUBLIC SCHOOLS INDEPENDENT SCHOOL DISTRICT NO. 040",51402,"PROPOSITION NO. 2  NOBLE PUBLIC SCHOOLS",,9,9,2,"AGAINST THE PROPOSITION - NO",,5,0,32,37,,
3/7/2017,"140045","NOBLE PUBLIC SCHOOLS INDEPENDENT SCHOOL DISTRICT NO. 040",51401,"PROPOSITION NO. 1  NOBLE PUBLIC SCHOOLS",,9,9,1,"FOR THE PROPOSITION - YES",,1,0,21,22,,
3/7/2017,"140045","NOBLE PUBLIC SCHOOLS INDEPENDENT SCHOOL DISTRICT NO. 040",51401,"PROPOSITION NO. 1  NOBLE PUBLIC SCHOOLS",,9,9,2,"AGAINST THE PROPOSITION - NO",,4,0,30,34,,
3/7/2017,"140045","NOBLE PUBLIC SCHOOLS INDEPENDENT SCHOOL DISTRICT NO. 040",51402,"PROPOSITION NO. 2  NOBLE PUBLIC SCHOOLS",,9,9,1,"FOR THE PROPOSITION - YES",,1,0,23,24,,
3/7/2017,"140045","NOBLE PUBLIC SCHOOLS INDEPENDENT SCHOOL DISTRICT NO. 040",51402,"PROPOSITION NO. 2  NOBLE PUBLIC SCHOOLS",,9,9,2,"AGAINST THE PROPOSITION - NO",,4,0,29,33,,
3/7/2017,"140049","NOBLE PUBLIC SCHOOLS INDEPENDENT SCHOOL DISTRICT NO. 040",51401,"PROPOSITION NO. 1  NOBLE PUBLIC SCHOOLS",,9,9,1,"FOR THE PROPOSITION - YES",,1,0,4,5,,
3/7/2017,"140049","NOBLE PUBLIC SCHOOLS INDEPENDENT SCHOOL DISTRICT NO. 040",51401,"PROPOSITION NO. 1  NOBLE PUBLIC SCHOOLS",,9,9,2,"AGAINST THE PROPOSITION - NO",,0,0,1,1,,
3/7/2017,"140049","NOBLE PUBLIC SCHOOLS INDEPENDENT SCHOOL DISTRICT NO. 040",51402,"PROPOSITION NO. 2  NOBLE PUBLIC SCHOOLS",,9,9,1,"FOR THE PROPOSITION - YES",,1,0,4,5,,
3/7/2017,"140049","NOBLE PUBLIC SCHOOLS INDEPENDENT SCHOOL DISTRICT NO. 040",51402,"PROPOSITION NO. 2  NOBLE PUBLIC SCHOOLS",,9,9,2,"AGAINST THE PROPOSITION - NO",,0,0,1,1,,
3/7/2017,"140057","NOBLE PUBLIC SCHOOLS INDEPENDENT SCHOOL DISTRICT NO. 040",51401,"PROPOSITION NO. 1  NOBLE PUBLIC SCHOOLS",,9,9,1,"FOR THE PROPOSITION - YES",,20,2,384,406,,
3/7/2017,"140057","NOBLE PUBLIC SCHOOLS INDEPENDENT SCHOOL DISTRICT NO. 040",51401,"PROPOSITION NO. 1  NOBLE PUBLIC SCHOOLS",,9,9,2,"AGAINST THE PROPOSITION - NO",,9,0,131,140,,
3/7/2017,"140057","NOBLE PUBLIC SCHOOLS INDEPENDENT SCHOOL DISTRICT NO. 040",51402,"PROPOSITION NO. 2  NOBLE PUBLIC SCHOOLS",,9,9,1,"FOR THE PROPOSITION - YES",,21,2,389,412,,
3/7/2017,"140057","NOBLE PUBLIC SCHOOLS INDEPENDENT SCHOOL DISTRICT NO. 040",51402,"PROPOSITION NO. 2  NOBLE PUBLIC SCHOOLS",,9,9,2,"AGAINST THE PROPOSITION - NO",,7,0,127,134,,
3/7/2017,"140067","NOBLE PUBLIC SCHOOLS INDEPENDENT SCHOOL DISTRICT NO. 040",51401,"PROPOSITION NO. 1  NOBLE PUBLIC SCHOOLS",,9,9,1,"FOR THE PROPOSITION - YES",,1,0,23,24,,
3/7/2017,"140067","NOBLE PUBLIC SCHOOLS INDEPENDENT SCHOOL DISTRICT NO. 040",51401,"PROPOSITION NO. 1  NOBLE PUBLIC SCHOOLS",,9,9,2,"AGAINST THE PROPOSITION - NO",,0,0,8,8,,
3/7/2017,"140067","NOBLE PUBLIC SCHOOLS INDEPENDENT SCHOOL DISTRICT NO. 040",51402,"PROPOSITION NO. 2  NOBLE PUBLIC SCHOOLS",,9,9,1,"FOR THE PROPOSITION - YES",,1,0,25,26,,
3/7/2017,"140067","NOBLE PUBLIC SCHOOLS INDEPENDENT SCHOOL DISTRICT NO. 040",51402,"PROPOSITION NO. 2  NOBLE PUBLIC SCHOOLS",,9,9,2,"AGAINST THE PROPOSITION - NO",,0,0,6,6,,
3/7/2017,"140083","NOBLE PUBLIC SCHOOLS INDEPENDENT SCHOOL DISTRICT NO. 040",51401,"PROPOSITION NO. 1  NOBLE PUBLIC SCHOOLS",,9,9,1,"FOR THE PROPOSITION - YES",,2,1,25,28,,
3/7/2017,"140083","NOBLE PUBLIC SCHOOLS INDEPENDENT SCHOOL DISTRICT NO. 040",51401,"PROPOSITION NO. 1  NOBLE PUBLIC SCHOOLS",,9,9,2,"AGAINST THE PROPOSITION - NO",,1,0,14,15,,
3/7/2017,"140083","NOBLE PUBLIC SCHOOLS INDEPENDENT SCHOOL DISTRICT NO. 040",51402,"PROPOSITION NO. 2  NOBLE PUBLIC SCHOOLS",,9,9,1,"FOR THE PROPOSITION - YES",,2,1,28,31,,
3/7/2017,"140083","NOBLE PUBLIC SCHOOLS INDEPENDENT SCHOOL DISTRICT NO. 040",51402,"PROPOSITION NO. 2  NOBLE PUBLIC SCHOOLS",,9,9,2,"AGAINST THE PROPOSITION - NO",,1,0,11,12,,
3/7/2017,"140094","NOBLE PUBLIC SCHOOLS INDEPENDENT SCHOOL DISTRICT NO. 040",51401,"PROPOSITION NO. 1  NOBLE PUBLIC SCHOOLS",,9,9,1,"FOR THE PROPOSITION - YES",,1,0,4,5,,
3/7/2017,"140094","NOBLE PUBLIC SCHOOLS INDEPENDENT SCHOOL DISTRICT NO. 040",51401,"PROPOSITION NO. 1  NOBLE PUBLIC SCHOOLS",,9,9,2,"AGAINST THE PROPOSITION - NO",,0,2,12,14,,
3/7/2017,"140094","NOBLE PUBLIC SCHOOLS INDEPENDENT SCHOOL DISTRICT NO. 040",51402,"PROPOSITION NO. 2  NOBLE PUBLIC SCHOOLS",,9,9,1,"FOR THE PROPOSITION - YES",,1,0,6,7,,
3/7/2017,"140094","NOBLE PUBLIC SCHOOLS INDEPENDENT SCHOOL DISTRICT NO. 040",51402,"PROPOSITION NO. 2  NOBLE PUBLIC SCHOOLS",,9,9,2,"AGAINST THE PROPOSITION - NO",,0,2,10,12,,
3/7/2017,"140095","NOBLE PUBLIC SCHOOLS INDEPENDENT SCHOOL DISTRICT NO. 040",51401,"PROPOSITION NO. 1  NOBLE PUBLIC SCHOOLS",,9,9,1,"FOR THE PROPOSITION - YES",,4,0,72,76,,
3/7/2017,"140095","NOBLE PUBLIC SCHOOLS INDEPENDENT SCHOOL DISTRICT NO. 040",51401,"PROPOSITION NO. 1  NOBLE PUBLIC SCHOOLS",,9,9,2,"AGAINST THE PROPOSITION - NO",,1,0,15,16,,
3/7/2017,"140095","NOBLE PUBLIC SCHOOLS INDEPENDENT SCHOOL DISTRICT NO. 040",51402,"PROPOSITION NO. 2  NOBLE PUBLIC SCHOOLS",,9,9,1,"FOR THE PROPOSITION - YES",,4,0,73,77,,
3/7/2017,"140095","NOBLE PUBLIC SCHOOLS INDEPENDENT SCHOOL DISTRICT NO. 040",51402,"PROPOSITION NO. 2  NOBLE PUBLIC SCHOOLS",,9,9,2,"AGAINST THE PROPOSITION - NO",,1,0,14,15,,
3/7/2017,"160031","ELGIN PUBLIC SCHOOLS INDEPENDENT SCHOOL DISTRICT NO. 016",51601,"PROPOSITION  ELGIN PUBLIC SCHOOLS",,8,8,1,"FOR THE PROPOSITION - YES",,0,0,3,3,,
3/7/2017,"160031","ELGIN PUBLIC SCHOOLS INDEPENDENT SCHOOL DISTRICT NO. 016",51601,"PROPOSITION  ELGIN PUBLIC SCHOOLS",,8,8,2,"AGAINST THE PROPOSITION - NO",,0,0,7,7,,
3/7/2017,"160035","ELGIN PUBLIC SCHOOLS INDEPENDENT SCHOOL DISTRICT NO. 016",51601,"PROPOSITION  ELGIN PUBLIC SCHOOLS",,8,8,1,"FOR THE PROPOSITION - YES",,0,0,12,12,,
3/7/2017,"160035","ELGIN PUBLIC SCHOOLS INDEPENDENT SCHOOL DISTRICT NO. 016",51601,"PROPOSITION  ELGIN PUBLIC SCHOOLS",,8,8,2,"AGAINST THE PROPOSITION - NO",,0,0,12,12,,
3/7/2017,"160036","ELGIN PUBLIC SCHOOLS INDEPENDENT SCHOOL DISTRICT NO. 016",51601,"PROPOSITION  ELGIN PUBLIC SCHOOLS",,8,8,1,"FOR THE PROPOSITION - YES",,0,0,22,22,,
3/7/2017,"160036","ELGIN PUBLIC SCHOOLS INDEPENDENT SCHOOL DISTRICT NO. 016",51601,"PROPOSITION  ELGIN PUBLIC SCHOOLS",,8,8,2,"AGAINST THE PROPOSITION - NO",,2,0,22,24,,
3/7/2017,"160037","ELGIN PUBLIC SCHOOLS INDEPENDENT SCHOOL DISTRICT NO. 016",51601,"PROPOSITION  ELGIN PUBLIC SCHOOLS",,8,8,1,"FOR THE PROPOSITION - YES",,2,0,56,58,,
3/7/2017,"160037","ELGIN PUBLIC SCHOOLS INDEPENDENT SCHOOL DISTRICT NO. 016",51601,"PROPOSITION  ELGIN PUBLIC SCHOOLS",,8,8,2,"AGAINST THE PROPOSITION - NO",,0,0,40,40,,
3/7/2017,"160038","ELGIN PUBLIC SCHOOLS INDEPENDENT SCHOOL DISTRICT NO. 016",51601,"PROPOSITION  ELGIN PUBLIC SCHOOLS",,8,8,1,"FOR THE PROPOSITION - YES",,16,11,457,484,,
3/7/2017,"160038","ELGIN PUBLIC SCHOOLS INDEPENDENT SCHOOL DISTRICT NO. 016",51601,"PROPOSITION  ELGIN PUBLIC SCHOOLS",,8,8,2,"AGAINST THE PROPOSITION - NO",,13,7,213,233,,
3/7/2017,"160039","ELGIN PUBLIC SCHOOLS INDEPENDENT SCHOOL DISTRICT NO. 016",51601,"PROPOSITION  ELGIN PUBLIC SCHOOLS",,8,8,1,"FOR THE PROPOSITION - YES",,0,0,0,0,,
3/7/2017,"160039","ELGIN PUBLIC SCHOOLS INDEPENDENT SCHOOL DISTRICT NO. 016",51601,"PROPOSITION  ELGIN PUBLIC SCHOOLS",,8,8,2,"AGAINST THE PROPOSITION - NO",,1,0,4,5,,
3/7/2017,"160051","ELGIN PUBLIC SCHOOLS INDEPENDENT SCHOOL DISTRICT NO. 016",51601,"PROPOSITION  ELGIN PUBLIC SCHOOLS",,8,8,1,"FOR THE PROPOSITION - YES",,2,4,138,144,,
3/7/2017,"160051","ELGIN PUBLIC SCHOOLS INDEPENDENT SCHOOL DISTRICT NO. 016",51601,"PROPOSITION  ELGIN PUBLIC SCHOOLS",,8,8,2,"AGAINST THE PROPOSITION - NO",,6,0,127,133,,
3/7/2017,"160053","ELGIN PUBLIC SCHOOLS INDEPENDENT SCHOOL DISTRICT NO. 016",51601,"PROPOSITION  ELGIN PUBLIC SCHOOLS",,8,8,1,"FOR THE PROPOSITION - YES",,0,0,0,0,,
3/7/2017,"160053","ELGIN PUBLIC SCHOOLS INDEPENDENT SCHOOL DISTRICT NO. 016",51601,"PROPOSITION  ELGIN PUBLIC SCHOOLS",,8,8,2,"AGAINST THE PROPOSITION - NO",,0,0,0,0,,
3/7/2017,"210003","GROVE PUBLIC SCHOOLS INDEPENDENT SCHOOL DISTRICT NO. 002",52101,"PROPOSITON  GROVE PUBLIC SCHOOLS",,9,9,1,"FOR THE PROPOSITION - YES",,3,0,22,25,,
3/7/2017,"210003","GROVE PUBLIC SCHOOLS INDEPENDENT SCHOOL DISTRICT NO. 002",52101,"PROPOSITON  GROVE PUBLIC SCHOOLS",,9,9,2,"AGAINST THE PROPOSITION - NO",,0,0,28,28,,
3/7/2017,"210004","GROVE PUBLIC SCHOOLS INDEPENDENT SCHOOL DISTRICT NO. 002",52101,"PROPOSITON  GROVE PUBLIC SCHOOLS",,9,9,1,"FOR THE PROPOSITION - YES",,0,0,26,26,,
3/7/2017,"210004","GROVE PUBLIC SCHOOLS INDEPENDENT SCHOOL DISTRICT NO. 002",52101,"PROPOSITON  GROVE PUBLIC SCHOOLS",,9,9,2,"AGAINST THE PROPOSITION - NO",,2,0,23,25,,
3/7/2017,"210005","GROVE PUBLIC SCHOOLS INDEPENDENT SCHOOL DISTRICT NO. 002",52101,"PROPOSITON  GROVE PUBLIC SCHOOLS",,9,9,1,"FOR THE PROPOSITION - YES",,2,2,55,59,,
3/7/2017,"210005","GROVE PUBLIC SCHOOLS INDEPENDENT SCHOOL DISTRICT NO. 002",52101,"PROPOSITON  GROVE PUBLIC SCHOOLS",,9,9,2,"AGAINST THE PROPOSITION - NO",,7,0,34,41,,
3/7/2017,"210006","GROVE PUBLIC SCHOOLS INDEPENDENT SCHOOL DISTRICT NO. 002",52101,"PROPOSITON  GROVE PUBLIC SCHOOLS",,9,9,1,"FOR THE PROPOSITION - YES",,3,0,16,19,,
3/7/2017,"210006","GROVE PUBLIC SCHOOLS INDEPENDENT SCHOOL DISTRICT NO. 002",52101,"PROPOSITON  GROVE PUBLIC SCHOOLS",,9,9,2,"AGAINST THE PROPOSITION - NO",,1,0,29,30,,
3/7/2017,"210007","GROVE PUBLIC SCHOOLS INDEPENDENT SCHOOL DISTRICT NO. 002",52101,"PROPOSITON  GROVE PUBLIC SCHOOLS",,9,9,1,"FOR THE PROPOSITION - YES",,7,1,105,113,,
3/7/2017,"210007","GROVE PUBLIC SCHOOLS INDEPENDENT SCHOOL DISTRICT NO. 002",52101,"PROPOSITON  GROVE PUBLIC SCHOOLS",,9,9,2,"AGAINST THE PROPOSITION - NO",,10,0,65,75,,
3/7/2017,"210008","GROVE PUBLIC SCHOOLS INDEPENDENT SCHOOL DISTRICT NO. 002",52101,"PROPOSITON  GROVE PUBLIC SCHOOLS",,9,9,1,"FOR THE PROPOSITION - YES",,0,0,6,6,,
3/7/2017,"210008","GROVE PUBLIC SCHOOLS INDEPENDENT SCHOOL DISTRICT NO. 002",52101,"PROPOSITON  GROVE PUBLIC SCHOOLS",,9,9,2,"AGAINST THE PROPOSITION - NO",,3,0,16,19,,
3/7/2017,"210009","GROVE PUBLIC SCHOOLS INDEPENDENT SCHOOL DISTRICT NO. 002",52101,"PROPOSITON  GROVE PUBLIC SCHOOLS",,9,9,1,"FOR THE PROPOSITION - YES",,8,1,111,120,,
3/7/2017,"210009","GROVE PUBLIC SCHOOLS INDEPENDENT SCHOOL DISTRICT NO. 002",52101,"PROPOSITON  GROVE PUBLIC SCHOOLS",,9,9,2,"AGAINST THE PROPOSITION - NO",,8,0,71,79,,
3/7/2017,"210011","GROVE PUBLIC SCHOOLS INDEPENDENT SCHOOL DISTRICT NO. 002",52101,"PROPOSITON  GROVE PUBLIC SCHOOLS",,9,9,1,"FOR THE PROPOSITION - YES",,3,0,34,37,,
3/7/2017,"210011","GROVE PUBLIC SCHOOLS INDEPENDENT SCHOOL DISTRICT NO. 002",52101,"PROPOSITON  GROVE PUBLIC SCHOOLS",,9,9,2,"AGAINST THE PROPOSITION - NO",,2,0,30,32,,
3/7/2017,"210012","GROVE PUBLIC SCHOOLS INDEPENDENT SCHOOL DISTRICT NO. 002",52101,"PROPOSITON  GROVE PUBLIC SCHOOLS",,9,9,1,"FOR THE PROPOSITION - YES",,0,0,20,20,,
3/7/2017,"210012","GROVE PUBLIC SCHOOLS INDEPENDENT SCHOOL DISTRICT NO. 002",52101,"PROPOSITON  GROVE PUBLIC SCHOOLS",,9,9,2,"AGAINST THE PROPOSITION - NO",,2,0,26,28,,
3/7/2017,"250007","PAULS VALLEY PUBLIC SCHOOLS INDEPENDENT SCHOOL DISTRICT NO. 018",52501,"PROPOSITION  PAULS VALLEY PUBLIC SCHOOLS",,5,5,1,"FOR THE PROPOSITION - YES",,0,5,47,52,,
3/7/2017,"250007","PAULS VALLEY PUBLIC SCHOOLS INDEPENDENT SCHOOL DISTRICT NO. 018",52501,"PROPOSITION  PAULS VALLEY PUBLIC SCHOOLS",,5,5,2,"AGAINST THE PROPOSITION - NO",,0,4,26,30,,
3/7/2017,"250008","PAULS VALLEY PUBLIC SCHOOLS INDEPENDENT SCHOOL DISTRICT NO. 018",52501,"PROPOSITION  PAULS VALLEY PUBLIC SCHOOLS",,5,5,1,"FOR THE PROPOSITION - YES",,1,2,24,27,,
3/7/2017,"250008","PAULS VALLEY PUBLIC SCHOOLS INDEPENDENT SCHOOL DISTRICT NO. 018",52501,"PROPOSITION  PAULS VALLEY PUBLIC SCHOOLS",,5,5,2,"AGAINST THE PROPOSITION - NO",,0,0,17,17,,
3/7/2017,"250015","PAULS VALLEY PUBLIC SCHOOLS INDEPENDENT SCHOOL DISTRICT NO. 018",52501,"PROPOSITION  PAULS VALLEY PUBLIC SCHOOLS",,5,5,1,"FOR THE PROPOSITION - YES",,0,5,110,115,,
3/7/2017,"250015","PAULS VALLEY PUBLIC SCHOOLS INDEPENDENT SCHOOL DISTRICT NO. 018",52501,"PROPOSITION  PAULS VALLEY PUBLIC SCHOOLS",,5,5,2,"AGAINST THE PROPOSITION - NO",,1,11,98,110,,
3/7/2017,"250017","PAULS VALLEY PUBLIC SCHOOLS INDEPENDENT SCHOOL DISTRICT NO. 018",52501,"PROPOSITION  PAULS VALLEY PUBLIC SCHOOLS",,5,5,1,"FOR THE PROPOSITION - YES",,1,2,99,102,,
3/7/2017,"250017","PAULS VALLEY PUBLIC SCHOOLS INDEPENDENT SCHOOL DISTRICT NO. 018",52501,"PROPOSITION  PAULS VALLEY PUBLIC SCHOOLS",,5,5,2,"AGAINST THE PROPOSITION - NO",,0,4,60,64,,
3/7/2017,"250018","PAULS VALLEY PUBLIC SCHOOLS INDEPENDENT SCHOOL DISTRICT NO. 018",52501,"PROPOSITION  PAULS VALLEY PUBLIC SCHOOLS",,5,5,1,"FOR THE PROPOSITION - YES",,3,6,110,119,,
3/7/2017,"250018","PAULS VALLEY PUBLIC SCHOOLS INDEPENDENT SCHOOL DISTRICT NO. 018",52501,"PROPOSITION  PAULS VALLEY PUBLIC SCHOOLS",,5,5,2,"AGAINST THE PROPOSITION - NO",,4,7,103,114,,
3/7/2017,"270011","DEER CREEK-LAMONT SCHOOLS INDEPENDENT SCHOOL DISTRICT NO. 095",52701,"PROPOSITION  DEER CREEK-LAMONT SCHOOLS",,7,7,1,"FOR THE PROPOSITION - YES",,0,0,50,50,,
3/7/2017,"270011","DEER CREEK-LAMONT SCHOOLS INDEPENDENT SCHOOL DISTRICT NO. 095",52701,"PROPOSITION  DEER CREEK-LAMONT SCHOOLS",,7,7,2,"AGAINST THE PROPOSITION - NO",,0,0,4,4,,
3/7/2017,"270023","DEER CREEK-LAMONT SCHOOLS INDEPENDENT SCHOOL DISTRICT NO. 095",52701,"PROPOSITION  DEER CREEK-LAMONT SCHOOLS",,7,7,1,"FOR THE PROPOSITION - YES",,0,0,0,0,,
3/7/2017,"270023","DEER CREEK-LAMONT SCHOOLS INDEPENDENT SCHOOL DISTRICT NO. 095",52701,"PROPOSITION  DEER CREEK-LAMONT SCHOOLS",,7,7,2,"AGAINST THE PROPOSITION - NO",,0,0,0,0,,
3/7/2017,"270026","DEER CREEK-LAMONT SCHOOLS INDEPENDENT SCHOOL DISTRICT NO. 095",52701,"PROPOSITION  DEER CREEK-LAMONT SCHOOLS",,7,7,1,"FOR THE PROPOSITION - YES",,0,0,93,93,,
3/7/2017,"270026","DEER CREEK-LAMONT SCHOOLS INDEPENDENT SCHOOL DISTRICT NO. 095",52701,"PROPOSITION  DEER CREEK-LAMONT SCHOOLS",,7,7,2,"AGAINST THE PROPOSITION - NO",,1,0,12,13,,
3/7/2017,"270029","DEER CREEK-LAMONT SCHOOLS INDEPENDENT SCHOOL DISTRICT NO. 095",52701,"PROPOSITION  DEER CREEK-LAMONT SCHOOLS",,7,7,1,"FOR THE PROPOSITION - YES",,0,0,3,3,,
3/7/2017,"270029","DEER CREEK-LAMONT SCHOOLS INDEPENDENT SCHOOL DISTRICT NO. 095",52701,"PROPOSITION  DEER CREEK-LAMONT SCHOOLS",,7,7,2,"AGAINST THE PROPOSITION - NO",,0,1,1,2,,
3/7/2017,"270030","DEER CREEK-LAMONT SCHOOLS INDEPENDENT SCHOOL DISTRICT NO. 095",52701,"PROPOSITION  DEER CREEK-LAMONT SCHOOLS",,7,7,1,"FOR THE PROPOSITION - YES",,0,0,0,0,,
3/7/2017,"270030","DEER CREEK-LAMONT SCHOOLS INDEPENDENT SCHOOL DISTRICT NO. 095",52701,"PROPOSITION  DEER CREEK-LAMONT SCHOOLS",,7,7,2,"AGAINST THE PROPOSITION - NO",,0,0,1,1,,
3/7/2017,"290204","ELDORADO PUBLIC SCHOOLS INDEPENDENT SCHOOL DISTRICT NO. 025",53301,"PROPOSED CONSOLIDATION  ELDORADO PUBLIC SCHOOLS",,5,5,1,"FOR THE CONSOLIDATION - YES",,0,0,0,0,,
3/7/2017,"290204","ELDORADO PUBLIC SCHOOLS INDEPENDENT SCHOOL DISTRICT NO. 025",53301,"PROPOSED CONSOLIDATION  ELDORADO PUBLIC SCHOOLS",,5,5,2,"AGAINST THE CONSOLIDATION - NO",,0,0,0,0,,
3/7/2017,"290204","ELDORADO PUBLIC SCHOOLS INDEPENDENT SCHOOL DISTRICT NO. 025",53302,"PROPOSED CONSOLIDATION PLAN  ELDORADO PUBLIC SCHOOLS",,5,5,1,"FOR THE CONSOLIDATION - YES",,0,0,0,0,,
3/7/2017,"290204","ELDORADO PUBLIC SCHOOLS INDEPENDENT SCHOOL DISTRICT NO. 025",53302,"PROPOSED CONSOLIDATION PLAN  ELDORADO PUBLIC SCHOOLS",,5,5,2,"AGAINST THE CONSOLIDATION - NO",,0,0,0,0,,
3/7/2017,"290302","ELDORADO PUBLIC SCHOOLS INDEPENDENT SCHOOL DISTRICT NO. 025",53301,"PROPOSED CONSOLIDATION  ELDORADO PUBLIC SCHOOLS",,5,5,1,"FOR THE CONSOLIDATION - YES",,1,0,5,6,,
3/7/2017,"290302","ELDORADO PUBLIC SCHOOLS INDEPENDENT SCHOOL DISTRICT NO. 025",53301,"PROPOSED CONSOLIDATION  ELDORADO PUBLIC SCHOOLS",,5,5,2,"AGAINST THE CONSOLIDATION - NO",,0,0,0,0,,
3/7/2017,"290302","ELDORADO PUBLIC SCHOOLS INDEPENDENT SCHOOL DISTRICT NO. 025",53302,"PROPOSED CONSOLIDATION PLAN  ELDORADO PUBLIC SCHOOLS",,5,5,1,"FOR THE CONSOLIDATION - YES",,1,0,4,5,,
3/7/2017,"290302","ELDORADO PUBLIC SCHOOLS INDEPENDENT SCHOOL DISTRICT NO. 025",53302,"PROPOSED CONSOLIDATION PLAN  ELDORADO PUBLIC SCHOOLS",,5,5,2,"AGAINST THE CONSOLIDATION - NO",,0,0,1,1,,
3/7/2017,"330018","ELDORADO PUBLIC SCHOOLS INDEPENDENT SCHOOL DISTRICT NO. 025",53301,"PROPOSED CONSOLIDATION  ELDORADO PUBLIC SCHOOLS",,5,5,1,"FOR THE CONSOLIDATION - YES",,0,1,116,117,,
3/7/2017,"330018","ELDORADO PUBLIC SCHOOLS INDEPENDENT SCHOOL DISTRICT NO. 025",53301,"PROPOSED CONSOLIDATION  ELDORADO PUBLIC SCHOOLS",,5,5,2,"AGAINST THE CONSOLIDATION - NO",,0,2,4,6,,
3/7/2017,"330018","ELDORADO PUBLIC SCHOOLS INDEPENDENT SCHOOL DISTRICT NO. 025",53302,"PROPOSED CONSOLIDATION PLAN  ELDORADO PUBLIC SCHOOLS",,5,5,1,"FOR THE CONSOLIDATION - YES",,1,1,112,114,,
3/7/2017,"330018","ELDORADO PUBLIC SCHOOLS INDEPENDENT SCHOOL DISTRICT NO. 025",53302,"PROPOSED CONSOLIDATION PLAN  ELDORADO PUBLIC SCHOOLS",,5,5,2,"AGAINST THE CONSOLIDATION - NO",,0,2,5,7,,
3/7/2017,"330018","OLUSTEE PUBLIC SCHOOLS INDEPENDENT SCHOOL DISTRICT NO. 035",53303,"PROPOSED CONSOLIDATION  OLUSTEE PUBLIC SCHOOLS",,3,3,1,"FOR THE CONSOLIDATION - YES",,0,0,0,0,,
3/7/2017,"330018","OLUSTEE PUBLIC SCHOOLS INDEPENDENT SCHOOL DISTRICT NO. 035",53303,"PROPOSED CONSOLIDATION  OLUSTEE PUBLIC SCHOOLS",,3,3,2,"AGAINST THE CONSOLIDATION - NO",,0,0,0,0,,
3/7/2017,"330018","OLUSTEE PUBLIC SCHOOLS INDEPENDENT SCHOOL DISTRICT NO. 035",53304,"PROPOSED CONSOLIDATION PLAN  OLUSTEE PUBLIC SCHOOLS",,3,3,1,"FOR THE CONSOLIDATION - YES",,0,0,0,0,,
3/7/2017,"330018","OLUSTEE PUBLIC SCHOOLS INDEPENDENT SCHOOL DISTRICT NO. 035",53304,"PROPOSED CONSOLIDATION PLAN  OLUSTEE PUBLIC SCHOOLS",,3,3,2,"AGAINST THE CONSOLIDATION - NO",,0,0,0,0,,
3/7/2017,"330019","ELDORADO PUBLIC SCHOOLS INDEPENDENT SCHOOL DISTRICT NO. 025",53301,"PROPOSED CONSOLIDATION  ELDORADO PUBLIC SCHOOLS",,5,5,1,"FOR THE CONSOLIDATION - YES",,0,0,0,0,,
3/7/2017,"330019","ELDORADO PUBLIC SCHOOLS INDEPENDENT SCHOOL DISTRICT NO. 025",53301,"PROPOSED CONSOLIDATION  ELDORADO PUBLIC SCHOOLS",,5,5,2,"AGAINST THE CONSOLIDATION - NO",,0,0,0,0,,
3/7/2017,"330019","ELDORADO PUBLIC SCHOOLS INDEPENDENT SCHOOL DISTRICT NO. 025",53302,"PROPOSED CONSOLIDATION PLAN  ELDORADO PUBLIC SCHOOLS",,5,5,1,"FOR THE CONSOLIDATION - YES",,0,0,0,0,,
3/7/2017,"330019","ELDORADO PUBLIC SCHOOLS INDEPENDENT SCHOOL DISTRICT NO. 025",53302,"PROPOSED CONSOLIDATION PLAN  ELDORADO PUBLIC SCHOOLS",,5,5,2,"AGAINST THE CONSOLIDATION - NO",,0,0,0,0,,
3/7/2017,"330019","OLUSTEE PUBLIC SCHOOLS INDEPENDENT SCHOOL DISTRICT NO. 035",53303,"PROPOSED CONSOLIDATION  OLUSTEE PUBLIC SCHOOLS",,3,3,1,"FOR THE CONSOLIDATION - YES",,0,0,1,1,,
3/7/2017,"330019","OLUSTEE PUBLIC SCHOOLS INDEPENDENT SCHOOL DISTRICT NO. 035",53303,"PROPOSED CONSOLIDATION  OLUSTEE PUBLIC SCHOOLS",,3,3,2,"AGAINST THE CONSOLIDATION - NO",,0,0,0,0,,
3/7/2017,"330019","OLUSTEE PUBLIC SCHOOLS INDEPENDENT SCHOOL DISTRICT NO. 035",53304,"PROPOSED CONSOLIDATION PLAN  OLUSTEE PUBLIC SCHOOLS",,3,3,1,"FOR THE CONSOLIDATION - YES",,0,0,1,1,,
3/7/2017,"330019","OLUSTEE PUBLIC SCHOOLS INDEPENDENT SCHOOL DISTRICT NO. 035",53304,"PROPOSED CONSOLIDATION PLAN  OLUSTEE PUBLIC SCHOOLS",,3,3,2,"AGAINST THE CONSOLIDATION - NO",,0,0,0,0,,
3/7/2017,"330024","ELDORADO PUBLIC SCHOOLS INDEPENDENT SCHOOL DISTRICT NO. 025",53301,"PROPOSED CONSOLIDATION  ELDORADO PUBLIC SCHOOLS",,5,5,1,"FOR THE CONSOLIDATION - YES",,0,0,0,0,,
3/7/2017,"330024","ELDORADO PUBLIC SCHOOLS INDEPENDENT SCHOOL DISTRICT NO. 025",53301,"PROPOSED CONSOLIDATION  ELDORADO PUBLIC SCHOOLS",,5,5,2,"AGAINST THE CONSOLIDATION - NO",,0,0,0,0,,
3/7/2017,"330024","ELDORADO PUBLIC SCHOOLS INDEPENDENT SCHOOL DISTRICT NO. 025",53302,"PROPOSED CONSOLIDATION PLAN  ELDORADO PUBLIC SCHOOLS",,5,5,1,"FOR THE CONSOLIDATION - YES",,0,0,0,0,,
3/7/2017,"330024","ELDORADO PUBLIC SCHOOLS INDEPENDENT SCHOOL DISTRICT NO. 025",53302,"PROPOSED CONSOLIDATION PLAN  ELDORADO PUBLIC SCHOOLS",,5,5,2,"AGAINST THE CONSOLIDATION - NO",,0,0,0,0,,
3/7/2017,"330024","OLUSTEE PUBLIC SCHOOLS INDEPENDENT SCHOOL DISTRICT NO. 035",53303,"PROPOSED CONSOLIDATION  OLUSTEE PUBLIC SCHOOLS",,3,3,1,"FOR THE CONSOLIDATION - YES",,4,0,140,144,,
3/7/2017,"330024","OLUSTEE PUBLIC SCHOOLS INDEPENDENT SCHOOL DISTRICT NO. 035",53303,"PROPOSED CONSOLIDATION  OLUSTEE PUBLIC SCHOOLS",,3,3,2,"AGAINST THE CONSOLIDATION - NO",,0,0,6,6,,
3/7/2017,"330024","OLUSTEE PUBLIC SCHOOLS INDEPENDENT SCHOOL DISTRICT NO. 035",53304,"PROPOSED CONSOLIDATION PLAN  OLUSTEE PUBLIC SCHOOLS",,3,3,1,"FOR THE CONSOLIDATION - YES",,4,0,138,142,,
3/7/2017,"330024","OLUSTEE PUBLIC SCHOOLS INDEPENDENT SCHOOL DISTRICT NO. 035",53304,"PROPOSED CONSOLIDATION PLAN  OLUSTEE PUBLIC SCHOOLS",,3,3,2,"AGAINST THE CONSOLIDATION - NO",,0,0,6,6,,
3/7/2017,"360101","DEER CREEK-LAMONT SCHOOLS INDEPENDENT SCHOOL DISTRICT NO. 095",52701,"PROPOSITION  DEER CREEK-LAMONT SCHOOLS",,7,7,1,"FOR THE PROPOSITION - YES",,0,0,0,0,,
3/7/2017,"360101","DEER CREEK-LAMONT SCHOOLS INDEPENDENT SCHOOL DISTRICT NO. 095",52701,"PROPOSITION  DEER CREEK-LAMONT SCHOOLS",,7,7,2,"AGAINST THE PROPOSITION - NO",,0,0,0,0,,
3/7/2017,"360103","DEER CREEK-LAMONT SCHOOLS INDEPENDENT SCHOOL DISTRICT NO. 095",52701,"PROPOSITION  DEER CREEK-LAMONT SCHOOLS",,7,7,1,"FOR THE PROPOSITION - YES",,0,0,1,1,,
3/7/2017,"360103","DEER CREEK-LAMONT SCHOOLS INDEPENDENT SCHOOL DISTRICT NO. 095",52701,"PROPOSITION  DEER CREEK-LAMONT SCHOOLS",,7,7,2,"AGAINST THE PROPOSITION - NO",,0,0,0,0,,
3/7/2017,"360103","BLACKWELL PUBLIC SCHOOLS INDEPENDENT SCHOOL DISTRICT NO. 045",53601,"PROPOSITION NO. 1  BLACKWELL PUBLIC SCHOOLS",,8,8,1,"FOR THE PROPOSITION - YES",,0,0,7,7,,
3/7/2017,"360103","BLACKWELL PUBLIC SCHOOLS INDEPENDENT SCHOOL DISTRICT NO. 045",53601,"PROPOSITION NO. 1  BLACKWELL PUBLIC SCHOOLS",,8,8,2,"AGAINST THE PROPOSITION - NO",,0,0,6,6,,
3/7/2017,"360103","BLACKWELL PUBLIC SCHOOLS INDEPENDENT SCHOOL DISTRICT NO. 045",53602,"PROPOSITION NO. 2  BLACKWELL PUBLIC SCHOOLS",,8,8,1,"FOR THE PROPOSITION - YES",,0,0,7,7,,
3/7/2017,"360103","BLACKWELL PUBLIC SCHOOLS INDEPENDENT SCHOOL DISTRICT NO. 045",53602,"PROPOSITION NO. 2  BLACKWELL PUBLIC SCHOOLS",,8,8,2,"AGAINST THE PROPOSITION - NO",,0,0,6,6,,
3/7/2017,"360202","BLACKWELL PUBLIC SCHOOLS INDEPENDENT SCHOOL DISTRICT NO. 045",53601,"PROPOSITION NO. 1  BLACKWELL PUBLIC SCHOOLS",,8,8,1,"FOR THE PROPOSITION - YES",,4,1,129,134,,
3/7/2017,"360202","BLACKWELL PUBLIC SCHOOLS INDEPENDENT SCHOOL DISTRICT NO. 045",53601,"PROPOSITION NO. 1  BLACKWELL PUBLIC SCHOOLS",,8,8,2,"AGAINST THE PROPOSITION - NO",,1,1,73,75,,
3/7/2017,"360202","BLACKWELL PUBLIC SCHOOLS INDEPENDENT SCHOOL DISTRICT NO. 045",53602,"PROPOSITION NO. 2  BLACKWELL PUBLIC SCHOOLS",,8,8,1,"FOR THE PROPOSITION - YES",,4,1,137,142,,
3/7/2017,"360202","BLACKWELL PUBLIC SCHOOLS INDEPENDENT SCHOOL DISTRICT NO. 045",53602,"PROPOSITION NO. 2  BLACKWELL PUBLIC SCHOOLS",,8,8,2,"AGAINST THE PROPOSITION - NO",,1,1,67,69,,
3/7/2017,"360205","BLACKWELL PUBLIC SCHOOLS INDEPENDENT SCHOOL DISTRICT NO. 045",53601,"PROPOSITION NO. 1  BLACKWELL PUBLIC SCHOOLS",,8,8,1,"FOR THE PROPOSITION - YES",,1,2,116,119,,
3/7/2017,"360205","BLACKWELL PUBLIC SCHOOLS INDEPENDENT SCHOOL DISTRICT NO. 045",53601,"PROPOSITION NO. 1  BLACKWELL PUBLIC SCHOOLS",,8,8,2,"AGAINST THE PROPOSITION - NO",,1,2,65,68,,
3/7/2017,"360205","BLACKWELL PUBLIC SCHOOLS INDEPENDENT SCHOOL DISTRICT NO. 045",53602,"PROPOSITION NO. 2  BLACKWELL PUBLIC SCHOOLS",,8,8,1,"FOR THE PROPOSITION - YES",,4,1,117,122,,
3/7/2017,"360205","BLACKWELL PUBLIC SCHOOLS INDEPENDENT SCHOOL DISTRICT NO. 045",53602,"PROPOSITION NO. 2  BLACKWELL PUBLIC SCHOOLS",,8,8,2,"AGAINST THE PROPOSITION - NO",,0,3,65,68,,
3/7/2017,"360206","BLACKWELL PUBLIC SCHOOLS INDEPENDENT SCHOOL DISTRICT NO. 045",53601,"PROPOSITION NO. 1  BLACKWELL PUBLIC SCHOOLS",,8,8,1,"FOR THE PROPOSITION - YES",,9,3,262,274,,
3/7/2017,"360206","BLACKWELL PUBLIC SCHOOLS INDEPENDENT SCHOOL DISTRICT NO. 045",53601,"PROPOSITION NO. 1  BLACKWELL PUBLIC SCHOOLS",,8,8,2,"AGAINST THE PROPOSITION - NO",,1,1,90,92,,
3/7/2017,"360206","BLACKWELL PUBLIC SCHOOLS INDEPENDENT SCHOOL DISTRICT NO. 045",53602,"PROPOSITION NO. 2  BLACKWELL PUBLIC SCHOOLS",,8,8,1,"FOR THE PROPOSITION - YES",,9,3,272,284,,
3/7/2017,"360206","BLACKWELL PUBLIC SCHOOLS INDEPENDENT SCHOOL DISTRICT NO. 045",53602,"PROPOSITION NO. 2  BLACKWELL PUBLIC SCHOOLS",,8,8,2,"AGAINST THE PROPOSITION - NO",,1,1,86,88,,
3/7/2017,"360404","BLACKWELL PUBLIC SCHOOLS INDEPENDENT SCHOOL DISTRICT NO. 045",53601,"PROPOSITION NO. 1  BLACKWELL PUBLIC SCHOOLS",,8,8,1,"FOR THE PROPOSITION - YES",,0,0,0,0,,
3/7/2017,"360404","BLACKWELL PUBLIC SCHOOLS INDEPENDENT SCHOOL DISTRICT NO. 045",53601,"PROPOSITION NO. 1  BLACKWELL PUBLIC SCHOOLS",,8,8,2,"AGAINST THE PROPOSITION - NO",,0,0,0,0,,
3/7/2017,"360404","BLACKWELL PUBLIC SCHOOLS INDEPENDENT SCHOOL DISTRICT NO. 045",53602,"PROPOSITION NO. 2  BLACKWELL PUBLIC SCHOOLS",,8,8,1,"FOR THE PROPOSITION - YES",,0,0,0,0,,
3/7/2017,"360404","BLACKWELL PUBLIC SCHOOLS INDEPENDENT SCHOOL DISTRICT NO. 045",53602,"PROPOSITION NO. 2  BLACKWELL PUBLIC SCHOOLS",,8,8,2,"AGAINST THE PROPOSITION - NO",,0,0,0,0,,
3/7/2017,"360406","BLACKWELL PUBLIC SCHOOLS INDEPENDENT SCHOOL DISTRICT NO. 045",53601,"PROPOSITION NO. 1  BLACKWELL PUBLIC SCHOOLS",,8,8,1,"FOR THE PROPOSITION - YES",,0,0,0,0,,
3/7/2017,"360406","BLACKWELL PUBLIC SCHOOLS INDEPENDENT SCHOOL DISTRICT NO. 045",53601,"PROPOSITION NO. 1  BLACKWELL PUBLIC SCHOOLS",,8,8,2,"AGAINST THE PROPOSITION - NO",,0,0,0,0,,
3/7/2017,"360406","BLACKWELL PUBLIC SCHOOLS INDEPENDENT SCHOOL DISTRICT NO. 045",53602,"PROPOSITION NO. 2  BLACKWELL PUBLIC SCHOOLS",,8,8,1,"FOR THE PROPOSITION - YES",,0,0,0,0,,
3/7/2017,"360406","BLACKWELL PUBLIC SCHOOLS INDEPENDENT SCHOOL DISTRICT NO. 045",53602,"PROPOSITION NO. 2  BLACKWELL PUBLIC SCHOOLS",,8,8,2,"AGAINST THE PROPOSITION - NO",,0,0,0,0,,
3/7/2017,"360409","BLACKWELL PUBLIC SCHOOLS INDEPENDENT SCHOOL DISTRICT NO. 045",53601,"PROPOSITION NO. 1  BLACKWELL PUBLIC SCHOOLS",,8,8,1,"FOR THE PROPOSITION - YES",,0,0,0,0,,
3/7/2017,"360409","BLACKWELL PUBLIC SCHOOLS INDEPENDENT SCHOOL DISTRICT NO. 045",53601,"PROPOSITION NO. 1  BLACKWELL PUBLIC SCHOOLS",,8,8,2,"AGAINST THE PROPOSITION - NO",,0,0,0,0,,
3/7/2017,"360409","BLACKWELL PUBLIC SCHOOLS INDEPENDENT SCHOOL DISTRICT NO. 045",53602,"PROPOSITION NO. 2  BLACKWELL PUBLIC SCHOOLS",,8,8,1,"FOR THE PROPOSITION - YES",,0,0,0,0,,
3/7/2017,"360409","BLACKWELL PUBLIC SCHOOLS INDEPENDENT SCHOOL DISTRICT NO. 045",53602,"PROPOSITION NO. 2  BLACKWELL PUBLIC SCHOOLS",,8,8,2,"AGAINST THE PROPOSITION - NO",,0,0,0,0,,
3/7/2017,"360420","BLACKWELL PUBLIC SCHOOLS INDEPENDENT SCHOOL DISTRICT NO. 045",53601,"PROPOSITION NO. 1  BLACKWELL PUBLIC SCHOOLS",,8,8,1,"FOR THE PROPOSITION - YES",,0,0,0,0,,
3/7/2017,"360420","BLACKWELL PUBLIC SCHOOLS INDEPENDENT SCHOOL DISTRICT NO. 045",53601,"PROPOSITION NO. 1  BLACKWELL PUBLIC SCHOOLS",,8,8,2,"AGAINST THE PROPOSITION - NO",,0,0,0,0,,
3/7/2017,"360420","BLACKWELL PUBLIC SCHOOLS INDEPENDENT SCHOOL DISTRICT NO. 045",53602,"PROPOSITION NO. 2  BLACKWELL PUBLIC SCHOOLS",,8,8,1,"FOR THE PROPOSITION - YES",,0,0,0,0,,
3/7/2017,"360420","BLACKWELL PUBLIC SCHOOLS INDEPENDENT SCHOOL DISTRICT NO. 045",53602,"PROPOSITION NO. 2  BLACKWELL PUBLIC SCHOOLS",,8,8,2,"AGAINST THE PROPOSITION - NO",,0,0,0,0,,
3/7/2017,"410004","CUSHING PUBLIC SCHOOLS INDEPENDENT SCHOOL DISTRICT NO. 067",56001,"PROPOSITION  CUSHING PUBLIC SCHOOLS",,7,7,1,"FOR THE PROPOSITION - YES",,0,0,0,0,,
3/7/2017,"410004","CUSHING PUBLIC SCHOOLS INDEPENDENT SCHOOL DISTRICT NO. 067",56001,"PROPOSITION  CUSHING PUBLIC SCHOOLS",,7,7,2,"AGAINST THE PROPOSITION - NO",,0,0,0,0,,
3/7/2017,"410004","OAK GROVE PUBLIC SCHOOL ELEMENTARY SCHOOL DISTRICT NO. 104",56002,"PROPOSITION NO. 1  OAK GROVE PUBLIC SCHOOL",,2,2,1,"FOR THE PROPOSITION - YES",,0,0,0,0,,
3/7/2017,"410004","OAK GROVE PUBLIC SCHOOL ELEMENTARY SCHOOL DISTRICT NO. 104",56002,"PROPOSITION NO. 1  OAK GROVE PUBLIC SCHOOL",,2,2,2,"AGAINST THE PROPOSITION - NO",,0,0,0,0,,
3/7/2017,"410004","OAK GROVE PUBLIC SCHOOL ELEMENTARY SCHOOL DISTRICT NO. 104",56003,"PROPOSITION NO. 2  OAK GROVE PUBLIC SCHOOL",,2,2,1,"FOR THE PROPOSITION - YES",,0,0,0,0,,
3/7/2017,"410004","OAK GROVE PUBLIC SCHOOL ELEMENTARY SCHOOL DISTRICT NO. 104",56003,"PROPOSITION NO. 2  OAK GROVE PUBLIC SCHOOL",,2,2,2,"AGAINST THE PROPOSITION - NO",,0,0,0,0,,
3/7/2017,"410005","CUSHING PUBLIC SCHOOLS INDEPENDENT SCHOOL DISTRICT NO. 067",56001,"PROPOSITION  CUSHING PUBLIC SCHOOLS",,7,7,1,"FOR THE PROPOSITION - YES",,0,0,0,0,,
3/7/2017,"410005","CUSHING PUBLIC SCHOOLS INDEPENDENT SCHOOL DISTRICT NO. 067",56001,"PROPOSITION  CUSHING PUBLIC SCHOOLS",,7,7,2,"AGAINST THE PROPOSITION - NO",,0,0,1,1,,
3/7/2017,"430101","MARIETTA PUBLIC SCHOOLS INDEPENDENT SCHOOL DISTRICT NO. 016",54301,"PROPOSITION  MARIETTA PUBLIC SCHOOLS",,5,5,1,"FOR THE PROPOSITION - YES",,1,2,54,57,,
3/7/2017,"430101","MARIETTA PUBLIC SCHOOLS INDEPENDENT SCHOOL DISTRICT NO. 016",54301,"PROPOSITION  MARIETTA PUBLIC SCHOOLS",,5,5,2,"AGAINST THE PROPOSITION - NO",,0,1,2,3,,
3/7/2017,"430102","MARIETTA PUBLIC SCHOOLS INDEPENDENT SCHOOL DISTRICT NO. 016",54301,"PROPOSITION  MARIETTA PUBLIC SCHOOLS",,5,5,1,"FOR THE PROPOSITION - YES",,0,2,34,36,,
3/7/2017,"430102","MARIETTA PUBLIC SCHOOLS INDEPENDENT SCHOOL DISTRICT NO. 016",54301,"PROPOSITION  MARIETTA PUBLIC SCHOOLS",,5,5,2,"AGAINST THE PROPOSITION - NO",,0,2,5,7,,
3/7/2017,"430204","MARIETTA PUBLIC SCHOOLS INDEPENDENT SCHOOL DISTRICT NO. 016",54301,"PROPOSITION  MARIETTA PUBLIC SCHOOLS",,5,5,1,"FOR THE PROPOSITION - YES",,1,1,29,31,,
3/7/2017,"430204","MARIETTA PUBLIC SCHOOLS INDEPENDENT SCHOOL DISTRICT NO. 016",54301,"PROPOSITION  MARIETTA PUBLIC SCHOOLS",,5,5,2,"AGAINST THE PROPOSITION - NO",,0,0,8,8,,
3/7/2017,"430310","MARIETTA PUBLIC SCHOOLS INDEPENDENT SCHOOL DISTRICT NO. 016",54301,"PROPOSITION  MARIETTA PUBLIC SCHOOLS",,5,5,1,"FOR THE PROPOSITION - YES",,3,3,32,38,,
3/7/2017,"430310","MARIETTA PUBLIC SCHOOLS INDEPENDENT SCHOOL DISTRICT NO. 016",54301,"PROPOSITION  MARIETTA PUBLIC SCHOOLS",,5,5,2,"AGAINST THE PROPOSITION - NO",,0,0,2,2,,
3/7/2017,"430312","MARIETTA PUBLIC SCHOOLS INDEPENDENT SCHOOL DISTRICT NO. 016",54301,"PROPOSITION  MARIETTA PUBLIC SCHOOLS",,5,5,1,"FOR THE PROPOSITION - YES",,0,1,31,32,,
3/7/2017,"430312","MARIETTA PUBLIC SCHOOLS INDEPENDENT SCHOOL DISTRICT NO. 016",54301,"PROPOSITION  MARIETTA PUBLIC SCHOOLS",,5,5,2,"AGAINST THE PROPOSITION - NO",,0,0,0,0,,
3/7/2017,"510009","HILLDALE PUBLIC SCHOOLS INDEPENDENT SCHOOL DISTRICT NO. 029",55101,"PROPOSITION 1  HILLDALE PUBLIC SCHOOLS",,8,8,1,"FOR THE PROPOSITION - YES",,0,3,26,29,,
3/7/2017,"510009","HILLDALE PUBLIC SCHOOLS INDEPENDENT SCHOOL DISTRICT NO. 029",55101,"PROPOSITION 1  HILLDALE PUBLIC SCHOOLS",,8,8,2,"AGAINST THE PROPOSITION - NO",,0,2,18,20,,
3/7/2017,"510009","HILLDALE PUBLIC SCHOOLS INDEPENDENT SCHOOL DISTRICT NO. 029",55102,"PROPOSITION 2  HILLDALE PUBLIC SCHOOLS",,8,8,1,"FOR THE PROPOSITION - YES",,0,3,27,30,,
3/7/2017,"510009","HILLDALE PUBLIC SCHOOLS INDEPENDENT SCHOOL DISTRICT NO. 029",55102,"PROPOSITION 2  HILLDALE PUBLIC SCHOOLS",,8,8,2,"AGAINST THE PROPOSITION - NO",,0,2,17,19,,
3/7/2017,"510011","HILLDALE PUBLIC SCHOOLS INDEPENDENT SCHOOL DISTRICT NO. 029",55101,"PROPOSITION 1  HILLDALE PUBLIC SCHOOLS",,8,8,1,"FOR THE PROPOSITION - YES",,0,0,1,1,,
3/7/2017,"510011","HILLDALE PUBLIC SCHOOLS INDEPENDENT SCHOOL DISTRICT NO. 029",55101,"PROPOSITION 1  HILLDALE PUBLIC SCHOOLS",,8,8,2,"AGAINST THE PROPOSITION - NO",,0,0,0,0,,
3/7/2017,"510011","HILLDALE PUBLIC SCHOOLS INDEPENDENT SCHOOL DISTRICT NO. 029",55102,"PROPOSITION 2  HILLDALE PUBLIC SCHOOLS",,8,8,1,"FOR THE PROPOSITION - YES",,0,0,1,1,,
3/7/2017,"510011","HILLDALE PUBLIC SCHOOLS INDEPENDENT SCHOOL DISTRICT NO. 029",55102,"PROPOSITION 2  HILLDALE PUBLIC SCHOOLS",,8,8,2,"AGAINST THE PROPOSITION - NO",,0,0,0,0,,
3/7/2017,"510013","HILLDALE PUBLIC SCHOOLS INDEPENDENT SCHOOL DISTRICT NO. 029",55101,"PROPOSITION 1  HILLDALE PUBLIC SCHOOLS",,8,8,1,"FOR THE PROPOSITION - YES",,0,0,18,18,,
3/7/2017,"510013","HILLDALE PUBLIC SCHOOLS INDEPENDENT SCHOOL DISTRICT NO. 029",55101,"PROPOSITION 1  HILLDALE PUBLIC SCHOOLS",,8,8,2,"AGAINST THE PROPOSITION - NO",,0,0,11,11,,
3/7/2017,"510013","HILLDALE PUBLIC SCHOOLS INDEPENDENT SCHOOL DISTRICT NO. 029",55102,"PROPOSITION 2  HILLDALE PUBLIC SCHOOLS",,8,8,1,"FOR THE PROPOSITION - YES",,0,0,18,18,,
3/7/2017,"510013","HILLDALE PUBLIC SCHOOLS INDEPENDENT SCHOOL DISTRICT NO. 029",55102,"PROPOSITION 2  HILLDALE PUBLIC SCHOOLS",,8,8,2,"AGAINST THE PROPOSITION - NO",,0,0,11,11,,
3/7/2017,"510037","HILLDALE PUBLIC SCHOOLS INDEPENDENT SCHOOL DISTRICT NO. 029",55101,"PROPOSITION 1  HILLDALE PUBLIC SCHOOLS",,8,8,1,"FOR THE PROPOSITION - YES",,0,0,0,0,,
3/7/2017,"510037","HILLDALE PUBLIC SCHOOLS INDEPENDENT SCHOOL DISTRICT NO. 029",55101,"PROPOSITION 1  HILLDALE PUBLIC SCHOOLS",,8,8,2,"AGAINST THE PROPOSITION - NO",,0,0,0,0,,
3/7/2017,"510037","HILLDALE PUBLIC SCHOOLS INDEPENDENT SCHOOL DISTRICT NO. 029",55102,"PROPOSITION 2  HILLDALE PUBLIC SCHOOLS",,8,8,1,"FOR THE PROPOSITION - YES",,0,0,0,0,,
3/7/2017,"510037","HILLDALE PUBLIC SCHOOLS INDEPENDENT SCHOOL DISTRICT NO. 029",55102,"PROPOSITION 2  HILLDALE PUBLIC SCHOOLS",,8,8,2,"AGAINST THE PROPOSITION - NO",,0,0,0,0,,
3/7/2017,"510046","HILLDALE PUBLIC SCHOOLS INDEPENDENT SCHOOL DISTRICT NO. 029",55101,"PROPOSITION 1  HILLDALE PUBLIC SCHOOLS",,8,8,1,"FOR THE PROPOSITION - YES",,4,10,148,162,,
3/7/2017,"510046","HILLDALE PUBLIC SCHOOLS INDEPENDENT SCHOOL DISTRICT NO. 029",55101,"PROPOSITION 1  HILLDALE PUBLIC SCHOOLS",,8,8,2,"AGAINST THE PROPOSITION - NO",,1,6,99,106,,
3/7/2017,"510046","HILLDALE PUBLIC SCHOOLS INDEPENDENT SCHOOL DISTRICT NO. 029",55102,"PROPOSITION 2  HILLDALE PUBLIC SCHOOLS",,8,8,1,"FOR THE PROPOSITION - YES",,4,10,155,169,,
3/7/2017,"510046","HILLDALE PUBLIC SCHOOLS INDEPENDENT SCHOOL DISTRICT NO. 029",55102,"PROPOSITION 2  HILLDALE PUBLIC SCHOOLS",,8,8,2,"AGAINST THE PROPOSITION - NO",,1,6,95,102,,
3/7/2017,"510047","HILLDALE PUBLIC SCHOOLS INDEPENDENT SCHOOL DISTRICT NO. 029",55101,"PROPOSITION 1  HILLDALE PUBLIC SCHOOLS",,8,8,1,"FOR THE PROPOSITION - YES",,0,5,39,44,,
3/7/2017,"510047","HILLDALE PUBLIC SCHOOLS INDEPENDENT SCHOOL DISTRICT NO. 029",55101,"PROPOSITION 1  HILLDALE PUBLIC SCHOOLS",,8,8,2,"AGAINST THE PROPOSITION - NO",,0,7,42,49,,
3/7/2017,"510047","HILLDALE PUBLIC SCHOOLS INDEPENDENT SCHOOL DISTRICT NO. 029",55102,"PROPOSITION 2  HILLDALE PUBLIC SCHOOLS",,8,8,1,"FOR THE PROPOSITION - YES",,0,5,44,49,,
3/7/2017,"510047","HILLDALE PUBLIC SCHOOLS INDEPENDENT SCHOOL DISTRICT NO. 029",55102,"PROPOSITION 2  HILLDALE PUBLIC SCHOOLS",,8,8,2,"AGAINST THE PROPOSITION - NO",,0,7,40,47,,
3/7/2017,"510055","HILLDALE PUBLIC SCHOOLS INDEPENDENT SCHOOL DISTRICT NO. 029",55101,"PROPOSITION 1  HILLDALE PUBLIC SCHOOLS",,8,8,1,"FOR THE PROPOSITION - YES",,0,11,158,169,,
3/7/2017,"510055","HILLDALE PUBLIC SCHOOLS INDEPENDENT SCHOOL DISTRICT NO. 029",55101,"PROPOSITION 1  HILLDALE PUBLIC SCHOOLS",,8,8,2,"AGAINST THE PROPOSITION - NO",,1,14,114,129,,
3/7/2017,"510055","HILLDALE PUBLIC SCHOOLS INDEPENDENT SCHOOL DISTRICT NO. 029",55102,"PROPOSITION 2  HILLDALE PUBLIC SCHOOLS",,8,8,1,"FOR THE PROPOSITION - YES",,0,11,171,182,,
3/7/2017,"510055","HILLDALE PUBLIC SCHOOLS INDEPENDENT SCHOOL DISTRICT NO. 029",55102,"PROPOSITION 2  HILLDALE PUBLIC SCHOOLS",,8,8,2,"AGAINST THE PROPOSITION - NO",,1,14,105,120,,
3/7/2017,"510061","HILLDALE PUBLIC SCHOOLS INDEPENDENT SCHOOL DISTRICT NO. 029",55101,"PROPOSITION 1  HILLDALE PUBLIC SCHOOLS",,8,8,1,"FOR THE PROPOSITION - YES",,0,0,10,10,,
3/7/2017,"510061","HILLDALE PUBLIC SCHOOLS INDEPENDENT SCHOOL DISTRICT NO. 029",55101,"PROPOSITION 1  HILLDALE PUBLIC SCHOOLS",,8,8,2,"AGAINST THE PROPOSITION - NO",,0,0,7,7,,
3/7/2017,"510061","HILLDALE PUBLIC SCHOOLS INDEPENDENT SCHOOL DISTRICT NO. 029",55102,"PROPOSITION 2  HILLDALE PUBLIC SCHOOLS",,8,8,1,"FOR THE PROPOSITION - YES",,0,0,10,10,,
3/7/2017,"510061","HILLDALE PUBLIC SCHOOLS INDEPENDENT SCHOOL DISTRICT NO. 029",55102,"PROPOSITION 2  HILLDALE PUBLIC SCHOOLS",,8,8,2,"AGAINST THE PROPOSITION - NO",,0,0,7,7,,
3/7/2017,"560020","CITY OF BEGGS",45601,"PROPOSITION  CITY OF BEGGS",,3,3,1,"FOR THE PROPOSITION - YES",,0,0,36,36,,
3/7/2017,"560020","CITY OF BEGGS",45601,"PROPOSITION  CITY OF BEGGS",,3,3,2,"AGAINST THE PROPOSITION - NO",,1,0,1,2,,
3/7/2017,"560027","LIBERTY PUBLIC SCHOOLS INDEPENDENT SCHOOL DISTRICT NO. 014",57203,"PROPOSITION  LIBERTY PUBLIC SCHOOLS",,5,5,1,"FOR THE PROPOSITION - YES",,2,0,2,4,,
3/7/2017,"560027","LIBERTY PUBLIC SCHOOLS INDEPENDENT SCHOOL DISTRICT NO. 014",57203,"PROPOSITION  LIBERTY PUBLIC SCHOOLS",,5,5,2,"AGAINST THE PROPOSITION - NO",,1,0,0,1,,
3/7/2017,"560029","CITY OF BEGGS",45601,"PROPOSITION  CITY OF BEGGS",,3,3,1,"FOR THE PROPOSITION - YES",,0,0,0,0,,
3/7/2017,"560029","CITY OF BEGGS",45601,"PROPOSITION  CITY OF BEGGS",,3,3,2,"AGAINST THE PROPOSITION - NO",,0,0,0,0,,
3/7/2017,"560029","LIBERTY PUBLIC SCHOOLS INDEPENDENT SCHOOL DISTRICT NO. 014",57203,"PROPOSITION  LIBERTY PUBLIC SCHOOLS",,5,5,1,"FOR THE PROPOSITION - YES",,0,0,17,17,,
3/7/2017,"560029","LIBERTY PUBLIC SCHOOLS INDEPENDENT SCHOOL DISTRICT NO. 014",57203,"PROPOSITION  LIBERTY PUBLIC SCHOOLS",,5,5,2,"AGAINST THE PROPOSITION - NO",,0,0,1,1,,
3/7/2017,"560033","CITY OF BEGGS",45601,"PROPOSITION  CITY OF BEGGS",,3,3,1,"FOR THE PROPOSITION - YES",,0,0,0,0,,
3/7/2017,"560033","CITY OF BEGGS",45601,"PROPOSITION  CITY OF BEGGS",,3,3,2,"AGAINST THE PROPOSITION - NO",,0,0,0,0,,
3/7/2017,"570102","BARNSDALL PUBLIC SCHOOLS INDEPENDENT SCHOOL DISTRICT NO. 029",55701,"PROPOSITION  BARNSDALL PUBLIC SCHOOLS",,4,4,1,"FOR THE PROPOSITION - YES",,0,0,2,2,,
3/7/2017,"570102","BARNSDALL PUBLIC SCHOOLS INDEPENDENT SCHOOL DISTRICT NO. 029",55701,"PROPOSITION  BARNSDALL PUBLIC SCHOOLS",,4,4,2,"AGAINST THE PROPOSITION - NO",,0,0,5,5,,
3/7/2017,"570108","WYNONA PUBLIC SCHOOLS INDEPENDENT SCHOOL DISTRICT NO. 030",55702,"PROPOSITION  WYNONA PUBLIC SCHOOLS",,4,4,1,"FOR THE PROPOSITION - YES",,0,1,2,3,,
3/7/2017,"570108","WYNONA PUBLIC SCHOOLS INDEPENDENT SCHOOL DISTRICT NO. 030",55702,"PROPOSITION  WYNONA PUBLIC SCHOOLS",,4,4,2,"AGAINST THE PROPOSITION - NO",,0,0,0,0,,
3/7/2017,"570109","BARNSDALL PUBLIC SCHOOLS INDEPENDENT SCHOOL DISTRICT NO. 029",55701,"PROPOSITION  BARNSDALL PUBLIC SCHOOLS",,4,4,1,"FOR THE PROPOSITION - YES",,1,0,3,4,,
3/7/2017,"570109","BARNSDALL PUBLIC SCHOOLS INDEPENDENT SCHOOL DISTRICT NO. 029",55701,"PROPOSITION  BARNSDALL PUBLIC SCHOOLS",,4,4,2,"AGAINST THE PROPOSITION - NO",,1,0,0,1,,
3/7/2017,"570110","BARNSDALL PUBLIC SCHOOLS INDEPENDENT SCHOOL DISTRICT NO. 029",55701,"PROPOSITION  BARNSDALL PUBLIC SCHOOLS",,4,4,1,"FOR THE PROPOSITION - YES",,8,2,115,125,,
3/7/2017,"570110","BARNSDALL PUBLIC SCHOOLS INDEPENDENT SCHOOL DISTRICT NO. 029",55701,"PROPOSITION  BARNSDALL PUBLIC SCHOOLS",,4,4,2,"AGAINST THE PROPOSITION - NO",,5,1,81,87,,
3/7/2017,"570111","TOWN OF WYNONA",45701,"PROPOSITION  TOWN OF WYNONA",,1,1,1,"FOR THE PROPOSITION - YES",,0,0,51,51,,
3/7/2017,"570111","TOWN OF WYNONA",45701,"PROPOSITION  TOWN OF WYNONA",,1,1,2,"AGAINST THE PROPOSITION - NO",,0,0,2,2,,
3/7/2017,"570111","WYNONA PUBLIC SCHOOLS INDEPENDENT SCHOOL DISTRICT NO. 030",55702,"PROPOSITION  WYNONA PUBLIC SCHOOLS",,4,4,1,"FOR THE PROPOSITION - YES",,0,1,62,63,,
3/7/2017,"570111","WYNONA PUBLIC SCHOOLS INDEPENDENT SCHOOL DISTRICT NO. 030",55702,"PROPOSITION  WYNONA PUBLIC SCHOOLS",,4,4,2,"AGAINST THE PROPOSITION - NO",,0,1,13,14,,
3/7/2017,"570112","BARNSDALL PUBLIC SCHOOLS INDEPENDENT SCHOOL DISTRICT NO. 029",55701,"PROPOSITION  BARNSDALL PUBLIC SCHOOLS",,4,4,1,"FOR THE PROPOSITION - YES",,1,0,2,3,,
3/7/2017,"570112","BARNSDALL PUBLIC SCHOOLS INDEPENDENT SCHOOL DISTRICT NO. 029",55701,"PROPOSITION  BARNSDALL PUBLIC SCHOOLS",,4,4,2,"AGAINST THE PROPOSITION - NO",,0,0,3,3,,
3/7/2017,"570112","WYNONA PUBLIC SCHOOLS INDEPENDENT SCHOOL DISTRICT NO. 030",55702,"PROPOSITION  WYNONA PUBLIC SCHOOLS",,4,4,1,"FOR THE PROPOSITION - YES",,0,0,0,0,,
3/7/2017,"570112","WYNONA PUBLIC SCHOOLS INDEPENDENT SCHOOL DISTRICT NO. 030",55702,"PROPOSITION  WYNONA PUBLIC SCHOOLS",,4,4,2,"AGAINST THE PROPOSITION - NO",,0,0,0,0,,
3/7/2017,"570306","WYNONA PUBLIC SCHOOLS INDEPENDENT SCHOOL DISTRICT NO. 030",55702,"PROPOSITION  WYNONA PUBLIC SCHOOLS",,4,4,1,"FOR THE PROPOSITION - YES",,0,0,5,5,,
3/7/2017,"570306","WYNONA PUBLIC SCHOOLS INDEPENDENT SCHOOL DISTRICT NO. 030",55702,"PROPOSITION  WYNONA PUBLIC SCHOOLS",,4,4,2,"AGAINST THE PROPOSITION - NO",,0,0,0,0,,
3/7/2017,"600101","CUSHING PUBLIC SCHOOLS INDEPENDENT SCHOOL DISTRICT NO. 067",56001,"PROPOSITION  CUSHING PUBLIC SCHOOLS",,7,7,1,"FOR THE PROPOSITION - YES",,0,0,64,64,,
3/7/2017,"600101","CUSHING PUBLIC SCHOOLS INDEPENDENT SCHOOL DISTRICT NO. 067",56001,"PROPOSITION  CUSHING PUBLIC SCHOOLS",,7,7,2,"AGAINST THE PROPOSITION - NO",,2,0,17,19,,
3/7/2017,"600102","CUSHING PUBLIC SCHOOLS INDEPENDENT SCHOOL DISTRICT NO. 067",56001,"PROPOSITION  CUSHING PUBLIC SCHOOLS",,7,7,1,"FOR THE PROPOSITION - YES",,0,1,82,83,,
3/7/2017,"600102","CUSHING PUBLIC SCHOOLS INDEPENDENT SCHOOL DISTRICT NO. 067",56001,"PROPOSITION  CUSHING PUBLIC SCHOOLS",,7,7,2,"AGAINST THE PROPOSITION - NO",,1,0,23,24,,
3/7/2017,"600103","CUSHING PUBLIC SCHOOLS INDEPENDENT SCHOOL DISTRICT NO. 067",56001,"PROPOSITION  CUSHING PUBLIC SCHOOLS",,7,7,1,"FOR THE PROPOSITION - YES",,1,1,73,75,,
3/7/2017,"600103","CUSHING PUBLIC SCHOOLS INDEPENDENT SCHOOL DISTRICT NO. 067",56001,"PROPOSITION  CUSHING PUBLIC SCHOOLS",,7,7,2,"AGAINST THE PROPOSITION - NO",,5,0,13,18,,
3/7/2017,"600104","CUSHING PUBLIC SCHOOLS INDEPENDENT SCHOOL DISTRICT NO. 067",56001,"PROPOSITION  CUSHING PUBLIC SCHOOLS",,7,7,1,"FOR THE PROPOSITION - YES",,0,0,47,47,,
3/7/2017,"600104","CUSHING PUBLIC SCHOOLS INDEPENDENT SCHOOL DISTRICT NO. 067",56001,"PROPOSITION  CUSHING PUBLIC SCHOOLS",,7,7,2,"AGAINST THE PROPOSITION - NO",,2,0,6,8,,
3/7/2017,"600104","OAK GROVE PUBLIC SCHOOL ELEMENTARY SCHOOL DISTRICT NO. 104",56002,"PROPOSITION NO. 1  OAK GROVE PUBLIC SCHOOL",,2,2,1,"FOR THE PROPOSITION - YES",,1,0,40,41,,
3/7/2017,"600104","OAK GROVE PUBLIC SCHOOL ELEMENTARY SCHOOL DISTRICT NO. 104",56002,"PROPOSITION NO. 1  OAK GROVE PUBLIC SCHOOL",,2,2,2,"AGAINST THE PROPOSITION - NO",,1,0,13,14,,
3/7/2017,"600104","OAK GROVE PUBLIC SCHOOL ELEMENTARY SCHOOL DISTRICT NO. 104",56003,"PROPOSITION NO. 2  OAK GROVE PUBLIC SCHOOL",,2,2,1,"FOR THE PROPOSITION - YES",,1,0,41,42,,
3/7/2017,"600104","OAK GROVE PUBLIC SCHOOL ELEMENTARY SCHOOL DISTRICT NO. 104",56003,"PROPOSITION NO. 2  OAK GROVE PUBLIC SCHOOL",,2,2,2,"AGAINST THE PROPOSITION - NO",,1,0,13,14,,
3/7/2017,"600409","CUSHING PUBLIC SCHOOLS INDEPENDENT SCHOOL DISTRICT NO. 067",56001,"PROPOSITION  CUSHING PUBLIC SCHOOLS",,7,7,1,"FOR THE PROPOSITION - YES",,0,0,7,7,,
3/7/2017,"600409","CUSHING PUBLIC SCHOOLS INDEPENDENT SCHOOL DISTRICT NO. 067",56001,"PROPOSITION  CUSHING PUBLIC SCHOOLS",,7,7,2,"AGAINST THE PROPOSITION - NO",,0,0,0,0,,
3/7/2017,"630021","STROTHER PUBLIC SCHOOLS INDEPENDENT SCHOOL DISTRICT NO. 014",56701,"PROPOSITION  STROTHER PUBLIC SCHOOLS",,5,5,1,"FOR THE PROPOSITION - YES",,0,0,5,5,,
3/7/2017,"630021","STROTHER PUBLIC SCHOOLS INDEPENDENT SCHOOL DISTRICT NO. 014",56701,"PROPOSITION  STROTHER PUBLIC SCHOOLS",,5,5,2,"AGAINST THE PROPOSITION - NO",,0,0,4,4,,
3/7/2017,"630024","FEDERAL, STATE AND COUNTY",11001,"FOR STATE REPRESENTATIVE DISTRICT 28 (UNEXPIRED TERM)",REP,17,17,1,"ZACK TAYLOR",REP,2,0,30,32,,
3/7/2017,"630024","FEDERAL, STATE AND COUNTY",11001,"FOR STATE REPRESENTATIVE DISTRICT 28 (UNEXPIRED TERM)",REP,17,17,2,"MIKE MATLOCK",REP,6,0,56,62,,
3/7/2017,"630024","FEDERAL, STATE AND COUNTY",11001,"FOR STATE REPRESENTATIVE DISTRICT 28 (UNEXPIRED TERM)",REP,17,17,3,"DANIEL J. MATTHEWS",REP,4,5,61,70,,
3/7/2017,"630024","FEDERAL, STATE AND COUNTY",11001,"FOR STATE REPRESENTATIVE DISTRICT 28 (UNEXPIRED TERM)",REP,17,17,4,"BILLY CHOATE",REP,0,0,0,0,,
3/7/2017,"630024","FEDERAL, STATE AND COUNTY",13001,"FOR STATE REPRESENTATIVE DISTRICT 28 (UNEXPIRED TERM)",DEM,17,17,1,"BLAKE CUMMINGS",DEM,1,0,4,5,,
3/7/2017,"630024","FEDERAL, STATE AND COUNTY",13001,"FOR STATE REPRESENTATIVE DISTRICT 28 (UNEXPIRED TERM)",DEM,17,17,2,"MARILYN RAINWATER",DEM,1,0,13,14,,
3/7/2017,"630024","FEDERAL, STATE AND COUNTY",13001,"FOR STATE REPRESENTATIVE DISTRICT 28 (UNEXPIRED TERM)",DEM,17,17,3,"JASON LEONARD",DEM,2,0,5,7,,
3/7/2017,"630024","FEDERAL, STATE AND COUNTY",13001,"FOR STATE REPRESENTATIVE DISTRICT 28 (UNEXPIRED TERM)",DEM,17,17,4,"STEVE BARNES",DEM,2,2,9,13,,
3/7/2017,"630024","FEDERAL, STATE AND COUNTY",13001,"FOR STATE REPRESENTATIVE DISTRICT 28 (UNEXPIRED TERM)",DEM,17,17,5,"YASMINDA CHOATE",DEM,0,0,2,2,,
3/7/2017,"630025","FEDERAL, STATE AND COUNTY",11001,"FOR STATE REPRESENTATIVE DISTRICT 28 (UNEXPIRED TERM)",REP,17,17,1,"ZACK TAYLOR",REP,0,0,21,21,,
3/7/2017,"630025","FEDERAL, STATE AND COUNTY",11001,"FOR STATE REPRESENTATIVE DISTRICT 28 (UNEXPIRED TERM)",REP,17,17,2,"MIKE MATLOCK",REP,0,0,1,1,,
3/7/2017,"630025","FEDERAL, STATE AND COUNTY",11001,"FOR STATE REPRESENTATIVE DISTRICT 28 (UNEXPIRED TERM)",REP,17,17,3,"DANIEL J. MATTHEWS",REP,4,0,13,17,,
3/7/2017,"630025","FEDERAL, STATE AND COUNTY",11001,"FOR STATE REPRESENTATIVE DISTRICT 28 (UNEXPIRED TERM)",REP,17,17,4,"BILLY CHOATE",REP,0,0,0,0,,
3/7/2017,"630025","FEDERAL, STATE AND COUNTY",13001,"FOR STATE REPRESENTATIVE DISTRICT 28 (UNEXPIRED TERM)",DEM,17,17,1,"BLAKE CUMMINGS",DEM,0,0,4,4,,
3/7/2017,"630025","FEDERAL, STATE AND COUNTY",13001,"FOR STATE REPRESENTATIVE DISTRICT 28 (UNEXPIRED TERM)",DEM,17,17,2,"MARILYN RAINWATER",DEM,2,0,4,6,,
3/7/2017,"630025","FEDERAL, STATE AND COUNTY",13001,"FOR STATE REPRESENTATIVE DISTRICT 28 (UNEXPIRED TERM)",DEM,17,17,3,"JASON LEONARD",DEM,0,0,0,0,,
3/7/2017,"630025","FEDERAL, STATE AND COUNTY",13001,"FOR STATE REPRESENTATIVE DISTRICT 28 (UNEXPIRED TERM)",DEM,17,17,4,"STEVE BARNES",DEM,0,0,6,6,,
3/7/2017,"630025","FEDERAL, STATE AND COUNTY",13001,"FOR STATE REPRESENTATIVE DISTRICT 28 (UNEXPIRED TERM)",DEM,17,17,5,"YASMINDA CHOATE",DEM,0,0,4,4,,
3/7/2017,"630031","FEDERAL, STATE AND COUNTY",11001,"FOR STATE REPRESENTATIVE DISTRICT 28 (UNEXPIRED TERM)",REP,17,17,1,"ZACK TAYLOR",REP,7,1,58,66,,
3/7/2017,"630031","FEDERAL, STATE AND COUNTY",11001,"FOR STATE REPRESENTATIVE DISTRICT 28 (UNEXPIRED TERM)",REP,17,17,2,"MIKE MATLOCK",REP,1,0,32,33,,
3/7/2017,"630031","FEDERAL, STATE AND COUNTY",11001,"FOR STATE REPRESENTATIVE DISTRICT 28 (UNEXPIRED TERM)",REP,17,17,3,"DANIEL J. MATTHEWS",REP,1,5,29,35,,
3/7/2017,"630031","FEDERAL, STATE AND COUNTY",11001,"FOR STATE REPRESENTATIVE DISTRICT 28 (UNEXPIRED TERM)",REP,17,17,4,"BILLY CHOATE",REP,0,0,2,2,,
3/7/2017,"630031","FEDERAL, STATE AND COUNTY",13001,"FOR STATE REPRESENTATIVE DISTRICT 28 (UNEXPIRED TERM)",DEM,17,17,1,"BLAKE CUMMINGS",DEM,2,0,5,7,,
3/7/2017,"630031","FEDERAL, STATE AND COUNTY",13001,"FOR STATE REPRESENTATIVE DISTRICT 28 (UNEXPIRED TERM)",DEM,17,17,2,"MARILYN RAINWATER",DEM,0,1,17,18,,
3/7/2017,"630031","FEDERAL, STATE AND COUNTY",13001,"FOR STATE REPRESENTATIVE DISTRICT 28 (UNEXPIRED TERM)",DEM,17,17,3,"JASON LEONARD",DEM,1,0,3,4,,
3/7/2017,"630031","FEDERAL, STATE AND COUNTY",13001,"FOR STATE REPRESENTATIVE DISTRICT 28 (UNEXPIRED TERM)",DEM,17,17,4,"STEVE BARNES",DEM,1,0,22,23,,
3/7/2017,"630031","FEDERAL, STATE AND COUNTY",13001,"FOR STATE REPRESENTATIVE DISTRICT 28 (UNEXPIRED TERM)",DEM,17,17,5,"YASMINDA CHOATE",DEM,0,0,16,16,,
3/7/2017,"670010","FEDERAL, STATE AND COUNTY",11001,"FOR STATE REPRESENTATIVE DISTRICT 28 (UNEXPIRED TERM)",REP,17,17,1,"ZACK TAYLOR",REP,1,14,75,90,,
3/7/2017,"670010","FEDERAL, STATE AND COUNTY",11001,"FOR STATE REPRESENTATIVE DISTRICT 28 (UNEXPIRED TERM)",REP,17,17,2,"MIKE MATLOCK",REP,0,0,12,12,,
3/7/2017,"670010","FEDERAL, STATE AND COUNTY",11001,"FOR STATE REPRESENTATIVE DISTRICT 28 (UNEXPIRED TERM)",REP,17,17,3,"DANIEL J. MATTHEWS",REP,0,0,8,8,,
3/7/2017,"670010","FEDERAL, STATE AND COUNTY",11001,"FOR STATE REPRESENTATIVE DISTRICT 28 (UNEXPIRED TERM)",REP,17,17,4,"BILLY CHOATE",REP,1,0,14,15,,
3/7/2017,"670010","FEDERAL, STATE AND COUNTY",13001,"FOR STATE REPRESENTATIVE DISTRICT 28 (UNEXPIRED TERM)",DEM,17,17,1,"BLAKE CUMMINGS",DEM,0,1,5,6,,
3/7/2017,"670010","FEDERAL, STATE AND COUNTY",13001,"FOR STATE REPRESENTATIVE DISTRICT 28 (UNEXPIRED TERM)",DEM,17,17,2,"MARILYN RAINWATER",DEM,0,1,69,70,,
3/7/2017,"670010","FEDERAL, STATE AND COUNTY",13001,"FOR STATE REPRESENTATIVE DISTRICT 28 (UNEXPIRED TERM)",DEM,17,17,3,"JASON LEONARD",DEM,0,0,14,14,,
3/7/2017,"670010","FEDERAL, STATE AND COUNTY",13001,"FOR STATE REPRESENTATIVE DISTRICT 28 (UNEXPIRED TERM)",DEM,17,17,4,"STEVE BARNES",DEM,4,4,43,51,,
3/7/2017,"670010","FEDERAL, STATE AND COUNTY",13001,"FOR STATE REPRESENTATIVE DISTRICT 28 (UNEXPIRED TERM)",DEM,17,17,5,"YASMINDA CHOATE",DEM,0,0,6,6,,
3/7/2017,"670012","FEDERAL, STATE AND COUNTY",11001,"FOR STATE REPRESENTATIVE DISTRICT 28 (UNEXPIRED TERM)",REP,17,17,1,"ZACK TAYLOR",REP,0,0,15,15,,
3/7/2017,"670012","FEDERAL, STATE AND COUNTY",11001,"FOR STATE REPRESENTATIVE DISTRICT 28 (UNEXPIRED TERM)",REP,17,17,2,"MIKE MATLOCK",REP,2,0,1,3,,
3/7/2017,"670012","FEDERAL, STATE AND COUNTY",11001,"FOR STATE REPRESENTATIVE DISTRICT 28 (UNEXPIRED TERM)",REP,17,17,3,"DANIEL J. MATTHEWS",REP,0,0,0,0,,
3/7/2017,"670012","FEDERAL, STATE AND COUNTY",11001,"FOR STATE REPRESENTATIVE DISTRICT 28 (UNEXPIRED TERM)",REP,17,17,4,"BILLY CHOATE",REP,0,0,0,0,,
3/7/2017,"670012","FEDERAL, STATE AND COUNTY",13001,"FOR STATE REPRESENTATIVE DISTRICT 28 (UNEXPIRED TERM)",DEM,17,17,1,"BLAKE CUMMINGS",DEM,0,0,3,3,,
3/7/2017,"670012","FEDERAL, STATE AND COUNTY",13001,"FOR STATE REPRESENTATIVE DISTRICT 28 (UNEXPIRED TERM)",DEM,17,17,2,"MARILYN RAINWATER",DEM,0,0,0,0,,
3/7/2017,"670012","FEDERAL, STATE AND COUNTY",13001,"FOR STATE REPRESENTATIVE DISTRICT 28 (UNEXPIRED TERM)",DEM,17,17,3,"JASON LEONARD",DEM,0,0,0,0,,
3/7/2017,"670012","FEDERAL, STATE AND COUNTY",13001,"FOR STATE REPRESENTATIVE DISTRICT 28 (UNEXPIRED TERM)",DEM,17,17,4,"STEVE BARNES",DEM,0,1,3,4,,
3/7/2017,"670012","FEDERAL, STATE AND COUNTY",13001,"FOR STATE REPRESENTATIVE DISTRICT 28 (UNEXPIRED TERM)",DEM,17,17,5,"YASMINDA CHOATE",DEM,0,0,1,1,,
3/7/2017,"670014","FEDERAL, STATE AND COUNTY",11001,"FOR STATE REPRESENTATIVE DISTRICT 28 (UNEXPIRED TERM)",REP,17,17,1,"ZACK TAYLOR",REP,6,0,43,49,,
3/7/2017,"670014","FEDERAL, STATE AND COUNTY",11001,"FOR STATE REPRESENTATIVE DISTRICT 28 (UNEXPIRED TERM)",REP,17,17,2,"MIKE MATLOCK",REP,0,0,3,3,,
3/7/2017,"670014","FEDERAL, STATE AND COUNTY",11001,"FOR STATE REPRESENTATIVE DISTRICT 28 (UNEXPIRED TERM)",REP,17,17,3,"DANIEL J. MATTHEWS",REP,0,0,11,11,,
3/7/2017,"670014","FEDERAL, STATE AND COUNTY",11001,"FOR STATE REPRESENTATIVE DISTRICT 28 (UNEXPIRED TERM)",REP,17,17,4,"BILLY CHOATE",REP,3,0,1,4,,
3/7/2017,"670014","FEDERAL, STATE AND COUNTY",13001,"FOR STATE REPRESENTATIVE DISTRICT 28 (UNEXPIRED TERM)",DEM,17,17,1,"BLAKE CUMMINGS",DEM,0,0,7,7,,
3/7/2017,"670014","FEDERAL, STATE AND COUNTY",13001,"FOR STATE REPRESENTATIVE DISTRICT 28 (UNEXPIRED TERM)",DEM,17,17,2,"MARILYN RAINWATER",DEM,1,0,16,17,,
3/7/2017,"670014","FEDERAL, STATE AND COUNTY",13001,"FOR STATE REPRESENTATIVE DISTRICT 28 (UNEXPIRED TERM)",DEM,17,17,3,"JASON LEONARD",DEM,1,0,2,3,,
3/7/2017,"670014","FEDERAL, STATE AND COUNTY",13001,"FOR STATE REPRESENTATIVE DISTRICT 28 (UNEXPIRED TERM)",DEM,17,17,4,"STEVE BARNES",DEM,0,0,22,22,,
3/7/2017,"670014","FEDERAL, STATE AND COUNTY",13001,"FOR STATE REPRESENTATIVE DISTRICT 28 (UNEXPIRED TERM)",DEM,17,17,5,"YASMINDA CHOATE",DEM,0,1,6,7,,
3/7/2017,"670015","FEDERAL, STATE AND COUNTY",11001,"FOR STATE REPRESENTATIVE DISTRICT 28 (UNEXPIRED TERM)",REP,17,17,1,"ZACK TAYLOR",REP,1,1,15,17,,
3/7/2017,"670015","FEDERAL, STATE AND COUNTY",11001,"FOR STATE REPRESENTATIVE DISTRICT 28 (UNEXPIRED TERM)",REP,17,17,2,"MIKE MATLOCK",REP,2,1,2,5,,
3/7/2017,"670015","FEDERAL, STATE AND COUNTY",11001,"FOR STATE REPRESENTATIVE DISTRICT 28 (UNEXPIRED TERM)",REP,17,17,3,"DANIEL J. MATTHEWS",REP,0,0,1,1,,
3/7/2017,"670015","FEDERAL, STATE AND COUNTY",11001,"FOR STATE REPRESENTATIVE DISTRICT 28 (UNEXPIRED TERM)",REP,17,17,4,"BILLY CHOATE",REP,2,0,6,8,,
3/7/2017,"670015","FEDERAL, STATE AND COUNTY",13001,"FOR STATE REPRESENTATIVE DISTRICT 28 (UNEXPIRED TERM)",DEM,17,17,1,"BLAKE CUMMINGS",DEM,0,0,0,0,,
3/7/2017,"670015","FEDERAL, STATE AND COUNTY",13001,"FOR STATE REPRESENTATIVE DISTRICT 28 (UNEXPIRED TERM)",DEM,17,17,2,"MARILYN RAINWATER",DEM,0,1,5,6,,
3/7/2017,"670015","FEDERAL, STATE AND COUNTY",13001,"FOR STATE REPRESENTATIVE DISTRICT 28 (UNEXPIRED TERM)",DEM,17,17,3,"JASON LEONARD",DEM,0,0,0,0,,
3/7/2017,"670015","FEDERAL, STATE AND COUNTY",13001,"FOR STATE REPRESENTATIVE DISTRICT 28 (UNEXPIRED TERM)",DEM,17,17,4,"STEVE BARNES",DEM,0,2,26,28,,
3/7/2017,"670015","FEDERAL, STATE AND COUNTY",13001,"FOR STATE REPRESENTATIVE DISTRICT 28 (UNEXPIRED TERM)",DEM,17,17,5,"YASMINDA CHOATE",DEM,1,1,17,19,,
3/7/2017,"670020","FEDERAL, STATE AND COUNTY",11001,"FOR STATE REPRESENTATIVE DISTRICT 28 (UNEXPIRED TERM)",REP,17,17,1,"ZACK TAYLOR",REP,3,8,52,63,,
3/7/2017,"670020","FEDERAL, STATE AND COUNTY",11001,"FOR STATE REPRESENTATIVE DISTRICT 28 (UNEXPIRED TERM)",REP,17,17,2,"MIKE MATLOCK",REP,0,0,30,30,,
3/7/2017,"670020","FEDERAL, STATE AND COUNTY",11001,"FOR STATE REPRESENTATIVE DISTRICT 28 (UNEXPIRED TERM)",REP,17,17,3,"DANIEL J. MATTHEWS",REP,0,0,6,6,,
3/7/2017,"670020","FEDERAL, STATE AND COUNTY",11001,"FOR STATE REPRESENTATIVE DISTRICT 28 (UNEXPIRED TERM)",REP,17,17,4,"BILLY CHOATE",REP,0,0,6,6,,
3/7/2017,"670020","FEDERAL, STATE AND COUNTY",13001,"FOR STATE REPRESENTATIVE DISTRICT 28 (UNEXPIRED TERM)",DEM,17,17,1,"BLAKE CUMMINGS",DEM,0,0,15,15,,
3/7/2017,"670020","FEDERAL, STATE AND COUNTY",13001,"FOR STATE REPRESENTATIVE DISTRICT 28 (UNEXPIRED TERM)",DEM,17,17,2,"MARILYN RAINWATER",DEM,0,0,29,29,,
3/7/2017,"670020","FEDERAL, STATE AND COUNTY",13001,"FOR STATE REPRESENTATIVE DISTRICT 28 (UNEXPIRED TERM)",DEM,17,17,3,"JASON LEONARD",DEM,0,0,15,15,,
3/7/2017,"670020","FEDERAL, STATE AND COUNTY",13001,"FOR STATE REPRESENTATIVE DISTRICT 28 (UNEXPIRED TERM)",DEM,17,17,4,"STEVE BARNES",DEM,2,0,46,48,,
3/7/2017,"670020","FEDERAL, STATE AND COUNTY",13001,"FOR STATE REPRESENTATIVE DISTRICT 28 (UNEXPIRED TERM)",DEM,17,17,5,"YASMINDA CHOATE",DEM,0,0,5,5,,
3/7/2017,"670020","STROTHER PUBLIC SCHOOLS INDEPENDENT SCHOOL DISTRICT NO. 014",56701,"PROPOSITION  STROTHER PUBLIC SCHOOLS",,5,5,1,"FOR THE PROPOSITION - YES",,0,0,88,88,,
3/7/2017,"670020","STROTHER PUBLIC SCHOOLS INDEPENDENT SCHOOL DISTRICT NO. 014",56701,"PROPOSITION  STROTHER PUBLIC SCHOOLS",,5,5,2,"AGAINST THE PROPOSITION - NO",,2,3,66,71,,
3/7/2017,"670022","FEDERAL, STATE AND COUNTY",11001,"FOR STATE REPRESENTATIVE DISTRICT 28 (UNEXPIRED TERM)",REP,17,17,1,"ZACK TAYLOR",REP,4,6,57,67,,
3/7/2017,"670022","FEDERAL, STATE AND COUNTY",11001,"FOR STATE REPRESENTATIVE DISTRICT 28 (UNEXPIRED TERM)",REP,17,17,2,"MIKE MATLOCK",REP,0,0,13,13,,
3/7/2017,"670022","FEDERAL, STATE AND COUNTY",11001,"FOR STATE REPRESENTATIVE DISTRICT 28 (UNEXPIRED TERM)",REP,17,17,3,"DANIEL J. MATTHEWS",REP,0,0,12,12,,
3/7/2017,"670022","FEDERAL, STATE AND COUNTY",11001,"FOR STATE REPRESENTATIVE DISTRICT 28 (UNEXPIRED TERM)",REP,17,17,4,"BILLY CHOATE",REP,2,3,5,10,,
3/7/2017,"670022","FEDERAL, STATE AND COUNTY",13001,"FOR STATE REPRESENTATIVE DISTRICT 28 (UNEXPIRED TERM)",DEM,17,17,1,"BLAKE CUMMINGS",DEM,0,2,10,12,,
3/7/2017,"670022","FEDERAL, STATE AND COUNTY",13001,"FOR STATE REPRESENTATIVE DISTRICT 28 (UNEXPIRED TERM)",DEM,17,17,2,"MARILYN RAINWATER",DEM,1,0,36,37,,
3/7/2017,"670022","FEDERAL, STATE AND COUNTY",13001,"FOR STATE REPRESENTATIVE DISTRICT 28 (UNEXPIRED TERM)",DEM,17,17,3,"JASON LEONARD",DEM,0,0,9,9,,
3/7/2017,"670022","FEDERAL, STATE AND COUNTY",13001,"FOR STATE REPRESENTATIVE DISTRICT 28 (UNEXPIRED TERM)",DEM,17,17,4,"STEVE BARNES",DEM,1,2,20,23,,
3/7/2017,"670022","FEDERAL, STATE AND COUNTY",13001,"FOR STATE REPRESENTATIVE DISTRICT 28 (UNEXPIRED TERM)",DEM,17,17,5,"YASMINDA CHOATE",DEM,0,0,6,6,,
3/7/2017,"670023","FEDERAL, STATE AND COUNTY",11001,"FOR STATE REPRESENTATIVE DISTRICT 28 (UNEXPIRED TERM)",REP,17,17,1,"ZACK TAYLOR",REP,3,4,80,87,,
3/7/2017,"670023","FEDERAL, STATE AND COUNTY",11001,"FOR STATE REPRESENTATIVE DISTRICT 28 (UNEXPIRED TERM)",REP,17,17,2,"MIKE MATLOCK",REP,1,1,11,13,,
3/7/2017,"670023","FEDERAL, STATE AND COUNTY",11001,"FOR STATE REPRESENTATIVE DISTRICT 28 (UNEXPIRED TERM)",REP,17,17,3,"DANIEL J. MATTHEWS",REP,0,2,20,22,,
3/7/2017,"670023","FEDERAL, STATE AND COUNTY",11001,"FOR STATE REPRESENTATIVE DISTRICT 28 (UNEXPIRED TERM)",REP,17,17,4,"BILLY CHOATE",REP,0,0,6,6,,
3/7/2017,"670023","FEDERAL, STATE AND COUNTY",13001,"FOR STATE REPRESENTATIVE DISTRICT 28 (UNEXPIRED TERM)",DEM,17,17,1,"BLAKE CUMMINGS",DEM,0,0,3,3,,
3/7/2017,"670023","FEDERAL, STATE AND COUNTY",13001,"FOR STATE REPRESENTATIVE DISTRICT 28 (UNEXPIRED TERM)",DEM,17,17,2,"MARILYN RAINWATER",DEM,1,5,49,55,,
3/7/2017,"670023","FEDERAL, STATE AND COUNTY",13001,"FOR STATE REPRESENTATIVE DISTRICT 28 (UNEXPIRED TERM)",DEM,17,17,3,"JASON LEONARD",DEM,1,0,5,6,,
3/7/2017,"670023","FEDERAL, STATE AND COUNTY",13001,"FOR STATE REPRESENTATIVE DISTRICT 28 (UNEXPIRED TERM)",DEM,17,17,4,"STEVE BARNES",DEM,1,3,38,42,,
3/7/2017,"670023","FEDERAL, STATE AND COUNTY",13001,"FOR STATE REPRESENTATIVE DISTRICT 28 (UNEXPIRED TERM)",DEM,17,17,5,"YASMINDA CHOATE",DEM,0,0,8,8,,
3/7/2017,"670024","FEDERAL, STATE AND COUNTY",11001,"FOR STATE REPRESENTATIVE DISTRICT 28 (UNEXPIRED TERM)",REP,17,17,1,"ZACK TAYLOR",REP,0,0,49,49,,
3/7/2017,"670024","FEDERAL, STATE AND COUNTY",11001,"FOR STATE REPRESENTATIVE DISTRICT 28 (UNEXPIRED TERM)",REP,17,17,2,"MIKE MATLOCK",REP,0,0,8,8,,
3/7/2017,"670024","FEDERAL, STATE AND COUNTY",11001,"FOR STATE REPRESENTATIVE DISTRICT 28 (UNEXPIRED TERM)",REP,17,17,3,"DANIEL J. MATTHEWS",REP,0,0,7,7,,
3/7/2017,"670024","FEDERAL, STATE AND COUNTY",11001,"FOR STATE REPRESENTATIVE DISTRICT 28 (UNEXPIRED TERM)",REP,17,17,4,"BILLY CHOATE",REP,0,0,1,1,,
3/7/2017,"670024","FEDERAL, STATE AND COUNTY",13001,"FOR STATE REPRESENTATIVE DISTRICT 28 (UNEXPIRED TERM)",DEM,17,17,1,"BLAKE CUMMINGS",DEM,0,2,2,4,,
3/7/2017,"670024","FEDERAL, STATE AND COUNTY",13001,"FOR STATE REPRESENTATIVE DISTRICT 28 (UNEXPIRED TERM)",DEM,17,17,2,"MARILYN RAINWATER",DEM,0,0,22,22,,
3/7/2017,"670024","FEDERAL, STATE AND COUNTY",13001,"FOR STATE REPRESENTATIVE DISTRICT 28 (UNEXPIRED TERM)",DEM,17,17,3,"JASON LEONARD",DEM,0,0,4,4,,
3/7/2017,"670024","FEDERAL, STATE AND COUNTY",13001,"FOR STATE REPRESENTATIVE DISTRICT 28 (UNEXPIRED TERM)",DEM,17,17,4,"STEVE BARNES",DEM,1,0,15,16,,
3/7/2017,"670024","FEDERAL, STATE AND COUNTY",13001,"FOR STATE REPRESENTATIVE DISTRICT 28 (UNEXPIRED TERM)",DEM,17,17,5,"YASMINDA CHOATE",DEM,0,0,4,4,,
3/7/2017,"670025","FEDERAL, STATE AND COUNTY",11001,"FOR STATE REPRESENTATIVE DISTRICT 28 (UNEXPIRED TERM)",REP,17,17,1,"ZACK TAYLOR",REP,0,0,11,11,,
3/7/2017,"670025","FEDERAL, STATE AND COUNTY",11001,"FOR STATE REPRESENTATIVE DISTRICT 28 (UNEXPIRED TERM)",REP,17,17,2,"MIKE MATLOCK",REP,0,0,0,0,,
3/7/2017,"670025","FEDERAL, STATE AND COUNTY",11001,"FOR STATE REPRESENTATIVE DISTRICT 28 (UNEXPIRED TERM)",REP,17,17,3,"DANIEL J. MATTHEWS",REP,0,0,3,3,,
3/7/2017,"670025","FEDERAL, STATE AND COUNTY",11001,"FOR STATE REPRESENTATIVE DISTRICT 28 (UNEXPIRED TERM)",REP,17,17,4,"BILLY CHOATE",REP,0,0,0,0,,
3/7/2017,"670025","FEDERAL, STATE AND COUNTY",13001,"FOR STATE REPRESENTATIVE DISTRICT 28 (UNEXPIRED TERM)",DEM,17,17,1,"BLAKE CUMMINGS",DEM,2,0,4,6,,
3/7/2017,"670025","FEDERAL, STATE AND COUNTY",13001,"FOR STATE REPRESENTATIVE DISTRICT 28 (UNEXPIRED TERM)",DEM,17,17,2,"MARILYN RAINWATER",DEM,0,0,2,2,,
3/7/2017,"670025","FEDERAL, STATE AND COUNTY",13001,"FOR STATE REPRESENTATIVE DISTRICT 28 (UNEXPIRED TERM)",DEM,17,17,3,"JASON LEONARD",DEM,0,0,1,1,,
3/7/2017,"670025","FEDERAL, STATE AND COUNTY",13001,"FOR STATE REPRESENTATIVE DISTRICT 28 (UNEXPIRED TERM)",DEM,17,17,4,"STEVE BARNES",DEM,0,2,2,4,,
3/7/2017,"670025","FEDERAL, STATE AND COUNTY",13001,"FOR STATE REPRESENTATIVE DISTRICT 28 (UNEXPIRED TERM)",DEM,17,17,5,"YASMINDA CHOATE",DEM,1,0,1,2,,
3/7/2017,"670030","FEDERAL, STATE AND COUNTY",11001,"FOR STATE REPRESENTATIVE DISTRICT 28 (UNEXPIRED TERM)",REP,17,17,1,"ZACK TAYLOR",REP,0,0,18,18,,
3/7/2017,"670030","FEDERAL, STATE AND COUNTY",11001,"FOR STATE REPRESENTATIVE DISTRICT 28 (UNEXPIRED TERM)",REP,17,17,2,"MIKE MATLOCK",REP,0,0,3,3,,
3/7/2017,"670030","FEDERAL, STATE AND COUNTY",11001,"FOR STATE REPRESENTATIVE DISTRICT 28 (UNEXPIRED TERM)",REP,17,17,3,"DANIEL J. MATTHEWS",REP,0,0,0,0,,
3/7/2017,"670030","FEDERAL, STATE AND COUNTY",11001,"FOR STATE REPRESENTATIVE DISTRICT 28 (UNEXPIRED TERM)",REP,17,17,4,"BILLY CHOATE",REP,0,0,0,0,,
3/7/2017,"670030","FEDERAL, STATE AND COUNTY",13001,"FOR STATE REPRESENTATIVE DISTRICT 28 (UNEXPIRED TERM)",DEM,17,17,1,"BLAKE CUMMINGS",DEM,0,0,0,0,,
3/7/2017,"670030","FEDERAL, STATE AND COUNTY",13001,"FOR STATE REPRESENTATIVE DISTRICT 28 (UNEXPIRED TERM)",DEM,17,17,2,"MARILYN RAINWATER",DEM,0,0,7,7,,
3/7/2017,"670030","FEDERAL, STATE AND COUNTY",13001,"FOR STATE REPRESENTATIVE DISTRICT 28 (UNEXPIRED TERM)",DEM,17,17,3,"JASON LEONARD",DEM,0,0,6,6,,
3/7/2017,"670030","FEDERAL, STATE AND COUNTY",13001,"FOR STATE REPRESENTATIVE DISTRICT 28 (UNEXPIRED TERM)",DEM,17,17,4,"STEVE BARNES",DEM,0,1,5,6,,
3/7/2017,"670030","FEDERAL, STATE AND COUNTY",13001,"FOR STATE REPRESENTATIVE DISTRICT 28 (UNEXPIRED TERM)",DEM,17,17,5,"YASMINDA CHOATE",DEM,0,0,3,3,,
3/7/2017,"670030","STROTHER PUBLIC SCHOOLS INDEPENDENT SCHOOL DISTRICT NO. 014",56701,"PROPOSITION  STROTHER PUBLIC SCHOOLS",,5,5,1,"FOR THE PROPOSITION - YES",,0,0,0,0,,
3/7/2017,"670030","STROTHER PUBLIC SCHOOLS INDEPENDENT SCHOOL DISTRICT NO. 014",56701,"PROPOSITION  STROTHER PUBLIC SCHOOLS",,5,5,2,"AGAINST THE PROPOSITION - NO",,0,0,0,0,,
3/7/2017,"670032","FEDERAL, STATE AND COUNTY",11001,"FOR STATE REPRESENTATIVE DISTRICT 28 (UNEXPIRED TERM)",REP,17,17,1,"ZACK TAYLOR",REP,2,4,19,25,,
3/7/2017,"670032","FEDERAL, STATE AND COUNTY",11001,"FOR STATE REPRESENTATIVE DISTRICT 28 (UNEXPIRED TERM)",REP,17,17,2,"MIKE MATLOCK",REP,0,2,11,13,,
3/7/2017,"670032","FEDERAL, STATE AND COUNTY",11001,"FOR STATE REPRESENTATIVE DISTRICT 28 (UNEXPIRED TERM)",REP,17,17,3,"DANIEL J. MATTHEWS",REP,2,2,5,9,,
3/7/2017,"670032","FEDERAL, STATE AND COUNTY",11001,"FOR STATE REPRESENTATIVE DISTRICT 28 (UNEXPIRED TERM)",REP,17,17,4,"BILLY CHOATE",REP,0,0,3,3,,
3/7/2017,"670032","FEDERAL, STATE AND COUNTY",13001,"FOR STATE REPRESENTATIVE DISTRICT 28 (UNEXPIRED TERM)",DEM,17,17,1,"BLAKE CUMMINGS",DEM,0,1,1,2,,
3/7/2017,"670032","FEDERAL, STATE AND COUNTY",13001,"FOR STATE REPRESENTATIVE DISTRICT 28 (UNEXPIRED TERM)",DEM,17,17,2,"MARILYN RAINWATER",DEM,1,4,15,20,,
3/7/2017,"670032","FEDERAL, STATE AND COUNTY",13001,"FOR STATE REPRESENTATIVE DISTRICT 28 (UNEXPIRED TERM)",DEM,17,17,3,"JASON LEONARD",DEM,0,0,1,1,,
3/7/2017,"670032","FEDERAL, STATE AND COUNTY",13001,"FOR STATE REPRESENTATIVE DISTRICT 28 (UNEXPIRED TERM)",DEM,17,17,4,"STEVE BARNES",DEM,1,11,36,48,,
3/7/2017,"670032","FEDERAL, STATE AND COUNTY",13001,"FOR STATE REPRESENTATIVE DISTRICT 28 (UNEXPIRED TERM)",DEM,17,17,5,"YASMINDA CHOATE",DEM,0,1,6,7,,
3/7/2017,"670032","STROTHER PUBLIC SCHOOLS INDEPENDENT SCHOOL DISTRICT NO. 014",56701,"PROPOSITION  STROTHER PUBLIC SCHOOLS",,5,5,1,"FOR THE PROPOSITION - YES",,0,0,0,0,,
3/7/2017,"670032","STROTHER PUBLIC SCHOOLS INDEPENDENT SCHOOL DISTRICT NO. 014",56701,"PROPOSITION  STROTHER PUBLIC SCHOOLS",,5,5,2,"AGAINST THE PROPOSITION - NO",,0,0,0,0,,
3/7/2017,"670033","FEDERAL, STATE AND COUNTY",11001,"FOR STATE REPRESENTATIVE DISTRICT 28 (UNEXPIRED TERM)",REP,17,17,1,"ZACK TAYLOR",REP,0,0,4,4,,
3/7/2017,"670033","FEDERAL, STATE AND COUNTY",11001,"FOR STATE REPRESENTATIVE DISTRICT 28 (UNEXPIRED TERM)",REP,17,17,2,"MIKE MATLOCK",REP,0,0,1,1,,
3/7/2017,"670033","FEDERAL, STATE AND COUNTY",11001,"FOR STATE REPRESENTATIVE DISTRICT 28 (UNEXPIRED TERM)",REP,17,17,3,"DANIEL J. MATTHEWS",REP,0,0,1,1,,
3/7/2017,"670033","FEDERAL, STATE AND COUNTY",11001,"FOR STATE REPRESENTATIVE DISTRICT 28 (UNEXPIRED TERM)",REP,17,17,4,"BILLY CHOATE",REP,0,0,0,0,,
3/7/2017,"670033","FEDERAL, STATE AND COUNTY",13001,"FOR STATE REPRESENTATIVE DISTRICT 28 (UNEXPIRED TERM)",DEM,17,17,1,"BLAKE CUMMINGS",DEM,0,0,0,0,,
3/7/2017,"670033","FEDERAL, STATE AND COUNTY",13001,"FOR STATE REPRESENTATIVE DISTRICT 28 (UNEXPIRED TERM)",DEM,17,17,2,"MARILYN RAINWATER",DEM,0,0,2,2,,
3/7/2017,"670033","FEDERAL, STATE AND COUNTY",13001,"FOR STATE REPRESENTATIVE DISTRICT 28 (UNEXPIRED TERM)",DEM,17,17,3,"JASON LEONARD",DEM,0,0,0,0,,
3/7/2017,"670033","FEDERAL, STATE AND COUNTY",13001,"FOR STATE REPRESENTATIVE DISTRICT 28 (UNEXPIRED TERM)",DEM,17,17,4,"STEVE BARNES",DEM,0,3,5,8,,
3/7/2017,"670033","FEDERAL, STATE AND COUNTY",13001,"FOR STATE REPRESENTATIVE DISTRICT 28 (UNEXPIRED TERM)",DEM,17,17,5,"YASMINDA CHOATE",DEM,0,0,0,0,,
3/7/2017,"670034","FEDERAL, STATE AND COUNTY",11001,"FOR STATE REPRESENTATIVE DISTRICT 28 (UNEXPIRED TERM)",REP,17,17,1,"ZACK TAYLOR",REP,0,4,39,43,,
3/7/2017,"670034","FEDERAL, STATE AND COUNTY",11001,"FOR STATE REPRESENTATIVE DISTRICT 28 (UNEXPIRED TERM)",REP,17,17,2,"MIKE MATLOCK",REP,3,0,7,10,,
3/7/2017,"670034","FEDERAL, STATE AND COUNTY",11001,"FOR STATE REPRESENTATIVE DISTRICT 28 (UNEXPIRED TERM)",REP,17,17,3,"DANIEL J. MATTHEWS",REP,0,1,4,5,,
3/7/2017,"670034","FEDERAL, STATE AND COUNTY",11001,"FOR STATE REPRESENTATIVE DISTRICT 28 (UNEXPIRED TERM)",REP,17,17,4,"BILLY CHOATE",REP,0,2,3,5,,
3/7/2017,"670034","FEDERAL, STATE AND COUNTY",13001,"FOR STATE REPRESENTATIVE DISTRICT 28 (UNEXPIRED TERM)",DEM,17,17,1,"BLAKE CUMMINGS",DEM,0,1,1,2,,
3/7/2017,"670034","FEDERAL, STATE AND COUNTY",13001,"FOR STATE REPRESENTATIVE DISTRICT 28 (UNEXPIRED TERM)",DEM,17,17,2,"MARILYN RAINWATER",DEM,1,3,24,28,,
3/7/2017,"670034","FEDERAL, STATE AND COUNTY",13001,"FOR STATE REPRESENTATIVE DISTRICT 28 (UNEXPIRED TERM)",DEM,17,17,3,"JASON LEONARD",DEM,0,1,1,2,,
3/7/2017,"670034","FEDERAL, STATE AND COUNTY",13001,"FOR STATE REPRESENTATIVE DISTRICT 28 (UNEXPIRED TERM)",DEM,17,17,4,"STEVE BARNES",DEM,0,11,57,68,,
3/7/2017,"670034","FEDERAL, STATE AND COUNTY",13001,"FOR STATE REPRESENTATIVE DISTRICT 28 (UNEXPIRED TERM)",DEM,17,17,5,"YASMINDA CHOATE",DEM,0,0,4,4,,
3/7/2017,"670035","FEDERAL, STATE AND COUNTY",11001,"FOR STATE REPRESENTATIVE DISTRICT 28 (UNEXPIRED TERM)",REP,17,17,1,"ZACK TAYLOR",REP,1,1,35,37,,
3/7/2017,"670035","FEDERAL, STATE AND COUNTY",11001,"FOR STATE REPRESENTATIVE DISTRICT 28 (UNEXPIRED TERM)",REP,17,17,2,"MIKE MATLOCK",REP,1,0,33,34,,
3/7/2017,"670035","FEDERAL, STATE AND COUNTY",11001,"FOR STATE REPRESENTATIVE DISTRICT 28 (UNEXPIRED TERM)",REP,17,17,3,"DANIEL J. MATTHEWS",REP,0,0,4,4,,
3/7/2017,"670035","FEDERAL, STATE AND COUNTY",11001,"FOR STATE REPRESENTATIVE DISTRICT 28 (UNEXPIRED TERM)",REP,17,17,4,"BILLY CHOATE",REP,0,0,4,4,,
3/7/2017,"670035","FEDERAL, STATE AND COUNTY",13001,"FOR STATE REPRESENTATIVE DISTRICT 28 (UNEXPIRED TERM)",DEM,17,17,1,"BLAKE CUMMINGS",DEM,0,0,2,2,,
3/7/2017,"670035","FEDERAL, STATE AND COUNTY",13001,"FOR STATE REPRESENTATIVE DISTRICT 28 (UNEXPIRED TERM)",DEM,17,17,2,"MARILYN RAINWATER",DEM,1,2,27,30,,
3/7/2017,"670035","FEDERAL, STATE AND COUNTY",13001,"FOR STATE REPRESENTATIVE DISTRICT 28 (UNEXPIRED TERM)",DEM,17,17,3,"JASON LEONARD",DEM,0,0,19,19,,
3/7/2017,"670035","FEDERAL, STATE AND COUNTY",13001,"FOR STATE REPRESENTATIVE DISTRICT 28 (UNEXPIRED TERM)",DEM,17,17,4,"STEVE BARNES",DEM,0,1,30,31,,
3/7/2017,"670035","FEDERAL, STATE AND COUNTY",13001,"FOR STATE REPRESENTATIVE DISTRICT 28 (UNEXPIRED TERM)",DEM,17,17,5,"YASMINDA CHOATE",DEM,0,0,6,6,,
3/7/2017,"670035","STROTHER PUBLIC SCHOOLS INDEPENDENT SCHOOL DISTRICT NO. 014",56701,"PROPOSITION  STROTHER PUBLIC SCHOOLS",,5,5,1,"FOR THE PROPOSITION - YES",,3,4,118,125,,
3/7/2017,"670035","STROTHER PUBLIC SCHOOLS INDEPENDENT SCHOOL DISTRICT NO. 014",56701,"PROPOSITION  STROTHER PUBLIC SCHOOLS",,5,5,2,"AGAINST THE PROPOSITION - NO",,1,0,49,50,,
3/7/2017,"720352","LIBERTY PUBLIC SCHOOLS INDEPENDENT SCHOOL DISTRICT NO. 014",57203,"PROPOSITION  LIBERTY PUBLIC SCHOOLS",,5,5,1,"FOR THE PROPOSITION - YES",,0,0,6,6,,
3/7/2017,"720352","LIBERTY PUBLIC SCHOOLS INDEPENDENT SCHOOL DISTRICT NO. 014",57203,"PROPOSITION  LIBERTY PUBLIC SCHOOLS",,5,5,2,"AGAINST THE PROPOSITION - NO",,0,0,2,2,,
3/7/2017,"720705","GLENPOOL PUBLIC SCHOOLS INDEPENDENT SCHOOL DISTRICT NO. 013",57201,"PROPOSITION 1  GLENPOOL PUBLIC SCHOOLS",,4,4,1,"FOR THE PROPOSITION - YES",,0,0,130,130,,
3/7/2017,"720705","GLENPOOL PUBLIC SCHOOLS INDEPENDENT SCHOOL DISTRICT NO. 013",57201,"PROPOSITION 1  GLENPOOL PUBLIC SCHOOLS",,4,4,2,"AGAINST THE PROPOSITION - NO",,0,0,28,28,,
3/7/2017,"720705","GLENPOOL PUBLIC SCHOOLS INDEPENDENT SCHOOL DISTRICT NO. 013",57202,"PROPOSITION 2  GLENPOOL PUBLIC SCHOOLS",,4,4,1,"FOR THE PROPOSITION - YES",,0,0,129,129,,
3/7/2017,"720705","GLENPOOL PUBLIC SCHOOLS INDEPENDENT SCHOOL DISTRICT NO. 013",57202,"PROPOSITION 2  GLENPOOL PUBLIC SCHOOLS",,4,4,2,"AGAINST THE PROPOSITION - NO",,0,0,30,30,,
3/7/2017,"720705","LIBERTY PUBLIC SCHOOLS INDEPENDENT SCHOOL DISTRICT NO. 014",57203,"PROPOSITION  LIBERTY PUBLIC SCHOOLS",,5,5,1,"FOR THE PROPOSITION - YES",,0,0,0,0,,
3/7/2017,"720705","LIBERTY PUBLIC SCHOOLS INDEPENDENT SCHOOL DISTRICT NO. 014",57203,"PROPOSITION  LIBERTY PUBLIC SCHOOLS",,5,5,2,"AGAINST THE PROPOSITION - NO",,0,0,0,0,,
3/7/2017,"720706","GLENPOOL PUBLIC SCHOOLS INDEPENDENT SCHOOL DISTRICT NO. 013",57201,"PROPOSITION 1  GLENPOOL PUBLIC SCHOOLS",,4,4,1,"FOR THE PROPOSITION - YES",,0,0,223,223,,
3/7/2017,"720706","GLENPOOL PUBLIC SCHOOLS INDEPENDENT SCHOOL DISTRICT NO. 013",57201,"PROPOSITION 1  GLENPOOL PUBLIC SCHOOLS",,4,4,2,"AGAINST THE PROPOSITION - NO",,0,0,51,51,,
3/7/2017,"720706","GLENPOOL PUBLIC SCHOOLS INDEPENDENT SCHOOL DISTRICT NO. 013",57202,"PROPOSITION 2  GLENPOOL PUBLIC SCHOOLS",,4,4,1,"FOR THE PROPOSITION - YES",,0,0,222,222,,
3/7/2017,"720706","GLENPOOL PUBLIC SCHOOLS INDEPENDENT SCHOOL DISTRICT NO. 013",57202,"PROPOSITION 2  GLENPOOL PUBLIC SCHOOLS",,4,4,2,"AGAINST THE PROPOSITION - NO",,0,0,55,55,,
3/7/2017,"720707","GLENPOOL PUBLIC SCHOOLS INDEPENDENT SCHOOL DISTRICT NO. 013",57201,"PROPOSITION 1  GLENPOOL PUBLIC SCHOOLS",,4,4,1,"FOR THE PROPOSITION - YES",,0,0,101,101,,
3/7/2017,"720707","GLENPOOL PUBLIC SCHOOLS INDEPENDENT SCHOOL DISTRICT NO. 013",57201,"PROPOSITION 1  GLENPOOL PUBLIC SCHOOLS",,4,4,2,"AGAINST THE PROPOSITION - NO",,0,0,15,15,,
3/7/2017,"720707","GLENPOOL PUBLIC SCHOOLS INDEPENDENT SCHOOL DISTRICT NO. 013",57202,"PROPOSITION 2  GLENPOOL PUBLIC SCHOOLS",,4,4,1,"FOR THE PROPOSITION - YES",,0,0,103,103,,
3/7/2017,"720707","GLENPOOL PUBLIC SCHOOLS INDEPENDENT SCHOOL DISTRICT NO. 013",57202,"PROPOSITION 2  GLENPOOL PUBLIC SCHOOLS",,4,4,2,"AGAINST THE PROPOSITION - NO",,0,0,13,13,,
3/7/2017,"720708","GLENPOOL PUBLIC SCHOOLS INDEPENDENT SCHOOL DISTRICT NO. 013",57201,"PROPOSITION 1  GLENPOOL PUBLIC SCHOOLS",,4,4,1,"FOR THE PROPOSITION - YES",,0,0,97,97,,
3/7/2017,"720708","GLENPOOL PUBLIC SCHOOLS INDEPENDENT SCHOOL DISTRICT NO. 013",57201,"PROPOSITION 1  GLENPOOL PUBLIC SCHOOLS",,4,4,2,"AGAINST THE PROPOSITION - NO",,0,0,16,16,,
3/7/2017,"720708","GLENPOOL PUBLIC SCHOOLS INDEPENDENT SCHOOL DISTRICT NO. 013",57202,"PROPOSITION 2  GLENPOOL PUBLIC SCHOOLS",,4,4,1,"FOR THE PROPOSITION - YES",,0,0,95,95,,
3/7/2017,"720708","GLENPOOL PUBLIC SCHOOLS INDEPENDENT SCHOOL DISTRICT NO. 013",57202,"PROPOSITION 2  GLENPOOL PUBLIC SCHOOLS",,4,4,2,"AGAINST THE PROPOSITION - NO",,0,0,19,19,,
3/7/2017,"720710","LIBERTY PUBLIC SCHOOLS INDEPENDENT SCHOOL DISTRICT NO. 014",57203,"PROPOSITION  LIBERTY PUBLIC SCHOOLS",,5,5,1,"FOR THE PROPOSITION - YES",,0,0,19,19,,
3/7/2017,"720710","LIBERTY PUBLIC SCHOOLS INDEPENDENT SCHOOL DISTRICT NO. 014",57203,"PROPOSITION  LIBERTY PUBLIC SCHOOLS",,5,5,2,"AGAINST THE PROPOSITION - NO",,0,0,3,3,,
3/7/2017,"729999","GLENPOOL PUBLIC SCHOOLS INDEPENDENT SCHOOL DISTRICT NO. 013",57201,"PROPOSITION 1  GLENPOOL PUBLIC SCHOOLS",,4,4,1,"FOR THE PROPOSITION - YES",,6,3,0,9,,
3/7/2017,"729999","GLENPOOL PUBLIC SCHOOLS INDEPENDENT SCHOOL DISTRICT NO. 013",57201,"PROPOSITION 1  GLENPOOL PUBLIC SCHOOLS",,4,4,2,"AGAINST THE PROPOSITION - NO",,7,2,0,9,,
3/7/2017,"729999","GLENPOOL PUBLIC SCHOOLS INDEPENDENT SCHOOL DISTRICT NO. 013",57202,"PROPOSITION 2  GLENPOOL PUBLIC SCHOOLS",,4,4,1,"FOR THE PROPOSITION - YES",,7,3,0,10,,
3/7/2017,"729999","GLENPOOL PUBLIC SCHOOLS INDEPENDENT SCHOOL DISTRICT NO. 013",57202,"PROPOSITION 2  GLENPOOL PUBLIC SCHOOLS",,4,4,2,"AGAINST THE PROPOSITION - NO",,6,2,0,8,,
3/7/2017,"729999","LIBERTY PUBLIC SCHOOLS INDEPENDENT SCHOOL DISTRICT NO. 014",57203,"PROPOSITION  LIBERTY PUBLIC SCHOOLS",,5,5,1,"FOR THE PROPOSITION - YES",,0,0,0,0,,
3/7/2017,"729999","LIBERTY PUBLIC SCHOOLS INDEPENDENT SCHOOL DISTRICT NO. 014",57203,"PROPOSITION  LIBERTY PUBLIC SCHOOLS",,5,5,2,"AGAINST THE PROPOSITION - NO",,1,0,0,1,,
3/7/2017,"730202","PORTER CONSOLIDATED SCHOOLS INDEPENDENT SCHOOL DISTRICT NO. 365",57301,"PROPOSITION NO. 1  PORTER CONSOLIDATED SCHOOLS",,6,6,1,"FOR THE PROPOSITION - YES",,0,0,0,0,,
3/7/2017,"730202","PORTER CONSOLIDATED SCHOOLS INDEPENDENT SCHOOL DISTRICT NO. 365",57301,"PROPOSITION NO. 1  PORTER CONSOLIDATED SCHOOLS",,6,6,2,"AGAINST THE PROPOSITION - NO",,0,0,2,2,,
3/7/2017,"730202","PORTER CONSOLIDATED SCHOOLS INDEPENDENT SCHOOL DISTRICT NO. 365",57302,"PROPOSITION NO. 2  PORTER CONSOLIDATED SCHOOLS",,6,6,1,"FOR THE PROPOSITION - YES",,0,0,0,0,,
3/7/2017,"730202","PORTER CONSOLIDATED SCHOOLS INDEPENDENT SCHOOL DISTRICT NO. 365",57302,"PROPOSITION NO. 2  PORTER CONSOLIDATED SCHOOLS",,6,6,2,"AGAINST THE PROPOSITION - NO",,0,0,1,1,,
3/7/2017,"730203","PORTER CONSOLIDATED SCHOOLS INDEPENDENT SCHOOL DISTRICT NO. 365",57301,"PROPOSITION NO. 1  PORTER CONSOLIDATED SCHOOLS",,6,6,1,"FOR THE PROPOSITION - YES",,0,0,0,0,,
3/7/2017,"730203","PORTER CONSOLIDATED SCHOOLS INDEPENDENT SCHOOL DISTRICT NO. 365",57301,"PROPOSITION NO. 1  PORTER CONSOLIDATED SCHOOLS",,6,6,2,"AGAINST THE PROPOSITION - NO",,0,0,0,0,,
3/7/2017,"730203","PORTER CONSOLIDATED SCHOOLS INDEPENDENT SCHOOL DISTRICT NO. 365",57302,"PROPOSITION NO. 2  PORTER CONSOLIDATED SCHOOLS",,6,6,1,"FOR THE PROPOSITION - YES",,0,0,0,0,,
3/7/2017,"730203","PORTER CONSOLIDATED SCHOOLS INDEPENDENT SCHOOL DISTRICT NO. 365",57302,"PROPOSITION NO. 2  PORTER CONSOLIDATED SCHOOLS",,6,6,2,"AGAINST THE PROPOSITION - NO",,0,0,0,0,,
3/7/2017,"730210","PORTER CONSOLIDATED SCHOOLS INDEPENDENT SCHOOL DISTRICT NO. 365",57301,"PROPOSITION NO. 1  PORTER CONSOLIDATED SCHOOLS",,6,6,1,"FOR THE PROPOSITION - YES",,0,0,6,6,,
3/7/2017,"730210","PORTER CONSOLIDATED SCHOOLS INDEPENDENT SCHOOL DISTRICT NO. 365",57301,"PROPOSITION NO. 1  PORTER CONSOLIDATED SCHOOLS",,6,6,2,"AGAINST THE PROPOSITION - NO",,0,0,0,0,,
3/7/2017,"730210","PORTER CONSOLIDATED SCHOOLS INDEPENDENT SCHOOL DISTRICT NO. 365",57302,"PROPOSITION NO. 2  PORTER CONSOLIDATED SCHOOLS",,6,6,1,"FOR THE PROPOSITION - YES",,0,0,6,6,,
3/7/2017,"730210","PORTER CONSOLIDATED SCHOOLS INDEPENDENT SCHOOL DISTRICT NO. 365",57302,"PROPOSITION NO. 2  PORTER CONSOLIDATED SCHOOLS",,6,6,2,"AGAINST THE PROPOSITION - NO",,0,0,0,0,,
3/7/2017,"730311","PORTER CONSOLIDATED SCHOOLS INDEPENDENT SCHOOL DISTRICT NO. 365",57301,"PROPOSITION NO. 1  PORTER CONSOLIDATED SCHOOLS",,6,6,1,"FOR THE PROPOSITION - YES",,0,3,16,19,,
3/7/2017,"730311","PORTER CONSOLIDATED SCHOOLS INDEPENDENT SCHOOL DISTRICT NO. 365",57301,"PROPOSITION NO. 1  PORTER CONSOLIDATED SCHOOLS",,6,6,2,"AGAINST THE PROPOSITION - NO",,0,0,4,4,,
3/7/2017,"730311","PORTER CONSOLIDATED SCHOOLS INDEPENDENT SCHOOL DISTRICT NO. 365",57302,"PROPOSITION NO. 2  PORTER CONSOLIDATED SCHOOLS",,6,6,1,"FOR THE PROPOSITION - YES",,0,3,17,20,,
3/7/2017,"730311","PORTER CONSOLIDATED SCHOOLS INDEPENDENT SCHOOL DISTRICT NO. 365",57302,"PROPOSITION NO. 2  PORTER CONSOLIDATED SCHOOLS",,6,6,2,"AGAINST THE PROPOSITION - NO",,0,0,3,3,,
3/7/2017,"730312","PORTER CONSOLIDATED SCHOOLS INDEPENDENT SCHOOL DISTRICT NO. 365",57301,"PROPOSITION NO. 1  PORTER CONSOLIDATED SCHOOLS",,6,6,1,"FOR THE PROPOSITION - YES",,1,2,112,115,,
3/7/2017,"730312","PORTER CONSOLIDATED SCHOOLS INDEPENDENT SCHOOL DISTRICT NO. 365",57301,"PROPOSITION NO. 1  PORTER CONSOLIDATED SCHOOLS",,6,6,2,"AGAINST THE PROPOSITION - NO",,0,1,55,56,,
3/7/2017,"730312","PORTER CONSOLIDATED SCHOOLS INDEPENDENT SCHOOL DISTRICT NO. 365",57302,"PROPOSITION NO. 2  PORTER CONSOLIDATED SCHOOLS",,6,6,1,"FOR THE PROPOSITION - YES",,1,2,129,132,,
3/7/2017,"730312","PORTER CONSOLIDATED SCHOOLS INDEPENDENT SCHOOL DISTRICT NO. 365",57302,"PROPOSITION NO. 2  PORTER CONSOLIDATED SCHOOLS",,6,6,2,"AGAINST THE PROPOSITION - NO",,0,1,39,40,,
3/7/2017,"730313","PORTER CONSOLIDATED SCHOOLS INDEPENDENT SCHOOL DISTRICT NO. 365",57301,"PROPOSITION NO. 1  PORTER CONSOLIDATED SCHOOLS",,6,6,1,"FOR THE PROPOSITION - YES",,0,1,59,60,,
3/7/2017,"730313","PORTER CONSOLIDATED SCHOOLS INDEPENDENT SCHOOL DISTRICT NO. 365",57301,"PROPOSITION NO. 1  PORTER CONSOLIDATED SCHOOLS",,6,6,2,"AGAINST THE PROPOSITION - NO",,0,3,43,46,,
3/7/2017,"730313","PORTER CONSOLIDATED SCHOOLS INDEPENDENT SCHOOL DISTRICT NO. 365",57302,"PROPOSITION NO. 2  PORTER CONSOLIDATED SCHOOLS",,6,6,1,"FOR THE PROPOSITION - YES",,0,3,69,72,,
3/7/2017,"730313","PORTER CONSOLIDATED SCHOOLS INDEPENDENT SCHOOL DISTRICT NO. 365",57302,"PROPOSITION NO. 2  PORTER CONSOLIDATED SCHOOLS",,6,6,2,"AGAINST THE PROPOSITION - NO",,0,2,34,36,,
