elec_date,precinct,entity_description,race_number,race_description,race_party,tot_race_prec,race_prec_reporting,cand_number,cand_name,cand_party,cand_absmail_votes,cand_early_votes,cand_elecday_votes,cand_tot_votes,race_county_owner
8/13/2019,"120104","TOWN OF SOPER",41201,"PROPOSITION  TOWN OF SOPER",,1,1,1,"FOR THE PROPOSITION - YES",,0,1,26,27,,
8/13/2019,"120104","TOWN OF SOPER",41201,"PROPOSITION  TOWN OF SOPER",,1,1,2,"AGAINST THE PROPOSITION - NO",,0,0,0,0,,
8/13/2019,"150002","PONTOTOC TECH CENTER DISTRICT NO. 14",56201,"PROPOSITION  PONTOTOC TECH CENTER",,32,32,1,"FOR THE PROPOSITION - YES",,1,1,10,12,,
8/13/2019,"150002","PONTOTOC TECH CENTER DISTRICT NO. 14",56201,"PROPOSITION  PONTOTOC TECH CENTER",,32,32,2,"AGAINST THE PROPOSITION - NO",,0,0,8,8,,
8/13/2019,"150003","PONTOTOC TECH CENTER DISTRICT NO. 14",56201,"PROPOSITION  PONTOTOC TECH CENTER",,32,32,1,"FOR THE PROPOSITION - YES",,0,0,0,0,,
8/13/2019,"150003","PONTOTOC TECH CENTER DISTRICT NO. 14",56201,"PROPOSITION  PONTOTOC TECH CENTER",,32,32,2,"AGAINST THE PROPOSITION - NO",,0,1,0,1,,
8/13/2019,"150009","PONTOTOC TECH CENTER DISTRICT NO. 14",56201,"PROPOSITION  PONTOTOC TECH CENTER",,32,32,1,"FOR THE PROPOSITION - YES",,1,0,0,1,,
8/13/2019,"150009","PONTOTOC TECH CENTER DISTRICT NO. 14",56201,"PROPOSITION  PONTOTOC TECH CENTER",,32,32,2,"AGAINST THE PROPOSITION - NO",,0,0,0,0,,
8/13/2019,"150010","PONTOTOC TECH CENTER DISTRICT NO. 14",56201,"PROPOSITION  PONTOTOC TECH CENTER",,32,32,1,"FOR THE PROPOSITION - YES",,0,0,0,0,,
8/13/2019,"150010","PONTOTOC TECH CENTER DISTRICT NO. 14",56201,"PROPOSITION  PONTOTOC TECH CENTER",,32,32,2,"AGAINST THE PROPOSITION - NO",,0,0,0,0,,
8/13/2019,"230001","FARGO-GAGE PUBLIC SCHOOLS INDEPENDENT SCHOOL DISTRICT NO. 002",52301,"PROPOSITION  FARGO-GAGE PUBLIC SCHOOLS",,8,8,1,"FOR THE PROPOSITION - YES",,0,4,1,5,,
8/13/2019,"230001","FARGO-GAGE PUBLIC SCHOOLS INDEPENDENT SCHOOL DISTRICT NO. 002",52301,"PROPOSITION  FARGO-GAGE PUBLIC SCHOOLS",,8,8,2,"AGAINST THE PROPOSITION - NO",,2,0,1,3,,
8/13/2019,"230003","FARGO-GAGE PUBLIC SCHOOLS INDEPENDENT SCHOOL DISTRICT NO. 002",52301,"PROPOSITION  FARGO-GAGE PUBLIC SCHOOLS",,8,8,1,"FOR THE PROPOSITION - YES",,0,0,0,0,,
8/13/2019,"230003","FARGO-GAGE PUBLIC SCHOOLS INDEPENDENT SCHOOL DISTRICT NO. 002",52301,"PROPOSITION  FARGO-GAGE PUBLIC SCHOOLS",,8,8,2,"AGAINST THE PROPOSITION - NO",,2,0,0,2,,
8/13/2019,"230004","FARGO-GAGE PUBLIC SCHOOLS INDEPENDENT SCHOOL DISTRICT NO. 002",52301,"PROPOSITION  FARGO-GAGE PUBLIC SCHOOLS",,8,8,1,"FOR THE PROPOSITION - YES",,0,0,0,0,,
8/13/2019,"230004","FARGO-GAGE PUBLIC SCHOOLS INDEPENDENT SCHOOL DISTRICT NO. 002",52301,"PROPOSITION  FARGO-GAGE PUBLIC SCHOOLS",,8,8,2,"AGAINST THE PROPOSITION - NO",,0,0,0,0,,
8/13/2019,"230006","FARGO-GAGE PUBLIC SCHOOLS INDEPENDENT SCHOOL DISTRICT NO. 002",52301,"PROPOSITION  FARGO-GAGE PUBLIC SCHOOLS",,8,8,1,"FOR THE PROPOSITION - YES",,1,1,0,2,,
8/13/2019,"230006","FARGO-GAGE PUBLIC SCHOOLS INDEPENDENT SCHOOL DISTRICT NO. 002",52301,"PROPOSITION  FARGO-GAGE PUBLIC SCHOOLS",,8,8,2,"AGAINST THE PROPOSITION - NO",,0,0,0,0,,
8/13/2019,"230007","FARGO-GAGE PUBLIC SCHOOLS INDEPENDENT SCHOOL DISTRICT NO. 002",52301,"PROPOSITION  FARGO-GAGE PUBLIC SCHOOLS",,8,8,1,"FOR THE PROPOSITION - YES",,2,3,87,92,,
8/13/2019,"230007","FARGO-GAGE PUBLIC SCHOOLS INDEPENDENT SCHOOL DISTRICT NO. 002",52301,"PROPOSITION  FARGO-GAGE PUBLIC SCHOOLS",,8,8,2,"AGAINST THE PROPOSITION - NO",,4,4,39,47,,
8/13/2019,"230008","FARGO-GAGE PUBLIC SCHOOLS INDEPENDENT SCHOOL DISTRICT NO. 002",52301,"PROPOSITION  FARGO-GAGE PUBLIC SCHOOLS",,8,8,1,"FOR THE PROPOSITION - YES",,2,1,64,67,,
8/13/2019,"230008","FARGO-GAGE PUBLIC SCHOOLS INDEPENDENT SCHOOL DISTRICT NO. 002",52301,"PROPOSITION  FARGO-GAGE PUBLIC SCHOOLS",,8,8,2,"AGAINST THE PROPOSITION - NO",,2,0,19,21,,
8/13/2019,"320019","PONTOTOC TECH CENTER DISTRICT NO. 14",56201,"PROPOSITION  PONTOTOC TECH CENTER",,32,32,1,"FOR THE PROPOSITION - YES",,0,2,0,2,,
8/13/2019,"320019","PONTOTOC TECH CENTER DISTRICT NO. 14",56201,"PROPOSITION  PONTOTOC TECH CENTER",,32,32,2,"AGAINST THE PROPOSITION - NO",,2,0,0,2,,
8/13/2019,"320030","PONTOTOC TECH CENTER DISTRICT NO. 14",56201,"PROPOSITION  PONTOTOC TECH CENTER",,32,32,1,"FOR THE PROPOSITION - YES",,0,0,2,2,,
8/13/2019,"320030","PONTOTOC TECH CENTER DISTRICT NO. 14",56201,"PROPOSITION  PONTOTOC TECH CENTER",,32,32,2,"AGAINST THE PROPOSITION - NO",,0,0,2,2,,
8/13/2019,"320033","PONTOTOC TECH CENTER DISTRICT NO. 14",56201,"PROPOSITION  PONTOTOC TECH CENTER",,32,32,1,"FOR THE PROPOSITION - YES",,0,0,0,0,,
8/13/2019,"320033","PONTOTOC TECH CENTER DISTRICT NO. 14",56201,"PROPOSITION  PONTOTOC TECH CENTER",,32,32,2,"AGAINST THE PROPOSITION - NO",,0,0,0,0,,
8/13/2019,"320034","PONTOTOC TECH CENTER DISTRICT NO. 14",56201,"PROPOSITION  PONTOTOC TECH CENTER",,32,32,1,"FOR THE PROPOSITION - YES",,0,0,14,14,,
8/13/2019,"320034","PONTOTOC TECH CENTER DISTRICT NO. 14",56201,"PROPOSITION  PONTOTOC TECH CENTER",,32,32,2,"AGAINST THE PROPOSITION - NO",,0,0,14,14,,
8/13/2019,"350009","PONTOTOC TECH CENTER DISTRICT NO. 14",56201,"PROPOSITION  PONTOTOC TECH CENTER",,32,32,1,"FOR THE PROPOSITION - YES",,0,0,0,0,,
8/13/2019,"350009","PONTOTOC TECH CENTER DISTRICT NO. 14",56201,"PROPOSITION  PONTOTOC TECH CENTER",,32,32,2,"AGAINST THE PROPOSITION - NO",,5,0,0,5,,
8/13/2019,"410004","AGRA PUBLIC SCHOOLS INDEPENDENT SCHOOL DISTRICT NO. 134",54101,"PROPOSITION NO. 1  AGRA PUBLIC SCHOOLS",,3,3,1,"FOR THE PROPOSITION - YES",,0,1,4,5,,
8/13/2019,"410004","AGRA PUBLIC SCHOOLS INDEPENDENT SCHOOL DISTRICT NO. 134",54101,"PROPOSITION NO. 1  AGRA PUBLIC SCHOOLS",,3,3,2,"AGAINST THE PROPOSITION - NO",,0,0,0,0,,
8/13/2019,"410004","AGRA PUBLIC SCHOOLS INDEPENDENT SCHOOL DISTRICT NO. 134",54102,"PROPOSITION NO. 2  AGRA PUBLIC SCHOOLS",,3,3,1,"FOR THE PROPOSITION - YES",,0,1,4,5,,
8/13/2019,"410004","AGRA PUBLIC SCHOOLS INDEPENDENT SCHOOL DISTRICT NO. 134",54102,"PROPOSITION NO. 2  AGRA PUBLIC SCHOOLS",,3,3,2,"AGAINST THE PROPOSITION - NO",,0,0,0,0,,
8/13/2019,"410005","AGRA PUBLIC SCHOOLS INDEPENDENT SCHOOL DISTRICT NO. 134",54101,"PROPOSITION NO. 1  AGRA PUBLIC SCHOOLS",,3,3,1,"FOR THE PROPOSITION - YES",,0,1,69,70,,
8/13/2019,"410005","AGRA PUBLIC SCHOOLS INDEPENDENT SCHOOL DISTRICT NO. 134",54101,"PROPOSITION NO. 1  AGRA PUBLIC SCHOOLS",,3,3,2,"AGAINST THE PROPOSITION - NO",,1,0,9,10,,
8/13/2019,"410005","AGRA PUBLIC SCHOOLS INDEPENDENT SCHOOL DISTRICT NO. 134",54102,"PROPOSITION NO. 2  AGRA PUBLIC SCHOOLS",,3,3,1,"FOR THE PROPOSITION - YES",,0,1,75,76,,
8/13/2019,"410005","AGRA PUBLIC SCHOOLS INDEPENDENT SCHOOL DISTRICT NO. 134",54102,"PROPOSITION NO. 2  AGRA PUBLIC SCHOOLS",,3,3,2,"AGAINST THE PROPOSITION - NO",,1,0,7,8,,
8/13/2019,"410007","AGRA PUBLIC SCHOOLS INDEPENDENT SCHOOL DISTRICT NO. 134",54101,"PROPOSITION NO. 1  AGRA PUBLIC SCHOOLS",,3,3,1,"FOR THE PROPOSITION - YES",,1,0,0,1,,
8/13/2019,"410007","AGRA PUBLIC SCHOOLS INDEPENDENT SCHOOL DISTRICT NO. 134",54101,"PROPOSITION NO. 1  AGRA PUBLIC SCHOOLS",,3,3,2,"AGAINST THE PROPOSITION - NO",,1,0,0,1,,
8/13/2019,"410007","AGRA PUBLIC SCHOOLS INDEPENDENT SCHOOL DISTRICT NO. 134",54102,"PROPOSITION NO. 2  AGRA PUBLIC SCHOOLS",,3,3,1,"FOR THE PROPOSITION - YES",,1,0,0,1,,
8/13/2019,"410007","AGRA PUBLIC SCHOOLS INDEPENDENT SCHOOL DISTRICT NO. 134",54102,"PROPOSITION NO. 2  AGRA PUBLIC SCHOOLS",,3,3,2,"AGAINST THE PROPOSITION - NO",,0,0,0,0,,
8/13/2019,"490021","TOWN OF SALINA",44904,"PROPOSITION  TOWN OF SALINA",,2,2,1,"FOR THE PROPOSITION - YES",,0,0,4,4,,
8/13/2019,"490021","TOWN OF SALINA",44904,"PROPOSITION  TOWN OF SALINA",,2,2,2,"AGAINST THE PROPOSITION - NO",,0,0,0,0,,
8/13/2019,"490022","TOWN OF CHOUTEAU",44901,"PROPOSITION  TOWN OF CHOUTEAU",,2,2,1,"FOR THE PROPOSITION - YES",,2,1,18,21,,
8/13/2019,"490022","TOWN OF CHOUTEAU",44901,"PROPOSITION  TOWN OF CHOUTEAU",,2,2,2,"AGAINST THE PROPOSITION - NO",,0,0,5,5,,
8/13/2019,"490023","TOWN OF CHOUTEAU",44901,"PROPOSITION  TOWN OF CHOUTEAU",,2,2,1,"FOR THE PROPOSITION - YES",,6,3,41,50,,
8/13/2019,"490023","TOWN OF CHOUTEAU",44901,"PROPOSITION  TOWN OF CHOUTEAU",,2,2,2,"AGAINST THE PROPOSITION - NO",,2,1,13,16,,
8/13/2019,"490036","TOWN OF SALINA",44904,"PROPOSITION  TOWN OF SALINA",,2,2,1,"FOR THE PROPOSITION - YES",,6,0,16,22,,
8/13/2019,"490036","TOWN OF SALINA",44904,"PROPOSITION  TOWN OF SALINA",,2,2,2,"AGAINST THE PROPOSITION - NO",,2,0,2,4,,
8/13/2019,"490037","TOWN OF LOCUST GROVE",44902,"PROPOSITION NO. 1  TOWN OF LOCUST GROVE",,2,2,1,"FOR THE PROPOSITION - YES",,0,0,0,0,,
8/13/2019,"490037","TOWN OF LOCUST GROVE",44902,"PROPOSITION NO. 1  TOWN OF LOCUST GROVE",,2,2,2,"AGAINST THE PROPOSITION - NO",,0,0,0,0,,
8/13/2019,"490037","TOWN OF LOCUST GROVE",44903,"PROPOSITION NO. 2  TOWN OF LOCUST GROVE",,2,2,1,"FOR THE PROPOSITION - YES",,0,0,0,0,,
8/13/2019,"490037","TOWN OF LOCUST GROVE",44903,"PROPOSITION NO. 2  TOWN OF LOCUST GROVE",,2,2,2,"AGAINST THE PROPOSITION - NO",,0,0,0,0,,
8/13/2019,"490039","TOWN OF LOCUST GROVE",44902,"PROPOSITION NO. 1  TOWN OF LOCUST GROVE",,2,2,1,"FOR THE PROPOSITION - YES",,3,1,42,46,,
8/13/2019,"490039","TOWN OF LOCUST GROVE",44902,"PROPOSITION NO. 1  TOWN OF LOCUST GROVE",,2,2,2,"AGAINST THE PROPOSITION - NO",,0,0,8,8,,
8/13/2019,"490039","TOWN OF LOCUST GROVE",44903,"PROPOSITION NO. 2  TOWN OF LOCUST GROVE",,2,2,1,"FOR THE PROPOSITION - YES",,3,1,48,52,,
8/13/2019,"490039","TOWN OF LOCUST GROVE",44903,"PROPOSITION NO. 2  TOWN OF LOCUST GROVE",,2,2,2,"AGAINST THE PROPOSITION - NO",,0,0,6,6,,
8/13/2019,"500017","PONTOTOC TECH CENTER DISTRICT NO. 14",56201,"PROPOSITION  PONTOTOC TECH CENTER",,32,32,1,"FOR THE PROPOSITION - YES",,1,2,0,3,,
8/13/2019,"500017","PONTOTOC TECH CENTER DISTRICT NO. 14",56201,"PROPOSITION  PONTOTOC TECH CENTER",,32,32,2,"AGAINST THE PROPOSITION - NO",,0,0,0,0,,
8/13/2019,"570102","BARTLESVILLE PUBLIC SCHOOLS INDEPENDENT SCHOOL DISTRICT NO. 030",57401,"PROPOSITION NO. 1  BARTLESVILLE PUBLIC SCHOOLS",,19,19,1,"FOR THE PROPOSITION - YES",,0,0,0,0,,
8/13/2019,"570102","BARTLESVILLE PUBLIC SCHOOLS INDEPENDENT SCHOOL DISTRICT NO. 030",57401,"PROPOSITION NO. 1  BARTLESVILLE PUBLIC SCHOOLS",,19,19,2,"AGAINST THE PROPOSITION - NO",,0,0,2,2,,
8/13/2019,"570102","BARTLESVILLE PUBLIC SCHOOLS INDEPENDENT SCHOOL DISTRICT NO. 030",57402,"PROPOSITION NO. 2  BARTLESVILLE PUBLIC SCHOOLS",,19,19,1,"FOR THE PROPOSITION - YES",,0,0,0,0,,
8/13/2019,"570102","BARTLESVILLE PUBLIC SCHOOLS INDEPENDENT SCHOOL DISTRICT NO. 030",57402,"PROPOSITION NO. 2  BARTLESVILLE PUBLIC SCHOOLS",,19,19,2,"AGAINST THE PROPOSITION - NO",,0,0,2,2,,
8/13/2019,"570109","BARTLESVILLE PUBLIC SCHOOLS INDEPENDENT SCHOOL DISTRICT NO. 030",57401,"PROPOSITION NO. 1  BARTLESVILLE PUBLIC SCHOOLS",,19,19,1,"FOR THE PROPOSITION - YES",,4,0,7,11,,
8/13/2019,"570109","BARTLESVILLE PUBLIC SCHOOLS INDEPENDENT SCHOOL DISTRICT NO. 030",57401,"PROPOSITION NO. 1  BARTLESVILLE PUBLIC SCHOOLS",,19,19,2,"AGAINST THE PROPOSITION - NO",,1,0,2,3,,
8/13/2019,"570109","BARTLESVILLE PUBLIC SCHOOLS INDEPENDENT SCHOOL DISTRICT NO. 030",57402,"PROPOSITION NO. 2  BARTLESVILLE PUBLIC SCHOOLS",,19,19,1,"FOR THE PROPOSITION - YES",,4,0,8,12,,
8/13/2019,"570109","BARTLESVILLE PUBLIC SCHOOLS INDEPENDENT SCHOOL DISTRICT NO. 030",57402,"PROPOSITION NO. 2  BARTLESVILLE PUBLIC SCHOOLS",,19,19,2,"AGAINST THE PROPOSITION - NO",,1,0,1,2,,
8/13/2019,"570111","CITY OF HOMINY",45701,"PROPOSITION  CITY OF HOMINY",,3,3,1,"FOR THE PROPOSITION - YES",,0,0,0,0,,
8/13/2019,"570111","CITY OF HOMINY",45701,"PROPOSITION  CITY OF HOMINY",,3,3,2,"AGAINST THE PROPOSITION - NO",,0,0,0,0,,
8/13/2019,"570306","CITY OF HOMINY",45701,"PROPOSITION  CITY OF HOMINY",,3,3,1,"FOR THE PROPOSITION - YES",,0,0,4,4,,
8/13/2019,"570306","CITY OF HOMINY",45701,"PROPOSITION  CITY OF HOMINY",,3,3,2,"AGAINST THE PROPOSITION - NO",,0,0,0,0,,
8/13/2019,"570307","CITY OF HOMINY",45701,"PROPOSITION  CITY OF HOMINY",,3,3,1,"FOR THE PROPOSITION - YES",,3,0,66,69,,
8/13/2019,"570307","CITY OF HOMINY",45701,"PROPOSITION  CITY OF HOMINY",,3,3,2,"AGAINST THE PROPOSITION - NO",,0,0,10,10,,
8/13/2019,"590111","TOWN OF HALLETT",45901,"PROPOSITION  TOWN OF HALLETT",,1,1,1,"FOR THE PROPOSITION - YES",,0,0,13,13,,
8/13/2019,"590111","TOWN OF HALLETT",45901,"PROPOSITION  TOWN OF HALLETT",,1,1,2,"AGAINST THE PROPOSITION - NO",,0,0,1,1,,
8/13/2019,"590314","TOWN OF TERLTON",45902,"PROPOSITION  TOWN OF TERLTON",,1,1,1,"FOR THE PROPOSITION - YES",,0,0,10,10,,
8/13/2019,"590314","TOWN OF TERLTON",45902,"PROPOSITION  TOWN OF TERLTON",,1,1,2,"AGAINST THE PROPOSITION - NO",,0,1,4,5,,
8/13/2019,"620013","PONTOTOC TECH CENTER DISTRICT NO. 14",56201,"PROPOSITION  PONTOTOC TECH CENTER",,32,32,1,"FOR THE PROPOSITION - YES",,0,8,24,32,,
8/13/2019,"620013","PONTOTOC TECH CENTER DISTRICT NO. 14",56201,"PROPOSITION  PONTOTOC TECH CENTER",,32,32,2,"AGAINST THE PROPOSITION - NO",,2,4,25,31,,
8/13/2019,"620016","PONTOTOC TECH CENTER DISTRICT NO. 14",56201,"PROPOSITION  PONTOTOC TECH CENTER",,32,32,1,"FOR THE PROPOSITION - YES",,11,4,49,64,,
8/13/2019,"620016","PONTOTOC TECH CENTER DISTRICT NO. 14",56201,"PROPOSITION  PONTOTOC TECH CENTER",,32,32,2,"AGAINST THE PROPOSITION - NO",,1,10,11,22,,
8/13/2019,"620022","PONTOTOC TECH CENTER DISTRICT NO. 14",56201,"PROPOSITION  PONTOTOC TECH CENTER",,32,32,1,"FOR THE PROPOSITION - YES",,4,4,29,37,,
8/13/2019,"620022","PONTOTOC TECH CENTER DISTRICT NO. 14",56201,"PROPOSITION  PONTOTOC TECH CENTER",,32,32,2,"AGAINST THE PROPOSITION - NO",,2,0,13,15,,
8/13/2019,"620025","PONTOTOC TECH CENTER DISTRICT NO. 14",56201,"PROPOSITION  PONTOTOC TECH CENTER",,32,32,1,"FOR THE PROPOSITION - YES",,9,6,39,54,,
8/13/2019,"620025","PONTOTOC TECH CENTER DISTRICT NO. 14",56201,"PROPOSITION  PONTOTOC TECH CENTER",,32,32,2,"AGAINST THE PROPOSITION - NO",,1,3,9,13,,
8/13/2019,"620031","PONTOTOC TECH CENTER DISTRICT NO. 14",56201,"PROPOSITION  PONTOTOC TECH CENTER",,32,32,1,"FOR THE PROPOSITION - YES",,1,3,12,16,,
8/13/2019,"620031","PONTOTOC TECH CENTER DISTRICT NO. 14",56201,"PROPOSITION  PONTOTOC TECH CENTER",,32,32,2,"AGAINST THE PROPOSITION - NO",,1,2,11,14,,
8/13/2019,"620051","PONTOTOC TECH CENTER DISTRICT NO. 14",56201,"PROPOSITION  PONTOTOC TECH CENTER",,32,32,1,"FOR THE PROPOSITION - YES",,0,0,17,17,,
8/13/2019,"620051","PONTOTOC TECH CENTER DISTRICT NO. 14",56201,"PROPOSITION  PONTOTOC TECH CENTER",,32,32,2,"AGAINST THE PROPOSITION - NO",,1,0,25,26,,
8/13/2019,"620052","PONTOTOC TECH CENTER DISTRICT NO. 14",56201,"PROPOSITION  PONTOTOC TECH CENTER",,32,32,1,"FOR THE PROPOSITION - YES",,1,1,10,12,,
8/13/2019,"620052","PONTOTOC TECH CENTER DISTRICT NO. 14",56201,"PROPOSITION  PONTOTOC TECH CENTER",,32,32,2,"AGAINST THE PROPOSITION - NO",,3,0,3,6,,
8/13/2019,"620053","PONTOTOC TECH CENTER DISTRICT NO. 14",56201,"PROPOSITION  PONTOTOC TECH CENTER",,32,32,1,"FOR THE PROPOSITION - YES",,8,5,52,65,,
8/13/2019,"620053","PONTOTOC TECH CENTER DISTRICT NO. 14",56201,"PROPOSITION  PONTOTOC TECH CENTER",,32,32,2,"AGAINST THE PROPOSITION - NO",,0,6,22,28,,
8/13/2019,"620054","PONTOTOC TECH CENTER DISTRICT NO. 14",56201,"PROPOSITION  PONTOTOC TECH CENTER",,32,32,1,"FOR THE PROPOSITION - YES",,0,0,4,4,,
8/13/2019,"620054","PONTOTOC TECH CENTER DISTRICT NO. 14",56201,"PROPOSITION  PONTOTOC TECH CENTER",,32,32,2,"AGAINST THE PROPOSITION - NO",,1,0,3,4,,
8/13/2019,"620055","PONTOTOC TECH CENTER DISTRICT NO. 14",56201,"PROPOSITION  PONTOTOC TECH CENTER",,32,32,1,"FOR THE PROPOSITION - YES",,0,1,5,6,,
8/13/2019,"620055","PONTOTOC TECH CENTER DISTRICT NO. 14",56201,"PROPOSITION  PONTOTOC TECH CENTER",,32,32,2,"AGAINST THE PROPOSITION - NO",,4,0,5,9,,
8/13/2019,"620056","PONTOTOC TECH CENTER DISTRICT NO. 14",56201,"PROPOSITION  PONTOTOC TECH CENTER",,32,32,1,"FOR THE PROPOSITION - YES",,0,0,5,5,,
8/13/2019,"620056","PONTOTOC TECH CENTER DISTRICT NO. 14",56201,"PROPOSITION  PONTOTOC TECH CENTER",,32,32,2,"AGAINST THE PROPOSITION - NO",,0,0,9,9,,
8/13/2019,"620058","PONTOTOC TECH CENTER DISTRICT NO. 14",56201,"PROPOSITION  PONTOTOC TECH CENTER",,32,32,1,"FOR THE PROPOSITION - YES",,3,5,40,48,,
8/13/2019,"620058","PONTOTOC TECH CENTER DISTRICT NO. 14",56201,"PROPOSITION  PONTOTOC TECH CENTER",,32,32,2,"AGAINST THE PROPOSITION - NO",,4,3,13,20,,
8/13/2019,"620059","PONTOTOC TECH CENTER DISTRICT NO. 14",56201,"PROPOSITION  PONTOTOC TECH CENTER",,32,32,1,"FOR THE PROPOSITION - YES",,3,0,5,8,,
8/13/2019,"620059","PONTOTOC TECH CENTER DISTRICT NO. 14",56201,"PROPOSITION  PONTOTOC TECH CENTER",,32,32,2,"AGAINST THE PROPOSITION - NO",,0,0,1,1,,
8/13/2019,"620060","PONTOTOC TECH CENTER DISTRICT NO. 14",56201,"PROPOSITION  PONTOTOC TECH CENTER",,32,32,1,"FOR THE PROPOSITION - YES",,1,2,39,42,,
8/13/2019,"620060","PONTOTOC TECH CENTER DISTRICT NO. 14",56201,"PROPOSITION  PONTOTOC TECH CENTER",,32,32,2,"AGAINST THE PROPOSITION - NO",,1,0,19,20,,
8/13/2019,"620061","PONTOTOC TECH CENTER DISTRICT NO. 14",56201,"PROPOSITION  PONTOTOC TECH CENTER",,32,32,1,"FOR THE PROPOSITION - YES",,0,0,5,5,,
8/13/2019,"620061","PONTOTOC TECH CENTER DISTRICT NO. 14",56201,"PROPOSITION  PONTOTOC TECH CENTER",,32,32,2,"AGAINST THE PROPOSITION - NO",,0,0,3,3,,
8/13/2019,"620062","PONTOTOC TECH CENTER DISTRICT NO. 14",56201,"PROPOSITION  PONTOTOC TECH CENTER",,32,32,1,"FOR THE PROPOSITION - YES",,3,0,11,14,,
8/13/2019,"620062","PONTOTOC TECH CENTER DISTRICT NO. 14",56201,"PROPOSITION  PONTOTOC TECH CENTER",,32,32,2,"AGAINST THE PROPOSITION - NO",,1,3,2,6,,
8/13/2019,"620063","PONTOTOC TECH CENTER DISTRICT NO. 14",56201,"PROPOSITION  PONTOTOC TECH CENTER",,32,32,1,"FOR THE PROPOSITION - YES",,3,0,15,18,,
8/13/2019,"620063","PONTOTOC TECH CENTER DISTRICT NO. 14",56201,"PROPOSITION  PONTOTOC TECH CENTER",,32,32,2,"AGAINST THE PROPOSITION - NO",,0,0,7,7,,
8/13/2019,"620064","PONTOTOC TECH CENTER DISTRICT NO. 14",56201,"PROPOSITION  PONTOTOC TECH CENTER",,32,32,1,"FOR THE PROPOSITION - YES",,1,1,8,10,,
8/13/2019,"620064","PONTOTOC TECH CENTER DISTRICT NO. 14",56201,"PROPOSITION  PONTOTOC TECH CENTER",,32,32,2,"AGAINST THE PROPOSITION - NO",,1,0,28,29,,
8/13/2019,"620065","PONTOTOC TECH CENTER DISTRICT NO. 14",56201,"PROPOSITION  PONTOTOC TECH CENTER",,32,32,1,"FOR THE PROPOSITION - YES",,0,0,21,21,,
8/13/2019,"620065","PONTOTOC TECH CENTER DISTRICT NO. 14",56201,"PROPOSITION  PONTOTOC TECH CENTER",,32,32,2,"AGAINST THE PROPOSITION - NO",,1,0,20,21,,
8/13/2019,"620066","PONTOTOC TECH CENTER DISTRICT NO. 14",56201,"PROPOSITION  PONTOTOC TECH CENTER",,32,32,1,"FOR THE PROPOSITION - YES",,0,0,16,16,,
8/13/2019,"620066","PONTOTOC TECH CENTER DISTRICT NO. 14",56201,"PROPOSITION  PONTOTOC TECH CENTER",,32,32,2,"AGAINST THE PROPOSITION - NO",,0,0,14,14,,
8/13/2019,"620067","PONTOTOC TECH CENTER DISTRICT NO. 14",56201,"PROPOSITION  PONTOTOC TECH CENTER",,32,32,1,"FOR THE PROPOSITION - YES",,1,2,9,12,,
8/13/2019,"620067","PONTOTOC TECH CENTER DISTRICT NO. 14",56201,"PROPOSITION  PONTOTOC TECH CENTER",,32,32,2,"AGAINST THE PROPOSITION - NO",,2,7,5,14,,
8/13/2019,"660026","TOWN OF INOLA",46601,"PROPOSITION  TOWN OF INOLA",,2,2,1,"FOR THE PROPOSITION - YES",,8,0,25,33,,
8/13/2019,"660026","TOWN OF INOLA",46601,"PROPOSITION  TOWN OF INOLA",,2,2,2,"AGAINST THE PROPOSITION - NO",,0,0,0,0,,
8/13/2019,"660027","TOWN OF INOLA",46601,"PROPOSITION  TOWN OF INOLA",,2,2,1,"FOR THE PROPOSITION - YES",,1,0,16,17,,
8/13/2019,"660027","TOWN OF INOLA",46601,"PROPOSITION  TOWN OF INOLA",,2,2,2,"AGAINST THE PROPOSITION - NO",,1,0,0,1,,
8/13/2019,"670015","PONTOTOC TECH CENTER DISTRICT NO. 14",56201,"PROPOSITION  PONTOTOC TECH CENTER",,32,32,1,"FOR THE PROPOSITION - YES",,0,0,7,7,,
8/13/2019,"670015","PONTOTOC TECH CENTER DISTRICT NO. 14",56201,"PROPOSITION  PONTOTOC TECH CENTER",,32,32,2,"AGAINST THE PROPOSITION - NO",,2,0,1,3,,
8/13/2019,"700104","TYRONE PUBLIC SCHOOLS INDEPENDENT SCHOOL DISTRICT NO. 053",57001,"PROPOSITION  TYRONE PUBLIC SCHOOLS",,1,1,1,"FOR THE PROPOSITION - YES",,4,0,113,117,,
8/13/2019,"700104","TYRONE PUBLIC SCHOOLS INDEPENDENT SCHOOL DISTRICT NO. 053",57001,"PROPOSITION  TYRONE PUBLIC SCHOOLS",,1,1,2,"AGAINST THE PROPOSITION - NO",,0,0,11,11,,
8/13/2019,"740011","BARTLESVILLE PUBLIC SCHOOLS INDEPENDENT SCHOOL DISTRICT NO. 030",57401,"PROPOSITION NO. 1  BARTLESVILLE PUBLIC SCHOOLS",,19,19,1,"FOR THE PROPOSITION - YES",,0,21,198,219,,
8/13/2019,"740011","BARTLESVILLE PUBLIC SCHOOLS INDEPENDENT SCHOOL DISTRICT NO. 030",57401,"PROPOSITION NO. 1  BARTLESVILLE PUBLIC SCHOOLS",,19,19,2,"AGAINST THE PROPOSITION - NO",,1,3,29,33,,
8/13/2019,"740011","BARTLESVILLE PUBLIC SCHOOLS INDEPENDENT SCHOOL DISTRICT NO. 030",57402,"PROPOSITION NO. 2  BARTLESVILLE PUBLIC SCHOOLS",,19,19,1,"FOR THE PROPOSITION - YES",,0,21,203,224,,
8/13/2019,"740011","BARTLESVILLE PUBLIC SCHOOLS INDEPENDENT SCHOOL DISTRICT NO. 030",57402,"PROPOSITION NO. 2  BARTLESVILLE PUBLIC SCHOOLS",,19,19,2,"AGAINST THE PROPOSITION - NO",,1,3,24,28,,
8/13/2019,"740012","BARTLESVILLE PUBLIC SCHOOLS INDEPENDENT SCHOOL DISTRICT NO. 030",57401,"PROPOSITION NO. 1  BARTLESVILLE PUBLIC SCHOOLS",,19,19,1,"FOR THE PROPOSITION - YES",,3,4,49,56,,
8/13/2019,"740012","BARTLESVILLE PUBLIC SCHOOLS INDEPENDENT SCHOOL DISTRICT NO. 030",57401,"PROPOSITION NO. 1  BARTLESVILLE PUBLIC SCHOOLS",,19,19,2,"AGAINST THE PROPOSITION - NO",,0,0,6,6,,
8/13/2019,"740012","BARTLESVILLE PUBLIC SCHOOLS INDEPENDENT SCHOOL DISTRICT NO. 030",57402,"PROPOSITION NO. 2  BARTLESVILLE PUBLIC SCHOOLS",,19,19,1,"FOR THE PROPOSITION - YES",,3,4,50,57,,
8/13/2019,"740012","BARTLESVILLE PUBLIC SCHOOLS INDEPENDENT SCHOOL DISTRICT NO. 030",57402,"PROPOSITION NO. 2  BARTLESVILLE PUBLIC SCHOOLS",,19,19,2,"AGAINST THE PROPOSITION - NO",,0,0,6,6,,
8/13/2019,"740013","BARTLESVILLE PUBLIC SCHOOLS INDEPENDENT SCHOOL DISTRICT NO. 030",57401,"PROPOSITION NO. 1  BARTLESVILLE PUBLIC SCHOOLS",,19,19,1,"FOR THE PROPOSITION - YES",,1,5,91,97,,
8/13/2019,"740013","BARTLESVILLE PUBLIC SCHOOLS INDEPENDENT SCHOOL DISTRICT NO. 030",57401,"PROPOSITION NO. 1  BARTLESVILLE PUBLIC SCHOOLS",,19,19,2,"AGAINST THE PROPOSITION - NO",,0,0,28,28,,
8/13/2019,"740013","BARTLESVILLE PUBLIC SCHOOLS INDEPENDENT SCHOOL DISTRICT NO. 030",57402,"PROPOSITION NO. 2  BARTLESVILLE PUBLIC SCHOOLS",,19,19,1,"FOR THE PROPOSITION - YES",,1,5,91,97,,
8/13/2019,"740013","BARTLESVILLE PUBLIC SCHOOLS INDEPENDENT SCHOOL DISTRICT NO. 030",57402,"PROPOSITION NO. 2  BARTLESVILLE PUBLIC SCHOOLS",,19,19,2,"AGAINST THE PROPOSITION - NO",,0,0,28,28,,
8/13/2019,"740015","BARTLESVILLE PUBLIC SCHOOLS INDEPENDENT SCHOOL DISTRICT NO. 030",57401,"PROPOSITION NO. 1  BARTLESVILLE PUBLIC SCHOOLS",,19,19,1,"FOR THE PROPOSITION - YES",,1,17,120,138,,
8/13/2019,"740015","BARTLESVILLE PUBLIC SCHOOLS INDEPENDENT SCHOOL DISTRICT NO. 030",57401,"PROPOSITION NO. 1  BARTLESVILLE PUBLIC SCHOOLS",,19,19,2,"AGAINST THE PROPOSITION - NO",,0,3,50,53,,
8/13/2019,"740015","BARTLESVILLE PUBLIC SCHOOLS INDEPENDENT SCHOOL DISTRICT NO. 030",57402,"PROPOSITION NO. 2  BARTLESVILLE PUBLIC SCHOOLS",,19,19,1,"FOR THE PROPOSITION - YES",,1,19,123,143,,
8/13/2019,"740015","BARTLESVILLE PUBLIC SCHOOLS INDEPENDENT SCHOOL DISTRICT NO. 030",57402,"PROPOSITION NO. 2  BARTLESVILLE PUBLIC SCHOOLS",,19,19,2,"AGAINST THE PROPOSITION - NO",,0,1,47,48,,
8/13/2019,"740022","BARTLESVILLE PUBLIC SCHOOLS INDEPENDENT SCHOOL DISTRICT NO. 030",57401,"PROPOSITION NO. 1  BARTLESVILLE PUBLIC SCHOOLS",,19,19,1,"FOR THE PROPOSITION - YES",,3,84,463,550,,
8/13/2019,"740022","BARTLESVILLE PUBLIC SCHOOLS INDEPENDENT SCHOOL DISTRICT NO. 030",57401,"PROPOSITION NO. 1  BARTLESVILLE PUBLIC SCHOOLS",,19,19,2,"AGAINST THE PROPOSITION - NO",,5,8,78,91,,
8/13/2019,"740022","BARTLESVILLE PUBLIC SCHOOLS INDEPENDENT SCHOOL DISTRICT NO. 030",57402,"PROPOSITION NO. 2  BARTLESVILLE PUBLIC SCHOOLS",,19,19,1,"FOR THE PROPOSITION - YES",,3,84,470,557,,
8/13/2019,"740022","BARTLESVILLE PUBLIC SCHOOLS INDEPENDENT SCHOOL DISTRICT NO. 030",57402,"PROPOSITION NO. 2  BARTLESVILLE PUBLIC SCHOOLS",,19,19,2,"AGAINST THE PROPOSITION - NO",,4,9,70,83,,
8/13/2019,"740027","BARTLESVILLE PUBLIC SCHOOLS INDEPENDENT SCHOOL DISTRICT NO. 030",57401,"PROPOSITION NO. 1  BARTLESVILLE PUBLIC SCHOOLS",,19,19,1,"FOR THE PROPOSITION - YES",,0,4,40,44,,
8/13/2019,"740027","BARTLESVILLE PUBLIC SCHOOLS INDEPENDENT SCHOOL DISTRICT NO. 030",57401,"PROPOSITION NO. 1  BARTLESVILLE PUBLIC SCHOOLS",,19,19,2,"AGAINST THE PROPOSITION - NO",,0,0,22,22,,
8/13/2019,"740027","BARTLESVILLE PUBLIC SCHOOLS INDEPENDENT SCHOOL DISTRICT NO. 030",57402,"PROPOSITION NO. 2  BARTLESVILLE PUBLIC SCHOOLS",,19,19,1,"FOR THE PROPOSITION - YES",,0,4,44,48,,
8/13/2019,"740027","BARTLESVILLE PUBLIC SCHOOLS INDEPENDENT SCHOOL DISTRICT NO. 030",57402,"PROPOSITION NO. 2  BARTLESVILLE PUBLIC SCHOOLS",,19,19,2,"AGAINST THE PROPOSITION - NO",,0,0,17,17,,
8/13/2019,"740028","BARTLESVILLE PUBLIC SCHOOLS INDEPENDENT SCHOOL DISTRICT NO. 030",57401,"PROPOSITION NO. 1  BARTLESVILLE PUBLIC SCHOOLS",,19,19,1,"FOR THE PROPOSITION - YES",,4,59,350,413,,
8/13/2019,"740028","BARTLESVILLE PUBLIC SCHOOLS INDEPENDENT SCHOOL DISTRICT NO. 030",57401,"PROPOSITION NO. 1  BARTLESVILLE PUBLIC SCHOOLS",,19,19,2,"AGAINST THE PROPOSITION - NO",,1,4,73,78,,
8/13/2019,"740028","BARTLESVILLE PUBLIC SCHOOLS INDEPENDENT SCHOOL DISTRICT NO. 030",57402,"PROPOSITION NO. 2  BARTLESVILLE PUBLIC SCHOOLS",,19,19,1,"FOR THE PROPOSITION - YES",,5,59,359,423,,
8/13/2019,"740028","BARTLESVILLE PUBLIC SCHOOLS INDEPENDENT SCHOOL DISTRICT NO. 030",57402,"PROPOSITION NO. 2  BARTLESVILLE PUBLIC SCHOOLS",,19,19,2,"AGAINST THE PROPOSITION - NO",,0,4,66,70,,
8/13/2019,"740031","BARTLESVILLE PUBLIC SCHOOLS INDEPENDENT SCHOOL DISTRICT NO. 030",57401,"PROPOSITION NO. 1  BARTLESVILLE PUBLIC SCHOOLS",,19,19,1,"FOR THE PROPOSITION - YES",,3,34,242,279,,
8/13/2019,"740031","BARTLESVILLE PUBLIC SCHOOLS INDEPENDENT SCHOOL DISTRICT NO. 030",57401,"PROPOSITION NO. 1  BARTLESVILLE PUBLIC SCHOOLS",,19,19,2,"AGAINST THE PROPOSITION - NO",,0,4,63,67,,
8/13/2019,"740031","BARTLESVILLE PUBLIC SCHOOLS INDEPENDENT SCHOOL DISTRICT NO. 030",57402,"PROPOSITION NO. 2  BARTLESVILLE PUBLIC SCHOOLS",,19,19,1,"FOR THE PROPOSITION - YES",,3,35,246,284,,
8/13/2019,"740031","BARTLESVILLE PUBLIC SCHOOLS INDEPENDENT SCHOOL DISTRICT NO. 030",57402,"PROPOSITION NO. 2  BARTLESVILLE PUBLIC SCHOOLS",,19,19,2,"AGAINST THE PROPOSITION - NO",,0,3,60,63,,
8/13/2019,"740033","BARTLESVILLE PUBLIC SCHOOLS INDEPENDENT SCHOOL DISTRICT NO. 030",57401,"PROPOSITION NO. 1  BARTLESVILLE PUBLIC SCHOOLS",,19,19,1,"FOR THE PROPOSITION - YES",,1,1,36,38,,
8/13/2019,"740033","BARTLESVILLE PUBLIC SCHOOLS INDEPENDENT SCHOOL DISTRICT NO. 030",57401,"PROPOSITION NO. 1  BARTLESVILLE PUBLIC SCHOOLS",,19,19,2,"AGAINST THE PROPOSITION - NO",,2,0,17,19,,
8/13/2019,"740033","BARTLESVILLE PUBLIC SCHOOLS INDEPENDENT SCHOOL DISTRICT NO. 030",57402,"PROPOSITION NO. 2  BARTLESVILLE PUBLIC SCHOOLS",,19,19,1,"FOR THE PROPOSITION - YES",,1,1,35,37,,
8/13/2019,"740033","BARTLESVILLE PUBLIC SCHOOLS INDEPENDENT SCHOOL DISTRICT NO. 030",57402,"PROPOSITION NO. 2  BARTLESVILLE PUBLIC SCHOOLS",,19,19,2,"AGAINST THE PROPOSITION - NO",,2,0,18,20,,
8/13/2019,"740046","BARTLESVILLE PUBLIC SCHOOLS INDEPENDENT SCHOOL DISTRICT NO. 030",57401,"PROPOSITION NO. 1  BARTLESVILLE PUBLIC SCHOOLS",,19,19,1,"FOR THE PROPOSITION - YES",,0,2,33,35,,
8/13/2019,"740046","BARTLESVILLE PUBLIC SCHOOLS INDEPENDENT SCHOOL DISTRICT NO. 030",57401,"PROPOSITION NO. 1  BARTLESVILLE PUBLIC SCHOOLS",,19,19,2,"AGAINST THE PROPOSITION - NO",,0,3,21,24,,
8/13/2019,"740046","BARTLESVILLE PUBLIC SCHOOLS INDEPENDENT SCHOOL DISTRICT NO. 030",57402,"PROPOSITION NO. 2  BARTLESVILLE PUBLIC SCHOOLS",,19,19,1,"FOR THE PROPOSITION - YES",,0,1,37,38,,
8/13/2019,"740046","BARTLESVILLE PUBLIC SCHOOLS INDEPENDENT SCHOOL DISTRICT NO. 030",57402,"PROPOSITION NO. 2  BARTLESVILLE PUBLIC SCHOOLS",,19,19,2,"AGAINST THE PROPOSITION - NO",,0,4,16,20,,
8/13/2019,"740048","BARTLESVILLE PUBLIC SCHOOLS INDEPENDENT SCHOOL DISTRICT NO. 030",57401,"PROPOSITION NO. 1  BARTLESVILLE PUBLIC SCHOOLS",,19,19,1,"FOR THE PROPOSITION - YES",,5,8,63,76,,
8/13/2019,"740048","BARTLESVILLE PUBLIC SCHOOLS INDEPENDENT SCHOOL DISTRICT NO. 030",57401,"PROPOSITION NO. 1  BARTLESVILLE PUBLIC SCHOOLS",,19,19,2,"AGAINST THE PROPOSITION - NO",,2,1,21,24,,
8/13/2019,"740048","BARTLESVILLE PUBLIC SCHOOLS INDEPENDENT SCHOOL DISTRICT NO. 030",57402,"PROPOSITION NO. 2  BARTLESVILLE PUBLIC SCHOOLS",,19,19,1,"FOR THE PROPOSITION - YES",,5,8,66,79,,
8/13/2019,"740048","BARTLESVILLE PUBLIC SCHOOLS INDEPENDENT SCHOOL DISTRICT NO. 030",57402,"PROPOSITION NO. 2  BARTLESVILLE PUBLIC SCHOOLS",,19,19,2,"AGAINST THE PROPOSITION - NO",,2,1,17,20,,
8/13/2019,"740051","BARTLESVILLE PUBLIC SCHOOLS INDEPENDENT SCHOOL DISTRICT NO. 030",57401,"PROPOSITION NO. 1  BARTLESVILLE PUBLIC SCHOOLS",,19,19,1,"FOR THE PROPOSITION - YES",,1,25,232,258,,
8/13/2019,"740051","BARTLESVILLE PUBLIC SCHOOLS INDEPENDENT SCHOOL DISTRICT NO. 030",57401,"PROPOSITION NO. 1  BARTLESVILLE PUBLIC SCHOOLS",,19,19,2,"AGAINST THE PROPOSITION - NO",,2,7,44,53,,
8/13/2019,"740051","BARTLESVILLE PUBLIC SCHOOLS INDEPENDENT SCHOOL DISTRICT NO. 030",57402,"PROPOSITION NO. 2  BARTLESVILLE PUBLIC SCHOOLS",,19,19,1,"FOR THE PROPOSITION - YES",,1,27,237,265,,
8/13/2019,"740051","BARTLESVILLE PUBLIC SCHOOLS INDEPENDENT SCHOOL DISTRICT NO. 030",57402,"PROPOSITION NO. 2  BARTLESVILLE PUBLIC SCHOOLS",,19,19,2,"AGAINST THE PROPOSITION - NO",,2,5,40,47,,
8/13/2019,"740054","BARTLESVILLE PUBLIC SCHOOLS INDEPENDENT SCHOOL DISTRICT NO. 030",57401,"PROPOSITION NO. 1  BARTLESVILLE PUBLIC SCHOOLS",,19,19,1,"FOR THE PROPOSITION - YES",,8,17,231,256,,
8/13/2019,"740054","BARTLESVILLE PUBLIC SCHOOLS INDEPENDENT SCHOOL DISTRICT NO. 030",57401,"PROPOSITION NO. 1  BARTLESVILLE PUBLIC SCHOOLS",,19,19,2,"AGAINST THE PROPOSITION - NO",,1,1,67,69,,
8/13/2019,"740054","BARTLESVILLE PUBLIC SCHOOLS INDEPENDENT SCHOOL DISTRICT NO. 030",57402,"PROPOSITION NO. 2  BARTLESVILLE PUBLIC SCHOOLS",,19,19,1,"FOR THE PROPOSITION - YES",,8,18,235,261,,
8/13/2019,"740054","BARTLESVILLE PUBLIC SCHOOLS INDEPENDENT SCHOOL DISTRICT NO. 030",57402,"PROPOSITION NO. 2  BARTLESVILLE PUBLIC SCHOOLS",,19,19,2,"AGAINST THE PROPOSITION - NO",,1,0,64,65,,
8/13/2019,"740074","BARTLESVILLE PUBLIC SCHOOLS INDEPENDENT SCHOOL DISTRICT NO. 030",57401,"PROPOSITION NO. 1  BARTLESVILLE PUBLIC SCHOOLS",,19,19,1,"FOR THE PROPOSITION - YES",,0,1,9,10,,
8/13/2019,"740074","BARTLESVILLE PUBLIC SCHOOLS INDEPENDENT SCHOOL DISTRICT NO. 030",57401,"PROPOSITION NO. 1  BARTLESVILLE PUBLIC SCHOOLS",,19,19,2,"AGAINST THE PROPOSITION - NO",,0,1,4,5,,
8/13/2019,"740074","BARTLESVILLE PUBLIC SCHOOLS INDEPENDENT SCHOOL DISTRICT NO. 030",57402,"PROPOSITION NO. 2  BARTLESVILLE PUBLIC SCHOOLS",,19,19,1,"FOR THE PROPOSITION - YES",,0,1,10,11,,
8/13/2019,"740074","BARTLESVILLE PUBLIC SCHOOLS INDEPENDENT SCHOOL DISTRICT NO. 030",57402,"PROPOSITION NO. 2  BARTLESVILLE PUBLIC SCHOOLS",,19,19,2,"AGAINST THE PROPOSITION - NO",,0,1,3,4,,
8/13/2019,"740075","BARTLESVILLE PUBLIC SCHOOLS INDEPENDENT SCHOOL DISTRICT NO. 030",57401,"PROPOSITION NO. 1  BARTLESVILLE PUBLIC SCHOOLS",,19,19,1,"FOR THE PROPOSITION - YES",,0,4,68,72,,
8/13/2019,"740075","BARTLESVILLE PUBLIC SCHOOLS INDEPENDENT SCHOOL DISTRICT NO. 030",57401,"PROPOSITION NO. 1  BARTLESVILLE PUBLIC SCHOOLS",,19,19,2,"AGAINST THE PROPOSITION - NO",,1,0,25,26,,
8/13/2019,"740075","BARTLESVILLE PUBLIC SCHOOLS INDEPENDENT SCHOOL DISTRICT NO. 030",57402,"PROPOSITION NO. 2  BARTLESVILLE PUBLIC SCHOOLS",,19,19,1,"FOR THE PROPOSITION - YES",,0,4,67,71,,
8/13/2019,"740075","BARTLESVILLE PUBLIC SCHOOLS INDEPENDENT SCHOOL DISTRICT NO. 030",57402,"PROPOSITION NO. 2  BARTLESVILLE PUBLIC SCHOOLS",,19,19,2,"AGAINST THE PROPOSITION - NO",,1,0,25,26,,
8/13/2019,"740076","BARTLESVILLE PUBLIC SCHOOLS INDEPENDENT SCHOOL DISTRICT NO. 030",57401,"PROPOSITION NO. 1  BARTLESVILLE PUBLIC SCHOOLS",,19,19,1,"FOR THE PROPOSITION - YES",,0,0,9,9,,
8/13/2019,"740076","BARTLESVILLE PUBLIC SCHOOLS INDEPENDENT SCHOOL DISTRICT NO. 030",57401,"PROPOSITION NO. 1  BARTLESVILLE PUBLIC SCHOOLS",,19,19,2,"AGAINST THE PROPOSITION - NO",,0,0,3,3,,
8/13/2019,"740076","BARTLESVILLE PUBLIC SCHOOLS INDEPENDENT SCHOOL DISTRICT NO. 030",57402,"PROPOSITION NO. 2  BARTLESVILLE PUBLIC SCHOOLS",,19,19,1,"FOR THE PROPOSITION - YES",,0,0,9,9,,
8/13/2019,"740076","BARTLESVILLE PUBLIC SCHOOLS INDEPENDENT SCHOOL DISTRICT NO. 030",57402,"PROPOSITION NO. 2  BARTLESVILLE PUBLIC SCHOOLS",,19,19,2,"AGAINST THE PROPOSITION - NO",,0,0,3,3,,
8/13/2019,"740079","TOWN OF OCHELATA",47401,"PROPOSITION  TOWN OF OCHELATA",,1,1,1,"FOR THE PROPOSITION - YES",,0,0,29,29,,
8/13/2019,"740079","TOWN OF OCHELATA",47401,"PROPOSITION  TOWN OF OCHELATA",,1,1,2,"AGAINST THE PROPOSITION - NO",,0,0,1,1,,
8/13/2019,"740711","BARTLESVILLE PUBLIC SCHOOLS INDEPENDENT SCHOOL DISTRICT NO. 030",57401,"PROPOSITION NO. 1  BARTLESVILLE PUBLIC SCHOOLS",,19,19,1,"FOR THE PROPOSITION - YES",,0,5,31,36,,
8/13/2019,"740711","BARTLESVILLE PUBLIC SCHOOLS INDEPENDENT SCHOOL DISTRICT NO. 030",57401,"PROPOSITION NO. 1  BARTLESVILLE PUBLIC SCHOOLS",,19,19,2,"AGAINST THE PROPOSITION - NO",,2,0,7,9,,
8/13/2019,"740711","BARTLESVILLE PUBLIC SCHOOLS INDEPENDENT SCHOOL DISTRICT NO. 030",57402,"PROPOSITION NO. 2  BARTLESVILLE PUBLIC SCHOOLS",,19,19,1,"FOR THE PROPOSITION - YES",,0,5,31,36,,
8/13/2019,"740711","BARTLESVILLE PUBLIC SCHOOLS INDEPENDENT SCHOOL DISTRICT NO. 030",57402,"PROPOSITION NO. 2  BARTLESVILLE PUBLIC SCHOOLS",,19,19,2,"AGAINST THE PROPOSITION - NO",,2,0,7,9,,
8/13/2019,"760001","CITY OF ALVA",47601,"PROPOSITION  CITY OF ALVA",,3,3,1,"FOR THE PROPOSITION - YES",,4,21,113,138,,
8/13/2019,"760001","CITY OF ALVA",47601,"PROPOSITION  CITY OF ALVA",,3,3,2,"AGAINST THE PROPOSITION - NO",,3,41,257,301,,
8/13/2019,"760002","CITY OF WAYNOKA",47602,"PROPOSITION  CITY OF WAYNOKA",,1,1,1,"FOR THE PROPOSITION - YES",,4,1,65,70,,
8/13/2019,"760002","CITY OF WAYNOKA",47602,"PROPOSITION  CITY OF WAYNOKA",,1,1,2,"AGAINST THE PROPOSITION - NO",,0,0,19,19,,
8/13/2019,"760003","CITY OF ALVA",47601,"PROPOSITION  CITY OF ALVA",,3,3,1,"FOR THE PROPOSITION - YES",,5,9,50,64,,
8/13/2019,"760003","CITY OF ALVA",47601,"PROPOSITION  CITY OF ALVA",,3,3,2,"AGAINST THE PROPOSITION - NO",,3,8,95,106,,
8/13/2019,"760005","CITY OF ALVA",47601,"PROPOSITION  CITY OF ALVA",,3,3,1,"FOR THE PROPOSITION - YES",,4,17,81,102,,
8/13/2019,"760005","CITY OF ALVA",47601,"PROPOSITION  CITY OF ALVA",,3,3,2,"AGAINST THE PROPOSITION - NO",,14,54,214,282,,
8/13/2019,"770203","FARGO-GAGE PUBLIC SCHOOLS INDEPENDENT SCHOOL DISTRICT NO. 002",52301,"PROPOSITION  FARGO-GAGE PUBLIC SCHOOLS",,8,8,1,"FOR THE PROPOSITION - YES",,0,0,4,4,,
8/13/2019,"770203","FARGO-GAGE PUBLIC SCHOOLS INDEPENDENT SCHOOL DISTRICT NO. 002",52301,"PROPOSITION  FARGO-GAGE PUBLIC SCHOOLS",,8,8,2,"AGAINST THE PROPOSITION - NO",,0,0,0,0,,
8/13/2019,"770306","FARGO-GAGE PUBLIC SCHOOLS INDEPENDENT SCHOOL DISTRICT NO. 002",52301,"PROPOSITION  FARGO-GAGE PUBLIC SCHOOLS",,8,8,1,"FOR THE PROPOSITION - YES",,0,2,27,29,,
8/13/2019,"770306","FARGO-GAGE PUBLIC SCHOOLS INDEPENDENT SCHOOL DISTRICT NO. 002",52301,"PROPOSITION  FARGO-GAGE PUBLIC SCHOOLS",,8,8,2,"AGAINST THE PROPOSITION - NO",,0,0,9,9,,
