elec_date,county,entity_description,race_number,race_description,race_party,tot_race_prec,race_prec_reporting,cand_number,cand_name,cand_party,cand_absmail_votes,cand_early_votes,cand_elecday_votes,cand_tot_votes,race_county_owner
10/8/2013,"BEAVER","TURPIN PUBLIC SCHOOLS",50401,"PROPOSITION  TURPIN PUBLIC SCHOOLS",,3,3,1,"FOR THE PROPOSITION - YES",,1,5,116,122,,
10/8/2013,"BEAVER","TURPIN PUBLIC SCHOOLS",50401,"PROPOSITION  TURPIN PUBLIC SCHOOLS",,3,3,2,"AGAINST THE PROPOSITION - NO",,2,9,106,117,,
10/8/2013,"CARTER","TOWN OF DICKSON",41001,"PROPOSITION  TOWN OF DICKSON",,1,1,1,"FOR THE PROPOSITION - YES",,0,0,9,9,,
10/8/2013,"CARTER","TOWN OF DICKSON",41001,"PROPOSITION  TOWN OF DICKSON",,1,1,2,"AGAINST THE PROPOSITION - NO",,0,0,0,0,,
10/8/2013,"CHOCTAW","GRANT PUBLIC SCHOOL",51201,"PROPOSITION  GRANT PUBLIC SCHOOL",,5,5,1,"FOR THE PROPOSITION - YES",,0,1,38,39,,
10/8/2013,"CHOCTAW","GRANT PUBLIC SCHOOL",51201,"PROPOSITION  GRANT PUBLIC SCHOOL",,5,5,2,"AGAINST THE PROPOSITION - NO",,0,0,27,27,,
10/8/2013,"CIMARRON","FELT PUBLIC SCHOOLS",51301,"PROPOSITION  FELT PUBLIC SCHOOLS",,2,2,1,"FOR THE PROPOSITION - YES",,0,2,67,69,,
10/8/2013,"CIMARRON","FELT PUBLIC SCHOOLS",51301,"PROPOSITION  FELT PUBLIC SCHOOLS",,2,2,2,"AGAINST THE PROPOSITION - NO",,0,0,11,11,,
10/8/2013,"CLEVELAND","CITY OF NEWCASTLE",44401,"PROPOSITION  CITY OF NEWCASTLE",,1,1,1,"FOR THE PROPOSITION - YES",,0,0,0,0,,
10/8/2013,"CLEVELAND","CITY OF NEWCASTLE",44401,"PROPOSITION  CITY OF NEWCASTLE",,1,1,2,"AGAINST THE PROPOSITION - NO",,0,0,0,0,,
10/8/2013,"CLEVELAND","MCLOUD PUBLIC SCHOOLS",56301,"PROPOSITION  MCLOUD PUBLIC SCHOOLS",,1,1,1,"FOR THE PROPOSITION - YES",,6,0,7,13,,
10/8/2013,"CLEVELAND","MCLOUD PUBLIC SCHOOLS",56301,"PROPOSITION  MCLOUD PUBLIC SCHOOLS",,1,1,2,"AGAINST THE PROPOSITION - NO",,2,0,0,2,,
10/8/2013,"CRAIG","BLUEJACKET PUBLIC SCHOOLS",51801,"PROPOSITION  BLUEJACKET PUBLIC SCHOOLS",,4,4,1,"FOR THE PROPOSITION - YES",,0,4,143,147,,
10/8/2013,"CRAIG","BLUEJACKET PUBLIC SCHOOLS",51801,"PROPOSITION  BLUEJACKET PUBLIC SCHOOLS",,4,4,2,"AGAINST THE PROPOSITION - NO",,2,3,77,82,,
10/8/2013,"GARFIELD","SPECIAL COUNTY",6241,"PROPOSITION  SPECIAL COUNTY",,30,30,1,"FOR THE PROPOSITION - YES",,177,261,4676,5114,,
10/8/2013,"GARFIELD","SPECIAL COUNTY",6241,"PROPOSITION  SPECIAL COUNTY",,30,30,2,"AGAINST THE PROPOSITION - NO",,32,26,777,835,,
10/8/2013,"GARFIELD","GARFIELD COUNTY",30003,"PROPOSITION",,30,30,1,"FOR THE PROPOSITION - YES",,115,189,3785,4089,,
10/8/2013,"GARFIELD","GARFIELD COUNTY",30003,"PROPOSITION",,30,30,2,"AGAINST THE PROPOSITION - NO",,96,98,1669,1863,,
10/8/2013,"GARFIELD","POND CREEK-HUNTER SCHOOLS",52701,"PROPOSITION  POND CREEK-HUNTER SCHOOLS",,2,2,1,"FOR THE PROPOSITION - YES",,0,1,19,20,,
10/8/2013,"GARFIELD","POND CREEK-HUNTER SCHOOLS",52701,"PROPOSITION  POND CREEK-HUNTER SCHOOLS",,2,2,2,"AGAINST THE PROPOSITION - NO",,0,5,41,46,,
10/8/2013,"GARVIN","TOWN OF MAYSVILLE",42501,"FOR BOARD OF TRUSTEES (UNEXPIRED TERM)  TOWN OF MAYSVILLE",,1,1,1,"MICHAEL PARK",,1,0,18,19,,
10/8/2013,"GARVIN","TOWN OF MAYSVILLE",42501,"FOR BOARD OF TRUSTEES (UNEXPIRED TERM)  TOWN OF MAYSVILLE",,1,1,2,"BRYSON S. TATE",,0,0,53,53,,
10/8/2013,"GARVIN","TOWN OF MAYSVILLE",42501,"FOR BOARD OF TRUSTEES (UNEXPIRED TERM)  TOWN OF MAYSVILLE",,1,1,3,"DAVID UHLES",,1,0,57,58,,
10/8/2013,"GARVIN","TOWN OF MAYSVILLE",42502,"FOR BOARD OF TRUSTEES (UNEXPIRED TERM)  TOWN OF MAYSVILLE",,1,1,1,"DEBRA DEGERING",,1,0,59,60,,
10/8/2013,"GARVIN","TOWN OF MAYSVILLE",42502,"FOR BOARD OF TRUSTEES (UNEXPIRED TERM)  TOWN OF MAYSVILLE",,1,1,2,"RICHARD DUANE ROBINSON",,0,0,16,16,,
10/8/2013,"GRANT","POND CREEK-HUNTER SCHOOLS",52701,"PROPOSITION  POND CREEK-HUNTER SCHOOLS",,4,4,1,"FOR THE PROPOSITION - YES",,0,3,180,183,,
10/8/2013,"GRANT","POND CREEK-HUNTER SCHOOLS",52701,"PROPOSITION  POND CREEK-HUNTER SCHOOLS",,4,4,2,"AGAINST THE PROPOSITION - NO",,7,3,196,206,,
10/8/2013,"HARPER","WOODWARD PUBLIC SCHOOLS",57701,"PROPOSITION NO. 1  WOODWARD PUBLIC SCHOOLS",,1,1,1,"FOR THE PROPOSITION - YES",,0,0,0,0,,
10/8/2013,"HARPER","WOODWARD PUBLIC SCHOOLS",57701,"PROPOSITION NO. 1  WOODWARD PUBLIC SCHOOLS",,1,1,2,"AGAINST THE PROPOSITION - NO",,0,0,0,0,,
10/8/2013,"HARPER","WOODWARD PUBLIC SCHOOLS",57702,"PROPOSITION NO. 2  WOODWARD PUBLIC SCHOOLS",,1,1,1,"FOR THE PROPOSITION - YES",,0,0,0,0,,
10/8/2013,"HARPER","WOODWARD PUBLIC SCHOOLS",57702,"PROPOSITION NO. 2  WOODWARD PUBLIC SCHOOLS",,1,1,2,"AGAINST THE PROPOSITION - NO",,0,0,0,0,,
10/8/2013,"JOHNSTON","TISHOMINGO PUBLIC SCHOOLS",53501,"PROPOSITION  TISHOMINGO PUBLIC SCHOOLS",,9,9,1,"FOR THE PROPOSITION - YES",,3,27,253,283,,
10/8/2013,"JOHNSTON","TISHOMINGO PUBLIC SCHOOLS",53501,"PROPOSITION  TISHOMINGO PUBLIC SCHOOLS",,9,9,2,"AGAINST THE PROPOSITION - NO",,1,9,49,59,,
10/8/2013,"KAY","NEWKIRK PUBLIC SCHOOLS",53601,"PROPOSITION  NEWKIRK PUBLIC SCHOOLS",,8,8,1,"FOR THE PROPOSITION - YES",,4,28,253,285,,
10/8/2013,"KAY","NEWKIRK PUBLIC SCHOOLS",53601,"PROPOSITION  NEWKIRK PUBLIC SCHOOLS",,8,8,2,"AGAINST THE PROPOSITION - NO",,3,15,107,125,,
10/8/2013,"KINGFISHER","KINGFISHER COUNTY",30001,"PROPOSITION",,14,14,1,"FOR THE PROPOSITION - YES",,35,35,318,388,,
10/8/2013,"KINGFISHER","KINGFISHER COUNTY",30001,"PROPOSITION",,14,14,2,"AGAINST THE PROPOSITION - NO",,21,22,156,199,,
10/8/2013,"LEFLORE","BOKOSHE PUBLIC SCHOOLS",54001,"PROPOSITION  BOKOSHE PUBLIC SCHOOLS",,6,6,1,"FOR THE PROPOSITION - YES",,0,2,30,32,,
10/8/2013,"LEFLORE","BOKOSHE PUBLIC SCHOOLS",54001,"PROPOSITION  BOKOSHE PUBLIC SCHOOLS",,6,6,2,"AGAINST THE PROPOSITION - NO",,0,0,37,37,,
10/8/2013,"LINCOLN","MCLOUD PUBLIC SCHOOLS",56301,"PROPOSITION  MCLOUD PUBLIC SCHOOLS",,2,2,1,"FOR THE PROPOSITION - YES",,1,0,9,10,,
10/8/2013,"LINCOLN","MCLOUD PUBLIC SCHOOLS",56301,"PROPOSITION  MCLOUD PUBLIC SCHOOLS",,2,2,2,"AGAINST THE PROPOSITION - NO",,2,0,1,3,,
10/8/2013,"LOVE","LOVE COUNTY",30002,"PROPOSITION",,12,12,1,"FOR THE PROPOSITION - YES",,5,41,494,540,,
10/8/2013,"LOVE","LOVE COUNTY",30002,"PROPOSITION",,12,12,2,"AGAINST THE PROPOSITION - NO",,1,0,27,28,,
10/8/2013,"MCCLAIN","CITY OF NEWCASTLE",44401,"PROPOSITION  CITY OF NEWCASTLE",,8,8,1,"FOR THE PROPOSITION - YES",,14,1,129,144,,
10/8/2013,"MCCLAIN","CITY OF NEWCASTLE",44401,"PROPOSITION  CITY OF NEWCASTLE",,8,8,2,"AGAINST THE PROPOSITION - NO",,50,7,849,906,,
10/8/2013,"MAYES","CHOUTEAU-MAZIE PUBLIC SCHOOLS",54901,"PROPOSITION  CHOUTEAU-MAZIE PUBLIC SCHOOLS",,5,5,1,"FOR THE PROPOSITION - YES",,6,5,473,484,,
10/8/2013,"MAYES","CHOUTEAU-MAZIE PUBLIC SCHOOLS",54901,"PROPOSITION  CHOUTEAU-MAZIE PUBLIC SCHOOLS",,5,5,2,"AGAINST THE PROPOSITION - NO",,3,11,239,253,,
10/8/2013,"MUSKOGEE","GORE PUBLIC SCHOOLS",56801,"PROPOSITION NO. 1  GORE PUBLIC SCHOOLS",,1,1,1,"FOR THE PROPOSITION - YES",,1,0,14,15,,
10/8/2013,"MUSKOGEE","GORE PUBLIC SCHOOLS",56801,"PROPOSITION NO. 1  GORE PUBLIC SCHOOLS",,1,1,2,"AGAINST THE PROPOSITION - NO",,0,0,6,6,,
10/8/2013,"MUSKOGEE","GORE PUBLIC SCHOOLS",56802,"PROPOSITION NO. 2  GORE PUBLIC SCHOOLS",,1,1,1,"FOR THE PROPOSITION - YES",,1,0,14,15,,
10/8/2013,"MUSKOGEE","GORE PUBLIC SCHOOLS",56802,"PROPOSITION NO. 2  GORE PUBLIC SCHOOLS",,1,1,2,"AGAINST THE PROPOSITION - NO",,0,0,6,6,,
10/8/2013,"OKLAHOMA","CITY OF MIDWEST CITY",45501,"PROPOSITION NO. 1  CITY OF MIDWEST CITY",,23,23,1,"FOR THE PROPOSITION - YES",,118,7,1007,1132,,
10/8/2013,"OKLAHOMA","CITY OF MIDWEST CITY",45501,"PROPOSITION NO. 1  CITY OF MIDWEST CITY",,23,23,2,"AGAINST THE PROPOSITION - NO",,64,3,390,457,,
10/8/2013,"OKLAHOMA","CITY OF MIDWEST CITY",45502,"PROPOSITION NO. 2  CITY OF MIDWEST CITY",,23,23,1,"FOR THE PROPOSITION - YES",,155,8,1184,1347,,
10/8/2013,"OKLAHOMA","CITY OF MIDWEST CITY",45502,"PROPOSITION NO. 2  CITY OF MIDWEST CITY",,23,23,2,"AGAINST THE PROPOSITION - NO",,27,2,202,231,,
10/8/2013,"OKLAHOMA","CITY OF MIDWEST CITY",45503,"PROPOSITION NO. 3  CITY OF MIDWEST CITY",,23,23,1,"FOR THE PROPOSITION - YES",,160,8,1221,1389,,
10/8/2013,"OKLAHOMA","CITY OF MIDWEST CITY",45503,"PROPOSITION NO. 3  CITY OF MIDWEST CITY",,23,23,2,"AGAINST THE PROPOSITION - NO",,22,2,164,188,,
10/8/2013,"OKLAHOMA","CITY OF MIDWEST CITY",45504,"PROPOSITION NO. 4  CITY OF MIDWEST CITY",,23,23,1,"FOR THE PROPOSITION - YES",,141,8,1170,1319,,
10/8/2013,"OKLAHOMA","CITY OF MIDWEST CITY",45504,"PROPOSITION NO. 4  CITY OF MIDWEST CITY",,23,23,2,"AGAINST THE PROPOSITION - NO",,29,1,186,216,,
10/8/2013,"OKLAHOMA","CITY OF MIDWEST CITY",45505,"PROPOSTION NO. 5  CITY OF MIDWEST CITY",,23,23,1,"FOR THE PROPOSITION - YES",,125,7,1127,1259,,
10/8/2013,"OKLAHOMA","CITY OF MIDWEST CITY",45505,"PROPOSTION NO. 5  CITY OF MIDWEST CITY",,23,23,2,"AGAINST THE PROPOSITION - NO",,48,3,257,308,,
10/8/2013,"OKLAHOMA","MCLOUD PUBLIC SCHOOLS",56301,"PROPOSITION  MCLOUD PUBLIC SCHOOLS",,3,3,1,"FOR THE PROPOSITION - YES",,0,0,1,1,,
10/8/2013,"OKLAHOMA","MCLOUD PUBLIC SCHOOLS",56301,"PROPOSITION  MCLOUD PUBLIC SCHOOLS",,3,3,2,"AGAINST THE PROPOSITION - NO",,4,0,0,4,,
10/8/2013,"PITTSBURG","SPECIAL COUNTY CARLTON LANDING",6611,"PROPOSITION  SPECIAL COUNTY CARLTON LANDING",,1,1,1,"FOR THE PROPOSITION - YES",,0,0,15,15,,
10/8/2013,"PITTSBURG","SPECIAL COUNTY CARLTON LANDING",6611,"PROPOSITION  SPECIAL COUNTY CARLTON LANDING",,1,1,2,"AGAINST THE PROPOSITION - NO",,0,0,1,1,,
10/8/2013,"PITTSBURG","PITTSBURG COUNTY",21611,"FOR COUNTY COMMISSIONER DISTRICT NO. 3 (UNEXPIRED TERM)",DEM,12,12,1,"JERRY L. DONATHAN",DEM,0,20,181,201,,
10/8/2013,"PITTSBURG","PITTSBURG COUNTY",21611,"FOR COUNTY COMMISSIONER DISTRICT NO. 3 (UNEXPIRED TERM)",DEM,12,12,2,"LARRY PARTAIN",DEM,0,2,76,78,,
10/8/2013,"PITTSBURG","PITTSBURG COUNTY",21611,"FOR COUNTY COMMISSIONER DISTRICT NO. 3 (UNEXPIRED TERM)",DEM,12,12,3,"PAUL WATKINS",DEM,1,10,129,140,,
10/8/2013,"PITTSBURG","PITTSBURG COUNTY",21611,"FOR COUNTY COMMISSIONER DISTRICT NO. 3 (UNEXPIRED TERM)",DEM,12,12,4,"TRENT MYERS",DEM,3,25,318,346,,
10/8/2013,"PITTSBURG","PITTSBURG COUNTY",21611,"FOR COUNTY COMMISSIONER DISTRICT NO. 3 (UNEXPIRED TERM)",DEM,12,12,5,"ROSS SELMAN",DEM,2,16,301,319,,
10/8/2013,"PITTSBURG","PITTSBURG COUNTY",21611,"FOR COUNTY COMMISSIONER DISTRICT NO. 3 (UNEXPIRED TERM)",DEM,12,12,6,"KENNETH H. HALL",DEM,0,2,26,28,,
10/8/2013,"PITTSBURG","PITTSBURG COUNTY",21611,"FOR COUNTY COMMISSIONER DISTRICT NO. 3 (UNEXPIRED TERM)",DEM,12,12,7,"DONALD MATHIS",DEM,0,12,123,135,,
10/8/2013,"PITTSBURG","PITTSBURG COUNTY",22611,"FOR COUNTY COMMISSIONER DISTRICT NO. 3 (UNEXPIRED TERM)",REP,12,12,1,"W. GREG McNALL",REP,1,2,45,48,,
10/8/2013,"PITTSBURG","PITTSBURG COUNTY",22611,"FOR COUNTY COMMISSIONER DISTRICT NO. 3 (UNEXPIRED TERM)",REP,12,12,2,"MILES CATHEY",REP,0,5,66,71,,
10/8/2013,"POTTAWATOMIE","MCLOUD PUBLIC SCHOOLS",56301,"PROPOSITION  MCLOUD PUBLIC SCHOOLS",,2,2,1,"FOR THE PROPOSITION - YES",,2,0,43,45,,
10/8/2013,"POTTAWATOMIE","MCLOUD PUBLIC SCHOOLS",56301,"PROPOSITION  MCLOUD PUBLIC SCHOOLS",,2,2,2,"AGAINST THE PROPOSITION - NO",,1,3,32,36,,
10/8/2013,"ROGERS","CHOUTEAU-MAZIE PUBLIC SCHOOLS",54901,"PROPOSITION  CHOUTEAU-MAZIE PUBLIC SCHOOLS",,1,1,1,"FOR THE PROPOSITION - YES",,0,0,2,2,,
10/8/2013,"ROGERS","CHOUTEAU-MAZIE PUBLIC SCHOOLS",54901,"PROPOSITION  CHOUTEAU-MAZIE PUBLIC SCHOOLS",,1,1,2,"AGAINST THE PROPOSITION - NO",,0,0,5,5,,
10/8/2013,"ROGERS","COLLINSVILLE PUBLIC SCHOOLS",57201,"PROPOSITION  COLLINSVILLE PUBLIC SCHOOLS",,2,2,1,"FOR THE PROPOSITION - YES",,5,0,80,85,,
10/8/2013,"ROGERS","COLLINSVILLE PUBLIC SCHOOLS",57201,"PROPOSITION  COLLINSVILLE PUBLIC SCHOOLS",,2,2,2,"AGAINST THE PROPOSITION - NO",,7,0,4,11,,
10/8/2013,"SEQUOYAH","GORE PUBLIC SCHOOLS",56801,"PROPOSITION NO. 1  GORE PUBLIC SCHOOLS",,5,5,1,"FOR THE PROPOSITION - YES",,1,2,199,202,,
10/8/2013,"SEQUOYAH","GORE PUBLIC SCHOOLS",56801,"PROPOSITION NO. 1  GORE PUBLIC SCHOOLS",,5,5,2,"AGAINST THE PROPOSITION - NO",,0,1,66,67,,
10/8/2013,"SEQUOYAH","GORE PUBLIC SCHOOLS",56802,"PROPOSITION NO. 2  GORE PUBLIC SCHOOLS",,5,5,1,"FOR THE PROPOSITION - YES",,1,2,202,205,,
10/8/2013,"SEQUOYAH","GORE PUBLIC SCHOOLS",56802,"PROPOSITION NO. 2  GORE PUBLIC SCHOOLS",,5,5,2,"AGAINST THE PROPOSITION - NO",,0,1,66,67,,
10/8/2013,"SEQUOYAH","VIAN PUBLIC SCHOOLS",56803,"FOR INDEPENDENT SCHOOL BOARD MEMBER OFFICE NO. 3 (UNEXPIRED TERM)  VIAN PUBLIC SCHOOLS",,8,8,1,"SHERRY PICKLE",,0,3,95,98,,
10/8/2013,"SEQUOYAH","VIAN PUBLIC SCHOOLS",56803,"FOR INDEPENDENT SCHOOL BOARD MEMBER OFFICE NO. 3 (UNEXPIRED TERM)  VIAN PUBLIC SCHOOLS",,8,8,2,"ED BARTON",,2,5,178,185,,
10/8/2013,"TEXAS","TURPIN PUBLIC SCHOOLS",50401,"PROPOSITION  TURPIN PUBLIC SCHOOLS",,2,2,1,"FOR THE PROPOSITION - YES",,0,0,9,9,,
10/8/2013,"TEXAS","TURPIN PUBLIC SCHOOLS",50401,"PROPOSITION  TURPIN PUBLIC SCHOOLS",,2,2,2,"AGAINST THE PROPOSITION - NO",,7,0,10,17,,
10/8/2013,"TILLMAN","CITY OF FREDERICK",47101,"PROPOSITION  CITY OF FREDERICK",,4,4,1,"FOR THE PROPOSITION - YES",,3,36,149,188,,
10/8/2013,"TILLMAN","CITY OF FREDERICK",47101,"PROPOSITION  CITY OF FREDERICK",,4,4,2,"AGAINST THE PROPOSITION - NO",,0,7,20,27,,
10/8/2013,"TULSA","CITY OF GLENPOOL",47201,"PROPOSITION  CITY OF GLENPOOL",,5,5,1,"FOR THE PROPOSITION - YES",,8,3,491,502,,
10/8/2013,"TULSA","CITY OF GLENPOOL",47201,"PROPOSITION  CITY OF GLENPOOL",,5,5,2,"AGAINST THE PROPOSITION - NO",,6,0,511,517,,
10/8/2013,"TULSA","CITY OF JENKS",47202,"PROPOSITION NO. 1  CITY OF JENKS",,6,6,1,"FOR THE PROPOSITION - YES",,32,3,739,774,,
10/8/2013,"TULSA","CITY OF JENKS",47202,"PROPOSITION NO. 1  CITY OF JENKS",,6,6,2,"AGAINST THE PROPOSITION - NO",,23,1,290,314,,
10/8/2013,"TULSA","CITY OF JENKS",47203,"PROPOSITION NO. 2  CITY OF JENKS",,6,6,1,"FOR THE PROPOSITION - YES",,31,3,765,799,,
10/8/2013,"TULSA","CITY OF JENKS",47203,"PROPOSITION NO. 2  CITY OF JENKS",,6,6,2,"AGAINST THE PROPOSITION - NO",,23,1,269,293,,
10/8/2013,"TULSA","COLLINSVILLE PUBLIC SCHOOLS",57201,"PROPOSITION  COLLINSVILLE PUBLIC SCHOOLS",,6,6,1,"FOR THE PROPOSITION - YES",,15,1,733,749,,
10/8/2013,"TULSA","COLLINSVILLE PUBLIC SCHOOLS",57201,"PROPOSITION  COLLINSVILLE PUBLIC SCHOOLS",,6,6,2,"AGAINST THE PROPOSITION - NO",,10,0,134,144,,
10/8/2013,"WAGONER","CHOUTEAU-MAZIE PUBLIC SCHOOLS",54901,"PROPOSITION  CHOUTEAU-MAZIE PUBLIC SCHOOLS",,1,1,1,"FOR THE PROPOSITION - YES",,3,0,35,38,,
10/8/2013,"WAGONER","CHOUTEAU-MAZIE PUBLIC SCHOOLS",54901,"PROPOSITION  CHOUTEAU-MAZIE PUBLIC SCHOOLS",,1,1,2,"AGAINST THE PROPOSITION - NO",,0,0,2,2,,
10/8/2013,"WASHINGTON","COLLINSVILLE PUBLIC SCHOOLS",57201,"PROPOSITION  COLLINSVILLE PUBLIC SCHOOLS",,1,1,1,"FOR THE PROPOSITION - YES",,0,0,4,4,,
10/8/2013,"WASHINGTON","COLLINSVILLE PUBLIC SCHOOLS",57201,"PROPOSITION  COLLINSVILLE PUBLIC SCHOOLS",,1,1,2,"AGAINST THE PROPOSITION - NO",,0,0,1,1,,
10/8/2013,"WOODWARD","WOODWARD PUBLIC SCHOOLS",57701,"PROPOSITION NO. 1  WOODWARD PUBLIC SCHOOLS",,10,10,1,"FOR THE PROPOSITION - YES",,12,89,855,956,,
10/8/2013,"WOODWARD","WOODWARD PUBLIC SCHOOLS",57701,"PROPOSITION NO. 1  WOODWARD PUBLIC SCHOOLS",,10,10,2,"AGAINST THE PROPOSITION - NO",,9,28,200,237,,
10/8/2013,"WOODWARD","WOODWARD PUBLIC SCHOOLS",57702,"PROPOSITION NO. 2  WOODWARD PUBLIC SCHOOLS",,10,10,1,"FOR THE PROPOSITION - YES",,13,95,868,976,,
10/8/2013,"WOODWARD","WOODWARD PUBLIC SCHOOLS",57702,"PROPOSITION NO. 2  WOODWARD PUBLIC SCHOOLS",,10,10,2,"AGAINST THE PROPOSITION - NO",,10,21,193,224,,
