elec_date,county,entity_description,race_number,race_description,race_party,tot_race_prec,race_prec_reporting,cand_number,cand_name,cand_party,cand_absmail_votes,cand_early_votes,cand_elecday_votes,cand_tot_votes,race_county_owner
6/8/2021,"CREEK","TULSA PUBLIC SCHOOLS INDEPENDENT SCHOOL DISTRICT NO. 001",57201,"PROPOSITION NO. 1  TULSA PUBLIC SCHOOLS",,3,3,1,"FOR THE PROPOSITION - YES",,0,0,0,0,,
6/8/2021,"CREEK","TULSA PUBLIC SCHOOLS INDEPENDENT SCHOOL DISTRICT NO. 001",57201,"PROPOSITION NO. 1  TULSA PUBLIC SCHOOLS",,3,3,2,"AGAINST THE PROPOSITION - NO",,0,0,0,0,,
6/8/2021,"CREEK","TULSA PUBLIC SCHOOLS INDEPENDENT SCHOOL DISTRICT NO. 001",57202,"PROPOSITION NO. 2  TULSA PUBLIC SCHOOLS",,3,3,1,"FOR THE PROPOSITION - YES",,0,0,0,0,,
6/8/2021,"CREEK","TULSA PUBLIC SCHOOLS INDEPENDENT SCHOOL DISTRICT NO. 001",57202,"PROPOSITION NO. 2  TULSA PUBLIC SCHOOLS",,3,3,2,"AGAINST THE PROPOSITION - NO",,0,0,0,0,,
6/8/2021,"CREEK","TULSA PUBLIC SCHOOLS INDEPENDENT SCHOOL DISTRICT NO. 001",57203,"PROPOSITION NO. 3  TULSA PUBLIC SCHOOLS",,3,3,1,"FOR THE PROPOSITION - YES",,0,0,0,0,,
6/8/2021,"CREEK","TULSA PUBLIC SCHOOLS INDEPENDENT SCHOOL DISTRICT NO. 001",57203,"PROPOSITION NO. 3  TULSA PUBLIC SCHOOLS",,3,3,2,"AGAINST THE PROPOSITION - NO",,0,0,0,0,,
6/8/2021,"CREEK","TULSA PUBLIC SCHOOLS INDEPENDENT SCHOOL DISTRICT NO. 001",57204,"PROPOSITION NO. 4  TULSA PUBLIC SCHOOLS",,3,3,1,"FOR THE PROPOSITION - YES",,0,0,0,0,,
6/8/2021,"CREEK","TULSA PUBLIC SCHOOLS INDEPENDENT SCHOOL DISTRICT NO. 001",57204,"PROPOSITION NO. 4  TULSA PUBLIC SCHOOLS",,3,3,2,"AGAINST THE PROPOSITION - NO",,0,0,0,0,,
6/8/2021,"GARFIELD","TOWN OF LAHOMA",42401,"PROPOSITION  TOWN OF LAHOMA",,1,1,1,"FOR THE PROPOSITION - YES",,2,0,25,27,,
6/8/2021,"GARFIELD","TOWN OF LAHOMA",42401,"PROPOSITION  TOWN OF LAHOMA",,1,1,2,"AGAINST THE PROPOSITION - NO",,0,0,0,0,,
6/8/2021,"GREER","NAVAJO PUBLIC SCHOOLS INDEPENDENT SCHOOL DISTRICT NO. 001",53301,"PROPOSITION  NAVAJO PUBLIC SCHOOLS",,1,1,1,"FOR THE PROPOSITION - YES",,0,0,0,0,,
6/8/2021,"GREER","NAVAJO PUBLIC SCHOOLS INDEPENDENT SCHOOL DISTRICT NO. 001",53301,"PROPOSITION  NAVAJO PUBLIC SCHOOLS",,1,1,2,"AGAINST THE PROPOSITION - NO",,0,0,0,0,,
6/8/2021,"JACKSON","NAVAJO PUBLIC SCHOOLS INDEPENDENT SCHOOL DISTRICT NO. 001",53301,"PROPOSITION  NAVAJO PUBLIC SCHOOLS",,4,4,1,"FOR THE PROPOSITION - YES",,2,9,75,86,,
6/8/2021,"JACKSON","NAVAJO PUBLIC SCHOOLS INDEPENDENT SCHOOL DISTRICT NO. 001",53301,"PROPOSITION  NAVAJO PUBLIC SCHOOLS",,4,4,2,"AGAINST THE PROPOSITION - NO",,4,7,39,50,,
6/8/2021,"MAYES","TOWN OF SPAVINAW",44901,"PROPOSITION  TOWN OF SPAVINAW",,2,2,1,"FOR THE PROPOSITION - YES",,0,0,29,29,,
6/8/2021,"MAYES","TOWN OF SPAVINAW",44901,"PROPOSITION  TOWN OF SPAVINAW",,2,2,2,"AGAINST THE PROPOSITION - NO",,0,0,0,0,,
6/8/2021,"OSAGE","TULSA PUBLIC SCHOOLS INDEPENDENT SCHOOL DISTRICT NO. 001",57201,"PROPOSITION NO. 1  TULSA PUBLIC SCHOOLS",,5,5,1,"FOR THE PROPOSITION - YES",,133,0,290,423,,
6/8/2021,"OSAGE","TULSA PUBLIC SCHOOLS INDEPENDENT SCHOOL DISTRICT NO. 001",57201,"PROPOSITION NO. 1  TULSA PUBLIC SCHOOLS",,5,5,2,"AGAINST THE PROPOSITION - NO",,39,0,54,93,,
6/8/2021,"OSAGE","TULSA PUBLIC SCHOOLS INDEPENDENT SCHOOL DISTRICT NO. 001",57202,"PROPOSITION NO. 2  TULSA PUBLIC SCHOOLS",,5,5,1,"FOR THE PROPOSITION - YES",,140,0,294,434,,
6/8/2021,"OSAGE","TULSA PUBLIC SCHOOLS INDEPENDENT SCHOOL DISTRICT NO. 001",57202,"PROPOSITION NO. 2  TULSA PUBLIC SCHOOLS",,5,5,2,"AGAINST THE PROPOSITION - NO",,32,0,47,79,,
6/8/2021,"OSAGE","TULSA PUBLIC SCHOOLS INDEPENDENT SCHOOL DISTRICT NO. 001",57203,"PROPOSITION NO. 3  TULSA PUBLIC SCHOOLS",,5,5,1,"FOR THE PROPOSITION - YES",,123,0,283,406,,
6/8/2021,"OSAGE","TULSA PUBLIC SCHOOLS INDEPENDENT SCHOOL DISTRICT NO. 001",57203,"PROPOSITION NO. 3  TULSA PUBLIC SCHOOLS",,5,5,2,"AGAINST THE PROPOSITION - NO",,45,0,58,103,,
6/8/2021,"OSAGE","TULSA PUBLIC SCHOOLS INDEPENDENT SCHOOL DISTRICT NO. 001",57204,"PROPOSITION NO. 4  TULSA PUBLIC SCHOOLS",,5,5,1,"FOR THE PROPOSITION - YES",,138,0,298,436,,
6/8/2021,"OSAGE","TULSA PUBLIC SCHOOLS INDEPENDENT SCHOOL DISTRICT NO. 001",57204,"PROPOSITION NO. 4  TULSA PUBLIC SCHOOLS",,5,5,2,"AGAINST THE PROPOSITION - NO",,33,0,44,77,,
6/8/2021,"TULSA","TULSA PUBLIC SCHOOLS INDEPENDENT SCHOOL DISTRICT NO. 001",57201,"PROPOSITION NO. 1  TULSA PUBLIC SCHOOLS",,139,139,1,"FOR THE PROPOSITION - YES",,2295,226,9812,12333,,
6/8/2021,"TULSA","TULSA PUBLIC SCHOOLS INDEPENDENT SCHOOL DISTRICT NO. 001",57201,"PROPOSITION NO. 1  TULSA PUBLIC SCHOOLS",,139,139,2,"AGAINST THE PROPOSITION - NO",,640,37,4100,4777,,
6/8/2021,"TULSA","TULSA PUBLIC SCHOOLS INDEPENDENT SCHOOL DISTRICT NO. 001",57202,"PROPOSITION NO. 2  TULSA PUBLIC SCHOOLS",,139,139,1,"FOR THE PROPOSITION - YES",,2314,227,9799,12340,,
6/8/2021,"TULSA","TULSA PUBLIC SCHOOLS INDEPENDENT SCHOOL DISTRICT NO. 001",57202,"PROPOSITION NO. 2  TULSA PUBLIC SCHOOLS",,139,139,2,"AGAINST THE PROPOSITION - NO",,614,36,4082,4732,,
6/8/2021,"TULSA","TULSA PUBLIC SCHOOLS INDEPENDENT SCHOOL DISTRICT NO. 001",57203,"PROPOSITION NO. 3  TULSA PUBLIC SCHOOLS",,139,139,1,"FOR THE PROPOSITION - YES",,2246,225,9637,12108,,
6/8/2021,"TULSA","TULSA PUBLIC SCHOOLS INDEPENDENT SCHOOL DISTRICT NO. 001",57203,"PROPOSITION NO. 3  TULSA PUBLIC SCHOOLS",,139,139,2,"AGAINST THE PROPOSITION - NO",,660,37,4152,4849,,
6/8/2021,"TULSA","TULSA PUBLIC SCHOOLS INDEPENDENT SCHOOL DISTRICT NO. 001",57204,"PROPOSITION NO. 4  TULSA PUBLIC SCHOOLS",,139,139,1,"FOR THE PROPOSITION - YES",,2333,230,9863,12426,,
6/8/2021,"TULSA","TULSA PUBLIC SCHOOLS INDEPENDENT SCHOOL DISTRICT NO. 001",57204,"PROPOSITION NO. 4  TULSA PUBLIC SCHOOLS",,139,139,2,"AGAINST THE PROPOSITION - NO",,601,35,4050,4686,,
6/8/2021,"WAGONER","TULSA PUBLIC SCHOOLS INDEPENDENT SCHOOL DISTRICT NO. 001",57201,"PROPOSITION NO. 1  TULSA PUBLIC SCHOOLS",,1,1,1,"FOR THE PROPOSITION - YES",,0,0,0,0,,
6/8/2021,"WAGONER","TULSA PUBLIC SCHOOLS INDEPENDENT SCHOOL DISTRICT NO. 001",57201,"PROPOSITION NO. 1  TULSA PUBLIC SCHOOLS",,1,1,2,"AGAINST THE PROPOSITION - NO",,0,0,4,4,,
6/8/2021,"WAGONER","TULSA PUBLIC SCHOOLS INDEPENDENT SCHOOL DISTRICT NO. 001",57202,"PROPOSITION NO. 2  TULSA PUBLIC SCHOOLS",,1,1,1,"FOR THE PROPOSITION - YES",,0,0,0,0,,
6/8/2021,"WAGONER","TULSA PUBLIC SCHOOLS INDEPENDENT SCHOOL DISTRICT NO. 001",57202,"PROPOSITION NO. 2  TULSA PUBLIC SCHOOLS",,1,1,2,"AGAINST THE PROPOSITION - NO",,0,0,4,4,,
6/8/2021,"WAGONER","TULSA PUBLIC SCHOOLS INDEPENDENT SCHOOL DISTRICT NO. 001",57203,"PROPOSITION NO. 3  TULSA PUBLIC SCHOOLS",,1,1,1,"FOR THE PROPOSITION - YES",,0,0,0,0,,
6/8/2021,"WAGONER","TULSA PUBLIC SCHOOLS INDEPENDENT SCHOOL DISTRICT NO. 001",57203,"PROPOSITION NO. 3  TULSA PUBLIC SCHOOLS",,1,1,2,"AGAINST THE PROPOSITION - NO",,0,0,4,4,,
6/8/2021,"WAGONER","TULSA PUBLIC SCHOOLS INDEPENDENT SCHOOL DISTRICT NO. 001",57204,"PROPOSITION NO. 4  TULSA PUBLIC SCHOOLS",,1,1,1,"FOR THE PROPOSITION - YES",,0,0,0,0,,
6/8/2021,"WAGONER","TULSA PUBLIC SCHOOLS INDEPENDENT SCHOOL DISTRICT NO. 001",57204,"PROPOSITION NO. 4  TULSA PUBLIC SCHOOLS",,1,1,2,"AGAINST THE PROPOSITION - NO",,0,0,4,4,,
