elec_date,county,entity_description,race_number,race_description,race_party,tot_race_prec,race_prec_reporting,cand_number,cand_name,cand_party,cand_absmail_votes,cand_early_votes,cand_elecday_votes,cand_tot_votes,race_county_owner
3/4/2014,"ALFALFA","CHEROKEE PUBLIC SCHOOLS",50201,"PROPOSITION  CHEROKEE PUBLIC SCHOOLS",,4,4,1,"FOR THE PROPOSITION - YES",,5,26,277,308,,
3/4/2014,"ALFALFA","CHEROKEE PUBLIC SCHOOLS",50201,"PROPOSITION  CHEROKEE PUBLIC SCHOOLS",,4,4,2,"AGAINST THE PROPOSITION - NO",,5,10,88,103,,
3/4/2014,"ATOKA","COALGATE PUBLIC SCHOOLS",51501,"PROPOSITION  COALGATE PUBLIC SCHOOLS",,2,2,1,"FOR THE PROPOSITION - YES",,3,0,5,8,,
3/4/2014,"ATOKA","COALGATE PUBLIC SCHOOLS",51501,"PROPOSITION  COALGATE PUBLIC SCHOOLS",,2,2,2,"AGAINST THE PROPOSITION - NO",,0,0,1,1,,
3/4/2014,"CANADIAN","CITY OF YUKON",40901,"FOR COUNCILMEMBER WARD 1  CITY OF YUKON",,3,3,1,"RICHARD RUSSELL",,14,0,157,171,,
3/4/2014,"CANADIAN","CITY OF YUKON",40901,"FOR COUNCILMEMBER WARD 1  CITY OF YUKON",,3,3,2,"NICK M. GRBA",,8,0,83,91,,
3/4/2014,"CANADIAN","CITY OF YUKON",40902,"FOR COUNCILMEMBER WARD 2  CITY OF YUKON",,3,3,1,"DAYTON BETTS",,6,0,131,137,,
3/4/2014,"CANADIAN","CITY OF YUKON",40902,"FOR COUNCILMEMBER WARD 2  CITY OF YUKON",,3,3,2,"JOHN ALBERTS",,9,3,269,281,,
3/4/2014,"CANADIAN","CITY OF YUKON",40902,"FOR COUNCILMEMBER WARD 2  CITY OF YUKON",,3,3,3,"WARD LARSON",,7,3,89,99,,
3/4/2014,"CANADIAN","CITY OF OKLAHOMA CITY",45501,"FOR MAYOR  CITY OF OKLAHOMA CITY",,22,22,1,"ED SHADID",,22,4,653,679,,
3/4/2014,"CANADIAN","CITY OF OKLAHOMA CITY",45501,"FOR MAYOR  CITY OF OKLAHOMA CITY",,22,22,2,"PHIL HUGHES",,4,2,22,28,,
3/4/2014,"CANADIAN","CITY OF OKLAHOMA CITY",45501,"FOR MAYOR  CITY OF OKLAHOMA CITY",,22,22,3,"JOE SARGE NELSON",,1,0,35,36,,
3/4/2014,"CANADIAN","CITY OF OKLAHOMA CITY",45501,"FOR MAYOR  CITY OF OKLAHOMA CITY",,22,22,4,"MICK CORNETT",,108,18,1863,1989,,
3/4/2014,"CANADIAN","DEER CREEK PUBLIC SCHOOLS",55501,"PROPOSITION NO. 1  DEER CREEK PUBLIC SCHOOLS",,1,1,1,"FOR THE PROPOSITION - YES",,0,0,0,0,,
3/4/2014,"CANADIAN","DEER CREEK PUBLIC SCHOOLS",55501,"PROPOSITION NO. 1  DEER CREEK PUBLIC SCHOOLS",,1,1,2,"AGAINST THE PROPOSITION - NO",,0,0,0,0,,
3/4/2014,"CANADIAN","DEER CREEK PUBLIC SCHOOLS",55502,"PROPOSITION NO. 2  DEER CREEK PUBLIC SCHOOLS",,1,1,1,"FOR THE PROPOSITION - YES",,0,0,0,0,,
3/4/2014,"CANADIAN","DEER CREEK PUBLIC SCHOOLS",55502,"PROPOSITION NO. 2  DEER CREEK PUBLIC SCHOOLS",,1,1,2,"AGAINST THE PROPOSITION - NO",,0,0,0,0,,
3/4/2014,"CARTER","CITY OF ARDMORE",41001,"FOR COMMISSIONER AT LARGE  CITY OF ARDMORE",,13,13,1,"DOUG PFAU",,48,21,470,539,,
3/4/2014,"CARTER","CITY OF ARDMORE",41001,"FOR COMMISSIONER AT LARGE  CITY OF ARDMORE",,13,13,2,"DARRELL MINK",,20,14,341,375,,
3/4/2014,"CHEROKEE","TOWN OF HULBERT",41101,"PROPOSITION  TOWN OF HULBERT",,2,2,1,"FOR THE PROPOSITION - YES",,0,0,25,25,,
3/4/2014,"CHEROKEE","TOWN OF HULBERT",41101,"PROPOSITION  TOWN OF HULBERT",,2,2,2,"AGAINST THE PROPOSITION - NO",,0,2,9,11,,
3/4/2014,"CHOCTAW","VALLIANT PUBLIC SCHOOLS",54502,"PROPOSITION NO. 1  VALLIANT PUBLIC SCHOOLS",,1,1,1,"FOR THE PROPOSITION - YES",,0,0,0,0,,
3/4/2014,"CHOCTAW","VALLIANT PUBLIC SCHOOLS",54502,"PROPOSITION NO. 1  VALLIANT PUBLIC SCHOOLS",,1,1,2,"AGAINST THE PROPOSITION - NO",,0,0,0,0,,
3/4/2014,"CHOCTAW","VALLIANT PUBLIC SCHOOLS",54503,"PROPOSITION NO. 2  VALLIANT PUBLIC SCHOOLS",,1,1,1,"FOR THE PROPOSITION - YES",,0,0,0,0,,
3/4/2014,"CHOCTAW","VALLIANT PUBLIC SCHOOLS",54503,"PROPOSITION NO. 2  VALLIANT PUBLIC SCHOOLS",,1,1,2,"AGAINST THE PROPOSITION - NO",,0,0,0,0,,
3/4/2014,"CLEVELAND","CITY OF OKLAHOMA CITY",45501,"FOR MAYOR  CITY OF OKLAHOMA CITY",,26,26,1,"ED SHADID",,52,11,1364,1427,,
3/4/2014,"CLEVELAND","CITY OF OKLAHOMA CITY",45501,"FOR MAYOR  CITY OF OKLAHOMA CITY",,26,26,2,"PHIL HUGHES",,4,0,36,40,,
3/4/2014,"CLEVELAND","CITY OF OKLAHOMA CITY",45501,"FOR MAYOR  CITY OF OKLAHOMA CITY",,26,26,3,"JOE SARGE NELSON",,4,1,43,48,,
3/4/2014,"CLEVELAND","CITY OF OKLAHOMA CITY",45501,"FOR MAYOR  CITY OF OKLAHOMA CITY",,26,26,4,"MICK CORNETT",,301,21,3684,4006,,
3/4/2014,"COAL","COALGATE PUBLIC SCHOOLS",51501,"PROPOSITION  COALGATE PUBLIC SCHOOLS",,8,8,1,"FOR THE PROPOSITION - YES",,19,58,185,262,,
3/4/2014,"COAL","COALGATE PUBLIC SCHOOLS",51501,"PROPOSITION  COALGATE PUBLIC SCHOOLS",,8,8,2,"AGAINST THE PROPOSITION - NO",,8,88,403,499,,
3/4/2014,"COAL","ALLEN PUBLIC SCHOOLS",56201,"PROPOSITION NO.1  ALLEN PUBLIC SCHOOLS",,1,1,1,"FOR THE PROPOSITION - YES",,0,0,0,0,,
3/4/2014,"COAL","ALLEN PUBLIC SCHOOLS",56201,"PROPOSITION NO.1  ALLEN PUBLIC SCHOOLS",,1,1,2,"AGAINST THE PROPOSITION - NO",,0,0,2,2,,
3/4/2014,"COAL","ALLEN PUBLIC SCHOOLS",56202,"PROPOSITION NO. 2  ALLEN PUBLIC SCHOOLS",,1,1,1,"FOR THE PROPOSITION - YES",,0,0,0,0,,
3/4/2014,"COAL","ALLEN PUBLIC SCHOOLS",56202,"PROPOSITION NO. 2  ALLEN PUBLIC SCHOOLS",,1,1,2,"AGAINST THE PROPOSITION - NO",,0,0,2,2,,
3/4/2014,"CRAIG","KETCHUM PUBLIC SCHOOLS",51801,"PROPOSITION  KETCHUM PUBLIC SCHOOLS",,1,1,1,"FOR THE PROPOSITION - YES",,1,0,34,35,,
3/4/2014,"CRAIG","KETCHUM PUBLIC SCHOOLS",51801,"PROPOSITION  KETCHUM PUBLIC SCHOOLS",,1,1,2,"AGAINST THE PROPOSITION - NO",,0,0,14,14,,
3/4/2014,"CRAIG","AFTON PUBLIC SCHOOLS",55801,"PROPOSITION  AFTON PUBLIC SCHOOLS",,1,1,1,"FOR THE PROPOSITION - YES",,0,0,0,0,,
3/4/2014,"CRAIG","AFTON PUBLIC SCHOOLS",55801,"PROPOSITION  AFTON PUBLIC SCHOOLS",,1,1,2,"AGAINST THE PROPOSITION - NO",,0,0,32,32,,
3/4/2014,"CUSTER","LEEDEY PUBLIC SCHOOLS",56501,"PROPOSITION  LEEDEY PUBLIC SCHOOLS",,1,1,1,"FOR THE PROPOSITION - YES",,0,0,14,14,,
3/4/2014,"CUSTER","LEEDEY PUBLIC SCHOOLS",56501,"PROPOSITION  LEEDEY PUBLIC SCHOOLS",,1,1,2,"AGAINST THE PROPOSITION - NO",,0,0,5,5,,
3/4/2014,"DELAWARE","KETCHUM PUBLIC SCHOOLS",51801,"PROPOSITION  KETCHUM PUBLIC SCHOOLS",,1,1,1,"FOR THE PROPOSITION - YES",,2,0,15,17,,
3/4/2014,"DELAWARE","KETCHUM PUBLIC SCHOOLS",51801,"PROPOSITION  KETCHUM PUBLIC SCHOOLS",,1,1,2,"AGAINST THE PROPOSITION - NO",,0,0,0,0,,
3/4/2014,"DELAWARE","AFTON PUBLIC SCHOOLS",55801,"PROPOSITION  AFTON PUBLIC SCHOOLS",,2,2,1,"FOR THE PROPOSITION - YES",,0,0,9,9,,
3/4/2014,"DELAWARE","AFTON PUBLIC SCHOOLS",55801,"PROPOSITION  AFTON PUBLIC SCHOOLS",,2,2,2,"AGAINST THE PROPOSITION - NO",,0,0,30,30,,
3/4/2014,"DEWEY","LEEDEY PUBLIC SCHOOLS",56501,"PROPOSITION  LEEDEY PUBLIC SCHOOLS",,3,3,1,"FOR THE PROPOSITION - YES",,1,0,157,158,,
3/4/2014,"DEWEY","LEEDEY PUBLIC SCHOOLS",56501,"PROPOSITION  LEEDEY PUBLIC SCHOOLS",,3,3,2,"AGAINST THE PROPOSITION - NO",,2,0,41,43,,
3/4/2014,"GARVIN","GARVIN COUNTY",30003,"PROPOSITION",,17,17,1,"FOR THE PROPOSITION - YES",,48,104,955,1107,,
3/4/2014,"GARVIN","GARVIN COUNTY",30003,"PROPOSITION",,17,17,2,"AGAINST THE PROPOSITION - NO",,19,40,377,436,,
3/4/2014,"GARVIN","CITY OF PAULS VALLEY",42502,"PROPOSITION  CITY OF PAULS VALLEY",,5,5,1,"FOR THE PROPOSITION - YES",,27,61,502,590,,
3/4/2014,"GARVIN","CITY OF PAULS VALLEY",42502,"PROPOSITION  CITY OF PAULS VALLEY",,5,5,2,"AGAINST THE PROPOSITION - NO",,4,19,91,114,,
3/4/2014,"GRADY","CITY OF CHICKASHA",42602,"FOR COUNCILMEMBER WARD 1 POSITION 2  CITY OF CHICKASHA",,10,10,1,"CHRISTOPHER FERGUSON",,19,26,392,437,,
3/4/2014,"GRADY","CITY OF CHICKASHA",42602,"FOR COUNCILMEMBER WARD 1 POSITION 2  CITY OF CHICKASHA",,10,10,2,"GARY KUYKENDALL",,5,6,113,124,,
3/4/2014,"GRADY","CITY OF CHICKASHA",42604,"FOR COUNCILMEMBER WARD 4 POSITION 2  CITY OF CHICKASHA",,10,10,1,"HOWARD W. CARPENTER",,17,30,389,436,,
3/4/2014,"GRADY","CITY OF CHICKASHA",42604,"FOR COUNCILMEMBER WARD 4 POSITION 2  CITY OF CHICKASHA",,10,10,2,"CHARLIE HELM",,7,2,100,109,,
3/4/2014,"GRADY","NINNEKAH PUBLIC SCHOOLS",52601,"PROPOSITION NO. 1  NINNEKAH PUBLIC SCHOOLS",,8,8,1,"FOR THE PROPOSITION - YES",,4,20,83,107,,
3/4/2014,"GRADY","NINNEKAH PUBLIC SCHOOLS",52601,"PROPOSITION NO. 1  NINNEKAH PUBLIC SCHOOLS",,8,8,2,"AGAINST THE PROPOSITION - NO",,7,6,50,63,,
3/4/2014,"GRADY","NINNEKAH PUBLIC SCHOOLS",52602,"PROPOSITION NO. 2  NINNEKAH PUBLIC SCHOOLS",,8,8,1,"FOR THE PROPOSITION - YES",,6,17,96,119,,
3/4/2014,"GRADY","NINNEKAH PUBLIC SCHOOLS",52602,"PROPOSITION NO. 2  NINNEKAH PUBLIC SCHOOLS",,8,8,2,"AGAINST THE PROPOSITION - NO",,5,8,37,50,,
3/4/2014,"GRADY","RUSH SPRINGS PUBLIC SCHOOLS",52603,"PROPOSITION  RUSH SPRINGS PUBLIC SCHOOLS",,5,5,1,"FOR THE PROPOSITION - YES",,4,7,230,241,,
3/4/2014,"GRADY","RUSH SPRINGS PUBLIC SCHOOLS",52603,"PROPOSITION  RUSH SPRINGS PUBLIC SCHOOLS",,5,5,2,"AGAINST THE PROPOSITION - NO",,4,2,190,196,,
3/4/2014,"HUGHES","ALLEN PUBLIC SCHOOLS",56201,"PROPOSITION NO.1  ALLEN PUBLIC SCHOOLS",,3,3,1,"FOR THE PROPOSITION - YES",,0,0,73,73,,
3/4/2014,"HUGHES","ALLEN PUBLIC SCHOOLS",56201,"PROPOSITION NO.1  ALLEN PUBLIC SCHOOLS",,3,3,2,"AGAINST THE PROPOSITION - NO",,0,0,1,1,,
3/4/2014,"HUGHES","ALLEN PUBLIC SCHOOLS",56202,"PROPOSITION NO. 2  ALLEN PUBLIC SCHOOLS",,3,3,1,"FOR THE PROPOSITION - YES",,0,0,74,74,,
3/4/2014,"HUGHES","ALLEN PUBLIC SCHOOLS",56202,"PROPOSITION NO. 2  ALLEN PUBLIC SCHOOLS",,3,3,2,"AGAINST THE PROPOSITION - NO",,0,0,2,2,,
3/4/2014,"JACKSON","JACKSON COUNTY",20331,"FOR COUNTY COMMISSIONER DISTRICT NO. 2 (UNEXPIRED TERM)",,5,5,1,"ROBERT G. BOB TUCKER",DEM,2,16,147,165,,
3/4/2014,"JACKSON","JACKSON COUNTY",20331,"FOR COUNTY COMMISSIONER DISTRICT NO. 2 (UNEXPIRED TERM)",,5,5,2,"KIRK BUTLER",REP,3,19,189,211,,
3/4/2014,"KAY","CITY OF BLACKWELL",43601,"FOR MAYOR  CITY OF BLACKWELL",,3,3,1,"JOHN MARK CORDELL",,2,3,339,344,,
3/4/2014,"KAY","CITY OF BLACKWELL",43601,"FOR MAYOR  CITY OF BLACKWELL",,3,3,2,"MAX WIRTZ",,6,4,801,811,,
3/4/2014,"KAY","CITY OF BLACKWELL",43601,"FOR MAYOR  CITY OF BLACKWELL",,3,3,3,"MONTE MOYER",,0,1,65,66,,
3/4/2014,"KAY","CITY OF BLACKWELL",43601,"FOR MAYOR  CITY OF BLACKWELL",,3,3,4,"SHAWN L WILSON",,0,0,22,22,,
3/4/2014,"KAY","CITY OF NEWKIRK",43602,"FOR COMMISSIONER NO. 1  CITY OF NEWKIRK",,1,1,1,"KIRK BROWN",,2,25,151,178,,
3/4/2014,"KAY","CITY OF NEWKIRK",43602,"FOR COMMISSIONER NO. 1  CITY OF NEWKIRK",,1,1,2,"JOHN W. HOBBS",,2,3,53,58,,
3/4/2014,"LATIMER","PANOLA PUBLIC SCHOOLS",53901,"PROPOSITION  PANOLA PUBLIC SCHOOLS",,6,6,1,"FOR THE PROPOSITION - YES",,0,18,83,101,,
3/4/2014,"LATIMER","PANOLA PUBLIC SCHOOLS",53901,"PROPOSITION  PANOLA PUBLIC SCHOOLS",,6,6,2,"AGAINST THE PROPOSITION - NO",,0,3,29,32,,
3/4/2014,"LATIMER","LEFLORE PUBLIC SCHOOLS",54001,"PROPOSITION  LEFLORE PUBLIC SCHOOLS",,3,3,1,"FOR THE PROPOSITION - YES",,0,0,26,26,,
3/4/2014,"LATIMER","LEFLORE PUBLIC SCHOOLS",54001,"PROPOSITION  LEFLORE PUBLIC SCHOOLS",,3,3,2,"AGAINST THE PROPOSITION - NO",,0,0,6,6,,
3/4/2014,"LEFLORE","LEFLORE PUBLIC SCHOOLS",54001,"PROPOSITION  LEFLORE PUBLIC SCHOOLS",,5,5,1,"FOR THE PROPOSITION - YES",,1,2,95,98,,
3/4/2014,"LEFLORE","LEFLORE PUBLIC SCHOOLS",54001,"PROPOSITION  LEFLORE PUBLIC SCHOOLS",,5,5,2,"AGAINST THE PROPOSITION - NO",,0,0,9,9,,
3/4/2014,"LOGAN","DEER CREEK PUBLIC SCHOOLS",55501,"PROPOSITION NO. 1  DEER CREEK PUBLIC SCHOOLS",,3,3,1,"FOR THE PROPOSITION - YES",,5,2,57,64,,
3/4/2014,"LOGAN","DEER CREEK PUBLIC SCHOOLS",55501,"PROPOSITION NO. 1  DEER CREEK PUBLIC SCHOOLS",,3,3,2,"AGAINST THE PROPOSITION - NO",,12,0,16,28,,
3/4/2014,"LOGAN","DEER CREEK PUBLIC SCHOOLS",55502,"PROPOSITION NO. 2  DEER CREEK PUBLIC SCHOOLS",,3,3,1,"FOR THE PROPOSITION - YES",,5,2,58,65,,
3/4/2014,"LOGAN","DEER CREEK PUBLIC SCHOOLS",55502,"PROPOSITION NO. 2  DEER CREEK PUBLIC SCHOOLS",,3,3,2,"AGAINST THE PROPOSITION - NO",,13,0,15,28,,
3/4/2014,"LOVE","MARIETTA PUBLIC SCHOOLS",54301,"PROPOSITION  MARIETTA PUBLIC SCHOOLS",,5,5,1,"FOR THE PROPOSITION - YES",,3,10,242,255,,
3/4/2014,"LOVE","MARIETTA PUBLIC SCHOOLS",54301,"PROPOSITION  MARIETTA PUBLIC SCHOOLS",,5,5,2,"AGAINST THE PROPOSITION - NO",,0,3,25,28,,
3/4/2014,"MCCLAIN","WAYNE PUBLIC SCHOOLS",54401,"PROPOSITION  WAYNE PUBLIC SCHOOLS",,8,8,1,"FOR THE PROPOSITION - YES",,8,5,198,211,,
3/4/2014,"MCCLAIN","WAYNE PUBLIC SCHOOLS",54401,"PROPOSITION  WAYNE PUBLIC SCHOOLS",,8,8,2,"AGAINST THE PROPOSITION - NO",,2,3,21,26,,
3/4/2014,"MCCURTAIN","BATTIEST PUBLIC SCHOOLS",54501,"PROPOSITION  BATTIEST PUBLIC SCHOOLS",,5,5,1,"FOR THE PROPOSITION - YES",,5,0,129,134,,
3/4/2014,"MCCURTAIN","BATTIEST PUBLIC SCHOOLS",54501,"PROPOSITION  BATTIEST PUBLIC SCHOOLS",,5,5,2,"AGAINST THE PROPOSITION - NO",,0,0,16,16,,
3/4/2014,"MCCURTAIN","VALLIANT PUBLIC SCHOOLS",54502,"PROPOSITION NO. 1  VALLIANT PUBLIC SCHOOLS",,6,6,1,"FOR THE PROPOSITION - YES",,1,5,323,329,,
3/4/2014,"MCCURTAIN","VALLIANT PUBLIC SCHOOLS",54502,"PROPOSITION NO. 1  VALLIANT PUBLIC SCHOOLS",,6,6,2,"AGAINST THE PROPOSITION - NO",,0,4,160,164,,
3/4/2014,"MCCURTAIN","VALLIANT PUBLIC SCHOOLS",54503,"PROPOSITION NO. 2  VALLIANT PUBLIC SCHOOLS",,6,6,1,"FOR THE PROPOSITION - YES",,1,6,353,360,,
3/4/2014,"MCCURTAIN","VALLIANT PUBLIC SCHOOLS",54503,"PROPOSITION NO. 2  VALLIANT PUBLIC SCHOOLS",,6,6,2,"AGAINST THE PROPOSITION - NO",,0,3,153,156,,
3/4/2014,"MARSHALL","CITY OF MADILL",44801,"PROPOSITION  CITY OF MADILL",,5,5,1,"FOR THE PROPOSITION - YES",,2,3,83,88,,
3/4/2014,"MARSHALL","CITY OF MADILL",44801,"PROPOSITION  CITY OF MADILL",,5,5,2,"AGAINST THE PROPOSITION - NO",,2,1,2,5,,
3/4/2014,"MAYES","KETCHUM PUBLIC SCHOOLS",51801,"PROPOSITION  KETCHUM PUBLIC SCHOOLS",,2,2,1,"FOR THE PROPOSITION - YES",,0,0,52,52,,
3/4/2014,"MAYES","KETCHUM PUBLIC SCHOOLS",51801,"PROPOSITION  KETCHUM PUBLIC SCHOOLS",,2,2,2,"AGAINST THE PROPOSITION - NO",,1,0,12,13,,
3/4/2014,"OKLAHOMA","CITY OF OKLAHOMA CITY",45501,"FOR MAYOR  CITY OF OKLAHOMA CITY",,185,185,1,"ED SHADID",,502,364,12775,13641,,
3/4/2014,"OKLAHOMA","CITY OF OKLAHOMA CITY",45501,"FOR MAYOR  CITY OF OKLAHOMA CITY",,185,185,2,"PHIL HUGHES",,19,3,242,264,,
3/4/2014,"OKLAHOMA","CITY OF OKLAHOMA CITY",45501,"FOR MAYOR  CITY OF OKLAHOMA CITY",,185,185,3,"JOE SARGE NELSON",,18,5,261,284,,
3/4/2014,"OKLAHOMA","CITY OF OKLAHOMA CITY",45501,"FOR MAYOR  CITY OF OKLAHOMA CITY",,185,185,4,"MICK CORNETT",,1541,459,23517,25517,,
3/4/2014,"OKLAHOMA","CITY OF MIDWEST CITY",45502,"FOR COUNCILMEMBER, WARD 1  CITY OF MIDWEST CITY",,4,4,1,"DANIEL MCCLURE",,14,1,189,204,,
3/4/2014,"OKLAHOMA","CITY OF MIDWEST CITY",45502,"FOR COUNCILMEMBER, WARD 1  CITY OF MIDWEST CITY",,4,4,2,"THURSTON DANDRIDGE",,3,0,27,30,,
3/4/2014,"OKLAHOMA","CITY OF MIDWEST CITY",45503,"FOR COUNCILMEMBER, WARD 3  CITY OF MIDWEST CITY",,6,6,1,"ESPANIOLA BOWEN",,1,0,174,175,,
3/4/2014,"OKLAHOMA","CITY OF MIDWEST CITY",45503,"FOR COUNCILMEMBER, WARD 3  CITY OF MIDWEST CITY",,6,6,2,"RICK DAWKINS",,21,2,217,240,,
3/4/2014,"OKLAHOMA","CITY OF MIDWEST CITY",45503,"FOR COUNCILMEMBER, WARD 3  CITY OF MIDWEST CITY",,6,6,3,"CEDRICK FORD",,3,1,23,27,,
3/4/2014,"OKLAHOMA","CITY OF MIDWEST CITY",45504,"FOR COUNCILMEMBER, WARD 5  CITY OF MIDWEST CITY",,6,6,1,"DANIEL N. STANKIEWICZ",,0,0,12,12,,
3/4/2014,"OKLAHOMA","CITY OF MIDWEST CITY",45504,"FOR COUNCILMEMBER, WARD 5  CITY OF MIDWEST CITY",,6,6,2,"CHRISTINE P. ALLEN",,8,1,115,124,,
3/4/2014,"OKLAHOMA","CITY OF MIDWEST CITY",45504,"FOR COUNCILMEMBER, WARD 5  CITY OF MIDWEST CITY",,6,6,3,"WENDELL D. BOUCHER",,4,1,22,27,,
3/4/2014,"OKLAHOMA","DEER CREEK PUBLIC SCHOOLS",55501,"PROPOSITION NO. 1  DEER CREEK PUBLIC SCHOOLS",,15,15,1,"FOR THE PROPOSITION - YES",,61,6,1139,1206,,
3/4/2014,"OKLAHOMA","DEER CREEK PUBLIC SCHOOLS",55501,"PROPOSITION NO. 1  DEER CREEK PUBLIC SCHOOLS",,15,15,2,"AGAINST THE PROPOSITION - NO",,44,3,396,443,,
3/4/2014,"OKLAHOMA","DEER CREEK PUBLIC SCHOOLS",55502,"PROPOSITION NO. 2  DEER CREEK PUBLIC SCHOOLS",,15,15,1,"FOR THE PROPOSITION - YES",,63,6,1140,1209,,
3/4/2014,"OKLAHOMA","DEER CREEK PUBLIC SCHOOLS",55502,"PROPOSITION NO. 2  DEER CREEK PUBLIC SCHOOLS",,15,15,2,"AGAINST THE PROPOSITION - NO",,42,4,401,447,,
3/4/2014,"OKMULGEE","OKMULGEE COUNTY",30002,"PROPOSITION",,29,29,1,"FOR THE PROPOSITION - YES",,48,55,298,401,,
3/4/2014,"OKMULGEE","OKMULGEE COUNTY",30002,"PROPOSITION",,29,29,2,"AGAINST THE PROPOSITION - NO",,24,23,215,262,,
3/4/2014,"OTTAWA","AFTON PUBLIC SCHOOLS",55801,"PROPOSITION  AFTON PUBLIC SCHOOLS",,1,1,1,"FOR THE PROPOSITION - YES",,1,2,71,74,,
3/4/2014,"OTTAWA","AFTON PUBLIC SCHOOLS",55801,"PROPOSITION  AFTON PUBLIC SCHOOLS",,1,1,2,"AGAINST THE PROPOSITION - NO",,2,4,151,157,,
3/4/2014,"OTTAWA","WYANDOTTE PUBLIC SCHOOLS",55802,"PROPOSITION  WYANDOTTE PUBLIC SCHOOLS",,3,3,1,"FOR THE PROPOSITION - YES",,0,2,204,206,,
3/4/2014,"OTTAWA","WYANDOTTE PUBLIC SCHOOLS",55802,"PROPOSITION  WYANDOTTE PUBLIC SCHOOLS",,3,3,2,"AGAINST THE PROPOSITION - NO",,0,0,27,27,,
3/4/2014,"PAYNE","CITY OF STILLWATER",46002,"FOR COUNCIL SEAT 4  CITY OF STILLWATER",,21,21,1,"JAMES MICHAEL GARDNER",,9,9,188,206,,
3/4/2014,"PAYNE","CITY OF STILLWATER",46002,"FOR COUNCIL SEAT 4  CITY OF STILLWATER",,21,21,2,"MIGUEL R. NAJERA",,3,20,262,285,,
3/4/2014,"PAYNE","CITY OF STILLWATER",46002,"FOR COUNCIL SEAT 4  CITY OF STILLWATER",,21,21,3,"CODY GARRY SCOTT",,6,38,253,297,,
3/4/2014,"PITTSBURG","CITY OF MCALESTER",46101,"FOR COUNCILMAN WARD 6  CITY OF MCALESTER",,8,8,1,"MARSHA E COYLE",,0,1,14,15,,
3/4/2014,"PITTSBURG","CITY OF MCALESTER",46101,"FOR COUNCILMAN WARD 6  CITY OF MCALESTER",,8,8,2,"CLETIS LOWE JR.",,0,1,77,78,,
3/4/2014,"PITTSBURG","CITY OF MCALESTER",46101,"FOR COUNCILMAN WARD 6  CITY OF MCALESTER",,8,8,3,"JASON BARNETT",,0,2,64,66,,
3/4/2014,"PONTOTOC","CITY OF ADA ",46202,"FOR COUNCILMEMBER WARD 4  CITY OF ADA MUNICIPAL",,9,9,1,"JASON SMELTZ",,5,5,94,104,,
3/4/2014,"PONTOTOC","CITY OF ADA ",46202,"FOR COUNCILMEMBER WARD 4  CITY OF ADA MUNICIPAL",,9,9,2,"GUY W. SEWELL",,18,10,286,314,,
3/4/2014,"PONTOTOC","TOWN OF FRANCIS",46203,"PROPOSITION  TOWN OF FRANCIS",,1,1,1,"FOR THE PROPOSITION - YES",,0,0,9,9,,
3/4/2014,"PONTOTOC","TOWN OF FRANCIS",46203,"PROPOSITION  TOWN OF FRANCIS",,1,1,2,"AGAINST THE PROPOSITION - NO",,0,0,1,1,,
3/4/2014,"PONTOTOC","TOWN OF ROFF",46204,"PROPOSITION  TOWN OF ROFF",,1,1,1,"FOR THE PROPOSITION - YES",,0,0,35,35,,
3/4/2014,"PONTOTOC","TOWN OF ROFF",46204,"PROPOSITION  TOWN OF ROFF",,1,1,2,"AGAINST THE PROPOSITION - NO",,0,0,0,0,,
3/4/2014,"PONTOTOC","ALLEN PUBLIC SCHOOLS",56201,"PROPOSITION NO.1  ALLEN PUBLIC SCHOOLS",,2,2,1,"FOR THE PROPOSITION - YES",,9,1,94,104,,
3/4/2014,"PONTOTOC","ALLEN PUBLIC SCHOOLS",56201,"PROPOSITION NO.1  ALLEN PUBLIC SCHOOLS",,2,2,2,"AGAINST THE PROPOSITION - NO",,1,0,5,6,,
3/4/2014,"PONTOTOC","ALLEN PUBLIC SCHOOLS",56202,"PROPOSITION NO. 2  ALLEN PUBLIC SCHOOLS",,2,2,1,"FOR THE PROPOSITION - YES",,9,1,96,106,,
3/4/2014,"PONTOTOC","ALLEN PUBLIC SCHOOLS",56202,"PROPOSITION NO. 2  ALLEN PUBLIC SCHOOLS",,2,2,2,"AGAINST THE PROPOSITION - NO",,1,0,6,7,,
3/4/2014,"POTTAWATOMIE","CITY OF OKLAHOMA CITY",45501,"FOR MAYOR  CITY OF OKLAHOMA CITY",,1,1,1,"ED SHADID",,0,0,2,2,,
3/4/2014,"POTTAWATOMIE","CITY OF OKLAHOMA CITY",45501,"FOR MAYOR  CITY OF OKLAHOMA CITY",,1,1,2,"PHIL HUGHES",,0,0,0,0,,
3/4/2014,"POTTAWATOMIE","CITY OF OKLAHOMA CITY",45501,"FOR MAYOR  CITY OF OKLAHOMA CITY",,1,1,3,"JOE SARGE NELSON",,0,0,0,0,,
3/4/2014,"POTTAWATOMIE","CITY OF OKLAHOMA CITY",45501,"FOR MAYOR  CITY OF OKLAHOMA CITY",,1,1,4,"MICK CORNETT",,0,0,2,2,,
3/4/2014,"PUSHMATAHA","BATTIEST PUBLIC SCHOOLS",54501,"PROPOSITION  BATTIEST PUBLIC SCHOOLS",,1,1,1,"FOR THE PROPOSITION - YES",,0,0,0,0,,
3/4/2014,"PUSHMATAHA","BATTIEST PUBLIC SCHOOLS",54501,"PROPOSITION  BATTIEST PUBLIC SCHOOLS",,1,1,2,"AGAINST THE PROPOSITION - NO",,0,0,0,0,,
3/4/2014,"ROGER MILLS","LEEDEY PUBLIC SCHOOLS",56501,"PROPOSITION  LEEDEY PUBLIC SCHOOLS",,2,2,1,"FOR THE PROPOSITION - YES",,0,0,28,28,,
3/4/2014,"ROGER MILLS","LEEDEY PUBLIC SCHOOLS",56501,"PROPOSITION  LEEDEY PUBLIC SCHOOLS",,2,2,2,"AGAINST THE PROPOSITION - NO",,0,0,18,18,,
3/4/2014,"ROGERS","CITY OF OWASSO",47201,"FOR COUNCIL MEMBER WARD 3  CITY OF OWASSO",,3,3,1,"RICK WORTH",,0,0,8,8,,
3/4/2014,"ROGERS","CITY OF OWASSO",47201,"FOR COUNCIL MEMBER WARD 3  CITY OF OWASSO",,3,3,2,"BILL BUSH",,1,1,57,59,,
3/4/2014,"ROGERS","CITY OF OWASSO",47202,"FOR COUNCIL MEMBER WARD 4  CITY OF OWASSO",,3,3,1,"PATRICK ROSS",,0,0,5,5,,
3/4/2014,"ROGERS","CITY OF OWASSO",47202,"FOR COUNCIL MEMBER WARD 4  CITY OF OWASSO",,3,3,2,"LYNDELL R. DUNN",,1,1,60,62,,
3/4/2014,"SEQUOYAH","MULDROW PUBLIC SCHOOLS",56801,"PROPOSITION  MULDROW PUBLIC SCHOOLS",,8,8,1,"FOR THE PROPOSITION - YES",,1,3,259,263,,
3/4/2014,"SEQUOYAH","MULDROW PUBLIC SCHOOLS",56801,"PROPOSITION  MULDROW PUBLIC SCHOOLS",,8,8,2,"AGAINST THE PROPOSITION - NO",,0,4,207,211,,
3/4/2014,"TULSA","CITY OF OWASSO",47201,"FOR COUNCIL MEMBER WARD 3  CITY OF OWASSO",,11,11,1,"RICK WORTH",,10,0,235,245,,
3/4/2014,"TULSA","CITY OF OWASSO",47201,"FOR COUNCIL MEMBER WARD 3  CITY OF OWASSO",,11,11,2,"BILL BUSH",,18,2,838,858,,
3/4/2014,"TULSA","CITY OF OWASSO",47202,"FOR COUNCIL MEMBER WARD 4  CITY OF OWASSO",,11,11,1,"PATRICK ROSS",,12,0,195,207,,
3/4/2014,"TULSA","CITY OF OWASSO",47202,"FOR COUNCIL MEMBER WARD 4  CITY OF OWASSO",,11,11,2,"LYNDELL R. DUNN",,18,2,873,893,,
3/4/2014,"TULSA","CITY OF SAND SPRINGS",47204,"FOR CITY COUNCILMEMBER, WARD 4  CITY OF SAND SPRINGS",,2,2,1,"JOHN M. FOTHERGILL",,0,2,55,57,,
3/4/2014,"TULSA","CITY OF SAND SPRINGS",47204,"FOR CITY COUNCILMEMBER, WARD 4  CITY OF SAND SPRINGS",,2,2,2,"NANCY RILEY",,2,0,60,62,,
3/4/2014,"TULSA","CITY OF SAND SPRINGS",47204,"FOR CITY COUNCILMEMBER, WARD 4  CITY OF SAND SPRINGS",,2,2,3,"TERRY SCOTT",,1,0,30,31,,
3/4/2014,"TULSA","BERRYHILL PUBLIC SCHOOLS",57201,"PROPOSITION  BERRYHILL PUBLIC SCHOOLS",,4,4,1,"FOR THE PROPOSITION - YES",,7,2,189,198,,
3/4/2014,"TULSA","BERRYHILL PUBLIC SCHOOLS",57201,"PROPOSITION  BERRYHILL PUBLIC SCHOOLS",,4,4,2,"AGAINST THE PROPOSITION - NO",,0,1,20,21,,
