elec_date,county,entity_description,race_number,race_description,race_party,tot_race_prec,race_prec_reporting,cand_number,cand_name,cand_party,cand_absmail_votes,cand_early_votes,cand_elecday_votes,cand_tot_votes,race_county_owner
11/9/2021,"BEAVER","LAVERNE PUBLIC SCHOOLS INDEPENDENT SCHOOL DISTRICT NO. 001",53001,"PROPOSITION  LAVERNE PUBLIC SCHOOLS",,3,3,1,"FOR THE PROPOSITION - YES",,3,4,30,37,,
11/9/2021,"BEAVER","LAVERNE PUBLIC SCHOOLS INDEPENDENT SCHOOL DISTRICT NO. 001",53001,"PROPOSITION  LAVERNE PUBLIC SCHOOLS",,3,3,2,"AGAINST THE PROPOSITION - NO",,9,9,129,147,,
11/9/2021,"BECKHAM","CITY OF ERICK",40501,"PROPOSITION  CITY OF ERICK",,1,1,1,"FOR THE PROPOSITION - YES",,4,0,19,23,,
11/9/2021,"BECKHAM","CITY OF ERICK",40501,"PROPOSITION  CITY OF ERICK",,1,1,2,"AGAINST THE PROPOSITION - NO",,0,0,3,3,,
11/9/2021,"BECKHAM","OKLA DEPT - CAREER & TECH ED",60281,"PROPOSITION  OKLA DEPT - CAREER & TECH ED",,1,1,1,"FOR THE PROPOSITION - YES",,0,0,0,0,,
11/9/2021,"BECKHAM","OKLA DEPT - CAREER & TECH ED",60281,"PROPOSITION  OKLA DEPT - CAREER & TECH ED",,1,1,2,"AGAINST THE PROPOSITION - NO",,0,0,0,0,,
11/9/2021,"BLAINE","TOWN OF HYDRO",40802,"PROPOSITION  TOWN OF HYDRO",,1,1,1,"FOR THE PROPOSITION - YES",,0,0,16,16,,
11/9/2021,"BLAINE","TOWN OF HYDRO",40802,"PROPOSITION  TOWN OF HYDRO",,1,1,2,"AGAINST THE PROPOSITION - NO",,0,0,0,0,,
11/9/2021,"CADDO","CADDO COUNTY",30003,"PROPOSITION",,20,20,1,"FOR THE PROPOSITION - YES",,59,37,524,620,,
11/9/2021,"CADDO","CADDO COUNTY",30003,"PROPOSITION",,20,20,2,"AGAINST THE PROPOSITION - NO",,16,5,83,104,,
11/9/2021,"CADDO","TOWN OF FORT COBB",40801,"PROPOSITION  TOWN OF FORT COBB",,1,1,1,"FOR THE PROPOSITION - YES",,1,1,44,46,,
11/9/2021,"CADDO","TOWN OF FORT COBB",40801,"PROPOSITION  TOWN OF FORT COBB",,1,1,2,"AGAINST THE PROPOSITION - NO",,0,0,0,0,,
11/9/2021,"CADDO","TOWN OF HYDRO",40802,"PROPOSITION  TOWN OF HYDRO",,1,1,1,"FOR THE PROPOSITION - YES",,2,0,23,25,,
11/9/2021,"CADDO","TOWN OF HYDRO",40802,"PROPOSITION  TOWN OF HYDRO",,1,1,2,"AGAINST THE PROPOSITION - NO",,0,0,1,1,,
11/9/2021,"CANADIAN","CITY OF EL RENO",40901,"FOR COUNCILMEMBER WARD 2  CITY OF EL RENO",,5,5,1,"PETER STAPPERFEND",,0,1,107,108,CANADIAN
11/9/2021,"CANADIAN","CITY OF EL RENO",40901,"FOR COUNCILMEMBER WARD 2  CITY OF EL RENO",,5,5,2,"BOB BALLHORN",,0,1,47,48,CANADIAN
11/9/2021,"CANADIAN","YUKON PUBLIC SCHOOLS INDEPENDENT SCHOOL DISTRICT NO. 027",50901,"PROPOSITION NO. 1  YUKON PUBLIC SCHOOLS",,20,20,1,"FOR THE PROPOSITION - YES",,164,4,1586,1754,,
11/9/2021,"CANADIAN","YUKON PUBLIC SCHOOLS INDEPENDENT SCHOOL DISTRICT NO. 027",50901,"PROPOSITION NO. 1  YUKON PUBLIC SCHOOLS",,20,20,2,"AGAINST THE PROPOSITION - NO",,102,4,613,719,,
11/9/2021,"CANADIAN","YUKON PUBLIC SCHOOLS INDEPENDENT SCHOOL DISTRICT NO. 027",50902,"PROPOSITION NO. 2  YUKON PUBLIC SCHOOLS",,20,20,1,"FOR THE PROPOSITION - YES",,173,4,1646,1823,,
11/9/2021,"CANADIAN","YUKON PUBLIC SCHOOLS INDEPENDENT SCHOOL DISTRICT NO. 027",50902,"PROPOSITION NO. 2  YUKON PUBLIC SCHOOLS",,20,20,2,"AGAINST THE PROPOSITION - NO",,95,4,561,660,,
11/9/2021,"CLEVELAND","CITY OF MOORE",41401,"PROPOSITION NO. 1  CITY OF MOORE",,19,19,1,"FOR THE PROPOSITION - YES",,145,15,1577,1737,,
11/9/2021,"CLEVELAND","CITY OF MOORE",41401,"PROPOSITION NO. 1  CITY OF MOORE",,19,19,2,"AGAINST THE PROPOSITION - NO",,86,8,730,824,,
11/9/2021,"CLEVELAND","CITY OF MOORE",41402,"PROPOSITION NO. 2  CITY OF MOORE",,19,19,1,"FOR THE PROPOSITION - YES",,142,19,1500,1661,,
11/9/2021,"CLEVELAND","CITY OF MOORE",41402,"PROPOSITION NO. 2  CITY OF MOORE",,19,19,2,"AGAINST THE PROPOSITION - NO",,91,4,811,906,,
11/9/2021,"COAL","COAL COUNTY",30001,"PROPOSITION NO. 1 HOSPITAL AND EMERGENCY FACILITIES BOND PROJECTS",,9,9,1,"FOR THE PROPOSITION - YES",,18,98,313,429,,
11/9/2021,"COAL","COAL COUNTY",30001,"PROPOSITION NO. 1 HOSPITAL AND EMERGENCY FACILITIES BOND PROJECTS",,9,9,2,"AGAINST THE PROPOSITION - NO",,10,56,500,566,,
11/9/2021,"COAL","COAL COUNTY",30002,"PROPOSITION NO. 2 HOSPITAL NURSING AND LONG-TERM CARE BOND PROJECTS",,9,9,1,"FOR THE PROPOSITION - YES",,18,98,330,446,,
11/9/2021,"COAL","COAL COUNTY",30002,"PROPOSITION NO. 2 HOSPITAL NURSING AND LONG-TERM CARE BOND PROJECTS",,9,9,2,"AGAINST THE PROPOSITION - NO",,10,56,483,549,,
11/9/2021,"COMANCHE","CITY OF LAWTON",41603,"FOR COUNCIL MEMBER WARD 2  CITY OF LAWTON",,6,6,1,"KELLY HARRIS",,20,12,178,210,COMANCHE
11/9/2021,"COMANCHE","CITY OF LAWTON",41603,"FOR COUNCIL MEMBER WARD 2  CITY OF LAWTON",,6,6,2,"MARK T MALONE",,16,17,172,205,COMANCHE
11/9/2021,"COMANCHE","FLOWER MOUND PUBLIC SCHOOL ELEMENTARY SCHOOL DISTRICT NO. 048",51601,"PROPOSITION  FLOWER MOUND PUBLIC SCHOOL",,5,5,1,"FOR THE PROPOSITION - YES",,2,2,60,64,,
11/9/2021,"COMANCHE","FLOWER MOUND PUBLIC SCHOOL ELEMENTARY SCHOOL DISTRICT NO. 048",51601,"PROPOSITION  FLOWER MOUND PUBLIC SCHOOL",,5,5,2,"AGAINST THE PROPOSITION - NO",,1,3,38,42,,
11/9/2021,"CUSTER","CITY OF CLINTON",42001,"FOR COUNCILMAN WARD 3  CITY OF CLINTON",,3,3,1,"SAMANTHA JO AISPURO",,4,6,36,46,CUSTER
11/9/2021,"CUSTER","CITY OF CLINTON",42001,"FOR COUNCILMAN WARD 3  CITY OF CLINTON",,3,3,2,"PATCH McCOMAS",,7,10,89,106,CUSTER
11/9/2021,"DELAWARE","COLCORD PUBLIC SCHOOLS INDEPENDENT SCHOOL DISTRICT NO. 004",52101,"PROPOSITION  COLCORD PUBLIC SCHOOLS",,4,4,1,"FOR THE PROPOSITION - YES",,2,0,179,181,,
11/9/2021,"DELAWARE","COLCORD PUBLIC SCHOOLS INDEPENDENT SCHOOL DISTRICT NO. 004",52101,"PROPOSITION  COLCORD PUBLIC SCHOOLS",,4,4,2,"AGAINST THE PROPOSITION - NO",,6,2,181,189,,
11/9/2021,"ELLIS","LAVERNE PUBLIC SCHOOLS INDEPENDENT SCHOOL DISTRICT NO. 001",53001,"PROPOSITION  LAVERNE PUBLIC SCHOOLS",,2,2,1,"FOR THE PROPOSITION - YES",,0,0,3,3,,
11/9/2021,"ELLIS","LAVERNE PUBLIC SCHOOLS INDEPENDENT SCHOOL DISTRICT NO. 001",53001,"PROPOSITION  LAVERNE PUBLIC SCHOOLS",,2,2,2,"AGAINST THE PROPOSITION - NO",,0,0,15,15,,
11/9/2021,"GARVIN","CITY OF ELMORE CITY",42501,"FOR CITY CLERK-TREASURER  CITY OF ELMORE CITY",,1,1,1,"JULIE CHRISTIAN",,0,0,35,35,GARVIN
11/9/2021,"GARVIN","CITY OF ELMORE CITY",42501,"FOR CITY CLERK-TREASURER  CITY OF ELMORE CITY",,1,1,2,"STEPHANIE D. UPSHAW",,4,0,63,67,GARVIN
11/9/2021,"GREER","OKLA DEPT - CAREER & TECH ED",60281,"PROPOSITION  OKLA DEPT - CAREER & TECH ED",,8,8,1,"FOR THE PROPOSITION - YES",,3,35,210,248,,
11/9/2021,"GREER","OKLA DEPT - CAREER & TECH ED",60281,"PROPOSITION  OKLA DEPT - CAREER & TECH ED",,8,8,2,"AGAINST THE PROPOSITION - NO",,0,7,115,122,,
11/9/2021,"HARMON","OKLA DEPT - CAREER & TECH ED",60281,"PROPOSITION  OKLA DEPT - CAREER & TECH ED",,1,1,1,"FOR THE PROPOSITION - YES",,0,0,0,0,,
11/9/2021,"HARMON","OKLA DEPT - CAREER & TECH ED",60281,"PROPOSITION  OKLA DEPT - CAREER & TECH ED",,1,1,2,"AGAINST THE PROPOSITION - NO",,0,0,1,1,,
11/9/2021,"HARPER","LAVERNE PUBLIC SCHOOLS INDEPENDENT SCHOOL DISTRICT NO. 001",53001,"PROPOSITION  LAVERNE PUBLIC SCHOOLS",,4,4,1,"FOR THE PROPOSITION - YES",,8,5,152,165,,
11/9/2021,"HARPER","LAVERNE PUBLIC SCHOOLS INDEPENDENT SCHOOL DISTRICT NO. 001",53001,"PROPOSITION  LAVERNE PUBLIC SCHOOLS",,4,4,2,"AGAINST THE PROPOSITION - NO",,5,15,326,346,,
11/9/2021,"HUGHES","HUGHES COUNTY",11001,"FOR COUNTY COMMISSIONER DISTRICT NO. 3 (UNEXPIRED TERM)",REP,6,6,1,"BILL SPRAY",REP,1,0,27,28,HUGHES
11/9/2021,"HUGHES","HUGHES COUNTY",11001,"FOR COUNTY COMMISSIONER DISTRICT NO. 3 (UNEXPIRED TERM)",REP,6,6,2,"JIM LIVELY",REP,0,1,110,111,HUGHES
11/9/2021,"HUGHES","HUGHES COUNTY",11001,"FOR COUNTY COMMISSIONER DISTRICT NO. 3 (UNEXPIRED TERM)",REP,6,6,3,"JOSH TATUM",REP,0,1,50,51,HUGHES
11/9/2021,"HUGHES","HUGHES COUNTY",11001,"FOR COUNTY COMMISSIONER DISTRICT NO. 3 (UNEXPIRED TERM)",REP,6,6,4,"DALE STRINGER",REP,3,1,84,88,HUGHES
11/9/2021,"HUGHES","TOWN OF DUSTIN",43201,"PROPOSITION  TOWN OF DUSTIN",,1,1,1,"FOR THE PROPOSITION - YES",,0,0,10,10,,
11/9/2021,"HUGHES","TOWN OF DUSTIN",43201,"PROPOSITION  TOWN OF DUSTIN",,1,1,2,"AGAINST THE PROPOSITION - NO",,0,0,0,0,,
11/9/2021,"HUGHES","TOWN OF CALVIN",43202,"FOR BOARD OF TRUSTEES  TOWN OF CALVIN",,1,1,1,"RHONDA TWEEDLE",,0,0,41,41,HUGHES
11/9/2021,"HUGHES","TOWN OF CALVIN",43202,"FOR BOARD OF TRUSTEES  TOWN OF CALVIN",,1,1,2,"T.G. ADAMSON",,0,0,50,50,HUGHES
11/9/2021,"HUGHES","TOWN OF CALVIN",43202,"FOR BOARD OF TRUSTEES  TOWN OF CALVIN",,1,1,3,"MIKE TROUP",,0,0,41,41,HUGHES
11/9/2021,"HUGHES","TOWN OF CALVIN",43202,"FOR BOARD OF TRUSTEES  TOWN OF CALVIN",,1,1,4,"KARA PEMBROOK",,0,0,20,20,HUGHES
11/9/2021,"HUGHES","TOWN OF CALVIN",43202,"FOR BOARD OF TRUSTEES  TOWN OF CALVIN",,1,1,5,"MARLA D RIDDLE",,0,0,32,32,HUGHES
11/9/2021,"HUGHES","TOWN OF CALVIN",43202,"FOR BOARD OF TRUSTEES  TOWN OF CALVIN",,1,1,6,"DAVID WEBSTER",,0,0,34,34,HUGHES
11/9/2021,"JACKSON","TOWN OF BLAIR",43301,"FOR BOARD OF TRUSTEES, OFFICE NO. 2 (UNEXPIRED TERM)  TOWN OF BLAIR",,1,1,1,"LIZ McGREGOR",,2,0,14,16,JACKSON
11/9/2021,"JACKSON","TOWN OF BLAIR",43301,"FOR BOARD OF TRUSTEES, OFFICE NO. 2 (UNEXPIRED TERM)  TOWN OF BLAIR",,1,1,2,"NIKI GRAUMANN",,0,0,50,50,JACKSON
11/9/2021,"JACKSON","OKLA DEPT - CAREER & TECH ED",60281,"PROPOSITION  OKLA DEPT - CAREER & TECH ED",,1,1,1,"FOR THE PROPOSITION - YES",,0,0,0,0,,
11/9/2021,"JACKSON","OKLA DEPT - CAREER & TECH ED",60281,"PROPOSITION  OKLA DEPT - CAREER & TECH ED",,1,1,2,"AGAINST THE PROPOSITION - NO",,0,0,0,0,,
11/9/2021,"KAY","BLACKWELL PUBLIC SCHOOLS INDEPENDENT SCHOOL DISTRICT NO. 045",53601,"PROPOSITION  BLACKWELL PUBLIC SCHOOLS",,8,8,1,"FOR THE PROPOSITION - YES",,23,7,790,820,,
11/9/2021,"KAY","BLACKWELL PUBLIC SCHOOLS INDEPENDENT SCHOOL DISTRICT NO. 045",53601,"PROPOSITION  BLACKWELL PUBLIC SCHOOLS",,8,8,2,"AGAINST THE PROPOSITION - NO",,4,4,188,196,,
11/9/2021,"LEFLORE","TOWN OF WISTER",44001,"FOR BOARD OF TRUSTEES (UNEXPIRED TERM)  TOWN OF WISTER",,2,2,1,"BILLY H CULLERS",,0,0,24,24,LEFLORE
11/9/2021,"LEFLORE","TOWN OF WISTER",44001,"FOR BOARD OF TRUSTEES (UNEXPIRED TERM)  TOWN OF WISTER",,2,2,2,"CARLA PRIDE",,1,1,68,70,LEFLORE
11/9/2021,"LEFLORE","TOWN OF WISTER",44001,"FOR BOARD OF TRUSTEES (UNEXPIRED TERM)  TOWN OF WISTER",,2,2,3,"GENE HEFLIN",,0,0,41,41,LEFLORE
11/9/2021,"LEFLORE","POCOLA PUBLIC SCHOOLS INDEPENDENT SCHOOL DISTRICT NO. 007",54001,"PROPOSITION NO. 1  POCOLA PUBLIC SCHOOLS",,2,2,1,"FOR THE PROPOSITION - YES",,2,0,264,266,,
11/9/2021,"LEFLORE","POCOLA PUBLIC SCHOOLS INDEPENDENT SCHOOL DISTRICT NO. 007",54001,"PROPOSITION NO. 1  POCOLA PUBLIC SCHOOLS",,2,2,2,"AGAINST THE PROPOSITION - NO",,2,0,167,169,,
11/9/2021,"LEFLORE","POCOLA PUBLIC SCHOOLS INDEPENDENT SCHOOL DISTRICT NO. 007",54002,"PROPOSITION NO. 2  POCOLA PUBLIC SCHOOLS",,2,2,1,"FOR THE PROPOSITION - YES",,2,0,291,293,,
11/9/2021,"LEFLORE","POCOLA PUBLIC SCHOOLS INDEPENDENT SCHOOL DISTRICT NO. 007",54002,"PROPOSITION NO. 2  POCOLA PUBLIC SCHOOLS",,2,2,2,"AGAINST THE PROPOSITION - NO",,2,0,138,140,,
11/9/2021,"MUSKOGEE","TOWN OF WARNER",45101,"PROPOSITION  TOWN OF WARNER",,2,2,1,"FOR THE PROPOSITION - YES",,1,0,36,37,,
11/9/2021,"MUSKOGEE","TOWN OF WARNER",45101,"PROPOSITION  TOWN OF WARNER",,2,2,2,"AGAINST THE PROPOSITION - NO",,1,0,51,52,,
11/9/2021,"NOBLE","NOBLE COUNTY",10001,"FOR COUNTY COMMISSIONER DISTRICT NO. 3 (UNEXPIRED TERM)",,3,3,1,"NICK HUGHES",REP,30,76,313,419,NOBLE
11/9/2021,"NOBLE","NOBLE COUNTY",10001,"FOR COUNTY COMMISSIONER DISTRICT NO. 3 (UNEXPIRED TERM)",,3,3,2,"ERNEST D MOORE JR",DEM,3,1,10,14,NOBLE
11/9/2021,"NOBLE","NOBLE COUNTY",10001,"FOR COUNTY COMMISSIONER DISTRICT NO. 3 (UNEXPIRED TERM)",,3,3,3,"RANDY STEPHENS",IND,3,10,40,53,NOBLE
11/9/2021,"OKLAHOMA","CITY OF SPENCER",45501,"FOR COUNCILMEMBER, WARD NO. 4 (UNEXPIRED TERM)  CITY OF SPENCER",,2,2,1,"LISA JANLOO",,3,0,122,125,OKLAHOMA
11/9/2021,"OKLAHOMA","CITY OF SPENCER",45501,"FOR COUNCILMEMBER, WARD NO. 4 (UNEXPIRED TERM)  CITY OF SPENCER",,2,2,2,"CHARMIN WILLIAMS",,13,3,319,335,OKLAHOMA
11/9/2021,"OKLAHOMA","TOWN OF LUTHER",45502,"PROPOSITION  TOWN OF LUTHER",,2,2,1,"FOR THE PROPOSITION - YES",,0,0,34,34,,
11/9/2021,"OKLAHOMA","TOWN OF LUTHER",45502,"PROPOSITION  TOWN OF LUTHER",,2,2,2,"AGAINST THE PROPOSITION - NO",,2,0,22,24,,
11/9/2021,"OKMULGEE","OKMULGEE COUNTY",10002,"FOR COUNTY COMMISSIONER DISTRICT NO. 3 (UNEXPIRED TERM)",,10,10,1,"KATHY GEORGE SPEARS",REP,12,8,231,251,OKMULGEE
11/9/2021,"OKMULGEE","OKMULGEE COUNTY",10002,"FOR COUNTY COMMISSIONER DISTRICT NO. 3 (UNEXPIRED TERM)",,10,10,2,"DAN ARTUSSEE",DEM,41,18,480,539,OKMULGEE
11/9/2021,"OSAGE","CITY OF SHIDLER",45701,"PROPOSITION  CITY OF SHIDLER",,1,1,1,"FOR THE PROPOSITION - YES",,0,0,22,22,,
11/9/2021,"OSAGE","CITY OF SHIDLER",45701,"PROPOSITION  CITY OF SHIDLER",,1,1,2,"AGAINST THE PROPOSITION - NO",,0,0,12,12,,
11/9/2021,"OTTAWA","TOWN OF FAIRLAND",45801,"FOR BOARD OF TRUSTEES (UNEXPIRED TERM)  TOWN OF FAIRLAND",,1,1,1,"JACK CROSSLEY",,0,0,20,20,OTTAWA
11/9/2021,"OTTAWA","TOWN OF FAIRLAND",45801,"FOR BOARD OF TRUSTEES (UNEXPIRED TERM)  TOWN OF FAIRLAND",,1,1,2,"NICK BOWERS",,2,1,70,73,OTTAWA
11/9/2021,"PAYNE","CITY OF PERKINS",46001,"FOR COMMISSIONER NO. 4 (UNEXPIRED TERM)  CITY OF PERKINS",,1,1,1,"RENEE HAGLER",,5,1,87,93,PAYNE
11/9/2021,"PAYNE","CITY OF PERKINS",46001,"FOR COMMISSIONER NO. 4 (UNEXPIRED TERM)  CITY OF PERKINS",,1,1,2,"JUSTIN HENNINGER",,8,3,109,120,PAYNE
11/9/2021,"PITTSBURG","CITY OF MCALESTER",46101,"PROPOSITION NO. 1  CITY OF MCALESTER",,17,17,1,"FOR THE PROPOSITION - YES",,108,0,620,728,,
11/9/2021,"PITTSBURG","CITY OF MCALESTER",46101,"PROPOSITION NO. 1  CITY OF MCALESTER",,17,17,2,"AGAINST THE PROPOSITION - NO",,27,0,202,229,,
11/9/2021,"PITTSBURG","CITY OF MCALESTER",46102,"PROPOSITION NO. 2  CITY OF MCALESTER",,17,17,1,"FOR THE PROPOSITION - YES",,107,0,685,792,,
11/9/2021,"PITTSBURG","CITY OF MCALESTER",46102,"PROPOSITION NO. 2  CITY OF MCALESTER",,17,17,2,"AGAINST THE PROPOSITION - NO",,31,0,169,200,,
11/9/2021,"SEMINOLE","CITY OF SEMINOLE",46701,"PROPOSITION  CITY OF SEMINOLE",,5,5,1,"FOR THE PROPOSITION - YES",,16,15,248,279,,
11/9/2021,"SEMINOLE","CITY OF SEMINOLE",46701,"PROPOSITION  CITY OF SEMINOLE",,5,5,2,"AGAINST THE PROPOSITION - NO",,9,1,21,31,,
11/9/2021,"WASHINGTON","TOWN OF COPAN",47401,"FOR BOARD OF TRUSTEES, OFFICE NO. 5 (UNEXPIRED TERM)  TOWN OF COPAN",,1,1,1,"ERIC MUMMA",,0,0,45,45,WASHINGTON
11/9/2021,"WASHINGTON","TOWN OF COPAN",47401,"FOR BOARD OF TRUSTEES, OFFICE NO. 5 (UNEXPIRED TERM)  TOWN OF COPAN",,1,1,2,"JEFFERY ROE",,0,0,24,24,WASHINGTON
