elec_date,precinct,entity_description,race_number,race_description,race_party,tot_race_prec,race_prec_reporting,cand_number,cand_name,cand_party,cand_absmail_votes,cand_early_votes,cand_elecday_votes,cand_tot_votes,race_county_owner
10/8/2019,"030003","TUSHKA PUBLIC SCHOOLS INDEPENDENT SCHOOL DISTRICT NO. 019",50301,"PROPOSITION  TUSHKA PUBLIC SCHOOLS",,5,5,1,"FOR THE PROPOSITION - YES",,0,0,0,0,,
10/8/2019,"030003","TUSHKA PUBLIC SCHOOLS INDEPENDENT SCHOOL DISTRICT NO. 019",50301,"PROPOSITION  TUSHKA PUBLIC SCHOOLS",,5,5,2,"AGAINST THE PROPOSITION - NO",,0,0,0,0,,
10/8/2019,"030006","TUSHKA PUBLIC SCHOOLS INDEPENDENT SCHOOL DISTRICT NO. 019",50301,"PROPOSITION  TUSHKA PUBLIC SCHOOLS",,5,5,1,"FOR THE PROPOSITION - YES",,0,0,10,10,,
10/8/2019,"030006","TUSHKA PUBLIC SCHOOLS INDEPENDENT SCHOOL DISTRICT NO. 019",50301,"PROPOSITION  TUSHKA PUBLIC SCHOOLS",,5,5,2,"AGAINST THE PROPOSITION - NO",,0,0,0,0,,
10/8/2019,"030007","TUSHKA PUBLIC SCHOOLS INDEPENDENT SCHOOL DISTRICT NO. 019",50301,"PROPOSITION  TUSHKA PUBLIC SCHOOLS",,5,5,1,"FOR THE PROPOSITION - YES",,0,1,81,82,,
10/8/2019,"030007","TUSHKA PUBLIC SCHOOLS INDEPENDENT SCHOOL DISTRICT NO. 019",50301,"PROPOSITION  TUSHKA PUBLIC SCHOOLS",,5,5,2,"AGAINST THE PROPOSITION - NO",,0,4,31,35,,
10/8/2019,"030008","TUSHKA PUBLIC SCHOOLS INDEPENDENT SCHOOL DISTRICT NO. 019",50301,"PROPOSITION  TUSHKA PUBLIC SCHOOLS",,5,5,1,"FOR THE PROPOSITION - YES",,0,0,0,0,,
10/8/2019,"030008","TUSHKA PUBLIC SCHOOLS INDEPENDENT SCHOOL DISTRICT NO. 019",50301,"PROPOSITION  TUSHKA PUBLIC SCHOOLS",,5,5,2,"AGAINST THE PROPOSITION - NO",,0,0,0,0,,
10/8/2019,"030009","TUSHKA PUBLIC SCHOOLS INDEPENDENT SCHOOL DISTRICT NO. 019",50301,"PROPOSITION  TUSHKA PUBLIC SCHOOLS",,5,5,1,"FOR THE PROPOSITION - YES",,2,1,26,29,,
10/8/2019,"030009","TUSHKA PUBLIC SCHOOLS INDEPENDENT SCHOOL DISTRICT NO. 019",50301,"PROPOSITION  TUSHKA PUBLIC SCHOOLS",,5,5,2,"AGAINST THE PROPOSITION - NO",,0,0,10,10,,
10/8/2019,"080012","CITY OF ANADARKO",40801,"PROPOSITION  CITY OF ANADARKO",,5,5,1,"FOR THE PROPOSITION - YES",,0,0,3,3,,
10/8/2019,"080012","CITY OF ANADARKO",40801,"PROPOSITION  CITY OF ANADARKO",,5,5,2,"AGAINST THE PROPOSITION - NO",,2,0,3,5,,
10/8/2019,"080022","CITY OF ANADARKO",40801,"PROPOSITION  CITY OF ANADARKO",,5,5,1,"FOR THE PROPOSITION - YES",,0,0,10,10,,
10/8/2019,"080022","CITY OF ANADARKO",40801,"PROPOSITION  CITY OF ANADARKO",,5,5,2,"AGAINST THE PROPOSITION - NO",,0,0,3,3,,
10/8/2019,"080031","CITY OF ANADARKO",40801,"PROPOSITION  CITY OF ANADARKO",,5,5,1,"FOR THE PROPOSITION - YES",,0,3,9,12,,
10/8/2019,"080031","CITY OF ANADARKO",40801,"PROPOSITION  CITY OF ANADARKO",,5,5,2,"AGAINST THE PROPOSITION - NO",,0,0,1,1,,
10/8/2019,"080041","CITY OF ANADARKO",40801,"PROPOSITION  CITY OF ANADARKO",,5,5,1,"FOR THE PROPOSITION - YES",,2,0,3,5,,
10/8/2019,"080041","CITY OF ANADARKO",40801,"PROPOSITION  CITY OF ANADARKO",,5,5,2,"AGAINST THE PROPOSITION - NO",,0,0,0,0,,
10/8/2019,"080051","CITY OF ANADARKO",40801,"PROPOSITION  CITY OF ANADARKO",,5,5,1,"FOR THE PROPOSITION - YES",,4,6,27,37,,
10/8/2019,"080051","CITY OF ANADARKO",40801,"PROPOSITION  CITY OF ANADARKO",,5,5,2,"AGAINST THE PROPOSITION - NO",,1,0,3,4,,
10/8/2019,"190211","BRISTOW PUBLIC SCHOOLS INDEPENDENT SCHOOL DISTRICT NO. 002",51901,"PROPOSITION  BRISTOW PUBLIC SCHOOLS",,10,10,1,"FOR THE PROPOSITION - YES",,9,0,100,109,,
10/8/2019,"190211","BRISTOW PUBLIC SCHOOLS INDEPENDENT SCHOOL DISTRICT NO. 002",51901,"PROPOSITION  BRISTOW PUBLIC SCHOOLS",,10,10,2,"AGAINST THE PROPOSITION - NO",,0,0,8,8,,
10/8/2019,"190221","BRISTOW PUBLIC SCHOOLS INDEPENDENT SCHOOL DISTRICT NO. 002",51901,"PROPOSITION  BRISTOW PUBLIC SCHOOLS",,10,10,1,"FOR THE PROPOSITION - YES",,0,1,58,59,,
10/8/2019,"190221","BRISTOW PUBLIC SCHOOLS INDEPENDENT SCHOOL DISTRICT NO. 002",51901,"PROPOSITION  BRISTOW PUBLIC SCHOOLS",,10,10,2,"AGAINST THE PROPOSITION - NO",,0,0,12,12,,
10/8/2019,"190231","BRISTOW PUBLIC SCHOOLS INDEPENDENT SCHOOL DISTRICT NO. 002",51901,"PROPOSITION  BRISTOW PUBLIC SCHOOLS",,10,10,1,"FOR THE PROPOSITION - YES",,0,1,73,74,,
10/8/2019,"190231","BRISTOW PUBLIC SCHOOLS INDEPENDENT SCHOOL DISTRICT NO. 002",51901,"PROPOSITION  BRISTOW PUBLIC SCHOOLS",,10,10,2,"AGAINST THE PROPOSITION - NO",,0,1,8,9,,
10/8/2019,"190241","BRISTOW PUBLIC SCHOOLS INDEPENDENT SCHOOL DISTRICT NO. 002",51901,"PROPOSITION  BRISTOW PUBLIC SCHOOLS",,10,10,1,"FOR THE PROPOSITION - YES",,6,0,130,136,,
10/8/2019,"190241","BRISTOW PUBLIC SCHOOLS INDEPENDENT SCHOOL DISTRICT NO. 002",51901,"PROPOSITION  BRISTOW PUBLIC SCHOOLS",,10,10,2,"AGAINST THE PROPOSITION - NO",,0,0,27,27,,
10/8/2019,"190403","BRISTOW PUBLIC SCHOOLS INDEPENDENT SCHOOL DISTRICT NO. 002",51901,"PROPOSITION  BRISTOW PUBLIC SCHOOLS",,10,10,1,"FOR THE PROPOSITION - YES",,0,0,2,2,,
10/8/2019,"190403","BRISTOW PUBLIC SCHOOLS INDEPENDENT SCHOOL DISTRICT NO. 002",51901,"PROPOSITION  BRISTOW PUBLIC SCHOOLS",,10,10,2,"AGAINST THE PROPOSITION - NO",,2,0,0,2,,
10/8/2019,"190408","BRISTOW PUBLIC SCHOOLS INDEPENDENT SCHOOL DISTRICT NO. 002",51901,"PROPOSITION  BRISTOW PUBLIC SCHOOLS",,10,10,1,"FOR THE PROPOSITION - YES",,0,0,0,0,,
10/8/2019,"190408","BRISTOW PUBLIC SCHOOLS INDEPENDENT SCHOOL DISTRICT NO. 002",51901,"PROPOSITION  BRISTOW PUBLIC SCHOOLS",,10,10,2,"AGAINST THE PROPOSITION - NO",,0,0,0,0,,
10/8/2019,"190409","BRISTOW PUBLIC SCHOOLS INDEPENDENT SCHOOL DISTRICT NO. 002",51901,"PROPOSITION  BRISTOW PUBLIC SCHOOLS",,10,10,1,"FOR THE PROPOSITION - YES",,3,0,122,125,,
10/8/2019,"190409","BRISTOW PUBLIC SCHOOLS INDEPENDENT SCHOOL DISTRICT NO. 002",51901,"PROPOSITION  BRISTOW PUBLIC SCHOOLS",,10,10,2,"AGAINST THE PROPOSITION - NO",,0,0,14,14,,
10/8/2019,"190412","BRISTOW PUBLIC SCHOOLS INDEPENDENT SCHOOL DISTRICT NO. 002",51901,"PROPOSITION  BRISTOW PUBLIC SCHOOLS",,10,10,1,"FOR THE PROPOSITION - YES",,1,0,35,36,,
10/8/2019,"190412","BRISTOW PUBLIC SCHOOLS INDEPENDENT SCHOOL DISTRICT NO. 002",51901,"PROPOSITION  BRISTOW PUBLIC SCHOOLS",,10,10,2,"AGAINST THE PROPOSITION - NO",,0,0,6,6,,
10/8/2019,"190413","BRISTOW PUBLIC SCHOOLS INDEPENDENT SCHOOL DISTRICT NO. 002",51901,"PROPOSITION  BRISTOW PUBLIC SCHOOLS",,10,10,1,"FOR THE PROPOSITION - YES",,0,4,102,106,,
10/8/2019,"190413","BRISTOW PUBLIC SCHOOLS INDEPENDENT SCHOOL DISTRICT NO. 002",51901,"PROPOSITION  BRISTOW PUBLIC SCHOOLS",,10,10,2,"AGAINST THE PROPOSITION - NO",,0,0,23,23,,
10/8/2019,"190414","BRISTOW PUBLIC SCHOOLS INDEPENDENT SCHOOL DISTRICT NO. 002",51901,"PROPOSITION  BRISTOW PUBLIC SCHOOLS",,10,10,1,"FOR THE PROPOSITION - YES",,0,0,0,0,,
10/8/2019,"190414","BRISTOW PUBLIC SCHOOLS INDEPENDENT SCHOOL DISTRICT NO. 002",51901,"PROPOSITION  BRISTOW PUBLIC SCHOOLS",,10,10,2,"AGAINST THE PROPOSITION - NO",,0,0,0,0,,
10/8/2019,"270025","TOWN OF WAKITA",42701,"PROPOSITION  TOWN OF WAKITA",,1,1,1,"FOR THE PROPOSITION - YES",,3,0,28,31,,
10/8/2019,"270025","TOWN OF WAKITA",42701,"PROPOSITION  TOWN OF WAKITA",,1,1,2,"AGAINST THE PROPOSITION - NO",,0,0,0,0,,
10/8/2019,"320016","WETUMKA PUBLIC SCHOOLS INDEPENDENT SCHOOL DISTRICT NO. 005",53201,"PROPOSITION NO. 1  WETUMKA PUBLIC SCHOOLS",,5,5,1,"FOR THE PROPOSITION - YES",,2,0,0,2,,
10/8/2019,"320016","WETUMKA PUBLIC SCHOOLS INDEPENDENT SCHOOL DISTRICT NO. 005",53201,"PROPOSITION NO. 1  WETUMKA PUBLIC SCHOOLS",,5,5,2,"AGAINST THE PROPOSITION - NO",,5,0,0,5,,
10/8/2019,"320016","WETUMKA PUBLIC SCHOOLS INDEPENDENT SCHOOL DISTRICT NO. 005",53202,"PROPOSITION NO. 2  WETUMKA PUBLIC SCHOOLS",,5,5,1,"FOR THE PROPOSITION - YES",,2,0,0,2,,
10/8/2019,"320016","WETUMKA PUBLIC SCHOOLS INDEPENDENT SCHOOL DISTRICT NO. 005",53202,"PROPOSITION NO. 2  WETUMKA PUBLIC SCHOOLS",,5,5,2,"AGAINST THE PROPOSITION - NO",,5,0,0,5,,
10/8/2019,"320020","WETUMKA PUBLIC SCHOOLS INDEPENDENT SCHOOL DISTRICT NO. 005",53201,"PROPOSITION NO. 1  WETUMKA PUBLIC SCHOOLS",,5,5,1,"FOR THE PROPOSITION - YES",,0,0,93,93,,
10/8/2019,"320020","WETUMKA PUBLIC SCHOOLS INDEPENDENT SCHOOL DISTRICT NO. 005",53201,"PROPOSITION NO. 1  WETUMKA PUBLIC SCHOOLS",,5,5,2,"AGAINST THE PROPOSITION - NO",,3,0,22,25,,
10/8/2019,"320020","WETUMKA PUBLIC SCHOOLS INDEPENDENT SCHOOL DISTRICT NO. 005",53202,"PROPOSITION NO. 2  WETUMKA PUBLIC SCHOOLS",,5,5,1,"FOR THE PROPOSITION - YES",,0,0,92,92,,
10/8/2019,"320020","WETUMKA PUBLIC SCHOOLS INDEPENDENT SCHOOL DISTRICT NO. 005",53202,"PROPOSITION NO. 2  WETUMKA PUBLIC SCHOOLS",,5,5,2,"AGAINST THE PROPOSITION - NO",,3,0,22,25,,
10/8/2019,"320022","WETUMKA PUBLIC SCHOOLS INDEPENDENT SCHOOL DISTRICT NO. 005",53201,"PROPOSITION NO. 1  WETUMKA PUBLIC SCHOOLS",,5,5,1,"FOR THE PROPOSITION - YES",,4,0,0,4,,
10/8/2019,"320022","WETUMKA PUBLIC SCHOOLS INDEPENDENT SCHOOL DISTRICT NO. 005",53201,"PROPOSITION NO. 1  WETUMKA PUBLIC SCHOOLS",,5,5,2,"AGAINST THE PROPOSITION - NO",,0,0,0,0,,
10/8/2019,"320022","WETUMKA PUBLIC SCHOOLS INDEPENDENT SCHOOL DISTRICT NO. 005",53202,"PROPOSITION NO. 2  WETUMKA PUBLIC SCHOOLS",,5,5,1,"FOR THE PROPOSITION - YES",,4,0,0,4,,
10/8/2019,"320022","WETUMKA PUBLIC SCHOOLS INDEPENDENT SCHOOL DISTRICT NO. 005",53202,"PROPOSITION NO. 2  WETUMKA PUBLIC SCHOOLS",,5,5,2,"AGAINST THE PROPOSITION - NO",,0,0,0,0,,
10/8/2019,"320023","WETUMKA PUBLIC SCHOOLS INDEPENDENT SCHOOL DISTRICT NO. 005",53201,"PROPOSITION NO. 1  WETUMKA PUBLIC SCHOOLS",,5,5,1,"FOR THE PROPOSITION - YES",,0,0,0,0,,
10/8/2019,"320023","WETUMKA PUBLIC SCHOOLS INDEPENDENT SCHOOL DISTRICT NO. 005",53201,"PROPOSITION NO. 1  WETUMKA PUBLIC SCHOOLS",,5,5,2,"AGAINST THE PROPOSITION - NO",,2,1,0,3,,
10/8/2019,"320023","WETUMKA PUBLIC SCHOOLS INDEPENDENT SCHOOL DISTRICT NO. 005",53202,"PROPOSITION NO. 2  WETUMKA PUBLIC SCHOOLS",,5,5,1,"FOR THE PROPOSITION - YES",,0,0,0,0,,
10/8/2019,"320023","WETUMKA PUBLIC SCHOOLS INDEPENDENT SCHOOL DISTRICT NO. 005",53202,"PROPOSITION NO. 2  WETUMKA PUBLIC SCHOOLS",,5,5,2,"AGAINST THE PROPOSITION - NO",,2,2,0,4,,
10/8/2019,"360001","KAY COUNTY",30001,"PROPOSITION",,28,28,1,"FOR THE PROPOSITION - YES",,6,26,125,157,KAY
10/8/2019,"360001","KAY COUNTY",30001,"PROPOSITION",,28,28,2,"AGAINST THE PROPOSITION - NO",,1,6,40,47,KAY
10/8/2019,"360101","KAY COUNTY",30001,"PROPOSITION",,28,28,1,"FOR THE PROPOSITION - YES",,1,0,59,60,KAY
10/8/2019,"360101","KAY COUNTY",30001,"PROPOSITION",,28,28,2,"AGAINST THE PROPOSITION - NO",,0,3,69,72,KAY
10/8/2019,"360103","KAY COUNTY",30001,"PROPOSITION",,28,28,1,"FOR THE PROPOSITION - YES",,0,3,52,55,KAY
10/8/2019,"360103","KAY COUNTY",30001,"PROPOSITION",,28,28,2,"AGAINST THE PROPOSITION - NO",,0,0,60,60,KAY
10/8/2019,"360202","KAY COUNTY",30001,"PROPOSITION",,28,28,1,"FOR THE PROPOSITION - YES",,2,3,40,45,KAY
10/8/2019,"360202","KAY COUNTY",30001,"PROPOSITION",,28,28,2,"AGAINST THE PROPOSITION - NO",,1,1,57,59,KAY
10/8/2019,"360205","KAY COUNTY",30001,"PROPOSITION",,28,28,1,"FOR THE PROPOSITION - YES",,0,3,37,40,KAY
10/8/2019,"360205","KAY COUNTY",30001,"PROPOSITION",,28,28,2,"AGAINST THE PROPOSITION - NO",,0,0,47,47,KAY
10/8/2019,"360206","KAY COUNTY",30001,"PROPOSITION",,28,28,1,"FOR THE PROPOSITION - YES",,5,3,77,85,KAY
10/8/2019,"360206","KAY COUNTY",30001,"PROPOSITION",,28,28,2,"AGAINST THE PROPOSITION - NO",,2,0,67,69,KAY
10/8/2019,"360400","KAY COUNTY",30001,"PROPOSITION",,28,28,1,"FOR THE PROPOSITION - YES",,0,1,6,7,KAY
10/8/2019,"360400","KAY COUNTY",30001,"PROPOSITION",,28,28,2,"AGAINST THE PROPOSITION - NO",,0,0,4,4,KAY
10/8/2019,"360401","KAY COUNTY",30001,"PROPOSITION",,28,28,1,"FOR THE PROPOSITION - YES",,0,2,2,4,KAY
10/8/2019,"360401","KAY COUNTY",30001,"PROPOSITION",,28,28,2,"AGAINST THE PROPOSITION - NO",,0,0,1,1,KAY
10/8/2019,"360403","KAY COUNTY",30001,"PROPOSITION",,28,28,1,"FOR THE PROPOSITION - YES",,0,7,60,67,KAY
10/8/2019,"360403","KAY COUNTY",30001,"PROPOSITION",,28,28,2,"AGAINST THE PROPOSITION - NO",,0,4,36,40,KAY
10/8/2019,"360404","KAY COUNTY",30001,"PROPOSITION",,28,28,1,"FOR THE PROPOSITION - YES",,0,2,23,25,KAY
10/8/2019,"360404","KAY COUNTY",30001,"PROPOSITION",,28,28,2,"AGAINST THE PROPOSITION - NO",,0,0,17,17,KAY
10/8/2019,"360406","KAY COUNTY",30001,"PROPOSITION",,28,28,1,"FOR THE PROPOSITION - YES",,0,0,27,27,KAY
10/8/2019,"360406","KAY COUNTY",30001,"PROPOSITION",,28,28,2,"AGAINST THE PROPOSITION - NO",,1,1,36,38,KAY
10/8/2019,"360407","KAY COUNTY",30001,"PROPOSITION",,28,28,1,"FOR THE PROPOSITION - YES",,0,0,3,3,KAY
10/8/2019,"360407","KAY COUNTY",30001,"PROPOSITION",,28,28,2,"AGAINST THE PROPOSITION - NO",,0,0,4,4,KAY
10/8/2019,"360409","KAY COUNTY",30001,"PROPOSITION",,28,28,1,"FOR THE PROPOSITION - YES",,0,0,7,7,KAY
10/8/2019,"360409","KAY COUNTY",30001,"PROPOSITION",,28,28,2,"AGAINST THE PROPOSITION - NO",,0,0,9,9,KAY
10/8/2019,"360411","KAY COUNTY",30001,"PROPOSITION",,28,28,1,"FOR THE PROPOSITION - YES",,0,2,14,16,KAY
10/8/2019,"360411","KAY COUNTY",30001,"PROPOSITION",,28,28,2,"AGAINST THE PROPOSITION - NO",,0,0,10,10,KAY
10/8/2019,"360412","KAY COUNTY",30001,"PROPOSITION",,28,28,1,"FOR THE PROPOSITION - YES",,0,0,25,25,KAY
10/8/2019,"360412","KAY COUNTY",30001,"PROPOSITION",,28,28,2,"AGAINST THE PROPOSITION - NO",,0,1,14,15,KAY
10/8/2019,"360413","KAY COUNTY",30001,"PROPOSITION",,28,28,1,"FOR THE PROPOSITION - YES",,2,4,76,82,KAY
10/8/2019,"360413","KAY COUNTY",30001,"PROPOSITION",,28,28,2,"AGAINST THE PROPOSITION - NO",,0,0,20,20,KAY
10/8/2019,"360419","KAY COUNTY",30001,"PROPOSITION",,28,28,1,"FOR THE PROPOSITION - YES",,0,1,23,24,KAY
10/8/2019,"360419","KAY COUNTY",30001,"PROPOSITION",,28,28,2,"AGAINST THE PROPOSITION - NO",,1,0,14,15,KAY
10/8/2019,"360420","KAY COUNTY",30001,"PROPOSITION",,28,28,1,"FOR THE PROPOSITION - YES",,0,0,10,10,KAY
10/8/2019,"360420","KAY COUNTY",30001,"PROPOSITION",,28,28,2,"AGAINST THE PROPOSITION - NO",,0,0,13,13,KAY
10/8/2019,"360503","KAY COUNTY",30001,"PROPOSITION",,28,28,1,"FOR THE PROPOSITION - YES",,0,1,62,63,KAY
10/8/2019,"360503","KAY COUNTY",30001,"PROPOSITION",,28,28,2,"AGAINST THE PROPOSITION - NO",,1,2,31,34,KAY
10/8/2019,"360507","KAY COUNTY",30001,"PROPOSITION",,28,28,1,"FOR THE PROPOSITION - YES",,2,1,26,29,KAY
10/8/2019,"360507","KAY COUNTY",30001,"PROPOSITION",,28,28,2,"AGAINST THE PROPOSITION - NO",,3,1,14,18,KAY
10/8/2019,"360516","KAY COUNTY",30001,"PROPOSITION",,28,28,1,"FOR THE PROPOSITION - YES",,1,1,23,25,KAY
10/8/2019,"360516","KAY COUNTY",30001,"PROPOSITION",,28,28,2,"AGAINST THE PROPOSITION - NO",,0,1,18,19,KAY
10/8/2019,"360517","KAY COUNTY",30001,"PROPOSITION",,28,28,1,"FOR THE PROPOSITION - YES",,0,3,48,51,KAY
10/8/2019,"360517","KAY COUNTY",30001,"PROPOSITION",,28,28,2,"AGAINST THE PROPOSITION - NO",,0,1,15,16,KAY
10/8/2019,"360527","KAY COUNTY",30001,"PROPOSITION",,28,28,1,"FOR THE PROPOSITION - YES",,4,2,62,68,KAY
10/8/2019,"360527","KAY COUNTY",30001,"PROPOSITION",,28,28,2,"AGAINST THE PROPOSITION - NO",,0,1,40,41,KAY
10/8/2019,"360530","KAY COUNTY",30001,"PROPOSITION",,28,28,1,"FOR THE PROPOSITION - YES",,0,3,46,49,KAY
10/8/2019,"360530","KAY COUNTY",30001,"PROPOSITION",,28,28,2,"AGAINST THE PROPOSITION - NO",,1,1,35,37,KAY
10/8/2019,"360532","KAY COUNTY",30001,"PROPOSITION",,28,28,1,"FOR THE PROPOSITION - YES",,0,12,95,107,KAY
10/8/2019,"360532","KAY COUNTY",30001,"PROPOSITION",,28,28,2,"AGAINST THE PROPOSITION - NO",,0,0,26,26,KAY
10/8/2019,"360533","KAY COUNTY",30001,"PROPOSITION",,28,28,1,"FOR THE PROPOSITION - YES",,1,1,54,56,KAY
10/8/2019,"360533","KAY COUNTY",30001,"PROPOSITION",,28,28,2,"AGAINST THE PROPOSITION - NO",,1,0,26,27,KAY
10/8/2019,"360534","KAY COUNTY",30001,"PROPOSITION",,28,28,1,"FOR THE PROPOSITION - YES",,1,7,97,105,KAY
10/8/2019,"360534","KAY COUNTY",30001,"PROPOSITION",,28,28,2,"AGAINST THE PROPOSITION - NO",,0,0,43,43,KAY
10/8/2019,"360535","KAY COUNTY",30001,"PROPOSITION",,28,28,1,"FOR THE PROPOSITION - YES",,1,8,99,108,KAY
10/8/2019,"360535","KAY COUNTY",30001,"PROPOSITION",,28,28,2,"AGAINST THE PROPOSITION - NO",,0,1,52,53,KAY
10/8/2019,"450011","HAWORTH PUBLIC SCHOOLS INDEPENDENT SCHOOL DISTRICT NO. 006",54501,"PROPOSITION  HAWORTH PUBLIC SCHOOLS",,5,5,1,"FOR THE PROPOSITION - YES",,1,14,55,70,,
10/8/2019,"450011","HAWORTH PUBLIC SCHOOLS INDEPENDENT SCHOOL DISTRICT NO. 006",54501,"PROPOSITION  HAWORTH PUBLIC SCHOOLS",,5,5,2,"AGAINST THE PROPOSITION - NO",,0,3,32,35,,
10/8/2019,"450012","HAWORTH PUBLIC SCHOOLS INDEPENDENT SCHOOL DISTRICT NO. 006",54501,"PROPOSITION  HAWORTH PUBLIC SCHOOLS",,5,5,1,"FOR THE PROPOSITION - YES",,0,5,55,60,,
10/8/2019,"450012","HAWORTH PUBLIC SCHOOLS INDEPENDENT SCHOOL DISTRICT NO. 006",54501,"PROPOSITION  HAWORTH PUBLIC SCHOOLS",,5,5,2,"AGAINST THE PROPOSITION - NO",,0,0,8,8,,
10/8/2019,"450013","HAWORTH PUBLIC SCHOOLS INDEPENDENT SCHOOL DISTRICT NO. 006",54501,"PROPOSITION  HAWORTH PUBLIC SCHOOLS",,5,5,1,"FOR THE PROPOSITION - YES",,2,21,110,133,,
10/8/2019,"450013","HAWORTH PUBLIC SCHOOLS INDEPENDENT SCHOOL DISTRICT NO. 006",54501,"PROPOSITION  HAWORTH PUBLIC SCHOOLS",,5,5,2,"AGAINST THE PROPOSITION - NO",,0,5,74,79,,
10/8/2019,"450014","HAWORTH PUBLIC SCHOOLS INDEPENDENT SCHOOL DISTRICT NO. 006",54501,"PROPOSITION  HAWORTH PUBLIC SCHOOLS",,5,5,1,"FOR THE PROPOSITION - YES",,0,2,62,64,,
10/8/2019,"450014","HAWORTH PUBLIC SCHOOLS INDEPENDENT SCHOOL DISTRICT NO. 006",54501,"PROPOSITION  HAWORTH PUBLIC SCHOOLS",,5,5,2,"AGAINST THE PROPOSITION - NO",,0,0,39,39,,
10/8/2019,"450015","HAWORTH PUBLIC SCHOOLS INDEPENDENT SCHOOL DISTRICT NO. 006",54501,"PROPOSITION  HAWORTH PUBLIC SCHOOLS",,5,5,1,"FOR THE PROPOSITION - YES",,0,11,66,77,,
10/8/2019,"450015","HAWORTH PUBLIC SCHOOLS INDEPENDENT SCHOOL DISTRICT NO. 006",54501,"PROPOSITION  HAWORTH PUBLIC SCHOOLS",,5,5,2,"AGAINST THE PROPOSITION - NO",,1,6,48,55,,
10/8/2019,"490020","CHOUTEAU-MAZIE PUBLIC SCHOOLS INDEPENDENT SCHOOL DISTRICT NO. 032",54901,"PROPOSITION  CHOUTEAU-MAZIE PUBLIC SCHOOLS",,8,8,1,"FOR THE PROPOSITION - YES",,0,0,0,0,,
10/8/2019,"490020","CHOUTEAU-MAZIE PUBLIC SCHOOLS INDEPENDENT SCHOOL DISTRICT NO. 032",54901,"PROPOSITION  CHOUTEAU-MAZIE PUBLIC SCHOOLS",,8,8,2,"AGAINST THE PROPOSITION - NO",,0,0,0,0,,
10/8/2019,"490022","CHOUTEAU-MAZIE PUBLIC SCHOOLS INDEPENDENT SCHOOL DISTRICT NO. 032",54901,"PROPOSITION  CHOUTEAU-MAZIE PUBLIC SCHOOLS",,8,8,1,"FOR THE PROPOSITION - YES",,2,0,67,69,,
10/8/2019,"490022","CHOUTEAU-MAZIE PUBLIC SCHOOLS INDEPENDENT SCHOOL DISTRICT NO. 032",54901,"PROPOSITION  CHOUTEAU-MAZIE PUBLIC SCHOOLS",,8,8,2,"AGAINST THE PROPOSITION - NO",,2,1,51,54,,
10/8/2019,"490023","CHOUTEAU-MAZIE PUBLIC SCHOOLS INDEPENDENT SCHOOL DISTRICT NO. 032",54901,"PROPOSITION  CHOUTEAU-MAZIE PUBLIC SCHOOLS",,8,8,1,"FOR THE PROPOSITION - YES",,11,1,87,99,,
10/8/2019,"490023","CHOUTEAU-MAZIE PUBLIC SCHOOLS INDEPENDENT SCHOOL DISTRICT NO. 032",54901,"PROPOSITION  CHOUTEAU-MAZIE PUBLIC SCHOOLS",,8,8,2,"AGAINST THE PROPOSITION - NO",,3,2,40,45,,
10/8/2019,"490024","CHOUTEAU-MAZIE PUBLIC SCHOOLS INDEPENDENT SCHOOL DISTRICT NO. 032",54901,"PROPOSITION  CHOUTEAU-MAZIE PUBLIC SCHOOLS",,8,8,1,"FOR THE PROPOSITION - YES",,2,1,55,58,,
10/8/2019,"490024","CHOUTEAU-MAZIE PUBLIC SCHOOLS INDEPENDENT SCHOOL DISTRICT NO. 032",54901,"PROPOSITION  CHOUTEAU-MAZIE PUBLIC SCHOOLS",,8,8,2,"AGAINST THE PROPOSITION - NO",,2,1,38,41,,
10/8/2019,"490027","CHOUTEAU-MAZIE PUBLIC SCHOOLS INDEPENDENT SCHOOL DISTRICT NO. 032",54901,"PROPOSITION  CHOUTEAU-MAZIE PUBLIC SCHOOLS",,8,8,1,"FOR THE PROPOSITION - YES",,0,0,0,0,,
10/8/2019,"490027","CHOUTEAU-MAZIE PUBLIC SCHOOLS INDEPENDENT SCHOOL DISTRICT NO. 032",54901,"PROPOSITION  CHOUTEAU-MAZIE PUBLIC SCHOOLS",,8,8,2,"AGAINST THE PROPOSITION - NO",,0,0,0,0,,
10/8/2019,"490241","CHOUTEAU-MAZIE PUBLIC SCHOOLS INDEPENDENT SCHOOL DISTRICT NO. 032",54901,"PROPOSITION  CHOUTEAU-MAZIE PUBLIC SCHOOLS",,8,8,1,"FOR THE PROPOSITION - YES",,0,0,0,0,,
10/8/2019,"490241","CHOUTEAU-MAZIE PUBLIC SCHOOLS INDEPENDENT SCHOOL DISTRICT NO. 032",54901,"PROPOSITION  CHOUTEAU-MAZIE PUBLIC SCHOOLS",,8,8,2,"AGAINST THE PROPOSITION - NO",,0,0,0,0,,
10/8/2019,"510005","MUSKOGEE PUBLIC SCHOOLS INDEPENDENT SCHOOL DISTRICT NO. 020",55101,"PROPOSITION  MUSKOGEE PUBLIC SCHOOLS",,19,19,1,"FOR THE PROPOSITION - YES",,2,18,226,246,,
10/8/2019,"510005","MUSKOGEE PUBLIC SCHOOLS INDEPENDENT SCHOOL DISTRICT NO. 020",55101,"PROPOSITION  MUSKOGEE PUBLIC SCHOOLS",,19,19,2,"AGAINST THE PROPOSITION - NO",,1,9,144,154,,
10/8/2019,"510007","MUSKOGEE PUBLIC SCHOOLS INDEPENDENT SCHOOL DISTRICT NO. 020",55101,"PROPOSITION  MUSKOGEE PUBLIC SCHOOLS",,19,19,1,"FOR THE PROPOSITION - YES",,9,28,420,457,,
10/8/2019,"510007","MUSKOGEE PUBLIC SCHOOLS INDEPENDENT SCHOOL DISTRICT NO. 020",55101,"PROPOSITION  MUSKOGEE PUBLIC SCHOOLS",,19,19,2,"AGAINST THE PROPOSITION - NO",,8,23,237,268,,
10/8/2019,"510009","MUSKOGEE PUBLIC SCHOOLS INDEPENDENT SCHOOL DISTRICT NO. 020",55101,"PROPOSITION  MUSKOGEE PUBLIC SCHOOLS",,19,19,1,"FOR THE PROPOSITION - YES",,6,17,401,424,,
10/8/2019,"510009","MUSKOGEE PUBLIC SCHOOLS INDEPENDENT SCHOOL DISTRICT NO. 020",55101,"PROPOSITION  MUSKOGEE PUBLIC SCHOOLS",,19,19,2,"AGAINST THE PROPOSITION - NO",,4,8,189,201,,
10/8/2019,"510011","MUSKOGEE PUBLIC SCHOOLS INDEPENDENT SCHOOL DISTRICT NO. 020",55101,"PROPOSITION  MUSKOGEE PUBLIC SCHOOLS",,19,19,1,"FOR THE PROPOSITION - YES",,1,1,93,95,,
10/8/2019,"510011","MUSKOGEE PUBLIC SCHOOLS INDEPENDENT SCHOOL DISTRICT NO. 020",55101,"PROPOSITION  MUSKOGEE PUBLIC SCHOOLS",,19,19,2,"AGAINST THE PROPOSITION - NO",,0,2,59,61,,
10/8/2019,"510013","MUSKOGEE PUBLIC SCHOOLS INDEPENDENT SCHOOL DISTRICT NO. 020",55101,"PROPOSITION  MUSKOGEE PUBLIC SCHOOLS",,19,19,1,"FOR THE PROPOSITION - YES",,1,6,140,147,,
10/8/2019,"510013","MUSKOGEE PUBLIC SCHOOLS INDEPENDENT SCHOOL DISTRICT NO. 020",55101,"PROPOSITION  MUSKOGEE PUBLIC SCHOOLS",,19,19,2,"AGAINST THE PROPOSITION - NO",,0,4,95,99,,
10/8/2019,"510017","MUSKOGEE PUBLIC SCHOOLS INDEPENDENT SCHOOL DISTRICT NO. 020",55101,"PROPOSITION  MUSKOGEE PUBLIC SCHOOLS",,19,19,1,"FOR THE PROPOSITION - YES",,1,5,92,98,,
10/8/2019,"510017","MUSKOGEE PUBLIC SCHOOLS INDEPENDENT SCHOOL DISTRICT NO. 020",55101,"PROPOSITION  MUSKOGEE PUBLIC SCHOOLS",,19,19,2,"AGAINST THE PROPOSITION - NO",,0,0,20,20,,
10/8/2019,"510021","MUSKOGEE PUBLIC SCHOOLS INDEPENDENT SCHOOL DISTRICT NO. 020",55101,"PROPOSITION  MUSKOGEE PUBLIC SCHOOLS",,19,19,1,"FOR THE PROPOSITION - YES",,2,7,168,177,,
10/8/2019,"510021","MUSKOGEE PUBLIC SCHOOLS INDEPENDENT SCHOOL DISTRICT NO. 020",55101,"PROPOSITION  MUSKOGEE PUBLIC SCHOOLS",,19,19,2,"AGAINST THE PROPOSITION - NO",,0,1,56,57,,
10/8/2019,"510022","MUSKOGEE PUBLIC SCHOOLS INDEPENDENT SCHOOL DISTRICT NO. 020",55101,"PROPOSITION  MUSKOGEE PUBLIC SCHOOLS",,19,19,1,"FOR THE PROPOSITION - YES",,11,12,255,278,,
10/8/2019,"510022","MUSKOGEE PUBLIC SCHOOLS INDEPENDENT SCHOOL DISTRICT NO. 020",55101,"PROPOSITION  MUSKOGEE PUBLIC SCHOOLS",,19,19,2,"AGAINST THE PROPOSITION - NO",,1,6,104,111,,
10/8/2019,"510023","MUSKOGEE PUBLIC SCHOOLS INDEPENDENT SCHOOL DISTRICT NO. 020",55101,"PROPOSITION  MUSKOGEE PUBLIC SCHOOLS",,19,19,1,"FOR THE PROPOSITION - YES",,2,17,219,238,,
10/8/2019,"510023","MUSKOGEE PUBLIC SCHOOLS INDEPENDENT SCHOOL DISTRICT NO. 020",55101,"PROPOSITION  MUSKOGEE PUBLIC SCHOOLS",,19,19,2,"AGAINST THE PROPOSITION - NO",,0,2,42,44,,
10/8/2019,"510028","MUSKOGEE PUBLIC SCHOOLS INDEPENDENT SCHOOL DISTRICT NO. 020",55101,"PROPOSITION  MUSKOGEE PUBLIC SCHOOLS",,19,19,1,"FOR THE PROPOSITION - YES",,0,3,97,100,,
10/8/2019,"510028","MUSKOGEE PUBLIC SCHOOLS INDEPENDENT SCHOOL DISTRICT NO. 020",55101,"PROPOSITION  MUSKOGEE PUBLIC SCHOOLS",,19,19,2,"AGAINST THE PROPOSITION - NO",,0,4,43,47,,
10/8/2019,"510036","MUSKOGEE PUBLIC SCHOOLS INDEPENDENT SCHOOL DISTRICT NO. 020",55101,"PROPOSITION  MUSKOGEE PUBLIC SCHOOLS",,19,19,1,"FOR THE PROPOSITION - YES",,0,0,5,5,,
10/8/2019,"510036","MUSKOGEE PUBLIC SCHOOLS INDEPENDENT SCHOOL DISTRICT NO. 020",55101,"PROPOSITION  MUSKOGEE PUBLIC SCHOOLS",,19,19,2,"AGAINST THE PROPOSITION - NO",,0,0,0,0,,
10/8/2019,"510037","MUSKOGEE PUBLIC SCHOOLS INDEPENDENT SCHOOL DISTRICT NO. 020",55101,"PROPOSITION  MUSKOGEE PUBLIC SCHOOLS",,19,19,1,"FOR THE PROPOSITION - YES",,1,5,122,128,,
10/8/2019,"510037","MUSKOGEE PUBLIC SCHOOLS INDEPENDENT SCHOOL DISTRICT NO. 020",55101,"PROPOSITION  MUSKOGEE PUBLIC SCHOOLS",,19,19,2,"AGAINST THE PROPOSITION - NO",,0,4,87,91,,
10/8/2019,"510038","MUSKOGEE PUBLIC SCHOOLS INDEPENDENT SCHOOL DISTRICT NO. 020",55101,"PROPOSITION  MUSKOGEE PUBLIC SCHOOLS",,19,19,1,"FOR THE PROPOSITION - YES",,12,47,396,455,,
10/8/2019,"510038","MUSKOGEE PUBLIC SCHOOLS INDEPENDENT SCHOOL DISTRICT NO. 020",55101,"PROPOSITION  MUSKOGEE PUBLIC SCHOOLS",,19,19,2,"AGAINST THE PROPOSITION - NO",,2,8,105,115,,
10/8/2019,"510045","MUSKOGEE PUBLIC SCHOOLS INDEPENDENT SCHOOL DISTRICT NO. 020",55101,"PROPOSITION  MUSKOGEE PUBLIC SCHOOLS",,19,19,1,"FOR THE PROPOSITION - YES",,0,3,104,107,,
10/8/2019,"510045","MUSKOGEE PUBLIC SCHOOLS INDEPENDENT SCHOOL DISTRICT NO. 020",55101,"PROPOSITION  MUSKOGEE PUBLIC SCHOOLS",,19,19,2,"AGAINST THE PROPOSITION - NO",,0,0,91,91,,
10/8/2019,"510046","MUSKOGEE PUBLIC SCHOOLS INDEPENDENT SCHOOL DISTRICT NO. 020",55101,"PROPOSITION  MUSKOGEE PUBLIC SCHOOLS",,19,19,1,"FOR THE PROPOSITION - YES",,0,0,0,0,,
10/8/2019,"510046","MUSKOGEE PUBLIC SCHOOLS INDEPENDENT SCHOOL DISTRICT NO. 020",55101,"PROPOSITION  MUSKOGEE PUBLIC SCHOOLS",,19,19,2,"AGAINST THE PROPOSITION - NO",,0,0,1,1,,
10/8/2019,"510047","MUSKOGEE PUBLIC SCHOOLS INDEPENDENT SCHOOL DISTRICT NO. 020",55101,"PROPOSITION  MUSKOGEE PUBLIC SCHOOLS",,19,19,1,"FOR THE PROPOSITION - YES",,2,0,44,46,,
10/8/2019,"510047","MUSKOGEE PUBLIC SCHOOLS INDEPENDENT SCHOOL DISTRICT NO. 020",55101,"PROPOSITION  MUSKOGEE PUBLIC SCHOOLS",,19,19,2,"AGAINST THE PROPOSITION - NO",,0,1,22,23,,
10/8/2019,"510049","MUSKOGEE PUBLIC SCHOOLS INDEPENDENT SCHOOL DISTRICT NO. 020",55101,"PROPOSITION  MUSKOGEE PUBLIC SCHOOLS",,19,19,1,"FOR THE PROPOSITION - YES",,0,1,12,13,,
10/8/2019,"510049","MUSKOGEE PUBLIC SCHOOLS INDEPENDENT SCHOOL DISTRICT NO. 020",55101,"PROPOSITION  MUSKOGEE PUBLIC SCHOOLS",,19,19,2,"AGAINST THE PROPOSITION - NO",,0,0,6,6,,
10/8/2019,"510055","MUSKOGEE PUBLIC SCHOOLS INDEPENDENT SCHOOL DISTRICT NO. 020",55101,"PROPOSITION  MUSKOGEE PUBLIC SCHOOLS",,19,19,1,"FOR THE PROPOSITION - YES",,0,4,22,26,,
10/8/2019,"510055","MUSKOGEE PUBLIC SCHOOLS INDEPENDENT SCHOOL DISTRICT NO. 020",55101,"PROPOSITION  MUSKOGEE PUBLIC SCHOOLS",,19,19,2,"AGAINST THE PROPOSITION - NO",,0,2,25,27,,
10/8/2019,"510061","MUSKOGEE PUBLIC SCHOOLS INDEPENDENT SCHOOL DISTRICT NO. 020",55101,"PROPOSITION  MUSKOGEE PUBLIC SCHOOLS",,19,19,1,"FOR THE PROPOSITION - YES",,0,0,17,17,,
10/8/2019,"510061","MUSKOGEE PUBLIC SCHOOLS INDEPENDENT SCHOOL DISTRICT NO. 020",55101,"PROPOSITION  MUSKOGEE PUBLIC SCHOOLS",,19,19,2,"AGAINST THE PROPOSITION - NO",,0,1,12,13,,
10/8/2019,"540312","WETUMKA PUBLIC SCHOOLS INDEPENDENT SCHOOL DISTRICT NO. 005",53201,"PROPOSITION NO. 1  WETUMKA PUBLIC SCHOOLS",,5,5,1,"FOR THE PROPOSITION - YES",,0,0,0,0,,
10/8/2019,"540312","WETUMKA PUBLIC SCHOOLS INDEPENDENT SCHOOL DISTRICT NO. 005",53201,"PROPOSITION NO. 1  WETUMKA PUBLIC SCHOOLS",,5,5,2,"AGAINST THE PROPOSITION - NO",,0,0,0,0,,
10/8/2019,"540312","WETUMKA PUBLIC SCHOOLS INDEPENDENT SCHOOL DISTRICT NO. 005",53202,"PROPOSITION NO. 2  WETUMKA PUBLIC SCHOOLS",,5,5,1,"FOR THE PROPOSITION - YES",,0,0,0,0,,
10/8/2019,"540312","WETUMKA PUBLIC SCHOOLS INDEPENDENT SCHOOL DISTRICT NO. 005",53202,"PROPOSITION NO. 2  WETUMKA PUBLIC SCHOOLS",,5,5,2,"AGAINST THE PROPOSITION - NO",,0,0,0,0,,
10/8/2019,"550018","JONES PUBLIC SCHOOLS INDEPENDENT SCHOOL DISTRICT NO. 009",55501,"PROPOSITION  JONES PUBLIC SCHOOLS",,10,10,1,"FOR THE PROPOSITION - YES",,0,0,24,24,,
10/8/2019,"550018","JONES PUBLIC SCHOOLS INDEPENDENT SCHOOL DISTRICT NO. 009",55501,"PROPOSITION  JONES PUBLIC SCHOOLS",,10,10,2,"AGAINST THE PROPOSITION - NO",,0,0,12,12,,
10/8/2019,"550065","JONES PUBLIC SCHOOLS INDEPENDENT SCHOOL DISTRICT NO. 009",55501,"PROPOSITION  JONES PUBLIC SCHOOLS",,10,10,1,"FOR THE PROPOSITION - YES",,0,0,7,7,,
10/8/2019,"550065","JONES PUBLIC SCHOOLS INDEPENDENT SCHOOL DISTRICT NO. 009",55501,"PROPOSITION  JONES PUBLIC SCHOOLS",,10,10,2,"AGAINST THE PROPOSITION - NO",,0,0,1,1,,
10/8/2019,"550071","JONES PUBLIC SCHOOLS INDEPENDENT SCHOOL DISTRICT NO. 009",55501,"PROPOSITION  JONES PUBLIC SCHOOLS",,10,10,1,"FOR THE PROPOSITION - YES",,0,0,13,13,,
10/8/2019,"550071","JONES PUBLIC SCHOOLS INDEPENDENT SCHOOL DISTRICT NO. 009",55501,"PROPOSITION  JONES PUBLIC SCHOOLS",,10,10,2,"AGAINST THE PROPOSITION - NO",,0,0,3,3,,
10/8/2019,"550072","JONES PUBLIC SCHOOLS INDEPENDENT SCHOOL DISTRICT NO. 009",55501,"PROPOSITION  JONES PUBLIC SCHOOLS",,10,10,1,"FOR THE PROPOSITION - YES",,0,0,236,236,,
10/8/2019,"550072","JONES PUBLIC SCHOOLS INDEPENDENT SCHOOL DISTRICT NO. 009",55501,"PROPOSITION  JONES PUBLIC SCHOOLS",,10,10,2,"AGAINST THE PROPOSITION - NO",,0,0,32,32,,
10/8/2019,"550073","JONES PUBLIC SCHOOLS INDEPENDENT SCHOOL DISTRICT NO. 009",55501,"PROPOSITION  JONES PUBLIC SCHOOLS",,10,10,1,"FOR THE PROPOSITION - YES",,0,0,56,56,,
10/8/2019,"550073","JONES PUBLIC SCHOOLS INDEPENDENT SCHOOL DISTRICT NO. 009",55501,"PROPOSITION  JONES PUBLIC SCHOOLS",,10,10,2,"AGAINST THE PROPOSITION - NO",,0,0,10,10,,
10/8/2019,"550074","JONES PUBLIC SCHOOLS INDEPENDENT SCHOOL DISTRICT NO. 009",55501,"PROPOSITION  JONES PUBLIC SCHOOLS",,10,10,1,"FOR THE PROPOSITION - YES",,0,0,5,5,,
10/8/2019,"550074","JONES PUBLIC SCHOOLS INDEPENDENT SCHOOL DISTRICT NO. 009",55501,"PROPOSITION  JONES PUBLIC SCHOOLS",,10,10,2,"AGAINST THE PROPOSITION - NO",,0,0,0,0,,
10/8/2019,"550075","JONES PUBLIC SCHOOLS INDEPENDENT SCHOOL DISTRICT NO. 009",55501,"PROPOSITION  JONES PUBLIC SCHOOLS",,10,10,1,"FOR THE PROPOSITION - YES",,0,0,78,78,,
10/8/2019,"550075","JONES PUBLIC SCHOOLS INDEPENDENT SCHOOL DISTRICT NO. 009",55501,"PROPOSITION  JONES PUBLIC SCHOOLS",,10,10,2,"AGAINST THE PROPOSITION - NO",,0,0,14,14,,
10/8/2019,"550107","JONES PUBLIC SCHOOLS INDEPENDENT SCHOOL DISTRICT NO. 009",55501,"PROPOSITION  JONES PUBLIC SCHOOLS",,10,10,1,"FOR THE PROPOSITION - YES",,0,0,27,27,,
10/8/2019,"550107","JONES PUBLIC SCHOOLS INDEPENDENT SCHOOL DISTRICT NO. 009",55501,"PROPOSITION  JONES PUBLIC SCHOOLS",,10,10,2,"AGAINST THE PROPOSITION - NO",,0,0,1,1,,
10/8/2019,"550108","JONES PUBLIC SCHOOLS INDEPENDENT SCHOOL DISTRICT NO. 009",55501,"PROPOSITION  JONES PUBLIC SCHOOLS",,10,10,1,"FOR THE PROPOSITION - YES",,0,0,10,10,,
10/8/2019,"550108","JONES PUBLIC SCHOOLS INDEPENDENT SCHOOL DISTRICT NO. 009",55501,"PROPOSITION  JONES PUBLIC SCHOOLS",,10,10,2,"AGAINST THE PROPOSITION - NO",,0,0,0,0,,
10/8/2019,"550109","JONES PUBLIC SCHOOLS INDEPENDENT SCHOOL DISTRICT NO. 009",55501,"PROPOSITION  JONES PUBLIC SCHOOLS",,10,10,1,"FOR THE PROPOSITION - YES",,0,0,17,17,,
10/8/2019,"550109","JONES PUBLIC SCHOOLS INDEPENDENT SCHOOL DISTRICT NO. 009",55501,"PROPOSITION  JONES PUBLIC SCHOOLS",,10,10,2,"AGAINST THE PROPOSITION - NO",,0,0,2,2,,
10/8/2019,"559999","JONES PUBLIC SCHOOLS INDEPENDENT SCHOOL DISTRICT NO. 009",55501,"PROPOSITION  JONES PUBLIC SCHOOLS",,10,10,1,"FOR THE PROPOSITION - YES",,18,4,0,22,,
10/8/2019,"559999","JONES PUBLIC SCHOOLS INDEPENDENT SCHOOL DISTRICT NO. 009",55501,"PROPOSITION  JONES PUBLIC SCHOOLS",,10,10,2,"AGAINST THE PROPOSITION - NO",,7,0,0,7,,
10/8/2019,"570107","CITY OF PAWHUSKA",45701,"PROPOSITION NO. 1  CITY OF PAWHUSKA",,2,2,1,"YES",,5,39,99,143,,
10/8/2019,"570107","CITY OF PAWHUSKA",45701,"PROPOSITION NO. 1  CITY OF PAWHUSKA",,2,2,2,"NO",,5,59,223,287,,
10/8/2019,"570107","CITY OF PAWHUSKA",45702,"PROPOSITION NO. 2  CITY OF PAWHUSKA",,2,2,1,"YES",,5,41,91,137,,
10/8/2019,"570107","CITY OF PAWHUSKA",45702,"PROPOSITION NO. 2  CITY OF PAWHUSKA",,2,2,2,"NO",,5,57,231,293,,
10/8/2019,"570107","CITY OF PAWHUSKA",45703,"PROPOSITION NO. 3  CITY OF PAWHUSKA",,2,2,1,"YES",,2,48,93,143,,
10/8/2019,"570107","CITY OF PAWHUSKA",45703,"PROPOSITION NO. 3  CITY OF PAWHUSKA",,2,2,2,"NO",,8,50,229,287,,
10/8/2019,"570107","CITY OF PAWHUSKA",45704,"PROPOSITION NO. 4  CITY OF PAWHUSKA",,2,2,1,"YES",,6,38,113,157,,
10/8/2019,"570107","CITY OF PAWHUSKA",45704,"PROPOSITION NO. 4  CITY OF PAWHUSKA",,2,2,2,"NO",,4,55,202,261,,
10/8/2019,"570108","CITY OF PAWHUSKA",45701,"PROPOSITION NO. 1  CITY OF PAWHUSKA",,2,2,1,"YES",,0,16,34,50,,
10/8/2019,"570108","CITY OF PAWHUSKA",45701,"PROPOSITION NO. 1  CITY OF PAWHUSKA",,2,2,2,"NO",,2,12,91,105,,
10/8/2019,"570108","CITY OF PAWHUSKA",45702,"PROPOSITION NO. 2  CITY OF PAWHUSKA",,2,2,1,"YES",,0,9,32,41,,
10/8/2019,"570108","CITY OF PAWHUSKA",45702,"PROPOSITION NO. 2  CITY OF PAWHUSKA",,2,2,2,"NO",,2,19,93,114,,
10/8/2019,"570108","CITY OF PAWHUSKA",45703,"PROPOSITION NO. 3  CITY OF PAWHUSKA",,2,2,1,"YES",,0,13,32,45,,
10/8/2019,"570108","CITY OF PAWHUSKA",45703,"PROPOSITION NO. 3  CITY OF PAWHUSKA",,2,2,2,"NO",,2,15,93,110,,
10/8/2019,"570108","CITY OF PAWHUSKA",45704,"PROPOSITION NO. 4  CITY OF PAWHUSKA",,2,2,1,"YES",,0,16,29,45,,
10/8/2019,"570108","CITY OF PAWHUSKA",45704,"PROPOSITION NO. 4  CITY OF PAWHUSKA",,2,2,2,"NO",,2,12,94,108,,
10/8/2019,"570111","HOMINY PUBLIC SCHOOLS INDEPENDENT SCHOOL DISTRICT NO. 038",55701,"PROPOSITION  HOMINY PUBLIC SCHOOLS",,4,4,1,"FOR THE PROPOSITION - YES",,0,0,2,2,,
10/8/2019,"570111","HOMINY PUBLIC SCHOOLS INDEPENDENT SCHOOL DISTRICT NO. 038",55701,"PROPOSITION  HOMINY PUBLIC SCHOOLS",,4,4,2,"AGAINST THE PROPOSITION - NO",,0,0,0,0,,
10/8/2019,"570112","HOMINY PUBLIC SCHOOLS INDEPENDENT SCHOOL DISTRICT NO. 038",55701,"PROPOSITION  HOMINY PUBLIC SCHOOLS",,4,4,1,"FOR THE PROPOSITION - YES",,4,1,0,5,,
10/8/2019,"570112","HOMINY PUBLIC SCHOOLS INDEPENDENT SCHOOL DISTRICT NO. 038",55701,"PROPOSITION  HOMINY PUBLIC SCHOOLS",,4,4,2,"AGAINST THE PROPOSITION - NO",,2,0,0,2,,
10/8/2019,"570306","HOMINY PUBLIC SCHOOLS INDEPENDENT SCHOOL DISTRICT NO. 038",55701,"PROPOSITION  HOMINY PUBLIC SCHOOLS",,4,4,1,"FOR THE PROPOSITION - YES",,3,0,73,76,,
10/8/2019,"570306","HOMINY PUBLIC SCHOOLS INDEPENDENT SCHOOL DISTRICT NO. 038",55701,"PROPOSITION  HOMINY PUBLIC SCHOOLS",,4,4,2,"AGAINST THE PROPOSITION - NO",,0,0,3,3,,
10/8/2019,"570307","HOMINY PUBLIC SCHOOLS INDEPENDENT SCHOOL DISTRICT NO. 038",55701,"PROPOSITION  HOMINY PUBLIC SCHOOLS",,4,4,1,"FOR THE PROPOSITION - YES",,6,0,185,191,,
10/8/2019,"570307","HOMINY PUBLIC SCHOOLS INDEPENDENT SCHOOL DISTRICT NO. 038",55701,"PROPOSITION  HOMINY PUBLIC SCHOOLS",,4,4,2,"AGAINST THE PROPOSITION - NO",,0,0,8,8,,
10/8/2019,"630038","KONAWA PUBLIC SCHOOLS INDEPENDENT SCHOOL DISTRICT NO. 004",56701,"PROPOSITION  KONAWA PUBLIC SCHOOLS",,4,4,1,"FOR THE PROPOSITION - YES",,0,0,2,2,,
10/8/2019,"630038","KONAWA PUBLIC SCHOOLS INDEPENDENT SCHOOL DISTRICT NO. 004",56701,"PROPOSITION  KONAWA PUBLIC SCHOOLS",,4,4,2,"AGAINST THE PROPOSITION - NO",,2,0,13,15,,
10/8/2019,"630041","KONAWA PUBLIC SCHOOLS INDEPENDENT SCHOOL DISTRICT NO. 004",56701,"PROPOSITION  KONAWA PUBLIC SCHOOLS",,4,4,1,"FOR THE PROPOSITION - YES",,1,0,21,22,,
10/8/2019,"630041","KONAWA PUBLIC SCHOOLS INDEPENDENT SCHOOL DISTRICT NO. 004",56701,"PROPOSITION  KONAWA PUBLIC SCHOOLS",,4,4,2,"AGAINST THE PROPOSITION - NO",,0,0,41,41,,
10/8/2019,"640001","CITY OF ANTLERS",46401,"PROPOSITION  CITY OF ANTLERS",,4,4,1,"FOR THE PROPOSITION - YES",,0,2,7,9,,
10/8/2019,"640001","CITY OF ANTLERS",46401,"PROPOSITION  CITY OF ANTLERS",,4,4,2,"AGAINST THE PROPOSITION - NO",,0,0,0,0,,
10/8/2019,"640002","CITY OF ANTLERS",46401,"PROPOSITION  CITY OF ANTLERS",,4,4,1,"FOR THE PROPOSITION - YES",,0,0,4,4,,
10/8/2019,"640002","CITY OF ANTLERS",46401,"PROPOSITION  CITY OF ANTLERS",,4,4,2,"AGAINST THE PROPOSITION - NO",,0,0,3,3,,
10/8/2019,"640003","CITY OF ANTLERS",46401,"PROPOSITION  CITY OF ANTLERS",,4,4,1,"FOR THE PROPOSITION - YES",,1,0,7,8,,
10/8/2019,"640003","CITY OF ANTLERS",46401,"PROPOSITION  CITY OF ANTLERS",,4,4,2,"AGAINST THE PROPOSITION - NO",,0,0,0,0,,
10/8/2019,"640004","CITY OF ANTLERS",46401,"PROPOSITION  CITY OF ANTLERS",,4,4,1,"FOR THE PROPOSITION - YES",,1,2,11,14,,
10/8/2019,"640004","CITY OF ANTLERS",46401,"PROPOSITION  CITY OF ANTLERS",,4,4,2,"AGAINST THE PROPOSITION - NO",,0,1,0,1,,
10/8/2019,"660019","CHOUTEAU-MAZIE PUBLIC SCHOOLS INDEPENDENT SCHOOL DISTRICT NO. 032",54901,"PROPOSITION  CHOUTEAU-MAZIE PUBLIC SCHOOLS",,8,8,1,"FOR THE PROPOSITION - YES",,0,0,0,0,,
10/8/2019,"660019","CHOUTEAU-MAZIE PUBLIC SCHOOLS INDEPENDENT SCHOOL DISTRICT NO. 032",54901,"PROPOSITION  CHOUTEAU-MAZIE PUBLIC SCHOOLS",,8,8,2,"AGAINST THE PROPOSITION - NO",,0,0,0,0,,
10/8/2019,"670014","KONAWA PUBLIC SCHOOLS INDEPENDENT SCHOOL DISTRICT NO. 004",56701,"PROPOSITION  KONAWA PUBLIC SCHOOLS",,4,4,1,"FOR THE PROPOSITION - YES",,3,0,163,166,,
10/8/2019,"670014","KONAWA PUBLIC SCHOOLS INDEPENDENT SCHOOL DISTRICT NO. 004",56701,"PROPOSITION  KONAWA PUBLIC SCHOOLS",,4,4,2,"AGAINST THE PROPOSITION - NO",,13,3,269,285,,
10/8/2019,"670015","KONAWA PUBLIC SCHOOLS INDEPENDENT SCHOOL DISTRICT NO. 004",56701,"PROPOSITION  KONAWA PUBLIC SCHOOLS",,4,4,1,"FOR THE PROPOSITION - YES",,2,0,5,7,,
10/8/2019,"670015","KONAWA PUBLIC SCHOOLS INDEPENDENT SCHOOL DISTRICT NO. 004",56701,"PROPOSITION  KONAWA PUBLIC SCHOOLS",,4,4,2,"AGAINST THE PROPOSITION - NO",,2,0,8,10,,
10/8/2019,"730205","CHOUTEAU-MAZIE PUBLIC SCHOOLS INDEPENDENT SCHOOL DISTRICT NO. 032",54901,"PROPOSITION  CHOUTEAU-MAZIE PUBLIC SCHOOLS",,8,8,1,"FOR THE PROPOSITION - YES",,2,0,11,13,,
10/8/2019,"730205","CHOUTEAU-MAZIE PUBLIC SCHOOLS INDEPENDENT SCHOOL DISTRICT NO. 032",54901,"PROPOSITION  CHOUTEAU-MAZIE PUBLIC SCHOOLS",,8,8,2,"AGAINST THE PROPOSITION - NO",,0,0,1,1,,
