elec_date,precinct,entity_description,race_number,race_description,race_party,tot_race_prec,race_prec_reporting,cand_number,cand_name,cand_party,cand_absmail_votes,cand_early_votes,cand_elecday_votes,cand_tot_votes,race_county_owner
6/13/2017,"050320","CITY OF ERICK",40501,"PROPOSITION  CITY OF ERICK",,1,1,1,"FOR THE PROPOSITION - YES",,1,0,38,39,,
6/13/2017,"050320","CITY OF ERICK",40501,"PROPOSITION  CITY OF ERICK",,1,1,2,"AGAINST THE PROPOSITION - NO",,0,0,34,34,,
6/13/2017,"080012","CADDO COUNTY",30002,"COUNTY QUESTION",,20,20,1,"FOR THE PROPOSITION - YES",,1,2,8,11,CADDO
6/13/2017,"080012","CADDO COUNTY",30002,"COUNTY QUESTION",,20,20,2,"AGAINST THE PROPOSITION - NO",,2,0,0,2,CADDO
6/13/2017,"080022","CADDO COUNTY",30002,"COUNTY QUESTION",,20,20,1,"FOR THE PROPOSITION - YES",,4,1,16,21,CADDO
6/13/2017,"080022","CADDO COUNTY",30002,"COUNTY QUESTION",,20,20,2,"AGAINST THE PROPOSITION - NO",,2,0,5,7,CADDO
6/13/2017,"080031","CADDO COUNTY",30002,"COUNTY QUESTION",,20,20,1,"FOR THE PROPOSITION - YES",,1,6,20,27,CADDO
6/13/2017,"080031","CADDO COUNTY",30002,"COUNTY QUESTION",,20,20,2,"AGAINST THE PROPOSITION - NO",,0,1,2,3,CADDO
6/13/2017,"080041","CADDO COUNTY",30002,"COUNTY QUESTION",,20,20,1,"FOR THE PROPOSITION - YES",,5,9,35,49,CADDO
6/13/2017,"080041","CADDO COUNTY",30002,"COUNTY QUESTION",,20,20,2,"AGAINST THE PROPOSITION - NO",,2,0,1,3,CADDO
6/13/2017,"080051","CADDO COUNTY",30002,"COUNTY QUESTION",,20,20,1,"FOR THE PROPOSITION - YES",,2,11,77,90,CADDO
6/13/2017,"080051","CADDO COUNTY",30002,"COUNTY QUESTION",,20,20,2,"AGAINST THE PROPOSITION - NO",,2,2,4,8,CADDO
6/13/2017,"080102","CADDO COUNTY",30002,"COUNTY QUESTION",,20,20,1,"FOR THE PROPOSITION - YES",,5,1,92,98,CADDO
6/13/2017,"080102","CADDO COUNTY",30002,"COUNTY QUESTION",,20,20,2,"AGAINST THE PROPOSITION - NO",,7,0,4,11,CADDO
6/13/2017,"080509","CADDO COUNTY",30002,"COUNTY QUESTION",,20,20,1,"FOR THE PROPOSITION - YES",,3,0,24,27,CADDO
6/13/2017,"080509","CADDO COUNTY",30002,"COUNTY QUESTION",,20,20,2,"AGAINST THE PROPOSITION - NO",,0,0,2,2,CADDO
6/13/2017,"080510","CADDO COUNTY",30002,"COUNTY QUESTION",,20,20,1,"FOR THE PROPOSITION - YES",,1,0,56,57,CADDO
6/13/2017,"080510","CADDO COUNTY",30002,"COUNTY QUESTION",,20,20,2,"AGAINST THE PROPOSITION - NO",,1,0,3,4,CADDO
6/13/2017,"080511","CADDO COUNTY",30002,"COUNTY QUESTION",,20,20,1,"FOR THE PROPOSITION - YES",,4,1,105,110,CADDO
6/13/2017,"080511","CADDO COUNTY",30002,"COUNTY QUESTION",,20,20,2,"AGAINST THE PROPOSITION - NO",,0,0,11,11,CADDO
6/13/2017,"080712","CADDO COUNTY",30002,"COUNTY QUESTION",,20,20,1,"FOR THE PROPOSITION - YES",,0,2,81,83,CADDO
6/13/2017,"080712","CADDO COUNTY",30002,"COUNTY QUESTION",,20,20,2,"AGAINST THE PROPOSITION - NO",,1,0,1,2,CADDO
6/13/2017,"080715","CADDO COUNTY",30002,"COUNTY QUESTION",,20,20,1,"FOR THE PROPOSITION - YES",,2,0,8,10,CADDO
6/13/2017,"080715","CADDO COUNTY",30002,"COUNTY QUESTION",,20,20,2,"AGAINST THE PROPOSITION - NO",,0,0,1,1,CADDO
6/13/2017,"080810","CADDO COUNTY",30002,"COUNTY QUESTION",,20,20,1,"FOR THE PROPOSITION - YES",,5,0,23,28,CADDO
6/13/2017,"080810","CADDO COUNTY",30002,"COUNTY QUESTION",,20,20,2,"AGAINST THE PROPOSITION - NO",,0,0,1,1,CADDO
6/13/2017,"080810","TOWN OF GRACEMONT",40801,"PROPOSITION  TOWN OF GRACEMONT",,2,2,1,"FOR THE PROPOSITION - YES",,0,0,5,5,,
6/13/2017,"080810","TOWN OF GRACEMONT",40801,"PROPOSITION  TOWN OF GRACEMONT",,2,2,2,"AGAINST THE PROPOSITION - NO",,0,0,1,1,,
6/13/2017,"080811","CADDO COUNTY",30002,"COUNTY QUESTION",,20,20,1,"FOR THE PROPOSITION - YES",,2,2,47,51,CADDO
6/13/2017,"080811","CADDO COUNTY",30002,"COUNTY QUESTION",,20,20,2,"AGAINST THE PROPOSITION - NO",,1,0,3,4,CADDO
6/13/2017,"080811","TOWN OF GRACEMONT",40801,"PROPOSITION  TOWN OF GRACEMONT",,2,2,1,"FOR THE PROPOSITION - YES",,0,1,25,26,,
6/13/2017,"080811","TOWN OF GRACEMONT",40801,"PROPOSITION  TOWN OF GRACEMONT",,2,2,2,"AGAINST THE PROPOSITION - NO",,0,0,1,1,,
6/13/2017,"080812","CADDO COUNTY",30002,"COUNTY QUESTION",,20,20,1,"FOR THE PROPOSITION - YES",,2,1,26,29,CADDO
6/13/2017,"080812","CADDO COUNTY",30002,"COUNTY QUESTION",,20,20,2,"AGAINST THE PROPOSITION - NO",,1,0,0,1,CADDO
6/13/2017,"081009","CADDO COUNTY",30002,"COUNTY QUESTION",,20,20,1,"FOR THE PROPOSITION - YES",,1,4,29,34,CADDO
6/13/2017,"081009","CADDO COUNTY",30002,"COUNTY QUESTION",,20,20,2,"AGAINST THE PROPOSITION - NO",,0,0,2,2,CADDO
6/13/2017,"081010","CADDO COUNTY",30002,"COUNTY QUESTION",,20,20,1,"FOR THE PROPOSITION - YES",,1,1,44,46,CADDO
6/13/2017,"081010","CADDO COUNTY",30002,"COUNTY QUESTION",,20,20,2,"AGAINST THE PROPOSITION - NO",,1,0,0,1,CADDO
6/13/2017,"081011","CADDO COUNTY",30002,"COUNTY QUESTION",,20,20,1,"FOR THE PROPOSITION - YES",,1,0,40,41,CADDO
6/13/2017,"081011","CADDO COUNTY",30002,"COUNTY QUESTION",,20,20,2,"AGAINST THE PROPOSITION - NO",,1,0,6,7,CADDO
6/13/2017,"081013","CADDO COUNTY",30002,"COUNTY QUESTION",,20,20,1,"FOR THE PROPOSITION - YES",,4,1,29,34,CADDO
6/13/2017,"081013","CADDO COUNTY",30002,"COUNTY QUESTION",,20,20,2,"AGAINST THE PROPOSITION - NO",,6,0,1,7,CADDO
6/13/2017,"081111","CADDO COUNTY",30002,"COUNTY QUESTION",,20,20,1,"FOR THE PROPOSITION - YES",,3,0,80,83,CADDO
6/13/2017,"081111","CADDO COUNTY",30002,"COUNTY QUESTION",,20,20,2,"AGAINST THE PROPOSITION - NO",,1,0,1,2,CADDO
6/13/2017,"081213","CADDO COUNTY",30002,"COUNTY QUESTION",,20,20,1,"FOR THE PROPOSITION - YES",,1,0,17,18,CADDO
6/13/2017,"081213","CADDO COUNTY",30002,"COUNTY QUESTION",,20,20,2,"AGAINST THE PROPOSITION - NO",,0,0,0,0,CADDO
6/13/2017,"160036","TOWN OF MEDICINE PARK",41601,"PROPOSITION  TOWN OF MEDICINE PARK",,2,2,1,"FOR THE PROPOSITION - YES",,2,5,68,75,,
6/13/2017,"160036","TOWN OF MEDICINE PARK",41601,"PROPOSITION  TOWN OF MEDICINE PARK",,2,2,2,"AGAINST THE PROPOSITION - NO",,2,2,45,49,,
6/13/2017,"160051","TOWN OF MEDICINE PARK",41601,"PROPOSITION  TOWN OF MEDICINE PARK",,2,2,1,"FOR THE PROPOSITION - YES",,0,0,0,0,,
6/13/2017,"160051","TOWN OF MEDICINE PARK",41601,"PROPOSITION  TOWN OF MEDICINE PARK",,2,2,2,"AGAINST THE PROPOSITION - NO",,0,0,0,0,,
6/13/2017,"400109","TOWN OF PANAMA",44001,"PROPOSITION  TOWN OF PANAMA",,3,3,1,"FOR THE PROPOSITION - YES",,0,0,0,0,,
6/13/2017,"400109","TOWN OF PANAMA",44001,"PROPOSITION  TOWN OF PANAMA",,3,3,2,"AGAINST THE PROPOSITION - NO",,0,0,0,0,,
6/13/2017,"400110","TOWN OF PANAMA",44001,"PROPOSITION  TOWN OF PANAMA",,3,3,1,"FOR THE PROPOSITION - YES",,0,0,70,70,,
6/13/2017,"400110","TOWN OF PANAMA",44001,"PROPOSITION  TOWN OF PANAMA",,3,3,2,"AGAINST THE PROPOSITION - NO",,0,0,3,3,,
6/13/2017,"400113","TOWN OF PANAMA",44001,"PROPOSITION  TOWN OF PANAMA",,3,3,1,"FOR THE PROPOSITION - YES",,0,0,0,0,,
6/13/2017,"400113","TOWN OF PANAMA",44001,"PROPOSITION  TOWN OF PANAMA",,3,3,2,"AGAINST THE PROPOSITION - NO",,0,0,0,0,,
6/13/2017,"510005","MUSKOGEE COUNTY",30003,"COUNTY QUESTION",,33,33,1,"FOR THE PROPOSITION - YES",,1,8,48,57,MUSKOGEE
6/13/2017,"510005","MUSKOGEE COUNTY",30003,"COUNTY QUESTION",,33,33,2,"AGAINST THE PROPOSITION - NO",,0,0,12,12,MUSKOGEE
6/13/2017,"510007","MUSKOGEE COUNTY",30003,"COUNTY QUESTION",,33,33,1,"FOR THE PROPOSITION - YES",,0,8,81,89,MUSKOGEE
6/13/2017,"510007","MUSKOGEE COUNTY",30003,"COUNTY QUESTION",,33,33,2,"AGAINST THE PROPOSITION - NO",,1,1,17,19,MUSKOGEE
6/13/2017,"510009","MUSKOGEE COUNTY",30003,"COUNTY QUESTION",,33,33,1,"FOR THE PROPOSITION - YES",,0,12,106,118,MUSKOGEE
6/13/2017,"510009","MUSKOGEE COUNTY",30003,"COUNTY QUESTION",,33,33,2,"AGAINST THE PROPOSITION - NO",,0,2,17,19,MUSKOGEE
6/13/2017,"510011","MUSKOGEE COUNTY",30003,"COUNTY QUESTION",,33,33,1,"FOR THE PROPOSITION - YES",,0,2,19,21,MUSKOGEE
6/13/2017,"510011","MUSKOGEE COUNTY",30003,"COUNTY QUESTION",,33,33,2,"AGAINST THE PROPOSITION - NO",,0,1,4,5,MUSKOGEE
6/13/2017,"510013","MUSKOGEE COUNTY",30003,"COUNTY QUESTION",,33,33,1,"FOR THE PROPOSITION - YES",,0,8,45,53,MUSKOGEE
6/13/2017,"510013","MUSKOGEE COUNTY",30003,"COUNTY QUESTION",,33,33,2,"AGAINST THE PROPOSITION - NO",,0,1,10,11,MUSKOGEE
6/13/2017,"510017","MUSKOGEE COUNTY",30003,"COUNTY QUESTION",,33,33,1,"FOR THE PROPOSITION - YES",,0,0,16,16,MUSKOGEE
6/13/2017,"510017","MUSKOGEE COUNTY",30003,"COUNTY QUESTION",,33,33,2,"AGAINST THE PROPOSITION - NO",,0,1,5,6,MUSKOGEE
6/13/2017,"510021","MUSKOGEE COUNTY",30003,"COUNTY QUESTION",,33,33,1,"FOR THE PROPOSITION - YES",,1,8,27,36,MUSKOGEE
6/13/2017,"510021","MUSKOGEE COUNTY",30003,"COUNTY QUESTION",,33,33,2,"AGAINST THE PROPOSITION - NO",,0,0,11,11,MUSKOGEE
6/13/2017,"510022","MUSKOGEE COUNTY",30003,"COUNTY QUESTION",,33,33,1,"FOR THE PROPOSITION - YES",,6,15,59,80,MUSKOGEE
6/13/2017,"510022","MUSKOGEE COUNTY",30003,"COUNTY QUESTION",,33,33,2,"AGAINST THE PROPOSITION - NO",,1,0,13,14,MUSKOGEE
6/13/2017,"510023","MUSKOGEE COUNTY",30003,"COUNTY QUESTION",,33,33,1,"FOR THE PROPOSITION - YES",,0,4,25,29,MUSKOGEE
6/13/2017,"510023","MUSKOGEE COUNTY",30003,"COUNTY QUESTION",,33,33,2,"AGAINST THE PROPOSITION - NO",,0,0,9,9,MUSKOGEE
6/13/2017,"510028","MUSKOGEE COUNTY",30003,"COUNTY QUESTION",,33,33,1,"FOR THE PROPOSITION - YES",,0,2,17,19,MUSKOGEE
6/13/2017,"510028","MUSKOGEE COUNTY",30003,"COUNTY QUESTION",,33,33,2,"AGAINST THE PROPOSITION - NO",,0,0,8,8,MUSKOGEE
6/13/2017,"510033","MUSKOGEE COUNTY",30003,"COUNTY QUESTION",,33,33,1,"FOR THE PROPOSITION - YES",,0,0,8,8,MUSKOGEE
6/13/2017,"510033","MUSKOGEE COUNTY",30003,"COUNTY QUESTION",,33,33,2,"AGAINST THE PROPOSITION - NO",,0,0,5,5,MUSKOGEE
6/13/2017,"510036","MUSKOGEE COUNTY",30003,"COUNTY QUESTION",,33,33,1,"FOR THE PROPOSITION - YES",,0,1,6,7,MUSKOGEE
6/13/2017,"510036","MUSKOGEE COUNTY",30003,"COUNTY QUESTION",,33,33,2,"AGAINST THE PROPOSITION - NO",,0,0,7,7,MUSKOGEE
6/13/2017,"510037","MUSKOGEE COUNTY",30003,"COUNTY QUESTION",,33,33,1,"FOR THE PROPOSITION - YES",,0,0,66,66,MUSKOGEE
6/13/2017,"510037","MUSKOGEE COUNTY",30003,"COUNTY QUESTION",,33,33,2,"AGAINST THE PROPOSITION - NO",,0,0,3,3,MUSKOGEE
6/13/2017,"510038","MUSKOGEE COUNTY",30003,"COUNTY QUESTION",,33,33,1,"FOR THE PROPOSITION - YES",,1,12,86,99,MUSKOGEE
6/13/2017,"510038","MUSKOGEE COUNTY",30003,"COUNTY QUESTION",,33,33,2,"AGAINST THE PROPOSITION - NO",,0,3,9,12,MUSKOGEE
6/13/2017,"510040","MUSKOGEE COUNTY",30003,"COUNTY QUESTION",,33,33,1,"FOR THE PROPOSITION - YES",,0,1,2,3,MUSKOGEE
6/13/2017,"510040","MUSKOGEE COUNTY",30003,"COUNTY QUESTION",,33,33,2,"AGAINST THE PROPOSITION - NO",,0,0,0,0,MUSKOGEE
6/13/2017,"510041","MUSKOGEE COUNTY",30003,"COUNTY QUESTION",,33,33,1,"FOR THE PROPOSITION - YES",,3,2,36,41,MUSKOGEE
6/13/2017,"510041","MUSKOGEE COUNTY",30003,"COUNTY QUESTION",,33,33,2,"AGAINST THE PROPOSITION - NO",,1,4,7,12,MUSKOGEE
6/13/2017,"510044","MUSKOGEE COUNTY",30003,"COUNTY QUESTION",,33,33,1,"FOR THE PROPOSITION - YES",,0,0,52,52,MUSKOGEE
6/13/2017,"510044","MUSKOGEE COUNTY",30003,"COUNTY QUESTION",,33,33,2,"AGAINST THE PROPOSITION - NO",,0,0,6,6,MUSKOGEE
6/13/2017,"510045","MUSKOGEE COUNTY",30003,"COUNTY QUESTION",,33,33,1,"FOR THE PROPOSITION - YES",,0,3,50,53,MUSKOGEE
6/13/2017,"510045","MUSKOGEE COUNTY",30003,"COUNTY QUESTION",,33,33,2,"AGAINST THE PROPOSITION - NO",,0,0,4,4,MUSKOGEE
6/13/2017,"510046","MUSKOGEE COUNTY",30003,"COUNTY QUESTION",,33,33,1,"FOR THE PROPOSITION - YES",,5,5,90,100,MUSKOGEE
6/13/2017,"510046","MUSKOGEE COUNTY",30003,"COUNTY QUESTION",,33,33,2,"AGAINST THE PROPOSITION - NO",,1,2,24,27,MUSKOGEE
6/13/2017,"510047","MUSKOGEE COUNTY",30003,"COUNTY QUESTION",,33,33,1,"FOR THE PROPOSITION - YES",,0,7,36,43,MUSKOGEE
6/13/2017,"510047","MUSKOGEE COUNTY",30003,"COUNTY QUESTION",,33,33,2,"AGAINST THE PROPOSITION - NO",,0,0,7,7,MUSKOGEE
6/13/2017,"510049","MUSKOGEE COUNTY",30003,"COUNTY QUESTION",,33,33,1,"FOR THE PROPOSITION - YES",,0,2,15,17,MUSKOGEE
6/13/2017,"510049","MUSKOGEE COUNTY",30003,"COUNTY QUESTION",,33,33,2,"AGAINST THE PROPOSITION - NO",,0,0,1,1,MUSKOGEE
6/13/2017,"510050","MUSKOGEE COUNTY",30003,"COUNTY QUESTION",,33,33,1,"FOR THE PROPOSITION - YES",,0,1,7,8,MUSKOGEE
6/13/2017,"510050","MUSKOGEE COUNTY",30003,"COUNTY QUESTION",,33,33,2,"AGAINST THE PROPOSITION - NO",,0,0,2,2,MUSKOGEE
6/13/2017,"510051","MUSKOGEE COUNTY",30003,"COUNTY QUESTION",,33,33,1,"FOR THE PROPOSITION - YES",,0,1,24,25,MUSKOGEE
6/13/2017,"510051","MUSKOGEE COUNTY",30003,"COUNTY QUESTION",,33,33,2,"AGAINST THE PROPOSITION - NO",,0,0,2,2,MUSKOGEE
6/13/2017,"510052","MUSKOGEE COUNTY",30003,"COUNTY QUESTION",,33,33,1,"FOR THE PROPOSITION - YES",,0,3,19,22,MUSKOGEE
6/13/2017,"510052","MUSKOGEE COUNTY",30003,"COUNTY QUESTION",,33,33,2,"AGAINST THE PROPOSITION - NO",,0,0,5,5,MUSKOGEE
6/13/2017,"510053","MUSKOGEE COUNTY",30003,"COUNTY QUESTION",,33,33,1,"FOR THE PROPOSITION - YES",,2,3,61,66,MUSKOGEE
6/13/2017,"510053","MUSKOGEE COUNTY",30003,"COUNTY QUESTION",,33,33,2,"AGAINST THE PROPOSITION - NO",,0,0,2,2,MUSKOGEE
6/13/2017,"510055","MUSKOGEE COUNTY",30003,"COUNTY QUESTION",,33,33,1,"FOR THE PROPOSITION - YES",,0,10,95,105,MUSKOGEE
6/13/2017,"510055","MUSKOGEE COUNTY",30003,"COUNTY QUESTION",,33,33,2,"AGAINST THE PROPOSITION - NO",,1,3,16,20,MUSKOGEE
6/13/2017,"510056","MUSKOGEE COUNTY",30003,"COUNTY QUESTION",,33,33,1,"FOR THE PROPOSITION - YES",,0,0,7,7,MUSKOGEE
6/13/2017,"510056","MUSKOGEE COUNTY",30003,"COUNTY QUESTION",,33,33,2,"AGAINST THE PROPOSITION - NO",,0,0,0,0,MUSKOGEE
6/13/2017,"510057","MUSKOGEE COUNTY",30003,"COUNTY QUESTION",,33,33,1,"FOR THE PROPOSITION - YES",,0,1,0,1,MUSKOGEE
6/13/2017,"510057","MUSKOGEE COUNTY",30003,"COUNTY QUESTION",,33,33,2,"AGAINST THE PROPOSITION - NO",,0,0,0,0,MUSKOGEE
6/13/2017,"510058","MUSKOGEE COUNTY",30003,"COUNTY QUESTION",,33,33,1,"FOR THE PROPOSITION - YES",,0,0,16,16,MUSKOGEE
6/13/2017,"510058","MUSKOGEE COUNTY",30003,"COUNTY QUESTION",,33,33,2,"AGAINST THE PROPOSITION - NO",,0,0,4,4,MUSKOGEE
6/13/2017,"510059","MUSKOGEE COUNTY",30003,"COUNTY QUESTION",,33,33,1,"FOR THE PROPOSITION - YES",,0,5,35,40,MUSKOGEE
6/13/2017,"510059","MUSKOGEE COUNTY",30003,"COUNTY QUESTION",,33,33,2,"AGAINST THE PROPOSITION - NO",,0,0,2,2,MUSKOGEE
6/13/2017,"510060","MUSKOGEE COUNTY",30003,"COUNTY QUESTION",,33,33,1,"FOR THE PROPOSITION - YES",,0,2,5,7,MUSKOGEE
6/13/2017,"510060","MUSKOGEE COUNTY",30003,"COUNTY QUESTION",,33,33,2,"AGAINST THE PROPOSITION - NO",,0,0,4,4,MUSKOGEE
6/13/2017,"510061","MUSKOGEE COUNTY",30003,"COUNTY QUESTION",,33,33,1,"FOR THE PROPOSITION - YES",,0,2,28,30,MUSKOGEE
6/13/2017,"510061","MUSKOGEE COUNTY",30003,"COUNTY QUESTION",,33,33,2,"AGAINST THE PROPOSITION - NO",,0,0,1,1,MUSKOGEE
6/13/2017,"510064","MUSKOGEE COUNTY",30003,"COUNTY QUESTION",,33,33,1,"FOR THE PROPOSITION - YES",,0,5,31,36,MUSKOGEE
6/13/2017,"510064","MUSKOGEE COUNTY",30003,"COUNTY QUESTION",,33,33,2,"AGAINST THE PROPOSITION - NO",,0,0,18,18,MUSKOGEE
6/13/2017,"570103","TOWN OF WEBB CITY",45701,"PROPOSITION  TOWN OF WEBB CITY",,1,1,1,"FOR THE PROPOSITION - YES",,0,0,9,9,,
6/13/2017,"570103","TOWN OF WEBB CITY",45701,"PROPOSITION  TOWN OF WEBB CITY",,1,1,2,"AGAINST THE PROPOSITION - NO",,0,0,0,0,,
6/13/2017,"680101","TOWN OF MULDROW",46802,"PROPOSITION  TOWN OF MULDROW",,4,4,1,"FOR THE PROPOSITION - YES",,0,0,3,3,,
6/13/2017,"680101","TOWN OF MULDROW",46802,"PROPOSITION  TOWN OF MULDROW",,4,4,2,"AGAINST THE PROPOSITION - NO",,0,0,0,0,,
6/13/2017,"680102","TOWN OF MULDROW",46802,"PROPOSITION  TOWN OF MULDROW",,4,4,1,"FOR THE PROPOSITION - YES",,0,0,0,0,,
6/13/2017,"680102","TOWN OF MULDROW",46802,"PROPOSITION  TOWN OF MULDROW",,4,4,2,"AGAINST THE PROPOSITION - NO",,0,0,0,0,,
6/13/2017,"680103","TOWN OF MULDROW",46802,"PROPOSITION  TOWN OF MULDROW",,4,4,1,"FOR THE PROPOSITION - YES",,0,0,14,14,,
6/13/2017,"680103","TOWN OF MULDROW",46802,"PROPOSITION  TOWN OF MULDROW",,4,4,2,"AGAINST THE PROPOSITION - NO",,0,0,3,3,,
6/13/2017,"680104","TOWN OF MULDROW",46802,"PROPOSITION  TOWN OF MULDROW",,4,4,1,"FOR THE PROPOSITION - YES",,0,0,0,0,,
6/13/2017,"680104","TOWN OF MULDROW",46802,"PROPOSITION  TOWN OF MULDROW",,4,4,2,"AGAINST THE PROPOSITION - NO",,0,0,0,0,,
6/13/2017,"680204","CITY OF SALLISAW",46801,"PROPOSITION  CITY OF SALLISAW",,6,6,1,"FOR THE PROPOSITION - YES",,0,0,0,0,,
6/13/2017,"680204","CITY OF SALLISAW",46801,"PROPOSITION  CITY OF SALLISAW",,6,6,2,"AGAINST THE PROPOSITION - NO",,0,0,0,0,,
6/13/2017,"680205","CITY OF SALLISAW",46801,"PROPOSITION  CITY OF SALLISAW",,6,6,1,"FOR THE PROPOSITION - YES",,1,1,18,20,,
6/13/2017,"680205","CITY OF SALLISAW",46801,"PROPOSITION  CITY OF SALLISAW",,6,6,2,"AGAINST THE PROPOSITION - NO",,0,0,4,4,,
6/13/2017,"680206","CITY OF SALLISAW",46801,"PROPOSITION  CITY OF SALLISAW",,6,6,1,"FOR THE PROPOSITION - YES",,0,0,0,0,,
6/13/2017,"680206","CITY OF SALLISAW",46801,"PROPOSITION  CITY OF SALLISAW",,6,6,2,"AGAINST THE PROPOSITION - NO",,0,0,0,0,,
6/13/2017,"680301","CITY OF SALLISAW",46801,"PROPOSITION  CITY OF SALLISAW",,6,6,1,"FOR THE PROPOSITION - YES",,2,0,20,22,,
6/13/2017,"680301","CITY OF SALLISAW",46801,"PROPOSITION  CITY OF SALLISAW",,6,6,2,"AGAINST THE PROPOSITION - NO",,0,0,2,2,,
6/13/2017,"680302","CITY OF SALLISAW",46801,"PROPOSITION  CITY OF SALLISAW",,6,6,1,"FOR THE PROPOSITION - YES",,0,1,3,4,,
6/13/2017,"680302","CITY OF SALLISAW",46801,"PROPOSITION  CITY OF SALLISAW",,6,6,2,"AGAINST THE PROPOSITION - NO",,0,0,0,0,,
6/13/2017,"680303","CITY OF SALLISAW",46801,"PROPOSITION  CITY OF SALLISAW",,6,6,1,"FOR THE PROPOSITION - YES",,0,0,20,20,,
6/13/2017,"680303","CITY OF SALLISAW",46801,"PROPOSITION  CITY OF SALLISAW",,6,6,2,"AGAINST THE PROPOSITION - NO",,0,0,0,0,,
6/13/2017,"710001","TILLMAN COUNTY",30001,"COUNTY QUESTION",,9,9,1,"FOR THE PROPOSITION - YES",,9,46,173,228,TILLMAN
6/13/2017,"710001","TILLMAN COUNTY",30001,"COUNTY QUESTION",,9,9,2,"AGAINST THE PROPOSITION - NO",,0,6,12,18,TILLMAN
6/13/2017,"710002","TILLMAN COUNTY",30001,"COUNTY QUESTION",,9,9,1,"FOR THE PROPOSITION - YES",,0,17,74,91,TILLMAN
6/13/2017,"710002","TILLMAN COUNTY",30001,"COUNTY QUESTION",,9,9,2,"AGAINST THE PROPOSITION - NO",,1,0,20,21,TILLMAN
6/13/2017,"710003","TILLMAN COUNTY",30001,"COUNTY QUESTION",,9,9,1,"FOR THE PROPOSITION - YES",,0,6,38,44,TILLMAN
6/13/2017,"710003","TILLMAN COUNTY",30001,"COUNTY QUESTION",,9,9,2,"AGAINST THE PROPOSITION - NO",,0,1,6,7,TILLMAN
6/13/2017,"710004","TILLMAN COUNTY",30001,"COUNTY QUESTION",,9,9,1,"FOR THE PROPOSITION - YES",,0,14,35,49,TILLMAN
6/13/2017,"710004","TILLMAN COUNTY",30001,"COUNTY QUESTION",,9,9,2,"AGAINST THE PROPOSITION - NO",,1,3,12,16,TILLMAN
6/13/2017,"710006","TILLMAN COUNTY",30001,"COUNTY QUESTION",,9,9,1,"FOR THE PROPOSITION - YES",,3,1,53,57,TILLMAN
6/13/2017,"710006","TILLMAN COUNTY",30001,"COUNTY QUESTION",,9,9,2,"AGAINST THE PROPOSITION - NO",,0,0,0,0,TILLMAN
6/13/2017,"710007","TILLMAN COUNTY",30001,"COUNTY QUESTION",,9,9,1,"FOR THE PROPOSITION - YES",,0,0,96,96,TILLMAN
6/13/2017,"710007","TILLMAN COUNTY",30001,"COUNTY QUESTION",,9,9,2,"AGAINST THE PROPOSITION - NO",,0,0,42,42,TILLMAN
6/13/2017,"710009","TILLMAN COUNTY",30001,"COUNTY QUESTION",,9,9,1,"FOR THE PROPOSITION - YES",,2,6,62,70,TILLMAN
6/13/2017,"710009","TILLMAN COUNTY",30001,"COUNTY QUESTION",,9,9,2,"AGAINST THE PROPOSITION - NO",,0,1,8,9,TILLMAN
6/13/2017,"710010","TILLMAN COUNTY",30001,"COUNTY QUESTION",,9,9,1,"FOR THE PROPOSITION - YES",,1,8,112,121,TILLMAN
6/13/2017,"710010","TILLMAN COUNTY",30001,"COUNTY QUESTION",,9,9,2,"AGAINST THE PROPOSITION - NO",,3,1,16,20,TILLMAN
6/13/2017,"710012","TILLMAN COUNTY",30001,"COUNTY QUESTION",,9,9,1,"FOR THE PROPOSITION - YES",,0,3,31,34,TILLMAN
6/13/2017,"710012","TILLMAN COUNTY",30001,"COUNTY QUESTION",,9,9,2,"AGAINST THE PROPOSITION - NO",,1,1,10,12,TILLMAN
