elec_date,county,entity_description,race_number,race_description,race_party,tot_race_prec,race_prec_reporting,cand_number,cand_name,cand_party,cand_absmail_votes,cand_early_votes,cand_elecday_votes,cand_tot_votes,race_county_owner
11/10/2015,"CANADIAN","CITY OF YUKON",40901,"PROPOSITION NO. 1  CITY OF YUKON",,11,11,1,"FOR THE PROPOSITION - YES",,57,3,281,341,,
11/10/2015,"CANADIAN","CITY OF YUKON",40901,"PROPOSITION NO. 1  CITY OF YUKON",,11,11,2,"AGAINST THE PROPOSITION - NO",,5,0,22,27,,
11/10/2015,"CANADIAN","CITY OF YUKON",40902,"PROPOSITION NO. 2  CITY OF YUKON",,11,11,1,"FOR THE PROPOSITION - YES",,54,3,285,342,,
11/10/2015,"CANADIAN","CITY OF YUKON",40902,"PROPOSITION NO. 2  CITY OF YUKON",,11,11,2,"AGAINST THE PROPOSITION - NO",,8,0,23,31,,
11/10/2015,"CHEROKEE","CHEROKEE COUNTY",30003,"PROPOSITION",,24,24,1,"FOR THE PROPOSITION - YES",,21,76,379,476,,
11/10/2015,"CHEROKEE","CHEROKEE COUNTY",30003,"PROPOSITION",,24,24,2,"AGAINST THE PROPOSITION - NO",,22,111,1276,1409,,
11/10/2015,"CHEROKEE","NORTHEAST TECH CENTER DISTRICT NO. 11",54901,"PROPOSITION NO. 1 (BUILDING FUND LEVY)  NORTHEAST TECH CENTER",,4,4,1,"FOR THE PROPOSITION - YES",,1,3,10,14,,
11/10/2015,"CHEROKEE","NORTHEAST TECH CENTER DISTRICT NO. 11",54901,"PROPOSITION NO. 1 (BUILDING FUND LEVY)  NORTHEAST TECH CENTER",,4,4,2,"AGAINST THE PROPOSITION - NO",,0,6,57,63,,
11/10/2015,"CHEROKEE","NORTHEAST TECH CENTER DISTRICT NO. 11",54902,"PROPOSITION NO. 2 (MAKING BUILDING FUND LEVY PERMANENT)  NORTHEAST TECH CENTER",,4,4,1,"FOR THE PROPOSITION - YES",,0,3,5,8,,
11/10/2015,"CHEROKEE","NORTHEAST TECH CENTER DISTRICT NO. 11",54902,"PROPOSITION NO. 2 (MAKING BUILDING FUND LEVY PERMANENT)  NORTHEAST TECH CENTER",,4,4,2,"AGAINST THE PROPOSITION - NO",,1,6,60,67,,
11/10/2015,"CHOCTAW","FORT TOWSON PUBLIC SCHOOLS INDEPENDENT SCHOOL DISTRICT NO. 002",51201,"PROPOSITION  FORT TOWSON PUBLIC SCHOOLS",,6,6,1,"FOR THE PROPOSITION - YES",,5,4,175,184,,
11/10/2015,"CHOCTAW","FORT TOWSON PUBLIC SCHOOLS INDEPENDENT SCHOOL DISTRICT NO. 002",51201,"PROPOSITION  FORT TOWSON PUBLIC SCHOOLS",,6,6,2,"AGAINST THE PROPOSITION - NO",,3,4,52,59,,
11/10/2015,"CHOCTAW","GRANT PUBLIC SCHOOL ELEMENTARY SCHOOL DISTRICT NO. 003",51202,"PROPOSITION  GRANT PUBLIC SCHOOL",,5,5,1,"FOR THE PROPOSITION - YES",,0,3,30,33,,
11/10/2015,"CHOCTAW","GRANT PUBLIC SCHOOL ELEMENTARY SCHOOL DISTRICT NO. 003",51202,"PROPOSITION  GRANT PUBLIC SCHOOL",,5,5,2,"AGAINST THE PROPOSITION - NO",,0,2,62,64,,
11/10/2015,"COMANCHE","CITY OF LAWTON",41601,"PROPOSITION  CITY OF LAWTON",,28,28,1,"FOR THE PROPOSITION - YES",,79,97,1250,1426,,
11/10/2015,"COMANCHE","CITY OF LAWTON",41601,"PROPOSITION  CITY OF LAWTON",,28,28,2,"AGAINST THE PROPOSITION - NO",,28,30,303,361,,
11/10/2015,"COMANCHE","TOWN OF STERLING",41602,"PROPOSITION  TOWN OF STERLING",,1,1,1,"FOR THE PROPOSITION - YES",,2,0,45,47,,
11/10/2015,"COMANCHE","TOWN OF STERLING",41602,"PROPOSITION  TOWN OF STERLING",,1,1,2,"AGAINST THE PROPOSITION - NO",,0,0,0,0,,
11/10/2015,"COMANCHE","CACHE PUBLIC SCHOOLS INDEPENDENT SCHOOL DISTRICT NO. 001",51601,"PROPOSITION NO. 1  CACHE PUBLIC SCHOOLS",,7,7,1,"FOR THE PROPOSITION - YES",,5,29,381,415,,
11/10/2015,"COMANCHE","CACHE PUBLIC SCHOOLS INDEPENDENT SCHOOL DISTRICT NO. 001",51601,"PROPOSITION NO. 1  CACHE PUBLIC SCHOOLS",,7,7,2,"AGAINST THE PROPOSITION - NO",,10,16,354,380,,
11/10/2015,"COMANCHE","CACHE PUBLIC SCHOOLS INDEPENDENT SCHOOL DISTRICT NO. 001",51602,"PROPOSITION NO. 2  CACHE PUBLIC SCHOOLS",,7,7,1,"FOR THE PROPOSITION - YES",,6,29,457,492,,
11/10/2015,"COMANCHE","CACHE PUBLIC SCHOOLS INDEPENDENT SCHOOL DISTRICT NO. 001",51602,"PROPOSITION NO. 2  CACHE PUBLIC SCHOOLS",,7,7,2,"AGAINST THE PROPOSITION - NO",,9,16,278,303,,
11/10/2015,"CRAIG","CLEORA PUBLIC SCHOOL ELEMENTARY SCHOOL DISTRICT NO. 006",52101,"PROPOSITION  CLEORA PUBLIC SCHOOL",,1,1,1,"FOR THE PROPOSITION - YES",,0,0,0,0,,
11/10/2015,"CRAIG","CLEORA PUBLIC SCHOOL ELEMENTARY SCHOOL DISTRICT NO. 006",52101,"PROPOSITION  CLEORA PUBLIC SCHOOL",,1,1,2,"AGAINST THE PROPOSITION - NO",,0,0,0,0,,
11/10/2015,"CRAIG","NORTHEAST TECH CENTER DISTRICT NO. 11",54901,"PROPOSITION NO. 1 (BUILDING FUND LEVY)  NORTHEAST TECH CENTER",,12,12,1,"FOR THE PROPOSITION - YES",,10,6,122,138,,
11/10/2015,"CRAIG","NORTHEAST TECH CENTER DISTRICT NO. 11",54901,"PROPOSITION NO. 1 (BUILDING FUND LEVY)  NORTHEAST TECH CENTER",,12,12,2,"AGAINST THE PROPOSITION - NO",,18,22,289,329,,
11/10/2015,"CRAIG","NORTHEAST TECH CENTER DISTRICT NO. 11",54902,"PROPOSITION NO. 2 (MAKING BUILDING FUND LEVY PERMANENT)  NORTHEAST TECH CENTER",,12,12,1,"FOR THE PROPOSITION - YES",,7,4,94,105,,
11/10/2015,"CRAIG","NORTHEAST TECH CENTER DISTRICT NO. 11",54902,"PROPOSITION NO. 2 (MAKING BUILDING FUND LEVY PERMANENT)  NORTHEAST TECH CENTER",,12,12,2,"AGAINST THE PROPOSITION - NO",,21,24,316,361,,
11/10/2015,"CUSTER","CITY OF CLINTON HOME RULE CHARTER",42001,"FOR COUNCILMAN WARD 1  CITY OF CLINTON",,3,3,1,"LONNIE J BURNS",,0,2,16,18,CUSTER
11/10/2015,"CUSTER","CITY OF CLINTON HOME RULE CHARTER",42001,"FOR COUNCILMAN WARD 1  CITY OF CLINTON",,3,3,2,"JASON HULIN",,1,4,47,52,CUSTER
11/10/2015,"CUSTER","CITY OF CLINTON HOME RULE CHARTER",42002,"FOR COUNCILMAN WARD 3  CITY OF CLINTON",,3,3,1,"CHUY ROSALES",,5,5,141,151,CUSTER
11/10/2015,"CUSTER","CITY OF CLINTON HOME RULE CHARTER",42002,"FOR COUNCILMAN WARD 3  CITY OF CLINTON",,3,3,2,"LEON KINDER",,4,8,121,133,CUSTER
11/10/2015,"DELAWARE","CLEORA PUBLIC SCHOOL ELEMENTARY SCHOOL DISTRICT NO. 006",52101,"PROPOSITION  CLEORA PUBLIC SCHOOL",,2,2,1,"FOR THE PROPOSITION - YES",,1,4,220,225,,
11/10/2015,"DELAWARE","CLEORA PUBLIC SCHOOL ELEMENTARY SCHOOL DISTRICT NO. 006",52101,"PROPOSITION  CLEORA PUBLIC SCHOOL",,2,2,2,"AGAINST THE PROPOSITION - NO",,8,0,114,122,,
11/10/2015,"DELAWARE","JAY PUBLIC SCHOOLS INDEPENDENT SCHOOL DISTRICT NO. 001",52102,"PROPOSITION NO. 1  JAY PUBLIC SCHOOLS",,10,10,1,"FOR THE PROPOSITION - YES",,18,65,471,554,,
11/10/2015,"DELAWARE","JAY PUBLIC SCHOOLS INDEPENDENT SCHOOL DISTRICT NO. 001",52102,"PROPOSITION NO. 1  JAY PUBLIC SCHOOLS",,10,10,2,"AGAINST THE PROPOSITION - NO",,7,26,217,250,,
11/10/2015,"DELAWARE","JAY PUBLIC SCHOOLS INDEPENDENT SCHOOL DISTRICT NO. 001",52103,"PROPOSITION NO. 2  JAY PUBLIC SCHOOLS",,10,10,1,"FOR THE PROPOSITION - YES",,15,61,450,526,,
11/10/2015,"DELAWARE","JAY PUBLIC SCHOOLS INDEPENDENT SCHOOL DISTRICT NO. 001",52103,"PROPOSITION NO. 2  JAY PUBLIC SCHOOLS",,10,10,2,"AGAINST THE PROPOSITION - NO",,9,30,240,279,,
11/10/2015,"DELAWARE","JAY PUBLIC SCHOOLS INDEPENDENT SCHOOL DISTRICT NO. 001",52104,"PROPOSITION NO. 3  JAY PUBLIC SCHOOLS",,10,10,1,"FOR THE PROPOSITION - YES",,18,65,465,548,,
11/10/2015,"DELAWARE","JAY PUBLIC SCHOOLS INDEPENDENT SCHOOL DISTRICT NO. 001",52104,"PROPOSITION NO. 3  JAY PUBLIC SCHOOLS",,10,10,2,"AGAINST THE PROPOSITION - NO",,7,26,224,257,,
11/10/2015,"DELAWARE","NORTHEAST TECH CENTER DISTRICT NO. 11",54901,"PROPOSITION NO. 1 (BUILDING FUND LEVY)  NORTHEAST TECH CENTER",,22,22,1,"FOR THE PROPOSITION - YES",,53,50,654,757,,
11/10/2015,"DELAWARE","NORTHEAST TECH CENTER DISTRICT NO. 11",54901,"PROPOSITION NO. 1 (BUILDING FUND LEVY)  NORTHEAST TECH CENTER",,22,22,2,"AGAINST THE PROPOSITION - NO",,78,55,1557,1690,,
11/10/2015,"DELAWARE","NORTHEAST TECH CENTER DISTRICT NO. 11",54902,"PROPOSITION NO. 2 (MAKING BUILDING FUND LEVY PERMANENT)  NORTHEAST TECH CENTER",,22,22,1,"FOR THE PROPOSITION - YES",,45,42,550,637,,
11/10/2015,"DELAWARE","NORTHEAST TECH CENTER DISTRICT NO. 11",54902,"PROPOSITION NO. 2 (MAKING BUILDING FUND LEVY PERMANENT)  NORTHEAST TECH CENTER",,22,22,2,"AGAINST THE PROPOSITION - NO",,85,63,1650,1798,,
11/10/2015,"GARFIELD","TOWN OF WAUKOMIS",42401,"FOR BOARD OF TRUSTEES, OFFICE NO. 1 (UNEXPIRED TERM)  TOWN OF WAUKOMIS",,1,1,1,"TEDDY HROMAS",,0,0,60,60,GARFIELD
11/10/2015,"GARFIELD","TOWN OF WAUKOMIS",42401,"FOR BOARD OF TRUSTEES, OFFICE NO. 1 (UNEXPIRED TERM)  TOWN OF WAUKOMIS",,1,1,2,"REBECCA L. LANDWEHR-ROBINETTE",,1,0,27,28,GARFIELD
11/10/2015,"GRADY","GRADY COUNTY",30001,"PROPOSITION",,28,28,1,"FOR THE PROPOSITION - YES",,135,63,1182,1380,,
11/10/2015,"GRADY","GRADY COUNTY",30001,"PROPOSITION",,28,28,2,"AGAINST THE PROPOSITION - NO",,56,16,199,271,,
11/10/2015,"GRADY","TOWN OF RUSH SPRINGS",42601,"PROPOSITION  TOWN OF RUSH SPRINGS",,1,1,1,"FOR THE PROPOSITION - YES",,2,3,97,102,,
11/10/2015,"GRADY","TOWN OF RUSH SPRINGS",42601,"PROPOSITION  TOWN OF RUSH SPRINGS",,1,1,2,"AGAINST THE PROPOSITION - NO",,2,0,26,28,,
11/10/2015,"GRANT","CITY OF POND CREEK",42701,"PROPOSITION  CITY OF POND CREEK",,1,1,1,"FOR THE PROPOSITION - YES",,5,5,108,118,,
11/10/2015,"GRANT","CITY OF POND CREEK",42701,"PROPOSITION  CITY OF POND CREEK",,1,1,2,"AGAINST THE PROPOSITION - NO",,0,0,11,11,,
11/10/2015,"HARPER","FREEDOM PUBLIC SCHOOLS INDEPENDENT SCHOOL DISTRICT NO. 006",57601,"PROPOSITION  FREEDOM PUBLIC SCHOOLS",,1,1,1,"FOR THE PROPOSITION - YES",,0,0,0,0,,
11/10/2015,"HARPER","FREEDOM PUBLIC SCHOOLS INDEPENDENT SCHOOL DISTRICT NO. 006",57601,"PROPOSITION  FREEDOM PUBLIC SCHOOLS",,1,1,2,"AGAINST THE PROPOSITION - NO",,0,0,0,0,,
11/10/2015,"LATIMER","HARTSHORNE PUBLIC SCHOOLS INDEPENDENT SCHOOL DISTRICT NO. 001",56101,"PROPOSITION  HARTSHORNE PUBLIC SCHOOLS",,2,2,1,"FOR THE PROPOSITION - YES",,0,0,28,28,,
11/10/2015,"LATIMER","HARTSHORNE PUBLIC SCHOOLS INDEPENDENT SCHOOL DISTRICT NO. 001",56101,"PROPOSITION  HARTSHORNE PUBLIC SCHOOLS",,2,2,2,"AGAINST THE PROPOSITION - NO",,0,0,20,20,,
11/10/2015,"LOVE","LOVE COUNTY",30005,"COUNTY QUESTION",,12,12,1,"FOR THE PROPOSITION - YES",,11,53,774,838,,
11/10/2015,"LOVE","LOVE COUNTY",30005,"COUNTY QUESTION",,12,12,2,"AGAINST THE PROPOSITION - NO",,1,9,189,199,,
11/10/2015,"MCCLAIN","WASHINGTON PUBLIC SCHOOLS INDEPENDENT SCHOOL DISTRICT NO. 005",54401,"PROPOSITION  WASHINGTON PUBLIC SCHOOLS",,10,10,1,"FOR THE PROPOSITION - YES",,1,15,404,420,,
11/10/2015,"MCCLAIN","WASHINGTON PUBLIC SCHOOLS INDEPENDENT SCHOOL DISTRICT NO. 005",54401,"PROPOSITION  WASHINGTON PUBLIC SCHOOLS",,10,10,2,"AGAINST THE PROPOSITION - NO",,6,10,195,211,,
11/10/2015,"MAYES","JAY PUBLIC SCHOOLS INDEPENDENT SCHOOL DISTRICT NO. 001",52102,"PROPOSITION NO. 1  JAY PUBLIC SCHOOLS",,1,1,1,"FOR THE PROPOSITION - YES",,0,0,1,1,,
11/10/2015,"MAYES","JAY PUBLIC SCHOOLS INDEPENDENT SCHOOL DISTRICT NO. 001",52102,"PROPOSITION NO. 1  JAY PUBLIC SCHOOLS",,1,1,2,"AGAINST THE PROPOSITION - NO",,0,0,1,1,,
11/10/2015,"MAYES","JAY PUBLIC SCHOOLS INDEPENDENT SCHOOL DISTRICT NO. 001",52103,"PROPOSITION NO. 2  JAY PUBLIC SCHOOLS",,1,1,1,"FOR THE PROPOSITION - YES",,0,0,1,1,,
11/10/2015,"MAYES","JAY PUBLIC SCHOOLS INDEPENDENT SCHOOL DISTRICT NO. 001",52103,"PROPOSITION NO. 2  JAY PUBLIC SCHOOLS",,1,1,2,"AGAINST THE PROPOSITION - NO",,0,0,1,1,,
11/10/2015,"MAYES","JAY PUBLIC SCHOOLS INDEPENDENT SCHOOL DISTRICT NO. 001",52104,"PROPOSITION NO. 3  JAY PUBLIC SCHOOLS",,1,1,1,"FOR THE PROPOSITION - YES",,0,0,1,1,,
11/10/2015,"MAYES","JAY PUBLIC SCHOOLS INDEPENDENT SCHOOL DISTRICT NO. 001",52104,"PROPOSITION NO. 3  JAY PUBLIC SCHOOLS",,1,1,2,"AGAINST THE PROPOSITION - NO",,0,0,1,1,,
11/10/2015,"MAYES","NORTHEAST TECH CENTER DISTRICT NO. 11",54901,"PROPOSITION NO. 1 (BUILDING FUND LEVY)  NORTHEAST TECH CENTER",,27,27,1,"FOR THE PROPOSITION - YES",,35,17,306,358,,
11/10/2015,"MAYES","NORTHEAST TECH CENTER DISTRICT NO. 11",54901,"PROPOSITION NO. 1 (BUILDING FUND LEVY)  NORTHEAST TECH CENTER",,27,27,2,"AGAINST THE PROPOSITION - NO",,37,32,1261,1330,,
11/10/2015,"MAYES","NORTHEAST TECH CENTER DISTRICT NO. 11",54902,"PROPOSITION NO. 2 (MAKING BUILDING FUND LEVY PERMANENT)  NORTHEAST TECH CENTER",,27,27,1,"FOR THE PROPOSITION - YES",,28,16,253,297,,
11/10/2015,"MAYES","NORTHEAST TECH CENTER DISTRICT NO. 11",54902,"PROPOSITION NO. 2 (MAKING BUILDING FUND LEVY PERMANENT)  NORTHEAST TECH CENTER",,27,27,2,"AGAINST THE PROPOSITION - NO",,43,33,1308,1384,,
11/10/2015,"MUSKOGEE","TOWN OF BOYNTON",45101,"PROPOSITION  TOWN OF BOYNTON",,1,1,1,"FOR THE PROPOSITION - YES",,0,0,20,20,,
11/10/2015,"MUSKOGEE","TOWN OF BOYNTON",45101,"PROPOSITION  TOWN OF BOYNTON",,1,1,2,"AGAINST THE PROPOSITION - NO",,0,0,0,0,,
11/10/2015,"NOBLE","CITY OF PERRY",45201,"PROPOSITION  CITY OF PERRY",,6,6,1,"FOR THE PROPOSITION - YES",,8,24,159,191,,
11/10/2015,"NOBLE","CITY OF PERRY",45201,"PROPOSITION  CITY OF PERRY",,6,6,2,"AGAINST THE PROPOSITION - NO",,2,30,75,107,,
11/10/2015,"NOWATA","NORTHEAST TECH CENTER DISTRICT NO. 11",54901,"PROPOSITION NO. 1 (BUILDING FUND LEVY)  NORTHEAST TECH CENTER",,1,1,1,"FOR THE PROPOSITION - YES",,0,0,4,4,,
11/10/2015,"NOWATA","NORTHEAST TECH CENTER DISTRICT NO. 11",54901,"PROPOSITION NO. 1 (BUILDING FUND LEVY)  NORTHEAST TECH CENTER",,1,1,2,"AGAINST THE PROPOSITION - NO",,0,0,4,4,,
11/10/2015,"NOWATA","NORTHEAST TECH CENTER DISTRICT NO. 11",54902,"PROPOSITION NO. 2 (MAKING BUILDING FUND LEVY PERMANENT)  NORTHEAST TECH CENTER",,1,1,1,"FOR THE PROPOSITION - YES",,0,0,4,4,,
11/10/2015,"NOWATA","NORTHEAST TECH CENTER DISTRICT NO. 11",54902,"PROPOSITION NO. 2 (MAKING BUILDING FUND LEVY PERMANENT)  NORTHEAST TECH CENTER",,1,1,2,"AGAINST THE PROPOSITION - NO",,0,0,4,4,,
11/10/2015,"OKLAHOMA","CITY OF BETHANY",45501,"FOR COUNCILMEMBER, WARD 3 (UNEXPIRED TERM)  CITY OF BETHANY",,4,4,1,"PAUL MOON",,12,0,72,84,OKLAHOMA
11/10/2015,"OKLAHOMA","CITY OF BETHANY",45501,"FOR COUNCILMEMBER, WARD 3 (UNEXPIRED TERM)  CITY OF BETHANY",,4,4,2,"JOHN HERREN",,6,1,143,150,OKLAHOMA
11/10/2015,"OKLAHOMA","CITY OF BETHANY",45501,"FOR COUNCILMEMBER, WARD 3 (UNEXPIRED TERM)  CITY OF BETHANY",,4,4,3,"ARVEL WILLIAMS",,8,0,134,142,OKLAHOMA
11/10/2015,"OKLAHOMA","OKLAHOMA DEPT OF CAREER AND TECHNOLOGY EDUCATION",55501,"PROPOSITION  OKLAHOMA DEPT OF CAREER",,6,6,1,"FOR THE PROPOSITION - YES",,19,1,173,193,,
11/10/2015,"OKLAHOMA","OKLAHOMA DEPT OF CAREER AND TECHNOLOGY EDUCATION",55501,"PROPOSITION  OKLAHOMA DEPT OF CAREER",,6,6,2,"AGAINST THE PROPOSITION - NO",,2,0,6,8,,
11/10/2015,"OSAGE","CITY OF SAND SPRINGS",47207,"MUNICIPAL QUESTION  CITY OF SAND SPRINGS",,3,3,1,"FOR THE PROPOSITION - YES",,0,0,0,0,,
11/10/2015,"OSAGE","CITY OF SAND SPRINGS",47207,"MUNICIPAL QUESTION  CITY OF SAND SPRINGS",,3,3,2,"AGAINST THE PROPOSITION - NO",,0,0,1,1,,
11/10/2015,"OSAGE","BLACK DOG FIRE",60572,"PROPOSITION  BLACK DOG FIRE",,3,3,1,"FOR THE PROPOSITION - YES",,2,0,25,27,,
11/10/2015,"OSAGE","BLACK DOG FIRE",60572,"PROPOSITION  BLACK DOG FIRE",,3,3,2,"AGAINST THE PROPOSITION - NO",,0,0,11,11,,
11/10/2015,"OSAGE","BLACK DOG FIRE ANNEX",60573,"PROPOSITION  BLACK DOG FIRE ANNEX",,3,3,1,"FOR THE PROPOSITION - YES",,2,0,14,16,,
11/10/2015,"OSAGE","BLACK DOG FIRE ANNEX",60573,"PROPOSITION  BLACK DOG FIRE ANNEX",,3,3,2,"AGAINST THE PROPOSITION - NO",,1,0,8,9,,
11/10/2015,"OTTAWA","NORTHEAST TECH CENTER DISTRICT NO. 11",54901,"PROPOSITION NO. 1 (BUILDING FUND LEVY)  NORTHEAST TECH CENTER",,17,17,1,"FOR THE PROPOSITION - YES",,21,9,156,186,,
11/10/2015,"OTTAWA","NORTHEAST TECH CENTER DISTRICT NO. 11",54901,"PROPOSITION NO. 1 (BUILDING FUND LEVY)  NORTHEAST TECH CENTER",,17,17,2,"AGAINST THE PROPOSITION - NO",,18,17,579,614,,
11/10/2015,"OTTAWA","NORTHEAST TECH CENTER DISTRICT NO. 11",54902,"PROPOSITION NO. 2 (MAKING BUILDING FUND LEVY PERMANENT)  NORTHEAST TECH CENTER",,17,17,1,"FOR THE PROPOSITION - YES",,17,7,128,152,,
11/10/2015,"OTTAWA","NORTHEAST TECH CENTER DISTRICT NO. 11",54902,"PROPOSITION NO. 2 (MAKING BUILDING FUND LEVY PERMANENT)  NORTHEAST TECH CENTER",,17,17,2,"AGAINST THE PROPOSITION - NO",,21,19,604,644,,
11/10/2015,"PAYNE","CITY OF STILLWATER",46001,"PROPOSTION NO. 1 PROPOSED ORDINANCE NO. 3322--ONE-HALF CENT TRANSPORTATION SALES TAX  CITY OF STILLW",,21,21,1,"FOR THE PROPOSITION - YES",,35,53,1007,1095,,
11/10/2015,"PAYNE","CITY OF STILLWATER",46001,"PROPOSTION NO. 1 PROPOSED ORDINANCE NO. 3322--ONE-HALF CENT TRANSPORTATION SALES TAX  CITY OF STILLW",,21,21,2,"AGAINST THE PROPOSITION - NO",,14,52,510,576,,
11/10/2015,"PAYNE","CITY OF STILLWATER",46002,"PROPOSITION NO. 2 PROPOSED ORDINANCE NO. 3325  CITY OF STILLWATER",,21,21,1,"FOR THE PROPOSITION - YES",,39,75,1154,1268,,
11/10/2015,"PAYNE","CITY OF STILLWATER",46002,"PROPOSITION NO. 2 PROPOSED ORDINANCE NO. 3325  CITY OF STILLWATER",,21,21,2,"AGAINST THE PROPOSITION - NO",,10,25,337,372,,
11/10/2015,"PITTSBURG","HARTSHORNE PUBLIC SCHOOLS INDEPENDENT SCHOOL DISTRICT NO. 001",56101,"PROPOSITION  HARTSHORNE PUBLIC SCHOOLS",,6,6,1,"FOR THE PROPOSITION - YES",,5,6,309,320,,
11/10/2015,"PITTSBURG","HARTSHORNE PUBLIC SCHOOLS INDEPENDENT SCHOOL DISTRICT NO. 001",56101,"PROPOSITION  HARTSHORNE PUBLIC SCHOOLS",,6,6,2,"AGAINST THE PROPOSITION - NO",,3,2,151,156,,
11/10/2015,"PONTOTOC","TOWN OF ROFF",46201,"FOR BOARD OF TRUSTEES (UNEXPIRED TERM)  TOWN OF ROFF",,1,1,1,"MICHAEL BRADLEY",,1,0,68,69,PONTOTOC
11/10/2015,"PONTOTOC","TOWN OF ROFF",46201,"FOR BOARD OF TRUSTEES (UNEXPIRED TERM)  TOWN OF ROFF",,1,1,2,"LORI BROOKS",,0,0,38,38,PONTOTOC
11/10/2015,"POTTAWATOMIE","POTTAWATOMIE COUNTY",30002,"PROPOSITION",,26,26,1,"FOR THE PROPOSITION - YES",,76,91,2889,3056,,
11/10/2015,"POTTAWATOMIE","POTTAWATOMIE COUNTY",30002,"PROPOSITION",,26,26,2,"AGAINST THE PROPOSITION - NO",,41,44,1722,1807,,
11/10/2015,"ROGERS","ROGERS COUNTY",11001,"FOR STATE SENATOR DISTRICT 34 (UNEXPIRED TERM)",DEM,1,1,1,"LISA FRANKLIN",DEM,0,0,1,1,,
11/10/2015,"ROGERS","ROGERS COUNTY",11001,"FOR STATE SENATOR DISTRICT 34 (UNEXPIRED TERM)",DEM,1,1,2,"J. J. DOSSETT",DEM,2,0,0,2,,
11/10/2015,"ROGERS","ROGERS COUNTY",12001,"FOR STATE SENATOR DISTRICT 34 (UNEXPIRED TERM)",REP,1,1,1,"MARK WILLIAMS",REP,0,0,16,16,,
11/10/2015,"ROGERS","ROGERS COUNTY",12001,"FOR STATE SENATOR DISTRICT 34 (UNEXPIRED TERM)",REP,1,1,2,"CHUCK DAUGHERTY",REP,0,0,0,0,,
11/10/2015,"ROGERS","ROGERS COUNTY",12001,"FOR STATE SENATOR DISTRICT 34 (UNEXPIRED TERM)",REP,1,1,3,"DAVID L. McLAIN",REP,4,0,4,8,,
11/10/2015,"ROGERS","ROGERS COUNTY",12001,"FOR STATE SENATOR DISTRICT 34 (UNEXPIRED TERM)",REP,1,1,4,"JOHN W. FEARY",REP,0,0,6,6,,
11/10/2015,"ROGERS","NORTHEAST TECH CENTER DISTRICT NO. 11",54901,"PROPOSITION NO. 1 (BUILDING FUND LEVY)  NORTHEAST TECH CENTER",,34,34,1,"FOR THE PROPOSITION - YES",,82,14,595,691,,
11/10/2015,"ROGERS","NORTHEAST TECH CENTER DISTRICT NO. 11",54901,"PROPOSITION NO. 1 (BUILDING FUND LEVY)  NORTHEAST TECH CENTER",,34,34,2,"AGAINST THE PROPOSITION - NO",,93,30,1986,2109,,
11/10/2015,"ROGERS","NORTHEAST TECH CENTER DISTRICT NO. 11",54902,"PROPOSITION NO. 2 (MAKING BUILDING FUND LEVY PERMANENT)  NORTHEAST TECH CENTER",,34,34,1,"FOR THE PROPOSITION - YES",,69,14,455,538,,
11/10/2015,"ROGERS","NORTHEAST TECH CENTER DISTRICT NO. 11",54902,"PROPOSITION NO. 2 (MAKING BUILDING FUND LEVY PERMANENT)  NORTHEAST TECH CENTER",,34,34,2,"AGAINST THE PROPOSITION - NO",,107,30,2124,2261,,
11/10/2015,"ROGERS","NORTHWEST FIRE",60661,"FOR BOARD MEMBER BOARD OF DIRECTORS OFFICE NO. 3 NORTHWEST FIRE",,11,11,1,"MATTHEW HINSON",,11,2,256,269,ROGERS
11/10/2015,"ROGERS","NORTHWEST FIRE",60661,"FOR BOARD MEMBER BOARD OF DIRECTORS OFFICE NO. 3 NORTHWEST FIRE",,11,11,2,"JERRY JOHNSON",,11,2,200,213,ROGERS
11/10/2015,"SEQUOYAH","CITY OF SALLISAW",46801,"PROPOSITION  CITY OF SALLISAW",,6,6,1,"FOR THE PROPOSITION - YES",,6,11,179,196,,
11/10/2015,"SEQUOYAH","CITY OF SALLISAW",46801,"PROPOSITION  CITY OF SALLISAW",,6,6,2,"AGAINST THE PROPOSITION - NO",,3,1,14,18,,
11/10/2015,"TULSA","TULSA COUNTY",11001,"FOR STATE SENATOR DISTRICT 34 (UNEXPIRED TERM)",DEM,34,34,1,"LISA FRANKLIN",DEM,24,1,142,167,,
11/10/2015,"TULSA","TULSA COUNTY",11001,"FOR STATE SENATOR DISTRICT 34 (UNEXPIRED TERM)",DEM,34,34,2,"J. J. DOSSETT",DEM,20,2,433,455,,
11/10/2015,"TULSA","TULSA COUNTY",12001,"FOR STATE SENATOR DISTRICT 34 (UNEXPIRED TERM)",REP,34,34,1,"MARK WILLIAMS",REP,14,1,309,324,,
11/10/2015,"TULSA","TULSA COUNTY",12001,"FOR STATE SENATOR DISTRICT 34 (UNEXPIRED TERM)",REP,34,34,2,"CHUCK DAUGHERTY",REP,6,0,49,55,,
11/10/2015,"TULSA","TULSA COUNTY",12001,"FOR STATE SENATOR DISTRICT 34 (UNEXPIRED TERM)",REP,34,34,3,"DAVID L. McLAIN",REP,19,8,873,900,,
11/10/2015,"TULSA","TULSA COUNTY",12001,"FOR STATE SENATOR DISTRICT 34 (UNEXPIRED TERM)",REP,34,34,4,"JOHN W. FEARY",REP,18,4,808,830,,
11/10/2015,"TULSA","CITY OF BIXBY",47201,"PROPOSITION NO. 1  CITY OF BIXBY",,13,13,1,"FOR THE PROPOSITION - YES",,22,2,1292,1316,,
11/10/2015,"TULSA","CITY OF BIXBY",47201,"PROPOSITION NO. 1  CITY OF BIXBY",,13,13,2,"AGAINST THE PROPOSITION - NO",,28,1,527,556,,
11/10/2015,"TULSA","CITY OF BIXBY",47202,"PROPOSITION NO. 2  CITY OF BIXBY",,13,13,1,"FOR THE PROPOSITION - YES",,25,3,1447,1475,,
11/10/2015,"TULSA","CITY OF BIXBY",47202,"PROPOSITION NO. 2  CITY OF BIXBY",,13,13,2,"AGAINST THE PROPOSITION - NO",,25,0,370,395,,
11/10/2015,"TULSA","CITY OF BIXBY",47203,"PROPOSITION NO. 3  CITY OF BIXBY",,13,13,1,"FOR THE PROPOSITION - YES",,22,2,1328,1352,,
11/10/2015,"TULSA","CITY OF BIXBY",47203,"PROPOSITION NO. 3  CITY OF BIXBY",,13,13,2,"AGAINST THE PROPOSITION - NO",,28,1,486,515,,
11/10/2015,"TULSA","CITY OF BIXBY",47204,"PROPOSITION NO. 4  CITY OF BIXBY",,13,13,1,"FOR THE PROPOSITION - YES",,21,2,1312,1335,,
11/10/2015,"TULSA","CITY OF BIXBY",47204,"PROPOSITION NO. 4  CITY OF BIXBY",,13,13,2,"AGAINST THE PROPOSITION - NO",,29,1,500,530,,
11/10/2015,"TULSA","CITY OF BROKEN ARROW",47205,"PROPOSITION NO. 1  CITY OF BROKEN ARROW",,35,35,1,"FOR THE PROPOSITION - YES",,89,7,2904,3000,,
11/10/2015,"TULSA","CITY OF BROKEN ARROW",47205,"PROPOSITION NO. 1  CITY OF BROKEN ARROW",,35,35,2,"AGAINST THE PROPOSITION - NO",,55,3,843,901,,
11/10/2015,"TULSA","CITY OF BROKEN ARROW",47206,"PROPOSITION NO. 2  CITY OF BROKEN ARROW",,35,35,1,"FOR THE PROPOSITION - YES",,97,6,2959,3062,,
11/10/2015,"TULSA","CITY OF BROKEN ARROW",47206,"PROPOSITION NO. 2  CITY OF BROKEN ARROW",,35,35,2,"AGAINST THE PROPOSITION - NO",,48,4,777,829,,
11/10/2015,"TULSA","CITY OF SAND SPRINGS",47207,"MUNICIPAL QUESTION  CITY OF SAND SPRINGS",,10,10,1,"FOR THE PROPOSITION - YES",,18,7,85,110,,
11/10/2015,"TULSA","CITY OF SAND SPRINGS",47207,"MUNICIPAL QUESTION  CITY OF SAND SPRINGS",,10,10,2,"AGAINST THE PROPOSITION - NO",,1,1,39,41,,
11/10/2015,"WAGONER","CITY OF BIXBY",47201,"PROPOSITION NO. 1  CITY OF BIXBY",,1,1,1,"FOR THE PROPOSITION - YES",,0,0,2,2,,
11/10/2015,"WAGONER","CITY OF BIXBY",47201,"PROPOSITION NO. 1  CITY OF BIXBY",,1,1,2,"AGAINST THE PROPOSITION - NO",,0,0,17,17,,
11/10/2015,"WAGONER","CITY OF BIXBY",47202,"PROPOSITION NO. 2  CITY OF BIXBY",,1,1,1,"FOR THE PROPOSITION - YES",,0,0,10,10,,
11/10/2015,"WAGONER","CITY OF BIXBY",47202,"PROPOSITION NO. 2  CITY OF BIXBY",,1,1,2,"AGAINST THE PROPOSITION - NO",,0,0,9,9,,
11/10/2015,"WAGONER","CITY OF BIXBY",47203,"PROPOSITION NO. 3  CITY OF BIXBY",,1,1,1,"FOR THE PROPOSITION - YES",,0,0,2,2,,
11/10/2015,"WAGONER","CITY OF BIXBY",47203,"PROPOSITION NO. 3  CITY OF BIXBY",,1,1,2,"AGAINST THE PROPOSITION - NO",,0,0,17,17,,
11/10/2015,"WAGONER","CITY OF BIXBY",47204,"PROPOSITION NO. 4  CITY OF BIXBY",,1,1,1,"FOR THE PROPOSITION - YES",,0,0,3,3,,
11/10/2015,"WAGONER","CITY OF BIXBY",47204,"PROPOSITION NO. 4  CITY OF BIXBY",,1,1,2,"AGAINST THE PROPOSITION - NO",,0,0,16,16,,
11/10/2015,"WAGONER","CITY OF BROKEN ARROW",47205,"PROPOSITION NO. 1  CITY OF BROKEN ARROW",,10,10,1,"FOR THE PROPOSITION - YES",,7,1,526,534,,
11/10/2015,"WAGONER","CITY OF BROKEN ARROW",47205,"PROPOSITION NO. 1  CITY OF BROKEN ARROW",,10,10,2,"AGAINST THE PROPOSITION - NO",,12,0,155,167,,
11/10/2015,"WAGONER","CITY OF BROKEN ARROW",47206,"PROPOSITION NO. 2  CITY OF BROKEN ARROW",,10,10,1,"FOR THE PROPOSITION - YES",,6,1,540,547,,
11/10/2015,"WAGONER","CITY OF BROKEN ARROW",47206,"PROPOSITION NO. 2  CITY OF BROKEN ARROW",,10,10,2,"AGAINST THE PROPOSITION - NO",,13,0,140,153,,
11/10/2015,"WAGONER","NORTHEAST TECH CENTER DISTRICT NO. 11",54901,"PROPOSITION NO. 1 (BUILDING FUND LEVY)  NORTHEAST TECH CENTER",,4,4,1,"FOR THE PROPOSITION - YES",,0,0,10,10,,
11/10/2015,"WAGONER","NORTHEAST TECH CENTER DISTRICT NO. 11",54901,"PROPOSITION NO. 1 (BUILDING FUND LEVY)  NORTHEAST TECH CENTER",,4,4,2,"AGAINST THE PROPOSITION - NO",,0,0,14,14,,
11/10/2015,"WAGONER","NORTHEAST TECH CENTER DISTRICT NO. 11",54902,"PROPOSITION NO. 2 (MAKING BUILDING FUND LEVY PERMANENT)  NORTHEAST TECH CENTER",,4,4,1,"FOR THE PROPOSITION - YES",,0,0,10,10,,
11/10/2015,"WAGONER","NORTHEAST TECH CENTER DISTRICT NO. 11",54902,"PROPOSITION NO. 2 (MAKING BUILDING FUND LEVY PERMANENT)  NORTHEAST TECH CENTER",,4,4,2,"AGAINST THE PROPOSITION - NO",,0,0,13,13,,
11/10/2015,"WOODS","CITY OF WAYNOKA",47601,"PROPOSITION 1  CITY OF WAYNOKA",,1,1,1,"FOR THE PROPOSITION - YES",,1,0,42,43,,
11/10/2015,"WOODS","CITY OF WAYNOKA",47601,"PROPOSITION 1  CITY OF WAYNOKA",,1,1,2,"AGAINST THE PROPOSITION - NO",,4,0,74,78,,
11/10/2015,"WOODS","CITY OF WAYNOKA",47602,"PROPOSITION 2  CITY OF WAYNOKA",,1,1,1,"FOR THE PROPOSITION - YES",,0,0,53,53,,
11/10/2015,"WOODS","CITY OF WAYNOKA",47602,"PROPOSITION 2  CITY OF WAYNOKA",,1,1,2,"AGAINST THE PROPOSITION - NO",,5,0,64,69,,
11/10/2015,"WOODS","FREEDOM PUBLIC SCHOOLS INDEPENDENT SCHOOL DISTRICT NO. 006",57601,"PROPOSITION  FREEDOM PUBLIC SCHOOLS",,1,1,1,"FOR THE PROPOSITION - YES",,3,0,87,90,,
11/10/2015,"WOODS","FREEDOM PUBLIC SCHOOLS INDEPENDENT SCHOOL DISTRICT NO. 006",57601,"PROPOSITION  FREEDOM PUBLIC SCHOOLS",,1,1,2,"AGAINST THE PROPOSITION - NO",,4,1,79,84,,
11/10/2015,"WOODWARD","FREEDOM PUBLIC SCHOOLS INDEPENDENT SCHOOL DISTRICT NO. 006",57601,"PROPOSITION  FREEDOM PUBLIC SCHOOLS",,1,1,1,"FOR THE PROPOSITION - YES",,1,0,7,8,,
11/10/2015,"WOODWARD","FREEDOM PUBLIC SCHOOLS INDEPENDENT SCHOOL DISTRICT NO. 006",57601,"PROPOSITION  FREEDOM PUBLIC SCHOOLS",,1,1,2,"AGAINST THE PROPOSITION - NO",,0,0,6,6,,
