elec_date,county,entity_description,race_number,race_description,race_party,tot_race_prec,race_prec_reporting,cand_number,cand_name,cand_party,cand_absmail_votes,cand_early_votes,cand_elecday_votes,cand_tot_votes,race_county_owner
1/12/2016,"ALFALFA","TOWN OF JET",40201,"PROPOSITION  TOWN OF JET",,1,1,1,"FOR THE PROPOSITION - YES",,0,0,36,36,,
1/12/2016,"ALFALFA","TOWN OF JET",40201,"PROPOSITION  TOWN OF JET",,1,1,2,"AGAINST THE PROPOSITION - NO",,0,0,1,1,,
1/12/2016,"CADDO","BINGER-ONEY PUBLIC SCHOOLS INDEPENDENT SCHOOL DISTRICT NO. 168",50801,"PROPOSITION  BINGER-ONEY PUBLIC SCHOOLS",,6,6,1,"FOR THE PROPOSITION - YES",,5,2,142,149,,
1/12/2016,"CADDO","BINGER-ONEY PUBLIC SCHOOLS INDEPENDENT SCHOOL DISTRICT NO. 168",50801,"PROPOSITION  BINGER-ONEY PUBLIC SCHOOLS",,6,6,2,"AGAINST THE PROPOSITION - NO",,2,0,39,41,,
1/12/2016,"CADDO","CEMENT PUBLIC SCHOOLS INDEPENDENT SCHOOL DISTRICT NO. 160",50802,"PROPOSITION  CEMENT PUBLIC SCHOOLS",,2,2,1,"FOR THE PROPOSITION - YES",,1,0,75,76,,
1/12/2016,"CADDO","CEMENT PUBLIC SCHOOLS INDEPENDENT SCHOOL DISTRICT NO. 160",50802,"PROPOSITION  CEMENT PUBLIC SCHOOLS",,2,2,2,"AGAINST THE PROPOSITION - NO",,0,0,14,14,,
1/12/2016,"CARTER","CITY OF ARDMORE",41001,"PROPOSITION  CITY OF ARDMORE",,14,14,1,"FOR THE PROPOSITION - YES",,42,35,626,703,,
1/12/2016,"CARTER","CITY OF ARDMORE",41001,"PROPOSITION  CITY OF ARDMORE",,14,14,2,"AGAINST THE PROPOSITION - NO",,14,28,587,629,,
1/12/2016,"CHOCTAW","CITY OF HUGO",41201,"PROPOSITION  CITY OF HUGO",,7,7,1,"FOR THE PROPOSITION - YES",,6,12,95,113,,
1/12/2016,"CHOCTAW","CITY OF HUGO",41201,"PROPOSITION  CITY OF HUGO",,7,7,2,"AGAINST THE PROPOSITION - NO",,3,7,90,100,,
1/12/2016,"CIMARRON","CITY OF BOISE CITY",41301,"PROPOSITION  CITY OF BOISE CITY",,4,4,1,"FOR THE PROPOSITION - YES",,0,18,58,76,,
1/12/2016,"CIMARRON","CITY OF BOISE CITY",41301,"PROPOSITION  CITY OF BOISE CITY",,4,4,2,"AGAINST THE PROPOSITION - NO",,0,1,2,3,,
1/12/2016,"CLEVELAND","CITY OF NOBLE",41401,"PROPOSITION  CITY OF NOBLE",,2,2,1,"FOR THE PROPOSITION - YES",,27,1,159,187,,
1/12/2016,"CLEVELAND","CITY OF NOBLE",41401,"PROPOSITION  CITY OF NOBLE",,2,2,2,"AGAINST THE PROPOSITION - NO",,4,0,21,25,,
1/12/2016,"CLEVELAND","LITTLE AXE PUBLIC SCHOOLS INDEPENDENT SCHOOL DISTRICT NO. 070",51401,"PROPOSITION  LITTLE AXE PUBLIC SCHOOLS",,6,6,1,"FOR THE PROPOSITION - YES",,13,1,183,197,,
1/12/2016,"CLEVELAND","LITTLE AXE PUBLIC SCHOOLS INDEPENDENT SCHOOL DISTRICT NO. 070",51401,"PROPOSITION  LITTLE AXE PUBLIC SCHOOLS",,6,6,2,"AGAINST THE PROPOSITION - NO",,10,0,39,49,,
1/12/2016,"COMANCHE","CEMENT PUBLIC SCHOOLS INDEPENDENT SCHOOL DISTRICT NO. 160",50802,"PROPOSITION  CEMENT PUBLIC SCHOOLS",,1,1,1,"FOR THE PROPOSITION - YES",,0,0,0,0,,
1/12/2016,"COMANCHE","CEMENT PUBLIC SCHOOLS INDEPENDENT SCHOOL DISTRICT NO. 160",50802,"PROPOSITION  CEMENT PUBLIC SCHOOLS",,1,1,2,"AGAINST THE PROPOSITION - NO",,0,0,0,0,,
1/12/2016,"CRAIG","KETCHUM PUBLIC SCHOOLS INDEPENDENT SCHOOL DISTRICT NO. 006",51801,"PROPOSITION NO. 1  KETCHUM PUBLIC SCHOOLS",,1,1,1,"FOR THE PROPOSITION - YES",,1,0,63,64,,
1/12/2016,"CRAIG","KETCHUM PUBLIC SCHOOLS INDEPENDENT SCHOOL DISTRICT NO. 006",51801,"PROPOSITION NO. 1  KETCHUM PUBLIC SCHOOLS",,1,1,2,"AGAINST THE PROPOSITION - NO",,1,2,19,22,,
1/12/2016,"CRAIG","KETCHUM PUBLIC SCHOOLS INDEPENDENT SCHOOL DISTRICT NO. 006",51802,"PROPOSITION NO. 2  KETCHUM PUBLIC SCHOOLS",,1,1,1,"FOR THE PROPOSITION - YES",,1,0,65,66,,
1/12/2016,"CRAIG","KETCHUM PUBLIC SCHOOLS INDEPENDENT SCHOOL DISTRICT NO. 006",51802,"PROPOSITION NO. 2  KETCHUM PUBLIC SCHOOLS",,1,1,2,"AGAINST THE PROPOSITION - NO",,1,2,17,20,,
1/12/2016,"CREEK","CLEVELAND PUBLIC SCHOOLS INDEPENDENT SCHOOL DISTRICT NO. 006",55901,"PROPOSITION NO. 1  CLEVELAND PUBLIC SCHOOLS",,1,1,1,"FOR THE PROPOSITION - YES",,0,0,2,2,,
1/12/2016,"CREEK","CLEVELAND PUBLIC SCHOOLS INDEPENDENT SCHOOL DISTRICT NO. 006",55901,"PROPOSITION NO. 1  CLEVELAND PUBLIC SCHOOLS",,1,1,2,"AGAINST THE PROPOSITION - NO",,0,0,0,0,,
1/12/2016,"CREEK","CLEVELAND PUBLIC SCHOOLS INDEPENDENT SCHOOL DISTRICT NO. 006",55902,"PROPOSITION NO. 2  CLEVELAND PUBLIC SCHOOLS",,1,1,1,"FOR THE PROPOSITION - YES",,0,0,2,2,,
1/12/2016,"CREEK","CLEVELAND PUBLIC SCHOOLS INDEPENDENT SCHOOL DISTRICT NO. 006",55902,"PROPOSITION NO. 2  CLEVELAND PUBLIC SCHOOLS",,1,1,2,"AGAINST THE PROPOSITION - NO",,0,0,0,0,,
1/12/2016,"DELAWARE","KETCHUM PUBLIC SCHOOLS INDEPENDENT SCHOOL DISTRICT NO. 006",51801,"PROPOSITION NO. 1  KETCHUM PUBLIC SCHOOLS",,1,1,1,"FOR THE PROPOSITION - YES",,2,0,27,29,,
1/12/2016,"DELAWARE","KETCHUM PUBLIC SCHOOLS INDEPENDENT SCHOOL DISTRICT NO. 006",51801,"PROPOSITION NO. 1  KETCHUM PUBLIC SCHOOLS",,1,1,2,"AGAINST THE PROPOSITION - NO",,0,0,4,4,,
1/12/2016,"DELAWARE","KETCHUM PUBLIC SCHOOLS INDEPENDENT SCHOOL DISTRICT NO. 006",51802,"PROPOSITION NO. 2  KETCHUM PUBLIC SCHOOLS",,1,1,1,"FOR THE PROPOSITION - YES",,2,0,25,27,,
1/12/2016,"DELAWARE","KETCHUM PUBLIC SCHOOLS INDEPENDENT SCHOOL DISTRICT NO. 006",51802,"PROPOSITION NO. 2  KETCHUM PUBLIC SCHOOLS",,1,1,2,"AGAINST THE PROPOSITION - NO",,0,0,5,5,,
1/12/2016,"GARVIN","WYNNEWOOD PUBLIC SCHOOLS INDEPENDENT SCHOOL DISTRICT NO. 038",52501,"PROPOSITION  WYNNEWOOD PUBLIC SCHOOLS",,4,4,1,"FOR THE PROPOSITION - YES",,13,19,568,600,,
1/12/2016,"GARVIN","WYNNEWOOD PUBLIC SCHOOLS INDEPENDENT SCHOOL DISTRICT NO. 038",52501,"PROPOSITION  WYNNEWOOD PUBLIC SCHOOLS",,4,4,2,"AGAINST THE PROPOSITION - NO",,10,9,190,209,,
1/12/2016,"GRADY","CEMENT PUBLIC SCHOOLS INDEPENDENT SCHOOL DISTRICT NO. 160",50802,"PROPOSITION  CEMENT PUBLIC SCHOOLS",,3,3,1,"FOR THE PROPOSITION - YES",,0,0,10,10,,
1/12/2016,"GRADY","CEMENT PUBLIC SCHOOLS INDEPENDENT SCHOOL DISTRICT NO. 160",50802,"PROPOSITION  CEMENT PUBLIC SCHOOLS",,3,3,2,"AGAINST THE PROPOSITION - NO",,0,0,3,3,,
1/12/2016,"GRANT","DEER CREEK-LAMONT SCHOOLS INDEPENDENT SCHOOL DISTRICT NO. 095",52701,"PROPOSITION NO. 1  DEER CREEK-LAMONT SCHOOLS",,5,5,1,"FOR THE PROPOSITION - YES",,1,0,130,131,,
1/12/2016,"GRANT","DEER CREEK-LAMONT SCHOOLS INDEPENDENT SCHOOL DISTRICT NO. 095",52701,"PROPOSITION NO. 1  DEER CREEK-LAMONT SCHOOLS",,5,5,2,"AGAINST THE PROPOSITION - NO",,0,6,124,130,,
1/12/2016,"GRANT","DEER CREEK-LAMONT SCHOOLS INDEPENDENT SCHOOL DISTRICT NO. 095",52702,"PROPOSITION NO. 2  DEER CREEK-LAMONT SCHOOLS",,5,5,1,"FOR THE PROPOSITION - YES",,1,3,168,172,,
1/12/2016,"GRANT","DEER CREEK-LAMONT SCHOOLS INDEPENDENT SCHOOL DISTRICT NO. 095",52702,"PROPOSITION NO. 2  DEER CREEK-LAMONT SCHOOLS",,5,5,2,"AGAINST THE PROPOSITION - NO",,0,4,87,91,,
1/12/2016,"KAY","DEER CREEK-LAMONT SCHOOLS INDEPENDENT SCHOOL DISTRICT NO. 095",52701,"PROPOSITION NO. 1  DEER CREEK-LAMONT SCHOOLS",,2,2,1,"FOR THE PROPOSITION - YES",,0,0,4,4,,
1/12/2016,"KAY","DEER CREEK-LAMONT SCHOOLS INDEPENDENT SCHOOL DISTRICT NO. 095",52701,"PROPOSITION NO. 1  DEER CREEK-LAMONT SCHOOLS",,2,2,2,"AGAINST THE PROPOSITION - NO",,0,0,6,6,,
1/12/2016,"KAY","DEER CREEK-LAMONT SCHOOLS INDEPENDENT SCHOOL DISTRICT NO. 095",52702,"PROPOSITION NO. 2  DEER CREEK-LAMONT SCHOOLS",,2,2,1,"FOR THE PROPOSITION - YES",,0,0,4,4,,
1/12/2016,"KAY","DEER CREEK-LAMONT SCHOOLS INDEPENDENT SCHOOL DISTRICT NO. 095",52702,"PROPOSITION NO. 2  DEER CREEK-LAMONT SCHOOLS",,2,2,2,"AGAINST THE PROPOSITION - NO",,0,0,6,6,,
1/12/2016,"LEFLORE","TOWN OF POCOLA",44001,"PROPOSITION  TOWN OF POCOLA",,3,3,1,"FOR THE PROPOSITION - YES",,2,1,217,220,,
1/12/2016,"LEFLORE","TOWN OF POCOLA",44001,"PROPOSITION  TOWN OF POCOLA",,3,3,2,"AGAINST THE PROPOSITION - NO",,1,0,104,105,,
1/12/2016,"LINCOLN","EASTERN OKLAHOMA TECH CENTER DISTRICT NO. 23",55501,"PROPOSITION  EASTERN OKLAHOMA TECH CENTER",,3,3,1,"FOR THE PROPOSITION - YES",,1,0,8,9,,
1/12/2016,"LINCOLN","EASTERN OKLAHOMA TECH CENTER DISTRICT NO. 23",55501,"PROPOSITION  EASTERN OKLAHOMA TECH CENTER",,3,3,2,"AGAINST THE PROPOSITION - NO",,1,0,0,1,,
1/12/2016,"LOGAN","EASTERN OKLAHOMA TECH CENTER DISTRICT NO. 23",55501,"PROPOSITION  EASTERN OKLAHOMA TECH CENTER",,2,2,1,"FOR THE PROPOSITION - YES",,9,0,1,10,,
1/12/2016,"LOGAN","EASTERN OKLAHOMA TECH CENTER DISTRICT NO. 23",55501,"PROPOSITION  EASTERN OKLAHOMA TECH CENTER",,2,2,2,"AGAINST THE PROPOSITION - NO",,7,0,0,7,,
1/12/2016,"MAYES","MAYES COUNTY",30001,"PROPOSITION NO. 1",,27,27,1,"FOR THE PROPOSITION - YES",,31,44,966,1041,,
1/12/2016,"MAYES","MAYES COUNTY",30001,"PROPOSITION NO. 1",,27,27,2,"AGAINST THE PROPOSITION - NO",,24,31,451,506,,
1/12/2016,"MAYES","MAYES COUNTY",30002,"PROPOSITION NO. 2",,27,27,1,"FOR THE PROPOSITION - YES",,31,51,951,1033,,
1/12/2016,"MAYES","MAYES COUNTY",30002,"PROPOSITION NO. 2",,27,27,2,"AGAINST THE PROPOSITION - NO",,25,24,481,530,,
1/12/2016,"MAYES","KETCHUM PUBLIC SCHOOLS INDEPENDENT SCHOOL DISTRICT NO. 006",51801,"PROPOSITION NO. 1  KETCHUM PUBLIC SCHOOLS",,2,2,1,"FOR THE PROPOSITION - YES",,1,1,71,73,,
1/12/2016,"MAYES","KETCHUM PUBLIC SCHOOLS INDEPENDENT SCHOOL DISTRICT NO. 006",51801,"PROPOSITION NO. 1  KETCHUM PUBLIC SCHOOLS",,2,2,2,"AGAINST THE PROPOSITION - NO",,1,1,15,17,,
1/12/2016,"MAYES","KETCHUM PUBLIC SCHOOLS INDEPENDENT SCHOOL DISTRICT NO. 006",51802,"PROPOSITION NO. 2  KETCHUM PUBLIC SCHOOLS",,2,2,1,"FOR THE PROPOSITION - YES",,1,1,73,75,,
1/12/2016,"MAYES","KETCHUM PUBLIC SCHOOLS INDEPENDENT SCHOOL DISTRICT NO. 006",51802,"PROPOSITION NO. 2  KETCHUM PUBLIC SCHOOLS",,2,2,2,"AGAINST THE PROPOSITION - NO",,1,1,15,17,,
1/12/2016,"MURRAY","WYNNEWOOD PUBLIC SCHOOLS INDEPENDENT SCHOOL DISTRICT NO. 038",52501,"PROPOSITION  WYNNEWOOD PUBLIC SCHOOLS",,2,2,1,"FOR THE PROPOSITION - YES",,4,1,87,92,,
1/12/2016,"MURRAY","WYNNEWOOD PUBLIC SCHOOLS INDEPENDENT SCHOOL DISTRICT NO. 038",52501,"PROPOSITION  WYNNEWOOD PUBLIC SCHOOLS",,2,2,2,"AGAINST THE PROPOSITION - NO",,1,0,19,20,,
1/12/2016,"OKLAHOMA","EASTERN OKLAHOMA TECH CENTER DISTRICT NO. 23",55501,"PROPOSITION  EASTERN OKLAHOMA TECH CENTER",,34,34,1,"FOR THE PROPOSITION - YES",,58,1,871,930,,
1/12/2016,"OKLAHOMA","EASTERN OKLAHOMA TECH CENTER DISTRICT NO. 23",55501,"PROPOSITION  EASTERN OKLAHOMA TECH CENTER",,34,34,2,"AGAINST THE PROPOSITION - NO",,82,0,110,192,,
1/12/2016,"OSAGE","CLEVELAND PUBLIC SCHOOLS INDEPENDENT SCHOOL DISTRICT NO. 006",55901,"PROPOSITION NO. 1  CLEVELAND PUBLIC SCHOOLS",,2,2,1,"FOR THE PROPOSITION - YES",,0,0,8,8,,
1/12/2016,"OSAGE","CLEVELAND PUBLIC SCHOOLS INDEPENDENT SCHOOL DISTRICT NO. 006",55901,"PROPOSITION NO. 1  CLEVELAND PUBLIC SCHOOLS",,2,2,2,"AGAINST THE PROPOSITION - NO",,0,0,2,2,,
1/12/2016,"OSAGE","CLEVELAND PUBLIC SCHOOLS INDEPENDENT SCHOOL DISTRICT NO. 006",55902,"PROPOSITION NO. 2  CLEVELAND PUBLIC SCHOOLS",,2,2,1,"FOR THE PROPOSITION - YES",,0,0,8,8,,
1/12/2016,"OSAGE","CLEVELAND PUBLIC SCHOOLS INDEPENDENT SCHOOL DISTRICT NO. 006",55902,"PROPOSITION NO. 2  CLEVELAND PUBLIC SCHOOLS",,2,2,2,"AGAINST THE PROPOSITION - NO",,0,0,2,2,,
1/12/2016,"PAWNEE","CLEVELAND PUBLIC SCHOOLS INDEPENDENT SCHOOL DISTRICT NO. 006",55901,"PROPOSITION NO. 1  CLEVELAND PUBLIC SCHOOLS",,6,6,1,"FOR THE PROPOSITION - YES",,1,7,708,716,,
1/12/2016,"PAWNEE","CLEVELAND PUBLIC SCHOOLS INDEPENDENT SCHOOL DISTRICT NO. 006",55901,"PROPOSITION NO. 1  CLEVELAND PUBLIC SCHOOLS",,6,6,2,"AGAINST THE PROPOSITION - NO",,3,7,234,244,,
1/12/2016,"PAWNEE","CLEVELAND PUBLIC SCHOOLS INDEPENDENT SCHOOL DISTRICT NO. 006",55902,"PROPOSITION NO. 2  CLEVELAND PUBLIC SCHOOLS",,6,6,1,"FOR THE PROPOSITION - YES",,1,7,737,745,,
1/12/2016,"PAWNEE","CLEVELAND PUBLIC SCHOOLS INDEPENDENT SCHOOL DISTRICT NO. 006",55902,"PROPOSITION NO. 2  CLEVELAND PUBLIC SCHOOLS",,6,6,2,"AGAINST THE PROPOSITION - NO",,3,7,212,222,,
1/12/2016,"PONTOTOC","CITY OF ADA",46201,"PROPOSITION  CITY OF ADA",,9,9,1,"FOR THE PROPOSITION - YES",,20,8,106,134,,
1/12/2016,"PONTOTOC","CITY OF ADA",46201,"PROPOSITION  CITY OF ADA",,9,9,2,"AGAINST THE PROPOSITION - NO",,20,35,449,504,,
1/12/2016,"POTTAWATOMIE","LITTLE AXE PUBLIC SCHOOLS INDEPENDENT SCHOOL DISTRICT NO. 070",51401,"PROPOSITION  LITTLE AXE PUBLIC SCHOOLS",,1,1,1,"FOR THE PROPOSITION - YES",,0,0,0,0,,
1/12/2016,"POTTAWATOMIE","LITTLE AXE PUBLIC SCHOOLS INDEPENDENT SCHOOL DISTRICT NO. 070",51401,"PROPOSITION  LITTLE AXE PUBLIC SCHOOLS",,1,1,2,"AGAINST THE PROPOSITION - NO",,0,0,0,0,,
1/12/2016,"POTTAWATOMIE","EASTERN OKLAHOMA TECH CENTER DISTRICT NO. 23",55501,"PROPOSITION  EASTERN OKLAHOMA TECH CENTER",,1,1,1,"FOR THE PROPOSITION - YES",,0,0,1,1,,
1/12/2016,"POTTAWATOMIE","EASTERN OKLAHOMA TECH CENTER DISTRICT NO. 23",55501,"PROPOSITION  EASTERN OKLAHOMA TECH CENTER",,1,1,2,"AGAINST THE PROPOSITION - NO",,0,0,2,2,,
1/12/2016,"ROGERS","ROGERS COUNTY",10001,"FOR STATE SENATOR DISTRICT 34 (UNEXPIRED TERM)",,1,1,1,"J. J. DOSSETT",DEM,2,0,17,19,,
1/12/2016,"ROGERS","ROGERS COUNTY",10001,"FOR STATE SENATOR DISTRICT 34 (UNEXPIRED TERM)",,1,1,2,"DAVID L. McLAIN",REP,4,0,7,11,,
1/12/2016,"TULSA","TULSA COUNTY",10001,"FOR STATE SENATOR DISTRICT 34 (UNEXPIRED TERM)",,34,34,1,"J. J. DOSSETT",DEM,55,16,2083,2154,,
1/12/2016,"TULSA","TULSA COUNTY",10001,"FOR STATE SENATOR DISTRICT 34 (UNEXPIRED TERM)",,34,34,2,"DAVID L. McLAIN",REP,62,6,1608,1676,,
