elec_date,county,entity_description,race_number,race_description,race_party,tot_race_prec,race_prec_reporting,cand_number,cand_name,cand_party,cand_absmail_votes,cand_early_votes,cand_elecday_votes,cand_tot_votes,race_county_owner
9/8/2015,"ATOKA","ROCK CREEK PUBLIC SCHOOLS INDEPENDENT SCHOOL DISTRICT NO. 002",50704,"PROPOSITION  ROCK CREEK PUBLIC SCHOOLS",,2,2,1,"FOR THE PROPOSITION - YES",,0,0,0,0,,
9/8/2015,"ATOKA","ROCK CREEK PUBLIC SCHOOLS INDEPENDENT SCHOOL DISTRICT NO. 002",50704,"PROPOSITION  ROCK CREEK PUBLIC SCHOOLS",,2,2,2,"AGAINST THE PROPOSITION - NO",,0,0,0,0,,
9/8/2015,"BECKHAM","SAYRE PUBLIC SCHOOLS INDEPENDENT SCHOOL DISTRICT NO. 031",50501,"PROPOSITION NO. 1  SAYRE PUBLIC SCHOOLS",,8,8,1,"FOR THE PROPOSITION - YES",,9,21,221,251,,
9/8/2015,"BECKHAM","SAYRE PUBLIC SCHOOLS INDEPENDENT SCHOOL DISTRICT NO. 031",50501,"PROPOSITION NO. 1  SAYRE PUBLIC SCHOOLS",,8,8,2,"AGAINST THE PROPOSITION - NO",,4,8,79,91,,
9/8/2015,"BECKHAM","SAYRE PUBLIC SCHOOLS INDEPENDENT SCHOOL DISTRICT NO. 031",50502,"PROPOSITION NO. 2  SAYRE PUBLIC SCHOOLS",,8,8,1,"FOR THE PROPOSITION - YES",,10,23,231,264,,
9/8/2015,"BECKHAM","SAYRE PUBLIC SCHOOLS INDEPENDENT SCHOOL DISTRICT NO. 031",50502,"PROPOSITION NO. 2  SAYRE PUBLIC SCHOOLS",,8,8,2,"AGAINST THE PROPOSITION - NO",,3,8,71,82,,
9/8/2015,"BRYAN","ACHILLE PUBLIC SCHOOLS INDEPENDENT SCHOOL DISTRICT NO. 003",50701,"PROPOSITION  ACHILLE PUBLIC SCHOOLS",,4,4,1,"FOR THE PROPOSITION - YES",,0,0,198,198,,
9/8/2015,"BRYAN","ACHILLE PUBLIC SCHOOLS INDEPENDENT SCHOOL DISTRICT NO. 003",50701,"PROPOSITION  ACHILLE PUBLIC SCHOOLS",,4,4,2,"AGAINST THE PROPOSITION - NO",,0,0,52,52,,
9/8/2015,"BRYAN","DURANT PUBLIC SCHOOLS INDEPENDENT SCHOOL DISTRICT NO. 072",50702,"PROPOSITION NO. 1  DURANT PUBLIC SCHOOLS",,11,11,1,"FOR THE PROPOSITION - YES",,19,44,534,597,,
9/8/2015,"BRYAN","DURANT PUBLIC SCHOOLS INDEPENDENT SCHOOL DISTRICT NO. 072",50702,"PROPOSITION NO. 1  DURANT PUBLIC SCHOOLS",,11,11,2,"AGAINST THE PROPOSITION - NO",,12,12,152,176,,
9/8/2015,"BRYAN","DURANT PUBLIC SCHOOLS INDEPENDENT SCHOOL DISTRICT NO. 072",50703,"PROPOSITION NO. 2  DURANT PUBLIC SCHOOLS",,11,11,1,"FOR THE PROPOSITION - YES",,19,44,548,611,,
9/8/2015,"BRYAN","DURANT PUBLIC SCHOOLS INDEPENDENT SCHOOL DISTRICT NO. 072",50703,"PROPOSITION NO. 2  DURANT PUBLIC SCHOOLS",,11,11,2,"AGAINST THE PROPOSITION - NO",,13,11,156,180,,
9/8/2015,"BRYAN","ROCK CREEK PUBLIC SCHOOLS INDEPENDENT SCHOOL DISTRICT NO. 002",50704,"PROPOSITION  ROCK CREEK PUBLIC SCHOOLS",,9,9,1,"FOR THE PROPOSITION - YES",,3,2,180,185,,
9/8/2015,"BRYAN","ROCK CREEK PUBLIC SCHOOLS INDEPENDENT SCHOOL DISTRICT NO. 002",50704,"PROPOSITION  ROCK CREEK PUBLIC SCHOOLS",,9,9,2,"AGAINST THE PROPOSITION - NO",,1,2,63,66,,
9/8/2015,"CANADIAN","BANNER PUBLIC SCHOOLS ELEMENTARY SCHOOL DISTRICT NO. 031",50901,"PROPOSITION  BANNER PUBLIC SCHOOLS",,8,8,1,"FOR THE PROPOSITION - YES",,2,7,71,80,,
9/8/2015,"CANADIAN","BANNER PUBLIC SCHOOLS ELEMENTARY SCHOOL DISTRICT NO. 031",50901,"PROPOSITION  BANNER PUBLIC SCHOOLS",,8,8,2,"AGAINST THE PROPOSITION - NO",,5,0,4,9,,
9/8/2015,"CARTER","DICKSON PUBLIC SCHOOLS INDEPENDENT SCHOOL DISTRICT NO. 077",51001,"PROPOSITION  DICKSON PUBLIC SCHOOLS",,4,4,1,"FOR THE PROPOSITION - YES",,2,9,186,197,,
9/8/2015,"CARTER","DICKSON PUBLIC SCHOOLS INDEPENDENT SCHOOL DISTRICT NO. 077",51001,"PROPOSITION  DICKSON PUBLIC SCHOOLS",,4,4,2,"AGAINST THE PROPOSITION - NO",,1,13,125,139,,
9/8/2015,"CREEK","CITY OF OILTON",41901,"PROPOSITION  CITY OF OILTON",,1,1,1,"FOR THE PROPOSITION - YES",,1,0,59,60,,
9/8/2015,"CREEK","CITY OF OILTON",41901,"PROPOSITION  CITY OF OILTON",,1,1,2,"AGAINST THE PROPOSITION - NO",,0,0,5,5,,
9/8/2015,"CREEK","TOWN OF MOUNDS",41902,"PROPOSITION  TOWN OF MOUNDS",,1,1,1,"FOR THE PROPOSITION - YES",,1,0,23,24,,
9/8/2015,"CREEK","TOWN OF MOUNDS",41902,"PROPOSITION  TOWN OF MOUNDS",,1,1,2,"AGAINST THE PROPOSITION - NO",,0,0,4,4,,
9/8/2015,"CREEK","DEPEW PUBLIC SCHOOLS INDEPENDENT SCHOOL DISTRICT NO. 021",51901,"PROPOSITION  DEPEW PUBLIC SCHOOLS",,5,5,1,"FOR THE PROPOSITION - YES",,3,0,134,137,,
9/8/2015,"CREEK","DEPEW PUBLIC SCHOOLS INDEPENDENT SCHOOL DISTRICT NO. 021",51901,"PROPOSITION  DEPEW PUBLIC SCHOOLS",,5,5,2,"AGAINST THE PROPOSITION - NO",,0,0,123,123,,
9/8/2015,"GARFIELD","DRUMMOND PUBLIC SCHOOLS INDEPENDENT SCHOOL DISTRICT NO. 085",52401,"PROPOSITION  DRUMMOND PUBLIC SCHOOLS",,1,1,1,"FOR THE PROPOSITION - YES",,4,0,76,80,,
9/8/2015,"GARFIELD","DRUMMOND PUBLIC SCHOOLS INDEPENDENT SCHOOL DISTRICT NO. 085",52401,"PROPOSITION  DRUMMOND PUBLIC SCHOOLS",,1,1,2,"AGAINST THE PROPOSITION - NO",,5,0,8,13,,
9/8/2015,"GARVIN","LINDSAY PUBLIC SCHOOLS INDEPENDENT SCHOOL DISTRICT NO. 009",52501,"PROPOSITION  LINDSAY PUBLIC SCHOOLS",,4,4,1,"FOR THE PROPOSITION - YES",,10,6,549,565,,
9/8/2015,"GARVIN","LINDSAY PUBLIC SCHOOLS INDEPENDENT SCHOOL DISTRICT NO. 009",52501,"PROPOSITION  LINDSAY PUBLIC SCHOOLS",,4,4,2,"AGAINST THE PROPOSITION - NO",,2,1,261,264,,
9/8/2015,"GARVIN","WYNNEWOOD PUBLIC SCHOOLS INDEPENDENT SCHOOL DISTRICT NO. 038",52502,"PROPOSITION  WYNNEWOOD PUBLIC SCHOOLS",,4,4,1,"FOR THE PROPOSITION - YES",,27,38,537,602,,
9/8/2015,"GARVIN","WYNNEWOOD PUBLIC SCHOOLS INDEPENDENT SCHOOL DISTRICT NO. 038",52502,"PROPOSITION  WYNNEWOOD PUBLIC SCHOOLS",,4,4,2,"AGAINST THE PROPOSITION - NO",,15,19,389,423,,
9/8/2015,"GRADY","LINDSAY PUBLIC SCHOOLS INDEPENDENT SCHOOL DISTRICT NO. 009",52501,"PROPOSITION  LINDSAY PUBLIC SCHOOLS",,2,2,1,"FOR THE PROPOSITION - YES",,0,0,13,13,,
9/8/2015,"GRADY","LINDSAY PUBLIC SCHOOLS INDEPENDENT SCHOOL DISTRICT NO. 009",52501,"PROPOSITION  LINDSAY PUBLIC SCHOOLS",,2,2,2,"AGAINST THE PROPOSITION - NO",,0,0,3,3,,
9/8/2015,"GREER","SAYRE PUBLIC SCHOOLS INDEPENDENT SCHOOL DISTRICT NO. 031",50501,"PROPOSITION NO. 1  SAYRE PUBLIC SCHOOLS",,2,2,1,"FOR THE PROPOSITION - YES",,0,0,0,0,,
9/8/2015,"GREER","SAYRE PUBLIC SCHOOLS INDEPENDENT SCHOOL DISTRICT NO. 031",50501,"PROPOSITION NO. 1  SAYRE PUBLIC SCHOOLS",,2,2,2,"AGAINST THE PROPOSITION - NO",,0,0,0,0,,
9/8/2015,"GREER","SAYRE PUBLIC SCHOOLS INDEPENDENT SCHOOL DISTRICT NO. 031",50502,"PROPOSITION NO. 2  SAYRE PUBLIC SCHOOLS",,2,2,1,"FOR THE PROPOSITION - YES",,0,0,0,0,,
9/8/2015,"GREER","SAYRE PUBLIC SCHOOLS INDEPENDENT SCHOOL DISTRICT NO. 031",50502,"PROPOSITION NO. 2  SAYRE PUBLIC SCHOOLS",,2,2,2,"AGAINST THE PROPOSITION - NO",,0,0,0,0,,
9/8/2015,"GREER","OKLAHOMA DEPT. OF CAREER AND TECHNOLOGY EDUCATION",52901,"PROPOSITION  OKLAHOMA DEPT. OF CAREER",,3,3,1,"FOR THE PROPOSITION - YES",,0,0,0,0,,
9/8/2015,"GREER","OKLAHOMA DEPT. OF CAREER AND TECHNOLOGY EDUCATION",52901,"PROPOSITION  OKLAHOMA DEPT. OF CAREER",,3,3,2,"AGAINST THE PROPOSITION - NO",,0,0,0,0,,
9/8/2015,"GREER","DUKE PUBLIC SCHOOLS INDEPENDENT SCHOOL DISTRICT NO. 014",53301,"PROPOSITION  DUKE PUBLIC SCHOOLS",,1,1,1,"FOR THE PROPOSITION - YES",,0,1,0,1,,
9/8/2015,"GREER","DUKE PUBLIC SCHOOLS INDEPENDENT SCHOOL DISTRICT NO. 014",53301,"PROPOSITION  DUKE PUBLIC SCHOOLS",,1,1,2,"AGAINST THE PROPOSITION - NO",,0,0,0,0,,
9/8/2015,"GREER","NAVAJO PUBLIC SCHOOLS INDEPENDENT SCHOOL DISTRICT NO. 001",53302,"PROPOSITION  NAVAJO PUBLIC SCHOOLS",,2,2,1,"FOR THE PROPOSITION - YES",,0,0,0,0,,
9/8/2015,"GREER","NAVAJO PUBLIC SCHOOLS INDEPENDENT SCHOOL DISTRICT NO. 001",53302,"PROPOSITION  NAVAJO PUBLIC SCHOOLS",,2,2,2,"AGAINST THE PROPOSITION - NO",,0,0,0,0,,
9/8/2015,"HARMON","OKLAHOMA DEPT. OF CAREER AND TECHNOLOGY EDUCATION",52901,"PROPOSITION  OKLAHOMA DEPT. OF CAREER",,7,7,1,"FOR THE PROPOSITION - YES",,10,13,237,260,,
9/8/2015,"HARMON","OKLAHOMA DEPT. OF CAREER AND TECHNOLOGY EDUCATION",52901,"PROPOSITION  OKLAHOMA DEPT. OF CAREER",,7,7,2,"AGAINST THE PROPOSITION - NO",,0,11,88,99,,
9/8/2015,"JACKSON","DUKE PUBLIC SCHOOLS INDEPENDENT SCHOOL DISTRICT NO. 014",53301,"PROPOSITION  DUKE PUBLIC SCHOOLS",,2,2,1,"FOR THE PROPOSITION - YES",,2,1,132,135,,
9/8/2015,"JACKSON","DUKE PUBLIC SCHOOLS INDEPENDENT SCHOOL DISTRICT NO. 014",53301,"PROPOSITION  DUKE PUBLIC SCHOOLS",,2,2,2,"AGAINST THE PROPOSITION - NO",,0,1,50,51,,
9/8/2015,"JACKSON","NAVAJO PUBLIC SCHOOLS INDEPENDENT SCHOOL DISTRICT NO. 001",53302,"PROPOSITION  NAVAJO PUBLIC SCHOOLS",,4,4,1,"FOR THE PROPOSITION - YES",,1,10,146,157,,
9/8/2015,"JACKSON","NAVAJO PUBLIC SCHOOLS INDEPENDENT SCHOOL DISTRICT NO. 001",53302,"PROPOSITION  NAVAJO PUBLIC SCHOOLS",,4,4,2,"AGAINST THE PROPOSITION - NO",,3,7,33,43,,
9/8/2015,"KINGFISHER","DRUMMOND PUBLIC SCHOOLS INDEPENDENT SCHOOL DISTRICT NO. 085",52401,"PROPOSITION  DRUMMOND PUBLIC SCHOOLS",,1,1,1,"FOR THE PROPOSITION - YES",,0,0,0,0,,
9/8/2015,"KINGFISHER","DRUMMOND PUBLIC SCHOOLS INDEPENDENT SCHOOL DISTRICT NO. 085",52401,"PROPOSITION  DRUMMOND PUBLIC SCHOOLS",,1,1,2,"AGAINST THE PROPOSITION - NO",,0,0,0,0,,
9/8/2015,"LEFLORE","CAMERON PUBLIC SCHOOLS INDEPENDENT SCHOOL DISTRICT NO. 017",54001,"PROPOSITION 1  CAMERON PUBLIC SCHOOLS",,4,4,1,"FOR THE PROPOSITION - YES",,0,1,47,48,,
9/8/2015,"LEFLORE","CAMERON PUBLIC SCHOOLS INDEPENDENT SCHOOL DISTRICT NO. 017",54001,"PROPOSITION 1  CAMERON PUBLIC SCHOOLS",,4,4,2,"AGAINST THE PROPOSITION - NO",,0,0,40,40,,
9/8/2015,"LEFLORE","CAMERON PUBLIC SCHOOLS INDEPENDENT SCHOOL DISTRICT NO. 017",54002,"PROPOSITION 2  CAMERON PUBLIC SCHOOLS",,4,4,1,"FOR THE PROPOSITION - YES",,0,1,48,49,,
9/8/2015,"LEFLORE","CAMERON PUBLIC SCHOOLS INDEPENDENT SCHOOL DISTRICT NO. 017",54002,"PROPOSITION 2  CAMERON PUBLIC SCHOOLS",,4,4,2,"AGAINST THE PROPOSITION - NO",,0,0,39,39,,
9/8/2015,"MCCLAIN","LINDSAY PUBLIC SCHOOLS INDEPENDENT SCHOOL DISTRICT NO. 009",52501,"PROPOSITION  LINDSAY PUBLIC SCHOOLS",,3,3,1,"FOR THE PROPOSITION - YES",,2,1,81,84,,
9/8/2015,"MCCLAIN","LINDSAY PUBLIC SCHOOLS INDEPENDENT SCHOOL DISTRICT NO. 009",52501,"PROPOSITION  LINDSAY PUBLIC SCHOOLS",,3,3,2,"AGAINST THE PROPOSITION - NO",,3,0,33,36,,
9/8/2015,"MCCURTAIN","HAWORTH PUBLIC SCHOOLS INDEPENDENT SCHOOL DISTRICT NO. 006",54501,"PROPOSITION  HAWORTH PUBLIC SCHOOLS",,5,5,1,"FOR THE PROPOSITION - YES",,2,6,226,234,,
9/8/2015,"MCCURTAIN","HAWORTH PUBLIC SCHOOLS INDEPENDENT SCHOOL DISTRICT NO. 006",54501,"PROPOSITION  HAWORTH PUBLIC SCHOOLS",,5,5,2,"AGAINST THE PROPOSITION - NO",,5,3,251,259,,
9/8/2015,"MAJOR","DRUMMOND PUBLIC SCHOOLS INDEPENDENT SCHOOL DISTRICT NO. 085",52401,"PROPOSITION  DRUMMOND PUBLIC SCHOOLS",,1,1,1,"FOR THE PROPOSITION - YES",,0,0,0,0,,
9/8/2015,"MAJOR","DRUMMOND PUBLIC SCHOOLS INDEPENDENT SCHOOL DISTRICT NO. 085",52401,"PROPOSITION  DRUMMOND PUBLIC SCHOOLS",,1,1,2,"AGAINST THE PROPOSITION - NO",,0,0,0,0,,
9/8/2015,"MURRAY","WYNNEWOOD PUBLIC SCHOOLS INDEPENDENT SCHOOL DISTRICT NO. 038",52502,"PROPOSITION  WYNNEWOOD PUBLIC SCHOOLS",,2,2,1,"FOR THE PROPOSITION - YES",,6,1,75,82,,
9/8/2015,"MURRAY","WYNNEWOOD PUBLIC SCHOOLS INDEPENDENT SCHOOL DISTRICT NO. 038",52502,"PROPOSITION  WYNNEWOOD PUBLIC SCHOOLS",,2,2,2,"AGAINST THE PROPOSITION - NO",,2,0,68,70,,
9/8/2015,"OKLAHOMA","OKLAHOMA COUNTY",10002,"FOR STATE REPRESENTATIVE DISTRICT 85 (UNEXPIRED TERM)",,16,16,1,"CYNDI MUNSON",DEM,270,63,2308,2641,,
9/8/2015,"OKLAHOMA","OKLAHOMA COUNTY",10002,"FOR STATE REPRESENTATIVE DISTRICT 85 (UNEXPIRED TERM)",,16,16,2,"CHIP CARTER",REP,245,28,1999,2272,,
9/8/2015,"OKLAHOMA","CITY OF DEL CITY",45501,"PROPOSITION  CITY OF DEL CITY",,6,6,1,"FOR THE PROPOSITION - YES",,35,4,612,651,,
9/8/2015,"OKLAHOMA","CITY OF DEL CITY",45501,"PROPOSITION  CITY OF DEL CITY",,6,6,2,"AGAINST THE PROPOSITION - NO",,34,0,364,398,,
9/8/2015,"PITTSBURG","CITY OF KREBS",46101,"PROPOSITION  CITY OF KREBS",,6,6,1,"FOR THE PROPOSITION - YES",,1,5,59,65,,
9/8/2015,"PITTSBURG","CITY OF KREBS",46101,"PROPOSITION  CITY OF KREBS",,6,6,2,"AGAINST THE PROPOSITION - NO",,2,2,56,60,,
9/8/2015,"PONTOTOC","VANOSS PUBLIC SCHOOLS INDEPENDENT SCHOOL DISTRICT NO. 009",56201,"PROPOSITION  VANOSS PUBLIC SCHOOLS",,4,4,1,"FOR THE PROPOSITION - YES",,3,4,219,226,,
9/8/2015,"PONTOTOC","VANOSS PUBLIC SCHOOLS INDEPENDENT SCHOOL DISTRICT NO. 009",56201,"PROPOSITION  VANOSS PUBLIC SCHOOLS",,4,4,2,"AGAINST THE PROPOSITION - NO",,2,6,128,136,,
9/8/2015,"POTTAWATOMIE","MACOMB PUBLIC SCHOOLS INDEPENDENT SCHOOL DISTRICT NO. 004",56301,"PROPOSITION NO. 1  MACOMB PUBLIC SCHOOLS",,4,4,1,"FOR THE PROPOSITION - YES",,1,3,80,84,,
9/8/2015,"POTTAWATOMIE","MACOMB PUBLIC SCHOOLS INDEPENDENT SCHOOL DISTRICT NO. 004",56301,"PROPOSITION NO. 1  MACOMB PUBLIC SCHOOLS",,4,4,2,"AGAINST THE PROPOSITION - NO",,0,2,78,80,,
9/8/2015,"POTTAWATOMIE","MACOMB PUBLIC SCHOOLS INDEPENDENT SCHOOL DISTRICT NO. 004",56302,"PROPOSITION NO. 2  MACOMB PUBLIC SCHOOLS",,4,4,1,"FOR THE PROPOSITION - YES",,1,3,88,92,,
9/8/2015,"POTTAWATOMIE","MACOMB PUBLIC SCHOOLS INDEPENDENT SCHOOL DISTRICT NO. 004",56302,"PROPOSITION NO. 2  MACOMB PUBLIC SCHOOLS",,4,4,2,"AGAINST THE PROPOSITION - NO",,0,2,71,73,,
9/8/2015,"POTTAWATOMIE","PLEASANT GROVE PUBLIC SCHOOL ELEMENTARY SCHOOL DISTRICT NO. 029",56303,"PROPOSITION  PLEASANT GROVE PUBLIC SCHOOL",,1,1,1,"FOR THE PROPOSITION - YES",,0,0,9,9,,
9/8/2015,"POTTAWATOMIE","PLEASANT GROVE PUBLIC SCHOOL ELEMENTARY SCHOOL DISTRICT NO. 029",56303,"PROPOSITION  PLEASANT GROVE PUBLIC SCHOOL",,1,1,2,"AGAINST THE PROPOSITION - NO",,0,0,11,11,,
9/8/2015,"ROGER MILLS","SAYRE PUBLIC SCHOOLS INDEPENDENT SCHOOL DISTRICT NO. 031",50501,"PROPOSITION NO. 1  SAYRE PUBLIC SCHOOLS",,1,1,1,"FOR THE PROPOSITION - YES",,0,0,0,0,,
9/8/2015,"ROGER MILLS","SAYRE PUBLIC SCHOOLS INDEPENDENT SCHOOL DISTRICT NO. 031",50501,"PROPOSITION NO. 1  SAYRE PUBLIC SCHOOLS",,1,1,2,"AGAINST THE PROPOSITION - NO",,0,0,0,0,,
9/8/2015,"ROGER MILLS","SAYRE PUBLIC SCHOOLS INDEPENDENT SCHOOL DISTRICT NO. 031",50502,"PROPOSITION NO. 2  SAYRE PUBLIC SCHOOLS",,1,1,1,"FOR THE PROPOSITION - YES",,0,0,0,0,,
9/8/2015,"ROGER MILLS","SAYRE PUBLIC SCHOOLS INDEPENDENT SCHOOL DISTRICT NO. 031",50502,"PROPOSITION NO. 2  SAYRE PUBLIC SCHOOLS",,1,1,2,"AGAINST THE PROPOSITION - NO",,0,0,0,0,,
