elec_date,county,entity_description,race_number,race_description,race_party,tot_race_prec,race_prec_reporting,cand_number,cand_name,cand_party,cand_absmail_votes,cand_early_votes,cand_elecday_votes,cand_tot_votes,race_county_owner
2/11/2020,"ATOKA","ROCK CREEK PUBLIC SCHOOLS INDEPENDENT SCHOOL DISTRICT NO. 002",50705,"PROPOSITION  ROCK CREEK PUBLIC SCHOOLS",,2,2,1,"FOR THE PROPOSITION - YES",,0,0,0,0,,
2/11/2020,"ATOKA","ROCK CREEK PUBLIC SCHOOLS INDEPENDENT SCHOOL DISTRICT NO. 002",50705,"PROPOSITION  ROCK CREEK PUBLIC SCHOOLS",,2,2,2,"AGAINST THE PROPOSITION - NO",,0,0,0,0,,
2/11/2020,"ATOKA","WAPANUCKA PUBLIC SCHOOLS INDEPENDENT SCHOOL DISTRICT NO. 037",53502,"PROPOSITION  WAPANUCKA PUBLIC SCHOOLS",,1,1,1,"FOR THE PROPOSITION - YES",,0,0,11,11,,
2/11/2020,"ATOKA","WAPANUCKA PUBLIC SCHOOLS INDEPENDENT SCHOOL DISTRICT NO. 037",53502,"PROPOSITION  WAPANUCKA PUBLIC SCHOOLS",,1,1,2,"AGAINST THE PROPOSITION - NO",,0,0,9,9,,
2/11/2020,"BECKHAM","MANGUM PUBLIC SCHOOLS INDEPENDENT SCHOOL DISTRICT NO. 001",52801,"FOR OFFICE NO. 5  MANGUM PUBLIC SCHOOLS",,1,1,1,"STACI VANZANT",,0,0,0,0,BECKHAM
2/11/2020,"BECKHAM","MANGUM PUBLIC SCHOOLS INDEPENDENT SCHOOL DISTRICT NO. 001",52801,"FOR OFFICE NO. 5  MANGUM PUBLIC SCHOOLS",,1,1,2,"BRIAN GAMBILL",,0,0,0,0,BECKHAM
2/11/2020,"BECKHAM","MANGUM PUBLIC SCHOOLS INDEPENDENT SCHOOL DISTRICT NO. 001",52801,"FOR OFFICE NO. 5  MANGUM PUBLIC SCHOOLS",,1,1,3,"CHARLES CALLINS",,0,0,0,0,BECKHAM
2/11/2020,"BECKHAM","HAMMON PUBLIC SCHOOLS INDEPENDENT SCHOOL DISTRICT NO. 066",56502,"FOR OFFICE NO. 2 (UNEXPIRED TERM)  HAMMON PUBLIC SCHOOLS",,1,1,1,"RACHEL CANDY",,0,0,0,0,BECKHAM
2/11/2020,"BECKHAM","HAMMON PUBLIC SCHOOLS INDEPENDENT SCHOOL DISTRICT NO. 066",56502,"FOR OFFICE NO. 2 (UNEXPIRED TERM)  HAMMON PUBLIC SCHOOLS",,1,1,2,"AMANDA THOMAS WILLIAMS",,0,0,0,0,BECKHAM
2/11/2020,"BECKHAM","HAMMON PUBLIC SCHOOLS INDEPENDENT SCHOOL DISTRICT NO. 066",56502,"FOR OFFICE NO. 2 (UNEXPIRED TERM)  HAMMON PUBLIC SCHOOLS",,1,1,3,"JEREMY MOLER",,0,0,0,0,BECKHAM
2/11/2020,"BECKHAM","SENTINEL PUBLIC SCHOOLS INDEPENDENT SCHOOL DISTRICT NO. 001",57501,"FOR OFFICE NO. 5  SENTINEL PUBLIC SCHOOLS",,1,1,1,"BILLY HANES",,0,0,4,4,BECKHAM
2/11/2020,"BECKHAM","SENTINEL PUBLIC SCHOOLS INDEPENDENT SCHOOL DISTRICT NO. 001",57501,"FOR OFFICE NO. 5  SENTINEL PUBLIC SCHOOLS",,1,1,2,"COLT MUSICK",,0,0,5,5,BECKHAM
2/11/2020,"BECKHAM","SENTINEL PUBLIC SCHOOLS INDEPENDENT SCHOOL DISTRICT NO. 001",57501,"FOR OFFICE NO. 5  SENTINEL PUBLIC SCHOOLS",,1,1,3,"ANITA EVETTS",,0,0,0,0,BECKHAM
2/11/2020,"BECKHAM","SENTINEL PUBLIC SCHOOLS INDEPENDENT SCHOOL DISTRICT NO. 001",57501,"FOR OFFICE NO. 5  SENTINEL PUBLIC SCHOOLS",,1,1,4,"RAY CLEMONS",,0,0,0,0,BECKHAM
2/11/2020,"BECKHAM","SENTINEL PUBLIC SCHOOLS INDEPENDENT SCHOOL DISTRICT NO. 001",57501,"FOR OFFICE NO. 5  SENTINEL PUBLIC SCHOOLS",,1,1,5,"LARRY W PECK",,0,0,3,3,BECKHAM
2/11/2020,"BLAINE","CANTON PUBLIC SCHOOLS INDEPENDENT SCHOOL DISTRICT NO. 105",50601,"FOR OFFICE NO. 5  CANTON PUBLIC SCHOOLS",,3,3,1,"SARAH E. HOFFMAN",,1,2,23,26,BLAINE
2/11/2020,"BLAINE","CANTON PUBLIC SCHOOLS INDEPENDENT SCHOOL DISTRICT NO. 105",50601,"FOR OFFICE NO. 5  CANTON PUBLIC SCHOOLS",,3,3,2,"DALE SANDERSON",,2,4,33,39,BLAINE
2/11/2020,"BLAINE","CANTON PUBLIC SCHOOLS INDEPENDENT SCHOOL DISTRICT NO. 105",50601,"FOR OFFICE NO. 5  CANTON PUBLIC SCHOOLS",,3,3,3,"CODY SMITH",,0,0,19,19,BLAINE
2/11/2020,"BLAINE","CANTON PUBLIC SCHOOLS INDEPENDENT SCHOOL DISTRICT NO. 105",50601,"FOR OFFICE NO. 5  CANTON PUBLIC SCHOOLS",,3,3,4,"MATT ELDER",,1,0,5,6,BLAINE
2/11/2020,"BLAINE","CANTON PUBLIC SCHOOLS INDEPENDENT SCHOOL DISTRICT NO. 105",50601,"FOR OFFICE NO. 5  CANTON PUBLIC SCHOOLS",,3,3,5,"GREG HEATH",,1,4,108,113,BLAINE
2/11/2020,"BLAINE","GEARY PUBLIC SCHOOLS INDEPENDENT SCHOOL DISTRICT NO. 080",50603,"PROPOSITION  GEARY PUBLIC SCHOOLS",,2,2,1,"FOR THE PROPOSITION - YES",,0,3,67,70,,
2/11/2020,"BLAINE","GEARY PUBLIC SCHOOLS INDEPENDENT SCHOOL DISTRICT NO. 080",50603,"PROPOSITION  GEARY PUBLIC SCHOOLS",,2,2,2,"AGAINST THE PROPOSITION - NO",,5,13,283,301,,
2/11/2020,"BLAINE","FAIRVIEW PUBLIC SCHOOLS INDEPENDENT SCHOOL DISTRICT NO. 084",54702,"PROPOSITION NO. 1  FAIRVIEW PUBLIC SCHOOLS",,1,1,1,"FOR THE PROPOSITION - YES",,5,0,0,5,,
2/11/2020,"BLAINE","FAIRVIEW PUBLIC SCHOOLS INDEPENDENT SCHOOL DISTRICT NO. 084",54702,"PROPOSITION NO. 1  FAIRVIEW PUBLIC SCHOOLS",,1,1,2,"AGAINST THE PROPOSITION - NO",,2,0,0,2,,
2/11/2020,"BLAINE","FAIRVIEW PUBLIC SCHOOLS INDEPENDENT SCHOOL DISTRICT NO. 084",54703,"PROPOSITION NO. 2  FAIRVIEW PUBLIC SCHOOLS",,1,1,1,"FOR THE PROPOSITION - YES",,5,0,0,5,,
2/11/2020,"BLAINE","FAIRVIEW PUBLIC SCHOOLS INDEPENDENT SCHOOL DISTRICT NO. 084",54703,"PROPOSITION NO. 2  FAIRVIEW PUBLIC SCHOOLS",,1,1,2,"AGAINST THE PROPOSITION - NO",,2,0,0,2,,
2/11/2020,"BRYAN","CITY OF DURANT",40701,"PROPOSITION  CITY OF DURANT",,11,11,1,"FOR THE PROPOSITION - YES",,23,14,413,450,,
2/11/2020,"BRYAN","CITY OF DURANT",40701,"PROPOSITION  CITY OF DURANT",,11,11,2,"AGAINST THE PROPOSITION - NO",,21,3,239,263,,
2/11/2020,"BRYAN","CALERA PUBLIC SCHOOLS INDEPENDENT SCHOOL DISTRICT NO. 048",50702,"PROPOSITION NO. 1  CALERA PUBLIC SCHOOLS",,3,3,1,"FOR THE PROPOSITION - YES",,6,2,132,140,,
2/11/2020,"BRYAN","CALERA PUBLIC SCHOOLS INDEPENDENT SCHOOL DISTRICT NO. 048",50702,"PROPOSITION NO. 1  CALERA PUBLIC SCHOOLS",,3,3,2,"AGAINST THE PROPOSITION - NO",,4,1,158,163,,
2/11/2020,"BRYAN","CALERA PUBLIC SCHOOLS INDEPENDENT SCHOOL DISTRICT NO. 048",50703,"PROPOSITION NO. 2  CALERA PUBLIC SCHOOLS",,3,3,1,"FOR THE PROPOSITION - YES",,6,2,154,162,,
2/11/2020,"BRYAN","CALERA PUBLIC SCHOOLS INDEPENDENT SCHOOL DISTRICT NO. 048",50703,"PROPOSITION NO. 2  CALERA PUBLIC SCHOOLS",,3,3,2,"AGAINST THE PROPOSITION - NO",,4,1,137,142,,
2/11/2020,"BRYAN","ROCK CREEK PUBLIC SCHOOLS INDEPENDENT SCHOOL DISTRICT NO. 002",50705,"PROPOSITION  ROCK CREEK PUBLIC SCHOOLS",,9,9,1,"FOR THE PROPOSITION - YES",,2,3,204,209,,
2/11/2020,"BRYAN","ROCK CREEK PUBLIC SCHOOLS INDEPENDENT SCHOOL DISTRICT NO. 002",50705,"PROPOSITION  ROCK CREEK PUBLIC SCHOOLS",,9,9,2,"AGAINST THE PROPOSITION - NO",,5,13,239,257,,
2/11/2020,"CADDO","CARNEGIE PUBLIC SCHOOLS INDEPENDENT SCHOOL DISTRICT NO. 033",50801,"FOR OFFICE NO. 5  CARNEGIE PUBLIC SCHOOLS",,2,2,1,"CHRISTI HARRISON",,5,3,138,146,CADDO
2/11/2020,"CADDO","CARNEGIE PUBLIC SCHOOLS INDEPENDENT SCHOOL DISTRICT NO. 033",50801,"FOR OFFICE NO. 5  CARNEGIE PUBLIC SCHOOLS",,2,2,2,"MISTY D. BOETTGER",,5,1,86,92,CADDO
2/11/2020,"CADDO","CARNEGIE PUBLIC SCHOOLS INDEPENDENT SCHOOL DISTRICT NO. 033",50801,"FOR OFFICE NO. 5  CARNEGIE PUBLIC SCHOOLS",,2,2,3,"RYAN CLARK",,3,1,78,82,CADDO
2/11/2020,"CANADIAN","CITY OF YUKON",40902,"FOR COUNCILMEMBER WARD 4  CITY OF YUKON",,4,4,1,"ARIC L. GILLILAND",,11,0,237,248,CANADIAN
2/11/2020,"CANADIAN","CITY OF YUKON",40902,"FOR COUNCILMEMBER WARD 4  CITY OF YUKON",,4,4,2,"KEN WILKINS",,12,2,82,96,CANADIAN
2/11/2020,"CANADIAN","GEARY PUBLIC SCHOOLS INDEPENDENT SCHOOL DISTRICT NO. 080",50603,"PROPOSITION  GEARY PUBLIC SCHOOLS",,1,1,1,"FOR THE PROPOSITION - YES",,3,0,28,31,,
2/11/2020,"CANADIAN","GEARY PUBLIC SCHOOLS INDEPENDENT SCHOOL DISTRICT NO. 080",50603,"PROPOSITION  GEARY PUBLIC SCHOOLS",,1,1,2,"AGAINST THE PROPOSITION - NO",,0,1,52,53,,
2/11/2020,"CANADIAN","PIEDMONT PUBLIC SCHOOLS INDEPENDENT SCHOOL DISTRICT NO. 022",50902,"PROPOSITION  PIEDMONT PUBLIC SCHOOLS",,5,5,1,"FOR THE PROPOSITION - YES",,49,0,738,787,,
2/11/2020,"CANADIAN","PIEDMONT PUBLIC SCHOOLS INDEPENDENT SCHOOL DISTRICT NO. 022",50902,"PROPOSITION  PIEDMONT PUBLIC SCHOOLS",,5,5,2,"AGAINST THE PROPOSITION - NO",,41,5,497,543,,
2/11/2020,"CARTER","DAVIS PUBLIC SCHOOLS INDEPENDENT SCHOOL DISTRICT NO. 010",55001,"FOR OFFICE NO. 5  DAVIS PUBLIC SCHOOLS",,1,1,1,"TERRY KIM GADDY",,0,0,0,0,CARTER
2/11/2020,"CARTER","DAVIS PUBLIC SCHOOLS INDEPENDENT SCHOOL DISTRICT NO. 010",55001,"FOR OFFICE NO. 5  DAVIS PUBLIC SCHOOLS",,1,1,2,"D'ANDRA PARSONS",,0,0,0,0,CARTER
2/11/2020,"CARTER","DAVIS PUBLIC SCHOOLS INDEPENDENT SCHOOL DISTRICT NO. 010",55001,"FOR OFFICE NO. 5  DAVIS PUBLIC SCHOOLS",,1,1,3,"JEREMY HOFFMAN",,0,0,0,0,CARTER
2/11/2020,"CARTER","VELMA-ALMA PUBLIC SCHOOLS INDEPENDENT SCHOOL DISTRICT NO. 015",56905,"PROPOSITION NO. 1  VELMA-ALMA PUBLIC SCHOOLS",,1,1,1,"FOR THE PROPOSITION - YES",,0,0,0,0,,
2/11/2020,"CARTER","VELMA-ALMA PUBLIC SCHOOLS INDEPENDENT SCHOOL DISTRICT NO. 015",56905,"PROPOSITION NO. 1  VELMA-ALMA PUBLIC SCHOOLS",,1,1,2,"AGAINST THE PROPOSITION - NO",,0,0,0,0,,
2/11/2020,"CARTER","VELMA-ALMA PUBLIC SCHOOLS INDEPENDENT SCHOOL DISTRICT NO. 015",56906,"PROPOSITION NO. 2  VELMA-ALMA PUBLIC SCHOOLS",,1,1,1,"FOR THE PROPOSITION - YES",,0,0,0,0,,
2/11/2020,"CARTER","VELMA-ALMA PUBLIC SCHOOLS INDEPENDENT SCHOOL DISTRICT NO. 015",56906,"PROPOSITION NO. 2  VELMA-ALMA PUBLIC SCHOOLS",,1,1,2,"AGAINST THE PROPOSITION - NO",,0,0,0,0,,
2/11/2020,"CLEVELAND","CITY OF NORMAN",41401,"FOR COUNCILMEMBER WARD 2  CITY OF NORMAN",,8,8,1,"ANDREW TIFFANY",,18,9,443,470,CLEVELAND
2/11/2020,"CLEVELAND","CITY OF NORMAN",41401,"FOR COUNCILMEMBER WARD 2  CITY OF NORMAN",,8,8,2,"MATTHEW SALCIDO",,13,1,130,144,CLEVELAND
2/11/2020,"CLEVELAND","CITY OF NORMAN",41401,"FOR COUNCILMEMBER WARD 2  CITY OF NORMAN",,8,8,3,"DAVID PERRY",,59,21,640,720,CLEVELAND
2/11/2020,"CLEVELAND","CITY OF NORMAN",41402,"FOR COUNCILMEMBER WARD 4  CITY OF NORMAN",,8,8,1,"LEE HALL",,39,27,710,776,CLEVELAND
2/11/2020,"CLEVELAND","CITY OF NORMAN",41402,"FOR COUNCILMEMBER WARD 4  CITY OF NORMAN",,8,8,2,"GALE HOBSON",,14,3,94,111,CLEVELAND
2/11/2020,"CLEVELAND","CITY OF NORMAN",41403,"FOR COUNCILMEMBER WARD 6  CITY OF NORMAN",,6,6,1,"BILL SCANLON",,66,28,335,429,CLEVELAND
2/11/2020,"CLEVELAND","CITY OF NORMAN",41403,"FOR COUNCILMEMBER WARD 6  CITY OF NORMAN",,6,6,2,"ELIZABETH FOREMAN",,57,17,351,425,CLEVELAND
2/11/2020,"CLEVELAND","CITY OF NORMAN",41403,"FOR COUNCILMEMBER WARD 6  CITY OF NORMAN",,6,6,3,"DOUG KALICKI",,28,15,314,357,CLEVELAND
2/11/2020,"CLEVELAND","CITY OF PURCELL",44401,"FOR COUNCILMEMBER DIVISION 1  CITY OF PURCELL",,1,1,1,"BILL BOYLE",,0,0,0,0,CLEVELAND
2/11/2020,"CLEVELAND","CITY OF PURCELL",44401,"FOR COUNCILMEMBER DIVISION 1  CITY OF PURCELL",,1,1,2,"GRAHAM FISHBURN",,0,0,0,0,CLEVELAND
2/11/2020,"CLEVELAND","CITY OF PURCELL",44401,"FOR COUNCILMEMBER DIVISION 1  CITY OF PURCELL",,1,1,3,"AARON D. PERKINS",,0,0,0,0,CLEVELAND
2/11/2020,"CLEVELAND","MOORE PUBLIC SCHOOLS INDEPENDENT SCHOOL DISTRICT NO. 002",51401,"FOR OFFICE NO. 5  MOORE PUBLIC SCHOOLS",,8,8,1,"JENNY STATLER",,25,0,114,139,CLEVELAND
2/11/2020,"CLEVELAND","MOORE PUBLIC SCHOOLS INDEPENDENT SCHOOL DISTRICT NO. 002",51401,"FOR OFFICE NO. 5  MOORE PUBLIC SCHOOLS",,8,8,2,"BRIAN MORTON",,27,0,13,40,CLEVELAND
2/11/2020,"CLEVELAND","MOORE PUBLIC SCHOOLS INDEPENDENT SCHOOL DISTRICT NO. 002",51401,"FOR OFFICE NO. 5  MOORE PUBLIC SCHOOLS",,8,8,3,"AMANDA JEFFERS",,27,0,149,176,CLEVELAND
2/11/2020,"CLEVELAND","ROBIN HILL PUBLIC SCHOOL ELEMENTARY SCHOOL DISTRICT NO. 016",51403,"FOR OFFICE NO. 2 (UNEXPIRED TERM)  ROBIN HILL PUBLIC SCHOOL",,4,4,1,"RACHEL E MILLER",,0,0,0,0,CLEVELAND
2/11/2020,"CLEVELAND","ROBIN HILL PUBLIC SCHOOL ELEMENTARY SCHOOL DISTRICT NO. 016",51403,"FOR OFFICE NO. 2 (UNEXPIRED TERM)  ROBIN HILL PUBLIC SCHOOL",,4,4,2,"JESSE WELLS",,2,0,18,20,CLEVELAND
2/11/2020,"CLEVELAND","ROBIN HILL PUBLIC SCHOOL ELEMENTARY SCHOOL DISTRICT NO. 016",51403,"FOR OFFICE NO. 2 (UNEXPIRED TERM)  ROBIN HILL PUBLIC SCHOOL",,4,4,3,"DANELIA SMALLWOOD",,3,0,2,5,CLEVELAND
2/11/2020,"CLEVELAND","MCLOUD PUBLIC SCHOOLS INDEPENDENT SCHOOL DISTRICT NO. 001",56302,"PROPOSITION NO. 1  MCLOUD PUBLIC SCHOOLS",,1,1,1,"FOR THE PROPOSITION - YES",,21,0,39,60,,
2/11/2020,"CLEVELAND","MCLOUD PUBLIC SCHOOLS INDEPENDENT SCHOOL DISTRICT NO. 001",56302,"PROPOSITION NO. 1  MCLOUD PUBLIC SCHOOLS",,1,1,2,"AGAINST THE PROPOSITION - NO",,19,1,20,40,,
2/11/2020,"CLEVELAND","MCLOUD PUBLIC SCHOOLS INDEPENDENT SCHOOL DISTRICT NO. 001",56303,"PROPOSITION NO. 2  MCLOUD PUBLIC SCHOOLS",,1,1,1,"FOR THE PROPOSITION - YES",,20,0,40,60,,
2/11/2020,"CLEVELAND","MCLOUD PUBLIC SCHOOLS INDEPENDENT SCHOOL DISTRICT NO. 001",56303,"PROPOSITION NO. 2  MCLOUD PUBLIC SCHOOLS",,1,1,2,"AGAINST THE PROPOSITION - NO",,20,1,20,41,,
2/11/2020,"COAL","WAPANUCKA PUBLIC SCHOOLS INDEPENDENT SCHOOL DISTRICT NO. 037",53502,"PROPOSITION  WAPANUCKA PUBLIC SCHOOLS",,1,1,1,"FOR THE PROPOSITION - YES",,0,0,2,2,,
2/11/2020,"COAL","WAPANUCKA PUBLIC SCHOOLS INDEPENDENT SCHOOL DISTRICT NO. 037",53502,"PROPOSITION  WAPANUCKA PUBLIC SCHOOLS",,1,1,2,"AGAINST THE PROPOSITION - NO",,0,0,2,2,,
2/11/2020,"COMANCHE","CITY OF LAWTON",41601,"PROPOSITION  CITY OF LAWTON",,28,28,1,"FOR THE PROPOSITION - YES",,229,262,2296,2787,,
2/11/2020,"COMANCHE","CITY OF LAWTON",41601,"PROPOSITION  CITY OF LAWTON",,28,28,2,"AGAINST THE PROPOSITION - NO",,146,117,1292,1555,,
2/11/2020,"COMANCHE","CHATTANOOGA PUBLIC SCHOOLS INDEPENDENT SCHOOL DISTRICT NO. 132",51602,"PROPOSITION NO. 1  CHATTANOOGA PUBLIC SCHOOLS",,4,4,1,"FOR THE PROPOSITION - YES",,5,0,102,107,,
2/11/2020,"COMANCHE","CHATTANOOGA PUBLIC SCHOOLS INDEPENDENT SCHOOL DISTRICT NO. 132",51602,"PROPOSITION NO. 1  CHATTANOOGA PUBLIC SCHOOLS",,4,4,2,"AGAINST THE PROPOSITION - NO",,0,0,29,29,,
2/11/2020,"COMANCHE","CHATTANOOGA PUBLIC SCHOOLS INDEPENDENT SCHOOL DISTRICT NO. 132",51603,"PROPOSITION NO. 2  CHATTANOOGA PUBLIC SCHOOLS",,4,4,1,"FOR THE PROPOSITION - YES",,5,0,100,105,,
2/11/2020,"COMANCHE","CHATTANOOGA PUBLIC SCHOOLS INDEPENDENT SCHOOL DISTRICT NO. 132",51603,"PROPOSITION NO. 2  CHATTANOOGA PUBLIC SCHOOLS",,4,4,2,"AGAINST THE PROPOSITION - NO",,0,0,31,31,,
2/11/2020,"COMANCHE","SNYDER PUBLIC SCHOOLS INDEPENDENT SCHOOL DISTRICT NO. 004",53803,"PROPOSITION NO. 1  SNYDER PUBLIC SCHOOLS",,1,1,1,"FOR THE PROPOSITION - YES",,0,0,1,1,,
2/11/2020,"COMANCHE","SNYDER PUBLIC SCHOOLS INDEPENDENT SCHOOL DISTRICT NO. 004",53803,"PROPOSITION NO. 1  SNYDER PUBLIC SCHOOLS",,1,1,2,"AGAINST THE PROPOSITION - NO",,0,0,0,0,,
2/11/2020,"COMANCHE","SNYDER PUBLIC SCHOOLS INDEPENDENT SCHOOL DISTRICT NO. 004",53804,"PROPOSITION NO. 2  SNYDER PUBLIC SCHOOLS",,1,1,1,"FOR THE PROPOSITION - YES",,0,0,1,1,,
2/11/2020,"COMANCHE","SNYDER PUBLIC SCHOOLS INDEPENDENT SCHOOL DISTRICT NO. 004",53804,"PROPOSITION NO. 2  SNYDER PUBLIC SCHOOLS",,1,1,2,"AGAINST THE PROPOSITION - NO",,0,0,0,0,,
2/11/2020,"COMANCHE","EMPIRE PUBLIC SCHOOLS INDEPENDENT SCHOOL DISTRICT NO. 021",56902,"PROPOSITION NO. 1  EMPIRE PUBLIC SCHOOLS",,1,1,1,"FOR THE PROPOSITION - YES",,0,0,0,0,,
2/11/2020,"COMANCHE","EMPIRE PUBLIC SCHOOLS INDEPENDENT SCHOOL DISTRICT NO. 021",56902,"PROPOSITION NO. 1  EMPIRE PUBLIC SCHOOLS",,1,1,2,"AGAINST THE PROPOSITION - NO",,0,0,0,0,,
2/11/2020,"COMANCHE","EMPIRE PUBLIC SCHOOLS INDEPENDENT SCHOOL DISTRICT NO. 021",56903,"PROPOSITION NO. 2  EMPIRE PUBLIC SCHOOLS",,1,1,1,"FOR THE PROPOSITION - YES",,0,0,0,0,,
2/11/2020,"COMANCHE","EMPIRE PUBLIC SCHOOLS INDEPENDENT SCHOOL DISTRICT NO. 021",56903,"PROPOSITION NO. 2  EMPIRE PUBLIC SCHOOLS",,1,1,2,"AGAINST THE PROPOSITION - NO",,0,0,0,0,,
2/11/2020,"COTTON","CITY OF WALTERS",41701,"FOR COUNCIL MEMBER AT LARGE  CITY OF WALTERS",,4,4,1,"ROBERTA ELLIS",,6,33,143,182,COTTON
2/11/2020,"COTTON","CITY OF WALTERS",41701,"FOR COUNCIL MEMBER AT LARGE  CITY OF WALTERS",,4,4,2,"WES EIDSON",,5,35,169,209,COTTON
2/11/2020,"COTTON","CHATTANOOGA PUBLIC SCHOOLS INDEPENDENT SCHOOL DISTRICT NO. 132",51602,"PROPOSITION NO. 1  CHATTANOOGA PUBLIC SCHOOLS",,2,2,1,"FOR THE PROPOSITION - YES",,1,0,2,3,,
2/11/2020,"COTTON","CHATTANOOGA PUBLIC SCHOOLS INDEPENDENT SCHOOL DISTRICT NO. 132",51602,"PROPOSITION NO. 1  CHATTANOOGA PUBLIC SCHOOLS",,2,2,2,"AGAINST THE PROPOSITION - NO",,2,0,0,2,,
2/11/2020,"COTTON","CHATTANOOGA PUBLIC SCHOOLS INDEPENDENT SCHOOL DISTRICT NO. 132",51603,"PROPOSITION NO. 2  CHATTANOOGA PUBLIC SCHOOLS",,2,2,1,"FOR THE PROPOSITION - YES",,0,0,2,2,,
2/11/2020,"COTTON","CHATTANOOGA PUBLIC SCHOOLS INDEPENDENT SCHOOL DISTRICT NO. 132",51603,"PROPOSITION NO. 2  CHATTANOOGA PUBLIC SCHOOLS",,2,2,2,"AGAINST THE PROPOSITION - NO",,3,0,0,3,,
2/11/2020,"COTTON","EMPIRE PUBLIC SCHOOLS INDEPENDENT SCHOOL DISTRICT NO. 021",56902,"PROPOSITION NO. 1  EMPIRE PUBLIC SCHOOLS",,1,1,1,"FOR THE PROPOSITION - YES",,0,0,8,8,,
2/11/2020,"COTTON","EMPIRE PUBLIC SCHOOLS INDEPENDENT SCHOOL DISTRICT NO. 021",56902,"PROPOSITION NO. 1  EMPIRE PUBLIC SCHOOLS",,1,1,2,"AGAINST THE PROPOSITION - NO",,0,0,0,0,,
2/11/2020,"COTTON","EMPIRE PUBLIC SCHOOLS INDEPENDENT SCHOOL DISTRICT NO. 021",56903,"PROPOSITION NO. 2  EMPIRE PUBLIC SCHOOLS",,1,1,1,"FOR THE PROPOSITION - YES",,0,0,8,8,,
2/11/2020,"COTTON","EMPIRE PUBLIC SCHOOLS INDEPENDENT SCHOOL DISTRICT NO. 021",56903,"PROPOSITION NO. 2  EMPIRE PUBLIC SCHOOLS",,1,1,2,"AGAINST THE PROPOSITION - NO",,0,0,0,0,,
2/11/2020,"CREEK","JENNINGS PUBLIC SCHOOL ELEMENTARY SCHOOL DISTRICT NO. 002",55902,"PROPOSITION  JENNINGS PUBLIC SCHOOL",,1,1,1,"FOR THE PROPOSITION - YES",,0,0,3,3,,
2/11/2020,"CREEK","JENNINGS PUBLIC SCHOOL ELEMENTARY SCHOOL DISTRICT NO. 002",55902,"PROPOSITION  JENNINGS PUBLIC SCHOOL",,1,1,2,"AGAINST THE PROPOSITION - NO",,0,0,1,1,,
2/11/2020,"CREEK","JENKS PUBLIC SCHOOLS INDEPENDENT SCHOOL DISTRICT NO. 005",57205,"PROPOSITION NO. 1  JENKS PUBLIC SCHOOLS",,2,2,1,"FOR THE PROPOSITION - YES",,0,0,15,15,,
2/11/2020,"CREEK","JENKS PUBLIC SCHOOLS INDEPENDENT SCHOOL DISTRICT NO. 005",57205,"PROPOSITION NO. 1  JENKS PUBLIC SCHOOLS",,2,2,2,"AGAINST THE PROPOSITION - NO",,1,0,1,2,,
2/11/2020,"CREEK","JENKS PUBLIC SCHOOLS INDEPENDENT SCHOOL DISTRICT NO. 005",57206,"PROPOSITION NO. 2  JENKS PUBLIC SCHOOLS",,2,2,1,"FOR THE PROPOSITION - YES",,0,0,15,15,,
2/11/2020,"CREEK","JENKS PUBLIC SCHOOLS INDEPENDENT SCHOOL DISTRICT NO. 005",57206,"PROPOSITION NO. 2  JENKS PUBLIC SCHOOLS",,2,2,2,"AGAINST THE PROPOSITION - NO",,1,0,1,2,,
2/11/2020,"CUSTER","CLINTON PUBLIC SCHOOLS INDEPENDENT SCHOOL DISTRICT NO. 099",52002,"PROPOSITION  CLINTON PUBLIC SCHOOLS",,6,6,1,"FOR THE PROPOSITION - YES",,10,154,380,544,,
2/11/2020,"CUSTER","CLINTON PUBLIC SCHOOLS INDEPENDENT SCHOOL DISTRICT NO. 099",52002,"PROPOSITION  CLINTON PUBLIC SCHOOLS",,6,6,2,"AGAINST THE PROPOSITION - NO",,13,68,433,514,,
2/11/2020,"CUSTER","HAMMON PUBLIC SCHOOLS INDEPENDENT SCHOOL DISTRICT NO. 066",56502,"FOR OFFICE NO. 2 (UNEXPIRED TERM)  HAMMON PUBLIC SCHOOLS",,1,1,1,"RACHEL CANDY",,1,0,3,4,CUSTER
2/11/2020,"CUSTER","HAMMON PUBLIC SCHOOLS INDEPENDENT SCHOOL DISTRICT NO. 066",56502,"FOR OFFICE NO. 2 (UNEXPIRED TERM)  HAMMON PUBLIC SCHOOLS",,1,1,2,"AMANDA THOMAS WILLIAMS",,0,0,1,1,CUSTER
2/11/2020,"CUSTER","HAMMON PUBLIC SCHOOLS INDEPENDENT SCHOOL DISTRICT NO. 066",56502,"FOR OFFICE NO. 2 (UNEXPIRED TERM)  HAMMON PUBLIC SCHOOLS",,1,1,3,"JEREMY MOLER",,2,0,23,25,CUSTER
2/11/2020,"DEWEY","CANTON PUBLIC SCHOOLS INDEPENDENT SCHOOL DISTRICT NO. 105",50601,"FOR OFFICE NO. 5  CANTON PUBLIC SCHOOLS",,2,2,1,"SARAH E. HOFFMAN",,0,0,2,2,DEWEY
2/11/2020,"DEWEY","CANTON PUBLIC SCHOOLS INDEPENDENT SCHOOL DISTRICT NO. 105",50601,"FOR OFFICE NO. 5  CANTON PUBLIC SCHOOLS",,2,2,2,"DALE SANDERSON",,2,0,9,11,DEWEY
2/11/2020,"DEWEY","CANTON PUBLIC SCHOOLS INDEPENDENT SCHOOL DISTRICT NO. 105",50601,"FOR OFFICE NO. 5  CANTON PUBLIC SCHOOLS",,2,2,3,"CODY SMITH",,0,0,1,1,DEWEY
2/11/2020,"DEWEY","CANTON PUBLIC SCHOOLS INDEPENDENT SCHOOL DISTRICT NO. 105",50601,"FOR OFFICE NO. 5  CANTON PUBLIC SCHOOLS",,2,2,4,"MATT ELDER",,0,0,0,0,DEWEY
2/11/2020,"DEWEY","CANTON PUBLIC SCHOOLS INDEPENDENT SCHOOL DISTRICT NO. 105",50601,"FOR OFFICE NO. 5  CANTON PUBLIC SCHOOLS",,2,2,5,"GREG HEATH",,0,0,8,8,DEWEY
2/11/2020,"DEWEY","VICI PUBLIC SCHOOLS INDEPENDENT SCHOOL DISTRICT NO. 005",52201,"FOR OFFICE NO. 5  VICI PUBLIC SCHOOLS",,2,2,1,"ELWIN RANDALL",,1,3,68,72,DEWEY
2/11/2020,"DEWEY","VICI PUBLIC SCHOOLS INDEPENDENT SCHOOL DISTRICT NO. 005",52201,"FOR OFFICE NO. 5  VICI PUBLIC SCHOOLS",,2,2,2,"RANDA HAZELBAKER",,7,2,91,100,DEWEY
2/11/2020,"DEWEY","VICI PUBLIC SCHOOLS INDEPENDENT SCHOOL DISTRICT NO. 005",52201,"FOR OFFICE NO. 5  VICI PUBLIC SCHOOLS",,2,2,3,"TROY GUTHRIE",,2,0,86,88,DEWEY
2/11/2020,"DEWEY","SHARON-MUTUAL PUBLIC SCHOOLS INDEPENDENT SCHOOL DISTRICT NO. 003",57701,"FOR OFFICE NO. 5  SHARON-MUTUAL PUBLIC SCHOOLS",,1,1,1,"MISTY THOMPSON",,0,0,0,0,DEWEY
2/11/2020,"DEWEY","SHARON-MUTUAL PUBLIC SCHOOLS INDEPENDENT SCHOOL DISTRICT NO. 003",57701,"FOR OFFICE NO. 5  SHARON-MUTUAL PUBLIC SCHOOLS",,1,1,2,"NEAL STEPHENSON",,0,0,0,0,DEWEY
2/11/2020,"DEWEY","SHARON-MUTUAL PUBLIC SCHOOLS INDEPENDENT SCHOOL DISTRICT NO. 003",57701,"FOR OFFICE NO. 5  SHARON-MUTUAL PUBLIC SCHOOLS",,1,1,3,"COMER L McNEAL",,0,0,0,0,DEWEY
2/11/2020,"ELLIS","VICI PUBLIC SCHOOLS INDEPENDENT SCHOOL DISTRICT NO. 005",52201,"FOR OFFICE NO. 5  VICI PUBLIC SCHOOLS",,1,1,1,"ELWIN RANDALL",,0,0,2,2,ELLIS
2/11/2020,"ELLIS","VICI PUBLIC SCHOOLS INDEPENDENT SCHOOL DISTRICT NO. 005",52201,"FOR OFFICE NO. 5  VICI PUBLIC SCHOOLS",,1,1,2,"RANDA HAZELBAKER",,0,0,3,3,ELLIS
2/11/2020,"ELLIS","VICI PUBLIC SCHOOLS INDEPENDENT SCHOOL DISTRICT NO. 005",52201,"FOR OFFICE NO. 5  VICI PUBLIC SCHOOLS",,1,1,3,"TROY GUTHRIE",,0,0,8,8,ELLIS
2/11/2020,"ELLIS","SHATTUCK PUBLIC SCHOOLS INDEPENDENT SCHOOL DISTRICT NO. 042",52301,"PROPOSITION  SHATTUCK PUBLIC SCHOOLS",,5,5,1,"FOR THE PROPOSITION - YES",,5,0,229,234,,
2/11/2020,"ELLIS","SHATTUCK PUBLIC SCHOOLS INDEPENDENT SCHOOL DISTRICT NO. 042",52301,"PROPOSITION  SHATTUCK PUBLIC SCHOOLS",,5,5,2,"AGAINST THE PROPOSITION - NO",,8,2,143,153,,
2/11/2020,"GARVIN","ALEX PUBLIC SCHOOLS INDEPENDENT SCHOOL DISTRICT NO. 056",52601,"FOR OFFICE NO. 5  ALEX PUBLIC SCHOOLS",,1,1,1,"STORMY RYANS DUFFLE",,0,0,0,0,GARVIN
2/11/2020,"GARVIN","ALEX PUBLIC SCHOOLS INDEPENDENT SCHOOL DISTRICT NO. 056",52601,"FOR OFFICE NO. 5  ALEX PUBLIC SCHOOLS",,1,1,2,"AMANDA CARR CHAMBERS",,0,0,0,0,GARVIN
2/11/2020,"GARVIN","ALEX PUBLIC SCHOOLS INDEPENDENT SCHOOL DISTRICT NO. 056",52601,"FOR OFFICE NO. 5  ALEX PUBLIC SCHOOLS",,1,1,3,"KEITH ALCORN",,0,0,0,0,GARVIN
2/11/2020,"GARVIN","DAVIS PUBLIC SCHOOLS INDEPENDENT SCHOOL DISTRICT NO. 010",55001,"FOR OFFICE NO. 5  DAVIS PUBLIC SCHOOLS",,2,2,1,"TERRY KIM GADDY",,0,0,0,0,GARVIN
2/11/2020,"GARVIN","DAVIS PUBLIC SCHOOLS INDEPENDENT SCHOOL DISTRICT NO. 010",55001,"FOR OFFICE NO. 5  DAVIS PUBLIC SCHOOLS",,2,2,2,"D'ANDRA PARSONS",,0,2,0,2,GARVIN
2/11/2020,"GARVIN","DAVIS PUBLIC SCHOOLS INDEPENDENT SCHOOL DISTRICT NO. 010",55001,"FOR OFFICE NO. 5  DAVIS PUBLIC SCHOOLS",,2,2,3,"JEREMY HOFFMAN",,4,0,0,4,GARVIN
2/11/2020,"GRADY","ALEX PUBLIC SCHOOLS INDEPENDENT SCHOOL DISTRICT NO. 056",52601,"FOR OFFICE NO. 5  ALEX PUBLIC SCHOOLS",,5,5,1,"STORMY RYANS DUFFLE",,0,0,29,29,GRADY
2/11/2020,"GRADY","ALEX PUBLIC SCHOOLS INDEPENDENT SCHOOL DISTRICT NO. 056",52601,"FOR OFFICE NO. 5  ALEX PUBLIC SCHOOLS",,5,5,2,"AMANDA CARR CHAMBERS",,1,1,126,128,GRADY
2/11/2020,"GRADY","ALEX PUBLIC SCHOOLS INDEPENDENT SCHOOL DISTRICT NO. 056",52601,"FOR OFFICE NO. 5  ALEX PUBLIC SCHOOLS",,5,5,3,"KEITH ALCORN",,0,2,43,45,GRADY
2/11/2020,"GRADY","MIDDLEBERG PUBLIC SCHOOL ELEMENTARY SCHOOL DISTRICT NO. 096",52603,"PROPOSITION  MIDDLEBERG PUBLIC SCHOOL",,4,4,1,"FOR THE PROPOSITION - YES",,0,3,121,124,,
2/11/2020,"GRADY","MIDDLEBERG PUBLIC SCHOOL ELEMENTARY SCHOOL DISTRICT NO. 096",52603,"PROPOSITION  MIDDLEBERG PUBLIC SCHOOL",,4,4,2,"AGAINST THE PROPOSITION - NO",,0,4,2,6,,
2/11/2020,"GREER","MANGUM PUBLIC SCHOOLS INDEPENDENT SCHOOL DISTRICT NO. 001",52801,"FOR OFFICE NO. 5  MANGUM PUBLIC SCHOOLS",,8,8,1,"STACI VANZANT",,1,35,100,136,GREER
2/11/2020,"GREER","MANGUM PUBLIC SCHOOLS INDEPENDENT SCHOOL DISTRICT NO. 001",52801,"FOR OFFICE NO. 5  MANGUM PUBLIC SCHOOLS",,8,8,2,"BRIAN GAMBILL",,0,10,55,65,GREER
2/11/2020,"GREER","MANGUM PUBLIC SCHOOLS INDEPENDENT SCHOOL DISTRICT NO. 001",52801,"FOR OFFICE NO. 5  MANGUM PUBLIC SCHOOLS",,8,8,3,"CHARLES CALLINS",,1,17,97,115,GREER
2/11/2020,"HARMON","MANGUM PUBLIC SCHOOLS INDEPENDENT SCHOOL DISTRICT NO. 001",52801,"FOR OFFICE NO. 5  MANGUM PUBLIC SCHOOLS",,1,1,1,"STACI VANZANT",,0,0,0,0,HARMON
2/11/2020,"HARMON","MANGUM PUBLIC SCHOOLS INDEPENDENT SCHOOL DISTRICT NO. 001",52801,"FOR OFFICE NO. 5  MANGUM PUBLIC SCHOOLS",,1,1,2,"BRIAN GAMBILL",,0,0,0,0,HARMON
2/11/2020,"HARMON","MANGUM PUBLIC SCHOOLS INDEPENDENT SCHOOL DISTRICT NO. 001",52801,"FOR OFFICE NO. 5  MANGUM PUBLIC SCHOOLS",,1,1,3,"CHARLES CALLINS",,0,0,0,0,HARMON
2/11/2020,"HARPER","BUFFALO PUBLIC SCHOOLS INDEPENDENT SCHOOL DISTRICT NO. 004",53001,"PROPOSITION  BUFFALO PUBLIC SCHOOLS",,5,5,1,"FOR THE PROPOSITION - YES",,9,16,200,225,,
2/11/2020,"HARPER","BUFFALO PUBLIC SCHOOLS INDEPENDENT SCHOOL DISTRICT NO. 004",53001,"PROPOSITION  BUFFALO PUBLIC SCHOOLS",,5,5,2,"AGAINST THE PROPOSITION - NO",,0,6,27,33,,
2/11/2020,"HUGHES","MOSS PUBLIC SCHOOLS INDEPENDENT SCHOOL DISTRICT NO. 001",53202,"PROPOSITION  MOSS PUBLIC SCHOOLS",,7,7,1,"FOR THE PROPOSITION - YES",,1,3,56,60,,
2/11/2020,"HUGHES","MOSS PUBLIC SCHOOLS INDEPENDENT SCHOOL DISTRICT NO. 001",53202,"PROPOSITION  MOSS PUBLIC SCHOOLS",,7,7,2,"AGAINST THE PROPOSITION - NO",,2,5,38,45,,
2/11/2020,"JACKSON","MANGUM PUBLIC SCHOOLS INDEPENDENT SCHOOL DISTRICT NO. 001",52801,"FOR OFFICE NO. 5  MANGUM PUBLIC SCHOOLS",,1,1,1,"STACI VANZANT",,0,0,0,0,JACKSON
2/11/2020,"JACKSON","MANGUM PUBLIC SCHOOLS INDEPENDENT SCHOOL DISTRICT NO. 001",52801,"FOR OFFICE NO. 5  MANGUM PUBLIC SCHOOLS",,1,1,2,"BRIAN GAMBILL",,0,0,0,0,JACKSON
2/11/2020,"JACKSON","MANGUM PUBLIC SCHOOLS INDEPENDENT SCHOOL DISTRICT NO. 001",52801,"FOR OFFICE NO. 5  MANGUM PUBLIC SCHOOLS",,1,1,3,"CHARLES CALLINS",,0,0,0,0,JACKSON
2/11/2020,"JOHNSTON","WAPANUCKA PUBLIC SCHOOLS INDEPENDENT SCHOOL DISTRICT NO. 037",53502,"PROPOSITION  WAPANUCKA PUBLIC SCHOOLS",,5,5,1,"FOR THE PROPOSITION - YES",,0,0,64,64,,
2/11/2020,"JOHNSTON","WAPANUCKA PUBLIC SCHOOLS INDEPENDENT SCHOOL DISTRICT NO. 037",53502,"PROPOSITION  WAPANUCKA PUBLIC SCHOOLS",,5,5,2,"AGAINST THE PROPOSITION - NO",,0,0,18,18,,
2/11/2020,"KAY","CITY OF TONKAWA",43601,"PROPOSITION  CITY OF TONKAWA",,2,2,1,"FOR THE PROPOSITION - YES",,3,0,193,196,,
2/11/2020,"KAY","CITY OF TONKAWA",43601,"PROPOSITION  CITY OF TONKAWA",,2,2,2,"AGAINST THE PROPOSITION - NO",,2,0,130,132,,
2/11/2020,"KAY","NEWKIRK PUBLIC SCHOOLS INDEPENDENT SCHOOL DISTRICT NO. 125",53602,"PROPOSITION  NEWKIRK PUBLIC SCHOOLS",,8,8,1,"FOR THE PROPOSITION - YES",,1,11,107,119,,
2/11/2020,"KAY","NEWKIRK PUBLIC SCHOOLS INDEPENDENT SCHOOL DISTRICT NO. 125",53602,"PROPOSITION  NEWKIRK PUBLIC SCHOOLS",,8,8,2,"AGAINST THE PROPOSITION - NO",,3,5,39,47,,
2/11/2020,"KINGFISHER","PIEDMONT PUBLIC SCHOOLS INDEPENDENT SCHOOL DISTRICT NO. 022",50902,"PROPOSITION  PIEDMONT PUBLIC SCHOOLS",,1,1,1,"FOR THE PROPOSITION - YES",,0,0,0,0,,
2/11/2020,"KINGFISHER","PIEDMONT PUBLIC SCHOOLS INDEPENDENT SCHOOL DISTRICT NO. 022",50902,"PROPOSITION  PIEDMONT PUBLIC SCHOOLS",,1,1,2,"AGAINST THE PROPOSITION - NO",,0,0,3,3,,
2/11/2020,"KINGFISHER","KINGFISHER PUBLIC SCHOOLS INDEPENDENT SCHOOL DISTRICT NO. 007",53701,"FOR OFFICE NO. 5  KINGFISHER PUBLIC SCHOOLS",,10,10,1,"SERVRINA PRIM",,5,4,24,33,KINGFISHER
2/11/2020,"KINGFISHER","KINGFISHER PUBLIC SCHOOLS INDEPENDENT SCHOOL DISTRICT NO. 007",53701,"FOR OFFICE NO. 5  KINGFISHER PUBLIC SCHOOLS",,10,10,2,"CARLY FRANKS",,8,25,504,537,KINGFISHER
2/11/2020,"KINGFISHER","KINGFISHER PUBLIC SCHOOLS INDEPENDENT SCHOOL DISTRICT NO. 007",53701,"FOR OFFICE NO. 5  KINGFISHER PUBLIC SCHOOLS",,10,10,3,"SUSANNAH I. COPELAND",,18,14,194,226,KINGFISHER
2/11/2020,"KIOWA","CARNEGIE PUBLIC SCHOOLS INDEPENDENT SCHOOL DISTRICT NO. 033",50801,"FOR OFFICE NO. 5  CARNEGIE PUBLIC SCHOOLS",,1,1,1,"CHRISTI HARRISON",,0,0,4,4,KIOWA
2/11/2020,"KIOWA","CARNEGIE PUBLIC SCHOOLS INDEPENDENT SCHOOL DISTRICT NO. 033",50801,"FOR OFFICE NO. 5  CARNEGIE PUBLIC SCHOOLS",,1,1,2,"MISTY D. BOETTGER",,0,0,0,0,KIOWA
2/11/2020,"KIOWA","CARNEGIE PUBLIC SCHOOLS INDEPENDENT SCHOOL DISTRICT NO. 033",50801,"FOR OFFICE NO. 5  CARNEGIE PUBLIC SCHOOLS",,1,1,3,"RYAN CLARK",,0,0,0,0,KIOWA
2/11/2020,"KIOWA","SNYDER PUBLIC SCHOOLS INDEPENDENT SCHOOL DISTRICT NO. 004",53803,"PROPOSITION NO. 1  SNYDER PUBLIC SCHOOLS",,7,7,1,"FOR THE PROPOSITION - YES",,5,1,138,144,,
2/11/2020,"KIOWA","SNYDER PUBLIC SCHOOLS INDEPENDENT SCHOOL DISTRICT NO. 004",53803,"PROPOSITION NO. 1  SNYDER PUBLIC SCHOOLS",,7,7,2,"AGAINST THE PROPOSITION - NO",,7,5,239,251,,
2/11/2020,"KIOWA","SNYDER PUBLIC SCHOOLS INDEPENDENT SCHOOL DISTRICT NO. 004",53804,"PROPOSITION NO. 2  SNYDER PUBLIC SCHOOLS",,7,7,1,"FOR THE PROPOSITION - YES",,6,3,145,154,,
2/11/2020,"KIOWA","SNYDER PUBLIC SCHOOLS INDEPENDENT SCHOOL DISTRICT NO. 004",53804,"PROPOSITION NO. 2  SNYDER PUBLIC SCHOOLS",,7,7,2,"AGAINST THE PROPOSITION - NO",,6,3,235,244,,
2/11/2020,"KIOWA","SENTINEL PUBLIC SCHOOLS INDEPENDENT SCHOOL DISTRICT NO. 001",57501,"FOR OFFICE NO. 5  SENTINEL PUBLIC SCHOOLS",,2,2,1,"BILLY HANES",,0,0,0,0,KIOWA
2/11/2020,"KIOWA","SENTINEL PUBLIC SCHOOLS INDEPENDENT SCHOOL DISTRICT NO. 001",57501,"FOR OFFICE NO. 5  SENTINEL PUBLIC SCHOOLS",,2,2,2,"COLT MUSICK",,1,0,0,1,KIOWA
2/11/2020,"KIOWA","SENTINEL PUBLIC SCHOOLS INDEPENDENT SCHOOL DISTRICT NO. 001",57501,"FOR OFFICE NO. 5  SENTINEL PUBLIC SCHOOLS",,2,2,3,"ANITA EVETTS",,0,0,0,0,KIOWA
2/11/2020,"KIOWA","SENTINEL PUBLIC SCHOOLS INDEPENDENT SCHOOL DISTRICT NO. 001",57501,"FOR OFFICE NO. 5  SENTINEL PUBLIC SCHOOLS",,2,2,4,"RAY CLEMONS",,0,0,0,0,KIOWA
2/11/2020,"KIOWA","SENTINEL PUBLIC SCHOOLS INDEPENDENT SCHOOL DISTRICT NO. 001",57501,"FOR OFFICE NO. 5  SENTINEL PUBLIC SCHOOLS",,2,2,5,"LARRY W PECK",,0,0,0,0,KIOWA
2/11/2020,"LEFLORE","HEAVENER PUBLIC SCHOOLS INDEPENDENT SCHOOL DISTRICT NO. 003",54002,"PROPOSITION  HEAVENER PUBLIC SCHOOLS",,6,6,1,"FOR THE PROPOSITION - YES",,0,2,170,172,,
2/11/2020,"LEFLORE","HEAVENER PUBLIC SCHOOLS INDEPENDENT SCHOOL DISTRICT NO. 003",54002,"PROPOSITION  HEAVENER PUBLIC SCHOOLS",,6,6,2,"AGAINST THE PROPOSITION - NO",,2,5,248,255,,
2/11/2020,"LINCOLN","WELLSTON PUBLIC SCHOOLS INDEPENDENT SCHOOL DISTRICT NO. 004",54102,"PROPOSITION NO. 1  WELLSTON PUBLIC SCHOOLS",,4,4,1,"FOR THE PROPOSITION - YES",,9,3,175,187,,
2/11/2020,"LINCOLN","WELLSTON PUBLIC SCHOOLS INDEPENDENT SCHOOL DISTRICT NO. 004",54102,"PROPOSITION NO. 1  WELLSTON PUBLIC SCHOOLS",,4,4,2,"AGAINST THE PROPOSITION - NO",,0,2,21,23,,
2/11/2020,"LINCOLN","WELLSTON PUBLIC SCHOOLS INDEPENDENT SCHOOL DISTRICT NO. 004",54103,"PROPOSITION NO. 2  WELLSTON PUBLIC SCHOOLS",,4,4,1,"FOR THE PROPOSITION - YES",,7,3,175,185,,
2/11/2020,"LINCOLN","WELLSTON PUBLIC SCHOOLS INDEPENDENT SCHOOL DISTRICT NO. 004",54103,"PROPOSITION NO. 2  WELLSTON PUBLIC SCHOOLS",,4,4,2,"AGAINST THE PROPOSITION - NO",,2,2,20,24,,
2/11/2020,"LINCOLN","LUTHER PUBLIC SCHOOLS INDEPENDENT SCHOOL DISTRICT NO. 003",55501,"FOR OFFICE NO. 5  LUTHER PUBLIC SCHOOLS",,2,2,1,"KEVIN BOYDSTON",,0,0,5,5,LINCOLN
2/11/2020,"LINCOLN","LUTHER PUBLIC SCHOOLS INDEPENDENT SCHOOL DISTRICT NO. 003",55501,"FOR OFFICE NO. 5  LUTHER PUBLIC SCHOOLS",,2,2,2,"CLINT RAYBURN",,0,0,3,3,LINCOLN
2/11/2020,"LINCOLN","LUTHER PUBLIC SCHOOLS INDEPENDENT SCHOOL DISTRICT NO. 003",55501,"FOR OFFICE NO. 5  LUTHER PUBLIC SCHOOLS",,2,2,3,"JON SANCHEZ",,0,0,1,1,LINCOLN
2/11/2020,"LINCOLN","MCLOUD PUBLIC SCHOOLS INDEPENDENT SCHOOL DISTRICT NO. 001",56302,"PROPOSITION NO. 1  MCLOUD PUBLIC SCHOOLS",,2,2,1,"FOR THE PROPOSITION - YES",,0,0,46,46,,
2/11/2020,"LINCOLN","MCLOUD PUBLIC SCHOOLS INDEPENDENT SCHOOL DISTRICT NO. 001",56302,"PROPOSITION NO. 1  MCLOUD PUBLIC SCHOOLS",,2,2,2,"AGAINST THE PROPOSITION - NO",,3,0,38,41,,
2/11/2020,"LINCOLN","MCLOUD PUBLIC SCHOOLS INDEPENDENT SCHOOL DISTRICT NO. 001",56303,"PROPOSITION NO. 2  MCLOUD PUBLIC SCHOOLS",,2,2,1,"FOR THE PROPOSITION - YES",,0,0,45,45,,
2/11/2020,"LINCOLN","MCLOUD PUBLIC SCHOOLS INDEPENDENT SCHOOL DISTRICT NO. 001",56303,"PROPOSITION NO. 2  MCLOUD PUBLIC SCHOOLS",,2,2,2,"AGAINST THE PROPOSITION - NO",,1,0,38,39,,
2/11/2020,"LOGAN","WELLSTON PUBLIC SCHOOLS INDEPENDENT SCHOOL DISTRICT NO. 004",54102,"PROPOSITION NO. 1  WELLSTON PUBLIC SCHOOLS",,1,1,1,"FOR THE PROPOSITION - YES",,0,0,0,0,,
2/11/2020,"LOGAN","WELLSTON PUBLIC SCHOOLS INDEPENDENT SCHOOL DISTRICT NO. 004",54102,"PROPOSITION NO. 1  WELLSTON PUBLIC SCHOOLS",,1,1,2,"AGAINST THE PROPOSITION - NO",,0,0,0,0,,
2/11/2020,"LOGAN","WELLSTON PUBLIC SCHOOLS INDEPENDENT SCHOOL DISTRICT NO. 004",54103,"PROPOSITION NO. 2  WELLSTON PUBLIC SCHOOLS",,1,1,1,"FOR THE PROPOSITION - YES",,0,0,0,0,,
2/11/2020,"LOGAN","WELLSTON PUBLIC SCHOOLS INDEPENDENT SCHOOL DISTRICT NO. 004",54103,"PROPOSITION NO. 2  WELLSTON PUBLIC SCHOOLS",,1,1,2,"AGAINST THE PROPOSITION - NO",,0,0,0,0,,
2/11/2020,"LOGAN","LUTHER PUBLIC SCHOOLS INDEPENDENT SCHOOL DISTRICT NO. 003",55501,"FOR OFFICE NO. 5  LUTHER PUBLIC SCHOOLS",,2,2,1,"KEVIN BOYDSTON",,8,0,4,12,LOGAN
2/11/2020,"LOGAN","LUTHER PUBLIC SCHOOLS INDEPENDENT SCHOOL DISTRICT NO. 003",55501,"FOR OFFICE NO. 5  LUTHER PUBLIC SCHOOLS",,2,2,2,"CLINT RAYBURN",,3,0,12,15,LOGAN
2/11/2020,"LOGAN","LUTHER PUBLIC SCHOOLS INDEPENDENT SCHOOL DISTRICT NO. 003",55501,"FOR OFFICE NO. 5  LUTHER PUBLIC SCHOOLS",,2,2,3,"JON SANCHEZ",,2,0,0,2,LOGAN
2/11/2020,"LOVE","CITY OF MARIETTA",44301,"PROPOSITION  CITY OF MARIETTA",,3,3,1,"FOR THE PROPOSITION - YES",,2,2,75,79,,
2/11/2020,"LOVE","CITY OF MARIETTA",44301,"PROPOSITION  CITY OF MARIETTA",,3,3,2,"AGAINST THE PROPOSITION - NO",,0,2,27,29,,
2/11/2020,"LOVE","THACKERVILLE PUBLIC SCHOOLS INDEPENDENT SCHOOL DISTRICT NO. 004",54303,"PROPOSITION  THACKERVILLE PUBLIC SCHOOLS",,3,3,1,"FOR THE PROPOSITION - YES",,3,6,112,121,,
2/11/2020,"LOVE","THACKERVILLE PUBLIC SCHOOLS INDEPENDENT SCHOOL DISTRICT NO. 004",54303,"PROPOSITION  THACKERVILLE PUBLIC SCHOOLS",,3,3,2,"AGAINST THE PROPOSITION - NO",,1,5,191,197,,
2/11/2020,"MCCLAIN","CITY OF PURCELL",44401,"FOR COUNCILMEMBER DIVISION 1  CITY OF PURCELL",,9,9,1,"BILL BOYLE",,4,16,91,111,MCCLAIN
2/11/2020,"MCCLAIN","CITY OF PURCELL",44401,"FOR COUNCILMEMBER DIVISION 1  CITY OF PURCELL",,9,9,2,"GRAHAM FISHBURN",,13,19,116,148,MCCLAIN
2/11/2020,"MCCLAIN","CITY OF PURCELL",44401,"FOR COUNCILMEMBER DIVISION 1  CITY OF PURCELL",,9,9,3,"AARON D. PERKINS",,5,7,72,84,MCCLAIN
2/11/2020,"MCCLAIN","ALEX PUBLIC SCHOOLS INDEPENDENT SCHOOL DISTRICT NO. 056",52601,"FOR OFFICE NO. 5  ALEX PUBLIC SCHOOLS",,1,1,1,"STORMY RYANS DUFFLE",,0,0,0,0,MCCLAIN
2/11/2020,"MCCLAIN","ALEX PUBLIC SCHOOLS INDEPENDENT SCHOOL DISTRICT NO. 056",52601,"FOR OFFICE NO. 5  ALEX PUBLIC SCHOOLS",,1,1,2,"AMANDA CARR CHAMBERS",,1,0,0,1,MCCLAIN
2/11/2020,"MCCLAIN","ALEX PUBLIC SCHOOLS INDEPENDENT SCHOOL DISTRICT NO. 056",52601,"FOR OFFICE NO. 5  ALEX PUBLIC SCHOOLS",,1,1,3,"KEITH ALCORN",,2,0,0,2,MCCLAIN
2/11/2020,"MCCURTAIN","HAWORTH PUBLIC SCHOOLS INDEPENDENT SCHOOL DISTRICT NO. 006",54501,"FOR OFFICE NO. 5  HAWORTH PUBLIC SCHOOLS",,5,5,1,"HEATH McKEE",,4,8,124,136,MCCURTAIN
2/11/2020,"MCCURTAIN","HAWORTH PUBLIC SCHOOLS INDEPENDENT SCHOOL DISTRICT NO. 006",54501,"FOR OFFICE NO. 5  HAWORTH PUBLIC SCHOOLS",,5,5,2,"TIFFANY ROBINSON",,0,4,112,116,MCCURTAIN
2/11/2020,"MCCURTAIN","HAWORTH PUBLIC SCHOOLS INDEPENDENT SCHOOL DISTRICT NO. 006",54501,"FOR OFFICE NO. 5  HAWORTH PUBLIC SCHOOLS",,5,5,3,"JAMES VOSS",,0,3,50,53,MCCURTAIN
2/11/2020,"MCINTOSH","DEWAR PUBLIC SCHOOLS INDEPENDENT SCHOOL DISTRICT NO. 008",55602,"PROPOSITION NO. 1  DEWAR PUBLIC SCHOOLS",,1,1,1,"FOR THE PROPOSITION - YES",,1,0,26,27,,
2/11/2020,"MCINTOSH","DEWAR PUBLIC SCHOOLS INDEPENDENT SCHOOL DISTRICT NO. 008",55602,"PROPOSITION NO. 1  DEWAR PUBLIC SCHOOLS",,1,1,2,"AGAINST THE PROPOSITION - NO",,0,0,0,0,,
2/11/2020,"MCINTOSH","DEWAR PUBLIC SCHOOLS INDEPENDENT SCHOOL DISTRICT NO. 008",55603,"PROPOSITION NO. 2  DEWAR PUBLIC SCHOOLS",,1,1,1,"FOR THE PROPOSITION - YES",,1,0,26,27,,
2/11/2020,"MCINTOSH","DEWAR PUBLIC SCHOOLS INDEPENDENT SCHOOL DISTRICT NO. 008",55603,"PROPOSITION NO. 2  DEWAR PUBLIC SCHOOLS",,1,1,2,"AGAINST THE PROPOSITION - NO",,0,0,0,0,,
2/11/2020,"MAJOR","CANTON PUBLIC SCHOOLS INDEPENDENT SCHOOL DISTRICT NO. 105",50601,"FOR OFFICE NO. 5  CANTON PUBLIC SCHOOLS",,1,1,1,"SARAH E. HOFFMAN",,0,0,0,0,MAJOR
2/11/2020,"MAJOR","CANTON PUBLIC SCHOOLS INDEPENDENT SCHOOL DISTRICT NO. 105",50601,"FOR OFFICE NO. 5  CANTON PUBLIC SCHOOLS",,1,1,2,"DALE SANDERSON",,0,0,0,0,MAJOR
2/11/2020,"MAJOR","CANTON PUBLIC SCHOOLS INDEPENDENT SCHOOL DISTRICT NO. 105",50601,"FOR OFFICE NO. 5  CANTON PUBLIC SCHOOLS",,1,1,3,"CODY SMITH",,0,0,0,0,MAJOR
2/11/2020,"MAJOR","CANTON PUBLIC SCHOOLS INDEPENDENT SCHOOL DISTRICT NO. 105",50601,"FOR OFFICE NO. 5  CANTON PUBLIC SCHOOLS",,1,1,4,"MATT ELDER",,0,0,0,0,MAJOR
2/11/2020,"MAJOR","CANTON PUBLIC SCHOOLS INDEPENDENT SCHOOL DISTRICT NO. 105",50601,"FOR OFFICE NO. 5  CANTON PUBLIC SCHOOLS",,1,1,5,"GREG HEATH",,1,1,0,2,MAJOR
2/11/2020,"MAJOR","FAIRVIEW PUBLIC SCHOOLS INDEPENDENT SCHOOL DISTRICT NO. 084",54702,"PROPOSITION NO. 1  FAIRVIEW PUBLIC SCHOOLS",,3,3,1,"FOR THE PROPOSITION - YES",,15,41,274,330,,
2/11/2020,"MAJOR","FAIRVIEW PUBLIC SCHOOLS INDEPENDENT SCHOOL DISTRICT NO. 084",54702,"PROPOSITION NO. 1  FAIRVIEW PUBLIC SCHOOLS",,3,3,2,"AGAINST THE PROPOSITION - NO",,7,14,60,81,,
2/11/2020,"MAJOR","FAIRVIEW PUBLIC SCHOOLS INDEPENDENT SCHOOL DISTRICT NO. 084",54703,"PROPOSITION NO. 2  FAIRVIEW PUBLIC SCHOOLS",,3,3,1,"FOR THE PROPOSITION - YES",,15,39,269,323,,
2/11/2020,"MAJOR","FAIRVIEW PUBLIC SCHOOLS INDEPENDENT SCHOOL DISTRICT NO. 084",54703,"PROPOSITION NO. 2  FAIRVIEW PUBLIC SCHOOLS",,3,3,2,"AGAINST THE PROPOSITION - NO",,8,16,64,88,,
2/11/2020,"MAYES","TOWN OF SPAVINAW",44901,"FOR BOARD OF TRUSTEES (UNEXPIRED TERM)  TOWN OF SPAVINAW",,2,2,1,"THERESA IRENE LIPE",,0,0,22,22,MAYES
2/11/2020,"MAYES","TOWN OF SPAVINAW",44901,"FOR BOARD OF TRUSTEES (UNEXPIRED TERM)  TOWN OF SPAVINAW",,2,2,2,"ANNE BERRY GREENMAN",,0,1,37,38,MAYES
2/11/2020,"MAYES","TOWN OF SPAVINAW",44901,"FOR BOARD OF TRUSTEES (UNEXPIRED TERM)  TOWN OF SPAVINAW",,2,2,3,"SIENNA M. SASSER",,0,0,38,38,MAYES
2/11/2020,"MURRAY","DAVIS PUBLIC SCHOOLS INDEPENDENT SCHOOL DISTRICT NO. 010",55001,"FOR OFFICE NO. 5  DAVIS PUBLIC SCHOOLS",,6,6,1,"TERRY KIM GADDY",,3,0,14,17,MURRAY
2/11/2020,"MURRAY","DAVIS PUBLIC SCHOOLS INDEPENDENT SCHOOL DISTRICT NO. 010",55001,"FOR OFFICE NO. 5  DAVIS PUBLIC SCHOOLS",,6,6,2,"D'ANDRA PARSONS",,1,3,82,86,MURRAY
2/11/2020,"MURRAY","DAVIS PUBLIC SCHOOLS INDEPENDENT SCHOOL DISTRICT NO. 010",55001,"FOR OFFICE NO. 5  DAVIS PUBLIC SCHOOLS",,6,6,3,"JEREMY HOFFMAN",,6,7,277,290,MURRAY
2/11/2020,"MUSKOGEE","CITY OF MUSKOGEE",45101,"FOR MAYOR  CITY OF MUSKOGEE",,15,15,1,"JANEY CAGLE BOYDSTON",,19,66,857,942,MUSKOGEE
2/11/2020,"MUSKOGEE","CITY OF MUSKOGEE",45101,"FOR MAYOR  CITY OF MUSKOGEE",,15,15,2,"TRACY COLE",,2,5,202,209,MUSKOGEE
2/11/2020,"MUSKOGEE","CITY OF MUSKOGEE",45101,"FOR MAYOR  CITY OF MUSKOGEE",,15,15,3,"MARLON JOSEPH COLEMAN",,17,93,1470,1580,MUSKOGEE
2/11/2020,"MUSKOGEE","CITY OF MUSKOGEE",45101,"FOR MAYOR  CITY OF MUSKOGEE",,15,15,4,"WAYNE DIVELBISS",,13,41,1138,1192,MUSKOGEE
2/11/2020,"MUSKOGEE","CITY OF MUSKOGEE",45101,"FOR MAYOR  CITY OF MUSKOGEE",,15,15,5,"JOHN MARK LOWRIMORE",,8,1,53,62,MUSKOGEE
2/11/2020,"MUSKOGEE","CITY OF MUSKOGEE",45102,"FOR CITY COUNCIL WARD 1  CITY OF MUSKOGEE",,4,4,1,"STEPHANIE JONES MORGAN",,9,57,731,797,MUSKOGEE
2/11/2020,"MUSKOGEE","CITY OF MUSKOGEE",45102,"FOR CITY COUNCIL WARD 1  CITY OF MUSKOGEE",,4,4,2,"DAVID LEE RAGSDALE JR.",,3,12,303,318,MUSKOGEE
2/11/2020,"MUSKOGEE","CITY OF MUSKOGEE",45103,"FOR CITY COUNCIL WARD 4  CITY OF MUSKOGEE",,4,4,1,"WAYNE A. JOHNSON",,9,22,268,299,MUSKOGEE
2/11/2020,"MUSKOGEE","CITY OF MUSKOGEE",45103,"FOR CITY COUNCIL WARD 4  CITY OF MUSKOGEE",,4,4,2,"TRACI LYNN McGEE",,4,15,438,457,MUSKOGEE
2/11/2020,"MUSKOGEE","CITY OF MUSKOGEE",45103,"FOR CITY COUNCIL WARD 4  CITY OF MUSKOGEE",,4,4,3,"JAMES WEBB",,11,7,96,114,MUSKOGEE
2/11/2020,"MUSKOGEE","CITY OF MUSKOGEE",45104,"FOR CITY COUNCIL WARD 1 (UNEXPIRED TERM)  CITY OF MUSKOGEE",,4,4,1,"ASHLEY NEAL DAVIS",,4,21,378,403,MUSKOGEE
2/11/2020,"MUSKOGEE","CITY OF MUSKOGEE",45104,"FOR CITY COUNCIL WARD 1 (UNEXPIRED TERM)  CITY OF MUSKOGEE",,4,4,2,"EVELYN HIBBS",,8,48,676,732,MUSKOGEE
2/11/2020,"MUSKOGEE","HILLDALE PUBLIC SCHOOLS INDEPENDENT SCHOOL DISTRICT NO. 029",55101,"FOR OFFICE NO. 5  HILLDALE PUBLIC SCHOOLS",,8,8,1,"BRAD WILLIAMS",,6,17,278,301,MUSKOGEE
2/11/2020,"MUSKOGEE","HILLDALE PUBLIC SCHOOLS INDEPENDENT SCHOOL DISTRICT NO. 029",55101,"FOR OFFICE NO. 5  HILLDALE PUBLIC SCHOOLS",,8,8,2,"STACY MILLER",,0,6,145,151,MUSKOGEE
2/11/2020,"MUSKOGEE","HILLDALE PUBLIC SCHOOLS INDEPENDENT SCHOOL DISTRICT NO. 029",55101,"FOR OFFICE NO. 5  HILLDALE PUBLIC SCHOOLS",,8,8,3,"DEAN ROBERTSON",,6,8,295,309,MUSKOGEE
2/11/2020,"OKLAHOMA","CITY OF CHOCTAW",45501,"PROPOSITION NO. 1 (STREET PROJECTS)  CITY OF CHOCTAW",,10,10,1,"FOR THE PROPOSITION - YES",,20,0,699,719,,
2/11/2020,"OKLAHOMA","CITY OF CHOCTAW",45501,"PROPOSITION NO. 1 (STREET PROJECTS)  CITY OF CHOCTAW",,10,10,2,"AGAINST THE PROPOSITION - NO",,24,2,953,979,,
2/11/2020,"OKLAHOMA","CITY OF CHOCTAW",45502,"PROPOSITION NO. 2 (0.75% SALES TAX - STREETS)  CITY OF CHOCTAW",,10,10,1,"FOR THE PROPOSITION - YES",,17,1,788,806,,
2/11/2020,"OKLAHOMA","CITY OF CHOCTAW",45502,"PROPOSITION NO. 2 (0.75% SALES TAX - STREETS)  CITY OF CHOCTAW",,10,10,2,"AGAINST THE PROPOSITION - NO",,27,1,877,905,,
2/11/2020,"OKLAHOMA","CITY OF MIDWEST CITY",45503,"FOR COUNCILMEMBER, WARD 2  CITY OF MIDWEST CITY",,5,5,1,"PATRICK BYRNE",,27,3,179,209,OKLAHOMA
2/11/2020,"OKLAHOMA","CITY OF MIDWEST CITY",45503,"FOR COUNCILMEMBER, WARD 2  CITY OF MIDWEST CITY",,5,5,2,"NICHOLAS TIMME",,5,0,171,176,OKLAHOMA
2/11/2020,"OKLAHOMA","CITY OF MIDWEST CITY",45504,"FOR COUNCILMEMBER, WARD 4  CITY OF MIDWEST CITY",,5,5,1,"M. SEAN REED",,29,0,168,197,OKLAHOMA
2/11/2020,"OKLAHOMA","CITY OF MIDWEST CITY",45504,"FOR COUNCILMEMBER, WARD 4  CITY OF MIDWEST CITY",,5,5,2,"RYAN COOPER",,3,0,24,27,OKLAHOMA
2/11/2020,"OKLAHOMA","CITY OF MIDWEST CITY",45504,"FOR COUNCILMEMBER, WARD 4  CITY OF MIDWEST CITY",,5,5,3,"STEPHEN COOPER",,7,0,34,41,OKLAHOMA
2/11/2020,"OKLAHOMA","CITY OF WARR ACRES",45506,"FOR COUNCILMAN, WARD 1  CITY OF WARR ACRES",,4,4,1,"PATRICK WOOLLEY",,10,0,102,112,OKLAHOMA
2/11/2020,"OKLAHOMA","CITY OF WARR ACRES",45506,"FOR COUNCILMAN, WARD 1  CITY OF WARR ACRES",,4,4,2,"ANDRAE KIRBY",,5,0,99,104,OKLAHOMA
2/11/2020,"OKLAHOMA","PIEDMONT PUBLIC SCHOOLS INDEPENDENT SCHOOL DISTRICT NO. 022",50902,"PROPOSITION  PIEDMONT PUBLIC SCHOOLS",,4,4,1,"FOR THE PROPOSITION - YES",,16,1,141,158,,
2/11/2020,"OKLAHOMA","PIEDMONT PUBLIC SCHOOLS INDEPENDENT SCHOOL DISTRICT NO. 022",50902,"PROPOSITION  PIEDMONT PUBLIC SCHOOLS",,4,4,2,"AGAINST THE PROPOSITION - NO",,14,0,36,50,,
2/11/2020,"OKLAHOMA","MOORE PUBLIC SCHOOLS INDEPENDENT SCHOOL DISTRICT NO. 002",51401,"FOR OFFICE NO. 5  MOORE PUBLIC SCHOOLS",,6,6,1,"JENNY STATLER",,7,0,13,20,OKLAHOMA
2/11/2020,"OKLAHOMA","MOORE PUBLIC SCHOOLS INDEPENDENT SCHOOL DISTRICT NO. 002",51401,"FOR OFFICE NO. 5  MOORE PUBLIC SCHOOLS",,6,6,2,"BRIAN MORTON",,1,0,4,5,OKLAHOMA
2/11/2020,"OKLAHOMA","MOORE PUBLIC SCHOOLS INDEPENDENT SCHOOL DISTRICT NO. 002",51401,"FOR OFFICE NO. 5  MOORE PUBLIC SCHOOLS",,6,6,3,"AMANDA JEFFERS",,1,0,16,17,OKLAHOMA
2/11/2020,"OKLAHOMA","LUTHER PUBLIC SCHOOLS INDEPENDENT SCHOOL DISTRICT NO. 003",55501,"FOR OFFICE NO. 5  LUTHER PUBLIC SCHOOLS",,5,5,1,"KEVIN BOYDSTON",,11,1,202,214,OKLAHOMA
2/11/2020,"OKLAHOMA","LUTHER PUBLIC SCHOOLS INDEPENDENT SCHOOL DISTRICT NO. 003",55501,"FOR OFFICE NO. 5  LUTHER PUBLIC SCHOOLS",,5,5,2,"CLINT RAYBURN",,2,1,97,100,OKLAHOMA
2/11/2020,"OKLAHOMA","LUTHER PUBLIC SCHOOLS INDEPENDENT SCHOOL DISTRICT NO. 003",55501,"FOR OFFICE NO. 5  LUTHER PUBLIC SCHOOLS",,5,5,3,"JON SANCHEZ",,1,1,9,11,OKLAHOMA
2/11/2020,"OKLAHOMA","PUTNAM CITY PUBLIC SCHOOLS INDEPENDENT SCHOOL DISTRICT NO. 001",55504,"PROPOSITION NO. 1  PUTNAM CITY PUBLIC SCHOOLS",,55,55,1,"FOR THE PROPOSITION - YES",,274,7,2537,2818,,
2/11/2020,"OKLAHOMA","PUTNAM CITY PUBLIC SCHOOLS INDEPENDENT SCHOOL DISTRICT NO. 001",55504,"PROPOSITION NO. 1  PUTNAM CITY PUBLIC SCHOOLS",,55,55,2,"AGAINST THE PROPOSITION - NO",,171,5,817,993,,
2/11/2020,"OKLAHOMA","PUTNAM CITY PUBLIC SCHOOLS INDEPENDENT SCHOOL DISTRICT NO. 001",55505,"PROPOSITION NO. 2  PUTNAM CITY PUBLIC SCHOOLS",,55,55,1,"FOR THE PROPOSITION - YES",,273,9,2506,2788,,
2/11/2020,"OKLAHOMA","PUTNAM CITY PUBLIC SCHOOLS INDEPENDENT SCHOOL DISTRICT NO. 001",55505,"PROPOSITION NO. 2  PUTNAM CITY PUBLIC SCHOOLS",,55,55,2,"AGAINST THE PROPOSITION - NO",,173,3,858,1034,,
2/11/2020,"OKLAHOMA","MCLOUD PUBLIC SCHOOLS INDEPENDENT SCHOOL DISTRICT NO. 001",56302,"PROPOSITION NO. 1  MCLOUD PUBLIC SCHOOLS",,3,3,1,"FOR THE PROPOSITION - YES",,0,0,34,34,,
2/11/2020,"OKLAHOMA","MCLOUD PUBLIC SCHOOLS INDEPENDENT SCHOOL DISTRICT NO. 001",56302,"PROPOSITION NO. 1  MCLOUD PUBLIC SCHOOLS",,3,3,2,"AGAINST THE PROPOSITION - NO",,0,0,15,15,,
2/11/2020,"OKLAHOMA","MCLOUD PUBLIC SCHOOLS INDEPENDENT SCHOOL DISTRICT NO. 001",56303,"PROPOSITION NO. 2  MCLOUD PUBLIC SCHOOLS",,3,3,1,"FOR THE PROPOSITION - YES",,0,0,34,34,,
2/11/2020,"OKLAHOMA","MCLOUD PUBLIC SCHOOLS INDEPENDENT SCHOOL DISTRICT NO. 001",56303,"PROPOSITION NO. 2  MCLOUD PUBLIC SCHOOLS",,3,3,2,"AGAINST THE PROPOSITION - NO",,0,0,15,15,,
2/11/2020,"OKMULGEE","DEWAR PUBLIC SCHOOLS INDEPENDENT SCHOOL DISTRICT NO. 008",55602,"PROPOSITION NO. 1  DEWAR PUBLIC SCHOOLS",,3,3,1,"FOR THE PROPOSITION - YES",,1,0,58,59,,
2/11/2020,"OKMULGEE","DEWAR PUBLIC SCHOOLS INDEPENDENT SCHOOL DISTRICT NO. 008",55602,"PROPOSITION NO. 1  DEWAR PUBLIC SCHOOLS",,3,3,2,"AGAINST THE PROPOSITION - NO",,1,0,16,17,,
2/11/2020,"OKMULGEE","DEWAR PUBLIC SCHOOLS INDEPENDENT SCHOOL DISTRICT NO. 008",55603,"PROPOSITION NO. 2  DEWAR PUBLIC SCHOOLS",,3,3,1,"FOR THE PROPOSITION - YES",,1,0,57,58,,
2/11/2020,"OKMULGEE","DEWAR PUBLIC SCHOOLS INDEPENDENT SCHOOL DISTRICT NO. 008",55603,"PROPOSITION NO. 2  DEWAR PUBLIC SCHOOLS",,3,3,2,"AGAINST THE PROPOSITION - NO",,1,0,18,19,,
2/11/2020,"OKMULGEE","WILSON PUBLIC SCHOOLS INDEPENDENT SCHOOL DISTRICT NO. 007",55607,"PROPOSITION NO. 1  WILSON PUBLIC SCHOOLS",,3,3,1,"FOR THE PROPOSITION - YES",,0,6,43,49,,
2/11/2020,"OKMULGEE","WILSON PUBLIC SCHOOLS INDEPENDENT SCHOOL DISTRICT NO. 007",55607,"PROPOSITION NO. 1  WILSON PUBLIC SCHOOLS",,3,3,2,"AGAINST THE PROPOSITION - NO",,2,2,19,23,,
2/11/2020,"OKMULGEE","WILSON PUBLIC SCHOOLS INDEPENDENT SCHOOL DISTRICT NO. 007",55608,"PROPOSITION NO. 2  WILSON PUBLIC SCHOOLS",,3,3,1,"FOR THE PROPOSITION - YES",,0,6,49,55,,
2/11/2020,"OKMULGEE","WILSON PUBLIC SCHOOLS INDEPENDENT SCHOOL DISTRICT NO. 007",55608,"PROPOSITION NO. 2  WILSON PUBLIC SCHOOLS",,3,3,2,"AGAINST THE PROPOSITION - NO",,2,2,13,17,,
2/11/2020,"OKMULGEE","LIBERTY PUBLIC SCHOOLS INDEPENDENT SCHOOL DISTRICT NO. 014",57209,"PROPOSITION NO. 1  LIBERTY PUBLIC SCHOOLS",,2,2,1,"FOR THE PROPOSITION - YES",,2,0,61,63,,
2/11/2020,"OKMULGEE","LIBERTY PUBLIC SCHOOLS INDEPENDENT SCHOOL DISTRICT NO. 014",57209,"PROPOSITION NO. 1  LIBERTY PUBLIC SCHOOLS",,2,2,2,"AGAINST THE PROPOSITION - NO",,2,0,7,9,,
2/11/2020,"OKMULGEE","LIBERTY PUBLIC SCHOOLS INDEPENDENT SCHOOL DISTRICT NO. 014",57210,"PROPOSITION NO. 2  LIBERTY PUBLIC SCHOOLS",,2,2,1,"FOR THE PROPOSITION - YES",,2,0,61,63,,
2/11/2020,"OKMULGEE","LIBERTY PUBLIC SCHOOLS INDEPENDENT SCHOOL DISTRICT NO. 014",57210,"PROPOSITION NO. 2  LIBERTY PUBLIC SCHOOLS",,2,2,2,"AGAINST THE PROPOSITION - NO",,2,0,7,9,,
2/11/2020,"OSAGE","CITY OF PAWHUSKA",45701,"FOR COUNCILMAN AT LARGE  CITY OF PAWHUSKA",,2,2,1,"STEVEN TOLSON",,9,28,167,204,OSAGE
2/11/2020,"OSAGE","CITY OF PAWHUSKA",45701,"FOR COUNCILMAN AT LARGE  CITY OF PAWHUSKA",,2,2,2,"BYRON COWAN",,1,1,24,26,OSAGE
2/11/2020,"OSAGE","CITY OF PAWHUSKA",45701,"FOR COUNCILMAN AT LARGE  CITY OF PAWHUSKA",,2,2,3,"AMBER NASH",,1,21,67,89,OSAGE
2/11/2020,"OSAGE","CITY OF PAWHUSKA",45701,"FOR COUNCILMAN AT LARGE  CITY OF PAWHUSKA",,2,2,4,"RODGER MILLESON",,6,17,84,107,OSAGE
2/11/2020,"OSAGE","WYNONA PUBLIC SCHOOLS INDEPENDENT SCHOOL DISTRICT NO. 030",55701,"PROPOSITION  WYNONA PUBLIC SCHOOLS",,4,4,1,"FOR THE PROPOSITION - YES",,0,7,45,52,,
2/11/2020,"OSAGE","WYNONA PUBLIC SCHOOLS INDEPENDENT SCHOOL DISTRICT NO. 030",55701,"PROPOSITION  WYNONA PUBLIC SCHOOLS",,4,4,2,"AGAINST THE PROPOSITION - NO",,0,3,30,33,,
2/11/2020,"PAWNEE","CITY OF CLEVELAND",45901,"FOR WARD 3 COUNCILMEMBER  CITY OF CLEVELAND",,2,2,1,"CATHERINE D. CARTER",,0,0,11,11,PAWNEE
2/11/2020,"PAWNEE","CITY OF CLEVELAND",45901,"FOR WARD 3 COUNCILMEMBER  CITY OF CLEVELAND",,2,2,2,"JUSTIN HAGER",,1,1,29,31,PAWNEE
2/11/2020,"PAWNEE","CITY OF CLEVELAND",45902,"FOR AT LARGE COUNCILMEMBER (UNEXPIRED TERM)  CITY OF CLEVELAND",,2,2,1,"HEATHER ROSENHAMER",,3,0,25,28,PAWNEE
2/11/2020,"PAWNEE","CITY OF CLEVELAND",45902,"FOR AT LARGE COUNCILMEMBER (UNEXPIRED TERM)  CITY OF CLEVELAND",,2,2,2,"DAVID CORDLE",,5,1,65,71,PAWNEE
2/11/2020,"PAWNEE","CITY OF CLEVELAND",45902,"FOR AT LARGE COUNCILMEMBER (UNEXPIRED TERM)  CITY OF CLEVELAND",,2,2,3,"DAVID CARTER",,6,0,52,58,PAWNEE
2/11/2020,"PAWNEE","JENNINGS PUBLIC SCHOOL ELEMENTARY SCHOOL DISTRICT NO. 002",55902,"PROPOSITION  JENNINGS PUBLIC SCHOOL",,2,2,1,"FOR THE PROPOSITION - YES",,3,0,67,70,,
2/11/2020,"PAWNEE","JENNINGS PUBLIC SCHOOL ELEMENTARY SCHOOL DISTRICT NO. 002",55902,"PROPOSITION  JENNINGS PUBLIC SCHOOL",,2,2,2,"AGAINST THE PROPOSITION - NO",,0,0,38,38,,
2/11/2020,"PAYNE","PAYNE COUNTY",30001,"PROPOSITION",,31,31,1,"FOR THE PROPOSITION - YES",,90,138,2459,2687,,
2/11/2020,"PAYNE","PAYNE COUNTY",30001,"PROPOSITION",,31,31,2,"AGAINST THE PROPOSITION - NO",,34,9,320,363,,
2/11/2020,"PAYNE","CITY OF CUSHING",46001,"FOR COMMISSION OFFICE NO. 5  CITY OF CUSHING",,4,4,1,"RICKY LOFTON",,6,1,156,163,PAYNE
2/11/2020,"PAYNE","CITY OF CUSHING",46001,"FOR COMMISSION OFFICE NO. 5  CITY OF CUSHING",,4,4,2,"LANCE LARSON",,3,0,45,48,PAYNE
2/11/2020,"PAYNE","CITY OF CUSHING",46001,"FOR COMMISSION OFFICE NO. 5  CITY OF CUSHING",,4,4,3,"DON AMON",,6,2,100,108,PAYNE
2/11/2020,"PAYNE","CITY OF STILLWATER",46002,"FOR COUNCIL SEAT 3  CITY OF STILLWATER",,21,21,1,"SLADE JAMES MIELITZ",,12,18,269,299,PAYNE
2/11/2020,"PAYNE","CITY OF STILLWATER",46002,"FOR COUNCIL SEAT 3  CITY OF STILLWATER",,21,21,2,"JOHN R. WEDLAKE",,55,62,1245,1362,PAYNE
2/11/2020,"PITTSBURG","CITY OF MCALESTER",46101,"FOR MAYOR  CITY OF MCALESTER",,17,17,1,"STEVEN W. BELCHER",,15,8,261,284,PITTSBURG
2/11/2020,"PITTSBURG","CITY OF MCALESTER",46101,"FOR MAYOR  CITY OF MCALESTER",,17,17,2,"JOHN BROWNE",,20,30,847,897,PITTSBURG
2/11/2020,"PITTSBURG","CITY OF MCALESTER",46101,"FOR MAYOR  CITY OF MCALESTER",,17,17,3,"JIMMY PLUMMER",,2,7,78,87,PITTSBURG
2/11/2020,"PITTSBURG","CITY OF MCALESTER",46102,"FOR COUNCILMAN WARD 1  CITY OF MCALESTER",,9,9,1,"JIMMY VAUGHN",,3,0,18,21,PITTSBURG
2/11/2020,"PITTSBURG","CITY OF MCALESTER",46102,"FOR COUNCILMAN WARD 1  CITY OF MCALESTER",,9,9,2,"WELDON SMITH",,1,3,74,78,PITTSBURG
2/11/2020,"PITTSBURG","CITY OF MCALESTER",46102,"FOR COUNCILMAN WARD 1  CITY OF MCALESTER",,9,9,3,"GREG ROCK",,1,2,72,75,PITTSBURG
2/11/2020,"PITTSBURG","CITY OF MCALESTER",46103,"FOR COUNCILMAN WARD 3  CITY OF MCALESTER",,5,5,1,"STEVEN COX",,4,3,125,132,PITTSBURG
2/11/2020,"PITTSBURG","CITY OF MCALESTER",46103,"FOR COUNCILMAN WARD 3  CITY OF MCALESTER",,5,5,2,"JOEY CLARK",,1,3,103,107,PITTSBURG
2/11/2020,"PITTSBURG","CITY OF MCALESTER",46104,"FOR COUNCILMAN WARD 5  CITY OF MCALESTER",,5,5,1,"BUDDY W GARVIN",,4,0,9,13,PITTSBURG
2/11/2020,"PITTSBURG","CITY OF MCALESTER",46104,"FOR COUNCILMAN WARD 5  CITY OF MCALESTER",,5,5,2,"BRIAN SMITH",,5,7,119,131,PITTSBURG
2/11/2020,"PITTSBURG","CITY OF MCALESTER",46104,"FOR COUNCILMAN WARD 5  CITY OF MCALESTER",,5,5,3,"BILLY JACK BOATRIGHT",,3,3,128,134,PITTSBURG
2/11/2020,"POTTAWATOMIE","MCLOUD PUBLIC SCHOOLS INDEPENDENT SCHOOL DISTRICT NO. 001",56302,"PROPOSITION NO. 1  MCLOUD PUBLIC SCHOOLS",,2,2,1,"FOR THE PROPOSITION - YES",,21,0,255,276,,
2/11/2020,"POTTAWATOMIE","MCLOUD PUBLIC SCHOOLS INDEPENDENT SCHOOL DISTRICT NO. 001",56302,"PROPOSITION NO. 1  MCLOUD PUBLIC SCHOOLS",,2,2,2,"AGAINST THE PROPOSITION - NO",,22,4,163,189,,
2/11/2020,"POTTAWATOMIE","MCLOUD PUBLIC SCHOOLS INDEPENDENT SCHOOL DISTRICT NO. 001",56303,"PROPOSITION NO. 2  MCLOUD PUBLIC SCHOOLS",,2,2,1,"FOR THE PROPOSITION - YES",,22,0,254,276,,
2/11/2020,"POTTAWATOMIE","MCLOUD PUBLIC SCHOOLS INDEPENDENT SCHOOL DISTRICT NO. 001",56303,"PROPOSITION NO. 2  MCLOUD PUBLIC SCHOOLS",,2,2,2,"AGAINST THE PROPOSITION - NO",,22,5,169,196,,
2/11/2020,"POTTAWATOMIE","NORTHROCK CREEK PUBLIC SCHOOLS INDEPENDENT SCHOOL DISTRICT NO. 010",56304,"FOR OFFICE NO. 5  NORTHROCK CREEK PUBLIC SCHOOLS",,5,5,1,"CRAIG FARROW",,2,0,1,3,POTTAWATOMIE
2/11/2020,"POTTAWATOMIE","NORTHROCK CREEK PUBLIC SCHOOLS INDEPENDENT SCHOOL DISTRICT NO. 010",56304,"FOR OFFICE NO. 5  NORTHROCK CREEK PUBLIC SCHOOLS",,5,5,2,"RODNEY CASTEEL",,2,3,49,54,POTTAWATOMIE
2/11/2020,"POTTAWATOMIE","NORTHROCK CREEK PUBLIC SCHOOLS INDEPENDENT SCHOOL DISTRICT NO. 010",56304,"FOR OFFICE NO. 5  NORTHROCK CREEK PUBLIC SCHOOLS",,5,5,3,"ADAM  L. HESTER",,4,0,42,46,POTTAWATOMIE
2/11/2020,"POTTAWATOMIE","NORTHROCK CREEK PUBLIC SCHOOLS INDEPENDENT SCHOOL DISTRICT NO. 010",56304,"FOR OFFICE NO. 5  NORTHROCK CREEK PUBLIC SCHOOLS",,5,5,4,"SEB CLEMENTS",,4,0,15,19,POTTAWATOMIE
2/11/2020,"ROGER MILLS","HAMMON PUBLIC SCHOOLS INDEPENDENT SCHOOL DISTRICT NO. 066",56502,"FOR OFFICE NO. 2 (UNEXPIRED TERM)  HAMMON PUBLIC SCHOOLS",,3,3,1,"RACHEL CANDY",,5,0,59,64,ROGER MILLS
2/11/2020,"ROGER MILLS","HAMMON PUBLIC SCHOOLS INDEPENDENT SCHOOL DISTRICT NO. 066",56502,"FOR OFFICE NO. 2 (UNEXPIRED TERM)  HAMMON PUBLIC SCHOOLS",,3,3,2,"AMANDA THOMAS WILLIAMS",,0,0,43,43,ROGER MILLS
2/11/2020,"ROGER MILLS","HAMMON PUBLIC SCHOOLS INDEPENDENT SCHOOL DISTRICT NO. 066",56502,"FOR OFFICE NO. 2 (UNEXPIRED TERM)  HAMMON PUBLIC SCHOOLS",,3,3,3,"JEREMY MOLER",,2,5,64,71,ROGER MILLS
2/11/2020,"ROGERS","CITY OF CLAREMORE",46601,"PROPOSITION  CITY OF CLAREMORE",,10,10,1,"FOR THE PROPOSITION - YES",,62,88,665,815,,
2/11/2020,"ROGERS","CITY OF CLAREMORE",46601,"PROPOSITION  CITY OF CLAREMORE",,10,10,2,"AGAINST THE PROPOSITION - NO",,15,23,205,243,,
2/11/2020,"ROGERS","TOWN OF OOLOGAH",46602,"PROPOSITION  TOWN OF OOLOGAH",,2,2,1,"FOR THE PROPOSITION - YES",,2,0,15,17,,
2/11/2020,"ROGERS","TOWN OF OOLOGAH",46602,"PROPOSITION  TOWN OF OOLOGAH",,2,2,2,"AGAINST THE PROPOSITION - NO",,6,0,31,37,,
2/11/2020,"ROGERS","OWASSO PUBLIC SCHOOLS INDEPENDENT SCHOOL DISTRICT NO. 011",57211,"FOR OFFICE NO. 5  OWASSO PUBLIC SCHOOLS",,7,7,1,"JOHN H. HANING",,6,2,37,45,ROGERS
2/11/2020,"ROGERS","OWASSO PUBLIC SCHOOLS INDEPENDENT SCHOOL DISTRICT NO. 011",57211,"FOR OFFICE NO. 5  OWASSO PUBLIC SCHOOLS",,7,7,2,"FROSTY TURPEN",,34,5,246,285,ROGERS
2/11/2020,"ROGERS","OWASSO PUBLIC SCHOOLS INDEPENDENT SCHOOL DISTRICT NO. 011",57211,"FOR OFFICE NO. 5  OWASSO PUBLIC SCHOOLS",,7,7,3,"BETH MEDFORD",,24,1,66,91,ROGERS
2/11/2020,"ROGERS","OWASSO PUBLIC SCHOOLS INDEPENDENT SCHOOL DISTRICT NO. 011",57212,"PROPOSITION NO. 1  OWASSO PUBLIC SCHOOLS",,7,7,1,"FOR THE PROPOSITION - YES",,37,4,279,320,,
2/11/2020,"ROGERS","OWASSO PUBLIC SCHOOLS INDEPENDENT SCHOOL DISTRICT NO. 011",57212,"PROPOSITION NO. 1  OWASSO PUBLIC SCHOOLS",,7,7,2,"AGAINST THE PROPOSITION - NO",,32,4,93,129,,
2/11/2020,"ROGERS","OWASSO PUBLIC SCHOOLS INDEPENDENT SCHOOL DISTRICT NO. 011",57213,"PROPOSITION NO. 2  OWASSO PUBLIC SCHOOLS",,7,7,1,"FOR THE PROPOSITION - YES",,35,4,286,325,,
2/11/2020,"ROGERS","OWASSO PUBLIC SCHOOLS INDEPENDENT SCHOOL DISTRICT NO. 011",57213,"PROPOSITION NO. 2  OWASSO PUBLIC SCHOOLS",,7,7,2,"AGAINST THE PROPOSITION - NO",,34,4,85,123,,
2/11/2020,"SEMINOLE","CITY OF KONAWA",46702,"FOR COUNCILMEMBER WARD 1 (UNEXPIRED TERM)  CITY OF KONAWA",,1,1,1,"JAMES NOWLIN",,0,0,13,13,SEMINOLE
2/11/2020,"SEMINOLE","CITY OF KONAWA",46702,"FOR COUNCILMEMBER WARD 1 (UNEXPIRED TERM)  CITY OF KONAWA",,1,1,2,"NANCY BISHOP",,2,0,28,30,SEMINOLE
2/11/2020,"SEMINOLE","BOWLEGS PUBLIC SCHOOLS INDEPENDENT SCHOOL DISTRICT NO. 003",56702,"PROPOSITION  BOWLEGS PUBLIC SCHOOLS",,5,5,1,"FOR THE PROPOSITION - YES",,0,1,40,41,,
2/11/2020,"SEMINOLE","BOWLEGS PUBLIC SCHOOLS INDEPENDENT SCHOOL DISTRICT NO. 003",56702,"PROPOSITION  BOWLEGS PUBLIC SCHOOLS",,5,5,2,"AGAINST THE PROPOSITION - NO",,3,2,15,20,,
2/11/2020,"SEQUOYAH","CITY OF SALLISAW",46802,"FOR CHIEF OF POLICE  CITY OF SALLISAW",,6,6,1,"TERRY FRANKLIN",,16,125,688,829,SEQUOYAH
2/11/2020,"SEQUOYAH","CITY OF SALLISAW",46802,"FOR CHIEF OF POLICE  CITY OF SALLISAW",,6,6,2,"CHRIS ABNER",,5,119,429,553,SEQUOYAH
2/11/2020,"STEPHENS","CITY OF MARLOW",46901,"FOR COUNCIL MEMBER WARD 2  CITY OF MARLOW",,3,3,1,"BRAD THROCKMORTON",,0,3,22,25,STEPHENS
2/11/2020,"STEPHENS","CITY OF MARLOW",46901,"FOR COUNCIL MEMBER WARD 2  CITY OF MARLOW",,3,3,2,"NEAL L. MOORE",,4,3,23,30,STEPHENS
2/11/2020,"STEPHENS","EMPIRE PUBLIC SCHOOLS INDEPENDENT SCHOOL DISTRICT NO. 021",56902,"PROPOSITION NO. 1  EMPIRE PUBLIC SCHOOLS",,9,9,1,"FOR THE PROPOSITION - YES",,4,1,108,113,,
2/11/2020,"STEPHENS","EMPIRE PUBLIC SCHOOLS INDEPENDENT SCHOOL DISTRICT NO. 021",56902,"PROPOSITION NO. 1  EMPIRE PUBLIC SCHOOLS",,9,9,2,"AGAINST THE PROPOSITION - NO",,1,3,22,26,,
2/11/2020,"STEPHENS","EMPIRE PUBLIC SCHOOLS INDEPENDENT SCHOOL DISTRICT NO. 021",56903,"PROPOSITION NO. 2  EMPIRE PUBLIC SCHOOLS",,9,9,1,"FOR THE PROPOSITION - YES",,4,1,109,114,,
2/11/2020,"STEPHENS","EMPIRE PUBLIC SCHOOLS INDEPENDENT SCHOOL DISTRICT NO. 021",56903,"PROPOSITION NO. 2  EMPIRE PUBLIC SCHOOLS",,9,9,2,"AGAINST THE PROPOSITION - NO",,1,3,23,27,,
2/11/2020,"STEPHENS","VELMA-ALMA PUBLIC SCHOOLS INDEPENDENT SCHOOL DISTRICT NO. 015",56905,"PROPOSITION NO. 1  VELMA-ALMA PUBLIC SCHOOLS",,5,5,1,"FOR THE PROPOSITION - YES",,1,3,218,222,,
2/11/2020,"STEPHENS","VELMA-ALMA PUBLIC SCHOOLS INDEPENDENT SCHOOL DISTRICT NO. 015",56905,"PROPOSITION NO. 1  VELMA-ALMA PUBLIC SCHOOLS",,5,5,2,"AGAINST THE PROPOSITION - NO",,0,0,18,18,,
2/11/2020,"STEPHENS","VELMA-ALMA PUBLIC SCHOOLS INDEPENDENT SCHOOL DISTRICT NO. 015",56906,"PROPOSITION NO. 2  VELMA-ALMA PUBLIC SCHOOLS",,5,5,1,"FOR THE PROPOSITION - YES",,1,3,211,215,,
2/11/2020,"STEPHENS","VELMA-ALMA PUBLIC SCHOOLS INDEPENDENT SCHOOL DISTRICT NO. 015",56906,"PROPOSITION NO. 2  VELMA-ALMA PUBLIC SCHOOLS",,5,5,2,"AGAINST THE PROPOSITION - NO",,0,0,24,24,,
2/11/2020,"TILLMAN","CHATTANOOGA PUBLIC SCHOOLS INDEPENDENT SCHOOL DISTRICT NO. 132",51602,"PROPOSITION NO. 1  CHATTANOOGA PUBLIC SCHOOLS",,3,3,1,"FOR THE PROPOSITION - YES",,0,0,32,32,,
2/11/2020,"TILLMAN","CHATTANOOGA PUBLIC SCHOOLS INDEPENDENT SCHOOL DISTRICT NO. 132",51602,"PROPOSITION NO. 1  CHATTANOOGA PUBLIC SCHOOLS",,3,3,2,"AGAINST THE PROPOSITION - NO",,0,0,13,13,,
2/11/2020,"TILLMAN","CHATTANOOGA PUBLIC SCHOOLS INDEPENDENT SCHOOL DISTRICT NO. 132",51603,"PROPOSITION NO. 2  CHATTANOOGA PUBLIC SCHOOLS",,3,3,1,"FOR THE PROPOSITION - YES",,0,0,38,38,,
2/11/2020,"TILLMAN","CHATTANOOGA PUBLIC SCHOOLS INDEPENDENT SCHOOL DISTRICT NO. 132",51603,"PROPOSITION NO. 2  CHATTANOOGA PUBLIC SCHOOLS",,3,3,2,"AGAINST THE PROPOSITION - NO",,0,0,10,10,,
2/11/2020,"TILLMAN","SNYDER PUBLIC SCHOOLS INDEPENDENT SCHOOL DISTRICT NO. 004",53803,"PROPOSITION NO. 1  SNYDER PUBLIC SCHOOLS",,2,2,1,"FOR THE PROPOSITION - YES",,0,0,0,0,,
2/11/2020,"TILLMAN","SNYDER PUBLIC SCHOOLS INDEPENDENT SCHOOL DISTRICT NO. 004",53803,"PROPOSITION NO. 1  SNYDER PUBLIC SCHOOLS",,2,2,2,"AGAINST THE PROPOSITION - NO",,6,2,2,10,,
2/11/2020,"TILLMAN","SNYDER PUBLIC SCHOOLS INDEPENDENT SCHOOL DISTRICT NO. 004",53804,"PROPOSITION NO. 2  SNYDER PUBLIC SCHOOLS",,2,2,1,"FOR THE PROPOSITION - YES",,0,0,0,0,,
2/11/2020,"TILLMAN","SNYDER PUBLIC SCHOOLS INDEPENDENT SCHOOL DISTRICT NO. 004",53804,"PROPOSITION NO. 2  SNYDER PUBLIC SCHOOLS",,2,2,2,"AGAINST THE PROPOSITION - NO",,6,2,2,10,,
2/11/2020,"TULSA","CITY OF COLLINSVILLE",47201,"FOR MAYOR  CITY OF COLLINSVILLE",,4,4,1,"LARRY SHAFER",,8,0,291,299,TULSA
2/11/2020,"TULSA","CITY OF COLLINSVILLE",47201,"FOR MAYOR  CITY OF COLLINSVILLE",,4,4,2,"JERRY GARRETT",,21,2,266,289,TULSA
2/11/2020,"TULSA","CITY OF SAND SPRINGS",47204,"FOR CITY COUNCILMEMBER, WARD 3  CITY OF SAND SPRINGS",,3,3,1,"JUSTIN SEAN TOCKEY",,1,1,30,32,TULSA
2/11/2020,"TULSA","CITY OF SAND SPRINGS",47204,"FOR CITY COUNCILMEMBER, WARD 3  CITY OF SAND SPRINGS",,3,3,2,"MIKE BURDGE",,4,0,38,42,TULSA
2/11/2020,"TULSA","BIXBY PUBLIC SCHOOLS INDEPENDENT SCHOOL DISTRICT NO. 004",57201,"FOR OFFICE NO. 5  BIXBY PUBLIC SCHOOLS",,21,21,1,"JASON PRIDEAUX",,8,1,35,44,TULSA
2/11/2020,"TULSA","BIXBY PUBLIC SCHOOLS INDEPENDENT SCHOOL DISTRICT NO. 004",57201,"FOR OFFICE NO. 5  BIXBY PUBLIC SCHOOLS",,21,21,2,"TRISTY FRYER",,84,0,597,681,TULSA
2/11/2020,"TULSA","BIXBY PUBLIC SCHOOLS INDEPENDENT SCHOOL DISTRICT NO. 004",57201,"FOR OFFICE NO. 5  BIXBY PUBLIC SCHOOLS",,21,21,3,"TODD HAGOPIAN",,9,0,32,41,TULSA
2/11/2020,"TULSA","TULSA PUBLIC SCHOOLS INDEPENDENT SCHOOL DISTRICT NO. 001",57202,"FOR OFFICE NO. 5  TULSA PUBLIC SCHOOLS",,22,22,1,"JOHN CROISANT",,53,16,996,1065,TULSA
2/11/2020,"TULSA","TULSA PUBLIC SCHOOLS INDEPENDENT SCHOOL DISTRICT NO. 001",57202,"FOR OFFICE NO. 5  TULSA PUBLIC SCHOOLS",,22,22,2,"KELSEY ROYCE",,19,11,283,313,TULSA
2/11/2020,"TULSA","TULSA PUBLIC SCHOOLS INDEPENDENT SCHOOL DISTRICT NO. 001",57202,"FOR OFFICE NO. 5  TULSA PUBLIC SCHOOLS",,22,22,3,"BEN CROFF",,3,0,14,17,TULSA
2/11/2020,"TULSA","TULSA PUBLIC SCHOOLS INDEPENDENT SCHOOL DISTRICT NO. 001",57202,"FOR OFFICE NO. 5  TULSA PUBLIC SCHOOLS",,22,22,4,"SCOTT PENDLETON",,44,7,350,401,TULSA
2/11/2020,"TULSA","TULSA PUBLIC SCHOOLS INDEPENDENT SCHOOL DISTRICT NO. 001",57202,"FOR OFFICE NO. 5  TULSA PUBLIC SCHOOLS",,22,22,5,"SHANE SAUNDERS",,64,14,555,633,TULSA
2/11/2020,"TULSA","TULSA PUBLIC SCHOOLS INDEPENDENT SCHOOL DISTRICT NO. 001",57203,"FOR OFFICE NO. 6  TULSA PUBLIC SCHOOLS",,20,20,1,"JERRY R. GRIFFIN",,36,1,340,377,TULSA
2/11/2020,"TULSA","TULSA PUBLIC SCHOOLS INDEPENDENT SCHOOL DISTRICT NO. 001",57203,"FOR OFFICE NO. 6  TULSA PUBLIC SCHOOLS",,20,20,2,"RUTH ANN FATE",,56,6,273,335,TULSA
2/11/2020,"TULSA","TULSA PUBLIC SCHOOLS INDEPENDENT SCHOOL DISTRICT NO. 001",57203,"FOR OFFICE NO. 6  TULSA PUBLIC SCHOOLS",,20,20,3,"STEPHEN REMINGTON",,21,3,288,312,TULSA
2/11/2020,"TULSA","JENKS PUBLIC SCHOOLS INDEPENDENT SCHOOL DISTRICT NO. 005",57205,"PROPOSITION NO. 1  JENKS PUBLIC SCHOOLS",,29,29,1,"FOR THE PROPOSITION - YES",,195,8,1350,1553,,
2/11/2020,"TULSA","JENKS PUBLIC SCHOOLS INDEPENDENT SCHOOL DISTRICT NO. 005",57205,"PROPOSITION NO. 1  JENKS PUBLIC SCHOOLS",,29,29,2,"AGAINST THE PROPOSITION - NO",,83,3,228,314,,
2/11/2020,"TULSA","JENKS PUBLIC SCHOOLS INDEPENDENT SCHOOL DISTRICT NO. 005",57206,"PROPOSITION NO. 2  JENKS PUBLIC SCHOOLS",,29,29,1,"FOR THE PROPOSITION - YES",,194,9,1358,1561,,
2/11/2020,"TULSA","JENKS PUBLIC SCHOOLS INDEPENDENT SCHOOL DISTRICT NO. 005",57206,"PROPOSITION NO. 2  JENKS PUBLIC SCHOOLS",,29,29,2,"AGAINST THE PROPOSITION - NO",,86,2,221,309,,
2/11/2020,"TULSA","LIBERTY PUBLIC SCHOOLS INDEPENDENT SCHOOL DISTRICT NO. 014",57209,"PROPOSITION NO. 1  LIBERTY PUBLIC SCHOOLS",,3,3,1,"FOR THE PROPOSITION - YES",,5,0,78,83,,
2/11/2020,"TULSA","LIBERTY PUBLIC SCHOOLS INDEPENDENT SCHOOL DISTRICT NO. 014",57209,"PROPOSITION NO. 1  LIBERTY PUBLIC SCHOOLS",,3,3,2,"AGAINST THE PROPOSITION - NO",,0,0,14,14,,
2/11/2020,"TULSA","LIBERTY PUBLIC SCHOOLS INDEPENDENT SCHOOL DISTRICT NO. 014",57210,"PROPOSITION NO. 2  LIBERTY PUBLIC SCHOOLS",,3,3,1,"FOR THE PROPOSITION - YES",,5,0,78,83,,
2/11/2020,"TULSA","LIBERTY PUBLIC SCHOOLS INDEPENDENT SCHOOL DISTRICT NO. 014",57210,"PROPOSITION NO. 2  LIBERTY PUBLIC SCHOOLS",,3,3,2,"AGAINST THE PROPOSITION - NO",,0,0,14,14,,
2/11/2020,"TULSA","OWASSO PUBLIC SCHOOLS INDEPENDENT SCHOOL DISTRICT NO. 011",57211,"FOR OFFICE NO. 5  OWASSO PUBLIC SCHOOLS",,17,17,1,"JOHN H. HANING",,15,1,55,71,TULSA
2/11/2020,"TULSA","OWASSO PUBLIC SCHOOLS INDEPENDENT SCHOOL DISTRICT NO. 011",57211,"FOR OFFICE NO. 5  OWASSO PUBLIC SCHOOLS",,17,17,2,"FROSTY TURPEN",,38,3,475,516,TULSA
2/11/2020,"TULSA","OWASSO PUBLIC SCHOOLS INDEPENDENT SCHOOL DISTRICT NO. 011",57211,"FOR OFFICE NO. 5  OWASSO PUBLIC SCHOOLS",,17,17,3,"BETH MEDFORD",,44,2,169,215,TULSA
2/11/2020,"TULSA","OWASSO PUBLIC SCHOOLS INDEPENDENT SCHOOL DISTRICT NO. 011",57212,"PROPOSITION NO. 1  OWASSO PUBLIC SCHOOLS",,17,17,1,"FOR THE PROPOSITION - YES",,71,6,596,673,,
2/11/2020,"TULSA","OWASSO PUBLIC SCHOOLS INDEPENDENT SCHOOL DISTRICT NO. 011",57212,"PROPOSITION NO. 1  OWASSO PUBLIC SCHOOLS",,17,17,2,"AGAINST THE PROPOSITION - NO",,33,0,146,179,,
2/11/2020,"TULSA","OWASSO PUBLIC SCHOOLS INDEPENDENT SCHOOL DISTRICT NO. 011",57213,"PROPOSITION NO. 2  OWASSO PUBLIC SCHOOLS",,17,17,1,"FOR THE PROPOSITION - YES",,76,7,596,679,,
2/11/2020,"TULSA","OWASSO PUBLIC SCHOOLS INDEPENDENT SCHOOL DISTRICT NO. 011",57213,"PROPOSITION NO. 2  OWASSO PUBLIC SCHOOLS",,17,17,2,"AGAINST THE PROPOSITION - NO",,28,0,145,173,,
2/11/2020,"WAGONER","BIXBY PUBLIC SCHOOLS INDEPENDENT SCHOOL DISTRICT NO. 004",57201,"FOR OFFICE NO. 5  BIXBY PUBLIC SCHOOLS",,1,1,1,"JASON PRIDEAUX",,0,0,0,0,WAGONER
2/11/2020,"WAGONER","BIXBY PUBLIC SCHOOLS INDEPENDENT SCHOOL DISTRICT NO. 004",57201,"FOR OFFICE NO. 5  BIXBY PUBLIC SCHOOLS",,1,1,2,"TRISTY FRYER",,0,0,1,1,WAGONER
2/11/2020,"WAGONER","BIXBY PUBLIC SCHOOLS INDEPENDENT SCHOOL DISTRICT NO. 004",57201,"FOR OFFICE NO. 5  BIXBY PUBLIC SCHOOLS",,1,1,3,"TODD HAGOPIAN",,0,0,0,0,WAGONER
2/11/2020,"WASHITA","CARNEGIE PUBLIC SCHOOLS INDEPENDENT SCHOOL DISTRICT NO. 033",50801,"FOR OFFICE NO. 5  CARNEGIE PUBLIC SCHOOLS",,1,1,1,"CHRISTI HARRISON",,2,0,6,8,WASHITA
2/11/2020,"WASHITA","CARNEGIE PUBLIC SCHOOLS INDEPENDENT SCHOOL DISTRICT NO. 033",50801,"FOR OFFICE NO. 5  CARNEGIE PUBLIC SCHOOLS",,1,1,2,"MISTY D. BOETTGER",,0,0,0,0,WASHITA
2/11/2020,"WASHITA","CARNEGIE PUBLIC SCHOOLS INDEPENDENT SCHOOL DISTRICT NO. 033",50801,"FOR OFFICE NO. 5  CARNEGIE PUBLIC SCHOOLS",,1,1,3,"RYAN CLARK",,5,0,0,5,WASHITA
2/11/2020,"WASHITA","CLINTON PUBLIC SCHOOLS INDEPENDENT SCHOOL DISTRICT NO. 099",52002,"PROPOSITION  CLINTON PUBLIC SCHOOLS",,2,2,1,"FOR THE PROPOSITION - YES",,0,0,6,6,,
2/11/2020,"WASHITA","CLINTON PUBLIC SCHOOLS INDEPENDENT SCHOOL DISTRICT NO. 099",52002,"PROPOSITION  CLINTON PUBLIC SCHOOLS",,2,2,2,"AGAINST THE PROPOSITION - NO",,2,0,24,26,,
2/11/2020,"WASHITA","SENTINEL PUBLIC SCHOOLS INDEPENDENT SCHOOL DISTRICT NO. 001",57501,"FOR OFFICE NO. 5  SENTINEL PUBLIC SCHOOLS",,3,3,1,"BILLY HANES",,0,0,69,69,WASHITA
2/11/2020,"WASHITA","SENTINEL PUBLIC SCHOOLS INDEPENDENT SCHOOL DISTRICT NO. 001",57501,"FOR OFFICE NO. 5  SENTINEL PUBLIC SCHOOLS",,3,3,2,"COLT MUSICK",,0,2,55,57,WASHITA
2/11/2020,"WASHITA","SENTINEL PUBLIC SCHOOLS INDEPENDENT SCHOOL DISTRICT NO. 001",57501,"FOR OFFICE NO. 5  SENTINEL PUBLIC SCHOOLS",,3,3,3,"ANITA EVETTS",,2,0,16,18,WASHITA
2/11/2020,"WASHITA","SENTINEL PUBLIC SCHOOLS INDEPENDENT SCHOOL DISTRICT NO. 001",57501,"FOR OFFICE NO. 5  SENTINEL PUBLIC SCHOOLS",,3,3,4,"RAY CLEMONS",,0,0,3,3,WASHITA
2/11/2020,"WASHITA","SENTINEL PUBLIC SCHOOLS INDEPENDENT SCHOOL DISTRICT NO. 001",57501,"FOR OFFICE NO. 5  SENTINEL PUBLIC SCHOOLS",,3,3,5,"LARRY W PECK",,3,0,79,82,WASHITA
2/11/2020,"WOODS","CITY OF WAYNOKA",47601,"FOR COUNCILMEMBER, WARD NO. 2 SEAT 1 (UNEXPIRED TERM)  CITY OF WAYNOKA",,1,1,1,"AUSTIN GAUGE DURKEE",,1,0,14,15,WOODS
2/11/2020,"WOODS","CITY OF WAYNOKA",47601,"FOR COUNCILMEMBER, WARD NO. 2 SEAT 1 (UNEXPIRED TERM)  CITY OF WAYNOKA",,1,1,2,"MATTHEW D. BRADFORD",,3,1,67,71,WOODS
2/11/2020,"WOODWARD","VICI PUBLIC SCHOOLS INDEPENDENT SCHOOL DISTRICT NO. 005",52201,"FOR OFFICE NO. 5  VICI PUBLIC SCHOOLS",,2,2,1,"ELWIN RANDALL",,3,0,10,13,WOODWARD
2/11/2020,"WOODWARD","VICI PUBLIC SCHOOLS INDEPENDENT SCHOOL DISTRICT NO. 005",52201,"FOR OFFICE NO. 5  VICI PUBLIC SCHOOLS",,2,2,2,"RANDA HAZELBAKER",,0,0,13,13,WOODWARD
2/11/2020,"WOODWARD","VICI PUBLIC SCHOOLS INDEPENDENT SCHOOL DISTRICT NO. 005",52201,"FOR OFFICE NO. 5  VICI PUBLIC SCHOOLS",,2,2,3,"TROY GUTHRIE",,0,0,3,3,WOODWARD
2/11/2020,"WOODWARD","SHARON-MUTUAL PUBLIC SCHOOLS INDEPENDENT SCHOOL DISTRICT NO. 003",57701,"FOR OFFICE NO. 5  SHARON-MUTUAL PUBLIC SCHOOLS",,6,6,1,"MISTY THOMPSON",,11,7,58,76,WOODWARD
2/11/2020,"WOODWARD","SHARON-MUTUAL PUBLIC SCHOOLS INDEPENDENT SCHOOL DISTRICT NO. 003",57701,"FOR OFFICE NO. 5  SHARON-MUTUAL PUBLIC SCHOOLS",,6,6,2,"NEAL STEPHENSON",,0,5,122,127,WOODWARD
2/11/2020,"WOODWARD","SHARON-MUTUAL PUBLIC SCHOOLS INDEPENDENT SCHOOL DISTRICT NO. 003",57701,"FOR OFFICE NO. 5  SHARON-MUTUAL PUBLIC SCHOOLS",,6,6,3,"COMER L McNEAL",,0,0,19,19,WOODWARD
