elec_date,county,entity_description,race_number,race_description,race_party,tot_race_prec,race_prec_reporting,cand_number,cand_name,cand_party,cand_absmail_votes,cand_early_votes,cand_elecday_votes,cand_tot_votes,race_county_owner
10/10/2017,"CADDO","TOWN OF CYRIL",40801,"PROPOSITION  TOWN OF CYRIL",,1,1,1,"FOR THE PROPOSITION - YES",,2,0,85,87,,
10/10/2017,"CADDO","TOWN OF CYRIL",40801,"PROPOSITION  TOWN OF CYRIL",,1,1,2,"AGAINST THE PROPOSITION - NO",,0,0,1,1,,
10/10/2017,"CADDO","CYRIL PUBLIC SCHOOLS INDEPENDENT SCHOOL DISTRICT NO. 064",50801,"PROPOSITION NO. 1  CYRIL PUBLIC SCHOOLS",,2,2,1,"FOR THE PROPOSITION - YES",,2,0,104,106,,
10/10/2017,"CADDO","CYRIL PUBLIC SCHOOLS INDEPENDENT SCHOOL DISTRICT NO. 064",50801,"PROPOSITION NO. 1  CYRIL PUBLIC SCHOOLS",,2,2,2,"AGAINST THE PROPOSITION - NO",,0,0,14,14,,
10/10/2017,"CADDO","CYRIL PUBLIC SCHOOLS INDEPENDENT SCHOOL DISTRICT NO. 064",50802,"PROPOSITION NO. 2  CYRIL PUBLIC SCHOOLS",,2,2,1,"FOR THE PROPOSITION - YES",,2,0,104,106,,
10/10/2017,"CADDO","CYRIL PUBLIC SCHOOLS INDEPENDENT SCHOOL DISTRICT NO. 064",50802,"PROPOSITION NO. 2  CYRIL PUBLIC SCHOOLS",,2,2,2,"AGAINST THE PROPOSITION - NO",,0,0,13,13,,
10/10/2017,"CADDO","GRACEMONT PUBLIC SCHOOLS INDEPENDENT SCHOOL DISTRICT NO. 086",50803,"PROPOSITION NO. 1  GRACEMONT PUBLIC SCHOOLS",,4,4,1,"FOR THE PROPOSITION - YES",,0,9,44,53,,
10/10/2017,"CADDO","GRACEMONT PUBLIC SCHOOLS INDEPENDENT SCHOOL DISTRICT NO. 086",50803,"PROPOSITION NO. 1  GRACEMONT PUBLIC SCHOOLS",,4,4,2,"AGAINST THE PROPOSITION - NO",,0,2,10,12,,
10/10/2017,"CADDO","GRACEMONT PUBLIC SCHOOLS INDEPENDENT SCHOOL DISTRICT NO. 086",50804,"PROPOSITION NO. 2  GRACEMONT PUBLIC SCHOOLS",,4,4,1,"FOR THE PROPOSITION - YES",,0,9,46,55,,
10/10/2017,"CADDO","GRACEMONT PUBLIC SCHOOLS INDEPENDENT SCHOOL DISTRICT NO. 086",50804,"PROPOSITION NO. 2  GRACEMONT PUBLIC SCHOOLS",,4,4,2,"AGAINST THE PROPOSITION - NO",,0,2,7,9,,
10/10/2017,"CARTER","CARTER COUNTY",30001,"PROPOSITION NO. 1",,25,25,1,"FOR THE PROPOSITION - YES",,51,65,1564,1680,,
10/10/2017,"CARTER","CARTER COUNTY",30001,"PROPOSITION NO. 1",,25,25,2,"AGAINST THE PROPOSITION - NO",,18,16,414,448,,
10/10/2017,"CARTER","CARTER COUNTY",30002,"PROPOSITION NO. 2",,25,25,1,"FOR THE PROPOSITION - YES",,52,64,1556,1672,,
10/10/2017,"CARTER","CARTER COUNTY",30002,"PROPOSITION NO. 2",,25,25,2,"AGAINST THE PROPOSITION - NO",,16,19,441,476,,
10/10/2017,"CARTER","CITY OF HEALDTON",41001,"PROPOSITION  CITY OF HEALDTON",,2,2,1,"FOR THE PROPOSITION - YES",,2,1,160,163,,
10/10/2017,"CARTER","CITY OF HEALDTON",41001,"PROPOSITION  CITY OF HEALDTON",,2,2,2,"AGAINST THE PROPOSITION - NO",,0,0,71,71,,
10/10/2017,"CARTER","TOWN OF SPRINGER",41002,"PROPOSITION  TOWN OF SPRINGER",,3,3,1,"FOR THE PROPOSITION - YES",,0,2,28,30,,
10/10/2017,"CARTER","TOWN OF SPRINGER",41002,"PROPOSITION  TOWN OF SPRINGER",,3,3,2,"AGAINST THE PROPOSITION - NO",,0,2,28,30,,
10/10/2017,"CHEROKEE","LOCUST GROVE PUBLIC SCHOOLS INDEPENDENT SCHOOL DISTRICT NO. 017",54901,"PROPOSITION  LOCUST GROVE PUBLIC SCHOOLS",,2,2,1,"FOR THE PROPOSITION - YES",,0,0,5,5,,
10/10/2017,"CHEROKEE","LOCUST GROVE PUBLIC SCHOOLS INDEPENDENT SCHOOL DISTRICT NO. 017",54901,"PROPOSITION  LOCUST GROVE PUBLIC SCHOOLS",,2,2,2,"AGAINST THE PROPOSITION - NO",,1,0,0,1,,
10/10/2017,"CHOCTAW","RATTAN PUBLIC SCHOOLS INDEPENDENT SCHOOL DISTRICT NO. 001",56401,"PROPOSITION  RATTAN PUBLIC SCHOOLS",,1,1,1,"FOR THE PROPOSITION - YES",,0,0,26,26,,
10/10/2017,"CHOCTAW","RATTAN PUBLIC SCHOOLS INDEPENDENT SCHOOL DISTRICT NO. 001",56401,"PROPOSITION  RATTAN PUBLIC SCHOOLS",,1,1,2,"AGAINST THE PROPOSITION - NO",,0,0,49,49,,
10/10/2017,"CLEVELAND","MIDWEST CITY-DEL CITY PUBLIC SCHOOLS INDEPENDENT SCHOOL DISTRICT NO. 052",55501,"PROPOSITION NO. 1  MIDWEST CITY-DEL CITY PUBLIC SCHOOLS",,2,2,1,"FOR THE PROPOSITION - YES",,11,0,58,69,,
10/10/2017,"CLEVELAND","MIDWEST CITY-DEL CITY PUBLIC SCHOOLS INDEPENDENT SCHOOL DISTRICT NO. 052",55501,"PROPOSITION NO. 1  MIDWEST CITY-DEL CITY PUBLIC SCHOOLS",,2,2,2,"AGAINST THE PROPOSITION - NO",,7,0,8,15,,
10/10/2017,"CLEVELAND","MIDWEST CITY-DEL CITY PUBLIC SCHOOLS INDEPENDENT SCHOOL DISTRICT NO. 052",55502,"PROPOSITION NO. 2  MIDWEST CITY-DEL CITY PUBLIC SCHOOLS",,2,2,1,"FOR THE PROPOSITION - YES",,10,0,54,64,,
10/10/2017,"CLEVELAND","MIDWEST CITY-DEL CITY PUBLIC SCHOOLS INDEPENDENT SCHOOL DISTRICT NO. 052",55502,"PROPOSITION NO. 2  MIDWEST CITY-DEL CITY PUBLIC SCHOOLS",,2,2,2,"AGAINST THE PROPOSITION - NO",,8,0,12,20,,
10/10/2017,"COMANCHE","CYRIL PUBLIC SCHOOLS INDEPENDENT SCHOOL DISTRICT NO. 064",50801,"PROPOSITION NO. 1  CYRIL PUBLIC SCHOOLS",,1,1,1,"FOR THE PROPOSITION - YES",,0,0,0,0,,
10/10/2017,"COMANCHE","CYRIL PUBLIC SCHOOLS INDEPENDENT SCHOOL DISTRICT NO. 064",50801,"PROPOSITION NO. 1  CYRIL PUBLIC SCHOOLS",,1,1,2,"AGAINST THE PROPOSITION - NO",,0,0,0,0,,
10/10/2017,"COMANCHE","CYRIL PUBLIC SCHOOLS INDEPENDENT SCHOOL DISTRICT NO. 064",50802,"PROPOSITION NO. 2  CYRIL PUBLIC SCHOOLS",,1,1,1,"FOR THE PROPOSITION - YES",,0,0,0,0,,
10/10/2017,"COMANCHE","CYRIL PUBLIC SCHOOLS INDEPENDENT SCHOOL DISTRICT NO. 064",50802,"PROPOSITION NO. 2  CYRIL PUBLIC SCHOOLS",,1,1,2,"AGAINST THE PROPOSITION - NO",,0,0,0,0,,
10/10/2017,"DELAWARE","TURKEY FORD PUBLIC SCHOOL ELEMENTARY SCHOOL DISTRICT NO. 010",55801,"PROPOSITION  TURKEY FORD PUBLIC SCHOOL",,1,1,1,"FOR THE PROPOSITION - YES",,0,0,32,32,,
10/10/2017,"DELAWARE","TURKEY FORD PUBLIC SCHOOL ELEMENTARY SCHOOL DISTRICT NO. 010",55801,"PROPOSITION  TURKEY FORD PUBLIC SCHOOL",,1,1,2,"AGAINST THE PROPOSITION - NO",,0,0,0,0,,
10/10/2017,"JEFFERSON","RYAN PUBLIC SCHOOLS INDEPENDENT SCHOOL DISTRICT NO. 001",53401,"PROPOSITION  RYAN PUBLIC SCHOOLS",,4,4,1,"FOR THE PROPOSITION - YES",,11,1,165,177,,
10/10/2017,"JEFFERSON","RYAN PUBLIC SCHOOLS INDEPENDENT SCHOOL DISTRICT NO. 001",53401,"PROPOSITION  RYAN PUBLIC SCHOOLS",,4,4,2,"AGAINST THE PROPOSITION - NO",,1,1,49,51,,
10/10/2017,"JOHNSTON","CITY OF TISHOMINGO",43501,"PROPOSITION  CITY OF TISHOMINGO",,4,4,1,"FOR THE PROPOSITION - YES",,3,5,44,52,,
10/10/2017,"JOHNSTON","CITY OF TISHOMINGO",43501,"PROPOSITION  CITY OF TISHOMINGO",,4,4,2,"AGAINST THE PROPOSITION - NO",,0,4,15,19,,
10/10/2017,"KAY","CITY OF PONCA CITY",43601,"PROPOSITION  CITY OF PONCA CITY",,14,14,1,"FOR THE PROPOSITION - YES",,12,20,411,443,,
10/10/2017,"KAY","CITY OF PONCA CITY",43601,"PROPOSITION  CITY OF PONCA CITY",,14,14,2,"AGAINST THE PROPOSITION - NO",,3,6,121,130,,
10/10/2017,"KAY","PECKHAM PUBLIC SCHOOL ELEMENTARY SCHOOL DISTRICT NO. 027",53601,"PROPOSITION  PECKHAM PUBLIC SCHOOL",,5,5,1,"FOR THE PROPOSITION - YES",,0,5,64,69,,
10/10/2017,"KAY","PECKHAM PUBLIC SCHOOL ELEMENTARY SCHOOL DISTRICT NO. 027",53601,"PROPOSITION  PECKHAM PUBLIC SCHOOL",,5,5,2,"AGAINST THE PROPOSITION - NO",,0,2,20,22,,
10/10/2017,"KAY","SHIDLER PUBLIC SCHOOLS INDEPENDENT SCHOOL DISTRICT NO. 011",55702,"PROPOSITION  SHIDLER PUBLIC SCHOOLS",,3,3,1,"FOR THE PROPOSITION - YES",,0,0,22,22,,
10/10/2017,"KAY","SHIDLER PUBLIC SCHOOLS INDEPENDENT SCHOOL DISTRICT NO. 011",55702,"PROPOSITION  SHIDLER PUBLIC SCHOOLS",,3,3,2,"AGAINST THE PROPOSITION - NO",,2,0,69,71,,
10/10/2017,"MCCLAIN","PURCELL PUBLIC SCHOOLS INDEPENDENT SCHOOL DISTRICT NO. 015",54401,"PROPOSITION NO. 1  PURCELL PUBLIC SCHOOLS",,8,8,1,"FOR THE PROPOSITION - YES",,26,38,694,758,,
10/10/2017,"MCCLAIN","PURCELL PUBLIC SCHOOLS INDEPENDENT SCHOOL DISTRICT NO. 015",54401,"PROPOSITION NO. 1  PURCELL PUBLIC SCHOOLS",,8,8,2,"AGAINST THE PROPOSITION - NO",,7,24,284,315,,
10/10/2017,"MCCLAIN","PURCELL PUBLIC SCHOOLS INDEPENDENT SCHOOL DISTRICT NO. 015",54402,"PROPOSITION NO. 2  PURCELL PUBLIC SCHOOLS",,8,8,1,"FOR THE PROPOSITION - YES",,24,41,728,793,,
10/10/2017,"MCCLAIN","PURCELL PUBLIC SCHOOLS INDEPENDENT SCHOOL DISTRICT NO. 015",54402,"PROPOSITION NO. 2  PURCELL PUBLIC SCHOOLS",,8,8,2,"AGAINST THE PROPOSITION - NO",,9,20,260,289,,
10/10/2017,"MAJOR","MOORELAND PUBLIC SCHOOLS INDEPENDENT SCHOOL DISTRICT NO. 002",57701,"PROPOSITION  MOORELAND PUBLIC SCHOOLS",,1,1,1,"FOR THE PROPOSITION - YES",,0,0,0,0,,
10/10/2017,"MAJOR","MOORELAND PUBLIC SCHOOLS INDEPENDENT SCHOOL DISTRICT NO. 002",57701,"PROPOSITION  MOORELAND PUBLIC SCHOOLS",,1,1,2,"AGAINST THE PROPOSITION - NO",,0,0,0,0,,
10/10/2017,"MAYES","LOCUST GROVE PUBLIC SCHOOLS INDEPENDENT SCHOOL DISTRICT NO. 017",54901,"PROPOSITION  LOCUST GROVE PUBLIC SCHOOLS",,6,6,1,"FOR THE PROPOSITION - YES",,1,2,201,204,,
10/10/2017,"MAYES","LOCUST GROVE PUBLIC SCHOOLS INDEPENDENT SCHOOL DISTRICT NO. 017",54901,"PROPOSITION  LOCUST GROVE PUBLIC SCHOOLS",,6,6,2,"AGAINST THE PROPOSITION - NO",,8,0,95,103,,
10/10/2017,"MURRAY","ROFF PUBLIC SCHOOLS INDEPENDENT SCHOOL DISTRICT NO. 037",56201,"PROPOSITION  ROFF PUBLIC SCHOOLS",,1,1,1,"FOR THE PROPOSITION - YES",,0,1,18,19,,
10/10/2017,"MURRAY","ROFF PUBLIC SCHOOLS INDEPENDENT SCHOOL DISTRICT NO. 037",56201,"PROPOSITION  ROFF PUBLIC SCHOOLS",,1,1,2,"AGAINST THE PROPOSITION - NO",,0,1,8,9,,
10/10/2017,"MUSKOGEE","HILLDALE PUBLIC SCHOOLS INDEPENDENT SCHOOL DISTRICT NO. 029",55101,"PROPOSITION  HILLDALE PUBLIC SCHOOLS",,7,7,1,"FOR THE PROPOSITION - YES",,12,97,678,787,,
10/10/2017,"MUSKOGEE","HILLDALE PUBLIC SCHOOLS INDEPENDENT SCHOOL DISTRICT NO. 029",55101,"PROPOSITION  HILLDALE PUBLIC SCHOOLS",,7,7,2,"AGAINST THE PROPOSITION - NO",,7,42,366,415,,
10/10/2017,"OKLAHOMA","CITY OF MIDWEST CITY",45501,"PROPOSITION  CITY OF MIDWEST CITY",,23,23,1,"FOR THE PROPOSITION - YES",,85,6,1763,1854,,
10/10/2017,"OKLAHOMA","CITY OF MIDWEST CITY",45501,"PROPOSITION  CITY OF MIDWEST CITY",,23,23,2,"AGAINST THE PROPOSITION - NO",,64,2,1580,1646,,
10/10/2017,"OKLAHOMA","MIDWEST CITY-DEL CITY PUBLIC SCHOOLS INDEPENDENT SCHOOL DISTRICT NO. 052",55501,"PROPOSITION NO. 1  MIDWEST CITY-DEL CITY PUBLIC SCHOOLS",,32,32,1,"FOR THE PROPOSITION - YES",,115,6,2583,2704,,
10/10/2017,"OKLAHOMA","MIDWEST CITY-DEL CITY PUBLIC SCHOOLS INDEPENDENT SCHOOL DISTRICT NO. 052",55501,"PROPOSITION NO. 1  MIDWEST CITY-DEL CITY PUBLIC SCHOOLS",,32,32,2,"AGAINST THE PROPOSITION - NO",,78,0,821,899,,
10/10/2017,"OKLAHOMA","MIDWEST CITY-DEL CITY PUBLIC SCHOOLS INDEPENDENT SCHOOL DISTRICT NO. 052",55502,"PROPOSITION NO. 2  MIDWEST CITY-DEL CITY PUBLIC SCHOOLS",,32,32,1,"FOR THE PROPOSITION - YES",,115,5,2468,2588,,
10/10/2017,"OKLAHOMA","MIDWEST CITY-DEL CITY PUBLIC SCHOOLS INDEPENDENT SCHOOL DISTRICT NO. 052",55502,"PROPOSITION NO. 2  MIDWEST CITY-DEL CITY PUBLIC SCHOOLS",,32,32,2,"AGAINST THE PROPOSITION - NO",,74,0,826,900,,
10/10/2017,"OKLAHOMA","PUTNAM CITY PUBLIC SCHOOLS INDEPENDENT SCHOOL DISTRICT NO. 001",55503,"PROPOSITION NO. 1  PUTNAM CITY PUBLIC SCHOOLS",,55,55,1,"FOR THE PROPOSITION - YES",,172,7,1703,1882,,
10/10/2017,"OKLAHOMA","PUTNAM CITY PUBLIC SCHOOLS INDEPENDENT SCHOOL DISTRICT NO. 001",55503,"PROPOSITION NO. 1  PUTNAM CITY PUBLIC SCHOOLS",,55,55,2,"AGAINST THE PROPOSITION - NO",,122,1,324,447,,
10/10/2017,"OKLAHOMA","PUTNAM CITY PUBLIC SCHOOLS INDEPENDENT SCHOOL DISTRICT NO. 001",55504,"PROPOSITION NO. 2  PUTNAM CITY PUBLIC SCHOOLS",,55,55,1,"FOR THE PROPOSITION - YES",,172,7,1694,1873,,
10/10/2017,"OKLAHOMA","PUTNAM CITY PUBLIC SCHOOLS INDEPENDENT SCHOOL DISTRICT NO. 001",55504,"PROPOSITION NO. 2  PUTNAM CITY PUBLIC SCHOOLS",,55,55,2,"AGAINST THE PROPOSITION - NO",,120,1,330,451,,
10/10/2017,"OKLAHOMA","WESTERN HEIGHTS PUBLIC SCHOOLS INDEPENDENT SCHOOL DISTRICT NO. 041",55505,"PROPOSITION NO. 1  WESTERN HEIGHTS PUBLIC SCHOOLS",,10,10,1,"FOR THE PROPOSITION - YES",,12,1,114,127,,
10/10/2017,"OKLAHOMA","WESTERN HEIGHTS PUBLIC SCHOOLS INDEPENDENT SCHOOL DISTRICT NO. 041",55505,"PROPOSITION NO. 1  WESTERN HEIGHTS PUBLIC SCHOOLS",,10,10,2,"AGAINST THE PROPOSITION - NO",,7,2,26,35,,
10/10/2017,"OKLAHOMA","WESTERN HEIGHTS PUBLIC SCHOOLS INDEPENDENT SCHOOL DISTRICT NO. 041",55506,"PROPOSITION NO. 2  WESTERN HEIGHTS PUBLIC SCHOOLS",,10,10,1,"FOR THE PROPOSITION - YES",,12,1,116,129,,
10/10/2017,"OKLAHOMA","WESTERN HEIGHTS PUBLIC SCHOOLS INDEPENDENT SCHOOL DISTRICT NO. 041",55506,"PROPOSITION NO. 2  WESTERN HEIGHTS PUBLIC SCHOOLS",,10,10,2,"AGAINST THE PROPOSITION - NO",,7,2,26,35,,
10/10/2017,"OSAGE","OKLA DEPT - CAREER & TECH ED",55701,"PROPOSITION  OKLA DEPT - CAREER & TECH ED",,5,5,1,"FOR THE PROPOSITION - YES",,11,0,99,110,,
10/10/2017,"OSAGE","OKLA DEPT - CAREER & TECH ED",55701,"PROPOSITION  OKLA DEPT - CAREER & TECH ED",,5,5,2,"AGAINST THE PROPOSITION - NO",,3,0,21,24,,
10/10/2017,"OSAGE","SHIDLER PUBLIC SCHOOLS INDEPENDENT SCHOOL DISTRICT NO. 011",55702,"PROPOSITION  SHIDLER PUBLIC SCHOOLS",,5,5,1,"FOR THE PROPOSITION - YES",,7,0,107,114,,
10/10/2017,"OSAGE","SHIDLER PUBLIC SCHOOLS INDEPENDENT SCHOOL DISTRICT NO. 011",55702,"PROPOSITION  SHIDLER PUBLIC SCHOOLS",,5,5,2,"AGAINST THE PROPOSITION - NO",,2,3,69,74,,
10/10/2017,"OTTAWA","TURKEY FORD PUBLIC SCHOOL ELEMENTARY SCHOOL DISTRICT NO. 010",55801,"PROPOSITION  TURKEY FORD PUBLIC SCHOOL",,1,1,1,"FOR THE PROPOSITION - YES",,1,0,20,21,,
10/10/2017,"OTTAWA","TURKEY FORD PUBLIC SCHOOL ELEMENTARY SCHOOL DISTRICT NO. 010",55801,"PROPOSITION  TURKEY FORD PUBLIC SCHOOL",,1,1,2,"AGAINST THE PROPOSITION - NO",,1,0,4,5,,
10/10/2017,"PONTOTOC","ROFF PUBLIC SCHOOLS INDEPENDENT SCHOOL DISTRICT NO. 037",56201,"PROPOSITION  ROFF PUBLIC SCHOOLS",,4,4,1,"FOR THE PROPOSITION - YES",,2,0,212,214,,
10/10/2017,"PONTOTOC","ROFF PUBLIC SCHOOLS INDEPENDENT SCHOOL DISTRICT NO. 037",56201,"PROPOSITION  ROFF PUBLIC SCHOOLS",,4,4,2,"AGAINST THE PROPOSITION - NO",,2,0,118,120,,
10/10/2017,"POTTAWATOMIE","MACOMB PUBLIC SCHOOLS INDEPENDENT SCHOOL DISTRICT NO. 004",56301,"PROPOSITION NO. 1  MACOMB PUBLIC SCHOOLS",,4,4,1,"FOR THE PROPOSITION - YES",,3,2,90,95,,
10/10/2017,"POTTAWATOMIE","MACOMB PUBLIC SCHOOLS INDEPENDENT SCHOOL DISTRICT NO. 004",56301,"PROPOSITION NO. 1  MACOMB PUBLIC SCHOOLS",,4,4,2,"AGAINST THE PROPOSITION - NO",,4,0,78,82,,
10/10/2017,"POTTAWATOMIE","MACOMB PUBLIC SCHOOLS INDEPENDENT SCHOOL DISTRICT NO. 004",56302,"PROPOSITION NO. 2  MACOMB PUBLIC SCHOOLS",,4,4,1,"FOR THE PROPOSITION - YES",,5,2,92,99,,
10/10/2017,"POTTAWATOMIE","MACOMB PUBLIC SCHOOLS INDEPENDENT SCHOOL DISTRICT NO. 004",56302,"PROPOSITION NO. 2  MACOMB PUBLIC SCHOOLS",,4,4,2,"AGAINST THE PROPOSITION - NO",,2,0,78,80,,
10/10/2017,"PUSHMATAHA","RATTAN PUBLIC SCHOOLS INDEPENDENT SCHOOL DISTRICT NO. 001",56401,"PROPOSITION  RATTAN PUBLIC SCHOOLS",,6,6,1,"FOR THE PROPOSITION - YES",,5,8,348,361,,
10/10/2017,"PUSHMATAHA","RATTAN PUBLIC SCHOOLS INDEPENDENT SCHOOL DISTRICT NO. 001",56401,"PROPOSITION  RATTAN PUBLIC SCHOOLS",,6,6,2,"AGAINST THE PROPOSITION - NO",,3,1,246,250,,
10/10/2017,"ROGERS","OWASSO PUBLIC SCHOOLS INDEPENDENT SCHOOL DISTRICT NO. 011",57201,"PROPOSITION NO. 1  OWASSO PUBLIC SCHOOLS",,7,7,1,"FOR THE PROPOSITION - YES",,25,2,431,458,,
10/10/2017,"ROGERS","OWASSO PUBLIC SCHOOLS INDEPENDENT SCHOOL DISTRICT NO. 011",57201,"PROPOSITION NO. 1  OWASSO PUBLIC SCHOOLS",,7,7,2,"AGAINST THE PROPOSITION - NO",,38,6,92,136,,
10/10/2017,"ROGERS","OWASSO PUBLIC SCHOOLS INDEPENDENT SCHOOL DISTRICT NO. 011",57202,"PROPOSITION NO. 2  OWASSO PUBLIC SCHOOLS",,7,7,1,"FOR THE PROPOSITION - YES",,25,2,439,466,,
10/10/2017,"ROGERS","OWASSO PUBLIC SCHOOLS INDEPENDENT SCHOOL DISTRICT NO. 011",57202,"PROPOSITION NO. 2  OWASSO PUBLIC SCHOOLS",,7,7,2,"AGAINST THE PROPOSITION - NO",,38,6,83,127,,
10/10/2017,"TEXAS","GUYMON PUBLIC SCHOOLS INDEPENDENT SCHOOL DISTRICT NO. 008",57001,"PROPOSITION  GUYMON PUBLIC SCHOOLS",,8,8,1,"FOR THE PROPOSITION - YES",,16,81,769,866,,
10/10/2017,"TEXAS","GUYMON PUBLIC SCHOOLS INDEPENDENT SCHOOL DISTRICT NO. 008",57001,"PROPOSITION  GUYMON PUBLIC SCHOOLS",,8,8,2,"AGAINST THE PROPOSITION - NO",,12,23,321,356,,
10/10/2017,"TEXAS","TYRONE PUBLIC SCHOOLS INDEPENDENT SCHOOL DISTRICT NO. 053",57002,"PROPOSITION NO. 1  TYRONE PUBLIC SCHOOLS",,1,1,1,"FOR THE PROPOSITION - YES",,0,0,88,88,,
10/10/2017,"TEXAS","TYRONE PUBLIC SCHOOLS INDEPENDENT SCHOOL DISTRICT NO. 053",57002,"PROPOSITION NO. 1  TYRONE PUBLIC SCHOOLS",,1,1,2,"AGAINST THE PROPOSITION - NO",,0,0,4,4,,
10/10/2017,"TEXAS","TYRONE PUBLIC SCHOOLS INDEPENDENT SCHOOL DISTRICT NO. 053",57003,"PROPOSITION NO. 2  TYRONE PUBLIC SCHOOLS",,1,1,1,"FOR THE PROPOSITION - YES",,0,0,84,84,,
10/10/2017,"TEXAS","TYRONE PUBLIC SCHOOLS INDEPENDENT SCHOOL DISTRICT NO. 053",57003,"PROPOSITION NO. 2  TYRONE PUBLIC SCHOOLS",,1,1,2,"AGAINST THE PROPOSITION - NO",,0,0,8,8,,
10/10/2017,"TULSA","OWASSO PUBLIC SCHOOLS INDEPENDENT SCHOOL DISTRICT NO. 011",57201,"PROPOSITION NO. 1  OWASSO PUBLIC SCHOOLS",,17,17,1,"FOR THE PROPOSITION - YES",,38,1,1051,1090,,
10/10/2017,"TULSA","OWASSO PUBLIC SCHOOLS INDEPENDENT SCHOOL DISTRICT NO. 011",57201,"PROPOSITION NO. 1  OWASSO PUBLIC SCHOOLS",,17,17,2,"AGAINST THE PROPOSITION - NO",,24,0,314,338,,
10/10/2017,"TULSA","OWASSO PUBLIC SCHOOLS INDEPENDENT SCHOOL DISTRICT NO. 011",57202,"PROPOSITION NO. 2  OWASSO PUBLIC SCHOOLS",,17,17,1,"FOR THE PROPOSITION - YES",,39,1,1066,1106,,
10/10/2017,"TULSA","OWASSO PUBLIC SCHOOLS INDEPENDENT SCHOOL DISTRICT NO. 011",57202,"PROPOSITION NO. 2  OWASSO PUBLIC SCHOOLS",,17,17,2,"AGAINST THE PROPOSITION - NO",,23,0,296,319,,
10/10/2017,"WAGONER","LOCUST GROVE PUBLIC SCHOOLS INDEPENDENT SCHOOL DISTRICT NO. 017",54901,"PROPOSITION  LOCUST GROVE PUBLIC SCHOOLS",,1,1,1,"FOR THE PROPOSITION - YES",,0,0,4,4,,
10/10/2017,"WAGONER","LOCUST GROVE PUBLIC SCHOOLS INDEPENDENT SCHOOL DISTRICT NO. 017",54901,"PROPOSITION  LOCUST GROVE PUBLIC SCHOOLS",,1,1,2,"AGAINST THE PROPOSITION - NO",,0,0,6,6,,
10/10/2017,"WASHITA","TOWN OF SENTINEL",47501,"PROPOSITION  TOWN OF SENTINEL",,1,1,1,"FOR THE PROPOSITION - YES",,0,0,45,45,,
10/10/2017,"WASHITA","TOWN OF SENTINEL",47501,"PROPOSITION  TOWN OF SENTINEL",,1,1,2,"AGAINST THE PROPOSITION - NO",,0,0,4,4,,
10/10/2017,"WOODWARD","MOORELAND PUBLIC SCHOOLS INDEPENDENT SCHOOL DISTRICT NO. 002",57701,"PROPOSITION  MOORELAND PUBLIC SCHOOLS",,7,7,1,"FOR THE PROPOSITION - YES",,11,16,345,372,,
10/10/2017,"WOODWARD","MOORELAND PUBLIC SCHOOLS INDEPENDENT SCHOOL DISTRICT NO. 002",57701,"PROPOSITION  MOORELAND PUBLIC SCHOOLS",,7,7,2,"AGAINST THE PROPOSITION - NO",,9,10,196,215,,
