elec_date,county,entity_description,race_number,race_description,race_party,tot_race_prec,race_prec_reporting,cand_number,cand_name,cand_party,cand_absmail_votes,cand_early_votes,cand_elecday_votes,cand_tot_votes,race_county_owner
4/1/2014,"ADAIR","ADAIR COUNTY",30002,"PROPOSITION NO. 1",,17,17,1,"FOR THE PROPOSITION - YES",,12,86,925,1023,,
4/1/2014,"ADAIR","ADAIR COUNTY",30002,"PROPOSITION NO. 1",,17,17,2,"AGAINST THE PROPOSITION - NO",,7,21,655,683,,
4/1/2014,"ADAIR","ADAIR COUNTY",30003,"PROPOSITION NO. 2",,17,17,1,"FOR THE PROPOSITION - YES",,14,92,949,1055,,
4/1/2014,"ADAIR","ADAIR COUNTY",30003,"PROPOSITION NO. 2",,17,17,2,"AGAINST THE PROPOSITION - NO",,5,14,619,638,,
4/1/2014,"ALFALFA","OKLA. DEPT. OF CAREER AND TECH",52702,"PROPOSITION ANNEXATION OF MEDFORD SCHOOL",,1,1,1,"FOR THE PROPOSITION - YES",,0,0,0,0,,
4/1/2014,"ALFALFA","OKLA. DEPT. OF CAREER AND TECH",52702,"PROPOSITION ANNEXATION OF MEDFORD SCHOOL",,1,1,2,"AGAINST THE PROPOSITION - NO",,0,0,0,0,,
4/1/2014,"ATOKA","CITY OF ATOKA",40301,"FOR COUNCILMAN WARD 2  CITY OF ATOKA",,3,3,1,"JAMES THORNLEY",,2,16,77,95,,
4/1/2014,"ATOKA","CITY OF ATOKA",40301,"FOR COUNCILMAN WARD 2  CITY OF ATOKA",,3,3,2,"FLORA COATS",,1,12,50,63,,
4/1/2014,"ATOKA","CITY OF ATOKA",40302,"FOR COUNCILMAN WARD 4  CITY OF ATOKA",,3,3,1,"BRIAN CATHEY",,0,19,72,91,,
4/1/2014,"ATOKA","CITY OF ATOKA",40302,"FOR COUNCILMAN WARD 4  CITY OF ATOKA",,3,3,2,"KATHIE JONES",,3,9,54,66,,
4/1/2014,"ATOKA","STRINGTOWN PUBLIC SCHOOLS",50301,"PROPOSITION  STRINGTOWN PUBLIC SCHOOLS",,3,3,1,"FOR THE PROPOSITION - YES",,0,1,90,91,,
4/1/2014,"ATOKA","STRINGTOWN PUBLIC SCHOOLS",50301,"PROPOSITION  STRINGTOWN PUBLIC SCHOOLS",,3,3,2,"AGAINST THE PROPOSITION - NO",,0,1,25,26,,
4/1/2014,"BECKHAM","SAYRE PUBLIC SCHOOLS",50501,"FOR INDEPENDENT SCHOOL BOARD MEMBER OFFICE NO. 4  SAYRE PUBLIC SCHOOLS",,8,8,1,"VICKI HINKLE",,3,37,191,231,,
4/1/2014,"BECKHAM","SAYRE PUBLIC SCHOOLS",50501,"FOR INDEPENDENT SCHOOL BOARD MEMBER OFFICE NO. 4  SAYRE PUBLIC SCHOOLS",,8,8,2,"CLINT TAYLOR",,5,47,144,196,,
4/1/2014,"CADDO","ANADARKO PUBLIC SCHOOLS",50801,"PROPOSITION  ANADARKO PUBLIC SCHOOLS",,8,8,1,"FOR THE PROPOSITION - YES",,12,28,326,366,,
4/1/2014,"CADDO","ANADARKO PUBLIC SCHOOLS",50801,"PROPOSITION  ANADARKO PUBLIC SCHOOLS",,8,8,2,"AGAINST THE PROPOSITION - NO",,5,7,168,180,,
4/1/2014,"CADDO","CANADIAN VALLEY TECH CENTER",50901,"PROPOSITION  CANADIAN VALLEY TECH CENTER",,2,2,1,"FOR THE PROPOSITION - YES",,0,0,0,0,,
4/1/2014,"CADDO","CANADIAN VALLEY TECH CENTER",50901,"PROPOSITION  CANADIAN VALLEY TECH CENTER",,2,2,2,"AGAINST THE PROPOSITION - NO",,0,0,0,0,,
4/1/2014,"CANADIAN","CITY OF PIEDMONT",40903,"PROPOSITION NO. 1  CITY OF PIEDMONT",,3,3,1,"FOR THE PROPOSITION - YES",,8,1,130,139,,
4/1/2014,"CANADIAN","CITY OF PIEDMONT",40903,"PROPOSITION NO. 1  CITY OF PIEDMONT",,3,3,2,"AGAINST THE PROPOSITION - NO",,1,0,29,30,,
4/1/2014,"CANADIAN","CITY OF PIEDMONT",40904,"PROPOSITION NO. 3  CITY OF PIEDMONT",,3,3,1,"FOR THE PROPOSITION - YES",,10,1,66,77,,
4/1/2014,"CANADIAN","CITY OF PIEDMONT",40904,"PROPOSITION NO. 3  CITY OF PIEDMONT",,3,3,2,"AGAINST THE PROPOSITION - NO",,0,1,102,103,,
4/1/2014,"CANADIAN","CITY OF PIEDMONT",40905,"PROPOSITION NO. 2  CITY OF PIEDMONT",,3,3,1,"FOR THE PROPOSITION - YES",,9,2,100,111,,
4/1/2014,"CANADIAN","CITY OF PIEDMONT",40905,"PROPOSITION NO. 2  CITY OF PIEDMONT",,3,3,2,"AGAINST THE PROPOSITION - NO",,1,0,68,69,,
4/1/2014,"CANADIAN","CANADIAN VALLEY TECH CENTER",50901,"PROPOSITION  CANADIAN VALLEY TECH CENTER",,50,50,1,"FOR THE PROPOSITION - YES",,129,36,1177,1342,,
4/1/2014,"CANADIAN","CANADIAN VALLEY TECH CENTER",50901,"PROPOSITION  CANADIAN VALLEY TECH CENTER",,50,50,2,"AGAINST THE PROPOSITION - NO",,114,14,603,731,,
4/1/2014,"CARTER","CITY OF HEALDTON",41001,"PROPOSITION  CITY OF HEALDTON",,2,2,1,"FOR THE PROPOSITION - YES",,1,0,19,20,,
4/1/2014,"CARTER","CITY OF HEALDTON",41001,"PROPOSITION  CITY OF HEALDTON",,2,2,2,"AGAINST THE PROPOSITION - NO",,0,0,28,28,,
4/1/2014,"CARTER","CITY OF LONE GROVE",41002,"FOR COUNCIL MEMBER ONE  CITY OF LONE GROVE",,5,5,1,"EILEEN DUVALL",,1,4,125,130,,
4/1/2014,"CARTER","CITY OF LONE GROVE",41002,"FOR COUNCIL MEMBER ONE  CITY OF LONE GROVE",,5,5,2,"CHAD M MANSFIELD",,3,5,135,143,,
4/1/2014,"CARTER","CITY OF LONE GROVE",41003,"FOR COUNCIL MEMBER TWO  CITY OF LONE GROVE",,5,5,1,"CHRIS YOUNG",,0,3,111,114,,
4/1/2014,"CARTER","CITY OF LONE GROVE",41003,"FOR COUNCIL MEMBER TWO  CITY OF LONE GROVE",,5,5,2,"CARL McCUTCHEN",,4,6,152,162,,
4/1/2014,"CARTER","FOX PUBLIC SCHOOLS",51001,"PROPOSITION  FOX PUBLIC SCHOOLS",,2,2,1,"FOR THE PROPOSITION - YES",,0,0,131,131,,
4/1/2014,"CARTER","FOX PUBLIC SCHOOLS",51001,"PROPOSITION  FOX PUBLIC SCHOOLS",,2,2,2,"AGAINST THE PROPOSITION - NO",,0,0,48,48,,
4/1/2014,"CARTER","PLAINVIEW PUBLIC SCHOOLS",51002,"FOR INDEPENDENT SCHOOL BOARD MEMBER OFFICE NO. 4  PLAINVIEW PUBLIC SCHOOLS",,11,11,1,"JULIE REUTER",,4,18,318,340,,
4/1/2014,"CARTER","PLAINVIEW PUBLIC SCHOOLS",51002,"FOR INDEPENDENT SCHOOL BOARD MEMBER OFFICE NO. 4  PLAINVIEW PUBLIC SCHOOLS",,11,11,2,"BERT NORTON",,4,12,223,239,,
4/1/2014,"CHEROKEE","BRIGGS PUBLIC SCHOOLS",51101,"FOR ELEMENTARY SCHOOL BOARD MEMBER OFFICE NO. 1  BRIGGS PUBLIC SCHOOLS",,7,7,1,"ANNETTE LONG-STINNETT",,2,11,60,73,,
4/1/2014,"CHEROKEE","BRIGGS PUBLIC SCHOOLS",51101,"FOR ELEMENTARY SCHOOL BOARD MEMBER OFFICE NO. 1  BRIGGS PUBLIC SCHOOLS",,7,7,2,"SHANNON TATE ROBERTSON",,0,8,112,120,,
4/1/2014,"CLEVELAND","CITY OF NORMAN - PROPOSITION",6141,"PROPOSITION  CITY OF NORMAN - PROPOSITION",,49,49,1,"FOR THE PROPOSITION - YES",,161,156,3484,3801,,
4/1/2014,"CLEVELAND","CITY OF NORMAN - PROPOSITION",6141,"PROPOSITION  CITY OF NORMAN - PROPOSITION",,49,49,2,"AGAINST THE PROPOSITION - NO",,66,73,3523,3662,,
4/1/2014,"CLEVELAND","CITY OF NORMAN",41404,"FOR COUNCILMEMBER WARD 2  CITY OF NORMAN",,8,8,1,"MATTHEW LEAL",,9,6,263,278,,
4/1/2014,"CLEVELAND","CITY OF NORMAN",41404,"FOR COUNCILMEMBER WARD 2  CITY OF NORMAN",,8,8,2,"ALEISHA KARJALA",,12,14,407,433,,
4/1/2014,"CLEVELAND","CITY OF NORMAN",41404,"FOR COUNCILMEMBER WARD 2  CITY OF NORMAN",,8,8,3,"GARY D. CAISSIE",,5,0,66,71,,
4/1/2014,"CLEVELAND","CITY OF NORMAN",41404,"FOR COUNCILMEMBER WARD 2  CITY OF NORMAN",,8,8,4,"CLINT WILLIAMS",,15,29,725,769,,
4/1/2014,"CLEVELAND","CITY OF NORMAN",41405,"FOR COUNCILMEMBER WARD 4  CITY OF NORMAN",,8,8,1,"GREGORY J. JUNGMAN",,14,24,795,833,,
4/1/2014,"CLEVELAND","CITY OF NORMAN",41405,"FOR COUNCILMEMBER WARD 4  CITY OF NORMAN",,8,8,2,"WILLIAM HICKMAN",,5,16,405,426,,
4/1/2014,"CLEVELAND","CITY OF NORMAN",41405,"FOR COUNCILMEMBER WARD 4  CITY OF NORMAN",,8,8,3,"RHETT MICHAEL JONES",,2,1,75,78,,
4/1/2014,"CLEVELAND","CITY OF NORMAN",41406,"FOR COUNCILMEMBER WARD 6  CITY OF NORMAN",,5,5,1,"JERRY C. LANG",,10,11,545,566,,
4/1/2014,"CLEVELAND","CITY OF NORMAN",41406,"FOR COUNCILMEMBER WARD 6  CITY OF NORMAN",,5,5,2,"JIM GRIFFITH",,15,20,483,518,,
4/1/2014,"CLEVELAND","CANADIAN VALLEY TECH CENTER",50901,"PROPOSITION  CANADIAN VALLEY TECH CENTER",,1,1,1,"FOR THE PROPOSITION - YES",,0,0,2,2,,
4/1/2014,"CLEVELAND","CANADIAN VALLEY TECH CENTER",50901,"PROPOSITION  CANADIAN VALLEY TECH CENTER",,1,1,2,"AGAINST THE PROPOSITION - NO",,0,0,2,2,,
4/1/2014,"COAL","CITY OF COALGATE",41501,"FOR COUNCILMEMBER AT LARGE  CITY OF COALGATE",,3,3,1,"TAMMIE R MIDDLETON",,6,29,113,148,,
4/1/2014,"COAL","CITY OF COALGATE",41501,"FOR COUNCILMEMBER AT LARGE  CITY OF COALGATE",,3,3,2,"MICHAEL  ELKINS",,2,6,65,73,,
4/1/2014,"COMANCHE","LAWTON PUBLIC SCHOOLS",51601,"PROPOSITION NO. 1  LAWTON PUBLIC SCHOOLS",,30,30,1,"FOR THE PROPOSITION - YES",,108,458,3943,4509,,
4/1/2014,"COMANCHE","LAWTON PUBLIC SCHOOLS",51601,"PROPOSITION NO. 1  LAWTON PUBLIC SCHOOLS",,30,30,2,"AGAINST THE PROPOSITION - NO",,27,46,442,515,,
4/1/2014,"COMANCHE","LAWTON PUBLIC SCHOOLS",51602,"PROPOSITION NO. 2  LAWTON PUBLIC SCHOOLS",,30,30,1,"FOR THE PROPOSITION - YES",,109,456,3906,4471,,
4/1/2014,"COMANCHE","LAWTON PUBLIC SCHOOLS",51602,"PROPOSITION NO. 2  LAWTON PUBLIC SCHOOLS",,30,30,2,"AGAINST THE PROPOSITION - NO",,27,47,504,578,,
4/1/2014,"COTTON","CITY OF WALTERS",41701,"FOR COUNCIL MEMBER AT LARGE  CITY OF WALTERS",,4,4,1,"ROBERTA ELLIS",,5,17,116,138,,
4/1/2014,"COTTON","CITY OF WALTERS",41701,"FOR COUNCIL MEMBER AT LARGE  CITY OF WALTERS",,4,4,2,"F. J. LASHLEY",,4,9,88,101,,
4/1/2014,"CREEK","CITY OF SAPULPA",41901,"PROPOSITION  CITY OF SAPULPA",,20,20,1,"FOR THE PROPOSITION - YES",,23,85,636,744,,
4/1/2014,"CREEK","CITY OF SAPULPA",41901,"PROPOSITION  CITY OF SAPULPA",,20,20,2,"AGAINST THE PROPOSITION - NO",,9,4,80,93,,
4/1/2014,"CREEK","OLIVE PUBLIC SCHOOLS",51901,"PROPOSITION   OLIVE PUBLIC SCHOOLS",,7,7,1,"FOR THE PROPOSITION - YES",,0,0,170,170,,
4/1/2014,"CREEK","OLIVE PUBLIC SCHOOLS",51901,"PROPOSITION   OLIVE PUBLIC SCHOOLS",,7,7,2,"AGAINST THE PROPOSITION - NO",,0,1,34,35,,
4/1/2014,"DEWEY","DEWEY COUNTY",30001,"PROPOSITION",,9,9,1,"FOR THE PROPOSITION - YES",,24,28,373,425,,
4/1/2014,"DEWEY","DEWEY COUNTY",30001,"PROPOSITION",,9,9,2,"AGAINST THE PROPOSITION - NO",,9,7,237,253,,
4/1/2014,"GARVIN","CANADIAN VALLEY TECH CENTER",50901,"PROPOSITION  CANADIAN VALLEY TECH CENTER",,1,1,1,"FOR THE PROPOSITION - YES",,0,0,0,0,,
4/1/2014,"GARVIN","CANADIAN VALLEY TECH CENTER",50901,"PROPOSITION  CANADIAN VALLEY TECH CENTER",,1,1,2,"AGAINST THE PROPOSITION - NO",,0,0,0,0,,
4/1/2014,"GARVIN","WYNNEWOOD PUBLIC SCHOOLS",52501,"PROPOSITION  WYNNEWOOD PUBLIC SCHOOLS",,4,4,1,"FOR THE PROPOSITION - YES",,16,23,535,574,,
4/1/2014,"GARVIN","WYNNEWOOD PUBLIC SCHOOLS",52501,"PROPOSITION  WYNNEWOOD PUBLIC SCHOOLS",,4,4,2,"AGAINST THE PROPOSITION - NO",,7,36,406,449,,
4/1/2014,"GRADY","CITY OF TUTTLE",42601,"FOR MAYOR  CITY OF TUTTLE",,4,4,1,"BOBBY LEE WILLIAMS JR.",,4,1,236,241,,
4/1/2014,"GRADY","CITY OF TUTTLE",42601,"FOR MAYOR  CITY OF TUTTLE",,4,4,2,"TOMMY JOE CHESTER",,18,0,450,468,,
4/1/2014,"GRADY","CITY OF TUTTLE",42602,"FOR COUNCILMEMBER WARD 3 (UNEXPIRED TERM)  CITY OF TUTTLE",,2,2,1,"TODD A. LITTLETON",,2,0,88,90,,
4/1/2014,"GRADY","CITY OF TUTTLE",42602,"FOR COUNCILMEMBER WARD 3 (UNEXPIRED TERM)  CITY OF TUTTLE",,2,2,2,"TREY THOMAS",,7,0,68,75,,
4/1/2014,"GRADY","CANADIAN VALLEY TECH CENTER",50901,"PROPOSITION  CANADIAN VALLEY TECH CENTER",,28,28,1,"FOR THE PROPOSITION - YES",,45,31,685,761,,
4/1/2014,"GRADY","CANADIAN VALLEY TECH CENTER",50901,"PROPOSITION  CANADIAN VALLEY TECH CENTER",,28,28,2,"AGAINST THE PROPOSITION - NO",,55,13,466,534,,
4/1/2014,"GRADY","DIBBLE PUBLIC SCHOOLS",54401,"FOR INDEPENDENT SCHOOL BOARD MEMBER OFFICE NO. 4  DIBBLE PUBLIC SCHOOLS",,2,2,1,"JEFF BURR",,0,0,18,18,,
4/1/2014,"GRADY","DIBBLE PUBLIC SCHOOLS",54401,"FOR INDEPENDENT SCHOOL BOARD MEMBER OFFICE NO. 4  DIBBLE PUBLIC SCHOOLS",,2,2,2,"RICHARD CORLEY",,1,0,12,13,,
4/1/2014,"GRANT","OKLA. DEPT. OF CAREER AND TECH",52702,"PROPOSITION ANNEXATION OF MEDFORD SCHOOL",,5,5,1,"FOR THE PROPOSITION - YES",,12,12,79,103,,
4/1/2014,"GRANT","OKLA. DEPT. OF CAREER AND TECH",52702,"PROPOSITION ANNEXATION OF MEDFORD SCHOOL",,5,5,2,"AGAINST THE PROPOSITION - NO",,7,18,313,338,,
4/1/2014,"GREER","SAYRE PUBLIC SCHOOLS",50501,"FOR INDEPENDENT SCHOOL BOARD MEMBER OFFICE NO. 4  SAYRE PUBLIC SCHOOLS",,2,2,1,"VICKI HINKLE",,0,0,0,0,,
4/1/2014,"GREER","SAYRE PUBLIC SCHOOLS",50501,"FOR INDEPENDENT SCHOOL BOARD MEMBER OFFICE NO. 4  SAYRE PUBLIC SCHOOLS",,2,2,2,"CLINT TAYLOR",,0,0,0,0,,
4/1/2014,"GREER","GRANITE PUBLIC SCHOOLS",52801,"PROPOSITION NO. 1  GRANITE PUBLIC SCHOOLS",,4,4,1,"FOR THE PROPOSITION - YES",,0,0,211,211,,
4/1/2014,"GREER","GRANITE PUBLIC SCHOOLS",52801,"PROPOSITION NO. 1  GRANITE PUBLIC SCHOOLS",,4,4,2,"AGAINST THE PROPOSITION - NO",,1,0,23,24,,
4/1/2014,"GREER","GRANITE PUBLIC SCHOOLS",52802,"PROPOSITION NO. 2  GRANITE PUBLIC SCHOOLS",,4,4,1,"FOR THE PROPOSITION - YES",,0,0,209,209,,
4/1/2014,"GREER","GRANITE PUBLIC SCHOOLS",52802,"PROPOSITION NO. 2  GRANITE PUBLIC SCHOOLS",,4,4,2,"AGAINST THE PROPOSITION - NO",,1,0,27,28,,
4/1/2014,"HASKELL","KEOTA PUBLIC SCHOOLS",53101,"PROPOSITION  KEOTA PUBLIC SCHOOLS",,2,2,1,"FOR THE PROPOSITION - YES",,3,3,181,187,,
4/1/2014,"HASKELL","KEOTA PUBLIC SCHOOLS",53101,"PROPOSITION  KEOTA PUBLIC SCHOOLS",,2,2,2,"AGAINST THE PROPOSITION - NO",,4,3,84,91,,
4/1/2014,"JEFFERSON","CITY OF WAURIKA",43401,"FOR POSITION #4 COMMISSIONER (UNEXPIRED TERM)  CITY OF WAURIKA",,5,5,1,"CHARLES ANDREW ROOT",,0,5,36,41,,
4/1/2014,"JEFFERSON","CITY OF WAURIKA",43401,"FOR POSITION #4 COMMISSIONER (UNEXPIRED TERM)  CITY OF WAURIKA",,5,5,2,"DOUG GUNTER",,0,10,89,99,,
4/1/2014,"JEFFERSON","CITY OF WAURIKA",43402,"PROPOSITION  CITY OF WAURIKA",,5,5,1,"FOR THE PROPOSITION - YES",,0,13,86,99,,
4/1/2014,"JEFFERSON","CITY OF WAURIKA",43402,"PROPOSITION  CITY OF WAURIKA",,5,5,2,"AGAINST THE PROPOSITION - NO",,0,0,24,24,,
4/1/2014,"JOHNSTON","MANNSVILLE PUBLIC SCHOOL",53501,"PROPOSITION  MANNSVILLE PUBLIC SCHOOL",,1,1,1,"FOR THE PROPOSITION - YES",,0,0,74,74,,
4/1/2014,"JOHNSTON","MANNSVILLE PUBLIC SCHOOL",53501,"PROPOSITION  MANNSVILLE PUBLIC SCHOOL",,1,1,2,"AGAINST THE PROPOSITION - NO",,0,0,41,41,,
4/1/2014,"KAY","KILDARE PUBLIC SCHOOL",53601,"PROPOSITION  KILDARE PUBLIC SCHOOL",,10,10,1,"FOR THE PROPOSITION - YES",,0,2,38,40,,
4/1/2014,"KAY","KILDARE PUBLIC SCHOOL",53601,"PROPOSITION  KILDARE PUBLIC SCHOOL",,10,10,2,"AGAINST THE PROPOSITION - NO",,0,0,1,1,,
4/1/2014,"KAY","NEWKIRK PUBLIC SCHOOLS",53602,"FOR INDEPENDENT SCHOOL BOARD MEMBER OFFICE NO. 4  NEWKIRK PUBLIC SCHOOLS",,7,7,1,"PEGGY BUTLER",,1,32,137,170,,
4/1/2014,"KAY","NEWKIRK PUBLIC SCHOOLS",53602,"FOR INDEPENDENT SCHOOL BOARD MEMBER OFFICE NO. 4  NEWKIRK PUBLIC SCHOOLS",,7,7,2,"CURTIS LAYTON",,4,37,293,334,,
4/1/2014,"KINGFISHER","CITY OF PIEDMONT",40903,"PROPOSITION NO. 1  CITY OF PIEDMONT",,1,1,1,"FOR THE PROPOSITION - YES",,0,0,0,0,,
4/1/2014,"KINGFISHER","CITY OF PIEDMONT",40903,"PROPOSITION NO. 1  CITY OF PIEDMONT",,1,1,2,"AGAINST THE PROPOSITION - NO",,0,0,0,0,,
4/1/2014,"KINGFISHER","CITY OF PIEDMONT",40904,"PROPOSITION NO. 3  CITY OF PIEDMONT",,1,1,1,"FOR THE PROPOSITION - YES",,0,0,0,0,,
4/1/2014,"KINGFISHER","CITY OF PIEDMONT",40904,"PROPOSITION NO. 3  CITY OF PIEDMONT",,1,1,2,"AGAINST THE PROPOSITION - NO",,0,0,0,0,,
4/1/2014,"KINGFISHER","CITY OF PIEDMONT",40905,"PROPOSITION NO. 2  CITY OF PIEDMONT",,1,1,1,"FOR THE PROPOSITION - YES",,0,0,0,0,,
4/1/2014,"KINGFISHER","CITY OF PIEDMONT",40905,"PROPOSITION NO. 2  CITY OF PIEDMONT",,1,1,2,"AGAINST THE PROPOSITION - NO",,0,0,0,0,,
4/1/2014,"KINGFISHER","CITY OF KINGFISHER",43701,"FOR CITY COMMISSIONER  CITY OF KINGFISHER",,3,3,1,"KENNETH DAVIS",,10,39,365,414,,
4/1/2014,"KINGFISHER","CITY OF KINGFISHER",43701,"FOR CITY COMMISSIONER  CITY OF KINGFISHER",,3,3,2,"WILL PINKSTON",,5,14,284,303,,
4/1/2014,"KINGFISHER","CANADIAN VALLEY TECH CENTER",50901,"PROPOSITION  CANADIAN VALLEY TECH CENTER",,1,1,1,"FOR THE PROPOSITION - YES",,0,0,0,0,,
4/1/2014,"KINGFISHER","CANADIAN VALLEY TECH CENTER",50901,"PROPOSITION  CANADIAN VALLEY TECH CENTER",,1,1,2,"AGAINST THE PROPOSITION - NO",,0,0,0,0,,
4/1/2014,"KINGFISHER","DOVER PUBLIC SCHOOLS",53701,"FOR INDEPENDENT SCHOOL BOARD MEMBER OFFICE NO. 4  DOVER PUBLIC SCHOOLS",,6,6,1,"LARRY HARVISTON",,4,0,86,90,,
4/1/2014,"KINGFISHER","DOVER PUBLIC SCHOOLS",53701,"FOR INDEPENDENT SCHOOL BOARD MEMBER OFFICE NO. 4  DOVER PUBLIC SCHOOLS",,6,6,2,"EDITH KENYON PRESTON",,5,4,84,93,,
4/1/2014,"KINGFISHER","KINGFISHER PUBLIC SCHOOLS",53702,"PROPOSITION NO. 1  KINGFISHER PUBLIC SCHOOLS",,10,10,1,"FOR THE PROPOSITION - YES",,8,26,329,363,,
4/1/2014,"KINGFISHER","KINGFISHER PUBLIC SCHOOLS",53702,"PROPOSITION NO. 1  KINGFISHER PUBLIC SCHOOLS",,10,10,2,"AGAINST THE PROPOSITION - NO",,11,59,615,685,,
4/1/2014,"KINGFISHER","KINGFISHER PUBLIC SCHOOLS",53703,"PROPOSITION NO. 2  KINGFISHER PUBLIC SCHOOLS",,10,10,1,"FOR THE PROPOSITION - YES",,11,30,423,464,,
4/1/2014,"KINGFISHER","KINGFISHER PUBLIC SCHOOLS",53703,"PROPOSITION NO. 2  KINGFISHER PUBLIC SCHOOLS",,10,10,2,"AGAINST THE PROPOSITION - NO",,8,55,518,581,,
4/1/2014,"KINGFISHER","OKLAHOMA DEPARTMENT OF ",53704,"PROPOSITION ANNEXATION OF DOVER SCHOOL DISTRICT",,6,6,1,"FOR THE PROPOSITION - YES",,8,3,137,148,,
4/1/2014,"KINGFISHER","OKLAHOMA DEPARTMENT OF ",53704,"PROPOSITION ANNEXATION OF DOVER SCHOOL DISTRICT",,6,6,2,"AGAINST THE PROPOSITION - NO",,1,1,33,35,,
4/1/2014,"LEFLORE","TOWN OF TALIHINA",44001,"FOR TOWN CLERK-TREASURER (UNEXPIRED TERM)  TOWN OF TALIHINA",,2,2,1,"GENA RUSSELL JONES",,0,1,18,19,,
4/1/2014,"LEFLORE","TOWN OF TALIHINA",44001,"FOR TOWN CLERK-TREASURER (UNEXPIRED TERM)  TOWN OF TALIHINA",,2,2,2,"BECKY EDWARDS",,0,0,3,3,,
4/1/2014,"LEFLORE","TOWN OF TALIHINA",44001,"FOR TOWN CLERK-TREASURER (UNEXPIRED TERM)  TOWN OF TALIHINA",,2,2,3,"TREVOR KENT PATTERSON",,0,0,19,19,,
4/1/2014,"LEFLORE","KEOTA PUBLIC SCHOOLS",53101,"PROPOSITION  KEOTA PUBLIC SCHOOLS",,1,1,1,"FOR THE PROPOSITION - YES",,0,0,6,6,,
4/1/2014,"LEFLORE","KEOTA PUBLIC SCHOOLS",53101,"PROPOSITION  KEOTA PUBLIC SCHOOLS",,1,1,2,"AGAINST THE PROPOSITION - NO",,0,0,4,4,,
4/1/2014,"LEFLORE","POCOLA PUBLIC SCHOOLS",54001,"PROPOSITION  POCOLA PUBLIC SCHOOLS",,2,2,1,"FOR THE PROPOSITION - YES",,4,2,342,348,,
4/1/2014,"LEFLORE","POCOLA PUBLIC SCHOOLS",54001,"PROPOSITION  POCOLA PUBLIC SCHOOLS",,2,2,2,"AGAINST THE PROPOSITION - NO",,2,1,272,275,,
4/1/2014,"LINCOLN","PRAGUE PUBLIC SCHOOLS",54101,"FOR INDEPENDENT SCHOOL BOARD MEMBER OFFICE NO. 4  PRAGUE PUBLIC SCHOOLS",,5,5,1,"JUDY HIGHTOWER",,7,0,182,189,,
4/1/2014,"LINCOLN","PRAGUE PUBLIC SCHOOLS",54101,"FOR INDEPENDENT SCHOOL BOARD MEMBER OFFICE NO. 4  PRAGUE PUBLIC SCHOOLS",,5,5,2,"TREY GREGORY",,19,1,333,353,,
4/1/2014,"LINCOLN","WELLSTON PUBLIC SCHOOLS",54102,"FOR INDEPENDENT SCHOOL BOARD MEMBER OFFICE NO. 4  WELLSTON PUBLIC SCHOOLS",,4,4,1,"JUSTIN RACKLEY",,0,0,116,116,,
4/1/2014,"LINCOLN","WELLSTON PUBLIC SCHOOLS",54102,"FOR INDEPENDENT SCHOOL BOARD MEMBER OFFICE NO. 4  WELLSTON PUBLIC SCHOOLS",,4,4,2,"CHUCK BREWER",,4,0,106,110,,
4/1/2014,"LINCOLN","HARRAH PUBLIC SCHOOLS",55501,"PROPOSITION  HARRAH PUBLIC SCHOOLS",,2,2,1,"FOR THE PROPOSITION - YES",,4,1,22,27,,
4/1/2014,"LINCOLN","HARRAH PUBLIC SCHOOLS",55501,"PROPOSITION  HARRAH PUBLIC SCHOOLS",,2,2,2,"AGAINST THE PROPOSITION - NO",,3,0,2,5,,
4/1/2014,"LOGAN","WELLSTON PUBLIC SCHOOLS",54102,"FOR INDEPENDENT SCHOOL BOARD MEMBER OFFICE NO. 4  WELLSTON PUBLIC SCHOOLS",,1,1,1,"JUSTIN RACKLEY",,0,0,0,0,,
4/1/2014,"LOGAN","WELLSTON PUBLIC SCHOOLS",54102,"FOR INDEPENDENT SCHOOL BOARD MEMBER OFFICE NO. 4  WELLSTON PUBLIC SCHOOLS",,1,1,2,"CHUCK BREWER",,0,0,0,0,,
4/1/2014,"MCCLAIN","CANADIAN VALLEY TECH CENTER",50901,"PROPOSITION  CANADIAN VALLEY TECH CENTER",,1,1,1,"FOR THE PROPOSITION - YES",,0,0,0,0,,
4/1/2014,"MCCLAIN","CANADIAN VALLEY TECH CENTER",50901,"PROPOSITION  CANADIAN VALLEY TECH CENTER",,1,1,2,"AGAINST THE PROPOSITION - NO",,0,0,0,0,,
4/1/2014,"MCCLAIN","DIBBLE PUBLIC SCHOOLS",54401,"FOR INDEPENDENT SCHOOL BOARD MEMBER OFFICE NO. 4  DIBBLE PUBLIC SCHOOLS",,6,6,1,"JEFF BURR",,5,1,133,139,,
4/1/2014,"MCCLAIN","DIBBLE PUBLIC SCHOOLS",54401,"FOR INDEPENDENT SCHOOL BOARD MEMBER OFFICE NO. 4  DIBBLE PUBLIC SCHOOLS",,6,6,2,"RICHARD CORLEY",,9,1,75,85,,
4/1/2014,"MCINTOSH","EUFAULA PUBLIC SCHOOLS",54601,"PROPOSITION  EUFAULA PUBLIC SCHOOLS",,6,6,1,"FOR THE PROPOSITION - YES",,4,33,457,494,,
4/1/2014,"MCINTOSH","EUFAULA PUBLIC SCHOOLS",54601,"PROPOSITION  EUFAULA PUBLIC SCHOOLS",,6,6,2,"AGAINST THE PROPOSITION - NO",,7,28,644,679,,
4/1/2014,"MURRAY","CITY OF SULPHUR",45001,"FOR COUNCILMAN WARD 1  CITY OF SULPHUR",,4,4,1,"MITCHELL HULL",,2,13,97,112,,
4/1/2014,"MURRAY","CITY OF SULPHUR",45001,"FOR COUNCILMAN WARD 1  CITY OF SULPHUR",,4,4,2,"DERRICK PRIDDY",,2,32,111,145,,
4/1/2014,"MURRAY","WYNNEWOOD PUBLIC SCHOOLS",52501,"PROPOSITION  WYNNEWOOD PUBLIC SCHOOLS",,2,2,1,"FOR THE PROPOSITION - YES",,4,0,53,57,,
4/1/2014,"MURRAY","WYNNEWOOD PUBLIC SCHOOLS",52501,"PROPOSITION  WYNNEWOOD PUBLIC SCHOOLS",,2,2,2,"AGAINST THE PROPOSITION - NO",,1,0,73,74,,
4/1/2014,"MUSKOGEE","HASKELL PUBLIC SCHOOLS",55101,"FOR INDEPENDENT SCHOOL BOARD MEMBER OFFICE NO. 4  HASKELL PUBLIC SCHOOLS",,5,5,1,"BRIAN LEWIS",,0,0,73,73,,
4/1/2014,"MUSKOGEE","HASKELL PUBLIC SCHOOLS",55101,"FOR INDEPENDENT SCHOOL BOARD MEMBER OFFICE NO. 4  HASKELL PUBLIC SCHOOLS",,5,5,2,"SHERRY BRASHEAR",,2,4,150,156,,
4/1/2014,"NOBLE","CITY OF PERRY",45201,"FOR MAYOR (UNEXPIRED TERM)  CITY OF PERRY",,6,6,1,"GORDON JOHNSON",,11,49,350,410,,
4/1/2014,"NOBLE","CITY OF PERRY",45201,"FOR MAYOR (UNEXPIRED TERM)  CITY OF PERRY",,6,6,2,"MARVIN DEMENT",,10,48,264,322,,
4/1/2014,"NOWATA","CITY OF NOWATA",45302,"FOR COMMISSIONER WARD 2  CITY OF NOWATA",,3,3,1,"FRANKIE V. JONES",,1,3,14,18,,
4/1/2014,"NOWATA","CITY OF NOWATA",45302,"FOR COMMISSIONER WARD 2  CITY OF NOWATA",,3,3,2,"JUDY HESSLEN",,3,1,19,23,,
4/1/2014,"OKLAHOMA","CITY OF HARRAH",45502,"FOR COUNCIL MEMBER, WARD 4  CITY OF HARRAH",,5,5,1,"SAMMY MARTIN",,7,0,309,316,,
4/1/2014,"OKLAHOMA","CITY OF HARRAH",45502,"FOR COUNCIL MEMBER, WARD 4  CITY OF HARRAH",,5,5,2,"CASS SMITH",,8,1,153,162,,
4/1/2014,"OKLAHOMA","CANADIAN VALLEY TECH CENTER",50901,"PROPOSITION  CANADIAN VALLEY TECH CENTER",,9,9,1,"FOR THE PROPOSITION - YES",,15,0,36,51,,
4/1/2014,"OKLAHOMA","CANADIAN VALLEY TECH CENTER",50901,"PROPOSITION  CANADIAN VALLEY TECH CENTER",,9,9,2,"AGAINST THE PROPOSITION - NO",,7,0,7,14,,
4/1/2014,"OKLAHOMA","HARRAH PUBLIC SCHOOLS",55501,"PROPOSITION  HARRAH PUBLIC SCHOOLS",,5,5,1,"FOR THE PROPOSITION - YES",,12,0,616,628,,
4/1/2014,"OKLAHOMA","HARRAH PUBLIC SCHOOLS",55501,"PROPOSITION  HARRAH PUBLIC SCHOOLS",,5,5,2,"AGAINST THE PROPOSITION - NO",,11,1,167,179,,
4/1/2014,"OKMULGEE","CITY OF OKMULGEE",45601,"PROPOSITION  CITY OF OKMULGEE",,13,13,1,"FOR THE PROPOSITION - YES",,22,22,228,272,,
4/1/2014,"OKMULGEE","CITY OF OKMULGEE",45601,"PROPOSITION  CITY OF OKMULGEE",,13,13,2,"AGAINST THE PROPOSITION - NO",,17,25,246,288,,
4/1/2014,"OKMULGEE","HASKELL PUBLIC SCHOOLS",55101,"FOR INDEPENDENT SCHOOL BOARD MEMBER OFFICE NO. 4  HASKELL PUBLIC SCHOOLS",,1,1,1,"BRIAN LEWIS",,0,0,0,0,,
4/1/2014,"OKMULGEE","HASKELL PUBLIC SCHOOLS",55101,"FOR INDEPENDENT SCHOOL BOARD MEMBER OFFICE NO. 4  HASKELL PUBLIC SCHOOLS",,1,1,2,"SHERRY BRASHEAR",,0,0,0,0,,
4/1/2014,"OKMULGEE","BEGGS PUBLIC SCHOOLS",55601,"FOR INDEPENDENT SCHOOL BOARD MEMBER OFFICE NO. 4  BEGGS PUBLIC SCHOOLS",,5,5,1,"DAVID McCOY",,3,2,65,70,,
4/1/2014,"OKMULGEE","BEGGS PUBLIC SCHOOLS",55601,"FOR INDEPENDENT SCHOOL BOARD MEMBER OFFICE NO. 4  BEGGS PUBLIC SCHOOLS",,5,5,2,"MICHAEL SIEGENTHALER",,1,0,94,95,,
4/1/2014,"OSAGE","AVANT PUBLIC SCHOOL",55701,"PROPOSITION NO. 1  AVANT PUBLIC SCHOOL",,5,5,1,"FOR THE PROPOSITION - YES",,1,0,66,67,,
4/1/2014,"OSAGE","AVANT PUBLIC SCHOOL",55701,"PROPOSITION NO. 1  AVANT PUBLIC SCHOOL",,5,5,2,"AGAINST THE PROPOSITION - NO",,0,0,7,7,,
4/1/2014,"OSAGE","AVANT PUBLIC SCHOOL",55702,"PROPOSITION NO. 2  AVANT PUBLIC SCHOOL",,5,5,1,"FOR THE PROPOSITION - YES",,1,0,67,68,,
4/1/2014,"OSAGE","AVANT PUBLIC SCHOOL",55702,"PROPOSITION NO. 2  AVANT PUBLIC SCHOOL",,5,5,2,"AGAINST THE PROPOSITION - NO",,0,0,7,7,,
4/1/2014,"PAWNEE","TOWN OF JENNINGS",45901,"PROPOSITION  TOWN OF JENNINGS",,1,1,1,"FOR THE PROPOSITION - YES",,0,0,30,30,,
4/1/2014,"PAWNEE","TOWN OF JENNINGS",45901,"PROPOSITION  TOWN OF JENNINGS",,1,1,2,"AGAINST THE PROPOSITION - NO",,1,0,10,11,,
4/1/2014,"PAWNEE","CITY OF CLEVELAND",45902,"FOR WARD 2 COUNCILMEMBER  CITY OF CLEVELAND",,2,2,1,"T. KENT COOPER",,0,0,73,73,,
4/1/2014,"PAWNEE","CITY OF CLEVELAND",45902,"FOR WARD 2 COUNCILMEMBER  CITY OF CLEVELAND",,2,2,2,"RONALD L. SHIPMAN",,0,0,28,28,,
4/1/2014,"PAYNE","CITY OF CUSHING",46001,"FOR COMMISSION OFFICE NO. 5  CITY OF CUSHING",,4,4,1,"JIMMIE BEN HOGREFE",,5,2,160,167,,
4/1/2014,"PAYNE","CITY OF CUSHING",46001,"FOR COMMISSION OFFICE NO. 5  CITY OF CUSHING",,4,4,2,"DONALD LEROY AMON JR",,5,4,179,188,,
4/1/2014,"PAYNE","CITY OF PERKINS",46002,"FOR COMMISSIONER NO. 2  CITY OF PERKINS",,1,1,1,"JASON SHILLING",,0,0,47,47,,
4/1/2014,"PAYNE","CITY OF PERKINS",46002,"FOR COMMISSIONER NO. 2  CITY OF PERKINS",,1,1,2,"TEDDY MILLER",,0,0,25,25,,
4/1/2014,"PAYNE","CITY OF PERKINS",46002,"FOR COMMISSIONER NO. 2  CITY OF PERKINS",,1,1,3,"MONICA SAVORY",,0,1,62,63,,
4/1/2014,"PAYNE","CITY OF PERKINS",46003,"FOR COMMISSIONER NO. 4  CITY OF PERKINS",,1,1,1,"JOHN KONRAD",,0,1,77,78,,
4/1/2014,"PAYNE","CITY OF PERKINS",46003,"FOR COMMISSIONER NO. 4  CITY OF PERKINS",,1,1,2,"COURTNEY WARD",,0,0,44,44,,
4/1/2014,"PAYNE","CITY OF PERKINS",46003,"FOR COMMISSIONER NO. 4  CITY OF PERKINS",,1,1,3,"AMBER JOHNSTON",,0,0,18,18,,
4/1/2014,"PAYNE","CITY OF PERKINS",46004,"PROPOSITION NO. 1  CITY OF PERKINS",,1,1,1,"FOR THE PROPOSITION - YES",,0,1,112,113,,
4/1/2014,"PAYNE","CITY OF PERKINS",46004,"PROPOSITION NO. 1  CITY OF PERKINS",,1,1,2,"AGAINST THE PROPOSITION - NO",,0,0,22,22,,
4/1/2014,"PAYNE","CITY OF STILLWATER",46005,"FOR COUNCIL SEAT 3  CITY OF STILLWATER",,21,21,1,"PAT DARLINGTON",,23,128,1562,1713,,
4/1/2014,"PAYNE","CITY OF STILLWATER",46005,"FOR COUNCIL SEAT 3  CITY OF STILLWATER",,21,21,2,"JAY JIBU KURUVILLA",,6,28,287,321,,
4/1/2014,"PAYNE","CITY OF STILLWATER",46006,"FOR COUNCIL SEAT 4  CITY OF STILLWATER",,21,21,1,"CODY GARRY SCOTT",,14,47,775,836,,
4/1/2014,"PAYNE","CITY OF STILLWATER",46006,"FOR COUNCIL SEAT 4  CITY OF STILLWATER",,21,21,2,"MIGUEL R. NAJERA",,14,105,1053,1172,,
4/1/2014,"PAYNE","CITY OF YALE",46007,"FOR COMMISSIONER SEAT NO. 5  CITY OF YALE",,1,1,1,"BRIAN PORTER JR.",,2,0,55,57,,
4/1/2014,"PAYNE","CITY OF YALE",46007,"FOR COMMISSIONER SEAT NO. 5  CITY OF YALE",,1,1,2,"TERRY BAKER",,1,0,58,59,,
4/1/2014,"PITTSBURG","CITY OF KREBS",46101,"PROPOSITION NO. 1  CITY OF KREBS",,6,6,1,"FOR THE PROPOSITION - YES",,1,1,56,58,,
4/1/2014,"PITTSBURG","CITY OF KREBS",46101,"PROPOSITION NO. 1  CITY OF KREBS",,6,6,2,"AGAINST THE PROPOSITION - NO",,0,0,37,37,,
4/1/2014,"PITTSBURG","CITY OF KREBS",46102,"PROPOSITION NO. 2  CITY OF KREBS",,6,6,1,"FOR THE PROPOSITION - YES",,1,1,37,39,,
4/1/2014,"PITTSBURG","CITY OF KREBS",46102,"PROPOSITION NO. 2  CITY OF KREBS",,6,6,2,"AGAINST THE PROPOSITION - NO",,0,0,55,55,,
4/1/2014,"PITTSBURG","CITY OF MCALESTER",46103,"FOR COUNCILMAN WARD 6  CITY OF MCALESTER",,8,8,1,"CLETIS LOWE JR.",,1,6,144,151,,
4/1/2014,"PITTSBURG","CITY OF MCALESTER",46103,"FOR COUNCILMAN WARD 6  CITY OF MCALESTER",,8,8,2,"JASON BARNETT",,0,17,181,198,,
4/1/2014,"PITTSBURG","FRINK-CHAMBERS PUBLIC SCHOOL",56101,"PROPOSITION  FRINK-CHAMBERS PUBLIC SCHOOL",,5,5,1,"FOR THE PROPOSITION - YES",,0,1,57,58,,
4/1/2014,"PITTSBURG","FRINK-CHAMBERS PUBLIC SCHOOL",56101,"PROPOSITION  FRINK-CHAMBERS PUBLIC SCHOOL",,5,5,2,"AGAINST THE PROPOSITION - NO",,0,2,38,40,,
4/1/2014,"PITTSBURG","MCALESTER PUBLIC SCHOOLS",56102,"PROPOSITION  MCALESTER PUBLIC SCHOOLS",,19,19,1,"FOR THE PROPOSITION - YES",,4,80,654,738,,
4/1/2014,"PITTSBURG","MCALESTER PUBLIC SCHOOLS",56102,"PROPOSITION  MCALESTER PUBLIC SCHOOLS",,19,19,2,"AGAINST THE PROPOSITION - NO",,10,38,886,934,,
4/1/2014,"PONTOTOC","TOWN OF ROFF",46203,"FOR BOARD OF TRUSTEES, OFFICE NO. 5 (UNEXPIRED TERM)  TOWN OF ROFF",,1,1,1,"RICKY SUMMERS",,0,0,18,18,,
4/1/2014,"PONTOTOC","TOWN OF ROFF",46203,"FOR BOARD OF TRUSTEES, OFFICE NO. 5 (UNEXPIRED TERM)  TOWN OF ROFF",,1,1,2,"MARK WHITAKER",,1,0,8,9,,
4/1/2014,"PONTOTOC","TOWN OF ROFF",46203,"FOR BOARD OF TRUSTEES, OFFICE NO. 5 (UNEXPIRED TERM)  TOWN OF ROFF",,1,1,3,"JOE McCULLAR",,0,0,30,30,,
4/1/2014,"PONTOTOC","ADA PUBLIC SCHOOLS",56201,"PROPOSITION NO. 1  ADA PUBLIC SCHOOLS",,8,8,1,"FOR THE PROPOSITION - YES",,23,19,681,723,,
4/1/2014,"PONTOTOC","ADA PUBLIC SCHOOLS",56201,"PROPOSITION NO. 1  ADA PUBLIC SCHOOLS",,8,8,2,"AGAINST THE PROPOSITION - NO",,16,18,286,320,,
4/1/2014,"PONTOTOC","ADA PUBLIC SCHOOLS",56202,"PROPOSITION NO. 2  ADA PUBLIC SCHOOLS",,8,8,1,"FOR THE PROPOSITION - YES",,23,22,687,732,,
4/1/2014,"PONTOTOC","ADA PUBLIC SCHOOLS",56202,"PROPOSITION NO. 2  ADA PUBLIC SCHOOLS",,8,8,2,"AGAINST THE PROPOSITION - NO",,16,14,288,318,,
4/1/2014,"POTTAWATOMIE","PRAGUE PUBLIC SCHOOLS",54101,"FOR INDEPENDENT SCHOOL BOARD MEMBER OFFICE NO. 4  PRAGUE PUBLIC SCHOOLS",,2,2,1,"JUDY HIGHTOWER",,5,0,36,41,,
4/1/2014,"POTTAWATOMIE","PRAGUE PUBLIC SCHOOLS",54101,"FOR INDEPENDENT SCHOOL BOARD MEMBER OFFICE NO. 4  PRAGUE PUBLIC SCHOOLS",,2,2,2,"TREY GREGORY",,8,0,28,36,,
4/1/2014,"POTTAWATOMIE","HARRAH PUBLIC SCHOOLS",55501,"PROPOSITION  HARRAH PUBLIC SCHOOLS",,1,1,1,"FOR THE PROPOSITION - YES",,0,0,6,6,,
4/1/2014,"POTTAWATOMIE","HARRAH PUBLIC SCHOOLS",55501,"PROPOSITION  HARRAH PUBLIC SCHOOLS",,1,1,2,"AGAINST THE PROPOSITION - NO",,0,0,0,0,,
4/1/2014,"POTTAWATOMIE","KONAWA PUBLIC SCHOOLS",56702,"FOR INDEPENDENT SCHOOL BOARD MEMBER OFFICE NO. 2 (UNEXPIRED TERM)  KONAWA PUBLIC SCHOOLS",,2,2,1,"KATIE AKERMAN",,1,0,11,12,,
4/1/2014,"POTTAWATOMIE","KONAWA PUBLIC SCHOOLS",56702,"FOR INDEPENDENT SCHOOL BOARD MEMBER OFFICE NO. 2 (UNEXPIRED TERM)  KONAWA PUBLIC SCHOOLS",,2,2,2,"MARION HATTER",,1,0,11,12,,
4/1/2014,"PUSHMATAHA","ANTLERS PUBLIC SCHOOLS",56401,"FOR INDEPENDENT SCHOOL BOARD MEMBER OFFICE NO. 4  ANTLERS PUBLIC SCHOOLS",,10,10,1,"ROBERT BOWMAN",,2,17,313,332,,
4/1/2014,"PUSHMATAHA","ANTLERS PUBLIC SCHOOLS",56401,"FOR INDEPENDENT SCHOOL BOARD MEMBER OFFICE NO. 4  ANTLERS PUBLIC SCHOOLS",,10,10,2,"JOHN F. WOOD",,9,45,243,297,,
4/1/2014,"ROGER MILLS","SAYRE PUBLIC SCHOOLS",50501,"FOR INDEPENDENT SCHOOL BOARD MEMBER OFFICE NO. 4  SAYRE PUBLIC SCHOOLS",,1,1,1,"VICKI HINKLE",,0,2,0,2,,
4/1/2014,"ROGER MILLS","SAYRE PUBLIC SCHOOLS",50501,"FOR INDEPENDENT SCHOOL BOARD MEMBER OFFICE NO. 4  SAYRE PUBLIC SCHOOLS",,1,1,2,"CLINT TAYLOR",,2,1,0,3,,
4/1/2014,"ROGERS","OWASSO PUBLIC SCHOOLS",57201,"PROPOSITION 1  OWASSO PUBLIC SCHOOLS",,7,7,1,"FOR THE PROPOSITION - YES",,14,2,329,345,,
4/1/2014,"ROGERS","OWASSO PUBLIC SCHOOLS",57201,"PROPOSITION 1  OWASSO PUBLIC SCHOOLS",,7,7,2,"AGAINST THE PROPOSITION - NO",,21,2,75,98,,
4/1/2014,"ROGERS","OWASSO PUBLIC SCHOOLS",57202,"PROPOSITION 2  OWASSO PUBLIC SCHOOLS",,7,7,1,"FOR THE PROPOSITION - YES",,14,2,330,346,,
4/1/2014,"ROGERS","OWASSO PUBLIC SCHOOLS",57202,"PROPOSITION 2  OWASSO PUBLIC SCHOOLS",,7,7,2,"AGAINST THE PROPOSITION - NO",,21,2,75,98,,
4/1/2014,"SEMINOLE","KONAWA PUBLIC SCHOOLS",56702,"FOR INDEPENDENT SCHOOL BOARD MEMBER OFFICE NO. 2 (UNEXPIRED TERM)  KONAWA PUBLIC SCHOOLS",,2,2,1,"KATIE AKERMAN",,2,0,80,82,,
4/1/2014,"SEMINOLE","KONAWA PUBLIC SCHOOLS",56702,"FOR INDEPENDENT SCHOOL BOARD MEMBER OFFICE NO. 2 (UNEXPIRED TERM)  KONAWA PUBLIC SCHOOLS",,2,2,2,"MARION HATTER",,3,0,114,117,,
4/1/2014,"SEQUOYAH","CITY OF SALLISAW",46802,"FOR CHIEF OF POLICE  CITY OF SALLISAW",,6,6,1,"TERRY FRANKLIN",,34,140,883,1057,,
4/1/2014,"SEQUOYAH","CITY OF SALLISAW",46802,"FOR CHIEF OF POLICE  CITY OF SALLISAW",,6,6,2,"SANDY GIRDNER",,84,125,768,977,,
4/1/2014,"STEPHENS","CITY OF DUNCAN",46902,"FOR COUNCIL MEMBER WARD 2  CITY OF DUNCAN",,15,15,1,"MIKE NELSON",,17,98,1224,1339,,
4/1/2014,"STEPHENS","CITY OF DUNCAN",46902,"FOR COUNCIL MEMBER WARD 2  CITY OF DUNCAN",,15,15,2,"BILL SCHNEEKLOTH",,5,40,562,607,,
4/1/2014,"STEPHENS","CITY OF DUNCAN",46902,"FOR COUNCIL MEMBER WARD 2  CITY OF DUNCAN",,15,15,3,"CHRISTOPHER SCHRECKENGOST",,10,69,874,953,,
4/1/2014,"STEPHENS","CITY OF DUNCAN",46903,"PROPOSITION  CITY OF DUNCAN",,15,15,1,"FOR THE PROPOSITION - YES",,32,162,1913,2107,,
4/1/2014,"STEPHENS","CITY OF DUNCAN",46903,"PROPOSITION  CITY OF DUNCAN",,15,15,2,"AGAINST THE PROPOSITION - NO",,3,44,818,865,,
4/1/2014,"STEPHENS","FOX PUBLIC SCHOOLS",51001,"PROPOSITION  FOX PUBLIC SCHOOLS",,2,2,1,"FOR THE PROPOSITION - YES",,0,0,0,0,,
4/1/2014,"STEPHENS","FOX PUBLIC SCHOOLS",51001,"PROPOSITION  FOX PUBLIC SCHOOLS",,2,2,2,"AGAINST THE PROPOSITION - NO",,0,0,0,0,,
4/1/2014,"TULSA","TULSA COUNTY",30004,"PROPOSITION NO. 1",,262,262,1,"FOR THE PROPOSITION - YES",,1118,349,18926,20393,,
4/1/2014,"TULSA","TULSA COUNTY",30004,"PROPOSITION NO. 1",,262,262,2,"AGAINST THE PROPOSITION - NO",,528,119,7988,8635,,
4/1/2014,"TULSA","TULSA COUNTY",30005,"PROPOSITION NO. 2",,262,262,1,"FOR THE PROPOSITION - YES",,1084,321,17906,19311,,
4/1/2014,"TULSA","TULSA COUNTY",30005,"PROPOSITION NO. 2",,262,262,2,"AGAINST THE PROPOSITION - NO",,577,147,9039,9763,,
4/1/2014,"TULSA","CITY OF SAPULPA",41901,"PROPOSITION  CITY OF SAPULPA",,2,2,1,"FOR THE PROPOSITION - YES",,0,0,0,0,,
4/1/2014,"TULSA","CITY OF SAPULPA",41901,"PROPOSITION  CITY OF SAPULPA",,2,2,2,"AGAINST THE PROPOSITION - NO",,0,0,0,0,,
4/1/2014,"TULSA","CITY OF BIXBY",47201,"FOR COUNCIL MEMBER WARD 4  CITY OF BIXBY",,7,7,1,"RAY BOWEN",,6,0,210,216,,
4/1/2014,"TULSA","CITY OF BIXBY",47201,"FOR COUNCIL MEMBER WARD 4  CITY OF BIXBY",,7,7,2,"RICHIE STEWART",,5,3,218,226,,
4/1/2014,"TULSA","CITY OF SAND SPRINGS",47203,"FOR CITY COUNCILMEMBER, WARD 4  CITY OF SAND SPRINGS",,2,2,1,"NANCY RILEY",,2,1,85,88,,
4/1/2014,"TULSA","CITY OF SAND SPRINGS",47203,"FOR CITY COUNCILMEMBER, WARD 4  CITY OF SAND SPRINGS",,2,2,2,"JOHN M. FOTHERGILL",,2,4,138,144,,
4/1/2014,"TULSA","OWASSO PUBLIC SCHOOLS",57201,"PROPOSITION 1  OWASSO PUBLIC SCHOOLS",,17,17,1,"FOR THE PROPOSITION - YES",,26,5,1222,1253,,
4/1/2014,"TULSA","OWASSO PUBLIC SCHOOLS",57201,"PROPOSITION 1  OWASSO PUBLIC SCHOOLS",,17,17,2,"AGAINST THE PROPOSITION - NO",,15,3,447,465,,
4/1/2014,"TULSA","OWASSO PUBLIC SCHOOLS",57202,"PROPOSITION 2  OWASSO PUBLIC SCHOOLS",,17,17,1,"FOR THE PROPOSITION - YES",,23,5,1207,1235,,
4/1/2014,"TULSA","OWASSO PUBLIC SCHOOLS",57202,"PROPOSITION 2  OWASSO PUBLIC SCHOOLS",,17,17,2,"AGAINST THE PROPOSITION - NO",,18,3,468,489,,
4/1/2014,"TULSA","TULSA PUBLIC SCHOOLS",57203,"FOR INDEPENDENT SCHOOL BOARD MEMBER OFFICE NO. 4  TULSA PUBLIC SCHOOLS",,19,19,1,"SHAWNA KELLER",,40,14,990,1044,,
4/1/2014,"TULSA","TULSA PUBLIC SCHOOLS",57203,"FOR INDEPENDENT SCHOOL BOARD MEMBER OFFICE NO. 4  TULSA PUBLIC SCHOOLS",,19,19,2,"BOBBIE GRAY-ELLIOTT",,27,13,522,562,,
4/1/2014,"WAGONER","CITY OF BIXBY",47201,"FOR COUNCIL MEMBER WARD 4  CITY OF BIXBY",,1,1,1,"RAY BOWEN",,0,0,2,2,,
4/1/2014,"WAGONER","CITY OF BIXBY",47201,"FOR COUNCIL MEMBER WARD 4  CITY OF BIXBY",,1,1,2,"RICHIE STEWART",,0,0,15,15,,
4/1/2014,"WAGONER","HASKELL PUBLIC SCHOOLS",55101,"FOR INDEPENDENT SCHOOL BOARD MEMBER OFFICE NO. 4  HASKELL PUBLIC SCHOOLS",,2,2,1,"BRIAN LEWIS",,0,0,7,7,,
4/1/2014,"WAGONER","HASKELL PUBLIC SCHOOLS",55101,"FOR INDEPENDENT SCHOOL BOARD MEMBER OFFICE NO. 4  HASKELL PUBLIC SCHOOLS",,2,2,2,"SHERRY BRASHEAR",,0,0,20,20,,
4/1/2014,"WAGONER","TULSA PUBLIC SCHOOLS",57203,"FOR INDEPENDENT SCHOOL BOARD MEMBER OFFICE NO. 4  TULSA PUBLIC SCHOOLS",,1,1,1,"SHAWNA KELLER",,0,0,2,2,,
4/1/2014,"WAGONER","TULSA PUBLIC SCHOOLS",57203,"FOR INDEPENDENT SCHOOL BOARD MEMBER OFFICE NO. 4  TULSA PUBLIC SCHOOLS",,1,1,2,"BOBBIE GRAY-ELLIOTT",,0,0,0,0,,
4/1/2014,"WAGONER","COWETA PUBLIC SCHOOLS",57301,"PROPOSITION NO. 1  COWETA PUBLIC SCHOOLS",,12,12,1,"FOR THE PROPOSITION - YES",,7,3,808,818,,
4/1/2014,"WAGONER","COWETA PUBLIC SCHOOLS",57301,"PROPOSITION NO. 1  COWETA PUBLIC SCHOOLS",,12,12,2,"AGAINST THE PROPOSITION - NO",,5,2,186,193,,
4/1/2014,"WAGONER","COWETA PUBLIC SCHOOLS",57302,"PROPOSITION NO. 2  COWETA PUBLIC SCHOOLS",,12,12,1,"FOR THE PROPOSITION - YES",,7,4,802,813,,
4/1/2014,"WAGONER","COWETA PUBLIC SCHOOLS",57302,"PROPOSITION NO. 2  COWETA PUBLIC SCHOOLS",,12,12,2,"AGAINST THE PROPOSITION - NO",,5,1,192,198,,
4/1/2014,"WASHINGTON","CITY OF DEWEY",47402,"FOR COUNCILMEMBER WARD 1  CITY OF DEWEY",,3,3,1,"KATARINA M. RAU",,0,1,35,36,,
4/1/2014,"WASHINGTON","CITY OF DEWEY",47402,"FOR COUNCILMEMBER WARD 1  CITY OF DEWEY",,3,3,2,"WAYNE SELL",,0,3,53,56,,
4/1/2014,"WOODWARD","CITY OF WOODWARD",47703,"FOR CITY COMMISSIONER AT LARGE  CITY OF WOODWARD",,8,8,1,"JOHN NICHOLAS MUELLER",,2,10,62,74,,
4/1/2014,"WOODWARD","CITY OF WOODWARD",47703,"FOR CITY COMMISSIONER AT LARGE  CITY OF WOODWARD",,8,8,2,"STEVE BOGDAHN",,6,17,196,219,,
