elec_date,precinct,entity_description,race_number,race_description,race_party,tot_race_prec,race_prec_reporting,cand_number,cand_name,cand_party,cand_absmail_votes,cand_early_votes,cand_elecday_votes,cand_tot_votes,race_county_owner
6/9/2015,"090106","MAPLE PUBLIC SCHOOL ELEMENTARY SCHOOL DISTRICT NO. 162",50901,"PROPOSITION  MAPLE PUBLIC SCHOOL",,5,5,1,"FOR THE PROPOSITION - YES",,0,0,0,0,,
6/9/2015,"090106","MAPLE PUBLIC SCHOOL ELEMENTARY SCHOOL DISTRICT NO. 162",50901,"PROPOSITION  MAPLE PUBLIC SCHOOL",,5,5,2,"AGAINST THE PROPOSITION - NO",,0,0,0,0,,
6/9/2015,"090107","MAPLE PUBLIC SCHOOL ELEMENTARY SCHOOL DISTRICT NO. 162",50901,"PROPOSITION  MAPLE PUBLIC SCHOOL",,5,5,1,"FOR THE PROPOSITION - YES",,0,0,20,20,,
6/9/2015,"090107","MAPLE PUBLIC SCHOOL ELEMENTARY SCHOOL DISTRICT NO. 162",50901,"PROPOSITION  MAPLE PUBLIC SCHOOL",,5,5,2,"AGAINST THE PROPOSITION - NO",,0,0,6,6,,
6/9/2015,"090404","MAPLE PUBLIC SCHOOL ELEMENTARY SCHOOL DISTRICT NO. 162",50901,"PROPOSITION  MAPLE PUBLIC SCHOOL",,5,5,1,"FOR THE PROPOSITION - YES",,2,2,38,42,,
6/9/2015,"090404","MAPLE PUBLIC SCHOOL ELEMENTARY SCHOOL DISTRICT NO. 162",50901,"PROPOSITION  MAPLE PUBLIC SCHOOL",,5,5,2,"AGAINST THE PROPOSITION - NO",,2,1,32,35,,
6/9/2015,"090406","MAPLE PUBLIC SCHOOL ELEMENTARY SCHOOL DISTRICT NO. 162",50901,"PROPOSITION  MAPLE PUBLIC SCHOOL",,5,5,1,"FOR THE PROPOSITION - YES",,0,0,0,0,,
6/9/2015,"090406","MAPLE PUBLIC SCHOOL ELEMENTARY SCHOOL DISTRICT NO. 162",50901,"PROPOSITION  MAPLE PUBLIC SCHOOL",,5,5,2,"AGAINST THE PROPOSITION - NO",,0,0,0,0,,
6/9/2015,"090408","MAPLE PUBLIC SCHOOL ELEMENTARY SCHOOL DISTRICT NO. 162",50901,"PROPOSITION  MAPLE PUBLIC SCHOOL",,5,5,1,"FOR THE PROPOSITION - YES",,0,0,0,0,,
6/9/2015,"090408","MAPLE PUBLIC SCHOOL ELEMENTARY SCHOOL DISTRICT NO. 162",50901,"PROPOSITION  MAPLE PUBLIC SCHOOL",,5,5,2,"AGAINST THE PROPOSITION - NO",,0,0,0,0,,
6/9/2015,"160001","CITY OF LAWTON",41601,"FOR MAYOR  CITY OF LAWTON",,28,28,1,"SHERENE L. WILLIAMS",,5,7,108,120,,
6/9/2015,"160001","CITY OF LAWTON",41601,"FOR MAYOR  CITY OF LAWTON",,28,28,2,"FRED FITCH",,8,15,152,175,,
6/9/2015,"160002","CITY OF LAWTON",41601,"FOR MAYOR  CITY OF LAWTON",,28,28,1,"SHERENE L. WILLIAMS",,2,5,93,100,,
6/9/2015,"160002","CITY OF LAWTON",41601,"FOR MAYOR  CITY OF LAWTON",,28,28,2,"FRED FITCH",,4,4,113,121,,
6/9/2015,"160003","CITY OF LAWTON",41601,"FOR MAYOR  CITY OF LAWTON",,28,28,1,"SHERENE L. WILLIAMS",,2,4,90,96,,
6/9/2015,"160003","CITY OF LAWTON",41601,"FOR MAYOR  CITY OF LAWTON",,28,28,2,"FRED FITCH",,1,4,80,85,,
6/9/2015,"160003","CITY OF LAWTON",41602,"FOR COUNCIL MEMBER WARD 1  CITY OF LAWTON",,4,4,1,"LARRY WALLS",,0,3,49,52,,
6/9/2015,"160003","CITY OF LAWTON",41602,"FOR COUNCIL MEMBER WARD 1  CITY OF LAWTON",,4,4,2,"ROBERT BOYD MORFORD, III",,3,2,65,70,,
6/9/2015,"160003","CITY OF LAWTON",41602,"FOR COUNCIL MEMBER WARD 1  CITY OF LAWTON",,4,4,3,"ANDREW HAYES",,0,3,54,57,,
6/9/2015,"160007","CITY OF LAWTON",41601,"FOR MAYOR  CITY OF LAWTON",,28,28,1,"SHERENE L. WILLIAMS",,1,3,81,85,,
6/9/2015,"160007","CITY OF LAWTON",41601,"FOR MAYOR  CITY OF LAWTON",,28,28,2,"FRED FITCH",,3,9,111,123,,
6/9/2015,"160008","CITY OF LAWTON",41601,"FOR MAYOR  CITY OF LAWTON",,28,28,1,"SHERENE L. WILLIAMS",,6,17,110,133,,
6/9/2015,"160008","CITY OF LAWTON",41601,"FOR MAYOR  CITY OF LAWTON",,28,28,2,"FRED FITCH",,5,17,172,194,,
6/9/2015,"160009","CITY OF LAWTON",41601,"FOR MAYOR  CITY OF LAWTON",,28,28,1,"SHERENE L. WILLIAMS",,1,15,109,125,,
6/9/2015,"160009","CITY OF LAWTON",41601,"FOR MAYOR  CITY OF LAWTON",,28,28,2,"FRED FITCH",,0,13,103,116,,
6/9/2015,"160011","CITY OF LAWTON",41601,"FOR MAYOR  CITY OF LAWTON",,28,28,1,"SHERENE L. WILLIAMS",,2,7,81,90,,
6/9/2015,"160011","CITY OF LAWTON",41601,"FOR MAYOR  CITY OF LAWTON",,28,28,2,"FRED FITCH",,2,4,74,80,,
6/9/2015,"160013","CITY OF LAWTON",41601,"FOR MAYOR  CITY OF LAWTON",,28,28,1,"SHERENE L. WILLIAMS",,8,5,115,128,,
6/9/2015,"160013","CITY OF LAWTON",41601,"FOR MAYOR  CITY OF LAWTON",,28,28,2,"FRED FITCH",,6,10,142,158,,
6/9/2015,"160013","CITY OF LAWTON",41603,"FOR COUNCIL MEMBER WARD 2  CITY OF LAWTON",,6,6,1,"KEITH JACKSON",,10,8,169,187,,
6/9/2015,"160013","CITY OF LAWTON",41603,"FOR COUNCIL MEMBER WARD 2  CITY OF LAWTON",,6,6,2,"MARK MALONE",,4,7,86,97,,
6/9/2015,"160014","CITY OF LAWTON",41601,"FOR MAYOR  CITY OF LAWTON",,28,28,1,"SHERENE L. WILLIAMS",,0,0,1,1,,
6/9/2015,"160014","CITY OF LAWTON",41601,"FOR MAYOR  CITY OF LAWTON",,28,28,2,"FRED FITCH",,0,0,0,0,,
6/9/2015,"160014","CITY OF LAWTON",41603,"FOR COUNCIL MEMBER WARD 2  CITY OF LAWTON",,6,6,1,"KEITH JACKSON",,0,0,0,0,,
6/9/2015,"160014","CITY OF LAWTON",41603,"FOR COUNCIL MEMBER WARD 2  CITY OF LAWTON",,6,6,2,"MARK MALONE",,0,0,1,1,,
6/9/2015,"160015","CITY OF LAWTON",41601,"FOR MAYOR  CITY OF LAWTON",,28,28,1,"SHERENE L. WILLIAMS",,1,12,100,113,,
6/9/2015,"160015","CITY OF LAWTON",41601,"FOR MAYOR  CITY OF LAWTON",,28,28,2,"FRED FITCH",,9,12,129,150,,
6/9/2015,"160015","CITY OF LAWTON",41602,"FOR COUNCIL MEMBER WARD 1  CITY OF LAWTON",,4,4,1,"LARRY WALLS",,1,5,34,40,,
6/9/2015,"160015","CITY OF LAWTON",41602,"FOR COUNCIL MEMBER WARD 1  CITY OF LAWTON",,4,4,2,"ROBERT BOYD MORFORD, III",,8,12,136,156,,
6/9/2015,"160015","CITY OF LAWTON",41602,"FOR COUNCIL MEMBER WARD 1  CITY OF LAWTON",,4,4,3,"ANDREW HAYES",,1,6,54,61,,
6/9/2015,"160017","CITY OF LAWTON",41601,"FOR MAYOR  CITY OF LAWTON",,28,28,1,"SHERENE L. WILLIAMS",,4,7,78,89,,
6/9/2015,"160017","CITY OF LAWTON",41601,"FOR MAYOR  CITY OF LAWTON",,28,28,2,"FRED FITCH",,3,18,170,191,,
6/9/2015,"160017","CITY OF LAWTON",41602,"FOR COUNCIL MEMBER WARD 1  CITY OF LAWTON",,4,4,1,"LARRY WALLS",,0,0,17,17,,
6/9/2015,"160017","CITY OF LAWTON",41602,"FOR COUNCIL MEMBER WARD 1  CITY OF LAWTON",,4,4,2,"ROBERT BOYD MORFORD, III",,0,2,34,36,,
6/9/2015,"160017","CITY OF LAWTON",41602,"FOR COUNCIL MEMBER WARD 1  CITY OF LAWTON",,4,4,3,"ANDREW HAYES",,1,0,8,9,,
6/9/2015,"160019","CITY OF LAWTON",41601,"FOR MAYOR  CITY OF LAWTON",,28,28,1,"SHERENE L. WILLIAMS",,0,7,74,81,,
6/9/2015,"160019","CITY OF LAWTON",41601,"FOR MAYOR  CITY OF LAWTON",,28,28,2,"FRED FITCH",,1,3,111,115,,
6/9/2015,"160019","CITY OF LAWTON",41603,"FOR COUNCIL MEMBER WARD 2  CITY OF LAWTON",,6,6,1,"KEITH JACKSON",,0,6,125,131,,
6/9/2015,"160019","CITY OF LAWTON",41603,"FOR COUNCIL MEMBER WARD 2  CITY OF LAWTON",,6,6,2,"MARK MALONE",,1,4,59,64,,
6/9/2015,"160020","CITY OF LAWTON",41601,"FOR MAYOR  CITY OF LAWTON",,28,28,1,"SHERENE L. WILLIAMS",,1,6,64,71,,
6/9/2015,"160020","CITY OF LAWTON",41601,"FOR MAYOR  CITY OF LAWTON",,28,28,2,"FRED FITCH",,4,6,67,77,,
6/9/2015,"160021","CITY OF LAWTON",41601,"FOR MAYOR  CITY OF LAWTON",,28,28,1,"SHERENE L. WILLIAMS",,0,8,57,65,,
6/9/2015,"160021","CITY OF LAWTON",41601,"FOR MAYOR  CITY OF LAWTON",,28,28,2,"FRED FITCH",,1,4,74,79,,
6/9/2015,"160025","CITY OF LAWTON",41601,"FOR MAYOR  CITY OF LAWTON",,28,28,1,"SHERENE L. WILLIAMS",,2,3,91,96,,
6/9/2015,"160025","CITY OF LAWTON",41601,"FOR MAYOR  CITY OF LAWTON",,28,28,2,"FRED FITCH",,2,0,14,16,,
6/9/2015,"160026","CITY OF LAWTON",41601,"FOR MAYOR  CITY OF LAWTON",,28,28,1,"SHERENE L. WILLIAMS",,0,1,24,25,,
6/9/2015,"160026","CITY OF LAWTON",41601,"FOR MAYOR  CITY OF LAWTON",,28,28,2,"FRED FITCH",,1,0,47,48,,
6/9/2015,"160027","CITY OF LAWTON",41601,"FOR MAYOR  CITY OF LAWTON",,28,28,1,"SHERENE L. WILLIAMS",,2,1,32,35,,
6/9/2015,"160027","CITY OF LAWTON",41601,"FOR MAYOR  CITY OF LAWTON",,28,28,2,"FRED FITCH",,1,0,18,19,,
6/9/2015,"160029","CITY OF LAWTON",41601,"FOR MAYOR  CITY OF LAWTON",,28,28,1,"SHERENE L. WILLIAMS",,0,5,77,82,,
6/9/2015,"160029","CITY OF LAWTON",41601,"FOR MAYOR  CITY OF LAWTON",,28,28,2,"FRED FITCH",,0,1,12,13,,
6/9/2015,"160030","CITY OF LAWTON",41601,"FOR MAYOR  CITY OF LAWTON",,28,28,1,"SHERENE L. WILLIAMS",,0,5,41,46,,
6/9/2015,"160030","CITY OF LAWTON",41601,"FOR MAYOR  CITY OF LAWTON",,28,28,2,"FRED FITCH",,0,0,39,39,,
6/9/2015,"160030","CITY OF LAWTON",41603,"FOR COUNCIL MEMBER WARD 2  CITY OF LAWTON",,6,6,1,"KEITH JACKSON",,0,3,59,62,,
6/9/2015,"160030","CITY OF LAWTON",41603,"FOR COUNCIL MEMBER WARD 2  CITY OF LAWTON",,6,6,2,"MARK MALONE",,0,2,21,23,,
6/9/2015,"160031","CITY OF LAWTON",41601,"FOR MAYOR  CITY OF LAWTON",,28,28,1,"SHERENE L. WILLIAMS",,1,11,118,130,,
6/9/2015,"160031","CITY OF LAWTON",41601,"FOR MAYOR  CITY OF LAWTON",,28,28,2,"FRED FITCH",,10,40,306,356,,
6/9/2015,"160031","CITY OF LAWTON",41603,"FOR COUNCIL MEMBER WARD 2  CITY OF LAWTON",,6,6,1,"KEITH JACKSON",,2,10,94,106,,
6/9/2015,"160031","CITY OF LAWTON",41603,"FOR COUNCIL MEMBER WARD 2  CITY OF LAWTON",,6,6,2,"MARK MALONE",,3,5,29,37,,
6/9/2015,"160032","CITY OF LAWTON",41601,"FOR MAYOR  CITY OF LAWTON",,28,28,1,"SHERENE L. WILLIAMS",,0,1,21,22,,
6/9/2015,"160032","CITY OF LAWTON",41601,"FOR MAYOR  CITY OF LAWTON",,28,28,2,"FRED FITCH",,0,0,5,5,,
6/9/2015,"160032","CITY OF LAWTON",41603,"FOR COUNCIL MEMBER WARD 2  CITY OF LAWTON",,6,6,1,"KEITH JACKSON",,0,0,0,0,,
6/9/2015,"160032","CITY OF LAWTON",41603,"FOR COUNCIL MEMBER WARD 2  CITY OF LAWTON",,6,6,2,"MARK MALONE",,0,0,0,0,,
6/9/2015,"160033","CITY OF LAWTON",41601,"FOR MAYOR  CITY OF LAWTON",,28,28,1,"SHERENE L. WILLIAMS",,4,2,30,36,,
6/9/2015,"160033","CITY OF LAWTON",41601,"FOR MAYOR  CITY OF LAWTON",,28,28,2,"FRED FITCH",,3,3,49,55,,
6/9/2015,"160034","CITY OF LAWTON",41601,"FOR MAYOR  CITY OF LAWTON",,28,28,1,"SHERENE L. WILLIAMS",,2,13,115,130,,
6/9/2015,"160034","CITY OF LAWTON",41601,"FOR MAYOR  CITY OF LAWTON",,28,28,2,"FRED FITCH",,5,15,125,145,,
6/9/2015,"160042","CITY OF LAWTON",41601,"FOR MAYOR  CITY OF LAWTON",,28,28,1,"SHERENE L. WILLIAMS",,0,0,0,0,,
6/9/2015,"160042","CITY OF LAWTON",41601,"FOR MAYOR  CITY OF LAWTON",,28,28,2,"FRED FITCH",,0,0,0,0,,
6/9/2015,"160043","CITY OF LAWTON",41601,"FOR MAYOR  CITY OF LAWTON",,28,28,1,"SHERENE L. WILLIAMS",,0,0,2,2,,
6/9/2015,"160043","CITY OF LAWTON",41601,"FOR MAYOR  CITY OF LAWTON",,28,28,2,"FRED FITCH",,0,2,12,14,,
6/9/2015,"160045","CITY OF LAWTON",41601,"FOR MAYOR  CITY OF LAWTON",,28,28,1,"SHERENE L. WILLIAMS",,0,1,1,2,,
6/9/2015,"160045","CITY OF LAWTON",41601,"FOR MAYOR  CITY OF LAWTON",,28,28,2,"FRED FITCH",,1,3,3,7,,
6/9/2015,"160050","CITY OF LAWTON",41601,"FOR MAYOR  CITY OF LAWTON",,28,28,1,"SHERENE L. WILLIAMS",,2,9,113,124,,
6/9/2015,"160050","CITY OF LAWTON",41601,"FOR MAYOR  CITY OF LAWTON",,28,28,2,"FRED FITCH",,6,17,235,258,,
6/9/2015,"160051","CITY OF LAWTON",41601,"FOR MAYOR  CITY OF LAWTON",,28,28,1,"SHERENE L. WILLIAMS",,0,0,0,0,,
6/9/2015,"160051","CITY OF LAWTON",41601,"FOR MAYOR  CITY OF LAWTON",,28,28,2,"FRED FITCH",,0,0,0,0,,
6/9/2015,"160051","CITY OF LAWTON",41602,"FOR COUNCIL MEMBER WARD 1  CITY OF LAWTON",,4,4,1,"LARRY WALLS",,0,0,0,0,,
6/9/2015,"160051","CITY OF LAWTON",41602,"FOR COUNCIL MEMBER WARD 1  CITY OF LAWTON",,4,4,2,"ROBERT BOYD MORFORD, III",,0,0,0,0,,
6/9/2015,"160051","CITY OF LAWTON",41602,"FOR COUNCIL MEMBER WARD 1  CITY OF LAWTON",,4,4,3,"ANDREW HAYES",,0,0,0,0,,
6/9/2015,"200018","CITY OF WEATHERFORD",42001,"PROPOSITION  CITY OF WEATHERFORD",,4,4,1,"FOR THE PROPOSITION - YES",,6,0,6,12,,
6/9/2015,"200018","CITY OF WEATHERFORD",42001,"PROPOSITION  CITY OF WEATHERFORD",,4,4,2,"AGAINST THE PROPOSITION - NO",,0,0,12,12,,
6/9/2015,"200019","CITY OF WEATHERFORD",42001,"PROPOSITION  CITY OF WEATHERFORD",,4,4,1,"FOR THE PROPOSITION - YES",,9,3,18,30,,
6/9/2015,"200019","CITY OF WEATHERFORD",42001,"PROPOSITION  CITY OF WEATHERFORD",,4,4,2,"AGAINST THE PROPOSITION - NO",,3,0,27,30,,
6/9/2015,"200020","CITY OF WEATHERFORD",42001,"PROPOSITION  CITY OF WEATHERFORD",,4,4,1,"FOR THE PROPOSITION - YES",,0,0,21,21,,
6/9/2015,"200020","CITY OF WEATHERFORD",42001,"PROPOSITION  CITY OF WEATHERFORD",,4,4,2,"AGAINST THE PROPOSITION - NO",,0,0,13,13,,
6/9/2015,"200021","CITY OF WEATHERFORD",42001,"PROPOSITION  CITY OF WEATHERFORD",,4,4,1,"FOR THE PROPOSITION - YES",,5,0,10,15,,
6/9/2015,"200021","CITY OF WEATHERFORD",42001,"PROPOSITION  CITY OF WEATHERFORD",,4,4,2,"AGAINST THE PROPOSITION - NO",,0,0,7,7,,
6/9/2015,"270011","GRANT COUNTY",30001,"PROPOSITION",,7,7,1,"FOR THE PROPOSITION - YES",,0,1,6,7,GRANT
6/9/2015,"270011","GRANT COUNTY",30001,"PROPOSITION",,7,7,2,"AGAINST THE PROPOSITION - NO",,0,1,1,2,GRANT
6/9/2015,"270017","GRANT COUNTY",30001,"PROPOSITION",,7,7,1,"FOR THE PROPOSITION - YES",,1,1,9,11,GRANT
6/9/2015,"270017","GRANT COUNTY",30001,"PROPOSITION",,7,7,2,"AGAINST THE PROPOSITION - NO",,3,0,3,6,GRANT
6/9/2015,"270023","GRANT COUNTY",30001,"PROPOSITION",,7,7,1,"FOR THE PROPOSITION - YES",,2,2,82,86,GRANT
6/9/2015,"270023","GRANT COUNTY",30001,"PROPOSITION",,7,7,2,"AGAINST THE PROPOSITION - NO",,2,1,18,21,GRANT
6/9/2015,"270025","GRANT COUNTY",30001,"PROPOSITION",,7,7,1,"FOR THE PROPOSITION - YES",,3,1,14,18,GRANT
6/9/2015,"270025","GRANT COUNTY",30001,"PROPOSITION",,7,7,2,"AGAINST THE PROPOSITION - NO",,7,0,6,13,GRANT
6/9/2015,"270026","GRANT COUNTY",30001,"PROPOSITION",,7,7,1,"FOR THE PROPOSITION - YES",,1,1,16,18,GRANT
6/9/2015,"270026","GRANT COUNTY",30001,"PROPOSITION",,7,7,2,"AGAINST THE PROPOSITION - NO",,0,0,8,8,GRANT
6/9/2015,"270029","GRANT COUNTY",30001,"PROPOSITION",,7,7,1,"FOR THE PROPOSITION - YES",,0,4,5,9,GRANT
6/9/2015,"270029","GRANT COUNTY",30001,"PROPOSITION",,7,7,2,"AGAINST THE PROPOSITION - NO",,0,3,19,22,GRANT
6/9/2015,"270030","GRANT COUNTY",30001,"PROPOSITION",,7,7,1,"FOR THE PROPOSITION - YES",,1,2,15,18,GRANT
6/9/2015,"270030","GRANT COUNTY",30001,"PROPOSITION",,7,7,2,"AGAINST THE PROPOSITION - NO",,1,7,29,37,GRANT
6/9/2015,"320011","CITY OF HOLDENVILLE",43201,"PROPOSITION  CITY OF HOLDENVILLE",,4,4,1,"FOR THE PROPOSITION - YES",,4,6,91,101,,
6/9/2015,"320011","CITY OF HOLDENVILLE",43201,"PROPOSITION  CITY OF HOLDENVILLE",,4,4,2,"AGAINST THE PROPOSITION - NO",,0,2,7,9,,
6/9/2015,"320012","CITY OF HOLDENVILLE",43201,"PROPOSITION  CITY OF HOLDENVILLE",,4,4,1,"FOR THE PROPOSITION - YES",,3,2,27,32,,
6/9/2015,"320012","CITY OF HOLDENVILLE",43201,"PROPOSITION  CITY OF HOLDENVILLE",,4,4,2,"AGAINST THE PROPOSITION - NO",,0,0,2,2,,
6/9/2015,"320021","CITY OF HOLDENVILLE",43201,"PROPOSITION  CITY OF HOLDENVILLE",,4,4,1,"FOR THE PROPOSITION - YES",,2,2,32,36,,
6/9/2015,"320021","CITY OF HOLDENVILLE",43201,"PROPOSITION  CITY OF HOLDENVILLE",,4,4,2,"AGAINST THE PROPOSITION - NO",,2,0,2,4,,
6/9/2015,"320035","CITY OF HOLDENVILLE",43201,"PROPOSITION  CITY OF HOLDENVILLE",,4,4,1,"FOR THE PROPOSITION - YES",,5,10,94,109,,
6/9/2015,"320035","CITY OF HOLDENVILLE",43201,"PROPOSITION  CITY OF HOLDENVILLE",,4,4,2,"AGAINST THE PROPOSITION - NO",,0,0,17,17,,
6/9/2015,"340006","TOWN OF RYAN",43401,"FOR BOARD OF TRUSTEES  TOWN OF RYAN",,1,1,1,"DAVID JACKSON",,0,2,74,76,,
6/9/2015,"340006","TOWN OF RYAN",43401,"FOR BOARD OF TRUSTEES  TOWN OF RYAN",,1,1,2,"BILL McMANUS",,0,0,22,22,,
6/9/2015,"340006","TOWN OF RYAN",43401,"FOR BOARD OF TRUSTEES  TOWN OF RYAN",,1,1,3,"TAMMY WALLACE HUSKEY",,0,0,11,11,,
6/9/2015,"340006","TOWN OF RYAN",43401,"FOR BOARD OF TRUSTEES  TOWN OF RYAN",,1,1,4,"TERRY GRANTHAM",,2,1,62,65,,
6/9/2015,"340006","TOWN OF RYAN",43401,"FOR BOARD OF TRUSTEES  TOWN OF RYAN",,1,1,5,"ELMER HELLOMS",,0,0,42,42,,
6/9/2015,"340006","TOWN OF RYAN",43401,"FOR BOARD OF TRUSTEES  TOWN OF RYAN",,1,1,6,"JERRY G. DALTON",,1,0,58,59,,
6/9/2015,"340006","TOWN OF RYAN",43402,"FOR BOARD OF TRUSTEES (UNEXPIRED TERM)  TOWN OF RYAN",,1,1,1,"BRENDA L ADEN",,0,1,46,47,,
6/9/2015,"340006","TOWN OF RYAN",43402,"FOR BOARD OF TRUSTEES (UNEXPIRED TERM)  TOWN OF RYAN",,1,1,2,"TAMMY COTTON",,0,1,56,57,,
6/9/2015,"340006","TOWN OF RYAN",43402,"FOR BOARD OF TRUSTEES (UNEXPIRED TERM)  TOWN OF RYAN",,1,1,3,"JAMES TERRY",,0,0,24,24,,
6/9/2015,"340006","TOWN OF RYAN",43402,"FOR BOARD OF TRUSTEES (UNEXPIRED TERM)  TOWN OF RYAN",,1,1,4,"MAX WELDON THOMAS",,2,0,10,12,,
6/9/2015,"400109","TOWN OF PANAMA",44001,"FOR BOARD OF TRUSTEES  TOWN OF PANAMA",,3,3,1,"LLOYD MICKEY HALE",,0,0,0,0,,
6/9/2015,"400109","TOWN OF PANAMA",44001,"FOR BOARD OF TRUSTEES  TOWN OF PANAMA",,3,3,2,"DON MURPHY",,0,0,0,0,,
6/9/2015,"400109","TOWN OF PANAMA",44001,"FOR BOARD OF TRUSTEES  TOWN OF PANAMA",,3,3,3,"HARLAN HALE",,0,0,0,0,,
6/9/2015,"400109","TOWN OF PANAMA",44001,"FOR BOARD OF TRUSTEES  TOWN OF PANAMA",,3,3,4,"CHARLES PIERCE",,0,0,0,0,,
6/9/2015,"400109","TOWN OF PANAMA",44001,"FOR BOARD OF TRUSTEES  TOWN OF PANAMA",,3,3,5,"BOBBY DUKE WHITEAKER",,0,0,0,0,,
6/9/2015,"400110","TOWN OF PANAMA",44001,"FOR BOARD OF TRUSTEES  TOWN OF PANAMA",,3,3,1,"LLOYD MICKEY HALE",,15,6,176,197,,
6/9/2015,"400110","TOWN OF PANAMA",44001,"FOR BOARD OF TRUSTEES  TOWN OF PANAMA",,3,3,2,"DON MURPHY",,0,1,185,186,,
6/9/2015,"400110","TOWN OF PANAMA",44001,"FOR BOARD OF TRUSTEES  TOWN OF PANAMA",,3,3,3,"HARLAN HALE",,14,6,184,204,,
6/9/2015,"400110","TOWN OF PANAMA",44001,"FOR BOARD OF TRUSTEES  TOWN OF PANAMA",,3,3,4,"CHARLES PIERCE",,1,0,7,8,,
6/9/2015,"400110","TOWN OF PANAMA",44001,"FOR BOARD OF TRUSTEES  TOWN OF PANAMA",,3,3,5,"BOBBY DUKE WHITEAKER",,0,1,182,183,,
6/9/2015,"400113","TOWN OF PANAMA",44001,"FOR BOARD OF TRUSTEES  TOWN OF PANAMA",,3,3,1,"LLOYD MICKEY HALE",,0,0,0,0,,
6/9/2015,"400113","TOWN OF PANAMA",44001,"FOR BOARD OF TRUSTEES  TOWN OF PANAMA",,3,3,2,"DON MURPHY",,0,0,0,0,,
6/9/2015,"400113","TOWN OF PANAMA",44001,"FOR BOARD OF TRUSTEES  TOWN OF PANAMA",,3,3,3,"HARLAN HALE",,0,0,0,0,,
6/9/2015,"400113","TOWN OF PANAMA",44001,"FOR BOARD OF TRUSTEES  TOWN OF PANAMA",,3,3,4,"CHARLES PIERCE",,0,0,0,0,,
6/9/2015,"400113","TOWN OF PANAMA",44001,"FOR BOARD OF TRUSTEES  TOWN OF PANAMA",,3,3,5,"BOBBY DUKE WHITEAKER",,0,0,0,0,,
6/9/2015,"510005","CITY OF MUSKOGEE",45101,"PROPOSITION  CITY OF MUSKOGEE",,15,15,1,"FOR THE PROPOSITION - YES",,1,1,7,9,,
6/9/2015,"510005","CITY OF MUSKOGEE",45101,"PROPOSITION  CITY OF MUSKOGEE",,15,15,2,"AGAINST THE PROPOSITION - NO",,2,1,0,3,,
6/9/2015,"510007","CITY OF MUSKOGEE",45101,"PROPOSITION  CITY OF MUSKOGEE",,15,15,1,"FOR THE PROPOSITION - YES",,2,3,23,28,,
6/9/2015,"510007","CITY OF MUSKOGEE",45101,"PROPOSITION  CITY OF MUSKOGEE",,15,15,2,"AGAINST THE PROPOSITION - NO",,0,0,2,2,,
6/9/2015,"510009","CITY OF MUSKOGEE",45101,"PROPOSITION  CITY OF MUSKOGEE",,15,15,1,"FOR THE PROPOSITION - YES",,1,4,11,16,,
6/9/2015,"510009","CITY OF MUSKOGEE",45101,"PROPOSITION  CITY OF MUSKOGEE",,15,15,2,"AGAINST THE PROPOSITION - NO",,0,0,1,1,,
6/9/2015,"510011","CITY OF MUSKOGEE",45101,"PROPOSITION  CITY OF MUSKOGEE",,15,15,1,"FOR THE PROPOSITION - YES",,0,0,10,10,,
6/9/2015,"510011","CITY OF MUSKOGEE",45101,"PROPOSITION  CITY OF MUSKOGEE",,15,15,2,"AGAINST THE PROPOSITION - NO",,0,0,1,1,,
6/9/2015,"510013","CITY OF MUSKOGEE",45101,"PROPOSITION  CITY OF MUSKOGEE",,15,15,1,"FOR THE PROPOSITION - YES",,0,1,5,6,,
6/9/2015,"510013","CITY OF MUSKOGEE",45101,"PROPOSITION  CITY OF MUSKOGEE",,15,15,2,"AGAINST THE PROPOSITION - NO",,0,0,0,0,,
6/9/2015,"510017","CITY OF MUSKOGEE",45101,"PROPOSITION  CITY OF MUSKOGEE",,15,15,1,"FOR THE PROPOSITION - YES",,2,0,8,10,,
6/9/2015,"510017","CITY OF MUSKOGEE",45101,"PROPOSITION  CITY OF MUSKOGEE",,15,15,2,"AGAINST THE PROPOSITION - NO",,0,0,0,0,,
6/9/2015,"510021","CITY OF MUSKOGEE",45101,"PROPOSITION  CITY OF MUSKOGEE",,15,15,1,"FOR THE PROPOSITION - YES",,0,0,4,4,,
6/9/2015,"510021","CITY OF MUSKOGEE",45101,"PROPOSITION  CITY OF MUSKOGEE",,15,15,2,"AGAINST THE PROPOSITION - NO",,0,0,0,0,,
6/9/2015,"510022","CITY OF MUSKOGEE",45101,"PROPOSITION  CITY OF MUSKOGEE",,15,15,1,"FOR THE PROPOSITION - YES",,6,1,18,25,,
6/9/2015,"510022","CITY OF MUSKOGEE",45101,"PROPOSITION  CITY OF MUSKOGEE",,15,15,2,"AGAINST THE PROPOSITION - NO",,1,0,2,3,,
6/9/2015,"510023","CITY OF MUSKOGEE",45101,"PROPOSITION  CITY OF MUSKOGEE",,15,15,1,"FOR THE PROPOSITION - YES",,0,0,4,4,,
6/9/2015,"510023","CITY OF MUSKOGEE",45101,"PROPOSITION  CITY OF MUSKOGEE",,15,15,2,"AGAINST THE PROPOSITION - NO",,0,0,0,0,,
6/9/2015,"510028","CITY OF MUSKOGEE",45101,"PROPOSITION  CITY OF MUSKOGEE",,15,15,1,"FOR THE PROPOSITION - YES",,0,0,3,3,,
6/9/2015,"510028","CITY OF MUSKOGEE",45101,"PROPOSITION  CITY OF MUSKOGEE",,15,15,2,"AGAINST THE PROPOSITION - NO",,0,0,1,1,,
6/9/2015,"510037","CITY OF MUSKOGEE",45101,"PROPOSITION  CITY OF MUSKOGEE",,15,15,1,"FOR THE PROPOSITION - YES",,1,0,0,1,,
6/9/2015,"510037","CITY OF MUSKOGEE",45101,"PROPOSITION  CITY OF MUSKOGEE",,15,15,2,"AGAINST THE PROPOSITION - NO",,0,0,0,0,,
6/9/2015,"510038","CITY OF MUSKOGEE",45101,"PROPOSITION  CITY OF MUSKOGEE",,15,15,1,"FOR THE PROPOSITION - YES",,5,4,18,27,,
6/9/2015,"510038","CITY OF MUSKOGEE",45101,"PROPOSITION  CITY OF MUSKOGEE",,15,15,2,"AGAINST THE PROPOSITION - NO",,0,0,0,0,,
6/9/2015,"510046","CITY OF MUSKOGEE",45101,"PROPOSITION  CITY OF MUSKOGEE",,15,15,1,"FOR THE PROPOSITION - YES",,0,0,11,11,,
6/9/2015,"510046","CITY OF MUSKOGEE",45101,"PROPOSITION  CITY OF MUSKOGEE",,15,15,2,"AGAINST THE PROPOSITION - NO",,0,0,0,0,,
6/9/2015,"510047","CITY OF MUSKOGEE",45101,"PROPOSITION  CITY OF MUSKOGEE",,15,15,1,"FOR THE PROPOSITION - YES",,0,0,13,13,,
6/9/2015,"510047","CITY OF MUSKOGEE",45101,"PROPOSITION  CITY OF MUSKOGEE",,15,15,2,"AGAINST THE PROPOSITION - NO",,0,0,0,0,,
6/9/2015,"510055","CITY OF MUSKOGEE",45101,"PROPOSITION  CITY OF MUSKOGEE",,15,15,1,"FOR THE PROPOSITION - YES",,0,1,3,4,,
6/9/2015,"510055","CITY OF MUSKOGEE",45101,"PROPOSITION  CITY OF MUSKOGEE",,15,15,2,"AGAINST THE PROPOSITION - NO",,0,0,0,0,,
6/9/2015,"550001","CITY OF BETHANY",45501,"PROPOSITION  CITY OF BETHANY",,11,11,1,"FOR THE PROPOSITION - YES",,0,0,3,3,,
6/9/2015,"550001","CITY OF BETHANY",45501,"PROPOSITION  CITY OF BETHANY",,11,11,2,"AGAINST THE PROPOSITION - NO",,0,0,20,20,,
6/9/2015,"550002","CITY OF BETHANY",45501,"PROPOSITION  CITY OF BETHANY",,11,11,1,"FOR THE PROPOSITION - YES",,0,0,31,31,,
6/9/2015,"550002","CITY OF BETHANY",45501,"PROPOSITION  CITY OF BETHANY",,11,11,2,"AGAINST THE PROPOSITION - NO",,0,0,42,42,,
6/9/2015,"550003","CITY OF BETHANY",45501,"PROPOSITION  CITY OF BETHANY",,11,11,1,"FOR THE PROPOSITION - YES",,0,0,22,22,,
6/9/2015,"550003","CITY OF BETHANY",45501,"PROPOSITION  CITY OF BETHANY",,11,11,2,"AGAINST THE PROPOSITION - NO",,0,0,66,66,,
6/9/2015,"550004","CITY OF BETHANY",45501,"PROPOSITION  CITY OF BETHANY",,11,11,1,"FOR THE PROPOSITION - YES",,0,0,62,62,,
6/9/2015,"550004","CITY OF BETHANY",45501,"PROPOSITION  CITY OF BETHANY",,11,11,2,"AGAINST THE PROPOSITION - NO",,0,0,175,175,,
6/9/2015,"550005","CITY OF BETHANY",45501,"PROPOSITION  CITY OF BETHANY",,11,11,1,"FOR THE PROPOSITION - YES",,0,0,28,28,,
6/9/2015,"550005","CITY OF BETHANY",45501,"PROPOSITION  CITY OF BETHANY",,11,11,2,"AGAINST THE PROPOSITION - NO",,0,0,55,55,,
6/9/2015,"550006","CITY OF BETHANY",45501,"PROPOSITION  CITY OF BETHANY",,11,11,1,"FOR THE PROPOSITION - YES",,0,0,29,29,,
6/9/2015,"550006","CITY OF BETHANY",45501,"PROPOSITION  CITY OF BETHANY",,11,11,2,"AGAINST THE PROPOSITION - NO",,0,0,52,52,,
6/9/2015,"550007","CITY OF BETHANY",45501,"PROPOSITION  CITY OF BETHANY",,11,11,1,"FOR THE PROPOSITION - YES",,0,0,53,53,,
6/9/2015,"550007","CITY OF BETHANY",45501,"PROPOSITION  CITY OF BETHANY",,11,11,2,"AGAINST THE PROPOSITION - NO",,0,0,301,301,,
6/9/2015,"550008","CITY OF BETHANY",45501,"PROPOSITION  CITY OF BETHANY",,11,11,1,"FOR THE PROPOSITION - YES",,0,0,49,49,,
6/9/2015,"550008","CITY OF BETHANY",45501,"PROPOSITION  CITY OF BETHANY",,11,11,2,"AGAINST THE PROPOSITION - NO",,0,0,75,75,,
6/9/2015,"550009","CITY OF BETHANY",45501,"PROPOSITION  CITY OF BETHANY",,11,11,1,"FOR THE PROPOSITION - YES",,0,0,42,42,,
6/9/2015,"550009","CITY OF BETHANY",45501,"PROPOSITION  CITY OF BETHANY",,11,11,2,"AGAINST THE PROPOSITION - NO",,0,0,41,41,,
6/9/2015,"550010","CITY OF BETHANY",45501,"PROPOSITION  CITY OF BETHANY",,11,11,1,"FOR THE PROPOSITION - YES",,0,0,15,15,,
6/9/2015,"550010","CITY OF BETHANY",45501,"PROPOSITION  CITY OF BETHANY",,11,11,2,"AGAINST THE PROPOSITION - NO",,0,0,9,9,,
6/9/2015,"550013","CITY OF BETHANY",45501,"PROPOSITION  CITY OF BETHANY",,11,11,1,"FOR THE PROPOSITION - YES",,0,0,11,11,,
6/9/2015,"550013","CITY OF BETHANY",45501,"PROPOSITION  CITY OF BETHANY",,11,11,2,"AGAINST THE PROPOSITION - NO",,0,0,15,15,,
6/9/2015,"550066","OKLAHOMA DEPT OF CAREER AND TECHNOLOGY EDUCATION",55501,"PROPOSITION  OKLA DEPT OF CAREER",,6,6,1,"FOR THE PROPOSITION - YES",,0,0,0,0,,
6/9/2015,"550066","OKLAHOMA DEPT OF CAREER AND TECHNOLOGY EDUCATION",55501,"PROPOSITION  OKLA DEPT OF CAREER",,6,6,2,"AGAINST THE PROPOSITION - NO",,0,0,0,0,,
6/9/2015,"550109","OKLAHOMA DEPT OF CAREER AND TECHNOLOGY EDUCATION",55501,"PROPOSITION  OKLA DEPT OF CAREER",,6,6,1,"FOR THE PROPOSITION - YES",,0,0,0,0,,
6/9/2015,"550109","OKLAHOMA DEPT OF CAREER AND TECHNOLOGY EDUCATION",55501,"PROPOSITION  OKLA DEPT OF CAREER",,6,6,2,"AGAINST THE PROPOSITION - NO",,0,0,0,0,,
6/9/2015,"550113","OKLAHOMA DEPT OF CAREER AND TECHNOLOGY EDUCATION",55501,"PROPOSITION  OKLA DEPT OF CAREER",,6,6,1,"FOR THE PROPOSITION - YES",,0,0,0,0,,
6/9/2015,"550113","OKLAHOMA DEPT OF CAREER AND TECHNOLOGY EDUCATION",55501,"PROPOSITION  OKLA DEPT OF CAREER",,6,6,2,"AGAINST THE PROPOSITION - NO",,0,0,0,0,,
6/9/2015,"550114","OKLAHOMA DEPT OF CAREER AND TECHNOLOGY EDUCATION",55501,"PROPOSITION  OKLA DEPT OF CAREER",,6,6,1,"FOR THE PROPOSITION - YES",,0,0,133,133,,
6/9/2015,"550114","OKLAHOMA DEPT OF CAREER AND TECHNOLOGY EDUCATION",55501,"PROPOSITION  OKLA DEPT OF CAREER",,6,6,2,"AGAINST THE PROPOSITION - NO",,0,0,4,4,,
6/9/2015,"550115","OKLAHOMA DEPT OF CAREER AND TECHNOLOGY EDUCATION",55501,"PROPOSITION  OKLA DEPT OF CAREER",,6,6,1,"FOR THE PROPOSITION - YES",,0,0,6,6,,
6/9/2015,"550115","OKLAHOMA DEPT OF CAREER AND TECHNOLOGY EDUCATION",55501,"PROPOSITION  OKLA DEPT OF CAREER",,6,6,2,"AGAINST THE PROPOSITION - NO",,0,0,0,0,,
6/9/2015,"550117","OKLAHOMA DEPT OF CAREER AND TECHNOLOGY EDUCATION",55501,"PROPOSITION  OKLA DEPT OF CAREER",,6,6,1,"FOR THE PROPOSITION - YES",,0,0,42,42,,
6/9/2015,"550117","OKLAHOMA DEPT OF CAREER AND TECHNOLOGY EDUCATION",55501,"PROPOSITION  OKLA DEPT OF CAREER",,6,6,2,"AGAINST THE PROPOSITION - NO",,0,0,0,0,,
6/9/2015,"559999","CITY OF BETHANY",45501,"PROPOSITION  CITY OF BETHANY",,11,11,1,"FOR THE PROPOSITION - YES",,28,2,0,30,,
6/9/2015,"559999","CITY OF BETHANY",45501,"PROPOSITION  CITY OF BETHANY",,11,11,2,"AGAINST THE PROPOSITION - NO",,67,3,0,70,,
6/9/2015,"559999","OKLAHOMA DEPT OF CAREER AND TECHNOLOGY EDUCATION",55501,"PROPOSITION  OKLA DEPT OF CAREER",,6,6,1,"FOR THE PROPOSITION - YES",,11,2,0,13,,
6/9/2015,"559999","OKLAHOMA DEPT OF CAREER AND TECHNOLOGY EDUCATION",55501,"PROPOSITION  OKLA DEPT OF CAREER",,6,6,2,"AGAINST THE PROPOSITION - NO",,7,0,0,7,,
6/9/2015,"560013","CITY OF HENRYETTA",45601,"PROPOSITION  CITY OF HENRYETTA",,8,8,1,"FOR THE PROPOSITION - YES",,0,0,0,0,,
6/9/2015,"560013","CITY OF HENRYETTA",45601,"PROPOSITION  CITY OF HENRYETTA",,8,8,2,"AGAINST THE PROPOSITION - NO",,0,0,0,0,,
6/9/2015,"560014","CITY OF HENRYETTA",45601,"PROPOSITION  CITY OF HENRYETTA",,8,8,1,"FOR THE PROPOSITION - YES",,4,0,10,14,,
6/9/2015,"560014","CITY OF HENRYETTA",45601,"PROPOSITION  CITY OF HENRYETTA",,8,8,2,"AGAINST THE PROPOSITION - NO",,0,0,1,1,,
6/9/2015,"560015","CITY OF HENRYETTA",45601,"PROPOSITION  CITY OF HENRYETTA",,8,8,1,"FOR THE PROPOSITION - YES",,4,1,32,37,,
6/9/2015,"560015","CITY OF HENRYETTA",45601,"PROPOSITION  CITY OF HENRYETTA",,8,8,2,"AGAINST THE PROPOSITION - NO",,4,2,4,10,,
6/9/2015,"560016","CITY OF HENRYETTA",45601,"PROPOSITION  CITY OF HENRYETTA",,8,8,1,"FOR THE PROPOSITION - YES",,1,0,6,7,,
6/9/2015,"560016","CITY OF HENRYETTA",45601,"PROPOSITION  CITY OF HENRYETTA",,8,8,2,"AGAINST THE PROPOSITION - NO",,0,0,0,0,,
6/9/2015,"560018","CITY OF HENRYETTA",45601,"PROPOSITION  CITY OF HENRYETTA",,8,8,1,"FOR THE PROPOSITION - YES",,6,1,20,27,,
6/9/2015,"560018","CITY OF HENRYETTA",45601,"PROPOSITION  CITY OF HENRYETTA",,8,8,2,"AGAINST THE PROPOSITION - NO",,1,0,1,2,,
6/9/2015,"560019","CITY OF HENRYETTA",45601,"PROPOSITION  CITY OF HENRYETTA",,8,8,1,"FOR THE PROPOSITION - YES",,3,1,19,23,,
6/9/2015,"560019","CITY OF HENRYETTA",45601,"PROPOSITION  CITY OF HENRYETTA",,8,8,2,"AGAINST THE PROPOSITION - NO",,0,0,0,0,,
6/9/2015,"560035","CITY OF HENRYETTA",45601,"PROPOSITION  CITY OF HENRYETTA",,8,8,1,"FOR THE PROPOSITION - YES",,0,0,0,0,,
6/9/2015,"560035","CITY OF HENRYETTA",45601,"PROPOSITION  CITY OF HENRYETTA",,8,8,2,"AGAINST THE PROPOSITION - NO",,0,0,0,0,,
6/9/2015,"560038","CITY OF HENRYETTA",45601,"PROPOSITION  CITY OF HENRYETTA",,8,8,1,"FOR THE PROPOSITION - YES",,0,0,0,0,,
6/9/2015,"560038","CITY OF HENRYETTA",45601,"PROPOSITION  CITY OF HENRYETTA",,8,8,2,"AGAINST THE PROPOSITION - NO",,0,0,0,0,,
6/9/2015,"570203","SAND SPRINGS PUBLIC SCHOOLS INDEPENDENT SCHOOL DISTRICT NO. 002",57201,"PROPOSITION NO. 1  SAND SPRINGS PUBLIC SCHOOLS",,17,17,1,"FOR THE PROPOSITION - YES",,0,0,0,0,,
6/9/2015,"570203","SAND SPRINGS PUBLIC SCHOOLS INDEPENDENT SCHOOL DISTRICT NO. 002",57201,"PROPOSITION NO. 1  SAND SPRINGS PUBLIC SCHOOLS",,17,17,2,"AGAINST THE PROPOSITION - NO",,0,0,0,0,,
6/9/2015,"570203","SAND SPRINGS PUBLIC SCHOOLS INDEPENDENT SCHOOL DISTRICT NO. 002",57202,"PROPOSITION NO. 2  SAND SPRINGS PUBLIC SCHOOLS",,17,17,1,"FOR THE PROPOSITION - YES",,0,0,0,0,,
6/9/2015,"570203","SAND SPRINGS PUBLIC SCHOOLS INDEPENDENT SCHOOL DISTRICT NO. 002",57202,"PROPOSITION NO. 2  SAND SPRINGS PUBLIC SCHOOLS",,17,17,2,"AGAINST THE PROPOSITION - NO",,0,0,0,0,,
6/9/2015,"570204","SAND SPRINGS PUBLIC SCHOOLS INDEPENDENT SCHOOL DISTRICT NO. 002",57201,"PROPOSITION NO. 1  SAND SPRINGS PUBLIC SCHOOLS",,17,17,1,"FOR THE PROPOSITION - YES",,2,0,1,3,,
6/9/2015,"570204","SAND SPRINGS PUBLIC SCHOOLS INDEPENDENT SCHOOL DISTRICT NO. 002",57201,"PROPOSITION NO. 1  SAND SPRINGS PUBLIC SCHOOLS",,17,17,2,"AGAINST THE PROPOSITION - NO",,0,0,0,0,,
6/9/2015,"570204","SAND SPRINGS PUBLIC SCHOOLS INDEPENDENT SCHOOL DISTRICT NO. 002",57202,"PROPOSITION NO. 2  SAND SPRINGS PUBLIC SCHOOLS",,17,17,1,"FOR THE PROPOSITION - YES",,2,0,1,3,,
6/9/2015,"570204","SAND SPRINGS PUBLIC SCHOOLS INDEPENDENT SCHOOL DISTRICT NO. 002",57202,"PROPOSITION NO. 2  SAND SPRINGS PUBLIC SCHOOLS",,17,17,2,"AGAINST THE PROPOSITION - NO",,0,0,0,0,,
6/9/2015,"570306","SAND SPRINGS PUBLIC SCHOOLS INDEPENDENT SCHOOL DISTRICT NO. 002",57201,"PROPOSITION NO. 1  SAND SPRINGS PUBLIC SCHOOLS",,17,17,1,"FOR THE PROPOSITION - YES",,0,0,0,0,,
6/9/2015,"570306","SAND SPRINGS PUBLIC SCHOOLS INDEPENDENT SCHOOL DISTRICT NO. 002",57201,"PROPOSITION NO. 1  SAND SPRINGS PUBLIC SCHOOLS",,17,17,2,"AGAINST THE PROPOSITION - NO",,0,0,0,0,,
6/9/2015,"570306","SAND SPRINGS PUBLIC SCHOOLS INDEPENDENT SCHOOL DISTRICT NO. 002",57202,"PROPOSITION NO. 2  SAND SPRINGS PUBLIC SCHOOLS",,17,17,1,"FOR THE PROPOSITION - YES",,0,0,0,0,,
6/9/2015,"570306","SAND SPRINGS PUBLIC SCHOOLS INDEPENDENT SCHOOL DISTRICT NO. 002",57202,"PROPOSITION NO. 2  SAND SPRINGS PUBLIC SCHOOLS",,17,17,2,"AGAINST THE PROPOSITION - NO",,0,0,0,0,,
6/9/2015,"570308","SAND SPRINGS PUBLIC SCHOOLS INDEPENDENT SCHOOL DISTRICT NO. 002",57201,"PROPOSITION NO. 1  SAND SPRINGS PUBLIC SCHOOLS",,17,17,1,"FOR THE PROPOSITION - YES",,0,0,0,0,,
6/9/2015,"570308","SAND SPRINGS PUBLIC SCHOOLS INDEPENDENT SCHOOL DISTRICT NO. 002",57201,"PROPOSITION NO. 1  SAND SPRINGS PUBLIC SCHOOLS",,17,17,2,"AGAINST THE PROPOSITION - NO",,2,0,0,2,,
6/9/2015,"570308","SAND SPRINGS PUBLIC SCHOOLS INDEPENDENT SCHOOL DISTRICT NO. 002",57202,"PROPOSITION NO. 2  SAND SPRINGS PUBLIC SCHOOLS",,17,17,1,"FOR THE PROPOSITION - YES",,0,0,0,0,,
6/9/2015,"570308","SAND SPRINGS PUBLIC SCHOOLS INDEPENDENT SCHOOL DISTRICT NO. 002",57202,"PROPOSITION NO. 2  SAND SPRINGS PUBLIC SCHOOLS",,17,17,2,"AGAINST THE PROPOSITION - NO",,2,0,0,2,,
6/9/2015,"570309","SAND SPRINGS PUBLIC SCHOOLS INDEPENDENT SCHOOL DISTRICT NO. 002",57201,"PROPOSITION NO. 1  SAND SPRINGS PUBLIC SCHOOLS",,17,17,1,"FOR THE PROPOSITION - YES",,2,0,12,14,,
6/9/2015,"570309","SAND SPRINGS PUBLIC SCHOOLS INDEPENDENT SCHOOL DISTRICT NO. 002",57201,"PROPOSITION NO. 1  SAND SPRINGS PUBLIC SCHOOLS",,17,17,2,"AGAINST THE PROPOSITION - NO",,3,0,4,7,,
6/9/2015,"570309","SAND SPRINGS PUBLIC SCHOOLS INDEPENDENT SCHOOL DISTRICT NO. 002",57202,"PROPOSITION NO. 2  SAND SPRINGS PUBLIC SCHOOLS",,17,17,1,"FOR THE PROPOSITION - YES",,3,0,14,17,,
6/9/2015,"570309","SAND SPRINGS PUBLIC SCHOOLS INDEPENDENT SCHOOL DISTRICT NO. 002",57202,"PROPOSITION NO. 2  SAND SPRINGS PUBLIC SCHOOLS",,17,17,2,"AGAINST THE PROPOSITION - NO",,2,0,3,5,,
6/9/2015,"570312","SAND SPRINGS PUBLIC SCHOOLS INDEPENDENT SCHOOL DISTRICT NO. 002",57201,"PROPOSITION NO. 1  SAND SPRINGS PUBLIC SCHOOLS",,17,17,1,"FOR THE PROPOSITION - YES",,2,0,22,24,,
6/9/2015,"570312","SAND SPRINGS PUBLIC SCHOOLS INDEPENDENT SCHOOL DISTRICT NO. 002",57201,"PROPOSITION NO. 1  SAND SPRINGS PUBLIC SCHOOLS",,17,17,2,"AGAINST THE PROPOSITION - NO",,1,0,2,3,,
6/9/2015,"570312","SAND SPRINGS PUBLIC SCHOOLS INDEPENDENT SCHOOL DISTRICT NO. 002",57202,"PROPOSITION NO. 2  SAND SPRINGS PUBLIC SCHOOLS",,17,17,1,"FOR THE PROPOSITION - YES",,2,0,22,24,,
6/9/2015,"570312","SAND SPRINGS PUBLIC SCHOOLS INDEPENDENT SCHOOL DISTRICT NO. 002",57202,"PROPOSITION NO. 2  SAND SPRINGS PUBLIC SCHOOLS",,17,17,2,"AGAINST THE PROPOSITION - NO",,1,0,2,3,,
6/9/2015,"690032","CITY OF MARLOW",46901,"PROPOSITION NO. 1  CITY OF MARLOW",,3,3,1,"FOR THE PROPOSITION - YES",,0,2,71,73,,
6/9/2015,"690032","CITY OF MARLOW",46901,"PROPOSITION NO. 1  CITY OF MARLOW",,3,3,2,"AGAINST THE PROPOSITION - NO",,0,0,4,4,,
6/9/2015,"690032","CITY OF MARLOW",46902,"PROPOSITION NO. 2  CITY OF MARLOW",,3,3,1,"FOR THE PROPOSITION - YES",,0,2,71,73,,
6/9/2015,"690032","CITY OF MARLOW",46902,"PROPOSITION NO. 2  CITY OF MARLOW",,3,3,2,"AGAINST THE PROPOSITION - NO",,0,0,4,4,,
6/9/2015,"690033","CITY OF MARLOW",46901,"PROPOSITION NO. 1  CITY OF MARLOW",,3,3,1,"FOR THE PROPOSITION - YES",,4,3,121,128,,
6/9/2015,"690033","CITY OF MARLOW",46901,"PROPOSITION NO. 1  CITY OF MARLOW",,3,3,2,"AGAINST THE PROPOSITION - NO",,0,1,4,5,,
6/9/2015,"690033","CITY OF MARLOW",46902,"PROPOSITION NO. 2  CITY OF MARLOW",,3,3,1,"FOR THE PROPOSITION - YES",,4,4,114,122,,
6/9/2015,"690033","CITY OF MARLOW",46902,"PROPOSITION NO. 2  CITY OF MARLOW",,3,3,2,"AGAINST THE PROPOSITION - NO",,0,0,10,10,,
6/9/2015,"690050","CITY OF MARLOW",46901,"PROPOSITION NO. 1  CITY OF MARLOW",,3,3,1,"FOR THE PROPOSITION - YES",,0,0,0,0,,
6/9/2015,"690050","CITY OF MARLOW",46901,"PROPOSITION NO. 1  CITY OF MARLOW",,3,3,2,"AGAINST THE PROPOSITION - NO",,0,0,0,0,,
6/9/2015,"690050","CITY OF MARLOW",46902,"PROPOSITION NO. 2  CITY OF MARLOW",,3,3,1,"FOR THE PROPOSITION - YES",,0,0,0,0,,
6/9/2015,"690050","CITY OF MARLOW",46902,"PROPOSITION NO. 2  CITY OF MARLOW",,3,3,2,"AGAINST THE PROPOSITION - NO",,0,0,0,0,,
6/9/2015,"720801","SAND SPRINGS PUBLIC SCHOOLS INDEPENDENT SCHOOL DISTRICT NO. 002",57201,"PROPOSITION NO. 1  SAND SPRINGS PUBLIC SCHOOLS",,17,17,1,"FOR THE PROPOSITION - YES",,0,0,2,2,,
6/9/2015,"720801","SAND SPRINGS PUBLIC SCHOOLS INDEPENDENT SCHOOL DISTRICT NO. 002",57201,"PROPOSITION NO. 1  SAND SPRINGS PUBLIC SCHOOLS",,17,17,2,"AGAINST THE PROPOSITION - NO",,0,0,0,0,,
6/9/2015,"720801","SAND SPRINGS PUBLIC SCHOOLS INDEPENDENT SCHOOL DISTRICT NO. 002",57202,"PROPOSITION NO. 2  SAND SPRINGS PUBLIC SCHOOLS",,17,17,1,"FOR THE PROPOSITION - YES",,0,0,2,2,,
6/9/2015,"720801","SAND SPRINGS PUBLIC SCHOOLS INDEPENDENT SCHOOL DISTRICT NO. 002",57202,"PROPOSITION NO. 2  SAND SPRINGS PUBLIC SCHOOLS",,17,17,2,"AGAINST THE PROPOSITION - NO",,0,0,0,0,,
6/9/2015,"720851","SAND SPRINGS PUBLIC SCHOOLS INDEPENDENT SCHOOL DISTRICT NO. 002",57201,"PROPOSITION NO. 1  SAND SPRINGS PUBLIC SCHOOLS",,17,17,1,"FOR THE PROPOSITION - YES",,0,0,153,153,,
6/9/2015,"720851","SAND SPRINGS PUBLIC SCHOOLS INDEPENDENT SCHOOL DISTRICT NO. 002",57201,"PROPOSITION NO. 1  SAND SPRINGS PUBLIC SCHOOLS",,17,17,2,"AGAINST THE PROPOSITION - NO",,0,0,12,12,,
6/9/2015,"720851","SAND SPRINGS PUBLIC SCHOOLS INDEPENDENT SCHOOL DISTRICT NO. 002",57202,"PROPOSITION NO. 2  SAND SPRINGS PUBLIC SCHOOLS",,17,17,1,"FOR THE PROPOSITION - YES",,0,0,148,148,,
6/9/2015,"720851","SAND SPRINGS PUBLIC SCHOOLS INDEPENDENT SCHOOL DISTRICT NO. 002",57202,"PROPOSITION NO. 2  SAND SPRINGS PUBLIC SCHOOLS",,17,17,2,"AGAINST THE PROPOSITION - NO",,0,0,15,15,,
6/9/2015,"720852","SAND SPRINGS PUBLIC SCHOOLS INDEPENDENT SCHOOL DISTRICT NO. 002",57201,"PROPOSITION NO. 1  SAND SPRINGS PUBLIC SCHOOLS",,17,17,1,"FOR THE PROPOSITION - YES",,0,0,72,72,,
6/9/2015,"720852","SAND SPRINGS PUBLIC SCHOOLS INDEPENDENT SCHOOL DISTRICT NO. 002",57201,"PROPOSITION NO. 1  SAND SPRINGS PUBLIC SCHOOLS",,17,17,2,"AGAINST THE PROPOSITION - NO",,0,0,6,6,,
6/9/2015,"720852","SAND SPRINGS PUBLIC SCHOOLS INDEPENDENT SCHOOL DISTRICT NO. 002",57202,"PROPOSITION NO. 2  SAND SPRINGS PUBLIC SCHOOLS",,17,17,1,"FOR THE PROPOSITION - YES",,0,0,72,72,,
6/9/2015,"720852","SAND SPRINGS PUBLIC SCHOOLS INDEPENDENT SCHOOL DISTRICT NO. 002",57202,"PROPOSITION NO. 2  SAND SPRINGS PUBLIC SCHOOLS",,17,17,2,"AGAINST THE PROPOSITION - NO",,0,0,6,6,,
6/9/2015,"720853","SAND SPRINGS PUBLIC SCHOOLS INDEPENDENT SCHOOL DISTRICT NO. 002",57201,"PROPOSITION NO. 1  SAND SPRINGS PUBLIC SCHOOLS",,17,17,1,"FOR THE PROPOSITION - YES",,0,0,59,59,,
6/9/2015,"720853","SAND SPRINGS PUBLIC SCHOOLS INDEPENDENT SCHOOL DISTRICT NO. 002",57201,"PROPOSITION NO. 1  SAND SPRINGS PUBLIC SCHOOLS",,17,17,2,"AGAINST THE PROPOSITION - NO",,0,0,13,13,,
6/9/2015,"720853","SAND SPRINGS PUBLIC SCHOOLS INDEPENDENT SCHOOL DISTRICT NO. 002",57202,"PROPOSITION NO. 2  SAND SPRINGS PUBLIC SCHOOLS",,17,17,1,"FOR THE PROPOSITION - YES",,0,0,59,59,,
6/9/2015,"720853","SAND SPRINGS PUBLIC SCHOOLS INDEPENDENT SCHOOL DISTRICT NO. 002",57202,"PROPOSITION NO. 2  SAND SPRINGS PUBLIC SCHOOLS",,17,17,2,"AGAINST THE PROPOSITION - NO",,0,0,13,13,,
6/9/2015,"720854","SAND SPRINGS PUBLIC SCHOOLS INDEPENDENT SCHOOL DISTRICT NO. 002",57201,"PROPOSITION NO. 1  SAND SPRINGS PUBLIC SCHOOLS",,17,17,1,"FOR THE PROPOSITION - YES",,0,0,233,233,,
6/9/2015,"720854","SAND SPRINGS PUBLIC SCHOOLS INDEPENDENT SCHOOL DISTRICT NO. 002",57201,"PROPOSITION NO. 1  SAND SPRINGS PUBLIC SCHOOLS",,17,17,2,"AGAINST THE PROPOSITION - NO",,0,0,12,12,,
6/9/2015,"720854","SAND SPRINGS PUBLIC SCHOOLS INDEPENDENT SCHOOL DISTRICT NO. 002",57202,"PROPOSITION NO. 2  SAND SPRINGS PUBLIC SCHOOLS",,17,17,1,"FOR THE PROPOSITION - YES",,0,0,232,232,,
6/9/2015,"720854","SAND SPRINGS PUBLIC SCHOOLS INDEPENDENT SCHOOL DISTRICT NO. 002",57202,"PROPOSITION NO. 2  SAND SPRINGS PUBLIC SCHOOLS",,17,17,2,"AGAINST THE PROPOSITION - NO",,0,0,13,13,,
6/9/2015,"720855","SAND SPRINGS PUBLIC SCHOOLS INDEPENDENT SCHOOL DISTRICT NO. 002",57201,"PROPOSITION NO. 1  SAND SPRINGS PUBLIC SCHOOLS",,17,17,1,"FOR THE PROPOSITION - YES",,0,0,122,122,,
6/9/2015,"720855","SAND SPRINGS PUBLIC SCHOOLS INDEPENDENT SCHOOL DISTRICT NO. 002",57201,"PROPOSITION NO. 1  SAND SPRINGS PUBLIC SCHOOLS",,17,17,2,"AGAINST THE PROPOSITION - NO",,0,0,16,16,,
6/9/2015,"720855","SAND SPRINGS PUBLIC SCHOOLS INDEPENDENT SCHOOL DISTRICT NO. 002",57202,"PROPOSITION NO. 2  SAND SPRINGS PUBLIC SCHOOLS",,17,17,1,"FOR THE PROPOSITION - YES",,0,0,123,123,,
6/9/2015,"720855","SAND SPRINGS PUBLIC SCHOOLS INDEPENDENT SCHOOL DISTRICT NO. 002",57202,"PROPOSITION NO. 2  SAND SPRINGS PUBLIC SCHOOLS",,17,17,2,"AGAINST THE PROPOSITION - NO",,0,0,15,15,,
6/9/2015,"720856","SAND SPRINGS PUBLIC SCHOOLS INDEPENDENT SCHOOL DISTRICT NO. 002",57201,"PROPOSITION NO. 1  SAND SPRINGS PUBLIC SCHOOLS",,17,17,1,"FOR THE PROPOSITION - YES",,0,0,122,122,,
6/9/2015,"720856","SAND SPRINGS PUBLIC SCHOOLS INDEPENDENT SCHOOL DISTRICT NO. 002",57201,"PROPOSITION NO. 1  SAND SPRINGS PUBLIC SCHOOLS",,17,17,2,"AGAINST THE PROPOSITION - NO",,0,0,11,11,,
6/9/2015,"720856","SAND SPRINGS PUBLIC SCHOOLS INDEPENDENT SCHOOL DISTRICT NO. 002",57202,"PROPOSITION NO. 2  SAND SPRINGS PUBLIC SCHOOLS",,17,17,1,"FOR THE PROPOSITION - YES",,0,0,120,120,,
6/9/2015,"720856","SAND SPRINGS PUBLIC SCHOOLS INDEPENDENT SCHOOL DISTRICT NO. 002",57202,"PROPOSITION NO. 2  SAND SPRINGS PUBLIC SCHOOLS",,17,17,2,"AGAINST THE PROPOSITION - NO",,0,0,13,13,,
6/9/2015,"720857","SAND SPRINGS PUBLIC SCHOOLS INDEPENDENT SCHOOL DISTRICT NO. 002",57201,"PROPOSITION NO. 1  SAND SPRINGS PUBLIC SCHOOLS",,17,17,1,"FOR THE PROPOSITION - YES",,0,0,66,66,,
6/9/2015,"720857","SAND SPRINGS PUBLIC SCHOOLS INDEPENDENT SCHOOL DISTRICT NO. 002",57201,"PROPOSITION NO. 1  SAND SPRINGS PUBLIC SCHOOLS",,17,17,2,"AGAINST THE PROPOSITION - NO",,0,0,6,6,,
6/9/2015,"720857","SAND SPRINGS PUBLIC SCHOOLS INDEPENDENT SCHOOL DISTRICT NO. 002",57202,"PROPOSITION NO. 2  SAND SPRINGS PUBLIC SCHOOLS",,17,17,1,"FOR THE PROPOSITION - YES",,0,0,65,65,,
6/9/2015,"720857","SAND SPRINGS PUBLIC SCHOOLS INDEPENDENT SCHOOL DISTRICT NO. 002",57202,"PROPOSITION NO. 2  SAND SPRINGS PUBLIC SCHOOLS",,17,17,2,"AGAINST THE PROPOSITION - NO",,0,0,7,7,,
6/9/2015,"720858","SAND SPRINGS PUBLIC SCHOOLS INDEPENDENT SCHOOL DISTRICT NO. 002",57201,"PROPOSITION NO. 1  SAND SPRINGS PUBLIC SCHOOLS",,17,17,1,"FOR THE PROPOSITION - YES",,0,0,21,21,,
6/9/2015,"720858","SAND SPRINGS PUBLIC SCHOOLS INDEPENDENT SCHOOL DISTRICT NO. 002",57201,"PROPOSITION NO. 1  SAND SPRINGS PUBLIC SCHOOLS",,17,17,2,"AGAINST THE PROPOSITION - NO",,0,0,0,0,,
6/9/2015,"720858","SAND SPRINGS PUBLIC SCHOOLS INDEPENDENT SCHOOL DISTRICT NO. 002",57202,"PROPOSITION NO. 2  SAND SPRINGS PUBLIC SCHOOLS",,17,17,1,"FOR THE PROPOSITION - YES",,0,0,21,21,,
6/9/2015,"720858","SAND SPRINGS PUBLIC SCHOOLS INDEPENDENT SCHOOL DISTRICT NO. 002",57202,"PROPOSITION NO. 2  SAND SPRINGS PUBLIC SCHOOLS",,17,17,2,"AGAINST THE PROPOSITION - NO",,0,0,0,0,,
6/9/2015,"720880","SAND SPRINGS PUBLIC SCHOOLS INDEPENDENT SCHOOL DISTRICT NO. 002",57201,"PROPOSITION NO. 1  SAND SPRINGS PUBLIC SCHOOLS",,17,17,1,"FOR THE PROPOSITION - YES",,0,0,22,22,,
6/9/2015,"720880","SAND SPRINGS PUBLIC SCHOOLS INDEPENDENT SCHOOL DISTRICT NO. 002",57201,"PROPOSITION NO. 1  SAND SPRINGS PUBLIC SCHOOLS",,17,17,2,"AGAINST THE PROPOSITION - NO",,0,0,2,2,,
6/9/2015,"720880","SAND SPRINGS PUBLIC SCHOOLS INDEPENDENT SCHOOL DISTRICT NO. 002",57202,"PROPOSITION NO. 2  SAND SPRINGS PUBLIC SCHOOLS",,17,17,1,"FOR THE PROPOSITION - YES",,0,0,22,22,,
6/9/2015,"720880","SAND SPRINGS PUBLIC SCHOOLS INDEPENDENT SCHOOL DISTRICT NO. 002",57202,"PROPOSITION NO. 2  SAND SPRINGS PUBLIC SCHOOLS",,17,17,2,"AGAINST THE PROPOSITION - NO",,0,0,2,2,,
6/9/2015,"720881","SAND SPRINGS PUBLIC SCHOOLS INDEPENDENT SCHOOL DISTRICT NO. 002",57201,"PROPOSITION NO. 1  SAND SPRINGS PUBLIC SCHOOLS",,17,17,1,"FOR THE PROPOSITION - YES",,0,0,57,57,,
6/9/2015,"720881","SAND SPRINGS PUBLIC SCHOOLS INDEPENDENT SCHOOL DISTRICT NO. 002",57201,"PROPOSITION NO. 1  SAND SPRINGS PUBLIC SCHOOLS",,17,17,2,"AGAINST THE PROPOSITION - NO",,0,0,3,3,,
6/9/2015,"720881","SAND SPRINGS PUBLIC SCHOOLS INDEPENDENT SCHOOL DISTRICT NO. 002",57202,"PROPOSITION NO. 2  SAND SPRINGS PUBLIC SCHOOLS",,17,17,1,"FOR THE PROPOSITION - YES",,0,0,57,57,,
6/9/2015,"720881","SAND SPRINGS PUBLIC SCHOOLS INDEPENDENT SCHOOL DISTRICT NO. 002",57202,"PROPOSITION NO. 2  SAND SPRINGS PUBLIC SCHOOLS",,17,17,2,"AGAINST THE PROPOSITION - NO",,0,0,3,3,,
6/9/2015,"729999","SAND SPRINGS PUBLIC SCHOOLS INDEPENDENT SCHOOL DISTRICT NO. 002",57201,"PROPOSITION NO. 1  SAND SPRINGS PUBLIC SCHOOLS",,17,17,1,"FOR THE PROPOSITION - YES",,27,27,0,54,,
6/9/2015,"729999","SAND SPRINGS PUBLIC SCHOOLS INDEPENDENT SCHOOL DISTRICT NO. 002",57201,"PROPOSITION NO. 1  SAND SPRINGS PUBLIC SCHOOLS",,17,17,2,"AGAINST THE PROPOSITION - NO",,11,1,0,12,,
6/9/2015,"729999","SAND SPRINGS PUBLIC SCHOOLS INDEPENDENT SCHOOL DISTRICT NO. 002",57202,"PROPOSITION NO. 2  SAND SPRINGS PUBLIC SCHOOLS",,17,17,1,"FOR THE PROPOSITION - YES",,28,28,0,56,,
6/9/2015,"729999","SAND SPRINGS PUBLIC SCHOOLS INDEPENDENT SCHOOL DISTRICT NO. 002",57202,"PROPOSITION NO. 2  SAND SPRINGS PUBLIC SCHOOLS",,17,17,2,"AGAINST THE PROPOSITION - NO",,12,1,0,13,,
