elec_date,county,entity_description,race_number,race_description,race_party,tot_race_prec,race_prec_reporting,cand_number,cand_name,cand_party,cand_absmail_votes,cand_early_votes,cand_elecday_votes,cand_tot_votes,race_county_owner
1/10/2017,"BECKHAM","ERICK PUBLIC SCHOOLS INDEPENDENT SCHOOL DISTRICT NO. 051",50501,"PROPOSITION  ERICK PUBLIC SCHOOLS",,2,2,1,"FOR THE PROPOSITION - YES",,5,0,72,77,,
1/10/2017,"BECKHAM","ERICK PUBLIC SCHOOLS INDEPENDENT SCHOOL DISTRICT NO. 051",50501,"PROPOSITION  ERICK PUBLIC SCHOOLS",,2,2,2,"AGAINST THE PROPOSITION - NO",,1,2,10,13,,
1/10/2017,"CADDO","LOOKEBA-SICKLES PUBLIC SCHOOLS INDEPENDENT SCHOOL DISTRICT NO. 012",50801,"PROPOSITION NO. 1  LOOKEBA-SICKLES PUBLIC SCHOOLS",,4,4,1,"FOR THE PROPOSITION - YES",,0,0,82,82,,
1/10/2017,"CADDO","LOOKEBA-SICKLES PUBLIC SCHOOLS INDEPENDENT SCHOOL DISTRICT NO. 012",50801,"PROPOSITION NO. 1  LOOKEBA-SICKLES PUBLIC SCHOOLS",,4,4,2,"AGAINST THE PROPOSITION - NO",,0,0,15,15,,
1/10/2017,"CADDO","LOOKEBA-SICKLES PUBLIC SCHOOLS INDEPENDENT SCHOOL DISTRICT NO. 012",50802,"PROPOSITION NO. 2  LOOKEBA-SICKLES PUBLIC SCHOOLS",,4,4,1,"FOR THE PROPOSITION - YES",,0,0,80,80,,
1/10/2017,"CADDO","LOOKEBA-SICKLES PUBLIC SCHOOLS INDEPENDENT SCHOOL DISTRICT NO. 012",50802,"PROPOSITION NO. 2  LOOKEBA-SICKLES PUBLIC SCHOOLS",,4,4,2,"AGAINST THE PROPOSITION - NO",,0,0,17,17,,
1/10/2017,"CANADIAN","LOOKEBA-SICKLES PUBLIC SCHOOLS INDEPENDENT SCHOOL DISTRICT NO. 012",50801,"PROPOSITION NO. 1  LOOKEBA-SICKLES PUBLIC SCHOOLS",,1,1,1,"FOR THE PROPOSITION - YES",,0,0,0,0,,
1/10/2017,"CANADIAN","LOOKEBA-SICKLES PUBLIC SCHOOLS INDEPENDENT SCHOOL DISTRICT NO. 012",50801,"PROPOSITION NO. 1  LOOKEBA-SICKLES PUBLIC SCHOOLS",,1,1,2,"AGAINST THE PROPOSITION - NO",,0,0,0,0,,
1/10/2017,"CANADIAN","LOOKEBA-SICKLES PUBLIC SCHOOLS INDEPENDENT SCHOOL DISTRICT NO. 012",50802,"PROPOSITION NO. 2  LOOKEBA-SICKLES PUBLIC SCHOOLS",,1,1,1,"FOR THE PROPOSITION - YES",,0,0,0,0,,
1/10/2017,"CANADIAN","LOOKEBA-SICKLES PUBLIC SCHOOLS INDEPENDENT SCHOOL DISTRICT NO. 012",50802,"PROPOSITION NO. 2  LOOKEBA-SICKLES PUBLIC SCHOOLS",,1,1,2,"AGAINST THE PROPOSITION - NO",,0,0,0,0,,
1/10/2017,"COMANCHE","CHATTANOOGA PUBLIC SCHOOLS INDEPENDENT SCHOOL DISTRICT NO. 132",51601,"PROPOSITION NO. 1  CHATTANOOGA PUBLIC SCHOOLS",,4,4,1,"FOR THE PROPOSITION - YES",,1,0,84,85,,
1/10/2017,"COMANCHE","CHATTANOOGA PUBLIC SCHOOLS INDEPENDENT SCHOOL DISTRICT NO. 132",51601,"PROPOSITION NO. 1  CHATTANOOGA PUBLIC SCHOOLS",,4,4,2,"AGAINST THE PROPOSITION - NO",,1,0,22,23,,
1/10/2017,"COMANCHE","CHATTANOOGA PUBLIC SCHOOLS INDEPENDENT SCHOOL DISTRICT NO. 132",51602,"PROPOSITION NO. 2  CHATTANOOGA PUBLIC SCHOOLS",,4,4,1,"FOR THE PROPOSITION - YES",,1,0,81,82,,
1/10/2017,"COMANCHE","CHATTANOOGA PUBLIC SCHOOLS INDEPENDENT SCHOOL DISTRICT NO. 132",51602,"PROPOSITION NO. 2  CHATTANOOGA PUBLIC SCHOOLS",,4,4,2,"AGAINST THE PROPOSITION - NO",,1,0,26,27,,
1/10/2017,"COMANCHE","EMPIRE PUBLIC SCHOOLS INDEPENDENT SCHOOL DISTRICT NO. 021",56901,"PROPOSITION  EMPIRE PUBLIC SCHOOLS",,1,1,1,"FOR THE PROPOSITION - YES",,0,0,0,0,,
1/10/2017,"COMANCHE","EMPIRE PUBLIC SCHOOLS INDEPENDENT SCHOOL DISTRICT NO. 021",56901,"PROPOSITION  EMPIRE PUBLIC SCHOOLS",,1,1,2,"AGAINST THE PROPOSITION - NO",,0,0,0,0,,
1/10/2017,"COTTON","CHATTANOOGA PUBLIC SCHOOLS INDEPENDENT SCHOOL DISTRICT NO. 132",51601,"PROPOSITION NO. 1  CHATTANOOGA PUBLIC SCHOOLS",,2,2,1,"FOR THE PROPOSITION - YES",,0,0,0,0,,
1/10/2017,"COTTON","CHATTANOOGA PUBLIC SCHOOLS INDEPENDENT SCHOOL DISTRICT NO. 132",51601,"PROPOSITION NO. 1  CHATTANOOGA PUBLIC SCHOOLS",,2,2,2,"AGAINST THE PROPOSITION - NO",,1,0,2,3,,
1/10/2017,"COTTON","CHATTANOOGA PUBLIC SCHOOLS INDEPENDENT SCHOOL DISTRICT NO. 132",51602,"PROPOSITION NO. 2  CHATTANOOGA PUBLIC SCHOOLS",,2,2,1,"FOR THE PROPOSITION - YES",,2,0,0,2,,
1/10/2017,"COTTON","CHATTANOOGA PUBLIC SCHOOLS INDEPENDENT SCHOOL DISTRICT NO. 132",51602,"PROPOSITION NO. 2  CHATTANOOGA PUBLIC SCHOOLS",,2,2,2,"AGAINST THE PROPOSITION - NO",,0,0,2,2,,
1/10/2017,"COTTON","EMPIRE PUBLIC SCHOOLS INDEPENDENT SCHOOL DISTRICT NO. 021",56901,"PROPOSITION  EMPIRE PUBLIC SCHOOLS",,1,1,1,"FOR THE PROPOSITION - YES",,0,0,2,2,,
1/10/2017,"COTTON","EMPIRE PUBLIC SCHOOLS INDEPENDENT SCHOOL DISTRICT NO. 021",56901,"PROPOSITION  EMPIRE PUBLIC SCHOOLS",,1,1,2,"AGAINST THE PROPOSITION - NO",,0,0,3,3,,
1/10/2017,"ELLIS","ARNETT PUBLIC SCHOOLS INDEPENDENT SCHOOL DISTRICT NO. 003",52301,"PROPOSITION NO. 1  ARNETT PUBLIC SCHOOLS",,3,3,1,"FOR THE PROPOSITION - YES",,3,26,121,150,,
1/10/2017,"ELLIS","ARNETT PUBLIC SCHOOLS INDEPENDENT SCHOOL DISTRICT NO. 003",52301,"PROPOSITION NO. 1  ARNETT PUBLIC SCHOOLS",,3,3,2,"AGAINST THE PROPOSITION - NO",,7,9,83,99,,
1/10/2017,"ELLIS","ARNETT PUBLIC SCHOOLS INDEPENDENT SCHOOL DISTRICT NO. 003",52302,"PROPOSITION NO. 2  ARNETT PUBLIC SCHOOLS",,3,3,1,"FOR THE PROPOSITION - YES",,4,26,149,179,,
1/10/2017,"ELLIS","ARNETT PUBLIC SCHOOLS INDEPENDENT SCHOOL DISTRICT NO. 003",52302,"PROPOSITION NO. 2  ARNETT PUBLIC SCHOOLS",,3,3,2,"AGAINST THE PROPOSITION - NO",,6,9,59,74,,
1/10/2017,"GARFIELD","PIONEER-PLEASANT VALE SCHOOLS INDEPENDENT SCHOOL DISTRICT NO. 056",52401,"PROPOSITION NO. 1  PIONEER-PLEASANT VALE SCHOOLS",,8,8,1,"FOR THE PROPOSITION - YES",,1,4,103,108,,
1/10/2017,"GARFIELD","PIONEER-PLEASANT VALE SCHOOLS INDEPENDENT SCHOOL DISTRICT NO. 056",52401,"PROPOSITION NO. 1  PIONEER-PLEASANT VALE SCHOOLS",,8,8,2,"AGAINST THE PROPOSITION - NO",,1,0,39,40,,
1/10/2017,"GARFIELD","PIONEER-PLEASANT VALE SCHOOLS INDEPENDENT SCHOOL DISTRICT NO. 056",52402,"PROPOSITION NO. 2  PIONEER-PLEASANT VALE SCHOOLS",,8,8,1,"FOR THE PROPOSITION - YES",,2,4,109,115,,
1/10/2017,"GARFIELD","PIONEER-PLEASANT VALE SCHOOLS INDEPENDENT SCHOOL DISTRICT NO. 056",52402,"PROPOSITION NO. 2  PIONEER-PLEASANT VALE SCHOOLS",,8,8,2,"AGAINST THE PROPOSITION - NO",,0,0,35,35,,
1/10/2017,"GRADY","RUSH SPRINGS PUBLIC SCHOOLS INDEPENDENT SCHOOL DISTRICT NO. 068",52601,"PROPOSITION  RUSH SPRINGS PUBLIC SCHOOLS",,4,4,1,"FOR THE PROPOSITION - YES",,9,5,416,430,,
1/10/2017,"GRADY","RUSH SPRINGS PUBLIC SCHOOLS INDEPENDENT SCHOOL DISTRICT NO. 068",52601,"PROPOSITION  RUSH SPRINGS PUBLIC SCHOOLS",,4,4,2,"AGAINST THE PROPOSITION - NO",,9,2,187,198,,
1/10/2017,"GREER","ERICK PUBLIC SCHOOLS INDEPENDENT SCHOOL DISTRICT NO. 051",50501,"PROPOSITION  ERICK PUBLIC SCHOOLS",,1,1,1,"FOR THE PROPOSITION - YES",,1,0,0,1,,
1/10/2017,"GREER","ERICK PUBLIC SCHOOLS INDEPENDENT SCHOOL DISTRICT NO. 051",50501,"PROPOSITION  ERICK PUBLIC SCHOOLS",,1,1,2,"AGAINST THE PROPOSITION - NO",,0,0,0,0,,
1/10/2017,"HUGHES","HUGHES COUNTY",60321,"COUNTY QUESTION  HUGHES COUNTY",,16,16,1,"FOR THE PROPOSITION - YES",,6,10,337,353,,
1/10/2017,"HUGHES","HUGHES COUNTY",60321,"COUNTY QUESTION  HUGHES COUNTY",,16,16,2,"AGAINST THE PROPOSITION - NO",,13,15,256,284,,
1/10/2017,"JACKSON","ALTUS PUBLIC SCHOOLS INDEPENDENT SCHOOL DISTRICT NO. 018",53301,"PROPOSITION  ALTUS PUBLIC SCHOOLS",,12,12,1,"FOR THE PROPOSITION - YES",,5,21,368,394,,
1/10/2017,"JACKSON","ALTUS PUBLIC SCHOOLS INDEPENDENT SCHOOL DISTRICT NO. 018",53301,"PROPOSITION  ALTUS PUBLIC SCHOOLS",,12,12,2,"AGAINST THE PROPOSITION - NO",,3,33,366,402,,
1/10/2017,"KAY","FRONTIER PUBLIC SCHOOLS INDEPENDENT SCHOOL DISTRICT NO. 004",55201,"PROPOSITION  FRONTIER PUBLIC SCHOOLS",,2,2,1,"FOR THE PROPOSITION - YES",,0,0,0,0,,
1/10/2017,"KAY","FRONTIER PUBLIC SCHOOLS INDEPENDENT SCHOOL DISTRICT NO. 004",55201,"PROPOSITION  FRONTIER PUBLIC SCHOOLS",,2,2,2,"AGAINST THE PROPOSITION - NO",,0,0,0,0,,
1/10/2017,"NOBLE","FRONTIER PUBLIC SCHOOLS INDEPENDENT SCHOOL DISTRICT NO. 004",55201,"PROPOSITION  FRONTIER PUBLIC SCHOOLS",,6,6,1,"FOR THE PROPOSITION - YES",,0,0,63,63,,
1/10/2017,"NOBLE","FRONTIER PUBLIC SCHOOLS INDEPENDENT SCHOOL DISTRICT NO. 004",55201,"PROPOSITION  FRONTIER PUBLIC SCHOOLS",,6,6,2,"AGAINST THE PROPOSITION - NO",,1,1,16,18,,
1/10/2017,"PAWNEE","FRONTIER PUBLIC SCHOOLS INDEPENDENT SCHOOL DISTRICT NO. 004",55201,"PROPOSITION  FRONTIER PUBLIC SCHOOLS",,1,1,1,"FOR THE PROPOSITION - YES",,0,0,0,0,,
1/10/2017,"PAWNEE","FRONTIER PUBLIC SCHOOLS INDEPENDENT SCHOOL DISTRICT NO. 004",55201,"PROPOSITION  FRONTIER PUBLIC SCHOOLS",,1,1,2,"AGAINST THE PROPOSITION - NO",,0,0,0,0,,
1/10/2017,"PAYNE","PAYNE COUNTY",60601,"PROPOSITION 1 ROAD AND BRIDGE IMPROVEMENTS (53% OF 3/8TH CENT)  PAYNE COUNTY",,31,31,1,"FOR THE PROPOSITION - YES",,46,159,1426,1631,,
1/10/2017,"PAYNE","PAYNE COUNTY",60601,"PROPOSITION 1 ROAD AND BRIDGE IMPROVEMENTS (53% OF 3/8TH CENT)  PAYNE COUNTY",,31,31,2,"AGAINST THE PROPOSITION - NO",,13,4,222,239,,
1/10/2017,"PAYNE","PAYNE COUNTY",60602,"PROPOSITION 2 COUNTY GENERAL FUND (15% OF 3/8TH CENT)  PAYNE COUNTY",,31,31,1,"FOR THE PROPOSITION - YES",,31,153,1298,1482,,
1/10/2017,"PAYNE","PAYNE COUNTY",60602,"PROPOSITION 2 COUNTY GENERAL FUND (15% OF 3/8TH CENT)  PAYNE COUNTY",,31,31,2,"AGAINST THE PROPOSITION - NO",,28,9,347,384,,
1/10/2017,"PAYNE","PAYNE COUNTY",60603,"PROPOSITION 3 PAYNE COUNTY EXPOSITION CENTER AND FAIR BOARD (20% OF 3/8TH CENT)  PAYNE COUNTY",,31,31,1,"FOR THE PROPOSITION - YES",,33,151,1296,1480,,
1/10/2017,"PAYNE","PAYNE COUNTY",60603,"PROPOSITION 3 PAYNE COUNTY EXPOSITION CENTER AND FAIR BOARD (20% OF 3/8TH CENT)  PAYNE COUNTY",,31,31,2,"AGAINST THE PROPOSITION - NO",,26,11,348,385,,
1/10/2017,"PAYNE","PAYNE COUNTY",60604,"PROPOSITION 4 PAYNE COUNTY EXTENSION CENTER (7% OF 3/8TH CENT)  PAYNE COUNTY",,31,31,1,"FOR THE PROPOSITION - YES",,35,151,1317,1503,,
1/10/2017,"PAYNE","PAYNE COUNTY",60604,"PROPOSITION 4 PAYNE COUNTY EXTENSION CENTER (7% OF 3/8TH CENT)  PAYNE COUNTY",,31,31,2,"AGAINST THE PROPOSITION - NO",,24,10,327,361,,
1/10/2017,"PAYNE","PAYNE COUNTY",60605,"PROPOSITION 5 FIRE DEPARTMENTS (5% OF 3/8TH CENT)  PAYNE COUNTY",,31,31,1,"FOR THE PROPOSITION - YES",,47,157,1420,1624,,
1/10/2017,"PAYNE","PAYNE COUNTY",60605,"PROPOSITION 5 FIRE DEPARTMENTS (5% OF 3/8TH CENT)  PAYNE COUNTY",,31,31,2,"AGAINST THE PROPOSITION - NO",,12,6,226,244,,
1/10/2017,"PONTOTOC","CITY OF ADA",46201,"PROPOSITION NO. 1 STREETS AND ALLEYS, WATER SYSTEM, AND SEWER SYSTEM  CITY OF ADA",,9,9,1,"FOR THE PROPOSITION - YES",,31,38,481,550,,
1/10/2017,"PONTOTOC","CITY OF ADA",46201,"PROPOSITION NO. 1 STREETS AND ALLEYS, WATER SYSTEM, AND SEWER SYSTEM  CITY OF ADA",,9,9,2,"AGAINST THE PROPOSITION - NO",,7,8,141,156,,
1/10/2017,"PONTOTOC","CITY OF ADA",46202,"PROPOSITION NO. 2 ADA ECONOMIC DEVELOPMENT  CITY OF ADA",,9,9,1,"FOR THE PROPOSITION - YES",,28,35,441,504,,
1/10/2017,"PONTOTOC","CITY OF ADA",46202,"PROPOSITION NO. 2 ADA ECONOMIC DEVELOPMENT  CITY OF ADA",,9,9,2,"AGAINST THE PROPOSITION - NO",,10,10,173,193,,
1/10/2017,"POTTAWATOMIE","BETHEL PUBLIC SCHOOLS INDEPENDENT SCHOOL DISTRICT NO. 003",56301,"PROPOSITION NO. 1  BETHEL PUBLIC SCHOOLS",,6,6,1,"FOR THE PROPOSITION - YES",,5,3,192,200,,
1/10/2017,"POTTAWATOMIE","BETHEL PUBLIC SCHOOLS INDEPENDENT SCHOOL DISTRICT NO. 003",56301,"PROPOSITION NO. 1  BETHEL PUBLIC SCHOOLS",,6,6,2,"AGAINST THE PROPOSITION - NO",,1,0,170,171,,
1/10/2017,"POTTAWATOMIE","BETHEL PUBLIC SCHOOLS INDEPENDENT SCHOOL DISTRICT NO. 003",56302,"PROPOSITION NO. 2  BETHEL PUBLIC SCHOOLS",,6,6,1,"FOR THE PROPOSITION - YES",,5,3,202,210,,
1/10/2017,"POTTAWATOMIE","BETHEL PUBLIC SCHOOLS INDEPENDENT SCHOOL DISTRICT NO. 003",56302,"PROPOSITION NO. 2  BETHEL PUBLIC SCHOOLS",,6,6,2,"AGAINST THE PROPOSITION - NO",,1,0,159,160,,
1/10/2017,"POTTAWATOMIE","NORTH ROCK CREEK PUBLIC SCHOOL ELEMENTARY SCHOOL DISTRICT NO. 010",56303,"PROPOSITION  NORTH ROCK CREEK PUBLIC SCHOOL",,5,5,1,"FOR THE PROPOSITION - YES",,2,3,282,287,,
1/10/2017,"POTTAWATOMIE","NORTH ROCK CREEK PUBLIC SCHOOL ELEMENTARY SCHOOL DISTRICT NO. 010",56303,"PROPOSITION  NORTH ROCK CREEK PUBLIC SCHOOL",,5,5,2,"AGAINST THE PROPOSITION - NO",,5,0,167,172,,
1/10/2017,"ROGERS","JUSTUS-TIAWAH PUBLIC SCHOOL ELEMENTARY SCHOOL DISTRICT NO. 009",56601,"PROPOSITION  JUSTUS-TIAWAH PUBLIC SCHOOL",,4,4,1,"FOR THE PROPOSITION - YES",,1,1,118,120,,
1/10/2017,"ROGERS","JUSTUS-TIAWAH PUBLIC SCHOOL ELEMENTARY SCHOOL DISTRICT NO. 009",56601,"PROPOSITION  JUSTUS-TIAWAH PUBLIC SCHOOL",,4,4,2,"AGAINST THE PROPOSITION - NO",,1,2,48,51,,
1/10/2017,"STEPHENS","EMPIRE PUBLIC SCHOOLS INDEPENDENT SCHOOL DISTRICT NO. 021",56901,"PROPOSITION  EMPIRE PUBLIC SCHOOLS",,10,10,1,"FOR THE PROPOSITION - YES",,2,3,104,109,,
1/10/2017,"STEPHENS","EMPIRE PUBLIC SCHOOLS INDEPENDENT SCHOOL DISTRICT NO. 021",56901,"PROPOSITION  EMPIRE PUBLIC SCHOOLS",,10,10,2,"AGAINST THE PROPOSITION - NO",,0,5,48,53,,
1/10/2017,"TEXAS","TOWN OF TEXHOMA",47001,"PROPOSITION NO. 1  TOWN OF TEXHOMA",,1,1,1,"FOR THE PROPOSITION - YES",,3,0,31,34,,
1/10/2017,"TEXAS","TOWN OF TEXHOMA",47001,"PROPOSITION NO. 1  TOWN OF TEXHOMA",,1,1,2,"AGAINST THE PROPOSITION - NO",,2,0,45,47,,
1/10/2017,"TEXAS","TOWN OF TEXHOMA",47002,"PROPOSITION NO. 2  TOWN OF TEXHOMA",,1,1,1,"FOR THE PROPOSITION - YES",,4,0,45,49,,
1/10/2017,"TEXAS","TOWN OF TEXHOMA",47002,"PROPOSITION NO. 2  TOWN OF TEXHOMA",,1,1,2,"AGAINST THE PROPOSITION - NO",,1,0,31,32,,
1/10/2017,"TILLMAN","CHATTANOOGA PUBLIC SCHOOLS INDEPENDENT SCHOOL DISTRICT NO. 132",51601,"PROPOSITION NO. 1  CHATTANOOGA PUBLIC SCHOOLS",,4,4,1,"FOR THE PROPOSITION - YES",,2,0,24,26,,
1/10/2017,"TILLMAN","CHATTANOOGA PUBLIC SCHOOLS INDEPENDENT SCHOOL DISTRICT NO. 132",51601,"PROPOSITION NO. 1  CHATTANOOGA PUBLIC SCHOOLS",,4,4,2,"AGAINST THE PROPOSITION - NO",,0,0,18,18,,
1/10/2017,"TILLMAN","CHATTANOOGA PUBLIC SCHOOLS INDEPENDENT SCHOOL DISTRICT NO. 132",51602,"PROPOSITION NO. 2  CHATTANOOGA PUBLIC SCHOOLS",,4,4,1,"FOR THE PROPOSITION - YES",,2,0,20,22,,
1/10/2017,"TILLMAN","CHATTANOOGA PUBLIC SCHOOLS INDEPENDENT SCHOOL DISTRICT NO. 132",51602,"PROPOSITION NO. 2  CHATTANOOGA PUBLIC SCHOOLS",,4,4,2,"AGAINST THE PROPOSITION - NO",,0,0,22,22,,
1/10/2017,"WOODWARD","ARNETT PUBLIC SCHOOLS INDEPENDENT SCHOOL DISTRICT NO. 003",52301,"PROPOSITION NO. 1  ARNETT PUBLIC SCHOOLS",,1,1,1,"FOR THE PROPOSITION - YES",,0,0,0,0,,
1/10/2017,"WOODWARD","ARNETT PUBLIC SCHOOLS INDEPENDENT SCHOOL DISTRICT NO. 003",52301,"PROPOSITION NO. 1  ARNETT PUBLIC SCHOOLS",,1,1,2,"AGAINST THE PROPOSITION - NO",,0,2,0,2,,
1/10/2017,"WOODWARD","ARNETT PUBLIC SCHOOLS INDEPENDENT SCHOOL DISTRICT NO. 003",52302,"PROPOSITION NO. 2  ARNETT PUBLIC SCHOOLS",,1,1,1,"FOR THE PROPOSITION - YES",,0,0,0,0,,
1/10/2017,"WOODWARD","ARNETT PUBLIC SCHOOLS INDEPENDENT SCHOOL DISTRICT NO. 003",52302,"PROPOSITION NO. 2  ARNETT PUBLIC SCHOOLS",,1,1,2,"AGAINST THE PROPOSITION - NO",,0,2,0,2,,
