elec_date,precinct,entity_description,race_number,race_description,race_party,tot_race_prec,race_prec_reporting,cand_number,cand_name,cand_party,cand_absmail_votes,cand_early_votes,cand_elecday_votes,cand_tot_votes,race_county_owner
11/9/2021,"040011","LAVERNE PUBLIC SCHOOLS INDEPENDENT SCHOOL DISTRICT NO. 001",53001,"PROPOSITION  LAVERNE PUBLIC SCHOOLS",,9,9,1,"FOR THE PROPOSITION - YES",,0,2,21,23,,
11/9/2021,"040011","LAVERNE PUBLIC SCHOOLS INDEPENDENT SCHOOL DISTRICT NO. 001",53001,"PROPOSITION  LAVERNE PUBLIC SCHOOLS",,9,9,2,"AGAINST THE PROPOSITION - NO",,8,8,86,102,,
11/9/2021,"040013","LAVERNE PUBLIC SCHOOLS INDEPENDENT SCHOOL DISTRICT NO. 001",53001,"PROPOSITION  LAVERNE PUBLIC SCHOOLS",,9,9,1,"FOR THE PROPOSITION - YES",,3,0,9,12,,
11/9/2021,"040013","LAVERNE PUBLIC SCHOOLS INDEPENDENT SCHOOL DISTRICT NO. 001",53001,"PROPOSITION  LAVERNE PUBLIC SCHOOLS",,9,9,2,"AGAINST THE PROPOSITION - NO",,1,0,43,44,,
11/9/2021,"040023","LAVERNE PUBLIC SCHOOLS INDEPENDENT SCHOOL DISTRICT NO. 001",53001,"PROPOSITION  LAVERNE PUBLIC SCHOOLS",,9,9,1,"FOR THE PROPOSITION - YES",,0,2,0,2,,
11/9/2021,"040023","LAVERNE PUBLIC SCHOOLS INDEPENDENT SCHOOL DISTRICT NO. 001",53001,"PROPOSITION  LAVERNE PUBLIC SCHOOLS",,9,9,2,"AGAINST THE PROPOSITION - NO",,0,1,0,1,,
11/9/2021,"050115","OKLA DEPT - CAREER & TECH ED",60281,"PROPOSITION  OKLA DEPT - CAREER & TECH ED",,11,11,1,"FOR THE PROPOSITION - YES",,0,0,0,0,,
11/9/2021,"050115","OKLA DEPT - CAREER & TECH ED",60281,"PROPOSITION  OKLA DEPT - CAREER & TECH ED",,11,11,2,"AGAINST THE PROPOSITION - NO",,0,0,0,0,,
11/9/2021,"050320","CITY OF ERICK",40501,"PROPOSITION  CITY OF ERICK",,1,1,1,"FOR THE PROPOSITION - YES",,4,0,19,23,,
11/9/2021,"050320","CITY OF ERICK",40501,"PROPOSITION  CITY OF ERICK",,1,1,2,"AGAINST THE PROPOSITION - NO",,0,0,3,3,,
11/9/2021,"060020","TOWN OF HYDRO",40802,"PROPOSITION  TOWN OF HYDRO",,2,2,1,"FOR THE PROPOSITION - YES",,0,0,16,16,,
11/9/2021,"060020","TOWN OF HYDRO",40802,"PROPOSITION  TOWN OF HYDRO",,2,2,2,"AGAINST THE PROPOSITION - NO",,0,0,0,0,,
11/9/2021,"080012","CADDO COUNTY",30003,"PROPOSITION",,20,20,1,"FOR THE PROPOSITION - YES",,0,1,3,4,CADDO
11/9/2021,"080012","CADDO COUNTY",30003,"PROPOSITION",,20,20,2,"AGAINST THE PROPOSITION - NO",,1,0,1,2,CADDO
11/9/2021,"080022","CADDO COUNTY",30003,"PROPOSITION",,20,20,1,"FOR THE PROPOSITION - YES",,1,3,10,14,CADDO
11/9/2021,"080022","CADDO COUNTY",30003,"PROPOSITION",,20,20,2,"AGAINST THE PROPOSITION - NO",,0,1,1,2,CADDO
11/9/2021,"080031","CADDO COUNTY",30003,"PROPOSITION",,20,20,1,"FOR THE PROPOSITION - YES",,1,2,8,11,CADDO
11/9/2021,"080031","CADDO COUNTY",30003,"PROPOSITION",,20,20,2,"AGAINST THE PROPOSITION - NO",,0,1,1,2,CADDO
11/9/2021,"080041","CADDO COUNTY",30003,"PROPOSITION",,20,20,1,"FOR THE PROPOSITION - YES",,4,5,20,29,CADDO
11/9/2021,"080041","CADDO COUNTY",30003,"PROPOSITION",,20,20,2,"AGAINST THE PROPOSITION - NO",,1,2,6,9,CADDO
11/9/2021,"080051","CADDO COUNTY",30003,"PROPOSITION",,20,20,1,"FOR THE PROPOSITION - YES",,6,9,32,47,CADDO
11/9/2021,"080051","CADDO COUNTY",30003,"PROPOSITION",,20,20,2,"AGAINST THE PROPOSITION - NO",,3,0,6,9,CADDO
11/9/2021,"080102","CADDO COUNTY",30003,"PROPOSITION",,20,20,1,"FOR THE PROPOSITION - YES",,7,0,77,84,CADDO
11/9/2021,"080102","CADDO COUNTY",30003,"PROPOSITION",,20,20,2,"AGAINST THE PROPOSITION - NO",,0,0,2,2,CADDO
11/9/2021,"080509","CADDO COUNTY",30003,"PROPOSITION",,20,20,1,"FOR THE PROPOSITION - YES",,0,2,8,10,CADDO
11/9/2021,"080509","CADDO COUNTY",30003,"PROPOSITION",,20,20,2,"AGAINST THE PROPOSITION - NO",,0,0,4,4,CADDO
11/9/2021,"080510","CADDO COUNTY",30003,"PROPOSITION",,20,20,1,"FOR THE PROPOSITION - YES",,1,2,29,32,CADDO
11/9/2021,"080510","CADDO COUNTY",30003,"PROPOSITION",,20,20,2,"AGAINST THE PROPOSITION - NO",,1,0,1,2,CADDO
11/9/2021,"080511","CADDO COUNTY",30003,"PROPOSITION",,20,20,1,"FOR THE PROPOSITION - YES",,4,1,50,55,CADDO
11/9/2021,"080511","CADDO COUNTY",30003,"PROPOSITION",,20,20,2,"AGAINST THE PROPOSITION - NO",,0,0,9,9,CADDO
11/9/2021,"080712","CADDO COUNTY",30003,"PROPOSITION",,20,20,1,"FOR THE PROPOSITION - YES",,3,3,60,66,CADDO
11/9/2021,"080712","CADDO COUNTY",30003,"PROPOSITION",,20,20,2,"AGAINST THE PROPOSITION - NO",,0,1,3,4,CADDO
11/9/2021,"080712","TOWN OF FORT COBB",40801,"PROPOSITION  TOWN OF FORT COBB",,1,1,1,"FOR THE PROPOSITION - YES",,1,1,44,46,,
11/9/2021,"080712","TOWN OF FORT COBB",40801,"PROPOSITION  TOWN OF FORT COBB",,1,1,2,"AGAINST THE PROPOSITION - NO",,0,0,0,0,,
11/9/2021,"080715","CADDO COUNTY",30003,"PROPOSITION",,20,20,1,"FOR THE PROPOSITION - YES",,0,0,5,5,CADDO
11/9/2021,"080715","CADDO COUNTY",30003,"PROPOSITION",,20,20,2,"AGAINST THE PROPOSITION - NO",,0,0,1,1,CADDO
11/9/2021,"080810","CADDO COUNTY",30003,"PROPOSITION",,20,20,1,"FOR THE PROPOSITION - YES",,1,0,9,10,CADDO
11/9/2021,"080810","CADDO COUNTY",30003,"PROPOSITION",,20,20,2,"AGAINST THE PROPOSITION - NO",,0,0,5,5,CADDO
11/9/2021,"080811","CADDO COUNTY",30003,"PROPOSITION",,20,20,1,"FOR THE PROPOSITION - YES",,3,4,12,19,CADDO
11/9/2021,"080811","CADDO COUNTY",30003,"PROPOSITION",,20,20,2,"AGAINST THE PROPOSITION - NO",,1,0,4,5,CADDO
11/9/2021,"080812","CADDO COUNTY",30003,"PROPOSITION",,20,20,1,"FOR THE PROPOSITION - YES",,5,0,22,27,CADDO
11/9/2021,"080812","CADDO COUNTY",30003,"PROPOSITION",,20,20,2,"AGAINST THE PROPOSITION - NO",,1,0,4,5,CADDO
11/9/2021,"081009","CADDO COUNTY",30003,"PROPOSITION",,20,20,1,"FOR THE PROPOSITION - YES",,0,2,29,31,CADDO
11/9/2021,"081009","CADDO COUNTY",30003,"PROPOSITION",,20,20,2,"AGAINST THE PROPOSITION - NO",,3,0,1,4,CADDO
11/9/2021,"081010","CADDO COUNTY",30003,"PROPOSITION",,20,20,1,"FOR THE PROPOSITION - YES",,5,2,35,42,CADDO
11/9/2021,"081010","CADDO COUNTY",30003,"PROPOSITION",,20,20,2,"AGAINST THE PROPOSITION - NO",,0,0,3,3,CADDO
11/9/2021,"081011","CADDO COUNTY",30003,"PROPOSITION",,20,20,1,"FOR THE PROPOSITION - YES",,4,0,25,29,CADDO
11/9/2021,"081011","CADDO COUNTY",30003,"PROPOSITION",,20,20,2,"AGAINST THE PROPOSITION - NO",,0,0,2,2,CADDO
11/9/2021,"081013","CADDO COUNTY",30003,"PROPOSITION",,20,20,1,"FOR THE PROPOSITION - YES",,9,0,28,37,CADDO
11/9/2021,"081013","CADDO COUNTY",30003,"PROPOSITION",,20,20,2,"AGAINST THE PROPOSITION - NO",,2,0,0,2,CADDO
11/9/2021,"081111","CADDO COUNTY",30003,"PROPOSITION",,20,20,1,"FOR THE PROPOSITION - YES",,3,1,39,43,CADDO
11/9/2021,"081111","CADDO COUNTY",30003,"PROPOSITION",,20,20,2,"AGAINST THE PROPOSITION - NO",,3,0,27,30,CADDO
11/9/2021,"081213","CADDO COUNTY",30003,"PROPOSITION",,20,20,1,"FOR THE PROPOSITION - YES",,2,0,23,25,CADDO
11/9/2021,"081213","CADDO COUNTY",30003,"PROPOSITION",,20,20,2,"AGAINST THE PROPOSITION - NO",,0,0,2,2,CADDO
11/9/2021,"081213","TOWN OF HYDRO",40802,"PROPOSITION  TOWN OF HYDRO",,2,2,1,"FOR THE PROPOSITION - YES",,2,0,23,25,,
11/9/2021,"081213","TOWN OF HYDRO",40802,"PROPOSITION  TOWN OF HYDRO",,2,2,2,"AGAINST THE PROPOSITION - NO",,0,0,1,1,,
11/9/2021,"090100","CITY OF EL RENO",40901,"FOR COUNCILMEMBER WARD 2  CITY OF EL RENO",,5,5,1,"PETER STAPPERFEND",,0,0,12,12,,
11/9/2021,"090100","CITY OF EL RENO",40901,"FOR COUNCILMEMBER WARD 2  CITY OF EL RENO",,5,5,2,"BOB BALLHORN",,0,1,3,4,,
11/9/2021,"090102","CITY OF EL RENO",40901,"FOR COUNCILMEMBER WARD 2  CITY OF EL RENO",,5,5,1,"PETER STAPPERFEND",,0,0,0,0,,
11/9/2021,"090102","CITY OF EL RENO",40901,"FOR COUNCILMEMBER WARD 2  CITY OF EL RENO",,5,5,2,"BOB BALLHORN",,0,0,5,5,,
11/9/2021,"090106","CITY OF EL RENO",40901,"FOR COUNCILMEMBER WARD 2  CITY OF EL RENO",,5,5,1,"PETER STAPPERFEND",,0,0,53,53,,
11/9/2021,"090106","CITY OF EL RENO",40901,"FOR COUNCILMEMBER WARD 2  CITY OF EL RENO",,5,5,2,"BOB BALLHORN",,0,0,21,21,,
11/9/2021,"090109","CITY OF EL RENO",40901,"FOR COUNCILMEMBER WARD 2  CITY OF EL RENO",,5,5,1,"PETER STAPPERFEND",,0,1,30,31,,
11/9/2021,"090109","CITY OF EL RENO",40901,"FOR COUNCILMEMBER WARD 2  CITY OF EL RENO",,5,5,2,"BOB BALLHORN",,0,0,9,9,,
11/9/2021,"090116","CITY OF EL RENO",40901,"FOR COUNCILMEMBER WARD 2  CITY OF EL RENO",,5,5,1,"PETER STAPPERFEND",,0,0,12,12,,
11/9/2021,"090116","CITY OF EL RENO",40901,"FOR COUNCILMEMBER WARD 2  CITY OF EL RENO",,5,5,2,"BOB BALLHORN",,0,0,9,9,,
11/9/2021,"090200","YUKON PUBLIC SCHOOLS INDEPENDENT SCHOOL DISTRICT NO. 027",50901,"PROPOSITION NO. 1  YUKON PUBLIC SCHOOLS",,20,20,1,"FOR THE PROPOSITION - YES",,33,0,175,208,,
11/9/2021,"090200","YUKON PUBLIC SCHOOLS INDEPENDENT SCHOOL DISTRICT NO. 027",50901,"PROPOSITION NO. 1  YUKON PUBLIC SCHOOLS",,20,20,2,"AGAINST THE PROPOSITION - NO",,13,0,72,85,,
11/9/2021,"090200","YUKON PUBLIC SCHOOLS INDEPENDENT SCHOOL DISTRICT NO. 027",50902,"PROPOSITION NO. 2  YUKON PUBLIC SCHOOLS",,20,20,1,"FOR THE PROPOSITION - YES",,33,0,185,218,,
11/9/2021,"090200","YUKON PUBLIC SCHOOLS INDEPENDENT SCHOOL DISTRICT NO. 027",50902,"PROPOSITION NO. 2  YUKON PUBLIC SCHOOLS",,20,20,2,"AGAINST THE PROPOSITION - NO",,13,0,62,75,,
11/9/2021,"090201","YUKON PUBLIC SCHOOLS INDEPENDENT SCHOOL DISTRICT NO. 027",50901,"PROPOSITION NO. 1  YUKON PUBLIC SCHOOLS",,20,20,1,"FOR THE PROPOSITION - YES",,3,0,82,85,,
11/9/2021,"090201","YUKON PUBLIC SCHOOLS INDEPENDENT SCHOOL DISTRICT NO. 027",50901,"PROPOSITION NO. 1  YUKON PUBLIC SCHOOLS",,20,20,2,"AGAINST THE PROPOSITION - NO",,2,0,37,39,,
11/9/2021,"090201","YUKON PUBLIC SCHOOLS INDEPENDENT SCHOOL DISTRICT NO. 027",50902,"PROPOSITION NO. 2  YUKON PUBLIC SCHOOLS",,20,20,1,"FOR THE PROPOSITION - YES",,3,0,93,96,,
11/9/2021,"090201","YUKON PUBLIC SCHOOLS INDEPENDENT SCHOOL DISTRICT NO. 027",50902,"PROPOSITION NO. 2  YUKON PUBLIC SCHOOLS",,20,20,2,"AGAINST THE PROPOSITION - NO",,2,0,27,29,,
11/9/2021,"090202","YUKON PUBLIC SCHOOLS INDEPENDENT SCHOOL DISTRICT NO. 027",50901,"PROPOSITION NO. 1  YUKON PUBLIC SCHOOLS",,20,20,1,"FOR THE PROPOSITION - YES",,0,0,2,2,,
11/9/2021,"090202","YUKON PUBLIC SCHOOLS INDEPENDENT SCHOOL DISTRICT NO. 027",50901,"PROPOSITION NO. 1  YUKON PUBLIC SCHOOLS",,20,20,2,"AGAINST THE PROPOSITION - NO",,0,0,3,3,,
11/9/2021,"090202","YUKON PUBLIC SCHOOLS INDEPENDENT SCHOOL DISTRICT NO. 027",50902,"PROPOSITION NO. 2  YUKON PUBLIC SCHOOLS",,20,20,1,"FOR THE PROPOSITION - YES",,0,0,2,2,,
11/9/2021,"090202","YUKON PUBLIC SCHOOLS INDEPENDENT SCHOOL DISTRICT NO. 027",50902,"PROPOSITION NO. 2  YUKON PUBLIC SCHOOLS",,20,20,2,"AGAINST THE PROPOSITION - NO",,0,0,3,3,,
11/9/2021,"090204","YUKON PUBLIC SCHOOLS INDEPENDENT SCHOOL DISTRICT NO. 027",50901,"PROPOSITION NO. 1  YUKON PUBLIC SCHOOLS",,20,20,1,"FOR THE PROPOSITION - YES",,8,0,134,142,,
11/9/2021,"090204","YUKON PUBLIC SCHOOLS INDEPENDENT SCHOOL DISTRICT NO. 027",50901,"PROPOSITION NO. 1  YUKON PUBLIC SCHOOLS",,20,20,2,"AGAINST THE PROPOSITION - NO",,5,0,56,61,,
11/9/2021,"090204","YUKON PUBLIC SCHOOLS INDEPENDENT SCHOOL DISTRICT NO. 027",50902,"PROPOSITION NO. 2  YUKON PUBLIC SCHOOLS",,20,20,1,"FOR THE PROPOSITION - YES",,8,0,132,140,,
11/9/2021,"090204","YUKON PUBLIC SCHOOLS INDEPENDENT SCHOOL DISTRICT NO. 027",50902,"PROPOSITION NO. 2  YUKON PUBLIC SCHOOLS",,20,20,2,"AGAINST THE PROPOSITION - NO",,5,0,58,63,,
11/9/2021,"090206","YUKON PUBLIC SCHOOLS INDEPENDENT SCHOOL DISTRICT NO. 027",50901,"PROPOSITION NO. 1  YUKON PUBLIC SCHOOLS",,20,20,1,"FOR THE PROPOSITION - YES",,7,0,109,116,,
11/9/2021,"090206","YUKON PUBLIC SCHOOLS INDEPENDENT SCHOOL DISTRICT NO. 027",50901,"PROPOSITION NO. 1  YUKON PUBLIC SCHOOLS",,20,20,2,"AGAINST THE PROPOSITION - NO",,6,0,61,67,,
11/9/2021,"090206","YUKON PUBLIC SCHOOLS INDEPENDENT SCHOOL DISTRICT NO. 027",50902,"PROPOSITION NO. 2  YUKON PUBLIC SCHOOLS",,20,20,1,"FOR THE PROPOSITION - YES",,7,0,120,127,,
11/9/2021,"090206","YUKON PUBLIC SCHOOLS INDEPENDENT SCHOOL DISTRICT NO. 027",50902,"PROPOSITION NO. 2  YUKON PUBLIC SCHOOLS",,20,20,2,"AGAINST THE PROPOSITION - NO",,6,0,51,57,,
11/9/2021,"090208","YUKON PUBLIC SCHOOLS INDEPENDENT SCHOOL DISTRICT NO. 027",50901,"PROPOSITION NO. 1  YUKON PUBLIC SCHOOLS",,20,20,1,"FOR THE PROPOSITION - YES",,8,0,111,119,,
11/9/2021,"090208","YUKON PUBLIC SCHOOLS INDEPENDENT SCHOOL DISTRICT NO. 027",50901,"PROPOSITION NO. 1  YUKON PUBLIC SCHOOLS",,20,20,2,"AGAINST THE PROPOSITION - NO",,8,1,58,67,,
11/9/2021,"090208","YUKON PUBLIC SCHOOLS INDEPENDENT SCHOOL DISTRICT NO. 027",50902,"PROPOSITION NO. 2  YUKON PUBLIC SCHOOLS",,20,20,1,"FOR THE PROPOSITION - YES",,10,0,119,129,,
11/9/2021,"090208","YUKON PUBLIC SCHOOLS INDEPENDENT SCHOOL DISTRICT NO. 027",50902,"PROPOSITION NO. 2  YUKON PUBLIC SCHOOLS",,20,20,2,"AGAINST THE PROPOSITION - NO",,7,1,51,59,,
11/9/2021,"090209","YUKON PUBLIC SCHOOLS INDEPENDENT SCHOOL DISTRICT NO. 027",50901,"PROPOSITION NO. 1  YUKON PUBLIC SCHOOLS",,20,20,1,"FOR THE PROPOSITION - YES",,0,0,3,3,,
11/9/2021,"090209","YUKON PUBLIC SCHOOLS INDEPENDENT SCHOOL DISTRICT NO. 027",50901,"PROPOSITION NO. 1  YUKON PUBLIC SCHOOLS",,20,20,2,"AGAINST THE PROPOSITION - NO",,0,0,1,1,,
11/9/2021,"090209","YUKON PUBLIC SCHOOLS INDEPENDENT SCHOOL DISTRICT NO. 027",50902,"PROPOSITION NO. 2  YUKON PUBLIC SCHOOLS",,20,20,1,"FOR THE PROPOSITION - YES",,0,0,3,3,,
11/9/2021,"090209","YUKON PUBLIC SCHOOLS INDEPENDENT SCHOOL DISTRICT NO. 027",50902,"PROPOSITION NO. 2  YUKON PUBLIC SCHOOLS",,20,20,2,"AGAINST THE PROPOSITION - NO",,0,0,1,1,,
11/9/2021,"090210","YUKON PUBLIC SCHOOLS INDEPENDENT SCHOOL DISTRICT NO. 027",50901,"PROPOSITION NO. 1  YUKON PUBLIC SCHOOLS",,20,20,1,"FOR THE PROPOSITION - YES",,4,0,63,67,,
11/9/2021,"090210","YUKON PUBLIC SCHOOLS INDEPENDENT SCHOOL DISTRICT NO. 027",50901,"PROPOSITION NO. 1  YUKON PUBLIC SCHOOLS",,20,20,2,"AGAINST THE PROPOSITION - NO",,0,0,35,35,,
11/9/2021,"090210","YUKON PUBLIC SCHOOLS INDEPENDENT SCHOOL DISTRICT NO. 027",50902,"PROPOSITION NO. 2  YUKON PUBLIC SCHOOLS",,20,20,1,"FOR THE PROPOSITION - YES",,4,0,68,72,,
11/9/2021,"090210","YUKON PUBLIC SCHOOLS INDEPENDENT SCHOOL DISTRICT NO. 027",50902,"PROPOSITION NO. 2  YUKON PUBLIC SCHOOLS",,20,20,2,"AGAINST THE PROPOSITION - NO",,0,0,29,29,,
11/9/2021,"090211","YUKON PUBLIC SCHOOLS INDEPENDENT SCHOOL DISTRICT NO. 027",50901,"PROPOSITION NO. 1  YUKON PUBLIC SCHOOLS",,20,20,1,"FOR THE PROPOSITION - YES",,9,1,62,72,,
11/9/2021,"090211","YUKON PUBLIC SCHOOLS INDEPENDENT SCHOOL DISTRICT NO. 027",50901,"PROPOSITION NO. 1  YUKON PUBLIC SCHOOLS",,20,20,2,"AGAINST THE PROPOSITION - NO",,1,0,8,9,,
11/9/2021,"090211","YUKON PUBLIC SCHOOLS INDEPENDENT SCHOOL DISTRICT NO. 027",50902,"PROPOSITION NO. 2  YUKON PUBLIC SCHOOLS",,20,20,1,"FOR THE PROPOSITION - YES",,9,1,62,72,,
11/9/2021,"090211","YUKON PUBLIC SCHOOLS INDEPENDENT SCHOOL DISTRICT NO. 027",50902,"PROPOSITION NO. 2  YUKON PUBLIC SCHOOLS",,20,20,2,"AGAINST THE PROPOSITION - NO",,1,0,9,10,,
11/9/2021,"090214","YUKON PUBLIC SCHOOLS INDEPENDENT SCHOOL DISTRICT NO. 027",50901,"PROPOSITION NO. 1  YUKON PUBLIC SCHOOLS",,20,20,1,"FOR THE PROPOSITION - YES",,7,0,135,142,,
11/9/2021,"090214","YUKON PUBLIC SCHOOLS INDEPENDENT SCHOOL DISTRICT NO. 027",50901,"PROPOSITION NO. 1  YUKON PUBLIC SCHOOLS",,20,20,2,"AGAINST THE PROPOSITION - NO",,15,0,54,69,,
11/9/2021,"090214","YUKON PUBLIC SCHOOLS INDEPENDENT SCHOOL DISTRICT NO. 027",50902,"PROPOSITION NO. 2  YUKON PUBLIC SCHOOLS",,20,20,1,"FOR THE PROPOSITION - YES",,9,0,139,148,,
11/9/2021,"090214","YUKON PUBLIC SCHOOLS INDEPENDENT SCHOOL DISTRICT NO. 027",50902,"PROPOSITION NO. 2  YUKON PUBLIC SCHOOLS",,20,20,2,"AGAINST THE PROPOSITION - NO",,13,0,51,64,,
11/9/2021,"090215","YUKON PUBLIC SCHOOLS INDEPENDENT SCHOOL DISTRICT NO. 027",50901,"PROPOSITION NO. 1  YUKON PUBLIC SCHOOLS",,20,20,1,"FOR THE PROPOSITION - YES",,1,0,40,41,,
11/9/2021,"090215","YUKON PUBLIC SCHOOLS INDEPENDENT SCHOOL DISTRICT NO. 027",50901,"PROPOSITION NO. 1  YUKON PUBLIC SCHOOLS",,20,20,2,"AGAINST THE PROPOSITION - NO",,0,0,15,15,,
11/9/2021,"090215","YUKON PUBLIC SCHOOLS INDEPENDENT SCHOOL DISTRICT NO. 027",50902,"PROPOSITION NO. 2  YUKON PUBLIC SCHOOLS",,20,20,1,"FOR THE PROPOSITION - YES",,1,0,37,38,,
11/9/2021,"090215","YUKON PUBLIC SCHOOLS INDEPENDENT SCHOOL DISTRICT NO. 027",50902,"PROPOSITION NO. 2  YUKON PUBLIC SCHOOLS",,20,20,2,"AGAINST THE PROPOSITION - NO",,0,0,18,18,,
11/9/2021,"090216","YUKON PUBLIC SCHOOLS INDEPENDENT SCHOOL DISTRICT NO. 027",50901,"PROPOSITION NO. 1  YUKON PUBLIC SCHOOLS",,20,20,1,"FOR THE PROPOSITION - YES",,35,2,220,257,,
11/9/2021,"090216","YUKON PUBLIC SCHOOLS INDEPENDENT SCHOOL DISTRICT NO. 027",50901,"PROPOSITION NO. 1  YUKON PUBLIC SCHOOLS",,20,20,2,"AGAINST THE PROPOSITION - NO",,11,1,71,83,,
11/9/2021,"090216","YUKON PUBLIC SCHOOLS INDEPENDENT SCHOOL DISTRICT NO. 027",50902,"PROPOSITION NO. 2  YUKON PUBLIC SCHOOLS",,20,20,1,"FOR THE PROPOSITION - YES",,37,2,231,270,,
11/9/2021,"090216","YUKON PUBLIC SCHOOLS INDEPENDENT SCHOOL DISTRICT NO. 027",50902,"PROPOSITION NO. 2  YUKON PUBLIC SCHOOLS",,20,20,2,"AGAINST THE PROPOSITION - NO",,10,1,60,71,,
11/9/2021,"090217","YUKON PUBLIC SCHOOLS INDEPENDENT SCHOOL DISTRICT NO. 027",50901,"PROPOSITION NO. 1  YUKON PUBLIC SCHOOLS",,20,20,1,"FOR THE PROPOSITION - YES",,16,0,121,137,,
11/9/2021,"090217","YUKON PUBLIC SCHOOLS INDEPENDENT SCHOOL DISTRICT NO. 027",50901,"PROPOSITION NO. 1  YUKON PUBLIC SCHOOLS",,20,20,2,"AGAINST THE PROPOSITION - NO",,9,2,28,39,,
11/9/2021,"090217","YUKON PUBLIC SCHOOLS INDEPENDENT SCHOOL DISTRICT NO. 027",50902,"PROPOSITION NO. 2  YUKON PUBLIC SCHOOLS",,20,20,1,"FOR THE PROPOSITION - YES",,16,0,123,139,,
11/9/2021,"090217","YUKON PUBLIC SCHOOLS INDEPENDENT SCHOOL DISTRICT NO. 027",50902,"PROPOSITION NO. 2  YUKON PUBLIC SCHOOLS",,20,20,2,"AGAINST THE PROPOSITION - NO",,9,2,26,37,,
11/9/2021,"090218","YUKON PUBLIC SCHOOLS INDEPENDENT SCHOOL DISTRICT NO. 027",50901,"PROPOSITION NO. 1  YUKON PUBLIC SCHOOLS",,20,20,1,"FOR THE PROPOSITION - YES",,6,1,96,103,,
11/9/2021,"090218","YUKON PUBLIC SCHOOLS INDEPENDENT SCHOOL DISTRICT NO. 027",50901,"PROPOSITION NO. 1  YUKON PUBLIC SCHOOLS",,20,20,2,"AGAINST THE PROPOSITION - NO",,10,0,38,48,,
11/9/2021,"090218","YUKON PUBLIC SCHOOLS INDEPENDENT SCHOOL DISTRICT NO. 027",50902,"PROPOSITION NO. 2  YUKON PUBLIC SCHOOLS",,20,20,1,"FOR THE PROPOSITION - YES",,7,1,94,102,,
11/9/2021,"090218","YUKON PUBLIC SCHOOLS INDEPENDENT SCHOOL DISTRICT NO. 027",50902,"PROPOSITION NO. 2  YUKON PUBLIC SCHOOLS",,20,20,2,"AGAINST THE PROPOSITION - NO",,9,0,41,50,,
11/9/2021,"090220","YUKON PUBLIC SCHOOLS INDEPENDENT SCHOOL DISTRICT NO. 027",50901,"PROPOSITION NO. 1  YUKON PUBLIC SCHOOLS",,20,20,1,"FOR THE PROPOSITION - YES",,23,0,206,229,,
11/9/2021,"090220","YUKON PUBLIC SCHOOLS INDEPENDENT SCHOOL DISTRICT NO. 027",50901,"PROPOSITION NO. 1  YUKON PUBLIC SCHOOLS",,20,20,2,"AGAINST THE PROPOSITION - NO",,19,0,70,89,,
11/9/2021,"090220","YUKON PUBLIC SCHOOLS INDEPENDENT SCHOOL DISTRICT NO. 027",50902,"PROPOSITION NO. 2  YUKON PUBLIC SCHOOLS",,20,20,1,"FOR THE PROPOSITION - YES",,25,0,211,236,,
11/9/2021,"090220","YUKON PUBLIC SCHOOLS INDEPENDENT SCHOOL DISTRICT NO. 027",50902,"PROPOSITION NO. 2  YUKON PUBLIC SCHOOLS",,20,20,2,"AGAINST THE PROPOSITION - NO",,17,0,67,84,,
11/9/2021,"090226","YUKON PUBLIC SCHOOLS INDEPENDENT SCHOOL DISTRICT NO. 027",50901,"PROPOSITION NO. 1  YUKON PUBLIC SCHOOLS",,20,20,1,"FOR THE PROPOSITION - YES",,1,0,11,12,,
11/9/2021,"090226","YUKON PUBLIC SCHOOLS INDEPENDENT SCHOOL DISTRICT NO. 027",50901,"PROPOSITION NO. 1  YUKON PUBLIC SCHOOLS",,20,20,2,"AGAINST THE PROPOSITION - NO",,1,0,5,6,,
11/9/2021,"090226","YUKON PUBLIC SCHOOLS INDEPENDENT SCHOOL DISTRICT NO. 027",50902,"PROPOSITION NO. 2  YUKON PUBLIC SCHOOLS",,20,20,1,"FOR THE PROPOSITION - YES",,1,0,12,13,,
11/9/2021,"090226","YUKON PUBLIC SCHOOLS INDEPENDENT SCHOOL DISTRICT NO. 027",50902,"PROPOSITION NO. 2  YUKON PUBLIC SCHOOLS",,20,20,2,"AGAINST THE PROPOSITION - NO",,1,0,5,6,,
11/9/2021,"090228","YUKON PUBLIC SCHOOLS INDEPENDENT SCHOOL DISTRICT NO. 027",50901,"PROPOSITION NO. 1  YUKON PUBLIC SCHOOLS",,20,20,1,"FOR THE PROPOSITION - YES",,0,0,15,15,,
11/9/2021,"090228","YUKON PUBLIC SCHOOLS INDEPENDENT SCHOOL DISTRICT NO. 027",50901,"PROPOSITION NO. 1  YUKON PUBLIC SCHOOLS",,20,20,2,"AGAINST THE PROPOSITION - NO",,0,0,1,1,,
11/9/2021,"090228","YUKON PUBLIC SCHOOLS INDEPENDENT SCHOOL DISTRICT NO. 027",50902,"PROPOSITION NO. 2  YUKON PUBLIC SCHOOLS",,20,20,1,"FOR THE PROPOSITION - YES",,0,0,14,14,,
11/9/2021,"090228","YUKON PUBLIC SCHOOLS INDEPENDENT SCHOOL DISTRICT NO. 027",50902,"PROPOSITION NO. 2  YUKON PUBLIC SCHOOLS",,20,20,2,"AGAINST THE PROPOSITION - NO",,0,0,2,2,,
11/9/2021,"090303","YUKON PUBLIC SCHOOLS INDEPENDENT SCHOOL DISTRICT NO. 027",50901,"PROPOSITION NO. 1  YUKON PUBLIC SCHOOLS",,20,20,1,"FOR THE PROPOSITION - YES",,0,0,1,1,,
11/9/2021,"090303","YUKON PUBLIC SCHOOLS INDEPENDENT SCHOOL DISTRICT NO. 027",50901,"PROPOSITION NO. 1  YUKON PUBLIC SCHOOLS",,20,20,2,"AGAINST THE PROPOSITION - NO",,2,0,0,2,,
11/9/2021,"090303","YUKON PUBLIC SCHOOLS INDEPENDENT SCHOOL DISTRICT NO. 027",50902,"PROPOSITION NO. 2  YUKON PUBLIC SCHOOLS",,20,20,1,"FOR THE PROPOSITION - YES",,0,0,1,1,,
11/9/2021,"090303","YUKON PUBLIC SCHOOLS INDEPENDENT SCHOOL DISTRICT NO. 027",50902,"PROPOSITION NO. 2  YUKON PUBLIC SCHOOLS",,20,20,2,"AGAINST THE PROPOSITION - NO",,2,0,0,2,,
11/9/2021,"090308","YUKON PUBLIC SCHOOLS INDEPENDENT SCHOOL DISTRICT NO. 027",50901,"PROPOSITION NO. 1  YUKON PUBLIC SCHOOLS",,20,20,1,"FOR THE PROPOSITION - YES",,3,0,0,3,,
11/9/2021,"090308","YUKON PUBLIC SCHOOLS INDEPENDENT SCHOOL DISTRICT NO. 027",50901,"PROPOSITION NO. 1  YUKON PUBLIC SCHOOLS",,20,20,2,"AGAINST THE PROPOSITION - NO",,0,0,0,0,,
11/9/2021,"090308","YUKON PUBLIC SCHOOLS INDEPENDENT SCHOOL DISTRICT NO. 027",50902,"PROPOSITION NO. 2  YUKON PUBLIC SCHOOLS",,20,20,1,"FOR THE PROPOSITION - YES",,3,0,0,3,,
11/9/2021,"090308","YUKON PUBLIC SCHOOLS INDEPENDENT SCHOOL DISTRICT NO. 027",50902,"PROPOSITION NO. 2  YUKON PUBLIC SCHOOLS",,20,20,2,"AGAINST THE PROPOSITION - NO",,0,0,0,0,,
11/9/2021,"090506","YUKON PUBLIC SCHOOLS INDEPENDENT SCHOOL DISTRICT NO. 027",50901,"PROPOSITION NO. 1  YUKON PUBLIC SCHOOLS",,20,20,1,"FOR THE PROPOSITION - YES",,0,0,0,0,,
11/9/2021,"090506","YUKON PUBLIC SCHOOLS INDEPENDENT SCHOOL DISTRICT NO. 027",50901,"PROPOSITION NO. 1  YUKON PUBLIC SCHOOLS",,20,20,2,"AGAINST THE PROPOSITION - NO",,0,0,0,0,,
11/9/2021,"090506","YUKON PUBLIC SCHOOLS INDEPENDENT SCHOOL DISTRICT NO. 027",50902,"PROPOSITION NO. 2  YUKON PUBLIC SCHOOLS",,20,20,1,"FOR THE PROPOSITION - YES",,0,0,0,0,,
11/9/2021,"090506","YUKON PUBLIC SCHOOLS INDEPENDENT SCHOOL DISTRICT NO. 027",50902,"PROPOSITION NO. 2  YUKON PUBLIC SCHOOLS",,20,20,2,"AGAINST THE PROPOSITION - NO",,0,0,0,0,,
11/9/2021,"140005","CITY OF MOORE",41401,"PROPOSITION NO. 1  CITY OF MOORE",,19,19,1,"FOR THE PROPOSITION - YES",,4,0,27,31,,
11/9/2021,"140005","CITY OF MOORE",41401,"PROPOSITION NO. 1  CITY OF MOORE",,19,19,2,"AGAINST THE PROPOSITION - NO",,3,0,17,20,,
11/9/2021,"140005","CITY OF MOORE",41402,"PROPOSITION NO. 2  CITY OF MOORE",,19,19,1,"FOR THE PROPOSITION - YES",,6,0,29,35,,
11/9/2021,"140005","CITY OF MOORE",41402,"PROPOSITION NO. 2  CITY OF MOORE",,19,19,2,"AGAINST THE PROPOSITION - NO",,2,0,15,17,,
11/9/2021,"140016","CITY OF MOORE",41401,"PROPOSITION NO. 1  CITY OF MOORE",,19,19,1,"FOR THE PROPOSITION - YES",,11,1,137,149,,
11/9/2021,"140016","CITY OF MOORE",41401,"PROPOSITION NO. 1  CITY OF MOORE",,19,19,2,"AGAINST THE PROPOSITION - NO",,2,0,52,54,,
11/9/2021,"140016","CITY OF MOORE",41402,"PROPOSITION NO. 2  CITY OF MOORE",,19,19,1,"FOR THE PROPOSITION - YES",,9,1,119,129,,
11/9/2021,"140016","CITY OF MOORE",41402,"PROPOSITION NO. 2  CITY OF MOORE",,19,19,2,"AGAINST THE PROPOSITION - NO",,4,0,71,75,,
11/9/2021,"140017","CITY OF MOORE",41401,"PROPOSITION NO. 1  CITY OF MOORE",,19,19,1,"FOR THE PROPOSITION - YES",,0,0,36,36,,
11/9/2021,"140017","CITY OF MOORE",41401,"PROPOSITION NO. 1  CITY OF MOORE",,19,19,2,"AGAINST THE PROPOSITION - NO",,1,0,14,15,,
11/9/2021,"140017","CITY OF MOORE",41402,"PROPOSITION NO. 2  CITY OF MOORE",,19,19,1,"FOR THE PROPOSITION - YES",,0,0,26,26,,
11/9/2021,"140017","CITY OF MOORE",41402,"PROPOSITION NO. 2  CITY OF MOORE",,19,19,2,"AGAINST THE PROPOSITION - NO",,1,0,24,25,,
11/9/2021,"140021","CITY OF MOORE",41401,"PROPOSITION NO. 1  CITY OF MOORE",,19,19,1,"FOR THE PROPOSITION - YES",,3,0,67,70,,
11/9/2021,"140021","CITY OF MOORE",41401,"PROPOSITION NO. 1  CITY OF MOORE",,19,19,2,"AGAINST THE PROPOSITION - NO",,4,1,43,48,,
11/9/2021,"140021","CITY OF MOORE",41402,"PROPOSITION NO. 2  CITY OF MOORE",,19,19,1,"FOR THE PROPOSITION - YES",,3,0,67,70,,
11/9/2021,"140021","CITY OF MOORE",41402,"PROPOSITION NO. 2  CITY OF MOORE",,19,19,2,"AGAINST THE PROPOSITION - NO",,4,1,43,48,,
11/9/2021,"140022","CITY OF MOORE",41401,"PROPOSITION NO. 1  CITY OF MOORE",,19,19,1,"FOR THE PROPOSITION - YES",,14,2,185,201,,
11/9/2021,"140022","CITY OF MOORE",41401,"PROPOSITION NO. 1  CITY OF MOORE",,19,19,2,"AGAINST THE PROPOSITION - NO",,12,2,78,92,,
11/9/2021,"140022","CITY OF MOORE",41402,"PROPOSITION NO. 2  CITY OF MOORE",,19,19,1,"FOR THE PROPOSITION - YES",,10,4,172,186,,
11/9/2021,"140022","CITY OF MOORE",41402,"PROPOSITION NO. 2  CITY OF MOORE",,19,19,2,"AGAINST THE PROPOSITION - NO",,16,0,92,108,,
11/9/2021,"140024","CITY OF MOORE",41401,"PROPOSITION NO. 1  CITY OF MOORE",,19,19,1,"FOR THE PROPOSITION - YES",,34,0,191,225,,
11/9/2021,"140024","CITY OF MOORE",41401,"PROPOSITION NO. 1  CITY OF MOORE",,19,19,2,"AGAINST THE PROPOSITION - NO",,24,3,81,108,,
11/9/2021,"140024","CITY OF MOORE",41402,"PROPOSITION NO. 2  CITY OF MOORE",,19,19,1,"FOR THE PROPOSITION - YES",,34,1,176,211,,
11/9/2021,"140024","CITY OF MOORE",41402,"PROPOSITION NO. 2  CITY OF MOORE",,19,19,2,"AGAINST THE PROPOSITION - NO",,24,2,96,122,,
11/9/2021,"140037","CITY OF MOORE",41401,"PROPOSITION NO. 1  CITY OF MOORE",,19,19,1,"FOR THE PROPOSITION - YES",,1,0,21,22,,
11/9/2021,"140037","CITY OF MOORE",41401,"PROPOSITION NO. 1  CITY OF MOORE",,19,19,2,"AGAINST THE PROPOSITION - NO",,0,0,9,9,,
11/9/2021,"140037","CITY OF MOORE",41402,"PROPOSITION NO. 2  CITY OF MOORE",,19,19,1,"FOR THE PROPOSITION - YES",,1,0,20,21,,
11/9/2021,"140037","CITY OF MOORE",41402,"PROPOSITION NO. 2  CITY OF MOORE",,19,19,2,"AGAINST THE PROPOSITION - NO",,0,0,10,10,,
11/9/2021,"140044","CITY OF MOORE",41401,"PROPOSITION NO. 1  CITY OF MOORE",,19,19,1,"FOR THE PROPOSITION - YES",,13,2,146,161,,
11/9/2021,"140044","CITY OF MOORE",41401,"PROPOSITION NO. 1  CITY OF MOORE",,19,19,2,"AGAINST THE PROPOSITION - NO",,2,0,57,59,,
11/9/2021,"140044","CITY OF MOORE",41402,"PROPOSITION NO. 2  CITY OF MOORE",,19,19,1,"FOR THE PROPOSITION - YES",,13,2,136,151,,
11/9/2021,"140044","CITY OF MOORE",41402,"PROPOSITION NO. 2  CITY OF MOORE",,19,19,2,"AGAINST THE PROPOSITION - NO",,2,0,67,69,,
11/9/2021,"140047","CITY OF MOORE",41401,"PROPOSITION NO. 1  CITY OF MOORE",,19,19,1,"FOR THE PROPOSITION - YES",,3,0,102,105,,
11/9/2021,"140047","CITY OF MOORE",41401,"PROPOSITION NO. 1  CITY OF MOORE",,19,19,2,"AGAINST THE PROPOSITION - NO",,2,0,32,34,,
11/9/2021,"140047","CITY OF MOORE",41402,"PROPOSITION NO. 2  CITY OF MOORE",,19,19,1,"FOR THE PROPOSITION - YES",,2,0,106,108,,
11/9/2021,"140047","CITY OF MOORE",41402,"PROPOSITION NO. 2  CITY OF MOORE",,19,19,2,"AGAINST THE PROPOSITION - NO",,3,0,28,31,,
11/9/2021,"140048","CITY OF MOORE",41401,"PROPOSITION NO. 1  CITY OF MOORE",,19,19,1,"FOR THE PROPOSITION - YES",,8,0,62,70,,
11/9/2021,"140048","CITY OF MOORE",41401,"PROPOSITION NO. 1  CITY OF MOORE",,19,19,2,"AGAINST THE PROPOSITION - NO",,1,0,50,51,,
11/9/2021,"140048","CITY OF MOORE",41402,"PROPOSITION NO. 2  CITY OF MOORE",,19,19,1,"FOR THE PROPOSITION - YES",,7,0,68,75,,
11/9/2021,"140048","CITY OF MOORE",41402,"PROPOSITION NO. 2  CITY OF MOORE",,19,19,2,"AGAINST THE PROPOSITION - NO",,2,0,44,46,,
11/9/2021,"140054","CITY OF MOORE",41401,"PROPOSITION NO. 1  CITY OF MOORE",,19,19,1,"FOR THE PROPOSITION - YES",,1,0,34,35,,
11/9/2021,"140054","CITY OF MOORE",41401,"PROPOSITION NO. 1  CITY OF MOORE",,19,19,2,"AGAINST THE PROPOSITION - NO",,0,0,31,31,,
11/9/2021,"140054","CITY OF MOORE",41402,"PROPOSITION NO. 2  CITY OF MOORE",,19,19,1,"FOR THE PROPOSITION - YES",,1,0,36,37,,
11/9/2021,"140054","CITY OF MOORE",41402,"PROPOSITION NO. 2  CITY OF MOORE",,19,19,2,"AGAINST THE PROPOSITION - NO",,0,0,29,29,,
11/9/2021,"140058","CITY OF MOORE",41401,"PROPOSITION NO. 1  CITY OF MOORE",,19,19,1,"FOR THE PROPOSITION - YES",,7,0,93,100,,
11/9/2021,"140058","CITY OF MOORE",41401,"PROPOSITION NO. 1  CITY OF MOORE",,19,19,2,"AGAINST THE PROPOSITION - NO",,3,1,43,47,,
11/9/2021,"140058","CITY OF MOORE",41402,"PROPOSITION NO. 2  CITY OF MOORE",,19,19,1,"FOR THE PROPOSITION - YES",,9,0,93,102,,
11/9/2021,"140058","CITY OF MOORE",41402,"PROPOSITION NO. 2  CITY OF MOORE",,19,19,2,"AGAINST THE PROPOSITION - NO",,1,1,43,45,,
11/9/2021,"140060","CITY OF MOORE",41401,"PROPOSITION NO. 1  CITY OF MOORE",,19,19,1,"FOR THE PROPOSITION - YES",,10,3,79,92,,
11/9/2021,"140060","CITY OF MOORE",41401,"PROPOSITION NO. 1  CITY OF MOORE",,19,19,2,"AGAINST THE PROPOSITION - NO",,8,0,44,52,,
11/9/2021,"140060","CITY OF MOORE",41402,"PROPOSITION NO. 2  CITY OF MOORE",,19,19,1,"FOR THE PROPOSITION - YES",,9,3,83,95,,
11/9/2021,"140060","CITY OF MOORE",41402,"PROPOSITION NO. 2  CITY OF MOORE",,19,19,2,"AGAINST THE PROPOSITION - NO",,10,0,41,51,,
11/9/2021,"140063","CITY OF MOORE",41401,"PROPOSITION NO. 1  CITY OF MOORE",,19,19,1,"FOR THE PROPOSITION - YES",,1,0,7,8,,
11/9/2021,"140063","CITY OF MOORE",41401,"PROPOSITION NO. 1  CITY OF MOORE",,19,19,2,"AGAINST THE PROPOSITION - NO",,1,0,4,5,,
11/9/2021,"140063","CITY OF MOORE",41402,"PROPOSITION NO. 2  CITY OF MOORE",,19,19,1,"FOR THE PROPOSITION - YES",,1,0,8,9,,
11/9/2021,"140063","CITY OF MOORE",41402,"PROPOSITION NO. 2  CITY OF MOORE",,19,19,2,"AGAINST THE PROPOSITION - NO",,1,0,3,4,,
11/9/2021,"140070","CITY OF MOORE",41401,"PROPOSITION NO. 1  CITY OF MOORE",,19,19,1,"FOR THE PROPOSITION - YES",,11,2,99,112,,
11/9/2021,"140070","CITY OF MOORE",41401,"PROPOSITION NO. 1  CITY OF MOORE",,19,19,2,"AGAINST THE PROPOSITION - NO",,4,0,48,52,,
11/9/2021,"140070","CITY OF MOORE",41402,"PROPOSITION NO. 2  CITY OF MOORE",,19,19,1,"FOR THE PROPOSITION - YES",,11,2,99,112,,
11/9/2021,"140070","CITY OF MOORE",41402,"PROPOSITION NO. 2  CITY OF MOORE",,19,19,2,"AGAINST THE PROPOSITION - NO",,4,0,48,52,,
11/9/2021,"140072","CITY OF MOORE",41401,"PROPOSITION NO. 1  CITY OF MOORE",,19,19,1,"FOR THE PROPOSITION - YES",,13,1,134,148,,
11/9/2021,"140072","CITY OF MOORE",41401,"PROPOSITION NO. 1  CITY OF MOORE",,19,19,2,"AGAINST THE PROPOSITION - NO",,11,1,71,83,,
11/9/2021,"140072","CITY OF MOORE",41402,"PROPOSITION NO. 2  CITY OF MOORE",,19,19,1,"FOR THE PROPOSITION - YES",,16,2,121,139,,
11/9/2021,"140072","CITY OF MOORE",41402,"PROPOSITION NO. 2  CITY OF MOORE",,19,19,2,"AGAINST THE PROPOSITION - NO",,8,0,84,92,,
11/9/2021,"140080","CITY OF MOORE",41401,"PROPOSITION NO. 1  CITY OF MOORE",,19,19,1,"FOR THE PROPOSITION - YES",,1,0,22,23,,
11/9/2021,"140080","CITY OF MOORE",41401,"PROPOSITION NO. 1  CITY OF MOORE",,19,19,2,"AGAINST THE PROPOSITION - NO",,0,0,11,11,,
11/9/2021,"140080","CITY OF MOORE",41402,"PROPOSITION NO. 2  CITY OF MOORE",,19,19,1,"FOR THE PROPOSITION - YES",,1,0,18,19,,
11/9/2021,"140080","CITY OF MOORE",41402,"PROPOSITION NO. 2  CITY OF MOORE",,19,19,2,"AGAINST THE PROPOSITION - NO",,0,0,14,14,,
11/9/2021,"140089","CITY OF MOORE",41401,"PROPOSITION NO. 1  CITY OF MOORE",,19,19,1,"FOR THE PROPOSITION - YES",,10,4,135,149,,
11/9/2021,"140089","CITY OF MOORE",41401,"PROPOSITION NO. 1  CITY OF MOORE",,19,19,2,"AGAINST THE PROPOSITION - NO",,8,0,45,53,,
11/9/2021,"140089","CITY OF MOORE",41402,"PROPOSITION NO. 2  CITY OF MOORE",,19,19,1,"FOR THE PROPOSITION - YES",,9,4,123,136,,
11/9/2021,"140089","CITY OF MOORE",41402,"PROPOSITION NO. 2  CITY OF MOORE",,19,19,2,"AGAINST THE PROPOSITION - NO",,9,0,59,68,,
11/9/2021,"140090","CITY OF MOORE",41401,"PROPOSITION NO. 1  CITY OF MOORE",,19,19,1,"FOR THE PROPOSITION - YES",,0,0,0,0,,
11/9/2021,"140090","CITY OF MOORE",41401,"PROPOSITION NO. 1  CITY OF MOORE",,19,19,2,"AGAINST THE PROPOSITION - NO",,0,0,0,0,,
11/9/2021,"140090","CITY OF MOORE",41402,"PROPOSITION NO. 2  CITY OF MOORE",,19,19,1,"FOR THE PROPOSITION - YES",,0,0,0,0,,
11/9/2021,"140090","CITY OF MOORE",41402,"PROPOSITION NO. 2  CITY OF MOORE",,19,19,2,"AGAINST THE PROPOSITION - NO",,0,0,0,0,,
11/9/2021,"150002","COAL COUNTY",30001,"PROPOSITION NO. 1 HOSPITAL AND EMERGENCY FACILITIES BOND PROJECTS",,9,9,1,"FOR THE PROPOSITION - YES",,3,5,25,33,COAL
11/9/2021,"150002","COAL COUNTY",30001,"PROPOSITION NO. 1 HOSPITAL AND EMERGENCY FACILITIES BOND PROJECTS",,9,9,2,"AGAINST THE PROPOSITION - NO",,2,4,84,90,COAL
11/9/2021,"150002","COAL COUNTY",30002,"PROPOSITION NO. 2 HOSPITAL NURSING AND LONG-TERM CARE BOND PROJECTS",,9,9,1,"FOR THE PROPOSITION - YES",,3,5,26,34,COAL
11/9/2021,"150002","COAL COUNTY",30002,"PROPOSITION NO. 2 HOSPITAL NURSING AND LONG-TERM CARE BOND PROJECTS",,9,9,2,"AGAINST THE PROPOSITION - NO",,2,4,83,89,COAL
11/9/2021,"150003","COAL COUNTY",30001,"PROPOSITION NO. 1 HOSPITAL AND EMERGENCY FACILITIES BOND PROJECTS",,9,9,1,"FOR THE PROPOSITION - YES",,0,2,36,38,COAL
11/9/2021,"150003","COAL COUNTY",30001,"PROPOSITION NO. 1 HOSPITAL AND EMERGENCY FACILITIES BOND PROJECTS",,9,9,2,"AGAINST THE PROPOSITION - NO",,2,4,40,46,COAL
11/9/2021,"150003","COAL COUNTY",30002,"PROPOSITION NO. 2 HOSPITAL NURSING AND LONG-TERM CARE BOND PROJECTS",,9,9,1,"FOR THE PROPOSITION - YES",,0,2,38,40,COAL
11/9/2021,"150003","COAL COUNTY",30002,"PROPOSITION NO. 2 HOSPITAL NURSING AND LONG-TERM CARE BOND PROJECTS",,9,9,2,"AGAINST THE PROPOSITION - NO",,2,4,38,44,COAL
11/9/2021,"150004","COAL COUNTY",30001,"PROPOSITION NO. 1 HOSPITAL AND EMERGENCY FACILITIES BOND PROJECTS",,9,9,1,"FOR THE PROPOSITION - YES",,6,22,53,81,COAL
11/9/2021,"150004","COAL COUNTY",30001,"PROPOSITION NO. 1 HOSPITAL AND EMERGENCY FACILITIES BOND PROJECTS",,9,9,2,"AGAINST THE PROPOSITION - NO",,2,7,87,96,COAL
11/9/2021,"150004","COAL COUNTY",30002,"PROPOSITION NO. 2 HOSPITAL NURSING AND LONG-TERM CARE BOND PROJECTS",,9,9,1,"FOR THE PROPOSITION - YES",,6,22,55,83,COAL
11/9/2021,"150004","COAL COUNTY",30002,"PROPOSITION NO. 2 HOSPITAL NURSING AND LONG-TERM CARE BOND PROJECTS",,9,9,2,"AGAINST THE PROPOSITION - NO",,2,7,84,93,COAL
11/9/2021,"150005","COAL COUNTY",30001,"PROPOSITION NO. 1 HOSPITAL AND EMERGENCY FACILITIES BOND PROJECTS",,9,9,1,"FOR THE PROPOSITION - YES",,3,30,61,94,COAL
11/9/2021,"150005","COAL COUNTY",30001,"PROPOSITION NO. 1 HOSPITAL AND EMERGENCY FACILITIES BOND PROJECTS",,9,9,2,"AGAINST THE PROPOSITION - NO",,1,14,72,87,COAL
11/9/2021,"150005","COAL COUNTY",30002,"PROPOSITION NO. 2 HOSPITAL NURSING AND LONG-TERM CARE BOND PROJECTS",,9,9,1,"FOR THE PROPOSITION - YES",,3,30,64,97,COAL
11/9/2021,"150005","COAL COUNTY",30002,"PROPOSITION NO. 2 HOSPITAL NURSING AND LONG-TERM CARE BOND PROJECTS",,9,9,2,"AGAINST THE PROPOSITION - NO",,1,14,70,85,COAL
11/9/2021,"150006","COAL COUNTY",30001,"PROPOSITION NO. 1 HOSPITAL AND EMERGENCY FACILITIES BOND PROJECTS",,9,9,1,"FOR THE PROPOSITION - YES",,1,13,21,35,COAL
11/9/2021,"150006","COAL COUNTY",30001,"PROPOSITION NO. 1 HOSPITAL AND EMERGENCY FACILITIES BOND PROJECTS",,9,9,2,"AGAINST THE PROPOSITION - NO",,0,10,30,40,COAL
11/9/2021,"150006","COAL COUNTY",30002,"PROPOSITION NO. 2 HOSPITAL NURSING AND LONG-TERM CARE BOND PROJECTS",,9,9,1,"FOR THE PROPOSITION - YES",,1,13,21,35,COAL
11/9/2021,"150006","COAL COUNTY",30002,"PROPOSITION NO. 2 HOSPITAL NURSING AND LONG-TERM CARE BOND PROJECTS",,9,9,2,"AGAINST THE PROPOSITION - NO",,0,10,30,40,COAL
11/9/2021,"150007","COAL COUNTY",30001,"PROPOSITION NO. 1 HOSPITAL AND EMERGENCY FACILITIES BOND PROJECTS",,9,9,1,"FOR THE PROPOSITION - YES",,3,17,56,76,COAL
11/9/2021,"150007","COAL COUNTY",30001,"PROPOSITION NO. 1 HOSPITAL AND EMERGENCY FACILITIES BOND PROJECTS",,9,9,2,"AGAINST THE PROPOSITION - NO",,0,5,65,70,COAL
11/9/2021,"150007","COAL COUNTY",30002,"PROPOSITION NO. 2 HOSPITAL NURSING AND LONG-TERM CARE BOND PROJECTS",,9,9,1,"FOR THE PROPOSITION - YES",,3,16,59,78,COAL
11/9/2021,"150007","COAL COUNTY",30002,"PROPOSITION NO. 2 HOSPITAL NURSING AND LONG-TERM CARE BOND PROJECTS",,9,9,2,"AGAINST THE PROPOSITION - NO",,0,6,61,67,COAL
11/9/2021,"150009","COAL COUNTY",30001,"PROPOSITION NO. 1 HOSPITAL AND EMERGENCY FACILITIES BOND PROJECTS",,9,9,1,"FOR THE PROPOSITION - YES",,2,0,5,7,COAL
11/9/2021,"150009","COAL COUNTY",30001,"PROPOSITION NO. 1 HOSPITAL AND EMERGENCY FACILITIES BOND PROJECTS",,9,9,2,"AGAINST THE PROPOSITION - NO",,1,1,24,26,COAL
11/9/2021,"150009","COAL COUNTY",30002,"PROPOSITION NO. 2 HOSPITAL NURSING AND LONG-TERM CARE BOND PROJECTS",,9,9,1,"FOR THE PROPOSITION - YES",,2,0,6,8,COAL
11/9/2021,"150009","COAL COUNTY",30002,"PROPOSITION NO. 2 HOSPITAL NURSING AND LONG-TERM CARE BOND PROJECTS",,9,9,2,"AGAINST THE PROPOSITION - NO",,1,1,23,25,COAL
11/9/2021,"150010","COAL COUNTY",30001,"PROPOSITION NO. 1 HOSPITAL AND EMERGENCY FACILITIES BOND PROJECTS",,9,9,1,"FOR THE PROPOSITION - YES",,0,1,14,15,COAL
11/9/2021,"150010","COAL COUNTY",30001,"PROPOSITION NO. 1 HOSPITAL AND EMERGENCY FACILITIES BOND PROJECTS",,9,9,2,"AGAINST THE PROPOSITION - NO",,1,6,31,38,COAL
11/9/2021,"150010","COAL COUNTY",30002,"PROPOSITION NO. 2 HOSPITAL NURSING AND LONG-TERM CARE BOND PROJECTS",,9,9,1,"FOR THE PROPOSITION - YES",,0,2,14,16,COAL
11/9/2021,"150010","COAL COUNTY",30002,"PROPOSITION NO. 2 HOSPITAL NURSING AND LONG-TERM CARE BOND PROJECTS",,9,9,2,"AGAINST THE PROPOSITION - NO",,1,5,31,37,COAL
11/9/2021,"150011","COAL COUNTY",30001,"PROPOSITION NO. 1 HOSPITAL AND EMERGENCY FACILITIES BOND PROJECTS",,9,9,1,"FOR THE PROPOSITION - YES",,0,8,42,50,COAL
11/9/2021,"150011","COAL COUNTY",30001,"PROPOSITION NO. 1 HOSPITAL AND EMERGENCY FACILITIES BOND PROJECTS",,9,9,2,"AGAINST THE PROPOSITION - NO",,1,5,67,73,COAL
11/9/2021,"150011","COAL COUNTY",30002,"PROPOSITION NO. 2 HOSPITAL NURSING AND LONG-TERM CARE BOND PROJECTS",,9,9,1,"FOR THE PROPOSITION - YES",,0,8,47,55,COAL
11/9/2021,"150011","COAL COUNTY",30002,"PROPOSITION NO. 2 HOSPITAL NURSING AND LONG-TERM CARE BOND PROJECTS",,9,9,2,"AGAINST THE PROPOSITION - NO",,1,5,63,69,COAL
11/9/2021,"160013","CITY OF LAWTON",41603,"FOR COUNCIL MEMBER WARD 2  CITY OF LAWTON",,6,6,1,"KELLY HARRIS",,8,3,44,55,,
11/9/2021,"160013","CITY OF LAWTON",41603,"FOR COUNCIL MEMBER WARD 2  CITY OF LAWTON",,6,6,2,"MARK T MALONE",,5,2,83,90,,
11/9/2021,"160014","CITY OF LAWTON",41603,"FOR COUNCIL MEMBER WARD 2  CITY OF LAWTON",,6,6,1,"KELLY HARRIS",,1,0,3,4,,
11/9/2021,"160014","CITY OF LAWTON",41603,"FOR COUNCIL MEMBER WARD 2  CITY OF LAWTON",,6,6,2,"MARK T MALONE",,0,0,0,0,,
11/9/2021,"160019","CITY OF LAWTON",41603,"FOR COUNCIL MEMBER WARD 2  CITY OF LAWTON",,6,6,1,"KELLY HARRIS",,5,3,81,89,,
11/9/2021,"160019","CITY OF LAWTON",41603,"FOR COUNCIL MEMBER WARD 2  CITY OF LAWTON",,6,6,2,"MARK T MALONE",,2,4,40,46,,
11/9/2021,"160026","FLOWER MOUND PUBLIC SCHOOL ELEMENTARY SCHOOL DISTRICT NO. 048",51601,"PROPOSITION  FLOWER MOUND PUBLIC SCHOOL",,5,5,1,"FOR THE PROPOSITION - YES",,0,0,0,0,,
11/9/2021,"160026","FLOWER MOUND PUBLIC SCHOOL ELEMENTARY SCHOOL DISTRICT NO. 048",51601,"PROPOSITION  FLOWER MOUND PUBLIC SCHOOL",,5,5,2,"AGAINST THE PROPOSITION - NO",,0,0,0,0,,
11/9/2021,"160030","CITY OF LAWTON",41603,"FOR COUNCIL MEMBER WARD 2  CITY OF LAWTON",,6,6,1,"KELLY HARRIS",,2,1,14,17,,
11/9/2021,"160030","CITY OF LAWTON",41603,"FOR COUNCIL MEMBER WARD 2  CITY OF LAWTON",,6,6,2,"MARK T MALONE",,4,2,15,21,,
11/9/2021,"160031","CITY OF LAWTON",41603,"FOR COUNCIL MEMBER WARD 2  CITY OF LAWTON",,6,6,1,"KELLY HARRIS",,4,5,36,45,,
11/9/2021,"160031","CITY OF LAWTON",41603,"FOR COUNCIL MEMBER WARD 2  CITY OF LAWTON",,6,6,2,"MARK T MALONE",,5,9,34,48,,
11/9/2021,"160032","CITY OF LAWTON",41603,"FOR COUNCIL MEMBER WARD 2  CITY OF LAWTON",,6,6,1,"KELLY HARRIS",,0,0,0,0,,
11/9/2021,"160032","CITY OF LAWTON",41603,"FOR COUNCIL MEMBER WARD 2  CITY OF LAWTON",,6,6,2,"MARK T MALONE",,0,0,0,0,,
11/9/2021,"160032","FLOWER MOUND PUBLIC SCHOOL ELEMENTARY SCHOOL DISTRICT NO. 048",51601,"PROPOSITION  FLOWER MOUND PUBLIC SCHOOL",,5,5,1,"FOR THE PROPOSITION - YES",,0,0,0,0,,
11/9/2021,"160032","FLOWER MOUND PUBLIC SCHOOL ELEMENTARY SCHOOL DISTRICT NO. 048",51601,"PROPOSITION  FLOWER MOUND PUBLIC SCHOOL",,5,5,2,"AGAINST THE PROPOSITION - NO",,0,0,0,0,,
11/9/2021,"160033","FLOWER MOUND PUBLIC SCHOOL ELEMENTARY SCHOOL DISTRICT NO. 048",51601,"PROPOSITION  FLOWER MOUND PUBLIC SCHOOL",,5,5,1,"FOR THE PROPOSITION - YES",,2,0,0,2,,
11/9/2021,"160033","FLOWER MOUND PUBLIC SCHOOL ELEMENTARY SCHOOL DISTRICT NO. 048",51601,"PROPOSITION  FLOWER MOUND PUBLIC SCHOOL",,5,5,2,"AGAINST THE PROPOSITION - NO",,0,0,0,0,,
11/9/2021,"160034","FLOWER MOUND PUBLIC SCHOOL ELEMENTARY SCHOOL DISTRICT NO. 048",51601,"PROPOSITION  FLOWER MOUND PUBLIC SCHOOL",,5,5,1,"FOR THE PROPOSITION - YES",,0,2,18,20,,
11/9/2021,"160034","FLOWER MOUND PUBLIC SCHOOL ELEMENTARY SCHOOL DISTRICT NO. 048",51601,"PROPOSITION  FLOWER MOUND PUBLIC SCHOOL",,5,5,2,"AGAINST THE PROPOSITION - NO",,1,0,8,9,,
11/9/2021,"160043","FLOWER MOUND PUBLIC SCHOOL ELEMENTARY SCHOOL DISTRICT NO. 048",51601,"PROPOSITION  FLOWER MOUND PUBLIC SCHOOL",,5,5,1,"FOR THE PROPOSITION - YES",,0,0,42,42,,
11/9/2021,"160043","FLOWER MOUND PUBLIC SCHOOL ELEMENTARY SCHOOL DISTRICT NO. 048",51601,"PROPOSITION  FLOWER MOUND PUBLIC SCHOOL",,5,5,2,"AGAINST THE PROPOSITION - NO",,0,3,30,33,,
11/9/2021,"200001","CITY OF CLINTON",42001,"FOR COUNCILMAN WARD 3  CITY OF CLINTON",,3,3,1,"SAMANTHA JO AISPURO",,0,1,1,2,,
11/9/2021,"200001","CITY OF CLINTON",42001,"FOR COUNCILMAN WARD 3  CITY OF CLINTON",,3,3,2,"PATCH McCOMAS",,0,0,3,3,,
11/9/2021,"200005","CITY OF CLINTON",42001,"FOR COUNCILMAN WARD 3  CITY OF CLINTON",,3,3,1,"SAMANTHA JO AISPURO",,3,5,32,40,,
11/9/2021,"200005","CITY OF CLINTON",42001,"FOR COUNCILMAN WARD 3  CITY OF CLINTON",,3,3,2,"PATCH McCOMAS",,6,10,80,96,,
11/9/2021,"200007","CITY OF CLINTON",42001,"FOR COUNCILMAN WARD 3  CITY OF CLINTON",,3,3,1,"SAMANTHA JO AISPURO",,1,0,3,4,,
11/9/2021,"200007","CITY OF CLINTON",42001,"FOR COUNCILMAN WARD 3  CITY OF CLINTON",,3,3,2,"PATCH McCOMAS",,1,0,6,7,,
11/9/2021,"210018","COLCORD PUBLIC SCHOOLS INDEPENDENT SCHOOL DISTRICT NO. 004",52101,"PROPOSITION  COLCORD PUBLIC SCHOOLS",,4,4,1,"FOR THE PROPOSITION - YES",,0,0,0,0,,
11/9/2021,"210018","COLCORD PUBLIC SCHOOLS INDEPENDENT SCHOOL DISTRICT NO. 004",52101,"PROPOSITION  COLCORD PUBLIC SCHOOLS",,4,4,2,"AGAINST THE PROPOSITION - NO",,0,0,0,0,,
11/9/2021,"210019","COLCORD PUBLIC SCHOOLS INDEPENDENT SCHOOL DISTRICT NO. 004",52101,"PROPOSITION  COLCORD PUBLIC SCHOOLS",,4,4,1,"FOR THE PROPOSITION - YES",,2,0,162,164,,
11/9/2021,"210019","COLCORD PUBLIC SCHOOLS INDEPENDENT SCHOOL DISTRICT NO. 004",52101,"PROPOSITION  COLCORD PUBLIC SCHOOLS",,4,4,2,"AGAINST THE PROPOSITION - NO",,3,2,151,156,,
11/9/2021,"210022","COLCORD PUBLIC SCHOOLS INDEPENDENT SCHOOL DISTRICT NO. 004",52101,"PROPOSITION  COLCORD PUBLIC SCHOOLS",,4,4,1,"FOR THE PROPOSITION - YES",,0,0,0,0,,
11/9/2021,"210022","COLCORD PUBLIC SCHOOLS INDEPENDENT SCHOOL DISTRICT NO. 004",52101,"PROPOSITION  COLCORD PUBLIC SCHOOLS",,4,4,2,"AGAINST THE PROPOSITION - NO",,0,0,0,0,,
11/9/2021,"210023","COLCORD PUBLIC SCHOOLS INDEPENDENT SCHOOL DISTRICT NO. 004",52101,"PROPOSITION  COLCORD PUBLIC SCHOOLS",,4,4,1,"FOR THE PROPOSITION - YES",,0,0,17,17,,
11/9/2021,"210023","COLCORD PUBLIC SCHOOLS INDEPENDENT SCHOOL DISTRICT NO. 004",52101,"PROPOSITION  COLCORD PUBLIC SCHOOLS",,4,4,2,"AGAINST THE PROPOSITION - NO",,3,0,30,33,,
11/9/2021,"230006","LAVERNE PUBLIC SCHOOLS INDEPENDENT SCHOOL DISTRICT NO. 001",53001,"PROPOSITION  LAVERNE PUBLIC SCHOOLS",,9,9,1,"FOR THE PROPOSITION - YES",,0,0,3,3,,
11/9/2021,"230006","LAVERNE PUBLIC SCHOOLS INDEPENDENT SCHOOL DISTRICT NO. 001",53001,"PROPOSITION  LAVERNE PUBLIC SCHOOLS",,9,9,2,"AGAINST THE PROPOSITION - NO",,0,0,15,15,,
11/9/2021,"230007","LAVERNE PUBLIC SCHOOLS INDEPENDENT SCHOOL DISTRICT NO. 001",53001,"PROPOSITION  LAVERNE PUBLIC SCHOOLS",,9,9,1,"FOR THE PROPOSITION - YES",,0,0,0,0,,
11/9/2021,"230007","LAVERNE PUBLIC SCHOOLS INDEPENDENT SCHOOL DISTRICT NO. 001",53001,"PROPOSITION  LAVERNE PUBLIC SCHOOLS",,9,9,2,"AGAINST THE PROPOSITION - NO",,0,0,0,0,,
11/9/2021,"250009","CITY OF ELMORE CITY",42501,"FOR CITY CLERK-TREASURER  CITY OF ELMORE CITY",,1,1,1,"JULIE CHRISTIAN",,0,0,35,35,,
11/9/2021,"250009","CITY OF ELMORE CITY",42501,"FOR CITY CLERK-TREASURER  CITY OF ELMORE CITY",,1,1,2,"STEPHANIE D. UPSHAW",,4,0,63,67,,
11/9/2021,"280101","OKLA DEPT - CAREER & TECH ED",60281,"PROPOSITION  OKLA DEPT - CAREER & TECH ED",,11,11,1,"FOR THE PROPOSITION - YES",,1,16,77,94,,
11/9/2021,"280101","OKLA DEPT - CAREER & TECH ED",60281,"PROPOSITION  OKLA DEPT - CAREER & TECH ED",,11,11,2,"AGAINST THE PROPOSITION - NO",,0,3,23,26,,
11/9/2021,"280102","OKLA DEPT - CAREER & TECH ED",60281,"PROPOSITION  OKLA DEPT - CAREER & TECH ED",,11,11,1,"FOR THE PROPOSITION - YES",,2,12,97,111,,
11/9/2021,"280102","OKLA DEPT - CAREER & TECH ED",60281,"PROPOSITION  OKLA DEPT - CAREER & TECH ED",,11,11,2,"AGAINST THE PROPOSITION - NO",,0,0,38,38,,
11/9/2021,"280103","OKLA DEPT - CAREER & TECH ED",60281,"PROPOSITION  OKLA DEPT - CAREER & TECH ED",,11,11,1,"FOR THE PROPOSITION - YES",,0,1,4,5,,
11/9/2021,"280103","OKLA DEPT - CAREER & TECH ED",60281,"PROPOSITION  OKLA DEPT - CAREER & TECH ED",,11,11,2,"AGAINST THE PROPOSITION - NO",,0,0,1,1,,
11/9/2021,"280105","OKLA DEPT - CAREER & TECH ED",60281,"PROPOSITION  OKLA DEPT - CAREER & TECH ED",,11,11,1,"FOR THE PROPOSITION - YES",,0,3,11,14,,
11/9/2021,"280105","OKLA DEPT - CAREER & TECH ED",60281,"PROPOSITION  OKLA DEPT - CAREER & TECH ED",,11,11,2,"AGAINST THE PROPOSITION - NO",,0,2,16,18,,
11/9/2021,"280106","OKLA DEPT - CAREER & TECH ED",60281,"PROPOSITION  OKLA DEPT - CAREER & TECH ED",,11,11,1,"FOR THE PROPOSITION - YES",,0,1,8,9,,
11/9/2021,"280106","OKLA DEPT - CAREER & TECH ED",60281,"PROPOSITION  OKLA DEPT - CAREER & TECH ED",,11,11,2,"AGAINST THE PROPOSITION - NO",,0,0,15,15,,
11/9/2021,"280202","OKLA DEPT - CAREER & TECH ED",60281,"PROPOSITION  OKLA DEPT - CAREER & TECH ED",,11,11,1,"FOR THE PROPOSITION - YES",,0,0,0,0,,
11/9/2021,"280202","OKLA DEPT - CAREER & TECH ED",60281,"PROPOSITION  OKLA DEPT - CAREER & TECH ED",,11,11,2,"AGAINST THE PROPOSITION - NO",,0,1,0,1,,
11/9/2021,"280203","OKLA DEPT - CAREER & TECH ED",60281,"PROPOSITION  OKLA DEPT - CAREER & TECH ED",,11,11,1,"FOR THE PROPOSITION - YES",,0,1,7,8,,
11/9/2021,"280203","OKLA DEPT - CAREER & TECH ED",60281,"PROPOSITION  OKLA DEPT - CAREER & TECH ED",,11,11,2,"AGAINST THE PROPOSITION - NO",,0,0,3,3,,
11/9/2021,"280302","OKLA DEPT - CAREER & TECH ED",60281,"PROPOSITION  OKLA DEPT - CAREER & TECH ED",,11,11,1,"FOR THE PROPOSITION - YES",,0,1,6,7,,
11/9/2021,"280302","OKLA DEPT - CAREER & TECH ED",60281,"PROPOSITION  OKLA DEPT - CAREER & TECH ED",,11,11,2,"AGAINST THE PROPOSITION - NO",,0,1,19,20,,
11/9/2021,"290101","OKLA DEPT - CAREER & TECH ED",60281,"PROPOSITION  OKLA DEPT - CAREER & TECH ED",,11,11,1,"FOR THE PROPOSITION - YES",,0,0,0,0,,
11/9/2021,"290101","OKLA DEPT - CAREER & TECH ED",60281,"PROPOSITION  OKLA DEPT - CAREER & TECH ED",,11,11,2,"AGAINST THE PROPOSITION - NO",,0,0,1,1,,
11/9/2021,"300201","LAVERNE PUBLIC SCHOOLS INDEPENDENT SCHOOL DISTRICT NO. 001",53001,"PROPOSITION  LAVERNE PUBLIC SCHOOLS",,9,9,1,"FOR THE PROPOSITION - YES",,7,4,127,138,,
11/9/2021,"300201","LAVERNE PUBLIC SCHOOLS INDEPENDENT SCHOOL DISTRICT NO. 001",53001,"PROPOSITION  LAVERNE PUBLIC SCHOOLS",,9,9,2,"AGAINST THE PROPOSITION - NO",,3,14,249,266,,
11/9/2021,"300203","LAVERNE PUBLIC SCHOOLS INDEPENDENT SCHOOL DISTRICT NO. 001",53001,"PROPOSITION  LAVERNE PUBLIC SCHOOLS",,9,9,1,"FOR THE PROPOSITION - YES",,1,1,25,27,,
11/9/2021,"300203","LAVERNE PUBLIC SCHOOLS INDEPENDENT SCHOOL DISTRICT NO. 001",53001,"PROPOSITION  LAVERNE PUBLIC SCHOOLS",,9,9,2,"AGAINST THE PROPOSITION - NO",,1,1,53,55,,
11/9/2021,"300301","LAVERNE PUBLIC SCHOOLS INDEPENDENT SCHOOL DISTRICT NO. 001",53001,"PROPOSITION  LAVERNE PUBLIC SCHOOLS",,9,9,1,"FOR THE PROPOSITION - YES",,0,0,0,0,,
11/9/2021,"300301","LAVERNE PUBLIC SCHOOLS INDEPENDENT SCHOOL DISTRICT NO. 001",53001,"PROPOSITION  LAVERNE PUBLIC SCHOOLS",,9,9,2,"AGAINST THE PROPOSITION - NO",,1,0,24,25,,
11/9/2021,"300302","LAVERNE PUBLIC SCHOOLS INDEPENDENT SCHOOL DISTRICT NO. 001",53001,"PROPOSITION  LAVERNE PUBLIC SCHOOLS",,9,9,1,"FOR THE PROPOSITION - YES",,0,0,0,0,,
11/9/2021,"300302","LAVERNE PUBLIC SCHOOLS INDEPENDENT SCHOOL DISTRICT NO. 001",53001,"PROPOSITION  LAVERNE PUBLIC SCHOOLS",,9,9,2,"AGAINST THE PROPOSITION - NO",,0,0,0,0,,
11/9/2021,"320022","TOWN OF DUSTIN",43201,"PROPOSITION  TOWN OF DUSTIN",,1,1,1,"FOR THE PROPOSITION - YES",,0,0,10,10,,
11/9/2021,"320022","TOWN OF DUSTIN",43201,"PROPOSITION  TOWN OF DUSTIN",,1,1,2,"AGAINST THE PROPOSITION - NO",,0,0,0,0,,
11/9/2021,"320030","HUGHES COUNTY",11001,"FOR COUNTY COMMISSIONER DISTRICT NO. 3 (UNEXPIRED TERM)",REP,6,6,1,"BILL SPRAY",REP,0,0,15,15,HUGHES
11/9/2021,"320030","HUGHES COUNTY",11001,"FOR COUNTY COMMISSIONER DISTRICT NO. 3 (UNEXPIRED TERM)",REP,6,6,2,"JIM LIVELY",REP,0,0,16,16,HUGHES
11/9/2021,"320030","HUGHES COUNTY",11001,"FOR COUNTY COMMISSIONER DISTRICT NO. 3 (UNEXPIRED TERM)",REP,6,6,3,"JOSH TATUM",REP,0,0,8,8,HUGHES
11/9/2021,"320030","HUGHES COUNTY",11001,"FOR COUNTY COMMISSIONER DISTRICT NO. 3 (UNEXPIRED TERM)",REP,6,6,4,"DALE STRINGER",REP,2,0,19,21,HUGHES
11/9/2021,"320031","HUGHES COUNTY",11001,"FOR COUNTY COMMISSIONER DISTRICT NO. 3 (UNEXPIRED TERM)",REP,6,6,1,"BILL SPRAY",REP,0,0,2,2,HUGHES
11/9/2021,"320031","HUGHES COUNTY",11001,"FOR COUNTY COMMISSIONER DISTRICT NO. 3 (UNEXPIRED TERM)",REP,6,6,2,"JIM LIVELY",REP,0,0,41,41,HUGHES
11/9/2021,"320031","HUGHES COUNTY",11001,"FOR COUNTY COMMISSIONER DISTRICT NO. 3 (UNEXPIRED TERM)",REP,6,6,3,"JOSH TATUM",REP,0,0,8,8,HUGHES
11/9/2021,"320031","HUGHES COUNTY",11001,"FOR COUNTY COMMISSIONER DISTRICT NO. 3 (UNEXPIRED TERM)",REP,6,6,4,"DALE STRINGER",REP,0,0,17,17,HUGHES
11/9/2021,"320031","TOWN OF CALVIN",43202,"FOR BOARD OF TRUSTEES  TOWN OF CALVIN",,1,1,1,"RHONDA TWEEDLE",,0,0,41,41,,
11/9/2021,"320031","TOWN OF CALVIN",43202,"FOR BOARD OF TRUSTEES  TOWN OF CALVIN",,1,1,2,"T.G. ADAMSON",,0,0,50,50,,
11/9/2021,"320031","TOWN OF CALVIN",43202,"FOR BOARD OF TRUSTEES  TOWN OF CALVIN",,1,1,3,"MIKE TROUP",,0,0,41,41,,
11/9/2021,"320031","TOWN OF CALVIN",43202,"FOR BOARD OF TRUSTEES  TOWN OF CALVIN",,1,1,4,"KARA PEMBROOK",,0,0,20,20,,
11/9/2021,"320031","TOWN OF CALVIN",43202,"FOR BOARD OF TRUSTEES  TOWN OF CALVIN",,1,1,5,"MARLA D RIDDLE",,0,0,32,32,,
11/9/2021,"320031","TOWN OF CALVIN",43202,"FOR BOARD OF TRUSTEES  TOWN OF CALVIN",,1,1,6,"DAVID WEBSTER",,0,0,34,34,,
11/9/2021,"320032","HUGHES COUNTY",11001,"FOR COUNTY COMMISSIONER DISTRICT NO. 3 (UNEXPIRED TERM)",REP,6,6,1,"BILL SPRAY",REP,0,0,2,2,HUGHES
11/9/2021,"320032","HUGHES COUNTY",11001,"FOR COUNTY COMMISSIONER DISTRICT NO. 3 (UNEXPIRED TERM)",REP,6,6,2,"JIM LIVELY",REP,0,0,3,3,HUGHES
11/9/2021,"320032","HUGHES COUNTY",11001,"FOR COUNTY COMMISSIONER DISTRICT NO. 3 (UNEXPIRED TERM)",REP,6,6,3,"JOSH TATUM",REP,0,0,0,0,HUGHES
11/9/2021,"320032","HUGHES COUNTY",11001,"FOR COUNTY COMMISSIONER DISTRICT NO. 3 (UNEXPIRED TERM)",REP,6,6,4,"DALE STRINGER",REP,0,0,6,6,HUGHES
11/9/2021,"320033","HUGHES COUNTY",11001,"FOR COUNTY COMMISSIONER DISTRICT NO. 3 (UNEXPIRED TERM)",REP,6,6,1,"BILL SPRAY",REP,0,0,2,2,HUGHES
11/9/2021,"320033","HUGHES COUNTY",11001,"FOR COUNTY COMMISSIONER DISTRICT NO. 3 (UNEXPIRED TERM)",REP,6,6,2,"JIM LIVELY",REP,0,0,37,37,HUGHES
11/9/2021,"320033","HUGHES COUNTY",11001,"FOR COUNTY COMMISSIONER DISTRICT NO. 3 (UNEXPIRED TERM)",REP,6,6,3,"JOSH TATUM",REP,0,0,24,24,HUGHES
11/9/2021,"320033","HUGHES COUNTY",11001,"FOR COUNTY COMMISSIONER DISTRICT NO. 3 (UNEXPIRED TERM)",REP,6,6,4,"DALE STRINGER",REP,1,1,24,26,HUGHES
11/9/2021,"320034","HUGHES COUNTY",11001,"FOR COUNTY COMMISSIONER DISTRICT NO. 3 (UNEXPIRED TERM)",REP,6,6,1,"BILL SPRAY",REP,0,0,5,5,HUGHES
11/9/2021,"320034","HUGHES COUNTY",11001,"FOR COUNTY COMMISSIONER DISTRICT NO. 3 (UNEXPIRED TERM)",REP,6,6,2,"JIM LIVELY",REP,0,1,11,12,HUGHES
11/9/2021,"320034","HUGHES COUNTY",11001,"FOR COUNTY COMMISSIONER DISTRICT NO. 3 (UNEXPIRED TERM)",REP,6,6,3,"JOSH TATUM",REP,0,0,6,6,HUGHES
11/9/2021,"320034","HUGHES COUNTY",11001,"FOR COUNTY COMMISSIONER DISTRICT NO. 3 (UNEXPIRED TERM)",REP,6,6,4,"DALE STRINGER",REP,0,0,9,9,HUGHES
11/9/2021,"320035","HUGHES COUNTY",11001,"FOR COUNTY COMMISSIONER DISTRICT NO. 3 (UNEXPIRED TERM)",REP,6,6,1,"BILL SPRAY",REP,1,0,1,2,HUGHES
11/9/2021,"320035","HUGHES COUNTY",11001,"FOR COUNTY COMMISSIONER DISTRICT NO. 3 (UNEXPIRED TERM)",REP,6,6,2,"JIM LIVELY",REP,0,0,2,2,HUGHES
11/9/2021,"320035","HUGHES COUNTY",11001,"FOR COUNTY COMMISSIONER DISTRICT NO. 3 (UNEXPIRED TERM)",REP,6,6,3,"JOSH TATUM",REP,0,1,4,5,HUGHES
11/9/2021,"320035","HUGHES COUNTY",11001,"FOR COUNTY COMMISSIONER DISTRICT NO. 3 (UNEXPIRED TERM)",REP,6,6,4,"DALE STRINGER",REP,0,0,9,9,HUGHES
11/9/2021,"330016","TOWN OF BLAIR",43301,"FOR BOARD OF TRUSTEES, OFFICE NO. 2 (UNEXPIRED TERM)  TOWN OF BLAIR",,1,1,1,"LIZ McGREGOR",,2,0,14,16,,
11/9/2021,"330016","TOWN OF BLAIR",43301,"FOR BOARD OF TRUSTEES, OFFICE NO. 2 (UNEXPIRED TERM)  TOWN OF BLAIR",,1,1,2,"NIKI GRAUMANN",,0,0,50,50,,
11/9/2021,"330016","OKLA DEPT - CAREER & TECH ED",60281,"PROPOSITION  OKLA DEPT - CAREER & TECH ED",,11,11,1,"FOR THE PROPOSITION - YES",,0,0,0,0,,
11/9/2021,"330016","OKLA DEPT - CAREER & TECH ED",60281,"PROPOSITION  OKLA DEPT - CAREER & TECH ED",,11,11,2,"AGAINST THE PROPOSITION - NO",,0,0,0,0,,
11/9/2021,"360103","BLACKWELL PUBLIC SCHOOLS INDEPENDENT SCHOOL DISTRICT NO. 045",53601,"PROPOSITION  BLACKWELL PUBLIC SCHOOLS",,8,8,1,"FOR THE PROPOSITION - YES",,2,0,25,27,,
11/9/2021,"360103","BLACKWELL PUBLIC SCHOOLS INDEPENDENT SCHOOL DISTRICT NO. 045",53601,"PROPOSITION  BLACKWELL PUBLIC SCHOOLS",,8,8,2,"AGAINST THE PROPOSITION - NO",,0,0,5,5,,
11/9/2021,"360202","BLACKWELL PUBLIC SCHOOLS INDEPENDENT SCHOOL DISTRICT NO. 045",53601,"PROPOSITION  BLACKWELL PUBLIC SCHOOLS",,8,8,1,"FOR THE PROPOSITION - YES",,1,3,210,214,,
11/9/2021,"360202","BLACKWELL PUBLIC SCHOOLS INDEPENDENT SCHOOL DISTRICT NO. 045",53601,"PROPOSITION  BLACKWELL PUBLIC SCHOOLS",,8,8,2,"AGAINST THE PROPOSITION - NO",,1,1,60,62,,
11/9/2021,"360205","BLACKWELL PUBLIC SCHOOLS INDEPENDENT SCHOOL DISTRICT NO. 045",53601,"PROPOSITION  BLACKWELL PUBLIC SCHOOLS",,8,8,1,"FOR THE PROPOSITION - YES",,0,1,182,183,,
11/9/2021,"360205","BLACKWELL PUBLIC SCHOOLS INDEPENDENT SCHOOL DISTRICT NO. 045",53601,"PROPOSITION  BLACKWELL PUBLIC SCHOOLS",,8,8,2,"AGAINST THE PROPOSITION - NO",,0,1,46,47,,
11/9/2021,"360206","BLACKWELL PUBLIC SCHOOLS INDEPENDENT SCHOOL DISTRICT NO. 045",53601,"PROPOSITION  BLACKWELL PUBLIC SCHOOLS",,8,8,1,"FOR THE PROPOSITION - YES",,19,3,373,395,,
11/9/2021,"360206","BLACKWELL PUBLIC SCHOOLS INDEPENDENT SCHOOL DISTRICT NO. 045",53601,"PROPOSITION  BLACKWELL PUBLIC SCHOOLS",,8,8,2,"AGAINST THE PROPOSITION - NO",,3,2,75,80,,
11/9/2021,"360404","BLACKWELL PUBLIC SCHOOLS INDEPENDENT SCHOOL DISTRICT NO. 045",53601,"PROPOSITION  BLACKWELL PUBLIC SCHOOLS",,8,8,1,"FOR THE PROPOSITION - YES",,0,0,0,0,,
11/9/2021,"360404","BLACKWELL PUBLIC SCHOOLS INDEPENDENT SCHOOL DISTRICT NO. 045",53601,"PROPOSITION  BLACKWELL PUBLIC SCHOOLS",,8,8,2,"AGAINST THE PROPOSITION - NO",,0,0,0,0,,
11/9/2021,"360406","BLACKWELL PUBLIC SCHOOLS INDEPENDENT SCHOOL DISTRICT NO. 045",53601,"PROPOSITION  BLACKWELL PUBLIC SCHOOLS",,8,8,1,"FOR THE PROPOSITION - YES",,1,0,0,1,,
11/9/2021,"360406","BLACKWELL PUBLIC SCHOOLS INDEPENDENT SCHOOL DISTRICT NO. 045",53601,"PROPOSITION  BLACKWELL PUBLIC SCHOOLS",,8,8,2,"AGAINST THE PROPOSITION - NO",,0,0,0,0,,
11/9/2021,"360409","BLACKWELL PUBLIC SCHOOLS INDEPENDENT SCHOOL DISTRICT NO. 045",53601,"PROPOSITION  BLACKWELL PUBLIC SCHOOLS",,8,8,1,"FOR THE PROPOSITION - YES",,0,0,0,0,,
11/9/2021,"360409","BLACKWELL PUBLIC SCHOOLS INDEPENDENT SCHOOL DISTRICT NO. 045",53601,"PROPOSITION  BLACKWELL PUBLIC SCHOOLS",,8,8,2,"AGAINST THE PROPOSITION - NO",,0,0,0,0,,
11/9/2021,"360420","BLACKWELL PUBLIC SCHOOLS INDEPENDENT SCHOOL DISTRICT NO. 045",53601,"PROPOSITION  BLACKWELL PUBLIC SCHOOLS",,8,8,1,"FOR THE PROPOSITION - YES",,0,0,0,0,,
11/9/2021,"360420","BLACKWELL PUBLIC SCHOOLS INDEPENDENT SCHOOL DISTRICT NO. 045",53601,"PROPOSITION  BLACKWELL PUBLIC SCHOOLS",,8,8,2,"AGAINST THE PROPOSITION - NO",,0,0,2,2,,
11/9/2021,"400106","POCOLA PUBLIC SCHOOLS INDEPENDENT SCHOOL DISTRICT NO. 007",54001,"PROPOSITION NO. 1  POCOLA PUBLIC SCHOOLS",,2,2,1,"FOR THE PROPOSITION - YES",,0,0,70,70,,
11/9/2021,"400106","POCOLA PUBLIC SCHOOLS INDEPENDENT SCHOOL DISTRICT NO. 007",54001,"PROPOSITION NO. 1  POCOLA PUBLIC SCHOOLS",,2,2,2,"AGAINST THE PROPOSITION - NO",,0,0,48,48,,
11/9/2021,"400106","POCOLA PUBLIC SCHOOLS INDEPENDENT SCHOOL DISTRICT NO. 007",54002,"PROPOSITION NO. 2  POCOLA PUBLIC SCHOOLS",,2,2,1,"FOR THE PROPOSITION - YES",,0,0,77,77,,
11/9/2021,"400106","POCOLA PUBLIC SCHOOLS INDEPENDENT SCHOOL DISTRICT NO. 007",54002,"PROPOSITION NO. 2  POCOLA PUBLIC SCHOOLS",,2,2,2,"AGAINST THE PROPOSITION - NO",,0,0,40,40,,
11/9/2021,"400107","POCOLA PUBLIC SCHOOLS INDEPENDENT SCHOOL DISTRICT NO. 007",54001,"PROPOSITION NO. 1  POCOLA PUBLIC SCHOOLS",,2,2,1,"FOR THE PROPOSITION - YES",,2,0,194,196,,
11/9/2021,"400107","POCOLA PUBLIC SCHOOLS INDEPENDENT SCHOOL DISTRICT NO. 007",54001,"PROPOSITION NO. 1  POCOLA PUBLIC SCHOOLS",,2,2,2,"AGAINST THE PROPOSITION - NO",,2,0,119,121,,
11/9/2021,"400107","POCOLA PUBLIC SCHOOLS INDEPENDENT SCHOOL DISTRICT NO. 007",54002,"PROPOSITION NO. 2  POCOLA PUBLIC SCHOOLS",,2,2,1,"FOR THE PROPOSITION - YES",,2,0,214,216,,
11/9/2021,"400107","POCOLA PUBLIC SCHOOLS INDEPENDENT SCHOOL DISTRICT NO. 007",54002,"PROPOSITION NO. 2  POCOLA PUBLIC SCHOOLS",,2,2,2,"AGAINST THE PROPOSITION - NO",,2,0,98,100,,
11/9/2021,"400202","TOWN OF WISTER",44001,"FOR BOARD OF TRUSTEES (UNEXPIRED TERM)  TOWN OF WISTER",,2,2,1,"BILLY H CULLERS",,0,0,0,0,,
11/9/2021,"400202","TOWN OF WISTER",44001,"FOR BOARD OF TRUSTEES (UNEXPIRED TERM)  TOWN OF WISTER",,2,2,2,"CARLA PRIDE",,0,0,0,0,,
11/9/2021,"400202","TOWN OF WISTER",44001,"FOR BOARD OF TRUSTEES (UNEXPIRED TERM)  TOWN OF WISTER",,2,2,3,"GENE HEFLIN",,0,0,3,3,,
11/9/2021,"400212","TOWN OF WISTER",44001,"FOR BOARD OF TRUSTEES (UNEXPIRED TERM)  TOWN OF WISTER",,2,2,1,"BILLY H CULLERS",,0,0,24,24,,
11/9/2021,"400212","TOWN OF WISTER",44001,"FOR BOARD OF TRUSTEES (UNEXPIRED TERM)  TOWN OF WISTER",,2,2,2,"CARLA PRIDE",,1,1,68,70,,
11/9/2021,"400212","TOWN OF WISTER",44001,"FOR BOARD OF TRUSTEES (UNEXPIRED TERM)  TOWN OF WISTER",,2,2,3,"GENE HEFLIN",,0,0,38,38,,
11/9/2021,"510059","TOWN OF WARNER",45101,"PROPOSITION  TOWN OF WARNER",,2,2,1,"FOR THE PROPOSITION - YES",,1,0,35,36,,
11/9/2021,"510059","TOWN OF WARNER",45101,"PROPOSITION  TOWN OF WARNER",,2,2,2,"AGAINST THE PROPOSITION - NO",,1,0,50,51,,
11/9/2021,"510064","TOWN OF WARNER",45101,"PROPOSITION  TOWN OF WARNER",,2,2,1,"FOR THE PROPOSITION - YES",,0,0,1,1,,
11/9/2021,"510064","TOWN OF WARNER",45101,"PROPOSITION  TOWN OF WARNER",,2,2,2,"AGAINST THE PROPOSITION - NO",,0,0,1,1,,
11/9/2021,"520301","NOBLE COUNTY",10001,"FOR COUNTY COMMISSIONER DISTRICT NO. 3 (UNEXPIRED TERM)",,3,3,1,"NICK HUGHES",REP,2,27,98,127,NOBLE
11/9/2021,"520301","NOBLE COUNTY",10001,"FOR COUNTY COMMISSIONER DISTRICT NO. 3 (UNEXPIRED TERM)",,3,3,2,"ERNEST D MOORE JR",DEM,0,0,3,3,NOBLE
11/9/2021,"520301","NOBLE COUNTY",10001,"FOR COUNTY COMMISSIONER DISTRICT NO. 3 (UNEXPIRED TERM)",,3,3,3,"RANDY STEPHENS",IND,0,5,14,19,NOBLE
11/9/2021,"520305","NOBLE COUNTY",10001,"FOR COUNTY COMMISSIONER DISTRICT NO. 3 (UNEXPIRED TERM)",,3,3,1,"NICK HUGHES",REP,7,7,110,124,NOBLE
11/9/2021,"520305","NOBLE COUNTY",10001,"FOR COUNTY COMMISSIONER DISTRICT NO. 3 (UNEXPIRED TERM)",,3,3,2,"ERNEST D MOORE JR",DEM,0,0,3,3,NOBLE
11/9/2021,"520305","NOBLE COUNTY",10001,"FOR COUNTY COMMISSIONER DISTRICT NO. 3 (UNEXPIRED TERM)",,3,3,3,"RANDY STEPHENS",IND,1,1,8,10,NOBLE
11/9/2021,"520307","NOBLE COUNTY",10001,"FOR COUNTY COMMISSIONER DISTRICT NO. 3 (UNEXPIRED TERM)",,3,3,1,"NICK HUGHES",REP,21,42,105,168,NOBLE
11/9/2021,"520307","NOBLE COUNTY",10001,"FOR COUNTY COMMISSIONER DISTRICT NO. 3 (UNEXPIRED TERM)",,3,3,2,"ERNEST D MOORE JR",DEM,3,1,4,8,NOBLE
11/9/2021,"520307","NOBLE COUNTY",10001,"FOR COUNTY COMMISSIONER DISTRICT NO. 3 (UNEXPIRED TERM)",,3,3,3,"RANDY STEPHENS",IND,2,4,18,24,NOBLE
11/9/2021,"550076","TOWN OF LUTHER",45502,"PROPOSITION  TOWN OF LUTHER",,2,2,1,"FOR THE PROPOSITION - YES",,0,0,34,34,,
11/9/2021,"550076","TOWN OF LUTHER",45502,"PROPOSITION  TOWN OF LUTHER",,2,2,2,"AGAINST THE PROPOSITION - NO",,0,0,22,22,,
11/9/2021,"550077","CITY OF SPENCER",45501,"FOR COUNCILMEMBER, WARD NO. 4 (UNEXPIRED TERM)  CITY OF SPENCER",,2,2,1,"LISA JANLOO",,0,0,89,89,,
11/9/2021,"550077","CITY OF SPENCER",45501,"FOR COUNCILMEMBER, WARD NO. 4 (UNEXPIRED TERM)  CITY OF SPENCER",,2,2,2,"CHARMIN WILLIAMS",,0,0,188,188,,
11/9/2021,"550078","CITY OF SPENCER",45501,"FOR COUNCILMEMBER, WARD NO. 4 (UNEXPIRED TERM)  CITY OF SPENCER",,2,2,1,"LISA JANLOO",,0,0,33,33,,
11/9/2021,"550078","CITY OF SPENCER",45501,"FOR COUNCILMEMBER, WARD NO. 4 (UNEXPIRED TERM)  CITY OF SPENCER",,2,2,2,"CHARMIN WILLIAMS",,0,0,131,131,,
11/9/2021,"550107","TOWN OF LUTHER",45502,"PROPOSITION  TOWN OF LUTHER",,2,2,1,"FOR THE PROPOSITION - YES",,0,0,0,0,,
11/9/2021,"550107","TOWN OF LUTHER",45502,"PROPOSITION  TOWN OF LUTHER",,2,2,2,"AGAINST THE PROPOSITION - NO",,0,0,0,0,,
11/9/2021,"559999","CITY OF SPENCER",45501,"FOR COUNCILMEMBER, WARD NO. 4 (UNEXPIRED TERM)  CITY OF SPENCER",,2,2,1,"LISA JANLOO",,3,0,0,3,,
11/9/2021,"559999","CITY OF SPENCER",45501,"FOR COUNCILMEMBER, WARD NO. 4 (UNEXPIRED TERM)  CITY OF SPENCER",,2,2,2,"CHARMIN WILLIAMS",,13,3,0,16,,
11/9/2021,"559999","TOWN OF LUTHER",45502,"PROPOSITION  TOWN OF LUTHER",,2,2,1,"FOR THE PROPOSITION - YES",,0,0,0,0,,
11/9/2021,"559999","TOWN OF LUTHER",45502,"PROPOSITION  TOWN OF LUTHER",,2,2,2,"AGAINST THE PROPOSITION - NO",,2,0,0,2,,
11/9/2021,"560013","OKMULGEE COUNTY",10002,"FOR COUNTY COMMISSIONER DISTRICT NO. 3 (UNEXPIRED TERM)",,10,10,1,"KATHY GEORGE SPEARS",REP,1,0,7,8,OKMULGEE
11/9/2021,"560013","OKMULGEE COUNTY",10002,"FOR COUNTY COMMISSIONER DISTRICT NO. 3 (UNEXPIRED TERM)",,10,10,2,"DAN ARTUSSEE",DEM,2,4,59,65,OKMULGEE
11/9/2021,"560014","OKMULGEE COUNTY",10002,"FOR COUNTY COMMISSIONER DISTRICT NO. 3 (UNEXPIRED TERM)",,10,10,1,"KATHY GEORGE SPEARS",REP,0,1,8,9,OKMULGEE
11/9/2021,"560014","OKMULGEE COUNTY",10002,"FOR COUNTY COMMISSIONER DISTRICT NO. 3 (UNEXPIRED TERM)",,10,10,2,"DAN ARTUSSEE",DEM,4,1,25,30,OKMULGEE
11/9/2021,"560015","OKMULGEE COUNTY",10002,"FOR COUNTY COMMISSIONER DISTRICT NO. 3 (UNEXPIRED TERM)",,10,10,1,"KATHY GEORGE SPEARS",REP,6,0,22,28,OKMULGEE
11/9/2021,"560015","OKMULGEE COUNTY",10002,"FOR COUNTY COMMISSIONER DISTRICT NO. 3 (UNEXPIRED TERM)",,10,10,2,"DAN ARTUSSEE",DEM,9,2,105,116,OKMULGEE
11/9/2021,"560016","OKMULGEE COUNTY",10002,"FOR COUNTY COMMISSIONER DISTRICT NO. 3 (UNEXPIRED TERM)",,10,10,1,"KATHY GEORGE SPEARS",REP,1,0,26,27,OKMULGEE
11/9/2021,"560016","OKMULGEE COUNTY",10002,"FOR COUNTY COMMISSIONER DISTRICT NO. 3 (UNEXPIRED TERM)",,10,10,2,"DAN ARTUSSEE",DEM,12,1,72,85,OKMULGEE
11/9/2021,"560018","OKMULGEE COUNTY",10002,"FOR COUNTY COMMISSIONER DISTRICT NO. 3 (UNEXPIRED TERM)",,10,10,1,"KATHY GEORGE SPEARS",REP,1,1,11,13,OKMULGEE
11/9/2021,"560018","OKMULGEE COUNTY",10002,"FOR COUNTY COMMISSIONER DISTRICT NO. 3 (UNEXPIRED TERM)",,10,10,2,"DAN ARTUSSEE",DEM,8,4,69,81,OKMULGEE
11/9/2021,"560019","OKMULGEE COUNTY",10002,"FOR COUNTY COMMISSIONER DISTRICT NO. 3 (UNEXPIRED TERM)",,10,10,1,"KATHY GEORGE SPEARS",REP,0,0,11,11,OKMULGEE
11/9/2021,"560019","OKMULGEE COUNTY",10002,"FOR COUNTY COMMISSIONER DISTRICT NO. 3 (UNEXPIRED TERM)",,10,10,2,"DAN ARTUSSEE",DEM,3,1,40,44,OKMULGEE
11/9/2021,"560021","OKMULGEE COUNTY",10002,"FOR COUNTY COMMISSIONER DISTRICT NO. 3 (UNEXPIRED TERM)",,10,10,1,"KATHY GEORGE SPEARS",REP,0,0,20,20,OKMULGEE
11/9/2021,"560021","OKMULGEE COUNTY",10002,"FOR COUNTY COMMISSIONER DISTRICT NO. 3 (UNEXPIRED TERM)",,10,10,2,"DAN ARTUSSEE",DEM,1,1,36,38,OKMULGEE
11/9/2021,"560026","OKMULGEE COUNTY",10002,"FOR COUNTY COMMISSIONER DISTRICT NO. 3 (UNEXPIRED TERM)",,10,10,1,"KATHY GEORGE SPEARS",REP,2,5,55,62,OKMULGEE
11/9/2021,"560026","OKMULGEE COUNTY",10002,"FOR COUNTY COMMISSIONER DISTRICT NO. 3 (UNEXPIRED TERM)",,10,10,2,"DAN ARTUSSEE",DEM,2,2,24,28,OKMULGEE
11/9/2021,"560035","OKMULGEE COUNTY",10002,"FOR COUNTY COMMISSIONER DISTRICT NO. 3 (UNEXPIRED TERM)",,10,10,1,"KATHY GEORGE SPEARS",REP,1,0,49,50,OKMULGEE
11/9/2021,"560035","OKMULGEE COUNTY",10002,"FOR COUNTY COMMISSIONER DISTRICT NO. 3 (UNEXPIRED TERM)",,10,10,2,"DAN ARTUSSEE",DEM,0,2,27,29,OKMULGEE
11/9/2021,"560038","OKMULGEE COUNTY",10002,"FOR COUNTY COMMISSIONER DISTRICT NO. 3 (UNEXPIRED TERM)",,10,10,1,"KATHY GEORGE SPEARS",REP,0,1,22,23,OKMULGEE
11/9/2021,"560038","OKMULGEE COUNTY",10002,"FOR COUNTY COMMISSIONER DISTRICT NO. 3 (UNEXPIRED TERM)",,10,10,2,"DAN ARTUSSEE",DEM,0,0,23,23,OKMULGEE
11/9/2021,"570103","CITY OF SHIDLER",45701,"PROPOSITION  CITY OF SHIDLER",,1,1,1,"FOR THE PROPOSITION - YES",,0,0,22,22,,
11/9/2021,"570103","CITY OF SHIDLER",45701,"PROPOSITION  CITY OF SHIDLER",,1,1,2,"AGAINST THE PROPOSITION - NO",,0,0,12,12,,
11/9/2021,"580028","TOWN OF FAIRLAND",45801,"FOR BOARD OF TRUSTEES (UNEXPIRED TERM)  TOWN OF FAIRLAND",,1,1,1,"JACK CROSSLEY",,0,0,20,20,,
11/9/2021,"580028","TOWN OF FAIRLAND",45801,"FOR BOARD OF TRUSTEES (UNEXPIRED TERM)  TOWN OF FAIRLAND",,1,1,2,"NICK BOWERS",,2,1,70,73,,
11/9/2021,"600301","CITY OF PERKINS",46001,"FOR COMMISSIONER NO. 4 (UNEXPIRED TERM)  CITY OF PERKINS",,1,1,1,"RENEE HAGLER",,5,1,87,93,,
11/9/2021,"600301","CITY OF PERKINS",46001,"FOR COMMISSIONER NO. 4 (UNEXPIRED TERM)  CITY OF PERKINS",,1,1,2,"JUSTIN HENNINGER",,8,3,109,120,,
11/9/2021,"610001","CITY OF MCALESTER",46101,"PROPOSITION NO. 1  CITY OF MCALESTER",,17,17,1,"FOR THE PROPOSITION - YES",,1,0,9,10,,
11/9/2021,"610001","CITY OF MCALESTER",46101,"PROPOSITION NO. 1  CITY OF MCALESTER",,17,17,2,"AGAINST THE PROPOSITION - NO",,1,0,0,1,,
11/9/2021,"610001","CITY OF MCALESTER",46102,"PROPOSITION NO. 2  CITY OF MCALESTER",,17,17,1,"FOR THE PROPOSITION - YES",,1,0,10,11,,
11/9/2021,"610001","CITY OF MCALESTER",46102,"PROPOSITION NO. 2  CITY OF MCALESTER",,17,17,2,"AGAINST THE PROPOSITION - NO",,1,0,0,1,,
11/9/2021,"610003","CITY OF MCALESTER",46101,"PROPOSITION NO. 1  CITY OF MCALESTER",,17,17,1,"FOR THE PROPOSITION - YES",,10,0,34,44,,
11/9/2021,"610003","CITY OF MCALESTER",46101,"PROPOSITION NO. 1  CITY OF MCALESTER",,17,17,2,"AGAINST THE PROPOSITION - NO",,1,0,24,25,,
11/9/2021,"610003","CITY OF MCALESTER",46102,"PROPOSITION NO. 2  CITY OF MCALESTER",,17,17,1,"FOR THE PROPOSITION - YES",,9,0,42,51,,
11/9/2021,"610003","CITY OF MCALESTER",46102,"PROPOSITION NO. 2  CITY OF MCALESTER",,17,17,2,"AGAINST THE PROPOSITION - NO",,2,0,17,19,,
11/9/2021,"610004","CITY OF MCALESTER",46101,"PROPOSITION NO. 1  CITY OF MCALESTER",,17,17,1,"FOR THE PROPOSITION - YES",,15,0,122,137,,
11/9/2021,"610004","CITY OF MCALESTER",46101,"PROPOSITION NO. 1  CITY OF MCALESTER",,17,17,2,"AGAINST THE PROPOSITION - NO",,2,0,37,39,,
11/9/2021,"610004","CITY OF MCALESTER",46102,"PROPOSITION NO. 2  CITY OF MCALESTER",,17,17,1,"FOR THE PROPOSITION - YES",,13,0,133,146,,
11/9/2021,"610004","CITY OF MCALESTER",46102,"PROPOSITION NO. 2  CITY OF MCALESTER",,17,17,2,"AGAINST THE PROPOSITION - NO",,4,0,33,37,,
11/9/2021,"610005","CITY OF MCALESTER",46101,"PROPOSITION NO. 1  CITY OF MCALESTER",,17,17,1,"FOR THE PROPOSITION - YES",,11,0,34,45,,
11/9/2021,"610005","CITY OF MCALESTER",46101,"PROPOSITION NO. 1  CITY OF MCALESTER",,17,17,2,"AGAINST THE PROPOSITION - NO",,3,0,15,18,,
11/9/2021,"610005","CITY OF MCALESTER",46102,"PROPOSITION NO. 2  CITY OF MCALESTER",,17,17,1,"FOR THE PROPOSITION - YES",,11,0,42,53,,
11/9/2021,"610005","CITY OF MCALESTER",46102,"PROPOSITION NO. 2  CITY OF MCALESTER",,17,17,2,"AGAINST THE PROPOSITION - NO",,3,0,9,12,,
11/9/2021,"610006","CITY OF MCALESTER",46101,"PROPOSITION NO. 1  CITY OF MCALESTER",,17,17,1,"FOR THE PROPOSITION - YES",,8,0,85,93,,
11/9/2021,"610006","CITY OF MCALESTER",46101,"PROPOSITION NO. 1  CITY OF MCALESTER",,17,17,2,"AGAINST THE PROPOSITION - NO",,2,0,15,17,,
11/9/2021,"610006","CITY OF MCALESTER",46102,"PROPOSITION NO. 2  CITY OF MCALESTER",,17,17,1,"FOR THE PROPOSITION - YES",,7,0,95,102,,
11/9/2021,"610006","CITY OF MCALESTER",46102,"PROPOSITION NO. 2  CITY OF MCALESTER",,17,17,2,"AGAINST THE PROPOSITION - NO",,4,0,11,15,,
11/9/2021,"610007","CITY OF MCALESTER",46101,"PROPOSITION NO. 1  CITY OF MCALESTER",,17,17,1,"FOR THE PROPOSITION - YES",,7,0,83,90,,
11/9/2021,"610007","CITY OF MCALESTER",46101,"PROPOSITION NO. 1  CITY OF MCALESTER",,17,17,2,"AGAINST THE PROPOSITION - NO",,2,0,13,15,,
11/9/2021,"610007","CITY OF MCALESTER",46102,"PROPOSITION NO. 2  CITY OF MCALESTER",,17,17,1,"FOR THE PROPOSITION - YES",,8,0,88,96,,
11/9/2021,"610007","CITY OF MCALESTER",46102,"PROPOSITION NO. 2  CITY OF MCALESTER",,17,17,2,"AGAINST THE PROPOSITION - NO",,1,0,14,15,,
11/9/2021,"610008","CITY OF MCALESTER",46101,"PROPOSITION NO. 1  CITY OF MCALESTER",,17,17,1,"FOR THE PROPOSITION - YES",,6,0,33,39,,
11/9/2021,"610008","CITY OF MCALESTER",46101,"PROPOSITION NO. 1  CITY OF MCALESTER",,17,17,2,"AGAINST THE PROPOSITION - NO",,3,0,12,15,,
11/9/2021,"610008","CITY OF MCALESTER",46102,"PROPOSITION NO. 2  CITY OF MCALESTER",,17,17,1,"FOR THE PROPOSITION - YES",,6,0,36,42,,
11/9/2021,"610008","CITY OF MCALESTER",46102,"PROPOSITION NO. 2  CITY OF MCALESTER",,17,17,2,"AGAINST THE PROPOSITION - NO",,3,0,9,12,,
11/9/2021,"610011","CITY OF MCALESTER",46101,"PROPOSITION NO. 1  CITY OF MCALESTER",,17,17,1,"FOR THE PROPOSITION - YES",,7,0,71,78,,
11/9/2021,"610011","CITY OF MCALESTER",46101,"PROPOSITION NO. 1  CITY OF MCALESTER",,17,17,2,"AGAINST THE PROPOSITION - NO",,4,0,47,51,,
11/9/2021,"610011","CITY OF MCALESTER",46102,"PROPOSITION NO. 2  CITY OF MCALESTER",,17,17,1,"FOR THE PROPOSITION - YES",,9,0,78,87,,
11/9/2021,"610011","CITY OF MCALESTER",46102,"PROPOSITION NO. 2  CITY OF MCALESTER",,17,17,2,"AGAINST THE PROPOSITION - NO",,3,0,44,47,,
11/9/2021,"610014","CITY OF MCALESTER",46101,"PROPOSITION NO. 1  CITY OF MCALESTER",,17,17,1,"FOR THE PROPOSITION - YES",,21,0,65,86,,
11/9/2021,"610014","CITY OF MCALESTER",46101,"PROPOSITION NO. 1  CITY OF MCALESTER",,17,17,2,"AGAINST THE PROPOSITION - NO",,2,0,18,20,,
11/9/2021,"610014","CITY OF MCALESTER",46102,"PROPOSITION NO. 2  CITY OF MCALESTER",,17,17,1,"FOR THE PROPOSITION - YES",,22,0,72,94,,
11/9/2021,"610014","CITY OF MCALESTER",46102,"PROPOSITION NO. 2  CITY OF MCALESTER",,17,17,2,"AGAINST THE PROPOSITION - NO",,1,0,15,16,,
11/9/2021,"610015","CITY OF MCALESTER",46101,"PROPOSITION NO. 1  CITY OF MCALESTER",,17,17,1,"FOR THE PROPOSITION - YES",,4,0,11,15,,
11/9/2021,"610015","CITY OF MCALESTER",46101,"PROPOSITION NO. 1  CITY OF MCALESTER",,17,17,2,"AGAINST THE PROPOSITION - NO",,0,0,0,0,,
11/9/2021,"610015","CITY OF MCALESTER",46102,"PROPOSITION NO. 2  CITY OF MCALESTER",,17,17,1,"FOR THE PROPOSITION - YES",,3,0,11,14,,
11/9/2021,"610015","CITY OF MCALESTER",46102,"PROPOSITION NO. 2  CITY OF MCALESTER",,17,17,2,"AGAINST THE PROPOSITION - NO",,1,0,0,1,,
11/9/2021,"610032","CITY OF MCALESTER",46101,"PROPOSITION NO. 1  CITY OF MCALESTER",,17,17,1,"FOR THE PROPOSITION - YES",,18,0,71,89,,
11/9/2021,"610032","CITY OF MCALESTER",46101,"PROPOSITION NO. 1  CITY OF MCALESTER",,17,17,2,"AGAINST THE PROPOSITION - NO",,5,0,21,26,,
11/9/2021,"610032","CITY OF MCALESTER",46102,"PROPOSITION NO. 2  CITY OF MCALESTER",,17,17,1,"FOR THE PROPOSITION - YES",,17,0,76,93,,
11/9/2021,"610032","CITY OF MCALESTER",46102,"PROPOSITION NO. 2  CITY OF MCALESTER",,17,17,2,"AGAINST THE PROPOSITION - NO",,7,0,17,24,,
11/9/2021,"610036","CITY OF MCALESTER",46101,"PROPOSITION NO. 1  CITY OF MCALESTER",,17,17,1,"FOR THE PROPOSITION - YES",,0,0,2,2,,
11/9/2021,"610036","CITY OF MCALESTER",46101,"PROPOSITION NO. 1  CITY OF MCALESTER",,17,17,2,"AGAINST THE PROPOSITION - NO",,1,0,0,1,,
11/9/2021,"610036","CITY OF MCALESTER",46102,"PROPOSITION NO. 2  CITY OF MCALESTER",,17,17,1,"FOR THE PROPOSITION - YES",,1,0,2,3,,
11/9/2021,"610036","CITY OF MCALESTER",46102,"PROPOSITION NO. 2  CITY OF MCALESTER",,17,17,2,"AGAINST THE PROPOSITION - NO",,0,0,0,0,,
11/9/2021,"610040","CITY OF MCALESTER",46101,"PROPOSITION NO. 1  CITY OF MCALESTER",,17,17,1,"FOR THE PROPOSITION - YES",,0,0,0,0,,
11/9/2021,"610040","CITY OF MCALESTER",46101,"PROPOSITION NO. 1  CITY OF MCALESTER",,17,17,2,"AGAINST THE PROPOSITION - NO",,0,0,0,0,,
11/9/2021,"610040","CITY OF MCALESTER",46102,"PROPOSITION NO. 2  CITY OF MCALESTER",,17,17,1,"FOR THE PROPOSITION - YES",,0,0,0,0,,
11/9/2021,"610040","CITY OF MCALESTER",46102,"PROPOSITION NO. 2  CITY OF MCALESTER",,17,17,2,"AGAINST THE PROPOSITION - NO",,0,0,0,0,,
11/9/2021,"610041","CITY OF MCALESTER",46101,"PROPOSITION NO. 1  CITY OF MCALESTER",,17,17,1,"FOR THE PROPOSITION - YES",,0,0,0,0,,
11/9/2021,"610041","CITY OF MCALESTER",46101,"PROPOSITION NO. 1  CITY OF MCALESTER",,17,17,2,"AGAINST THE PROPOSITION - NO",,0,0,0,0,,
11/9/2021,"610041","CITY OF MCALESTER",46102,"PROPOSITION NO. 2  CITY OF MCALESTER",,17,17,1,"FOR THE PROPOSITION - YES",,0,0,0,0,,
11/9/2021,"610041","CITY OF MCALESTER",46102,"PROPOSITION NO. 2  CITY OF MCALESTER",,17,17,2,"AGAINST THE PROPOSITION - NO",,0,0,0,0,,
11/9/2021,"610042","CITY OF MCALESTER",46101,"PROPOSITION NO. 1  CITY OF MCALESTER",,17,17,1,"FOR THE PROPOSITION - YES",,0,0,0,0,,
11/9/2021,"610042","CITY OF MCALESTER",46101,"PROPOSITION NO. 1  CITY OF MCALESTER",,17,17,2,"AGAINST THE PROPOSITION - NO",,0,0,0,0,,
11/9/2021,"610042","CITY OF MCALESTER",46102,"PROPOSITION NO. 2  CITY OF MCALESTER",,17,17,1,"FOR THE PROPOSITION - YES",,0,0,0,0,,
11/9/2021,"610042","CITY OF MCALESTER",46102,"PROPOSITION NO. 2  CITY OF MCALESTER",,17,17,2,"AGAINST THE PROPOSITION - NO",,0,0,0,0,,
11/9/2021,"610045","CITY OF MCALESTER",46101,"PROPOSITION NO. 1  CITY OF MCALESTER",,17,17,1,"FOR THE PROPOSITION - YES",,0,0,0,0,,
11/9/2021,"610045","CITY OF MCALESTER",46101,"PROPOSITION NO. 1  CITY OF MCALESTER",,17,17,2,"AGAINST THE PROPOSITION - NO",,0,0,0,0,,
11/9/2021,"610045","CITY OF MCALESTER",46102,"PROPOSITION NO. 2  CITY OF MCALESTER",,17,17,1,"FOR THE PROPOSITION - YES",,0,0,0,0,,
11/9/2021,"610045","CITY OF MCALESTER",46102,"PROPOSITION NO. 2  CITY OF MCALESTER",,17,17,2,"AGAINST THE PROPOSITION - NO",,0,0,0,0,,
11/9/2021,"610046","CITY OF MCALESTER",46101,"PROPOSITION NO. 1  CITY OF MCALESTER",,17,17,1,"FOR THE PROPOSITION - YES",,0,0,0,0,,
11/9/2021,"610046","CITY OF MCALESTER",46101,"PROPOSITION NO. 1  CITY OF MCALESTER",,17,17,2,"AGAINST THE PROPOSITION - NO",,1,0,0,1,,
11/9/2021,"610046","CITY OF MCALESTER",46102,"PROPOSITION NO. 2  CITY OF MCALESTER",,17,17,1,"FOR THE PROPOSITION - YES",,0,0,0,0,,
11/9/2021,"610046","CITY OF MCALESTER",46102,"PROPOSITION NO. 2  CITY OF MCALESTER",,17,17,2,"AGAINST THE PROPOSITION - NO",,1,0,0,1,,
11/9/2021,"670010","CITY OF SEMINOLE",46701,"PROPOSITION  CITY OF SEMINOLE",,5,5,1,"FOR THE PROPOSITION - YES",,1,4,104,109,,
11/9/2021,"670010","CITY OF SEMINOLE",46701,"PROPOSITION  CITY OF SEMINOLE",,5,5,2,"AGAINST THE PROPOSITION - NO",,6,1,6,13,,
11/9/2021,"670022","CITY OF SEMINOLE",46701,"PROPOSITION  CITY OF SEMINOLE",,5,5,1,"FOR THE PROPOSITION - YES",,3,1,37,41,,
11/9/2021,"670022","CITY OF SEMINOLE",46701,"PROPOSITION  CITY OF SEMINOLE",,5,5,2,"AGAINST THE PROPOSITION - NO",,1,0,6,7,,
11/9/2021,"670023","CITY OF SEMINOLE",46701,"PROPOSITION  CITY OF SEMINOLE",,5,5,1,"FOR THE PROPOSITION - YES",,12,10,104,126,,
11/9/2021,"670023","CITY OF SEMINOLE",46701,"PROPOSITION  CITY OF SEMINOLE",,5,5,2,"AGAINST THE PROPOSITION - NO",,2,0,7,9,,
11/9/2021,"670024","CITY OF SEMINOLE",46701,"PROPOSITION  CITY OF SEMINOLE",,5,5,1,"FOR THE PROPOSITION - YES",,0,0,3,3,,
11/9/2021,"670024","CITY OF SEMINOLE",46701,"PROPOSITION  CITY OF SEMINOLE",,5,5,2,"AGAINST THE PROPOSITION - NO",,0,0,2,2,,
11/9/2021,"670032","CITY OF SEMINOLE",46701,"PROPOSITION  CITY OF SEMINOLE",,5,5,1,"FOR THE PROPOSITION - YES",,0,0,0,0,,
11/9/2021,"670032","CITY OF SEMINOLE",46701,"PROPOSITION  CITY OF SEMINOLE",,5,5,2,"AGAINST THE PROPOSITION - NO",,0,0,0,0,,
11/9/2021,"740071","TOWN OF COPAN",47401,"FOR BOARD OF TRUSTEES, OFFICE NO. 5 (UNEXPIRED TERM)  TOWN OF COPAN",,1,1,1,"ERIC MUMMA",,0,0,45,45,,
11/9/2021,"740071","TOWN OF COPAN",47401,"FOR BOARD OF TRUSTEES, OFFICE NO. 5 (UNEXPIRED TERM)  TOWN OF COPAN",,1,1,2,"JEFFERY ROE",,0,0,24,24,,
