elec_date,county,entity_description,race_number,race_description,race_party,tot_race_prec,race_prec_reporting,cand_number,cand_name,cand_party,cand_absmail_votes,cand_early_votes,cand_elecday_votes,cand_tot_votes,race_county_owner
1/9/2018,"ATOKA","COALGATE PUBLIC SCHOOLS INDEPENDENT SCHOOL DISTRICT NO. 001",51501,"PROPOSITION  COALGATE PUBLIC SCHOOLS",,2,2,1,"FOR THE PROPOSITION - YES",,0,0,4,4,,
1/9/2018,"ATOKA","COALGATE PUBLIC SCHOOLS INDEPENDENT SCHOOL DISTRICT NO. 001",51501,"PROPOSITION  COALGATE PUBLIC SCHOOLS",,2,2,2,"AGAINST THE PROPOSITION - NO",,0,0,4,4,,
1/9/2018,"COAL","COALGATE PUBLIC SCHOOLS INDEPENDENT SCHOOL DISTRICT NO. 001",51501,"PROPOSITION  COALGATE PUBLIC SCHOOLS",,8,8,1,"FOR THE PROPOSITION - YES",,11,80,278,369,,
1/9/2018,"COAL","COALGATE PUBLIC SCHOOLS INDEPENDENT SCHOOL DISTRICT NO. 001",51501,"PROPOSITION  COALGATE PUBLIC SCHOOLS",,8,8,2,"AGAINST THE PROPOSITION - NO",,5,16,102,123,,
1/9/2018,"GRADY","GRADY COUNTY",11001,"FOR STATE REPRESENTATIVE DISTRICT 51 (UNEXPIRED TERM)",REP,13,13,1,"DUSTIN PAYNE",REP,26,8,141,175,,
1/9/2018,"GRADY","GRADY COUNTY",11001,"FOR STATE REPRESENTATIVE DISTRICT 51 (UNEXPIRED TERM)",REP,13,13,2,"BRAD BOLES",REP,34,14,218,266,,
1/9/2018,"GREER","BLAIR PUBLIC SCHOOLS INDEPENDENT SCHOOL DISTRICT NO. 054",53301,"PROPOSITION  BLAIR PUBLIC SCHOOLS",,2,2,1,"FOR THE PROPOSITION - YES",,0,0,2,2,,
1/9/2018,"GREER","BLAIR PUBLIC SCHOOLS INDEPENDENT SCHOOL DISTRICT NO. 054",53301,"PROPOSITION  BLAIR PUBLIC SCHOOLS",,2,2,2,"AGAINST THE PROPOSITION - NO",,0,0,4,4,,
1/9/2018,"JACKSON","BLAIR PUBLIC SCHOOLS INDEPENDENT SCHOOL DISTRICT NO. 054",53301,"PROPOSITION  BLAIR PUBLIC SCHOOLS",,3,3,1,"FOR THE PROPOSITION - YES",,0,4,126,130,,
1/9/2018,"JACKSON","BLAIR PUBLIC SCHOOLS INDEPENDENT SCHOOL DISTRICT NO. 054",53301,"PROPOSITION  BLAIR PUBLIC SCHOOLS",,3,3,2,"AGAINST THE PROPOSITION - NO",,0,1,34,35,,
1/9/2018,"JOHNSTON","JOHNSTON COUNTY",30002,"PROPOSITION",,14,14,1,"FOR THE PROPOSITION - YES",,0,40,356,396,,
1/9/2018,"JOHNSTON","JOHNSTON COUNTY",30002,"PROPOSITION",,14,14,2,"AGAINST THE PROPOSITION - NO",,0,22,162,184,,
1/9/2018,"KIOWA","BLAIR PUBLIC SCHOOLS INDEPENDENT SCHOOL DISTRICT NO. 054",53301,"PROPOSITION  BLAIR PUBLIC SCHOOLS",,1,1,1,"FOR THE PROPOSITION - YES",,0,0,0,0,,
1/9/2018,"KIOWA","BLAIR PUBLIC SCHOOLS INDEPENDENT SCHOOL DISTRICT NO. 054",53301,"PROPOSITION  BLAIR PUBLIC SCHOOLS",,1,1,2,"AGAINST THE PROPOSITION - NO",,0,0,0,0,,
1/9/2018,"LEFLORE","CITY OF HEAVENER",44001,"PROPOSITION  CITY OF HEAVENER",,3,3,1,"FOR THE PROPOSITION - YES",,0,2,62,64,,
1/9/2018,"LEFLORE","CITY OF HEAVENER",44001,"PROPOSITION  CITY OF HEAVENER",,3,3,2,"AGAINST THE PROPOSITION - NO",,0,0,11,11,,
1/9/2018,"MCCLAIN","MCCLAIN COUNTY",11001,"FOR STATE REPRESENTATIVE DISTRICT 51 (UNEXPIRED TERM)",REP,1,1,1,"DUSTIN PAYNE",REP,1,0,7,8,,
1/9/2018,"MCCLAIN","MCCLAIN COUNTY",11001,"FOR STATE REPRESENTATIVE DISTRICT 51 (UNEXPIRED TERM)",REP,1,1,2,"BRAD BOLES",REP,5,0,9,14,,
1/9/2018,"OKLAHOMA","CITY OF THE VILLAGE",45501,"PROPOSITION NO. 1 (STREETS)  CITY OF THE VILLAGE",,5,5,1,"FOR THE PROPOSITION - YES",,27,5,579,611,,
1/9/2018,"OKLAHOMA","CITY OF THE VILLAGE",45501,"PROPOSITION NO. 1 (STREETS)  CITY OF THE VILLAGE",,5,5,2,"AGAINST THE PROPOSITION - NO",,5,0,75,80,,
1/9/2018,"OKLAHOMA","CITY OF THE VILLAGE",45502,"PROPOSITION NO. 2 (PARKS AND RECREATIONAL FACILITIES)  CITY OF THE VILLAGE",,5,5,1,"FOR THE PROPOSITION - YES",,24,5,544,573,,
1/9/2018,"OKLAHOMA","CITY OF THE VILLAGE",45502,"PROPOSITION NO. 2 (PARKS AND RECREATIONAL FACILITIES)  CITY OF THE VILLAGE",,5,5,2,"AGAINST THE PROPOSITION - NO",,7,0,110,117,,
1/9/2018,"OKLAHOMA","CITY OF THE VILLAGE",45503,"PROPOSITION NO. 3 (SALES TAX)  CITY OF THE VILLAGE",,5,5,1,"FOR THE PROPOSITION - YES",,24,5,519,548,,
1/9/2018,"OKLAHOMA","CITY OF THE VILLAGE",45503,"PROPOSITION NO. 3 (SALES TAX)  CITY OF THE VILLAGE",,5,5,2,"AGAINST THE PROPOSITION - NO",,7,0,134,141,,
1/9/2018,"PONTOTOC","PONTOTOC COUNTY",30001,"PROPOSITION",,21,21,1,"FOR THE PROPOSITION - YES",,33,112,780,925,,
1/9/2018,"PONTOTOC","PONTOTOC COUNTY",30001,"PROPOSITION",,21,21,2,"AGAINST THE PROPOSITION - NO",,20,22,278,320,,
1/9/2018,"POTTAWATOMIE","BETHEL PUBLIC SCHOOLS INDEPENDENT SCHOOL DISTRICT NO. 003",56301,"PROPOSITION  BETHEL PUBLIC SCHOOLS",,6,6,1,"FOR THE PROPOSITION - YES",,13,6,347,366,,
1/9/2018,"POTTAWATOMIE","BETHEL PUBLIC SCHOOLS INDEPENDENT SCHOOL DISTRICT NO. 003",56301,"PROPOSITION  BETHEL PUBLIC SCHOOLS",,6,6,2,"AGAINST THE PROPOSITION - NO",,7,0,107,114,,
1/9/2018,"ROGERS","VERDIGRIS PUBLIC SCHOOLS INDEPENDENT SCHOOL DISTRICT NO. 008",56601,"PROPOSITION NO. 1  VERDIGRIS PUBLIC SCHOOLS",,3,3,1,"FOR THE PROPOSITION - YES",,4,4,530,538,,
1/9/2018,"ROGERS","VERDIGRIS PUBLIC SCHOOLS INDEPENDENT SCHOOL DISTRICT NO. 008",56601,"PROPOSITION NO. 1  VERDIGRIS PUBLIC SCHOOLS",,3,3,2,"AGAINST THE PROPOSITION - NO",,5,0,51,56,,
1/9/2018,"ROGERS","VERDIGRIS PUBLIC SCHOOLS INDEPENDENT SCHOOL DISTRICT NO. 008",56602,"PROPOSITION NO. 2  VERDIGRIS PUBLIC SCHOOLS",,3,3,1,"FOR THE PROPOSITION - YES",,4,4,534,542,,
1/9/2018,"ROGERS","VERDIGRIS PUBLIC SCHOOLS INDEPENDENT SCHOOL DISTRICT NO. 008",56602,"PROPOSITION NO. 2  VERDIGRIS PUBLIC SCHOOLS",,3,3,2,"AGAINST THE PROPOSITION - NO",,5,0,47,52,,
1/9/2018,"STEPHENS","STEPHENS COUNTY",11001,"FOR STATE REPRESENTATIVE DISTRICT 51 (UNEXPIRED TERM)",REP,9,9,1,"DUSTIN PAYNE",REP,3,0,20,23,,
1/9/2018,"STEPHENS","STEPHENS COUNTY",11001,"FOR STATE REPRESENTATIVE DISTRICT 51 (UNEXPIRED TERM)",REP,9,9,2,"BRAD BOLES",REP,16,29,617,662,,
