elec_date,county,entity_description,race_number,race_description,race_party,tot_race_prec,race_prec_reporting,cand_number,cand_name,cand_party,cand_absmail_votes,cand_early_votes,cand_elecday_votes,cand_tot_votes,race_county_owner
5/14/2013,"BRYAN","SILO PUBLIC SCHOOLS",50701,"PROPOSITION  SILO PUBLIC SCHOOLS",,7,7,1,"FOR THE PROPOSITION - YES",,10,55,696,761,,
5/14/2013,"BRYAN","SILO PUBLIC SCHOOLS",50701,"PROPOSITION  SILO PUBLIC SCHOOLS",,7,7,2,"AGAINST THE PROPOSITION - NO",,8,32,480,520,,
5/14/2013,"CADDO","CADDO COUNTY",30004,"PROPOSITION",,20,20,1,"FOR THE PROPOSITION - YES",,45,76,690,811,,
5/14/2013,"CADDO","CADDO COUNTY",30004,"PROPOSITION",,20,20,2,"AGAINST THE PROPOSITION - NO",,9,5,107,121,,
5/14/2013,"CANADIAN","DEER CREEK PUBLIC SCHOOLS",55501,"PROPOSITION  DEER CREEK PUBLIC SCHOOLS",,1,1,1,"FOR THE PROPOSITION - YES",,0,0,0,0,,
5/14/2013,"CANADIAN","DEER CREEK PUBLIC SCHOOLS",55501,"PROPOSITION  DEER CREEK PUBLIC SCHOOLS",,1,1,2,"AGAINST THE PROPOSITION - NO",,0,0,0,0,,
5/14/2013,"CARTER","CARTER COUNTY",20101,"FOR COUNTY COMMISSIONER DISTRICT NO. 1 (UNEXPIRED TERM)",,8,8,1,"JOE DAVID McREYNOLDS",DEM,19,67,894,980,,
5/14/2013,"CARTER","CARTER COUNTY",20101,"FOR COUNTY COMMISSIONER DISTRICT NO. 1 (UNEXPIRED TERM)",,8,8,2,"LARRY DARTER",REP,9,19,706,734,,
5/14/2013,"CARTER","ARDMORE PUBLIC SCHOOLS",51001,"PROPOSITION  ARDMORE PUBLIC SCHOOLS",,10,10,1,"FOR THE PROPOSITION - YES",,15,43,1111,1169,,
5/14/2013,"CARTER","ARDMORE PUBLIC SCHOOLS",51001,"PROPOSITION  ARDMORE PUBLIC SCHOOLS",,10,10,2,"AGAINST THE PROPOSITION - NO",,18,31,593,642,,
5/14/2013,"CLEVELAND","CITY OF MOORE",41401,"PROPOSITION  CITY OF MOORE",,19,19,1,"FOR THE PROPOSITION - YES",,89,7,237,333,,
5/14/2013,"CLEVELAND","CITY OF MOORE",41401,"PROPOSITION  CITY OF MOORE",,19,19,2,"AGAINST THE PROPOSITION - NO",,18,1,26,45,,
5/14/2013,"COTTON","GRANDFIELD PUBLIC SCHOOLS",57101,"PROPOSITION NO. 1  GRANDFIELD PUBLIC SCHOOLS",,1,1,1,"FOR THE PROPOSITION - YES",,0,0,0,0,,
5/14/2013,"COTTON","GRANDFIELD PUBLIC SCHOOLS",57101,"PROPOSITION NO. 1  GRANDFIELD PUBLIC SCHOOLS",,1,1,2,"AGAINST THE PROPOSITION - NO",,0,0,0,0,,
5/14/2013,"COTTON","GRANDFIELD PUBLIC SCHOOLS",57102,"PROPOSITION NO. 2  GRANDFIELD PUBLIC SCHOOLS",,1,1,1,"FOR THE PROPOSITION - YES",,0,0,0,0,,
5/14/2013,"COTTON","GRANDFIELD PUBLIC SCHOOLS",57102,"PROPOSITION NO. 2  GRANDFIELD PUBLIC SCHOOLS",,1,1,2,"AGAINST THE PROPOSITION - NO",,0,0,0,0,,
5/14/2013,"CRAIG","CRAIG COUNTY",30001,"PROPOSITION",,12,12,1,"FOR THE PROPOSITION - YES",,13,41,286,340,,
5/14/2013,"CRAIG","CRAIG COUNTY",30001,"PROPOSITION",,12,12,2,"AGAINST THE PROPOSITION - NO",,8,4,75,87,,
5/14/2013,"CREEK","TULSA PUBLIC SCHOOLS",57202,"PROPOSITION  TULSA PUBLIC SCHOOLS",,3,3,1,"FOR THE PROPOSITION - YES",,0,0,0,0,,
5/14/2013,"CREEK","TULSA PUBLIC SCHOOLS",57202,"PROPOSITION  TULSA PUBLIC SCHOOLS",,3,3,2,"AGAINST THE PROPOSITION - NO",,0,0,0,0,,
5/14/2013,"CUSTER","THOMAS-FAY-CUSTER EMS",6201,"PROPOSITION  THOMAS-FAY-CUSTER EMS",,5,5,1,"FOR THE PROPOSITION - YES",,9,7,385,401,,
5/14/2013,"CUSTER","THOMAS-FAY-CUSTER EMS",6201,"PROPOSITION  THOMAS-FAY-CUSTER EMS",,5,5,2,"AGAINST THE PROPOSITION - NO",,1,0,57,58,,
5/14/2013,"DEWEY","THOMAS/FAY/CUSTER EMS DISTRICT",6221,"PROPOSITION  THOMAS/FAY/CUSTER EMS DISTRICT",,3,3,1,"FOR THE PROPOSITION - YES",,9,0,17,26,,
5/14/2013,"DEWEY","THOMAS/FAY/CUSTER EMS DISTRICT",6221,"PROPOSITION  THOMAS/FAY/CUSTER EMS DISTRICT",,3,3,2,"AGAINST THE PROPOSITION - NO",,1,0,3,4,,
5/14/2013,"GARFIELD","HENNESSEY PUBLIC SCHOOLS",53701,"PROPOSITION  HENNESSEY PUBLIC SCHOOLS",,3,3,1,"FOR THE PROPOSITION - YES",,0,0,4,4,,
5/14/2013,"GARFIELD","HENNESSEY PUBLIC SCHOOLS",53701,"PROPOSITION  HENNESSEY PUBLIC SCHOOLS",,3,3,2,"AGAINST THE PROPOSITION - NO",,0,1,3,4,,
5/14/2013,"GARVIN","CITY OF PAULS VALLEY",42501,"FOR COUNCIL PLACE NO. 4  CITY OF PAULS VALLEY",,5,5,1,"HAL BLEVINS",,20,16,132,168,,
5/14/2013,"GARVIN","CITY OF PAULS VALLEY",42501,"FOR COUNCIL PLACE NO. 4  CITY OF PAULS VALLEY",,5,5,2,"ZACHARY B BRUMLEY",,13,15,137,165,,
5/14/2013,"GARVIN","ALEX PUBLIC SCHOOLS",52601,"PROPOSITION  ALEX PUBLIC SCHOOLS",,1,1,1,"FOR THE PROPOSITION - YES",,0,0,0,0,,
5/14/2013,"GARVIN","ALEX PUBLIC SCHOOLS",52601,"PROPOSITION  ALEX PUBLIC SCHOOLS",,1,1,2,"AGAINST THE PROPOSITION - NO",,0,0,0,0,,
5/14/2013,"GRADY","GRADY COUNTY",30003,"PROPOSITION",,28,28,1,"FOR THE PROPOSITION - YES",,108,101,1291,1500,,
5/14/2013,"GRADY","GRADY COUNTY",30003,"PROPOSITION",,28,28,2,"AGAINST THE PROPOSITION - NO",,89,26,283,398,,
5/14/2013,"GRADY","ALEX PUBLIC SCHOOLS",52601,"PROPOSITION  ALEX PUBLIC SCHOOLS",,5,5,1,"FOR THE PROPOSITION - YES",,0,1,135,136,,
5/14/2013,"GRADY","ALEX PUBLIC SCHOOLS",52601,"PROPOSITION  ALEX PUBLIC SCHOOLS",,5,5,2,"AGAINST THE PROPOSITION - NO",,5,2,16,23,,
5/14/2013,"JACKSON","OLUSTEE PUBLIC SCHOOLS",53301,"PROPOSITION NO. 1  OLUSTEE PUBLIC SCHOOLS",,3,3,1,"FOR THE PROPOSITION - YES",,0,0,48,48,,
5/14/2013,"JACKSON","OLUSTEE PUBLIC SCHOOLS",53301,"PROPOSITION NO. 1  OLUSTEE PUBLIC SCHOOLS",,3,3,2,"AGAINST THE PROPOSITION - NO",,0,0,7,7,,
5/14/2013,"JACKSON","OLUSTEE PUBLIC SCHOOLS",53302,"PROPOSITION NO. 2  OLUSTEE PUBLIC SCHOOLS",,3,3,1,"FOR THE PROPOSITION - YES",,0,0,52,52,,
5/14/2013,"JACKSON","OLUSTEE PUBLIC SCHOOLS",53302,"PROPOSITION NO. 2  OLUSTEE PUBLIC SCHOOLS",,3,3,2,"AGAINST THE PROPOSITION - NO",,0,0,6,6,,
5/14/2013,"KINGFISHER","HENNESSEY PUBLIC SCHOOLS",53701,"PROPOSITION  HENNESSEY PUBLIC SCHOOLS",,3,3,1,"FOR THE PROPOSITION - YES",,8,4,267,279,,
5/14/2013,"KINGFISHER","HENNESSEY PUBLIC SCHOOLS",53701,"PROPOSITION  HENNESSEY PUBLIC SCHOOLS",,3,3,2,"AGAINST THE PROPOSITION - NO",,3,1,117,121,,
5/14/2013,"LEFLORE","WISTER PUBLIC SCHOOLS",54001,"PROPOSITION  WISTER PUBLIC SCHOOLS",,7,7,1,"FOR THE PROPOSITION - YES",,1,3,94,98,,
5/14/2013,"LEFLORE","WISTER PUBLIC SCHOOLS",54001,"PROPOSITION  WISTER PUBLIC SCHOOLS",,7,7,2,"AGAINST THE PROPOSITION - NO",,8,3,73,84,,
5/14/2013,"LOGAN","DEER CREEK PUBLIC SCHOOLS",55501,"PROPOSITION  DEER CREEK PUBLIC SCHOOLS",,3,3,1,"FOR THE PROPOSITION - YES",,5,1,35,41,,
5/14/2013,"LOGAN","DEER CREEK PUBLIC SCHOOLS",55501,"PROPOSITION  DEER CREEK PUBLIC SCHOOLS",,3,3,2,"AGAINST THE PROPOSITION - NO",,12,0,8,20,,
5/14/2013,"LOVE","THACKERVILLE PUBLIC SCHOOLS",54301,"PROPOSITION  THACKERVILLE PUBLIC SCHOOLS",,3,3,1,"FOR THE PROPOSITION - YES",,1,6,247,254,,
5/14/2013,"LOVE","THACKERVILLE PUBLIC SCHOOLS",54301,"PROPOSITION  THACKERVILLE PUBLIC SCHOOLS",,3,3,2,"AGAINST THE PROPOSITION - NO",,0,2,78,80,,
5/14/2013,"MCCLAIN","ALEX PUBLIC SCHOOLS",52601,"PROPOSITION  ALEX PUBLIC SCHOOLS",,1,1,1,"FOR THE PROPOSITION - YES",,0,0,1,1,,
5/14/2013,"MCCLAIN","ALEX PUBLIC SCHOOLS",52601,"PROPOSITION  ALEX PUBLIC SCHOOLS",,1,1,2,"AGAINST THE PROPOSITION - NO",,3,0,0,3,,
5/14/2013,"MAJOR","HENNESSEY PUBLIC SCHOOLS",53701,"PROPOSITION  HENNESSEY PUBLIC SCHOOLS",,2,2,1,"FOR THE PROPOSITION - YES",,0,0,0,0,,
5/14/2013,"MAJOR","HENNESSEY PUBLIC SCHOOLS",53701,"PROPOSITION  HENNESSEY PUBLIC SCHOOLS",,2,2,2,"AGAINST THE PROPOSITION - NO",,0,0,0,0,,
5/14/2013,"MAYES","SALINA PUBLIC SCHOOLS",54901,"PROPOSITION  SALINA PUBLIC SCHOOLS",,4,4,1,"FOR THE PROPOSITION - YES",,3,1,239,243,,
5/14/2013,"MAYES","SALINA PUBLIC SCHOOLS",54901,"PROPOSITION  SALINA PUBLIC SCHOOLS",,4,4,2,"AGAINST THE PROPOSITION - NO",,6,3,147,156,,
5/14/2013,"MUSKOGEE","MUSKOGEE PUBLIC SCHOOLS",55101,"PROPOSITION NO. 1  MUSKOGEE PUBLIC SCHOOLS",,19,19,1,"FOR THE PROPOSITION - YES",,13,72,1105,1190,,
5/14/2013,"MUSKOGEE","MUSKOGEE PUBLIC SCHOOLS",55101,"PROPOSITION NO. 1  MUSKOGEE PUBLIC SCHOOLS",,19,19,2,"AGAINST THE PROPOSITION - NO",,4,29,190,223,,
5/14/2013,"MUSKOGEE","MUSKOGEE PUBLIC SCHOOLS",55102,"PROPOSITION NO. 2  MUSKOGEE PUBLIC SCHOOLS",,19,19,1,"FOR THE PROPOSITION - YES",,13,77,1124,1214,,
5/14/2013,"MUSKOGEE","MUSKOGEE PUBLIC SCHOOLS",55102,"PROPOSITION NO. 2  MUSKOGEE PUBLIC SCHOOLS",,19,19,2,"AGAINST THE PROPOSITION - NO",,4,26,181,211,,
5/14/2013,"NOBLE","MORRISON PUBLIC SCHOOLS",55201,"PROPOSITION  MORRISON PUBLIC SCHOOLS",,2,2,1,"FOR THE PROPOSITION - YES",,3,10,272,285,,
5/14/2013,"NOBLE","MORRISON PUBLIC SCHOOLS",55201,"PROPOSITION  MORRISON PUBLIC SCHOOLS",,2,2,2,"AGAINST THE PROPOSITION - NO",,0,1,36,37,,
5/14/2013,"NOWATA","NOWATA COUNTY",30006,"PROPOSITION",,11,11,1,"FOR THE PROPOSITION - YES",,29,29,261,319,,
5/14/2013,"NOWATA","NOWATA COUNTY",30006,"PROPOSITION",,11,11,2,"AGAINST THE PROPOSITION - NO",,14,5,101,120,,
5/14/2013,"NOWATA","CITY OF NOWATA",45301,"PROPOSITION 1  CITY OF NOWATA",,4,4,1,"FOR THE PROPOSITION - YES",,10,12,109,131,,
5/14/2013,"NOWATA","CITY OF NOWATA",45301,"PROPOSITION 1  CITY OF NOWATA",,4,4,2,"AGAINST THE PROPOSITION - NO",,2,2,24,28,,
5/14/2013,"NOWATA","CITY OF NOWATA",45302,"PROPOSITION 2  CITY OF NOWATA",,4,4,1,"FOR THE PROPOSITION - YES",,11,12,97,120,,
5/14/2013,"NOWATA","CITY OF NOWATA",45302,"PROPOSITION 2  CITY OF NOWATA",,4,4,2,"AGAINST THE PROPOSITION - NO",,1,1,32,34,,
5/14/2013,"NOWATA","CITY OF NOWATA",45303,"PROPOSITION 3  CITY OF NOWATA",,4,4,1,"FOR THE PROPOSITION - YES",,8,9,100,117,,
5/14/2013,"NOWATA","CITY OF NOWATA",45303,"PROPOSITION 3  CITY OF NOWATA",,4,4,2,"AGAINST THE PROPOSITION - NO",,4,4,25,33,,
5/14/2013,"NOWATA","CITY OF NOWATA",45304,"PROPOSITION 4  CITY OF NOWATA",,4,4,1,"FOR THE PROPOSITION - YES",,9,9,106,124,,
5/14/2013,"NOWATA","CITY OF NOWATA",45304,"PROPOSITION 4  CITY OF NOWATA",,4,4,2,"AGAINST THE PROPOSITION - NO",,3,4,20,27,,
5/14/2013,"OKLAHOMA","CITY OF SPENCER",45501,"FOR COUNCILMEMBER, WARD NO. 3  CITY OF SPENCER",,2,2,1,"JAMES C. TALLEY JR",,4,0,211,215,,
5/14/2013,"OKLAHOMA","CITY OF SPENCER",45501,"FOR COUNCILMEMBER, WARD NO. 3  CITY OF SPENCER",,2,2,2,"TIMOTHY HARRIS",,3,1,141,145,,
5/14/2013,"OKLAHOMA","CITY OF SPENCER",45502,"FOR COUNCILMEMBER, WARD NO. 4  CITY OF SPENCER",,2,2,1,"DWIGHT TITUS",,1,1,133,135,,
5/14/2013,"OKLAHOMA","CITY OF SPENCER",45502,"FOR COUNCILMEMBER, WARD NO. 4  CITY OF SPENCER",,2,2,2,"CAROLYN L. HARRIS",,6,0,218,224,,
5/14/2013,"OKLAHOMA","CITY OF SPENCER",45503,"FOR COUNCILMEMBER AT LARGE  CITY OF SPENCER",,2,2,1,"CHARLOTTE VOGT",,3,1,135,139,,
5/14/2013,"OKLAHOMA","CITY OF SPENCER",45503,"FOR COUNCILMEMBER AT LARGE  CITY OF SPENCER",,2,2,2,"MARSHA L. JEFFERSON",,4,0,216,220,,
5/14/2013,"OKLAHOMA","DEER CREEK PUBLIC SCHOOLS",55501,"PROPOSITION  DEER CREEK PUBLIC SCHOOLS",,15,15,1,"FOR THE PROPOSITION - YES",,38,1,354,393,,
5/14/2013,"OKLAHOMA","DEER CREEK PUBLIC SCHOOLS",55501,"PROPOSITION  DEER CREEK PUBLIC SCHOOLS",,15,15,2,"AGAINST THE PROPOSITION - NO",,31,0,73,104,,
5/14/2013,"OKLAHOMA","CROOKED OAK PUBLIC SCHOOLS",55502,"PROPOSITION  CROOKED OAK PUBLIC SCHOOLS",,6,6,1,"FOR THE PROPOSITION - YES",,8,0,23,31,,
5/14/2013,"OKLAHOMA","CROOKED OAK PUBLIC SCHOOLS",55502,"PROPOSITION  CROOKED OAK PUBLIC SCHOOLS",,6,6,2,"AGAINST THE PROPOSITION - NO",,7,0,3,10,,
5/14/2013,"OSAGE","TULSA PUBLIC SCHOOLS",57202,"PROPOSITION  TULSA PUBLIC SCHOOLS",,5,5,1,"FOR THE PROPOSITION - YES",,13,2,189,204,,
5/14/2013,"OSAGE","TULSA PUBLIC SCHOOLS",57202,"PROPOSITION  TULSA PUBLIC SCHOOLS",,5,5,2,"AGAINST THE PROPOSITION - NO",,9,1,40,50,,
5/14/2013,"PAWNEE","MORRISON PUBLIC SCHOOLS",55201,"PROPOSITION  MORRISON PUBLIC SCHOOLS",,1,1,1,"FOR THE PROPOSITION - YES",,0,1,6,7,,
5/14/2013,"PAWNEE","MORRISON PUBLIC SCHOOLS",55201,"PROPOSITION  MORRISON PUBLIC SCHOOLS",,1,1,2,"AGAINST THE PROPOSITION - NO",,0,0,0,0,,
5/14/2013,"PAYNE","MORRISON PUBLIC SCHOOLS",55201,"PROPOSITION  MORRISON PUBLIC SCHOOLS",,4,4,1,"FOR THE PROPOSITION - YES",,0,2,27,29,,
5/14/2013,"PAYNE","MORRISON PUBLIC SCHOOLS",55201,"PROPOSITION  MORRISON PUBLIC SCHOOLS",,4,4,2,"AGAINST THE PROPOSITION - NO",,0,0,1,1,,
5/14/2013,"PITTSBURG","CITY OF MCALESTER",46101,"PROPOSITION   CITY OF MCALESTER",,16,16,1,"FOR THE PROPOSITION - YES",,14,54,636,704,,
5/14/2013,"PITTSBURG","CITY OF MCALESTER",46101,"PROPOSITION   CITY OF MCALESTER",,16,16,2,"AGAINST THE PROPOSITION - NO",,6,12,96,114,,
5/14/2013,"PONTOTOC","BYNG PUBLIC SCHOOLS",56201,"FOR INDEPENDENT SCHOOL BOARD MEMBER OFFICE NO. 4 (UNEXPIRED TERM)  BYNG PUBLIC SCHOOLS",,8,8,1,"STANLEY SAWYERS",,7,7,118,132,,
5/14/2013,"PONTOTOC","BYNG PUBLIC SCHOOLS",56201,"FOR INDEPENDENT SCHOOL BOARD MEMBER OFFICE NO. 4 (UNEXPIRED TERM)  BYNG PUBLIC SCHOOLS",,8,8,2,"PATRICK O. BOHAN",,0,9,58,67,,
5/14/2013,"ROGER MILLS","ROGER MILLS COUNTY",30005,"PROPOSITION",,9,9,1,"FOR THE PROPOSITION - YES",,10,38,158,206,,
5/14/2013,"ROGER MILLS","ROGER MILLS COUNTY",30005,"PROPOSITION",,9,9,2,"AGAINST THE PROPOSITION - NO",,3,6,39,48,,
5/14/2013,"ROGERS","ROGERS COUNTY",30002,"PROPOSITION",,36,36,1,"FOR THE PROPOSITION - YES",,153,149,1585,1887,,
5/14/2013,"ROGERS","ROGERS COUNTY",30002,"PROPOSITION",,36,36,2,"AGAINST THE PROPOSITION - NO",,106,121,1127,1354,,
5/14/2013,"SEQUOYAH","TOWN OF GORE",46801,"PROPOSITION  TOWN OF GORE",,2,2,1,"FOR THE PROPOSITION - YES",,3,6,168,177,,
5/14/2013,"SEQUOYAH","TOWN OF GORE",46801,"PROPOSITION  TOWN OF GORE",,2,2,2,"AGAINST THE PROPOSITION - NO",,0,0,11,11,,
5/14/2013,"STEPHENS","CITY OF DUNCAN",46901,"PROPOSITION  CITY OF DUNCAN",,15,15,1,"FOR THE PROPOSITION - YES",,12,46,560,618,,
5/14/2013,"STEPHENS","CITY OF DUNCAN",46901,"PROPOSITION  CITY OF DUNCAN",,15,15,2,"AGAINST THE PROPOSITION - NO",,23,64,802,889,,
5/14/2013,"TILLMAN","GRANDFIELD PUBLIC SCHOOLS",57101,"PROPOSITION NO. 1  GRANDFIELD PUBLIC SCHOOLS",,1,1,1,"FOR THE PROPOSITION - YES",,0,1,187,188,,
5/14/2013,"TILLMAN","GRANDFIELD PUBLIC SCHOOLS",57101,"PROPOSITION NO. 1  GRANDFIELD PUBLIC SCHOOLS",,1,1,2,"AGAINST THE PROPOSITION - NO",,0,0,41,41,,
5/14/2013,"TILLMAN","GRANDFIELD PUBLIC SCHOOLS",57102,"PROPOSITION NO. 2  GRANDFIELD PUBLIC SCHOOLS",,1,1,1,"FOR THE PROPOSITION - YES",,0,1,180,181,,
5/14/2013,"TILLMAN","GRANDFIELD PUBLIC SCHOOLS",57102,"PROPOSITION NO. 2  GRANDFIELD PUBLIC SCHOOLS",,1,1,2,"AGAINST THE PROPOSITION - NO",,0,0,48,48,,
5/14/2013,"TULSA","GLENPOOL PUBLIC SCHOOLS",57201,"PROPOSITION  GLENPOOL PUBLIC SCHOOLS",,4,4,1,"FOR THE PROPOSITION - YES",,5,1,212,218,,
5/14/2013,"TULSA","GLENPOOL PUBLIC SCHOOLS",57201,"PROPOSITION  GLENPOOL PUBLIC SCHOOLS",,4,4,2,"AGAINST THE PROPOSITION - NO",,7,0,114,121,,
5/14/2013,"TULSA","TULSA PUBLIC SCHOOLS",57202,"PROPOSITION  TULSA PUBLIC SCHOOLS",,139,139,1,"FOR THE PROPOSITION - YES",,446,159,8392,8997,,
5/14/2013,"TULSA","TULSA PUBLIC SCHOOLS",57202,"PROPOSITION  TULSA PUBLIC SCHOOLS",,139,139,2,"AGAINST THE PROPOSITION - NO",,236,72,4078,4386,,
5/14/2013,"WAGONER","TULSA PUBLIC SCHOOLS",57202,"PROPOSITION  TULSA PUBLIC SCHOOLS",,1,1,1,"FOR THE PROPOSITION - YES",,0,0,0,0,,
5/14/2013,"WAGONER","TULSA PUBLIC SCHOOLS",57202,"PROPOSITION  TULSA PUBLIC SCHOOLS",,1,1,2,"AGAINST THE PROPOSITION - NO",,0,0,5,5,,
