elec_date,precinct,entity_description,race_number,race_description,race_party,tot_race_prec,race_prec_reporting,cand_number,cand_name,cand_party,cand_absmail_votes,cand_early_votes,cand_elecday_votes,cand_tot_votes,race_county_owner
1/14/2020,"100001","CARTER COUNTY (EMS)",60101,"PROPOSITION  CARTER COUNTY (EMS)",,21,21,1,"FOR THE PROPOSITION - YES",,0,1,53,54,,
1/14/2020,"100001","CARTER COUNTY (EMS)",60101,"PROPOSITION  CARTER COUNTY (EMS)",,21,21,2,"AGAINST THE PROPOSITION - NO",,1,1,33,35,,
1/14/2020,"100002","CARTER COUNTY (EMS)",60101,"PROPOSITION  CARTER COUNTY (EMS)",,21,21,1,"FOR THE PROPOSITION - YES",,16,9,76,101,,
1/14/2020,"100002","CARTER COUNTY (EMS)",60101,"PROPOSITION  CARTER COUNTY (EMS)",,21,21,2,"AGAINST THE PROPOSITION - NO",,4,8,77,89,,
1/14/2020,"100007","CARTER COUNTY (EMS)",60101,"PROPOSITION  CARTER COUNTY (EMS)",,21,21,1,"FOR THE PROPOSITION - YES",,2,0,33,35,,
1/14/2020,"100007","CARTER COUNTY (EMS)",60101,"PROPOSITION  CARTER COUNTY (EMS)",,21,21,2,"AGAINST THE PROPOSITION - NO",,0,0,42,42,,
1/14/2020,"100011","CARTER COUNTY (EMS)",60101,"PROPOSITION  CARTER COUNTY (EMS)",,21,21,1,"FOR THE PROPOSITION - YES",,3,1,44,48,,
1/14/2020,"100011","CARTER COUNTY (EMS)",60101,"PROPOSITION  CARTER COUNTY (EMS)",,21,21,2,"AGAINST THE PROPOSITION - NO",,0,4,34,38,,
1/14/2020,"100014","CARTER COUNTY (EMS)",60101,"PROPOSITION  CARTER COUNTY (EMS)",,21,21,1,"FOR THE PROPOSITION - YES",,1,1,34,36,,
1/14/2020,"100014","CARTER COUNTY (EMS)",60101,"PROPOSITION  CARTER COUNTY (EMS)",,21,21,2,"AGAINST THE PROPOSITION - NO",,1,1,36,38,,
1/14/2020,"100015","CARTER COUNTY (EMS)",60101,"PROPOSITION  CARTER COUNTY (EMS)",,21,21,1,"FOR THE PROPOSITION - YES",,4,9,44,57,,
1/14/2020,"100015","CARTER COUNTY (EMS)",60101,"PROPOSITION  CARTER COUNTY (EMS)",,21,21,2,"AGAINST THE PROPOSITION - NO",,3,5,95,103,,
1/14/2020,"100017","CARTER COUNTY (EMS)",60101,"PROPOSITION  CARTER COUNTY (EMS)",,21,21,1,"FOR THE PROPOSITION - YES",,2,7,69,78,,
1/14/2020,"100017","CARTER COUNTY (EMS)",60101,"PROPOSITION  CARTER COUNTY (EMS)",,21,21,2,"AGAINST THE PROPOSITION - NO",,0,3,64,67,,
1/14/2020,"100019","CARTER COUNTY (EMS)",60101,"PROPOSITION  CARTER COUNTY (EMS)",,21,21,1,"FOR THE PROPOSITION - YES",,19,8,270,297,,
1/14/2020,"100019","CARTER COUNTY (EMS)",60101,"PROPOSITION  CARTER COUNTY (EMS)",,21,21,2,"AGAINST THE PROPOSITION - NO",,0,10,159,169,,
1/14/2020,"100020","CARTER COUNTY (EMS)",60101,"PROPOSITION  CARTER COUNTY (EMS)",,21,21,1,"FOR THE PROPOSITION - YES",,1,3,70,74,,
1/14/2020,"100020","CARTER COUNTY (EMS)",60101,"PROPOSITION  CARTER COUNTY (EMS)",,21,21,2,"AGAINST THE PROPOSITION - NO",,0,0,62,62,,
1/14/2020,"100024","CARTER COUNTY (EMS)",60101,"PROPOSITION  CARTER COUNTY (EMS)",,21,21,1,"FOR THE PROPOSITION - YES",,5,5,120,130,,
1/14/2020,"100024","CARTER COUNTY (EMS)",60101,"PROPOSITION  CARTER COUNTY (EMS)",,21,21,2,"AGAINST THE PROPOSITION - NO",,0,1,93,94,,
1/14/2020,"100025","CARTER COUNTY (EMS)",60101,"PROPOSITION  CARTER COUNTY (EMS)",,21,21,1,"FOR THE PROPOSITION - YES",,0,1,18,19,,
1/14/2020,"100025","CARTER COUNTY (EMS)",60101,"PROPOSITION  CARTER COUNTY (EMS)",,21,21,2,"AGAINST THE PROPOSITION - NO",,0,0,38,38,,
1/14/2020,"100026","CARTER COUNTY (EMS)",60101,"PROPOSITION  CARTER COUNTY (EMS)",,21,21,1,"FOR THE PROPOSITION - YES",,1,0,47,48,,
1/14/2020,"100026","CARTER COUNTY (EMS)",60101,"PROPOSITION  CARTER COUNTY (EMS)",,21,21,2,"AGAINST THE PROPOSITION - NO",,0,0,28,28,,
1/14/2020,"100031","CARTER COUNTY (EMS)",60101,"PROPOSITION  CARTER COUNTY (EMS)",,21,21,1,"FOR THE PROPOSITION - YES",,0,4,95,99,,
1/14/2020,"100031","CARTER COUNTY (EMS)",60101,"PROPOSITION  CARTER COUNTY (EMS)",,21,21,2,"AGAINST THE PROPOSITION - NO",,0,8,224,232,,
1/14/2020,"100032","CARTER COUNTY (EMS)",60101,"PROPOSITION  CARTER COUNTY (EMS)",,21,21,1,"FOR THE PROPOSITION - YES",,0,0,6,6,,
1/14/2020,"100032","CARTER COUNTY (EMS)",60101,"PROPOSITION  CARTER COUNTY (EMS)",,21,21,2,"AGAINST THE PROPOSITION - NO",,1,0,33,34,,
1/14/2020,"100033","CARTER COUNTY (EMS)",60101,"PROPOSITION  CARTER COUNTY (EMS)",,21,21,1,"FOR THE PROPOSITION - YES",,3,6,40,49,,
1/14/2020,"100033","CARTER COUNTY (EMS)",60101,"PROPOSITION  CARTER COUNTY (EMS)",,21,21,2,"AGAINST THE PROPOSITION - NO",,0,0,75,75,,
1/14/2020,"100034","CARTER COUNTY (EMS)",60101,"PROPOSITION  CARTER COUNTY (EMS)",,21,21,1,"FOR THE PROPOSITION - YES",,0,2,51,53,,
1/14/2020,"100034","CARTER COUNTY (EMS)",60101,"PROPOSITION  CARTER COUNTY (EMS)",,21,21,2,"AGAINST THE PROPOSITION - NO",,2,5,105,112,,
1/14/2020,"100039","CARTER COUNTY (EMS)",60101,"PROPOSITION  CARTER COUNTY (EMS)",,21,21,1,"FOR THE PROPOSITION - YES",,0,1,23,24,,
1/14/2020,"100039","CARTER COUNTY (EMS)",60101,"PROPOSITION  CARTER COUNTY (EMS)",,21,21,2,"AGAINST THE PROPOSITION - NO",,0,0,43,43,,
1/14/2020,"100052","CARTER COUNTY (EMS)",60101,"PROPOSITION  CARTER COUNTY (EMS)",,21,21,1,"FOR THE PROPOSITION - YES",,0,0,0,0,,
1/14/2020,"100052","CARTER COUNTY (EMS)",60101,"PROPOSITION  CARTER COUNTY (EMS)",,21,21,2,"AGAINST THE PROPOSITION - NO",,0,0,0,0,,
1/14/2020,"100061","CARTER COUNTY (EMS)",60101,"PROPOSITION  CARTER COUNTY (EMS)",,21,21,1,"FOR THE PROPOSITION - YES",,0,0,32,32,,
1/14/2020,"100061","CARTER COUNTY (EMS)",60101,"PROPOSITION  CARTER COUNTY (EMS)",,21,21,2,"AGAINST THE PROPOSITION - NO",,0,1,34,35,,
1/14/2020,"100062","CARTER COUNTY (EMS)",60101,"PROPOSITION  CARTER COUNTY (EMS)",,21,21,1,"FOR THE PROPOSITION - YES",,2,3,61,66,,
1/14/2020,"100062","CARTER COUNTY (EMS)",60101,"PROPOSITION  CARTER COUNTY (EMS)",,21,21,2,"AGAINST THE PROPOSITION - NO",,3,4,63,70,,
1/14/2020,"100063","CARTER COUNTY (EMS)",60101,"PROPOSITION  CARTER COUNTY (EMS)",,21,21,1,"FOR THE PROPOSITION - YES",,1,4,78,83,,
1/14/2020,"100063","CARTER COUNTY (EMS)",60101,"PROPOSITION  CARTER COUNTY (EMS)",,21,21,2,"AGAINST THE PROPOSITION - NO",,0,9,132,141,,
1/14/2020,"190111","CITY OF SAPULPA",41901,"PROPOSITION NO. 1  CITY OF SAPULPA",,19,19,1,"FOR THE PROPOSITION - YES",,5,1,98,104,,
1/14/2020,"190111","CITY OF SAPULPA",41901,"PROPOSITION NO. 1  CITY OF SAPULPA",,19,19,2,"AGAINST THE PROPOSITION - NO",,3,2,43,48,,
1/14/2020,"190111","CITY OF SAPULPA",41902,"PROPOSITION NO. 2  CITY OF SAPULPA",,19,19,1,"FOR THE PROPOSITION - YES",,5,1,86,92,,
1/14/2020,"190111","CITY OF SAPULPA",41902,"PROPOSITION NO. 2  CITY OF SAPULPA",,19,19,2,"AGAINST THE PROPOSITION - NO",,3,2,55,60,,
1/14/2020,"190111","CITY OF SAPULPA",41903,"PROPOSITION NO. 3  CITY OF SAPULPA",,19,19,1,"FOR THE PROPOSITION - YES",,2,2,85,89,,
1/14/2020,"190111","CITY OF SAPULPA",41903,"PROPOSITION NO. 3  CITY OF SAPULPA",,19,19,2,"AGAINST THE PROPOSITION - NO",,6,1,57,64,,
1/14/2020,"190111","CITY OF SAPULPA",41904,"PROPOSITION NO. 4  CITY OF SAPULPA",,19,19,1,"FOR THE PROPOSITION - YES",,2,1,84,87,,
1/14/2020,"190111","CITY OF SAPULPA",41904,"PROPOSITION NO. 4  CITY OF SAPULPA",,19,19,2,"AGAINST THE PROPOSITION - NO",,6,2,53,61,,
1/14/2020,"190111","CITY OF SAPULPA",41905,"PROPOSITION NO. 5  CITY OF SAPULPA",,19,19,1,"FOR THE PROPOSITION - YES",,4,0,78,82,,
1/14/2020,"190111","CITY OF SAPULPA",41905,"PROPOSITION NO. 5  CITY OF SAPULPA",,19,19,2,"AGAINST THE PROPOSITION - NO",,4,3,60,67,,
1/14/2020,"190111","CITY OF SAPULPA",41906,"PROPOSITION NO. 6  CITY OF SAPULPA",,19,19,1,"FOR THE PROPOSITION - YES",,4,2,90,96,,
1/14/2020,"190111","CITY OF SAPULPA",41906,"PROPOSITION NO. 6  CITY OF SAPULPA",,19,19,2,"AGAINST THE PROPOSITION - NO",,4,1,47,52,,
1/14/2020,"190111","LONE STAR PUBLIC SCHOOL ELEMENTARY SCHOOL DISTRICT NO. 008",51901,"PROPOSITION  LONE STAR PUBLIC SCHOOL",,6,6,1,"FOR THE PROPOSITION - YES",,8,2,108,118,,
1/14/2020,"190111","LONE STAR PUBLIC SCHOOL ELEMENTARY SCHOOL DISTRICT NO. 008",51901,"PROPOSITION  LONE STAR PUBLIC SCHOOL",,6,6,2,"AGAINST THE PROPOSITION - NO",,0,1,34,35,,
1/14/2020,"190112","CITY OF SAPULPA",41901,"PROPOSITION NO. 1  CITY OF SAPULPA",,19,19,1,"FOR THE PROPOSITION - YES",,0,0,17,17,,
1/14/2020,"190112","CITY OF SAPULPA",41901,"PROPOSITION NO. 1  CITY OF SAPULPA",,19,19,2,"AGAINST THE PROPOSITION - NO",,0,0,11,11,,
1/14/2020,"190112","CITY OF SAPULPA",41902,"PROPOSITION NO. 2  CITY OF SAPULPA",,19,19,1,"FOR THE PROPOSITION - YES",,0,0,19,19,,
1/14/2020,"190112","CITY OF SAPULPA",41902,"PROPOSITION NO. 2  CITY OF SAPULPA",,19,19,2,"AGAINST THE PROPOSITION - NO",,0,0,9,9,,
1/14/2020,"190112","CITY OF SAPULPA",41903,"PROPOSITION NO. 3  CITY OF SAPULPA",,19,19,1,"FOR THE PROPOSITION - YES",,0,0,17,17,,
1/14/2020,"190112","CITY OF SAPULPA",41903,"PROPOSITION NO. 3  CITY OF SAPULPA",,19,19,2,"AGAINST THE PROPOSITION - NO",,0,0,11,11,,
1/14/2020,"190112","CITY OF SAPULPA",41904,"PROPOSITION NO. 4  CITY OF SAPULPA",,19,19,1,"FOR THE PROPOSITION - YES",,0,0,13,13,,
1/14/2020,"190112","CITY OF SAPULPA",41904,"PROPOSITION NO. 4  CITY OF SAPULPA",,19,19,2,"AGAINST THE PROPOSITION - NO",,0,0,14,14,,
1/14/2020,"190112","CITY OF SAPULPA",41905,"PROPOSITION NO. 5  CITY OF SAPULPA",,19,19,1,"FOR THE PROPOSITION - YES",,0,0,14,14,,
1/14/2020,"190112","CITY OF SAPULPA",41905,"PROPOSITION NO. 5  CITY OF SAPULPA",,19,19,2,"AGAINST THE PROPOSITION - NO",,0,0,13,13,,
1/14/2020,"190112","CITY OF SAPULPA",41906,"PROPOSITION NO. 6  CITY OF SAPULPA",,19,19,1,"FOR THE PROPOSITION - YES",,0,0,15,15,,
1/14/2020,"190112","CITY OF SAPULPA",41906,"PROPOSITION NO. 6  CITY OF SAPULPA",,19,19,2,"AGAINST THE PROPOSITION - NO",,0,0,12,12,,
1/14/2020,"190112","LONE STAR PUBLIC SCHOOL ELEMENTARY SCHOOL DISTRICT NO. 008",51901,"PROPOSITION  LONE STAR PUBLIC SCHOOL",,6,6,1,"FOR THE PROPOSITION - YES",,0,0,2,2,,
1/14/2020,"190112","LONE STAR PUBLIC SCHOOL ELEMENTARY SCHOOL DISTRICT NO. 008",51901,"PROPOSITION  LONE STAR PUBLIC SCHOOL",,6,6,2,"AGAINST THE PROPOSITION - NO",,0,0,0,0,,
1/14/2020,"190121","CITY OF SAPULPA",41901,"PROPOSITION NO. 1  CITY OF SAPULPA",,19,19,1,"FOR THE PROPOSITION - YES",,1,2,13,16,,
1/14/2020,"190121","CITY OF SAPULPA",41901,"PROPOSITION NO. 1  CITY OF SAPULPA",,19,19,2,"AGAINST THE PROPOSITION - NO",,1,0,7,8,,
1/14/2020,"190121","CITY OF SAPULPA",41902,"PROPOSITION NO. 2  CITY OF SAPULPA",,19,19,1,"FOR THE PROPOSITION - YES",,0,2,12,14,,
1/14/2020,"190121","CITY OF SAPULPA",41902,"PROPOSITION NO. 2  CITY OF SAPULPA",,19,19,2,"AGAINST THE PROPOSITION - NO",,2,0,8,10,,
1/14/2020,"190121","CITY OF SAPULPA",41903,"PROPOSITION NO. 3  CITY OF SAPULPA",,19,19,1,"FOR THE PROPOSITION - YES",,0,0,12,12,,
1/14/2020,"190121","CITY OF SAPULPA",41903,"PROPOSITION NO. 3  CITY OF SAPULPA",,19,19,2,"AGAINST THE PROPOSITION - NO",,2,2,8,12,,
1/14/2020,"190121","CITY OF SAPULPA",41904,"PROPOSITION NO. 4  CITY OF SAPULPA",,19,19,1,"FOR THE PROPOSITION - YES",,1,0,8,9,,
1/14/2020,"190121","CITY OF SAPULPA",41904,"PROPOSITION NO. 4  CITY OF SAPULPA",,19,19,2,"AGAINST THE PROPOSITION - NO",,1,1,12,14,,
1/14/2020,"190121","CITY OF SAPULPA",41905,"PROPOSITION NO. 5  CITY OF SAPULPA",,19,19,1,"FOR THE PROPOSITION - YES",,0,0,9,9,,
1/14/2020,"190121","CITY OF SAPULPA",41905,"PROPOSITION NO. 5  CITY OF SAPULPA",,19,19,2,"AGAINST THE PROPOSITION - NO",,2,1,11,14,,
1/14/2020,"190121","CITY OF SAPULPA",41906,"PROPOSITION NO. 6  CITY OF SAPULPA",,19,19,1,"FOR THE PROPOSITION - YES",,0,0,8,8,,
1/14/2020,"190121","CITY OF SAPULPA",41906,"PROPOSITION NO. 6  CITY OF SAPULPA",,19,19,2,"AGAINST THE PROPOSITION - NO",,2,1,12,15,,
1/14/2020,"190122","CITY OF SAPULPA",41901,"PROPOSITION NO. 1  CITY OF SAPULPA",,19,19,1,"FOR THE PROPOSITION - YES",,0,4,57,61,,
1/14/2020,"190122","CITY OF SAPULPA",41901,"PROPOSITION NO. 1  CITY OF SAPULPA",,19,19,2,"AGAINST THE PROPOSITION - NO",,0,1,10,11,,
1/14/2020,"190122","CITY OF SAPULPA",41902,"PROPOSITION NO. 2  CITY OF SAPULPA",,19,19,1,"FOR THE PROPOSITION - YES",,0,4,55,59,,
1/14/2020,"190122","CITY OF SAPULPA",41902,"PROPOSITION NO. 2  CITY OF SAPULPA",,19,19,2,"AGAINST THE PROPOSITION - NO",,0,1,11,12,,
1/14/2020,"190122","CITY OF SAPULPA",41903,"PROPOSITION NO. 3  CITY OF SAPULPA",,19,19,1,"FOR THE PROPOSITION - YES",,0,5,55,60,,
1/14/2020,"190122","CITY OF SAPULPA",41903,"PROPOSITION NO. 3  CITY OF SAPULPA",,19,19,2,"AGAINST THE PROPOSITION - NO",,0,0,11,11,,
1/14/2020,"190122","CITY OF SAPULPA",41904,"PROPOSITION NO. 4  CITY OF SAPULPA",,19,19,1,"FOR THE PROPOSITION - YES",,0,3,43,46,,
1/14/2020,"190122","CITY OF SAPULPA",41904,"PROPOSITION NO. 4  CITY OF SAPULPA",,19,19,2,"AGAINST THE PROPOSITION - NO",,0,0,22,22,,
1/14/2020,"190122","CITY OF SAPULPA",41905,"PROPOSITION NO. 5  CITY OF SAPULPA",,19,19,1,"FOR THE PROPOSITION - YES",,0,3,57,60,,
1/14/2020,"190122","CITY OF SAPULPA",41905,"PROPOSITION NO. 5  CITY OF SAPULPA",,19,19,2,"AGAINST THE PROPOSITION - NO",,0,1,9,10,,
1/14/2020,"190122","CITY OF SAPULPA",41906,"PROPOSITION NO. 6  CITY OF SAPULPA",,19,19,1,"FOR THE PROPOSITION - YES",,0,3,52,55,,
1/14/2020,"190122","CITY OF SAPULPA",41906,"PROPOSITION NO. 6  CITY OF SAPULPA",,19,19,2,"AGAINST THE PROPOSITION - NO",,0,1,13,14,,
1/14/2020,"190131","CITY OF SAPULPA",41901,"PROPOSITION NO. 1  CITY OF SAPULPA",,19,19,1,"FOR THE PROPOSITION - YES",,0,1,52,53,,
1/14/2020,"190131","CITY OF SAPULPA",41901,"PROPOSITION NO. 1  CITY OF SAPULPA",,19,19,2,"AGAINST THE PROPOSITION - NO",,0,1,39,40,,
1/14/2020,"190131","CITY OF SAPULPA",41902,"PROPOSITION NO. 2  CITY OF SAPULPA",,19,19,1,"FOR THE PROPOSITION - YES",,0,1,47,48,,
1/14/2020,"190131","CITY OF SAPULPA",41902,"PROPOSITION NO. 2  CITY OF SAPULPA",,19,19,2,"AGAINST THE PROPOSITION - NO",,0,1,44,45,,
1/14/2020,"190131","CITY OF SAPULPA",41903,"PROPOSITION NO. 3  CITY OF SAPULPA",,19,19,1,"FOR THE PROPOSITION - YES",,0,1,48,49,,
1/14/2020,"190131","CITY OF SAPULPA",41903,"PROPOSITION NO. 3  CITY OF SAPULPA",,19,19,2,"AGAINST THE PROPOSITION - NO",,0,1,41,42,,
1/14/2020,"190131","CITY OF SAPULPA",41904,"PROPOSITION NO. 4  CITY OF SAPULPA",,19,19,1,"FOR THE PROPOSITION - YES",,0,1,40,41,,
1/14/2020,"190131","CITY OF SAPULPA",41904,"PROPOSITION NO. 4  CITY OF SAPULPA",,19,19,2,"AGAINST THE PROPOSITION - NO",,0,1,50,51,,
1/14/2020,"190131","CITY OF SAPULPA",41905,"PROPOSITION NO. 5  CITY OF SAPULPA",,19,19,1,"FOR THE PROPOSITION - YES",,0,1,45,46,,
1/14/2020,"190131","CITY OF SAPULPA",41905,"PROPOSITION NO. 5  CITY OF SAPULPA",,19,19,2,"AGAINST THE PROPOSITION - NO",,0,1,46,47,,
1/14/2020,"190131","CITY OF SAPULPA",41906,"PROPOSITION NO. 6  CITY OF SAPULPA",,19,19,1,"FOR THE PROPOSITION - YES",,0,1,47,48,,
1/14/2020,"190131","CITY OF SAPULPA",41906,"PROPOSITION NO. 6  CITY OF SAPULPA",,19,19,2,"AGAINST THE PROPOSITION - NO",,0,1,44,45,,
1/14/2020,"190132","CITY OF SAPULPA",41901,"PROPOSITION NO. 1  CITY OF SAPULPA",,19,19,1,"FOR THE PROPOSITION - YES",,2,4,86,92,,
1/14/2020,"190132","CITY OF SAPULPA",41901,"PROPOSITION NO. 1  CITY OF SAPULPA",,19,19,2,"AGAINST THE PROPOSITION - NO",,0,0,38,38,,
1/14/2020,"190132","CITY OF SAPULPA",41902,"PROPOSITION NO. 2  CITY OF SAPULPA",,19,19,1,"FOR THE PROPOSITION - YES",,2,4,83,89,,
1/14/2020,"190132","CITY OF SAPULPA",41902,"PROPOSITION NO. 2  CITY OF SAPULPA",,19,19,2,"AGAINST THE PROPOSITION - NO",,0,0,41,41,,
1/14/2020,"190132","CITY OF SAPULPA",41903,"PROPOSITION NO. 3  CITY OF SAPULPA",,19,19,1,"FOR THE PROPOSITION - YES",,1,4,70,75,,
1/14/2020,"190132","CITY OF SAPULPA",41903,"PROPOSITION NO. 3  CITY OF SAPULPA",,19,19,2,"AGAINST THE PROPOSITION - NO",,1,0,54,55,,
1/14/2020,"190132","CITY OF SAPULPA",41904,"PROPOSITION NO. 4  CITY OF SAPULPA",,19,19,1,"FOR THE PROPOSITION - YES",,1,4,70,75,,
1/14/2020,"190132","CITY OF SAPULPA",41904,"PROPOSITION NO. 4  CITY OF SAPULPA",,19,19,2,"AGAINST THE PROPOSITION - NO",,1,0,52,53,,
1/14/2020,"190132","CITY OF SAPULPA",41905,"PROPOSITION NO. 5  CITY OF SAPULPA",,19,19,1,"FOR THE PROPOSITION - YES",,1,4,66,71,,
1/14/2020,"190132","CITY OF SAPULPA",41905,"PROPOSITION NO. 5  CITY OF SAPULPA",,19,19,2,"AGAINST THE PROPOSITION - NO",,1,0,57,58,,
1/14/2020,"190132","CITY OF SAPULPA",41906,"PROPOSITION NO. 6  CITY OF SAPULPA",,19,19,1,"FOR THE PROPOSITION - YES",,1,3,68,72,,
1/14/2020,"190132","CITY OF SAPULPA",41906,"PROPOSITION NO. 6  CITY OF SAPULPA",,19,19,2,"AGAINST THE PROPOSITION - NO",,1,1,55,57,,
1/14/2020,"190142","CITY OF SAPULPA",41901,"PROPOSITION NO. 1  CITY OF SAPULPA",,19,19,1,"FOR THE PROPOSITION - YES",,2,52,248,302,,
1/14/2020,"190142","CITY OF SAPULPA",41901,"PROPOSITION NO. 1  CITY OF SAPULPA",,19,19,2,"AGAINST THE PROPOSITION - NO",,3,3,94,100,,
1/14/2020,"190142","CITY OF SAPULPA",41902,"PROPOSITION NO. 2  CITY OF SAPULPA",,19,19,1,"FOR THE PROPOSITION - YES",,3,48,226,277,,
1/14/2020,"190142","CITY OF SAPULPA",41902,"PROPOSITION NO. 2  CITY OF SAPULPA",,19,19,2,"AGAINST THE PROPOSITION - NO",,2,9,115,126,,
1/14/2020,"190142","CITY OF SAPULPA",41903,"PROPOSITION NO. 3  CITY OF SAPULPA",,19,19,1,"FOR THE PROPOSITION - YES",,3,52,217,272,,
1/14/2020,"190142","CITY OF SAPULPA",41903,"PROPOSITION NO. 3  CITY OF SAPULPA",,19,19,2,"AGAINST THE PROPOSITION - NO",,2,5,124,131,,
1/14/2020,"190142","CITY OF SAPULPA",41904,"PROPOSITION NO. 4  CITY OF SAPULPA",,19,19,1,"FOR THE PROPOSITION - YES",,1,49,186,236,,
1/14/2020,"190142","CITY OF SAPULPA",41904,"PROPOSITION NO. 4  CITY OF SAPULPA",,19,19,2,"AGAINST THE PROPOSITION - NO",,4,7,144,155,,
1/14/2020,"190142","CITY OF SAPULPA",41905,"PROPOSITION NO. 5  CITY OF SAPULPA",,19,19,1,"FOR THE PROPOSITION - YES",,1,34,169,204,,
1/14/2020,"190142","CITY OF SAPULPA",41905,"PROPOSITION NO. 5  CITY OF SAPULPA",,19,19,2,"AGAINST THE PROPOSITION - NO",,4,21,161,186,,
1/14/2020,"190142","CITY OF SAPULPA",41906,"PROPOSITION NO. 6  CITY OF SAPULPA",,19,19,1,"FOR THE PROPOSITION - YES",,1,45,200,246,,
1/14/2020,"190142","CITY OF SAPULPA",41906,"PROPOSITION NO. 6  CITY OF SAPULPA",,19,19,2,"AGAINST THE PROPOSITION - NO",,4,10,130,144,,
1/14/2020,"190143","CITY OF SAPULPA",41901,"PROPOSITION NO. 1  CITY OF SAPULPA",,19,19,1,"FOR THE PROPOSITION - YES",,0,9,102,111,,
1/14/2020,"190143","CITY OF SAPULPA",41901,"PROPOSITION NO. 1  CITY OF SAPULPA",,19,19,2,"AGAINST THE PROPOSITION - NO",,0,2,41,43,,
1/14/2020,"190143","CITY OF SAPULPA",41902,"PROPOSITION NO. 2  CITY OF SAPULPA",,19,19,1,"FOR THE PROPOSITION - YES",,0,6,99,105,,
1/14/2020,"190143","CITY OF SAPULPA",41902,"PROPOSITION NO. 2  CITY OF SAPULPA",,19,19,2,"AGAINST THE PROPOSITION - NO",,0,5,45,50,,
1/14/2020,"190143","CITY OF SAPULPA",41903,"PROPOSITION NO. 3  CITY OF SAPULPA",,19,19,1,"FOR THE PROPOSITION - YES",,0,8,93,101,,
1/14/2020,"190143","CITY OF SAPULPA",41903,"PROPOSITION NO. 3  CITY OF SAPULPA",,19,19,2,"AGAINST THE PROPOSITION - NO",,0,3,51,54,,
1/14/2020,"190143","CITY OF SAPULPA",41904,"PROPOSITION NO. 4  CITY OF SAPULPA",,19,19,1,"FOR THE PROPOSITION - YES",,0,6,84,90,,
1/14/2020,"190143","CITY OF SAPULPA",41904,"PROPOSITION NO. 4  CITY OF SAPULPA",,19,19,2,"AGAINST THE PROPOSITION - NO",,0,4,58,62,,
1/14/2020,"190143","CITY OF SAPULPA",41905,"PROPOSITION NO. 5  CITY OF SAPULPA",,19,19,1,"FOR THE PROPOSITION - YES",,0,5,81,86,,
1/14/2020,"190143","CITY OF SAPULPA",41905,"PROPOSITION NO. 5  CITY OF SAPULPA",,19,19,2,"AGAINST THE PROPOSITION - NO",,0,6,62,68,,
1/14/2020,"190143","CITY OF SAPULPA",41906,"PROPOSITION NO. 6  CITY OF SAPULPA",,19,19,1,"FOR THE PROPOSITION - YES",,0,10,90,100,,
1/14/2020,"190143","CITY OF SAPULPA",41906,"PROPOSITION NO. 6  CITY OF SAPULPA",,19,19,2,"AGAINST THE PROPOSITION - NO",,0,1,50,51,,
1/14/2020,"190401","CITY OF SAPULPA",41901,"PROPOSITION NO. 1  CITY OF SAPULPA",,19,19,1,"FOR THE PROPOSITION - YES",,0,0,0,0,,
1/14/2020,"190401","CITY OF SAPULPA",41901,"PROPOSITION NO. 1  CITY OF SAPULPA",,19,19,2,"AGAINST THE PROPOSITION - NO",,0,0,0,0,,
1/14/2020,"190401","CITY OF SAPULPA",41902,"PROPOSITION NO. 2  CITY OF SAPULPA",,19,19,1,"FOR THE PROPOSITION - YES",,0,0,0,0,,
1/14/2020,"190401","CITY OF SAPULPA",41902,"PROPOSITION NO. 2  CITY OF SAPULPA",,19,19,2,"AGAINST THE PROPOSITION - NO",,0,0,0,0,,
1/14/2020,"190401","CITY OF SAPULPA",41903,"PROPOSITION NO. 3  CITY OF SAPULPA",,19,19,1,"FOR THE PROPOSITION - YES",,0,0,0,0,,
1/14/2020,"190401","CITY OF SAPULPA",41903,"PROPOSITION NO. 3  CITY OF SAPULPA",,19,19,2,"AGAINST THE PROPOSITION - NO",,0,0,0,0,,
1/14/2020,"190401","CITY OF SAPULPA",41904,"PROPOSITION NO. 4  CITY OF SAPULPA",,19,19,1,"FOR THE PROPOSITION - YES",,0,0,0,0,,
1/14/2020,"190401","CITY OF SAPULPA",41904,"PROPOSITION NO. 4  CITY OF SAPULPA",,19,19,2,"AGAINST THE PROPOSITION - NO",,0,0,0,0,,
1/14/2020,"190401","CITY OF SAPULPA",41905,"PROPOSITION NO. 5  CITY OF SAPULPA",,19,19,1,"FOR THE PROPOSITION - YES",,0,0,0,0,,
1/14/2020,"190401","CITY OF SAPULPA",41905,"PROPOSITION NO. 5  CITY OF SAPULPA",,19,19,2,"AGAINST THE PROPOSITION - NO",,0,0,0,0,,
1/14/2020,"190401","CITY OF SAPULPA",41906,"PROPOSITION NO. 6  CITY OF SAPULPA",,19,19,1,"FOR THE PROPOSITION - YES",,0,0,0,0,,
1/14/2020,"190401","CITY OF SAPULPA",41906,"PROPOSITION NO. 6  CITY OF SAPULPA",,19,19,2,"AGAINST THE PROPOSITION - NO",,0,0,0,0,,
1/14/2020,"190401","PRETTY WATER PUBLIC SCHOOL ELEMENTARY SCHOOL DISTRICT NO. 034",51902,"PROPOSITION NO. 1  PRETTY WATER PUBLIC SCHOOL",,2,2,1,"FOR THE PROPOSITION - YES",,3,2,82,87,,
1/14/2020,"190401","PRETTY WATER PUBLIC SCHOOL ELEMENTARY SCHOOL DISTRICT NO. 034",51902,"PROPOSITION NO. 1  PRETTY WATER PUBLIC SCHOOL",,2,2,2,"AGAINST THE PROPOSITION - NO",,3,0,50,53,,
1/14/2020,"190401","PRETTY WATER PUBLIC SCHOOL ELEMENTARY SCHOOL DISTRICT NO. 034",51903,"PROPOSITION NO. 2  PRETTY WATER PUBLIC SCHOOL",,2,2,1,"FOR THE PROPOSITION - YES",,3,2,80,85,,
1/14/2020,"190401","PRETTY WATER PUBLIC SCHOOL ELEMENTARY SCHOOL DISTRICT NO. 034",51903,"PROPOSITION NO. 2  PRETTY WATER PUBLIC SCHOOL",,2,2,2,"AGAINST THE PROPOSITION - NO",,3,0,55,58,,
1/14/2020,"190402","CITY OF SAPULPA",41901,"PROPOSITION NO. 1  CITY OF SAPULPA",,19,19,1,"FOR THE PROPOSITION - YES",,0,0,31,31,,
1/14/2020,"190402","CITY OF SAPULPA",41901,"PROPOSITION NO. 1  CITY OF SAPULPA",,19,19,2,"AGAINST THE PROPOSITION - NO",,0,0,17,17,,
1/14/2020,"190402","CITY OF SAPULPA",41902,"PROPOSITION NO. 2  CITY OF SAPULPA",,19,19,1,"FOR THE PROPOSITION - YES",,0,0,25,25,,
1/14/2020,"190402","CITY OF SAPULPA",41902,"PROPOSITION NO. 2  CITY OF SAPULPA",,19,19,2,"AGAINST THE PROPOSITION - NO",,0,0,23,23,,
1/14/2020,"190402","CITY OF SAPULPA",41903,"PROPOSITION NO. 3  CITY OF SAPULPA",,19,19,1,"FOR THE PROPOSITION - YES",,0,0,26,26,,
1/14/2020,"190402","CITY OF SAPULPA",41903,"PROPOSITION NO. 3  CITY OF SAPULPA",,19,19,2,"AGAINST THE PROPOSITION - NO",,0,0,22,22,,
1/14/2020,"190402","CITY OF SAPULPA",41904,"PROPOSITION NO. 4  CITY OF SAPULPA",,19,19,1,"FOR THE PROPOSITION - YES",,0,0,24,24,,
1/14/2020,"190402","CITY OF SAPULPA",41904,"PROPOSITION NO. 4  CITY OF SAPULPA",,19,19,2,"AGAINST THE PROPOSITION - NO",,0,0,24,24,,
1/14/2020,"190402","CITY OF SAPULPA",41905,"PROPOSITION NO. 5  CITY OF SAPULPA",,19,19,1,"FOR THE PROPOSITION - YES",,0,0,19,19,,
1/14/2020,"190402","CITY OF SAPULPA",41905,"PROPOSITION NO. 5  CITY OF SAPULPA",,19,19,2,"AGAINST THE PROPOSITION - NO",,0,0,29,29,,
1/14/2020,"190402","CITY OF SAPULPA",41906,"PROPOSITION NO. 6  CITY OF SAPULPA",,19,19,1,"FOR THE PROPOSITION - YES",,0,0,27,27,,
1/14/2020,"190402","CITY OF SAPULPA",41906,"PROPOSITION NO. 6  CITY OF SAPULPA",,19,19,2,"AGAINST THE PROPOSITION - NO",,0,0,21,21,,
1/14/2020,"190402","PRETTY WATER PUBLIC SCHOOL ELEMENTARY SCHOOL DISTRICT NO. 034",51902,"PROPOSITION NO. 1  PRETTY WATER PUBLIC SCHOOL",,2,2,1,"FOR THE PROPOSITION - YES",,0,0,0,0,,
1/14/2020,"190402","PRETTY WATER PUBLIC SCHOOL ELEMENTARY SCHOOL DISTRICT NO. 034",51902,"PROPOSITION NO. 1  PRETTY WATER PUBLIC SCHOOL",,2,2,2,"AGAINST THE PROPOSITION - NO",,0,0,0,0,,
1/14/2020,"190402","PRETTY WATER PUBLIC SCHOOL ELEMENTARY SCHOOL DISTRICT NO. 034",51903,"PROPOSITION NO. 2  PRETTY WATER PUBLIC SCHOOL",,2,2,1,"FOR THE PROPOSITION - YES",,0,0,0,0,,
1/14/2020,"190402","PRETTY WATER PUBLIC SCHOOL ELEMENTARY SCHOOL DISTRICT NO. 034",51903,"PROPOSITION NO. 2  PRETTY WATER PUBLIC SCHOOL",,2,2,2,"AGAINST THE PROPOSITION - NO",,0,0,0,0,,
1/14/2020,"190403","CITY OF SAPULPA",41901,"PROPOSITION NO. 1  CITY OF SAPULPA",,19,19,1,"FOR THE PROPOSITION - YES",,0,0,0,0,,
1/14/2020,"190403","CITY OF SAPULPA",41901,"PROPOSITION NO. 1  CITY OF SAPULPA",,19,19,2,"AGAINST THE PROPOSITION - NO",,0,0,0,0,,
1/14/2020,"190403","CITY OF SAPULPA",41902,"PROPOSITION NO. 2  CITY OF SAPULPA",,19,19,1,"FOR THE PROPOSITION - YES",,0,0,0,0,,
1/14/2020,"190403","CITY OF SAPULPA",41902,"PROPOSITION NO. 2  CITY OF SAPULPA",,19,19,2,"AGAINST THE PROPOSITION - NO",,0,0,0,0,,
1/14/2020,"190403","CITY OF SAPULPA",41903,"PROPOSITION NO. 3  CITY OF SAPULPA",,19,19,1,"FOR THE PROPOSITION - YES",,0,0,0,0,,
1/14/2020,"190403","CITY OF SAPULPA",41903,"PROPOSITION NO. 3  CITY OF SAPULPA",,19,19,2,"AGAINST THE PROPOSITION - NO",,0,0,0,0,,
1/14/2020,"190403","CITY OF SAPULPA",41904,"PROPOSITION NO. 4  CITY OF SAPULPA",,19,19,1,"FOR THE PROPOSITION - YES",,0,0,0,0,,
1/14/2020,"190403","CITY OF SAPULPA",41904,"PROPOSITION NO. 4  CITY OF SAPULPA",,19,19,2,"AGAINST THE PROPOSITION - NO",,0,0,0,0,,
1/14/2020,"190403","CITY OF SAPULPA",41905,"PROPOSITION NO. 5  CITY OF SAPULPA",,19,19,1,"FOR THE PROPOSITION - YES",,0,0,0,0,,
1/14/2020,"190403","CITY OF SAPULPA",41905,"PROPOSITION NO. 5  CITY OF SAPULPA",,19,19,2,"AGAINST THE PROPOSITION - NO",,0,0,0,0,,
1/14/2020,"190403","CITY OF SAPULPA",41906,"PROPOSITION NO. 6  CITY OF SAPULPA",,19,19,1,"FOR THE PROPOSITION - YES",,0,0,0,0,,
1/14/2020,"190403","CITY OF SAPULPA",41906,"PROPOSITION NO. 6  CITY OF SAPULPA",,19,19,2,"AGAINST THE PROPOSITION - NO",,0,0,0,0,,
1/14/2020,"190414","CITY OF SAPULPA",41901,"PROPOSITION NO. 1  CITY OF SAPULPA",,19,19,1,"FOR THE PROPOSITION - YES",,0,0,0,0,,
1/14/2020,"190414","CITY OF SAPULPA",41901,"PROPOSITION NO. 1  CITY OF SAPULPA",,19,19,2,"AGAINST THE PROPOSITION - NO",,1,0,6,7,,
1/14/2020,"190414","CITY OF SAPULPA",41902,"PROPOSITION NO. 2  CITY OF SAPULPA",,19,19,1,"FOR THE PROPOSITION - YES",,0,0,1,1,,
1/14/2020,"190414","CITY OF SAPULPA",41902,"PROPOSITION NO. 2  CITY OF SAPULPA",,19,19,2,"AGAINST THE PROPOSITION - NO",,1,0,5,6,,
1/14/2020,"190414","CITY OF SAPULPA",41903,"PROPOSITION NO. 3  CITY OF SAPULPA",,19,19,1,"FOR THE PROPOSITION - YES",,0,0,0,0,,
1/14/2020,"190414","CITY OF SAPULPA",41903,"PROPOSITION NO. 3  CITY OF SAPULPA",,19,19,2,"AGAINST THE PROPOSITION - NO",,1,0,6,7,,
1/14/2020,"190414","CITY OF SAPULPA",41904,"PROPOSITION NO. 4  CITY OF SAPULPA",,19,19,1,"FOR THE PROPOSITION - YES",,0,0,0,0,,
1/14/2020,"190414","CITY OF SAPULPA",41904,"PROPOSITION NO. 4  CITY OF SAPULPA",,19,19,2,"AGAINST THE PROPOSITION - NO",,1,0,6,7,,
1/14/2020,"190414","CITY OF SAPULPA",41905,"PROPOSITION NO. 5  CITY OF SAPULPA",,19,19,1,"FOR THE PROPOSITION - YES",,0,0,0,0,,
1/14/2020,"190414","CITY OF SAPULPA",41905,"PROPOSITION NO. 5  CITY OF SAPULPA",,19,19,2,"AGAINST THE PROPOSITION - NO",,1,0,6,7,,
1/14/2020,"190414","CITY OF SAPULPA",41906,"PROPOSITION NO. 6  CITY OF SAPULPA",,19,19,1,"FOR THE PROPOSITION - YES",,0,0,0,0,,
1/14/2020,"190414","CITY OF SAPULPA",41906,"PROPOSITION NO. 6  CITY OF SAPULPA",,19,19,2,"AGAINST THE PROPOSITION - NO",,1,0,6,7,,
1/14/2020,"190414","LONE STAR PUBLIC SCHOOL ELEMENTARY SCHOOL DISTRICT NO. 008",51901,"PROPOSITION  LONE STAR PUBLIC SCHOOL",,6,6,1,"FOR THE PROPOSITION - YES",,0,7,6,13,,
1/14/2020,"190414","LONE STAR PUBLIC SCHOOL ELEMENTARY SCHOOL DISTRICT NO. 008",51901,"PROPOSITION  LONE STAR PUBLIC SCHOOL",,6,6,2,"AGAINST THE PROPOSITION - NO",,0,2,3,5,,
1/14/2020,"190415","LONE STAR PUBLIC SCHOOL ELEMENTARY SCHOOL DISTRICT NO. 008",51901,"PROPOSITION  LONE STAR PUBLIC SCHOOL",,6,6,1,"FOR THE PROPOSITION - YES",,0,0,6,6,,
1/14/2020,"190415","LONE STAR PUBLIC SCHOOL ELEMENTARY SCHOOL DISTRICT NO. 008",51901,"PROPOSITION  LONE STAR PUBLIC SCHOOL",,6,6,2,"AGAINST THE PROPOSITION - NO",,0,0,2,2,,
1/14/2020,"190416","LONE STAR PUBLIC SCHOOL ELEMENTARY SCHOOL DISTRICT NO. 008",51901,"PROPOSITION  LONE STAR PUBLIC SCHOOL",,6,6,1,"FOR THE PROPOSITION - YES",,0,0,0,0,,
1/14/2020,"190416","LONE STAR PUBLIC SCHOOL ELEMENTARY SCHOOL DISTRICT NO. 008",51901,"PROPOSITION  LONE STAR PUBLIC SCHOOL",,6,6,2,"AGAINST THE PROPOSITION - NO",,0,0,0,0,,
1/14/2020,"190417","CITY OF SAPULPA",41901,"PROPOSITION NO. 1  CITY OF SAPULPA",,19,19,1,"FOR THE PROPOSITION - YES",,0,0,0,0,,
1/14/2020,"190417","CITY OF SAPULPA",41901,"PROPOSITION NO. 1  CITY OF SAPULPA",,19,19,2,"AGAINST THE PROPOSITION - NO",,0,0,0,0,,
1/14/2020,"190417","CITY OF SAPULPA",41902,"PROPOSITION NO. 2  CITY OF SAPULPA",,19,19,1,"FOR THE PROPOSITION - YES",,0,0,0,0,,
1/14/2020,"190417","CITY OF SAPULPA",41902,"PROPOSITION NO. 2  CITY OF SAPULPA",,19,19,2,"AGAINST THE PROPOSITION - NO",,0,0,0,0,,
1/14/2020,"190417","CITY OF SAPULPA",41903,"PROPOSITION NO. 3  CITY OF SAPULPA",,19,19,1,"FOR THE PROPOSITION - YES",,0,0,0,0,,
1/14/2020,"190417","CITY OF SAPULPA",41903,"PROPOSITION NO. 3  CITY OF SAPULPA",,19,19,2,"AGAINST THE PROPOSITION - NO",,0,0,0,0,,
1/14/2020,"190417","CITY OF SAPULPA",41904,"PROPOSITION NO. 4  CITY OF SAPULPA",,19,19,1,"FOR THE PROPOSITION - YES",,0,0,0,0,,
1/14/2020,"190417","CITY OF SAPULPA",41904,"PROPOSITION NO. 4  CITY OF SAPULPA",,19,19,2,"AGAINST THE PROPOSITION - NO",,0,0,0,0,,
1/14/2020,"190417","CITY OF SAPULPA",41905,"PROPOSITION NO. 5  CITY OF SAPULPA",,19,19,1,"FOR THE PROPOSITION - YES",,0,0,0,0,,
1/14/2020,"190417","CITY OF SAPULPA",41905,"PROPOSITION NO. 5  CITY OF SAPULPA",,19,19,2,"AGAINST THE PROPOSITION - NO",,0,0,0,0,,
1/14/2020,"190417","CITY OF SAPULPA",41906,"PROPOSITION NO. 6  CITY OF SAPULPA",,19,19,1,"FOR THE PROPOSITION - YES",,0,0,0,0,,
1/14/2020,"190417","CITY OF SAPULPA",41906,"PROPOSITION NO. 6  CITY OF SAPULPA",,19,19,2,"AGAINST THE PROPOSITION - NO",,0,0,0,0,,
1/14/2020,"190417","LONE STAR PUBLIC SCHOOL ELEMENTARY SCHOOL DISTRICT NO. 008",51901,"PROPOSITION  LONE STAR PUBLIC SCHOOL",,6,6,1,"FOR THE PROPOSITION - YES",,0,5,36,41,,
1/14/2020,"190417","LONE STAR PUBLIC SCHOOL ELEMENTARY SCHOOL DISTRICT NO. 008",51901,"PROPOSITION  LONE STAR PUBLIC SCHOOL",,6,6,2,"AGAINST THE PROPOSITION - NO",,0,0,16,16,,
1/14/2020,"190418","CITY OF SAPULPA",41901,"PROPOSITION NO. 1  CITY OF SAPULPA",,19,19,1,"FOR THE PROPOSITION - YES",,2,23,166,191,,
1/14/2020,"190418","CITY OF SAPULPA",41901,"PROPOSITION NO. 1  CITY OF SAPULPA",,19,19,2,"AGAINST THE PROPOSITION - NO",,2,2,35,39,,
1/14/2020,"190418","CITY OF SAPULPA",41902,"PROPOSITION NO. 2  CITY OF SAPULPA",,19,19,1,"FOR THE PROPOSITION - YES",,1,22,153,176,,
1/14/2020,"190418","CITY OF SAPULPA",41902,"PROPOSITION NO. 2  CITY OF SAPULPA",,19,19,2,"AGAINST THE PROPOSITION - NO",,3,3,48,54,,
1/14/2020,"190418","CITY OF SAPULPA",41903,"PROPOSITION NO. 3  CITY OF SAPULPA",,19,19,1,"FOR THE PROPOSITION - YES",,1,20,140,161,,
1/14/2020,"190418","CITY OF SAPULPA",41903,"PROPOSITION NO. 3  CITY OF SAPULPA",,19,19,2,"AGAINST THE PROPOSITION - NO",,3,5,61,69,,
1/14/2020,"190418","CITY OF SAPULPA",41904,"PROPOSITION NO. 4  CITY OF SAPULPA",,19,19,1,"FOR THE PROPOSITION - YES",,1,19,140,160,,
1/14/2020,"190418","CITY OF SAPULPA",41904,"PROPOSITION NO. 4  CITY OF SAPULPA",,19,19,2,"AGAINST THE PROPOSITION - NO",,3,6,59,68,,
1/14/2020,"190418","CITY OF SAPULPA",41905,"PROPOSITION NO. 5  CITY OF SAPULPA",,19,19,1,"FOR THE PROPOSITION - YES",,1,14,117,132,,
1/14/2020,"190418","CITY OF SAPULPA",41905,"PROPOSITION NO. 5  CITY OF SAPULPA",,19,19,2,"AGAINST THE PROPOSITION - NO",,3,11,84,98,,
1/14/2020,"190418","CITY OF SAPULPA",41906,"PROPOSITION NO. 6  CITY OF SAPULPA",,19,19,1,"FOR THE PROPOSITION - YES",,1,20,138,159,,
1/14/2020,"190418","CITY OF SAPULPA",41906,"PROPOSITION NO. 6  CITY OF SAPULPA",,19,19,2,"AGAINST THE PROPOSITION - NO",,3,5,63,71,,
1/14/2020,"190419","CITY OF SAPULPA",41901,"PROPOSITION NO. 1  CITY OF SAPULPA",,19,19,1,"FOR THE PROPOSITION - YES",,0,1,31,32,,
1/14/2020,"190419","CITY OF SAPULPA",41901,"PROPOSITION NO. 1  CITY OF SAPULPA",,19,19,2,"AGAINST THE PROPOSITION - NO",,0,0,27,27,,
1/14/2020,"190419","CITY OF SAPULPA",41902,"PROPOSITION NO. 2  CITY OF SAPULPA",,19,19,1,"FOR THE PROPOSITION - YES",,0,1,30,31,,
1/14/2020,"190419","CITY OF SAPULPA",41902,"PROPOSITION NO. 2  CITY OF SAPULPA",,19,19,2,"AGAINST THE PROPOSITION - NO",,0,0,28,28,,
1/14/2020,"190419","CITY OF SAPULPA",41903,"PROPOSITION NO. 3  CITY OF SAPULPA",,19,19,1,"FOR THE PROPOSITION - YES",,0,1,27,28,,
1/14/2020,"190419","CITY OF SAPULPA",41903,"PROPOSITION NO. 3  CITY OF SAPULPA",,19,19,2,"AGAINST THE PROPOSITION - NO",,0,0,31,31,,
1/14/2020,"190419","CITY OF SAPULPA",41904,"PROPOSITION NO. 4  CITY OF SAPULPA",,19,19,1,"FOR THE PROPOSITION - YES",,0,1,21,22,,
1/14/2020,"190419","CITY OF SAPULPA",41904,"PROPOSITION NO. 4  CITY OF SAPULPA",,19,19,2,"AGAINST THE PROPOSITION - NO",,0,0,34,34,,
1/14/2020,"190419","CITY OF SAPULPA",41905,"PROPOSITION NO. 5  CITY OF SAPULPA",,19,19,1,"FOR THE PROPOSITION - YES",,0,1,19,20,,
1/14/2020,"190419","CITY OF SAPULPA",41905,"PROPOSITION NO. 5  CITY OF SAPULPA",,19,19,2,"AGAINST THE PROPOSITION - NO",,0,0,36,36,,
1/14/2020,"190419","CITY OF SAPULPA",41906,"PROPOSITION NO. 6  CITY OF SAPULPA",,19,19,1,"FOR THE PROPOSITION - YES",,0,1,24,25,,
1/14/2020,"190419","CITY OF SAPULPA",41906,"PROPOSITION NO. 6  CITY OF SAPULPA",,19,19,2,"AGAINST THE PROPOSITION - NO",,0,0,31,31,,
1/14/2020,"190421","CITY OF SAPULPA",41901,"PROPOSITION NO. 1  CITY OF SAPULPA",,19,19,1,"FOR THE PROPOSITION - YES",,2,0,6,8,,
1/14/2020,"190421","CITY OF SAPULPA",41901,"PROPOSITION NO. 1  CITY OF SAPULPA",,19,19,2,"AGAINST THE PROPOSITION - NO",,1,0,2,3,,
1/14/2020,"190421","CITY OF SAPULPA",41902,"PROPOSITION NO. 2  CITY OF SAPULPA",,19,19,1,"FOR THE PROPOSITION - YES",,2,0,7,9,,
1/14/2020,"190421","CITY OF SAPULPA",41902,"PROPOSITION NO. 2  CITY OF SAPULPA",,19,19,2,"AGAINST THE PROPOSITION - NO",,1,0,2,3,,
1/14/2020,"190421","CITY OF SAPULPA",41903,"PROPOSITION NO. 3  CITY OF SAPULPA",,19,19,1,"FOR THE PROPOSITION - YES",,2,0,7,9,,
1/14/2020,"190421","CITY OF SAPULPA",41903,"PROPOSITION NO. 3  CITY OF SAPULPA",,19,19,2,"AGAINST THE PROPOSITION - NO",,1,0,2,3,,
1/14/2020,"190421","CITY OF SAPULPA",41904,"PROPOSITION NO. 4  CITY OF SAPULPA",,19,19,1,"FOR THE PROPOSITION - YES",,2,0,6,8,,
1/14/2020,"190421","CITY OF SAPULPA",41904,"PROPOSITION NO. 4  CITY OF SAPULPA",,19,19,2,"AGAINST THE PROPOSITION - NO",,1,0,3,4,,
1/14/2020,"190421","CITY OF SAPULPA",41905,"PROPOSITION NO. 5  CITY OF SAPULPA",,19,19,1,"FOR THE PROPOSITION - YES",,2,0,6,8,,
1/14/2020,"190421","CITY OF SAPULPA",41905,"PROPOSITION NO. 5  CITY OF SAPULPA",,19,19,2,"AGAINST THE PROPOSITION - NO",,1,0,3,4,,
1/14/2020,"190421","CITY OF SAPULPA",41906,"PROPOSITION NO. 6  CITY OF SAPULPA",,19,19,1,"FOR THE PROPOSITION - YES",,2,0,6,8,,
1/14/2020,"190421","CITY OF SAPULPA",41906,"PROPOSITION NO. 6  CITY OF SAPULPA",,19,19,2,"AGAINST THE PROPOSITION - NO",,1,0,3,4,,
1/14/2020,"190422","CITY OF SAPULPA",41901,"PROPOSITION NO. 1  CITY OF SAPULPA",,19,19,1,"FOR THE PROPOSITION - YES",,0,0,0,0,,
1/14/2020,"190422","CITY OF SAPULPA",41901,"PROPOSITION NO. 1  CITY OF SAPULPA",,19,19,2,"AGAINST THE PROPOSITION - NO",,0,0,0,0,,
1/14/2020,"190422","CITY OF SAPULPA",41902,"PROPOSITION NO. 2  CITY OF SAPULPA",,19,19,1,"FOR THE PROPOSITION - YES",,0,0,0,0,,
1/14/2020,"190422","CITY OF SAPULPA",41902,"PROPOSITION NO. 2  CITY OF SAPULPA",,19,19,2,"AGAINST THE PROPOSITION - NO",,0,0,0,0,,
1/14/2020,"190422","CITY OF SAPULPA",41903,"PROPOSITION NO. 3  CITY OF SAPULPA",,19,19,1,"FOR THE PROPOSITION - YES",,0,0,0,0,,
1/14/2020,"190422","CITY OF SAPULPA",41903,"PROPOSITION NO. 3  CITY OF SAPULPA",,19,19,2,"AGAINST THE PROPOSITION - NO",,0,0,0,0,,
1/14/2020,"190422","CITY OF SAPULPA",41904,"PROPOSITION NO. 4  CITY OF SAPULPA",,19,19,1,"FOR THE PROPOSITION - YES",,0,0,0,0,,
1/14/2020,"190422","CITY OF SAPULPA",41904,"PROPOSITION NO. 4  CITY OF SAPULPA",,19,19,2,"AGAINST THE PROPOSITION - NO",,0,0,0,0,,
1/14/2020,"190422","CITY OF SAPULPA",41905,"PROPOSITION NO. 5  CITY OF SAPULPA",,19,19,1,"FOR THE PROPOSITION - YES",,0,0,0,0,,
1/14/2020,"190422","CITY OF SAPULPA",41905,"PROPOSITION NO. 5  CITY OF SAPULPA",,19,19,2,"AGAINST THE PROPOSITION - NO",,0,0,0,0,,
1/14/2020,"190422","CITY OF SAPULPA",41906,"PROPOSITION NO. 6  CITY OF SAPULPA",,19,19,1,"FOR THE PROPOSITION - YES",,0,0,0,0,,
1/14/2020,"190422","CITY OF SAPULPA",41906,"PROPOSITION NO. 6  CITY OF SAPULPA",,19,19,2,"AGAINST THE PROPOSITION - NO",,0,0,0,0,,
1/14/2020,"260016","RUSH SPRINGS PUBLIC SCHOOLS INDEPENDENT SCHOOL DISTRICT NO. 068",52601,"PROPOSITION  RUSH SPRINGS PUBLIC SCHOOLS",,4,4,1,"FOR THE PROPOSITION - YES",,0,0,2,2,,
1/14/2020,"260016","RUSH SPRINGS PUBLIC SCHOOLS INDEPENDENT SCHOOL DISTRICT NO. 068",52601,"PROPOSITION  RUSH SPRINGS PUBLIC SCHOOLS",,4,4,2,"AGAINST THE PROPOSITION - NO",,0,0,0,0,,
1/14/2020,"260023","RUSH SPRINGS PUBLIC SCHOOLS INDEPENDENT SCHOOL DISTRICT NO. 068",52601,"PROPOSITION  RUSH SPRINGS PUBLIC SCHOOLS",,4,4,1,"FOR THE PROPOSITION - YES",,0,0,6,6,,
1/14/2020,"260023","RUSH SPRINGS PUBLIC SCHOOLS INDEPENDENT SCHOOL DISTRICT NO. 068",52601,"PROPOSITION  RUSH SPRINGS PUBLIC SCHOOLS",,4,4,2,"AGAINST THE PROPOSITION - NO",,0,0,2,2,,
1/14/2020,"260026","RUSH SPRINGS PUBLIC SCHOOLS INDEPENDENT SCHOOL DISTRICT NO. 068",52601,"PROPOSITION  RUSH SPRINGS PUBLIC SCHOOLS",,4,4,1,"FOR THE PROPOSITION - YES",,0,0,16,16,,
1/14/2020,"260026","RUSH SPRINGS PUBLIC SCHOOLS INDEPENDENT SCHOOL DISTRICT NO. 068",52601,"PROPOSITION  RUSH SPRINGS PUBLIC SCHOOLS",,4,4,2,"AGAINST THE PROPOSITION - NO",,0,3,5,8,,
1/14/2020,"260036","RUSH SPRINGS PUBLIC SCHOOLS INDEPENDENT SCHOOL DISTRICT NO. 068",52601,"PROPOSITION  RUSH SPRINGS PUBLIC SCHOOLS",,4,4,1,"FOR THE PROPOSITION - YES",,0,3,255,258,,
1/14/2020,"260036","RUSH SPRINGS PUBLIC SCHOOLS INDEPENDENT SCHOOL DISTRICT NO. 068",52601,"PROPOSITION  RUSH SPRINGS PUBLIC SCHOOLS",,4,4,2,"AGAINST THE PROPOSITION - NO",,7,3,230,240,,
1/14/2020,"320010","HUGHES COUNTY",30001,"PROPOSITION",,16,16,1,"FOR THE PROPOSITION - YES",,0,0,0,0,HUGHES
1/14/2020,"320010","HUGHES COUNTY",30001,"PROPOSITION",,16,16,2,"AGAINST THE PROPOSITION - NO",,0,0,0,0,HUGHES
1/14/2020,"320011","HUGHES COUNTY",30001,"PROPOSITION",,16,16,1,"FOR THE PROPOSITION - YES",,3,1,48,52,HUGHES
1/14/2020,"320011","HUGHES COUNTY",30001,"PROPOSITION",,16,16,2,"AGAINST THE PROPOSITION - NO",,5,16,128,149,HUGHES
1/14/2020,"320012","HUGHES COUNTY",30001,"PROPOSITION",,16,16,1,"FOR THE PROPOSITION - YES",,4,2,12,18,HUGHES
1/14/2020,"320012","HUGHES COUNTY",30001,"PROPOSITION",,16,16,2,"AGAINST THE PROPOSITION - NO",,6,7,79,92,HUGHES
1/14/2020,"320016","HUGHES COUNTY",30001,"PROPOSITION",,16,16,1,"FOR THE PROPOSITION - YES",,0,0,6,6,HUGHES
1/14/2020,"320016","HUGHES COUNTY",30001,"PROPOSITION",,16,16,2,"AGAINST THE PROPOSITION - NO",,0,0,45,45,HUGHES
1/14/2020,"320018","HUGHES COUNTY",30001,"PROPOSITION",,16,16,1,"FOR THE PROPOSITION - YES",,0,0,11,11,HUGHES
1/14/2020,"320018","HUGHES COUNTY",30001,"PROPOSITION",,16,16,2,"AGAINST THE PROPOSITION - NO",,2,1,57,60,HUGHES
1/14/2020,"320019","HUGHES COUNTY",30001,"PROPOSITION",,16,16,1,"FOR THE PROPOSITION - YES",,1,1,9,11,HUGHES
1/14/2020,"320019","HUGHES COUNTY",30001,"PROPOSITION",,16,16,2,"AGAINST THE PROPOSITION - NO",,0,1,21,22,HUGHES
1/14/2020,"320020","HUGHES COUNTY",30001,"PROPOSITION",,16,16,1,"FOR THE PROPOSITION - YES",,0,2,37,39,HUGHES
1/14/2020,"320020","HUGHES COUNTY",30001,"PROPOSITION",,16,16,2,"AGAINST THE PROPOSITION - NO",,1,5,156,162,HUGHES
1/14/2020,"320021","HUGHES COUNTY",30001,"PROPOSITION",,16,16,1,"FOR THE PROPOSITION - YES",,2,0,9,11,HUGHES
1/14/2020,"320021","HUGHES COUNTY",30001,"PROPOSITION",,16,16,2,"AGAINST THE PROPOSITION - NO",,3,6,62,71,HUGHES
1/14/2020,"320022","HUGHES COUNTY",30001,"PROPOSITION",,16,16,1,"FOR THE PROPOSITION - YES",,0,0,20,20,HUGHES
1/14/2020,"320022","HUGHES COUNTY",30001,"PROPOSITION",,16,16,2,"AGAINST THE PROPOSITION - NO",,0,5,38,43,HUGHES
1/14/2020,"320023","HUGHES COUNTY",30001,"PROPOSITION",,16,16,1,"FOR THE PROPOSITION - YES",,0,0,7,7,HUGHES
1/14/2020,"320023","HUGHES COUNTY",30001,"PROPOSITION",,16,16,2,"AGAINST THE PROPOSITION - NO",,0,0,38,38,HUGHES
1/14/2020,"320030","HUGHES COUNTY",30001,"PROPOSITION",,16,16,1,"FOR THE PROPOSITION - YES",,0,0,15,15,HUGHES
1/14/2020,"320030","HUGHES COUNTY",30001,"PROPOSITION",,16,16,2,"AGAINST THE PROPOSITION - NO",,0,0,33,33,HUGHES
1/14/2020,"320031","HUGHES COUNTY",30001,"PROPOSITION",,16,16,1,"FOR THE PROPOSITION - YES",,0,0,16,16,HUGHES
1/14/2020,"320031","HUGHES COUNTY",30001,"PROPOSITION",,16,16,2,"AGAINST THE PROPOSITION - NO",,0,0,47,47,HUGHES
1/14/2020,"320032","HUGHES COUNTY",30001,"PROPOSITION",,16,16,1,"FOR THE PROPOSITION - YES",,0,0,7,7,HUGHES
1/14/2020,"320032","HUGHES COUNTY",30001,"PROPOSITION",,16,16,2,"AGAINST THE PROPOSITION - NO",,0,0,11,11,HUGHES
1/14/2020,"320033","HUGHES COUNTY",30001,"PROPOSITION",,16,16,1,"FOR THE PROPOSITION - YES",,0,0,8,8,HUGHES
1/14/2020,"320033","HUGHES COUNTY",30001,"PROPOSITION",,16,16,2,"AGAINST THE PROPOSITION - NO",,1,2,35,38,HUGHES
1/14/2020,"320034","HUGHES COUNTY",30001,"PROPOSITION",,16,16,1,"FOR THE PROPOSITION - YES",,0,0,7,7,HUGHES
1/14/2020,"320034","HUGHES COUNTY",30001,"PROPOSITION",,16,16,2,"AGAINST THE PROPOSITION - NO",,1,0,7,8,HUGHES
1/14/2020,"320035","HUGHES COUNTY",30001,"PROPOSITION",,16,16,1,"FOR THE PROPOSITION - YES",,1,7,30,38,HUGHES
1/14/2020,"320035","HUGHES COUNTY",30001,"PROPOSITION",,16,16,2,"AGAINST THE PROPOSITION - NO",,2,13,151,166,HUGHES
1/14/2020,"550066","MILLWOOD PUBLIC SCHOOLS INDEPENDENT SCHOOL DISTRICT NO. 037",55501,"PROPOSITION  MILLWOOD PUBLIC SCHOOLS",,6,6,1,"FOR THE PROPOSITION - YES",,0,0,0,0,,
1/14/2020,"550066","MILLWOOD PUBLIC SCHOOLS INDEPENDENT SCHOOL DISTRICT NO. 037",55501,"PROPOSITION  MILLWOOD PUBLIC SCHOOLS",,6,6,2,"AGAINST THE PROPOSITION - NO",,0,0,0,0,,
1/14/2020,"550109","MILLWOOD PUBLIC SCHOOLS INDEPENDENT SCHOOL DISTRICT NO. 037",55501,"PROPOSITION  MILLWOOD PUBLIC SCHOOLS",,6,6,1,"FOR THE PROPOSITION - YES",,0,0,0,0,,
1/14/2020,"550109","MILLWOOD PUBLIC SCHOOLS INDEPENDENT SCHOOL DISTRICT NO. 037",55501,"PROPOSITION  MILLWOOD PUBLIC SCHOOLS",,6,6,2,"AGAINST THE PROPOSITION - NO",,0,0,0,0,,
1/14/2020,"550113","MILLWOOD PUBLIC SCHOOLS INDEPENDENT SCHOOL DISTRICT NO. 037",55501,"PROPOSITION  MILLWOOD PUBLIC SCHOOLS",,6,6,1,"FOR THE PROPOSITION - YES",,0,0,1,1,,
1/14/2020,"550113","MILLWOOD PUBLIC SCHOOLS INDEPENDENT SCHOOL DISTRICT NO. 037",55501,"PROPOSITION  MILLWOOD PUBLIC SCHOOLS",,6,6,2,"AGAINST THE PROPOSITION - NO",,0,0,0,0,,
1/14/2020,"550114","MILLWOOD PUBLIC SCHOOLS INDEPENDENT SCHOOL DISTRICT NO. 037",55501,"PROPOSITION  MILLWOOD PUBLIC SCHOOLS",,6,6,1,"FOR THE PROPOSITION - YES",,0,0,109,109,,
1/14/2020,"550114","MILLWOOD PUBLIC SCHOOLS INDEPENDENT SCHOOL DISTRICT NO. 037",55501,"PROPOSITION  MILLWOOD PUBLIC SCHOOLS",,6,6,2,"AGAINST THE PROPOSITION - NO",,0,0,23,23,,
1/14/2020,"550115","MILLWOOD PUBLIC SCHOOLS INDEPENDENT SCHOOL DISTRICT NO. 037",55501,"PROPOSITION  MILLWOOD PUBLIC SCHOOLS",,6,6,1,"FOR THE PROPOSITION - YES",,0,0,8,8,,
1/14/2020,"550115","MILLWOOD PUBLIC SCHOOLS INDEPENDENT SCHOOL DISTRICT NO. 037",55501,"PROPOSITION  MILLWOOD PUBLIC SCHOOLS",,6,6,2,"AGAINST THE PROPOSITION - NO",,0,0,2,2,,
1/14/2020,"550117","MILLWOOD PUBLIC SCHOOLS INDEPENDENT SCHOOL DISTRICT NO. 037",55501,"PROPOSITION  MILLWOOD PUBLIC SCHOOLS",,6,6,1,"FOR THE PROPOSITION - YES",,0,0,54,54,,
1/14/2020,"550117","MILLWOOD PUBLIC SCHOOLS INDEPENDENT SCHOOL DISTRICT NO. 037",55501,"PROPOSITION  MILLWOOD PUBLIC SCHOOLS",,6,6,2,"AGAINST THE PROPOSITION - NO",,0,0,13,13,,
1/14/2020,"559999","MILLWOOD PUBLIC SCHOOLS INDEPENDENT SCHOOL DISTRICT NO. 037",55501,"PROPOSITION  MILLWOOD PUBLIC SCHOOLS",,6,6,1,"FOR THE PROPOSITION - YES",,10,0,0,10,,
1/14/2020,"559999","MILLWOOD PUBLIC SCHOOLS INDEPENDENT SCHOOL DISTRICT NO. 037",55501,"PROPOSITION  MILLWOOD PUBLIC SCHOOLS",,6,6,2,"AGAINST THE PROPOSITION - NO",,2,1,0,3,,
1/14/2020,"570308","GREEN COUNTRY FIRE DISTRICT",60571,"PROPOSITION NO. 1  GREEN COUNTRY FIRE DISTRICT",,1,1,1,"FOR THE PROPOSITION - YES",,4,0,255,259,,
1/14/2020,"570308","GREEN COUNTRY FIRE DISTRICT",60571,"PROPOSITION NO. 1  GREEN COUNTRY FIRE DISTRICT",,1,1,2,"AGAINST THE PROPOSITION - NO",,3,0,74,77,,
1/14/2020,"570308","GREEN COUNTRY FIRE DISTRICT",60572,"PROPOSITION NO. 2  GREEN COUNTRY FIRE DISTRICT",,1,1,1,"FOR THE PROPOSITION - YES",,4,0,245,249,,
1/14/2020,"570308","GREEN COUNTRY FIRE DISTRICT",60572,"PROPOSITION NO. 2  GREEN COUNTRY FIRE DISTRICT",,1,1,2,"AGAINST THE PROPOSITION - NO",,3,0,84,87,,
1/14/2020,"720144","CITY OF SAPULPA",41901,"PROPOSITION NO. 1  CITY OF SAPULPA",,19,19,1,"FOR THE PROPOSITION - YES",,0,0,0,0,,
1/14/2020,"720144","CITY OF SAPULPA",41901,"PROPOSITION NO. 1  CITY OF SAPULPA",,19,19,2,"AGAINST THE PROPOSITION - NO",,0,0,0,0,,
1/14/2020,"720144","CITY OF SAPULPA",41902,"PROPOSITION NO. 2  CITY OF SAPULPA",,19,19,1,"FOR THE PROPOSITION - YES",,0,0,0,0,,
1/14/2020,"720144","CITY OF SAPULPA",41902,"PROPOSITION NO. 2  CITY OF SAPULPA",,19,19,2,"AGAINST THE PROPOSITION - NO",,0,0,0,0,,
1/14/2020,"720144","CITY OF SAPULPA",41903,"PROPOSITION NO. 3  CITY OF SAPULPA",,19,19,1,"FOR THE PROPOSITION - YES",,0,0,0,0,,
1/14/2020,"720144","CITY OF SAPULPA",41903,"PROPOSITION NO. 3  CITY OF SAPULPA",,19,19,2,"AGAINST THE PROPOSITION - NO",,0,0,0,0,,
1/14/2020,"720144","CITY OF SAPULPA",41904,"PROPOSITION NO. 4  CITY OF SAPULPA",,19,19,1,"FOR THE PROPOSITION - YES",,0,0,0,0,,
1/14/2020,"720144","CITY OF SAPULPA",41904,"PROPOSITION NO. 4  CITY OF SAPULPA",,19,19,2,"AGAINST THE PROPOSITION - NO",,0,0,0,0,,
1/14/2020,"720144","CITY OF SAPULPA",41905,"PROPOSITION NO. 5  CITY OF SAPULPA",,19,19,1,"FOR THE PROPOSITION - YES",,0,0,0,0,,
1/14/2020,"720144","CITY OF SAPULPA",41905,"PROPOSITION NO. 5  CITY OF SAPULPA",,19,19,2,"AGAINST THE PROPOSITION - NO",,0,0,0,0,,
1/14/2020,"720144","CITY OF SAPULPA",41906,"PROPOSITION NO. 6  CITY OF SAPULPA",,19,19,1,"FOR THE PROPOSITION - YES",,0,0,0,0,,
1/14/2020,"720144","CITY OF SAPULPA",41906,"PROPOSITION NO. 6  CITY OF SAPULPA",,19,19,2,"AGAINST THE PROPOSITION - NO",,0,0,0,0,,
1/14/2020,"720802","CITY OF SAPULPA",41901,"PROPOSITION NO. 1  CITY OF SAPULPA",,19,19,1,"FOR THE PROPOSITION - YES",,0,0,0,0,,
1/14/2020,"720802","CITY OF SAPULPA",41901,"PROPOSITION NO. 1  CITY OF SAPULPA",,19,19,2,"AGAINST THE PROPOSITION - NO",,0,0,0,0,,
1/14/2020,"720802","CITY OF SAPULPA",41902,"PROPOSITION NO. 2  CITY OF SAPULPA",,19,19,1,"FOR THE PROPOSITION - YES",,0,0,0,0,,
1/14/2020,"720802","CITY OF SAPULPA",41902,"PROPOSITION NO. 2  CITY OF SAPULPA",,19,19,2,"AGAINST THE PROPOSITION - NO",,0,0,0,0,,
1/14/2020,"720802","CITY OF SAPULPA",41903,"PROPOSITION NO. 3  CITY OF SAPULPA",,19,19,1,"FOR THE PROPOSITION - YES",,0,0,0,0,,
1/14/2020,"720802","CITY OF SAPULPA",41903,"PROPOSITION NO. 3  CITY OF SAPULPA",,19,19,2,"AGAINST THE PROPOSITION - NO",,0,0,0,0,,
1/14/2020,"720802","CITY OF SAPULPA",41904,"PROPOSITION NO. 4  CITY OF SAPULPA",,19,19,1,"FOR THE PROPOSITION - YES",,0,0,0,0,,
1/14/2020,"720802","CITY OF SAPULPA",41904,"PROPOSITION NO. 4  CITY OF SAPULPA",,19,19,2,"AGAINST THE PROPOSITION - NO",,0,0,0,0,,
1/14/2020,"720802","CITY OF SAPULPA",41905,"PROPOSITION NO. 5  CITY OF SAPULPA",,19,19,1,"FOR THE PROPOSITION - YES",,0,0,0,0,,
1/14/2020,"720802","CITY OF SAPULPA",41905,"PROPOSITION NO. 5  CITY OF SAPULPA",,19,19,2,"AGAINST THE PROPOSITION - NO",,0,0,0,0,,
1/14/2020,"720802","CITY OF SAPULPA",41906,"PROPOSITION NO. 6  CITY OF SAPULPA",,19,19,1,"FOR THE PROPOSITION - YES",,0,0,0,0,,
1/14/2020,"720802","CITY OF SAPULPA",41906,"PROPOSITION NO. 6  CITY OF SAPULPA",,19,19,2,"AGAINST THE PROPOSITION - NO",,0,0,0,0,,
1/14/2020,"729999","CITY OF SAPULPA",41901,"PROPOSITION NO. 1  CITY OF SAPULPA",,19,19,1,"FOR THE PROPOSITION - YES",,0,0,0,0,,
1/14/2020,"729999","CITY OF SAPULPA",41901,"PROPOSITION NO. 1  CITY OF SAPULPA",,19,19,2,"AGAINST THE PROPOSITION - NO",,0,0,0,0,,
1/14/2020,"729999","CITY OF SAPULPA",41902,"PROPOSITION NO. 2  CITY OF SAPULPA",,19,19,1,"FOR THE PROPOSITION - YES",,0,0,0,0,,
1/14/2020,"729999","CITY OF SAPULPA",41902,"PROPOSITION NO. 2  CITY OF SAPULPA",,19,19,2,"AGAINST THE PROPOSITION - NO",,0,0,0,0,,
1/14/2020,"729999","CITY OF SAPULPA",41903,"PROPOSITION NO. 3  CITY OF SAPULPA",,19,19,1,"FOR THE PROPOSITION - YES",,0,0,0,0,,
1/14/2020,"729999","CITY OF SAPULPA",41903,"PROPOSITION NO. 3  CITY OF SAPULPA",,19,19,2,"AGAINST THE PROPOSITION - NO",,0,0,0,0,,
1/14/2020,"729999","CITY OF SAPULPA",41904,"PROPOSITION NO. 4  CITY OF SAPULPA",,19,19,1,"FOR THE PROPOSITION - YES",,0,0,0,0,,
1/14/2020,"729999","CITY OF SAPULPA",41904,"PROPOSITION NO. 4  CITY OF SAPULPA",,19,19,2,"AGAINST THE PROPOSITION - NO",,0,0,0,0,,
1/14/2020,"729999","CITY OF SAPULPA",41905,"PROPOSITION NO. 5  CITY OF SAPULPA",,19,19,1,"FOR THE PROPOSITION - YES",,0,0,0,0,,
1/14/2020,"729999","CITY OF SAPULPA",41905,"PROPOSITION NO. 5  CITY OF SAPULPA",,19,19,2,"AGAINST THE PROPOSITION - NO",,0,0,0,0,,
1/14/2020,"729999","CITY OF SAPULPA",41906,"PROPOSITION NO. 6  CITY OF SAPULPA",,19,19,1,"FOR THE PROPOSITION - YES",,0,0,0,0,,
1/14/2020,"729999","CITY OF SAPULPA",41906,"PROPOSITION NO. 6  CITY OF SAPULPA",,19,19,2,"AGAINST THE PROPOSITION - NO",,0,0,0,0,,
