elec_date,precinct,entity_description,race_number,race_description,race_party,tot_race_prec,race_prec_reporting,cand_number,cand_name,cand_party,cand_absmail_votes,cand_early_votes,cand_elecday_votes,cand_tot_votes,race_county_owner
1/13/2015,"020120","TIMBERLAKE PUBLIC SCHOOLS INDEPENDENT SCHOOL DISTRICT NO. 093",50201,"PROPOSITION NO. 1  TIMBERLAKE PUBLIC SCHOOLS",,7,7,1,"FOR THE PROPOSITION - YES",,0,0,0,0,,
1/13/2015,"020120","TIMBERLAKE PUBLIC SCHOOLS INDEPENDENT SCHOOL DISTRICT NO. 093",50201,"PROPOSITION NO. 1  TIMBERLAKE PUBLIC SCHOOLS",,7,7,2,"AGAINST THE PROPOSITION - NO",,2,0,0,2,,
1/13/2015,"020120","TIMBERLAKE PUBLIC SCHOOLS INDEPENDENT SCHOOL DISTRICT NO. 093",50202,"PROPOSITION NO. 2  TIMBERLAKE PUBLIC SCHOOLS",,7,7,1,"FOR THE PROPOSITION - YES",,1,0,0,1,,
1/13/2015,"020120","TIMBERLAKE PUBLIC SCHOOLS INDEPENDENT SCHOOL DISTRICT NO. 093",50202,"PROPOSITION NO. 2  TIMBERLAKE PUBLIC SCHOOLS",,7,7,2,"AGAINST THE PROPOSITION - NO",,1,0,0,1,,
1/13/2015,"020310","TIMBERLAKE PUBLIC SCHOOLS INDEPENDENT SCHOOL DISTRICT NO. 093",50201,"PROPOSITION NO. 1  TIMBERLAKE PUBLIC SCHOOLS",,7,7,1,"FOR THE PROPOSITION - YES",,0,2,81,83,,
1/13/2015,"020310","TIMBERLAKE PUBLIC SCHOOLS INDEPENDENT SCHOOL DISTRICT NO. 093",50201,"PROPOSITION NO. 1  TIMBERLAKE PUBLIC SCHOOLS",,7,7,2,"AGAINST THE PROPOSITION - NO",,0,0,48,48,,
1/13/2015,"020310","TIMBERLAKE PUBLIC SCHOOLS INDEPENDENT SCHOOL DISTRICT NO. 093",50202,"PROPOSITION NO. 2  TIMBERLAKE PUBLIC SCHOOLS",,7,7,1,"FOR THE PROPOSITION - YES",,0,2,97,99,,
1/13/2015,"020310","TIMBERLAKE PUBLIC SCHOOLS INDEPENDENT SCHOOL DISTRICT NO. 093",50202,"PROPOSITION NO. 2  TIMBERLAKE PUBLIC SCHOOLS",,7,7,2,"AGAINST THE PROPOSITION - NO",,0,0,34,34,,
1/13/2015,"020330","TIMBERLAKE PUBLIC SCHOOLS INDEPENDENT SCHOOL DISTRICT NO. 093",50201,"PROPOSITION NO. 1  TIMBERLAKE PUBLIC SCHOOLS",,7,7,1,"FOR THE PROPOSITION - YES",,7,0,76,83,,
1/13/2015,"020330","TIMBERLAKE PUBLIC SCHOOLS INDEPENDENT SCHOOL DISTRICT NO. 093",50201,"PROPOSITION NO. 1  TIMBERLAKE PUBLIC SCHOOLS",,7,7,2,"AGAINST THE PROPOSITION - NO",,8,0,43,51,,
1/13/2015,"020330","TIMBERLAKE PUBLIC SCHOOLS INDEPENDENT SCHOOL DISTRICT NO. 093",50202,"PROPOSITION NO. 2  TIMBERLAKE PUBLIC SCHOOLS",,7,7,1,"FOR THE PROPOSITION - YES",,12,0,86,98,,
1/13/2015,"020330","TIMBERLAKE PUBLIC SCHOOLS INDEPENDENT SCHOOL DISTRICT NO. 093",50202,"PROPOSITION NO. 2  TIMBERLAKE PUBLIC SCHOOLS",,7,7,2,"AGAINST THE PROPOSITION - NO",,3,0,34,37,,
1/13/2015,"050141","CITY OF ELK CITY",40501,"PROPOSITION  CITY OF ELK CITY",,7,7,1,"FOR THE PROPOSITION - YES",,3,4,179,186,,
1/13/2015,"050141","CITY OF ELK CITY",40501,"PROPOSITION  CITY OF ELK CITY",,7,7,2,"AGAINST THE PROPOSITION - NO",,2,1,72,75,,
1/13/2015,"050141","ELK CITY PUBLIC SCHOOLS INDEPENDENT SCHOOL DISTRICT NO. 006",50501,"PROPOSITION  ELK CITY PUBLIC SCHOOLS",,10,10,1,"FOR THE PROPOSITION - YES",,3,4,177,184,,
1/13/2015,"050141","ELK CITY PUBLIC SCHOOLS INDEPENDENT SCHOOL DISTRICT NO. 006",50501,"PROPOSITION  ELK CITY PUBLIC SCHOOLS",,10,10,2,"AGAINST THE PROPOSITION - NO",,0,1,69,70,,
1/13/2015,"050141","MERRITT PUBLIC SCHOOLS INDEPENDENT SCHOOL DISTRICT NO. 002",50502,"PROPOSITION  MERRITT PUBLIC SCHOOLS",,9,9,1,"FOR THE PROPOSITION - YES",,1,0,60,61,,
1/13/2015,"050141","MERRITT PUBLIC SCHOOLS INDEPENDENT SCHOOL DISTRICT NO. 002",50502,"PROPOSITION  MERRITT PUBLIC SCHOOLS",,9,9,2,"AGAINST THE PROPOSITION - NO",,2,0,39,41,,
1/13/2015,"050231","CITY OF ELK CITY",40501,"PROPOSITION  CITY OF ELK CITY",,7,7,1,"FOR THE PROPOSITION - YES",,0,3,39,42,,
1/13/2015,"050231","CITY OF ELK CITY",40501,"PROPOSITION  CITY OF ELK CITY",,7,7,2,"AGAINST THE PROPOSITION - NO",,0,6,27,33,,
1/13/2015,"050231","ELK CITY PUBLIC SCHOOLS INDEPENDENT SCHOOL DISTRICT NO. 006",50501,"PROPOSITION  ELK CITY PUBLIC SCHOOLS",,10,10,1,"FOR THE PROPOSITION - YES",,0,3,61,64,,
1/13/2015,"050231","ELK CITY PUBLIC SCHOOLS INDEPENDENT SCHOOL DISTRICT NO. 006",50501,"PROPOSITION  ELK CITY PUBLIC SCHOOLS",,10,10,2,"AGAINST THE PROPOSITION - NO",,0,6,45,51,,
1/13/2015,"050231","MERRITT PUBLIC SCHOOLS INDEPENDENT SCHOOL DISTRICT NO. 002",50502,"PROPOSITION  MERRITT PUBLIC SCHOOLS",,9,9,1,"FOR THE PROPOSITION - YES",,0,0,20,20,,
1/13/2015,"050231","MERRITT PUBLIC SCHOOLS INDEPENDENT SCHOOL DISTRICT NO. 002",50502,"PROPOSITION  MERRITT PUBLIC SCHOOLS",,9,9,2,"AGAINST THE PROPOSITION - NO",,0,0,9,9,,
1/13/2015,"050232","CITY OF ELK CITY",40501,"PROPOSITION  CITY OF ELK CITY",,7,7,1,"FOR THE PROPOSITION - YES",,0,0,2,2,,
1/13/2015,"050232","CITY OF ELK CITY",40501,"PROPOSITION  CITY OF ELK CITY",,7,7,2,"AGAINST THE PROPOSITION - NO",,0,0,2,2,,
1/13/2015,"050232","ELK CITY PUBLIC SCHOOLS INDEPENDENT SCHOOL DISTRICT NO. 006",50501,"PROPOSITION  ELK CITY PUBLIC SCHOOLS",,10,10,1,"FOR THE PROPOSITION - YES",,0,0,1,1,,
1/13/2015,"050232","ELK CITY PUBLIC SCHOOLS INDEPENDENT SCHOOL DISTRICT NO. 006",50501,"PROPOSITION  ELK CITY PUBLIC SCHOOLS",,10,10,2,"AGAINST THE PROPOSITION - NO",,0,0,1,1,,
1/13/2015,"050232","MERRITT PUBLIC SCHOOLS INDEPENDENT SCHOOL DISTRICT NO. 002",50502,"PROPOSITION  MERRITT PUBLIC SCHOOLS",,9,9,1,"FOR THE PROPOSITION - YES",,2,0,22,24,,
1/13/2015,"050232","MERRITT PUBLIC SCHOOLS INDEPENDENT SCHOOL DISTRICT NO. 002",50502,"PROPOSITION  MERRITT PUBLIC SCHOOLS",,9,9,2,"AGAINST THE PROPOSITION - NO",,0,0,12,12,,
1/13/2015,"050235","CITY OF ELK CITY",40501,"PROPOSITION  CITY OF ELK CITY",,7,7,1,"FOR THE PROPOSITION - YES",,6,12,385,403,,
1/13/2015,"050235","CITY OF ELK CITY",40501,"PROPOSITION  CITY OF ELK CITY",,7,7,2,"AGAINST THE PROPOSITION - NO",,7,5,225,237,,
1/13/2015,"050235","ELK CITY PUBLIC SCHOOLS INDEPENDENT SCHOOL DISTRICT NO. 006",50501,"PROPOSITION  ELK CITY PUBLIC SCHOOLS",,10,10,1,"FOR THE PROPOSITION - YES",,5,7,328,340,,
1/13/2015,"050235","ELK CITY PUBLIC SCHOOLS INDEPENDENT SCHOOL DISTRICT NO. 006",50501,"PROPOSITION  ELK CITY PUBLIC SCHOOLS",,10,10,2,"AGAINST THE PROPOSITION - NO",,2,7,215,224,,
1/13/2015,"050235","MERRITT PUBLIC SCHOOLS INDEPENDENT SCHOOL DISTRICT NO. 002",50502,"PROPOSITION  MERRITT PUBLIC SCHOOLS",,9,9,1,"FOR THE PROPOSITION - YES",,3,4,103,110,,
1/13/2015,"050235","MERRITT PUBLIC SCHOOLS INDEPENDENT SCHOOL DISTRICT NO. 002",50502,"PROPOSITION  MERRITT PUBLIC SCHOOLS",,9,9,2,"AGAINST THE PROPOSITION - NO",,6,0,57,63,,
1/13/2015,"050242","MERRITT PUBLIC SCHOOLS INDEPENDENT SCHOOL DISTRICT NO. 002",50502,"PROPOSITION  MERRITT PUBLIC SCHOOLS",,9,9,1,"FOR THE PROPOSITION - YES",,1,0,59,60,,
1/13/2015,"050242","MERRITT PUBLIC SCHOOLS INDEPENDENT SCHOOL DISTRICT NO. 002",50502,"PROPOSITION  MERRITT PUBLIC SCHOOLS",,9,9,2,"AGAINST THE PROPOSITION - NO",,0,0,31,31,,
1/13/2015,"050330","CITY OF ELK CITY",40501,"PROPOSITION  CITY OF ELK CITY",,7,7,1,"FOR THE PROPOSITION - YES",,0,0,22,22,,
1/13/2015,"050330","CITY OF ELK CITY",40501,"PROPOSITION  CITY OF ELK CITY",,7,7,2,"AGAINST THE PROPOSITION - NO",,0,0,6,6,,
1/13/2015,"050330","ELK CITY PUBLIC SCHOOLS INDEPENDENT SCHOOL DISTRICT NO. 006",50501,"PROPOSITION  ELK CITY PUBLIC SCHOOLS",,10,10,1,"FOR THE PROPOSITION - YES",,1,0,6,7,,
1/13/2015,"050330","ELK CITY PUBLIC SCHOOLS INDEPENDENT SCHOOL DISTRICT NO. 006",50501,"PROPOSITION  ELK CITY PUBLIC SCHOOLS",,10,10,2,"AGAINST THE PROPOSITION - NO",,0,0,3,3,,
1/13/2015,"050330","MERRITT PUBLIC SCHOOLS INDEPENDENT SCHOOL DISTRICT NO. 002",50502,"PROPOSITION  MERRITT PUBLIC SCHOOLS",,9,9,1,"FOR THE PROPOSITION - YES",,1,0,56,57,,
1/13/2015,"050330","MERRITT PUBLIC SCHOOLS INDEPENDENT SCHOOL DISTRICT NO. 002",50502,"PROPOSITION  MERRITT PUBLIC SCHOOLS",,9,9,2,"AGAINST THE PROPOSITION - NO",,0,0,38,38,,
1/13/2015,"050332","CITY OF ELK CITY",40501,"PROPOSITION  CITY OF ELK CITY",,7,7,1,"FOR THE PROPOSITION - YES",,3,9,396,408,,
1/13/2015,"050332","CITY OF ELK CITY",40501,"PROPOSITION  CITY OF ELK CITY",,7,7,2,"AGAINST THE PROPOSITION - NO",,4,2,142,148,,
1/13/2015,"050332","ELK CITY PUBLIC SCHOOLS INDEPENDENT SCHOOL DISTRICT NO. 006",50501,"PROPOSITION  ELK CITY PUBLIC SCHOOLS",,10,10,1,"FOR THE PROPOSITION - YES",,5,6,364,375,,
1/13/2015,"050332","ELK CITY PUBLIC SCHOOLS INDEPENDENT SCHOOL DISTRICT NO. 006",50501,"PROPOSITION  ELK CITY PUBLIC SCHOOLS",,10,10,2,"AGAINST THE PROPOSITION - NO",,3,5,146,154,,
1/13/2015,"050332","MERRITT PUBLIC SCHOOLS INDEPENDENT SCHOOL DISTRICT NO. 002",50502,"PROPOSITION  MERRITT PUBLIC SCHOOLS",,9,9,1,"FOR THE PROPOSITION - YES",,0,0,15,15,,
1/13/2015,"050332","MERRITT PUBLIC SCHOOLS INDEPENDENT SCHOOL DISTRICT NO. 002",50502,"PROPOSITION  MERRITT PUBLIC SCHOOLS",,9,9,2,"AGAINST THE PROPOSITION - NO",,2,0,16,18,,
1/13/2015,"050333","CITY OF ELK CITY",40501,"PROPOSITION  CITY OF ELK CITY",,7,7,1,"FOR THE PROPOSITION - YES",,5,2,309,316,,
1/13/2015,"050333","CITY OF ELK CITY",40501,"PROPOSITION  CITY OF ELK CITY",,7,7,2,"AGAINST THE PROPOSITION - NO",,1,6,137,144,,
1/13/2015,"050333","ELK CITY PUBLIC SCHOOLS INDEPENDENT SCHOOL DISTRICT NO. 006",50501,"PROPOSITION  ELK CITY PUBLIC SCHOOLS",,10,10,1,"FOR THE PROPOSITION - YES",,5,2,307,314,,
1/13/2015,"050333","ELK CITY PUBLIC SCHOOLS INDEPENDENT SCHOOL DISTRICT NO. 006",50501,"PROPOSITION  ELK CITY PUBLIC SCHOOLS",,10,10,2,"AGAINST THE PROPOSITION - NO",,1,6,139,146,,
1/13/2015,"080510","BOONE-APACHE PUBLIC SCHOOLS INDEPENDENT SCHOOL DISTRICT NO. 056",50801,"PROPOSITION  BOONE-APACHE PUBLIC SCHOOLS",,5,5,1,"FOR THE PROPOSITION - YES",,3,0,14,17,,
1/13/2015,"080510","BOONE-APACHE PUBLIC SCHOOLS INDEPENDENT SCHOOL DISTRICT NO. 056",50801,"PROPOSITION  BOONE-APACHE PUBLIC SCHOOLS",,5,5,2,"AGAINST THE PROPOSITION - NO",,0,0,0,0,,
1/13/2015,"080511","BOONE-APACHE PUBLIC SCHOOLS INDEPENDENT SCHOOL DISTRICT NO. 056",50801,"PROPOSITION  BOONE-APACHE PUBLIC SCHOOLS",,5,5,1,"FOR THE PROPOSITION - YES",,2,4,298,304,,
1/13/2015,"080511","BOONE-APACHE PUBLIC SCHOOLS INDEPENDENT SCHOOL DISTRICT NO. 056",50801,"PROPOSITION  BOONE-APACHE PUBLIC SCHOOLS",,5,5,2,"AGAINST THE PROPOSITION - NO",,1,0,101,102,,
1/13/2015,"080715","BOONE-APACHE PUBLIC SCHOOLS INDEPENDENT SCHOOL DISTRICT NO. 056",50801,"PROPOSITION  BOONE-APACHE PUBLIC SCHOOLS",,5,5,1,"FOR THE PROPOSITION - YES",,0,0,1,1,,
1/13/2015,"080715","BOONE-APACHE PUBLIC SCHOOLS INDEPENDENT SCHOOL DISTRICT NO. 056",50801,"PROPOSITION  BOONE-APACHE PUBLIC SCHOOLS",,5,5,2,"AGAINST THE PROPOSITION - NO",,0,0,3,3,,
1/13/2015,"090102","CALUMET PUBLIC SCHOOLS INDEPENDENT SCHOOL DISTRICT NO. 076",50901,"PROPOSTION NO. 1  CALUMET PUBLIC SCHOOLS",,6,6,1,"FOR THE PROPOSITION - YES",,0,0,0,0,,
1/13/2015,"090102","CALUMET PUBLIC SCHOOLS INDEPENDENT SCHOOL DISTRICT NO. 076",50901,"PROPOSTION NO. 1  CALUMET PUBLIC SCHOOLS",,6,6,2,"AGAINST THE PROPOSITION - NO",,0,0,0,0,,
1/13/2015,"090102","CALUMET PUBLIC SCHOOLS INDEPENDENT SCHOOL DISTRICT NO. 076",50902,"PROPOSTION NO. 2  CALUMET PUBLIC SCHOOLS",,6,6,1,"FOR THE PROPOSITION - YES",,0,0,0,0,,
1/13/2015,"090102","CALUMET PUBLIC SCHOOLS INDEPENDENT SCHOOL DISTRICT NO. 076",50902,"PROPOSTION NO. 2  CALUMET PUBLIC SCHOOLS",,6,6,2,"AGAINST THE PROPOSITION - NO",,0,0,0,0,,
1/13/2015,"090109","CALUMET PUBLIC SCHOOLS INDEPENDENT SCHOOL DISTRICT NO. 076",50901,"PROPOSTION NO. 1  CALUMET PUBLIC SCHOOLS",,6,6,1,"FOR THE PROPOSITION - YES",,1,0,7,8,,
1/13/2015,"090109","CALUMET PUBLIC SCHOOLS INDEPENDENT SCHOOL DISTRICT NO. 076",50901,"PROPOSTION NO. 1  CALUMET PUBLIC SCHOOLS",,6,6,2,"AGAINST THE PROPOSITION - NO",,1,0,0,1,,
1/13/2015,"090109","CALUMET PUBLIC SCHOOLS INDEPENDENT SCHOOL DISTRICT NO. 076",50902,"PROPOSTION NO. 2  CALUMET PUBLIC SCHOOLS",,6,6,1,"FOR THE PROPOSITION - YES",,1,0,7,8,,
1/13/2015,"090109","CALUMET PUBLIC SCHOOLS INDEPENDENT SCHOOL DISTRICT NO. 076",50902,"PROPOSTION NO. 2  CALUMET PUBLIC SCHOOLS",,6,6,2,"AGAINST THE PROPOSITION - NO",,1,0,0,1,,
1/13/2015,"090404","CALUMET PUBLIC SCHOOLS INDEPENDENT SCHOOL DISTRICT NO. 076",50901,"PROPOSTION NO. 1  CALUMET PUBLIC SCHOOLS",,6,6,1,"FOR THE PROPOSITION - YES",,0,0,3,3,,
1/13/2015,"090404","CALUMET PUBLIC SCHOOLS INDEPENDENT SCHOOL DISTRICT NO. 076",50901,"PROPOSTION NO. 1  CALUMET PUBLIC SCHOOLS",,6,6,2,"AGAINST THE PROPOSITION - NO",,0,0,0,0,,
1/13/2015,"090404","CALUMET PUBLIC SCHOOLS INDEPENDENT SCHOOL DISTRICT NO. 076",50902,"PROPOSTION NO. 2  CALUMET PUBLIC SCHOOLS",,6,6,1,"FOR THE PROPOSITION - YES",,0,0,3,3,,
1/13/2015,"090404","CALUMET PUBLIC SCHOOLS INDEPENDENT SCHOOL DISTRICT NO. 076",50902,"PROPOSTION NO. 2  CALUMET PUBLIC SCHOOLS",,6,6,2,"AGAINST THE PROPOSITION - NO",,0,0,0,0,,
1/13/2015,"090406","CALUMET PUBLIC SCHOOLS INDEPENDENT SCHOOL DISTRICT NO. 076",50901,"PROPOSTION NO. 1  CALUMET PUBLIC SCHOOLS",,6,6,1,"FOR THE PROPOSITION - YES",,0,0,0,0,,
1/13/2015,"090406","CALUMET PUBLIC SCHOOLS INDEPENDENT SCHOOL DISTRICT NO. 076",50901,"PROPOSTION NO. 1  CALUMET PUBLIC SCHOOLS",,6,6,2,"AGAINST THE PROPOSITION - NO",,0,0,0,0,,
1/13/2015,"090406","CALUMET PUBLIC SCHOOLS INDEPENDENT SCHOOL DISTRICT NO. 076",50902,"PROPOSTION NO. 2  CALUMET PUBLIC SCHOOLS",,6,6,1,"FOR THE PROPOSITION - YES",,0,0,0,0,,
1/13/2015,"090406","CALUMET PUBLIC SCHOOLS INDEPENDENT SCHOOL DISTRICT NO. 076",50902,"PROPOSTION NO. 2  CALUMET PUBLIC SCHOOLS",,6,6,2,"AGAINST THE PROPOSITION - NO",,0,0,0,0,,
1/13/2015,"090408","CALUMET PUBLIC SCHOOLS INDEPENDENT SCHOOL DISTRICT NO. 076",50901,"PROPOSTION NO. 1  CALUMET PUBLIC SCHOOLS",,6,6,1,"FOR THE PROPOSITION - YES",,0,1,94,95,,
1/13/2015,"090408","CALUMET PUBLIC SCHOOLS INDEPENDENT SCHOOL DISTRICT NO. 076",50901,"PROPOSTION NO. 1  CALUMET PUBLIC SCHOOLS",,6,6,2,"AGAINST THE PROPOSITION - NO",,3,0,38,41,,
1/13/2015,"090408","CALUMET PUBLIC SCHOOLS INDEPENDENT SCHOOL DISTRICT NO. 076",50902,"PROPOSTION NO. 2  CALUMET PUBLIC SCHOOLS",,6,6,1,"FOR THE PROPOSITION - YES",,0,1,102,103,,
1/13/2015,"090408","CALUMET PUBLIC SCHOOLS INDEPENDENT SCHOOL DISTRICT NO. 076",50902,"PROPOSTION NO. 2  CALUMET PUBLIC SCHOOLS",,6,6,2,"AGAINST THE PROPOSITION - NO",,3,0,30,33,,
1/13/2015,"090409","CALUMET PUBLIC SCHOOLS INDEPENDENT SCHOOL DISTRICT NO. 076",50901,"PROPOSTION NO. 1  CALUMET PUBLIC SCHOOLS",,6,6,1,"FOR THE PROPOSITION - YES",,0,0,8,8,,
1/13/2015,"090409","CALUMET PUBLIC SCHOOLS INDEPENDENT SCHOOL DISTRICT NO. 076",50901,"PROPOSTION NO. 1  CALUMET PUBLIC SCHOOLS",,6,6,2,"AGAINST THE PROPOSITION - NO",,0,0,3,3,,
1/13/2015,"090409","CALUMET PUBLIC SCHOOLS INDEPENDENT SCHOOL DISTRICT NO. 076",50902,"PROPOSTION NO. 2  CALUMET PUBLIC SCHOOLS",,6,6,1,"FOR THE PROPOSITION - YES",,0,0,8,8,,
1/13/2015,"090409","CALUMET PUBLIC SCHOOLS INDEPENDENT SCHOOL DISTRICT NO. 076",50902,"PROPOSTION NO. 2  CALUMET PUBLIC SCHOOLS",,6,6,2,"AGAINST THE PROPOSITION - NO",,0,0,3,3,,
1/13/2015,"100051","VELMA-ALMA PUBLIC SCHOOLS INDEPENDENT SCHOOL DISTRICT NO. 015",56903,"PROPOSITION  VELMA-ALMA PUBLIC SCHOOLS",,6,6,1,"FOR THE PROPOSITION - YES",,0,0,0,0,,
1/13/2015,"100051","VELMA-ALMA PUBLIC SCHOOLS INDEPENDENT SCHOOL DISTRICT NO. 015",56903,"PROPOSITION  VELMA-ALMA PUBLIC SCHOOLS",,6,6,2,"AGAINST THE PROPOSITION - NO",,0,0,0,0,,
1/13/2015,"140002","CITY OF NORMAN",41401,"PROPOSITION  CITY OF NORMAN",,49,49,1,"FOR THE PROPOSITION - YES",,1,2,39,42,,
1/13/2015,"140002","CITY OF NORMAN",41401,"PROPOSITION  CITY OF NORMAN",,49,49,2,"AGAINST THE PROPOSITION - NO",,2,2,28,32,,
1/13/2015,"140003","CITY OF NORMAN",41401,"PROPOSITION  CITY OF NORMAN",,49,49,1,"FOR THE PROPOSITION - YES",,0,6,78,84,,
1/13/2015,"140003","CITY OF NORMAN",41401,"PROPOSITION  CITY OF NORMAN",,49,49,2,"AGAINST THE PROPOSITION - NO",,0,2,38,40,,
1/13/2015,"140006","CITY OF NORMAN",41401,"PROPOSITION  CITY OF NORMAN",,49,49,1,"FOR THE PROPOSITION - YES",,3,6,141,150,,
1/13/2015,"140006","CITY OF NORMAN",41401,"PROPOSITION  CITY OF NORMAN",,49,49,2,"AGAINST THE PROPOSITION - NO",,3,2,54,59,,
1/13/2015,"140008","CITY OF NORMAN",41401,"PROPOSITION  CITY OF NORMAN",,49,49,1,"FOR THE PROPOSITION - YES",,0,2,122,124,,
1/13/2015,"140008","CITY OF NORMAN",41401,"PROPOSITION  CITY OF NORMAN",,49,49,2,"AGAINST THE PROPOSITION - NO",,1,2,35,38,,
1/13/2015,"140011","CITY OF NORMAN",41401,"PROPOSITION  CITY OF NORMAN",,49,49,1,"FOR THE PROPOSITION - YES",,2,6,134,142,,
1/13/2015,"140011","CITY OF NORMAN",41401,"PROPOSITION  CITY OF NORMAN",,49,49,2,"AGAINST THE PROPOSITION - NO",,2,2,65,69,,
1/13/2015,"140012","CITY OF NORMAN",41401,"PROPOSITION  CITY OF NORMAN",,49,49,1,"FOR THE PROPOSITION - YES",,5,4,102,111,,
1/13/2015,"140012","CITY OF NORMAN",41401,"PROPOSITION  CITY OF NORMAN",,49,49,2,"AGAINST THE PROPOSITION - NO",,3,2,35,40,,
1/13/2015,"140013","CITY OF NORMAN",41401,"PROPOSITION  CITY OF NORMAN",,49,49,1,"FOR THE PROPOSITION - YES",,1,0,8,9,,
1/13/2015,"140013","CITY OF NORMAN",41401,"PROPOSITION  CITY OF NORMAN",,49,49,2,"AGAINST THE PROPOSITION - NO",,0,0,2,2,,
1/13/2015,"140014","CITY OF NORMAN",41401,"PROPOSITION  CITY OF NORMAN",,49,49,1,"FOR THE PROPOSITION - YES",,1,4,37,42,,
1/13/2015,"140014","CITY OF NORMAN",41401,"PROPOSITION  CITY OF NORMAN",,49,49,2,"AGAINST THE PROPOSITION - NO",,2,2,17,21,,
1/13/2015,"140015","CITY OF NORMAN",41401,"PROPOSITION  CITY OF NORMAN",,49,49,1,"FOR THE PROPOSITION - YES",,5,4,146,155,,
1/13/2015,"140015","CITY OF NORMAN",41401,"PROPOSITION  CITY OF NORMAN",,49,49,2,"AGAINST THE PROPOSITION - NO",,0,3,75,78,,
1/13/2015,"140018","CITY OF NORMAN",41401,"PROPOSITION  CITY OF NORMAN",,49,49,1,"FOR THE PROPOSITION - YES",,1,4,68,73,,
1/13/2015,"140018","CITY OF NORMAN",41401,"PROPOSITION  CITY OF NORMAN",,49,49,2,"AGAINST THE PROPOSITION - NO",,0,0,50,50,,
1/13/2015,"140019","CITY OF NORMAN",41401,"PROPOSITION  CITY OF NORMAN",,49,49,1,"FOR THE PROPOSITION - YES",,10,9,209,228,,
1/13/2015,"140019","CITY OF NORMAN",41401,"PROPOSITION  CITY OF NORMAN",,49,49,2,"AGAINST THE PROPOSITION - NO",,3,7,123,133,,
1/13/2015,"140025","CITY OF NORMAN",41401,"PROPOSITION  CITY OF NORMAN",,49,49,1,"FOR THE PROPOSITION - YES",,1,0,25,26,,
1/13/2015,"140025","CITY OF NORMAN",41401,"PROPOSITION  CITY OF NORMAN",,49,49,2,"AGAINST THE PROPOSITION - NO",,0,2,44,46,,
1/13/2015,"140026","CITY OF NORMAN",41401,"PROPOSITION  CITY OF NORMAN",,49,49,1,"FOR THE PROPOSITION - YES",,3,7,162,172,,
1/13/2015,"140026","CITY OF NORMAN",41401,"PROPOSITION  CITY OF NORMAN",,49,49,2,"AGAINST THE PROPOSITION - NO",,6,4,83,93,,
1/13/2015,"140027","CITY OF NORMAN",41401,"PROPOSITION  CITY OF NORMAN",,49,49,1,"FOR THE PROPOSITION - YES",,16,12,308,336,,
1/13/2015,"140027","CITY OF NORMAN",41401,"PROPOSITION  CITY OF NORMAN",,49,49,2,"AGAINST THE PROPOSITION - NO",,9,2,133,144,,
1/13/2015,"140028","CITY OF NORMAN",41401,"PROPOSITION  CITY OF NORMAN",,49,49,1,"FOR THE PROPOSITION - YES",,2,3,87,92,,
1/13/2015,"140028","CITY OF NORMAN",41401,"PROPOSITION  CITY OF NORMAN",,49,49,2,"AGAINST THE PROPOSITION - NO",,7,4,50,61,,
1/13/2015,"140030","CITY OF NORMAN",41401,"PROPOSITION  CITY OF NORMAN",,49,49,1,"FOR THE PROPOSITION - YES",,2,1,64,67,,
1/13/2015,"140030","CITY OF NORMAN",41401,"PROPOSITION  CITY OF NORMAN",,49,49,2,"AGAINST THE PROPOSITION - NO",,1,1,26,28,,
1/13/2015,"140032","CITY OF NORMAN",41401,"PROPOSITION  CITY OF NORMAN",,49,49,1,"FOR THE PROPOSITION - YES",,1,1,66,68,,
1/13/2015,"140032","CITY OF NORMAN",41401,"PROPOSITION  CITY OF NORMAN",,49,49,2,"AGAINST THE PROPOSITION - NO",,6,2,50,58,,
1/13/2015,"140035","CITY OF NORMAN",41401,"PROPOSITION  CITY OF NORMAN",,49,49,1,"FOR THE PROPOSITION - YES",,3,0,154,157,,
1/13/2015,"140035","CITY OF NORMAN",41401,"PROPOSITION  CITY OF NORMAN",,49,49,2,"AGAINST THE PROPOSITION - NO",,7,0,61,68,,
1/13/2015,"140036","CITY OF NORMAN",41401,"PROPOSITION  CITY OF NORMAN",,49,49,1,"FOR THE PROPOSITION - YES",,0,2,13,15,,
1/13/2015,"140036","CITY OF NORMAN",41401,"PROPOSITION  CITY OF NORMAN",,49,49,2,"AGAINST THE PROPOSITION - NO",,1,1,14,16,,
1/13/2015,"140038","CITY OF NORMAN",41401,"PROPOSITION  CITY OF NORMAN",,49,49,1,"FOR THE PROPOSITION - YES",,0,0,0,0,,
1/13/2015,"140038","CITY OF NORMAN",41401,"PROPOSITION  CITY OF NORMAN",,49,49,2,"AGAINST THE PROPOSITION - NO",,0,0,0,0,,
1/13/2015,"140039","CITY OF NORMAN",41401,"PROPOSITION  CITY OF NORMAN",,49,49,1,"FOR THE PROPOSITION - YES",,2,3,109,114,,
1/13/2015,"140039","CITY OF NORMAN",41401,"PROPOSITION  CITY OF NORMAN",,49,49,2,"AGAINST THE PROPOSITION - NO",,2,5,59,66,,
1/13/2015,"140042","CITY OF NORMAN",41401,"PROPOSITION  CITY OF NORMAN",,49,49,1,"FOR THE PROPOSITION - YES",,4,4,159,167,,
1/13/2015,"140042","CITY OF NORMAN",41401,"PROPOSITION  CITY OF NORMAN",,49,49,2,"AGAINST THE PROPOSITION - NO",,2,2,54,58,,
1/13/2015,"140044","CITY OF NORMAN",41401,"PROPOSITION  CITY OF NORMAN",,49,49,1,"FOR THE PROPOSITION - YES",,0,0,0,0,,
1/13/2015,"140044","CITY OF NORMAN",41401,"PROPOSITION  CITY OF NORMAN",,49,49,2,"AGAINST THE PROPOSITION - NO",,0,0,0,0,,
1/13/2015,"140045","CITY OF NORMAN",41401,"PROPOSITION  CITY OF NORMAN",,49,49,1,"FOR THE PROPOSITION - YES",,1,0,16,17,,
1/13/2015,"140045","CITY OF NORMAN",41401,"PROPOSITION  CITY OF NORMAN",,49,49,2,"AGAINST THE PROPOSITION - NO",,0,1,12,13,,
1/13/2015,"140049","CITY OF NORMAN",41401,"PROPOSITION  CITY OF NORMAN",,49,49,1,"FOR THE PROPOSITION - YES",,0,0,11,11,,
1/13/2015,"140049","CITY OF NORMAN",41401,"PROPOSITION  CITY OF NORMAN",,49,49,2,"AGAINST THE PROPOSITION - NO",,0,0,9,9,,
1/13/2015,"140051","CITY OF NORMAN",41401,"PROPOSITION  CITY OF NORMAN",,49,49,1,"FOR THE PROPOSITION - YES",,3,2,77,82,,
1/13/2015,"140051","CITY OF NORMAN",41401,"PROPOSITION  CITY OF NORMAN",,49,49,2,"AGAINST THE PROPOSITION - NO",,2,0,40,42,,
1/13/2015,"140053","CITY OF NORMAN",41401,"PROPOSITION  CITY OF NORMAN",,49,49,1,"FOR THE PROPOSITION - YES",,8,13,217,238,,
1/13/2015,"140053","CITY OF NORMAN",41401,"PROPOSITION  CITY OF NORMAN",,49,49,2,"AGAINST THE PROPOSITION - NO",,13,3,130,146,,
1/13/2015,"140055","CITY OF NORMAN",41401,"PROPOSITION  CITY OF NORMAN",,49,49,1,"FOR THE PROPOSITION - YES",,7,19,210,236,,
1/13/2015,"140055","CITY OF NORMAN",41401,"PROPOSITION  CITY OF NORMAN",,49,49,2,"AGAINST THE PROPOSITION - NO",,12,6,116,134,,
1/13/2015,"140056","CITY OF NORMAN",41401,"PROPOSITION  CITY OF NORMAN",,49,49,1,"FOR THE PROPOSITION - YES",,12,6,193,211,,
1/13/2015,"140056","CITY OF NORMAN",41401,"PROPOSITION  CITY OF NORMAN",,49,49,2,"AGAINST THE PROPOSITION - NO",,5,7,107,119,,
1/13/2015,"140059","CITY OF NORMAN",41401,"PROPOSITION  CITY OF NORMAN",,49,49,1,"FOR THE PROPOSITION - YES",,1,1,53,55,,
1/13/2015,"140059","CITY OF NORMAN",41401,"PROPOSITION  CITY OF NORMAN",,49,49,2,"AGAINST THE PROPOSITION - NO",,2,1,44,47,,
1/13/2015,"140063","CITY OF NORMAN",41401,"PROPOSITION  CITY OF NORMAN",,49,49,1,"FOR THE PROPOSITION - YES",,1,0,0,1,,
1/13/2015,"140063","CITY OF NORMAN",41401,"PROPOSITION  CITY OF NORMAN",,49,49,2,"AGAINST THE PROPOSITION - NO",,0,0,2,2,,
1/13/2015,"140064","CITY OF NORMAN",41401,"PROPOSITION  CITY OF NORMAN",,49,49,1,"FOR THE PROPOSITION - YES",,0,0,0,0,,
1/13/2015,"140064","CITY OF NORMAN",41401,"PROPOSITION  CITY OF NORMAN",,49,49,2,"AGAINST THE PROPOSITION - NO",,0,0,0,0,,
1/13/2015,"140065","CITY OF NORMAN",41401,"PROPOSITION  CITY OF NORMAN",,49,49,1,"FOR THE PROPOSITION - YES",,2,0,0,2,,
1/13/2015,"140065","CITY OF NORMAN",41401,"PROPOSITION  CITY OF NORMAN",,49,49,2,"AGAINST THE PROPOSITION - NO",,1,0,2,3,,
1/13/2015,"140067","CITY OF NORMAN",41401,"PROPOSITION  CITY OF NORMAN",,49,49,1,"FOR THE PROPOSITION - YES",,6,3,53,62,,
1/13/2015,"140067","CITY OF NORMAN",41401,"PROPOSITION  CITY OF NORMAN",,49,49,2,"AGAINST THE PROPOSITION - NO",,0,1,28,29,,
1/13/2015,"140068","CITY OF NORMAN",41401,"PROPOSITION  CITY OF NORMAN",,49,49,1,"FOR THE PROPOSITION - YES",,1,2,80,83,,
1/13/2015,"140068","CITY OF NORMAN",41401,"PROPOSITION  CITY OF NORMAN",,49,49,2,"AGAINST THE PROPOSITION - NO",,5,2,29,36,,
1/13/2015,"140071","CITY OF NORMAN",41401,"PROPOSITION  CITY OF NORMAN",,49,49,1,"FOR THE PROPOSITION - YES",,7,3,116,126,,
1/13/2015,"140071","CITY OF NORMAN",41401,"PROPOSITION  CITY OF NORMAN",,49,49,2,"AGAINST THE PROPOSITION - NO",,3,0,24,27,,
1/13/2015,"140073","CITY OF NORMAN",41401,"PROPOSITION  CITY OF NORMAN",,49,49,1,"FOR THE PROPOSITION - YES",,10,3,309,322,,
1/13/2015,"140073","CITY OF NORMAN",41401,"PROPOSITION  CITY OF NORMAN",,49,49,2,"AGAINST THE PROPOSITION - NO",,11,6,108,125,,
1/13/2015,"140074","CITY OF NORMAN",41401,"PROPOSITION  CITY OF NORMAN",,49,49,1,"FOR THE PROPOSITION - YES",,6,7,98,111,,
1/13/2015,"140074","CITY OF NORMAN",41401,"PROPOSITION  CITY OF NORMAN",,49,49,2,"AGAINST THE PROPOSITION - NO",,0,2,33,35,,
1/13/2015,"140076","CITY OF NORMAN",41401,"PROPOSITION  CITY OF NORMAN",,49,49,1,"FOR THE PROPOSITION - YES",,3,6,61,70,,
1/13/2015,"140076","CITY OF NORMAN",41401,"PROPOSITION  CITY OF NORMAN",,49,49,2,"AGAINST THE PROPOSITION - NO",,5,2,35,42,,
1/13/2015,"140077","CITY OF NORMAN",41401,"PROPOSITION  CITY OF NORMAN",,49,49,1,"FOR THE PROPOSITION - YES",,1,1,16,18,,
1/13/2015,"140077","CITY OF NORMAN",41401,"PROPOSITION  CITY OF NORMAN",,49,49,2,"AGAINST THE PROPOSITION - NO",,1,0,10,11,,
1/13/2015,"140078","CITY OF NORMAN",41401,"PROPOSITION  CITY OF NORMAN",,49,49,1,"FOR THE PROPOSITION - YES",,0,0,1,1,,
1/13/2015,"140078","CITY OF NORMAN",41401,"PROPOSITION  CITY OF NORMAN",,49,49,2,"AGAINST THE PROPOSITION - NO",,0,0,0,0,,
1/13/2015,"140081","CITY OF NORMAN",41401,"PROPOSITION  CITY OF NORMAN",,49,49,1,"FOR THE PROPOSITION - YES",,3,3,151,157,,
1/13/2015,"140081","CITY OF NORMAN",41401,"PROPOSITION  CITY OF NORMAN",,49,49,2,"AGAINST THE PROPOSITION - NO",,2,4,53,59,,
1/13/2015,"140082","CITY OF NORMAN",41401,"PROPOSITION  CITY OF NORMAN",,49,49,1,"FOR THE PROPOSITION - YES",,4,4,140,148,,
1/13/2015,"140082","CITY OF NORMAN",41401,"PROPOSITION  CITY OF NORMAN",,49,49,2,"AGAINST THE PROPOSITION - NO",,5,5,55,65,,
1/13/2015,"140083","CITY OF NORMAN",41401,"PROPOSITION  CITY OF NORMAN",,49,49,1,"FOR THE PROPOSITION - YES",,0,2,24,26,,
1/13/2015,"140083","CITY OF NORMAN",41401,"PROPOSITION  CITY OF NORMAN",,49,49,2,"AGAINST THE PROPOSITION - NO",,0,1,10,11,,
1/13/2015,"140089","CITY OF NORMAN",41401,"PROPOSITION  CITY OF NORMAN",,49,49,1,"FOR THE PROPOSITION - YES",,0,1,0,1,,
1/13/2015,"140089","CITY OF NORMAN",41401,"PROPOSITION  CITY OF NORMAN",,49,49,2,"AGAINST THE PROPOSITION - NO",,0,0,1,1,,
1/13/2015,"140091","CITY OF NORMAN",41401,"PROPOSITION  CITY OF NORMAN",,49,49,1,"FOR THE PROPOSITION - YES",,1,0,12,13,,
1/13/2015,"140091","CITY OF NORMAN",41401,"PROPOSITION  CITY OF NORMAN",,49,49,2,"AGAINST THE PROPOSITION - NO",,0,2,7,9,,
1/13/2015,"140092","CITY OF NORMAN",41401,"PROPOSITION  CITY OF NORMAN",,49,49,1,"FOR THE PROPOSITION - YES",,0,0,0,0,,
1/13/2015,"140092","CITY OF NORMAN",41401,"PROPOSITION  CITY OF NORMAN",,49,49,2,"AGAINST THE PROPOSITION - NO",,0,0,0,0,,
1/13/2015,"140093","CITY OF NORMAN",41401,"PROPOSITION  CITY OF NORMAN",,49,49,1,"FOR THE PROPOSITION - YES",,3,2,79,84,,
1/13/2015,"140093","CITY OF NORMAN",41401,"PROPOSITION  CITY OF NORMAN",,49,49,2,"AGAINST THE PROPOSITION - NO",,1,0,21,22,,
1/13/2015,"140094","CITY OF NORMAN",41401,"PROPOSITION  CITY OF NORMAN",,49,49,1,"FOR THE PROPOSITION - YES",,1,0,16,17,,
1/13/2015,"140094","CITY OF NORMAN",41401,"PROPOSITION  CITY OF NORMAN",,49,49,2,"AGAINST THE PROPOSITION - NO",,0,0,10,10,,
1/13/2015,"160037","BOONE-APACHE PUBLIC SCHOOLS INDEPENDENT SCHOOL DISTRICT NO. 056",50801,"PROPOSITION  BOONE-APACHE PUBLIC SCHOOLS",,5,5,1,"FOR THE PROPOSITION - YES",,0,0,1,1,,
1/13/2015,"160037","BOONE-APACHE PUBLIC SCHOOLS INDEPENDENT SCHOOL DISTRICT NO. 056",50801,"PROPOSITION  BOONE-APACHE PUBLIC SCHOOLS",,5,5,2,"AGAINST THE PROPOSITION - NO",,0,0,0,0,,
1/13/2015,"160038","BOONE-APACHE PUBLIC SCHOOLS INDEPENDENT SCHOOL DISTRICT NO. 056",50801,"PROPOSITION  BOONE-APACHE PUBLIC SCHOOLS",,5,5,1,"FOR THE PROPOSITION - YES",,0,0,3,3,,
1/13/2015,"160038","BOONE-APACHE PUBLIC SCHOOLS INDEPENDENT SCHOOL DISTRICT NO. 056",50801,"PROPOSITION  BOONE-APACHE PUBLIC SCHOOLS",,5,5,2,"AGAINST THE PROPOSITION - NO",,0,0,0,0,,
1/13/2015,"200012","WEATHERFORD PUBLIC SCHOOLS INDEPENDENT SCHOOL DISTRICT NO. 026",52001,"PROPOSITION  WEATHERFORD PUBLIC SCHOOLS",,7,7,1,"FOR THE PROPOSITION - YES",,0,0,0,0,,
1/13/2015,"200012","WEATHERFORD PUBLIC SCHOOLS INDEPENDENT SCHOOL DISTRICT NO. 026",52001,"PROPOSITION  WEATHERFORD PUBLIC SCHOOLS",,7,7,2,"AGAINST THE PROPOSITION - NO",,0,0,0,0,,
1/13/2015,"200018","WEATHERFORD PUBLIC SCHOOLS INDEPENDENT SCHOOL DISTRICT NO. 026",52001,"PROPOSITION  WEATHERFORD PUBLIC SCHOOLS",,7,7,1,"FOR THE PROPOSITION - YES",,6,0,138,144,,
1/13/2015,"200018","WEATHERFORD PUBLIC SCHOOLS INDEPENDENT SCHOOL DISTRICT NO. 026",52001,"PROPOSITION  WEATHERFORD PUBLIC SCHOOLS",,7,7,2,"AGAINST THE PROPOSITION - NO",,2,0,10,12,,
1/13/2015,"200019","WEATHERFORD PUBLIC SCHOOLS INDEPENDENT SCHOOL DISTRICT NO. 026",52001,"PROPOSITION  WEATHERFORD PUBLIC SCHOOLS",,7,7,1,"FOR THE PROPOSITION - YES",,3,2,146,151,,
1/13/2015,"200019","WEATHERFORD PUBLIC SCHOOLS INDEPENDENT SCHOOL DISTRICT NO. 026",52001,"PROPOSITION  WEATHERFORD PUBLIC SCHOOLS",,7,7,2,"AGAINST THE PROPOSITION - NO",,2,0,18,20,,
1/13/2015,"200020","WEATHERFORD PUBLIC SCHOOLS INDEPENDENT SCHOOL DISTRICT NO. 026",52001,"PROPOSITION  WEATHERFORD PUBLIC SCHOOLS",,7,7,1,"FOR THE PROPOSITION - YES",,1,0,175,176,,
1/13/2015,"200020","WEATHERFORD PUBLIC SCHOOLS INDEPENDENT SCHOOL DISTRICT NO. 026",52001,"PROPOSITION  WEATHERFORD PUBLIC SCHOOLS",,7,7,2,"AGAINST THE PROPOSITION - NO",,1,0,15,16,,
1/13/2015,"200021","WEATHERFORD PUBLIC SCHOOLS INDEPENDENT SCHOOL DISTRICT NO. 026",52001,"PROPOSITION  WEATHERFORD PUBLIC SCHOOLS",,7,7,1,"FOR THE PROPOSITION - YES",,7,0,81,88,,
1/13/2015,"200021","WEATHERFORD PUBLIC SCHOOLS INDEPENDENT SCHOOL DISTRICT NO. 026",52001,"PROPOSITION  WEATHERFORD PUBLIC SCHOOLS",,7,7,2,"AGAINST THE PROPOSITION - NO",,1,0,9,10,,
1/13/2015,"200022","WEATHERFORD PUBLIC SCHOOLS INDEPENDENT SCHOOL DISTRICT NO. 026",52001,"PROPOSITION  WEATHERFORD PUBLIC SCHOOLS",,7,7,1,"FOR THE PROPOSITION - YES",,0,0,18,18,,
1/13/2015,"200022","WEATHERFORD PUBLIC SCHOOLS INDEPENDENT SCHOOL DISTRICT NO. 026",52001,"PROPOSITION  WEATHERFORD PUBLIC SCHOOLS",,7,7,2,"AGAINST THE PROPOSITION - NO",,0,0,2,2,,
1/13/2015,"200026","ELK CITY PUBLIC SCHOOLS INDEPENDENT SCHOOL DISTRICT NO. 006",50501,"PROPOSITION  ELK CITY PUBLIC SCHOOLS",,10,10,1,"FOR THE PROPOSITION - YES",,0,0,0,0,,
1/13/2015,"200026","ELK CITY PUBLIC SCHOOLS INDEPENDENT SCHOOL DISTRICT NO. 006",50501,"PROPOSITION  ELK CITY PUBLIC SCHOOLS",,10,10,2,"AGAINST THE PROPOSITION - NO",,0,0,0,0,,
1/13/2015,"240106","COVINGTON-DOUGLAS SCHOOLS INDEPENDENT SCHOOL DISTRICT NO. 094",52401,"PROPOSITION NO. 1  COVINGTON-DOUGLAS SCHOOLS",,7,7,1,"FOR THE PROPOSITION - YES",,0,0,137,137,,
1/13/2015,"240106","COVINGTON-DOUGLAS SCHOOLS INDEPENDENT SCHOOL DISTRICT NO. 094",52401,"PROPOSITION NO. 1  COVINGTON-DOUGLAS SCHOOLS",,7,7,2,"AGAINST THE PROPOSITION - NO",,0,1,19,20,,
1/13/2015,"240106","COVINGTON-DOUGLAS SCHOOLS INDEPENDENT SCHOOL DISTRICT NO. 094",52402,"PROPOSITION NO. 2  COVINGTON-DOUGLAS SCHOOLS",,7,7,1,"FOR THE PROPOSITION - YES",,0,0,143,143,,
1/13/2015,"240106","COVINGTON-DOUGLAS SCHOOLS INDEPENDENT SCHOOL DISTRICT NO. 094",52402,"PROPOSITION NO. 2  COVINGTON-DOUGLAS SCHOOLS",,7,7,2,"AGAINST THE PROPOSITION - NO",,0,1,14,15,,
1/13/2015,"240107","COVINGTON-DOUGLAS SCHOOLS INDEPENDENT SCHOOL DISTRICT NO. 094",52401,"PROPOSITION NO. 1  COVINGTON-DOUGLAS SCHOOLS",,7,7,1,"FOR THE PROPOSITION - YES",,0,0,0,0,,
1/13/2015,"240107","COVINGTON-DOUGLAS SCHOOLS INDEPENDENT SCHOOL DISTRICT NO. 094",52401,"PROPOSITION NO. 1  COVINGTON-DOUGLAS SCHOOLS",,7,7,2,"AGAINST THE PROPOSITION - NO",,0,0,1,1,,
1/13/2015,"240107","COVINGTON-DOUGLAS SCHOOLS INDEPENDENT SCHOOL DISTRICT NO. 094",52402,"PROPOSITION NO. 2  COVINGTON-DOUGLAS SCHOOLS",,7,7,1,"FOR THE PROPOSITION - YES",,0,0,0,0,,
1/13/2015,"240107","COVINGTON-DOUGLAS SCHOOLS INDEPENDENT SCHOOL DISTRICT NO. 094",52402,"PROPOSITION NO. 2  COVINGTON-DOUGLAS SCHOOLS",,7,7,2,"AGAINST THE PROPOSITION - NO",,0,0,1,1,,
1/13/2015,"240109","COVINGTON-DOUGLAS SCHOOLS INDEPENDENT SCHOOL DISTRICT NO. 094",52401,"PROPOSITION NO. 1  COVINGTON-DOUGLAS SCHOOLS",,7,7,1,"FOR THE PROPOSITION - YES",,0,0,1,1,,
1/13/2015,"240109","COVINGTON-DOUGLAS SCHOOLS INDEPENDENT SCHOOL DISTRICT NO. 094",52401,"PROPOSITION NO. 1  COVINGTON-DOUGLAS SCHOOLS",,7,7,2,"AGAINST THE PROPOSITION - NO",,0,0,0,0,,
1/13/2015,"240109","COVINGTON-DOUGLAS SCHOOLS INDEPENDENT SCHOOL DISTRICT NO. 094",52402,"PROPOSITION NO. 2  COVINGTON-DOUGLAS SCHOOLS",,7,7,1,"FOR THE PROPOSITION - YES",,0,0,1,1,,
1/13/2015,"240109","COVINGTON-DOUGLAS SCHOOLS INDEPENDENT SCHOOL DISTRICT NO. 094",52402,"PROPOSITION NO. 2  COVINGTON-DOUGLAS SCHOOLS",,7,7,2,"AGAINST THE PROPOSITION - NO",,0,0,0,0,,
1/13/2015,"240308","TIMBERLAKE PUBLIC SCHOOLS INDEPENDENT SCHOOL DISTRICT NO. 093",50201,"PROPOSITION NO. 1  TIMBERLAKE PUBLIC SCHOOLS",,7,7,1,"FOR THE PROPOSITION - YES",,0,0,0,0,,
1/13/2015,"240308","TIMBERLAKE PUBLIC SCHOOLS INDEPENDENT SCHOOL DISTRICT NO. 093",50201,"PROPOSITION NO. 1  TIMBERLAKE PUBLIC SCHOOLS",,7,7,2,"AGAINST THE PROPOSITION - NO",,0,0,0,0,,
1/13/2015,"240308","TIMBERLAKE PUBLIC SCHOOLS INDEPENDENT SCHOOL DISTRICT NO. 093",50202,"PROPOSITION NO. 2  TIMBERLAKE PUBLIC SCHOOLS",,7,7,1,"FOR THE PROPOSITION - YES",,0,0,0,0,,
1/13/2015,"240308","TIMBERLAKE PUBLIC SCHOOLS INDEPENDENT SCHOOL DISTRICT NO. 093",50202,"PROPOSITION NO. 2  TIMBERLAKE PUBLIC SCHOOLS",,7,7,2,"AGAINST THE PROPOSITION - NO",,0,0,0,0,,
1/13/2015,"250003","BRAY-DOYLE PUBLIC SCHOOLS INDEPENDENT SCHOOL DISTRICT NO. 042",56901,"PROPOSITION NO. 1  BRAY-DOYLE PUBLIC SCHOOLS",,11,11,1,"FOR THE PROPOSITION - YES",,0,0,0,0,,
1/13/2015,"250003","BRAY-DOYLE PUBLIC SCHOOLS INDEPENDENT SCHOOL DISTRICT NO. 042",56901,"PROPOSITION NO. 1  BRAY-DOYLE PUBLIC SCHOOLS",,11,11,2,"AGAINST THE PROPOSITION - NO",,0,0,0,0,,
1/13/2015,"250003","BRAY-DOYLE PUBLIC SCHOOLS INDEPENDENT SCHOOL DISTRICT NO. 042",56902,"PROPOSITION NO. 2  BRAY-DOYLE PUBLIC SCHOOLS",,11,11,1,"FOR THE PROPOSITION - YES",,0,0,0,0,,
1/13/2015,"250003","BRAY-DOYLE PUBLIC SCHOOLS INDEPENDENT SCHOOL DISTRICT NO. 042",56902,"PROPOSITION NO. 2  BRAY-DOYLE PUBLIC SCHOOLS",,11,11,2,"AGAINST THE PROPOSITION - NO",,0,0,0,0,,
1/13/2015,"250009","BRAY-DOYLE PUBLIC SCHOOLS INDEPENDENT SCHOOL DISTRICT NO. 042",56901,"PROPOSITION NO. 1  BRAY-DOYLE PUBLIC SCHOOLS",,11,11,1,"FOR THE PROPOSITION - YES",,0,0,0,0,,
1/13/2015,"250009","BRAY-DOYLE PUBLIC SCHOOLS INDEPENDENT SCHOOL DISTRICT NO. 042",56901,"PROPOSITION NO. 1  BRAY-DOYLE PUBLIC SCHOOLS",,11,11,2,"AGAINST THE PROPOSITION - NO",,0,0,0,0,,
1/13/2015,"250009","BRAY-DOYLE PUBLIC SCHOOLS INDEPENDENT SCHOOL DISTRICT NO. 042",56902,"PROPOSITION NO. 2  BRAY-DOYLE PUBLIC SCHOOLS",,11,11,1,"FOR THE PROPOSITION - YES",,0,0,0,0,,
1/13/2015,"250009","BRAY-DOYLE PUBLIC SCHOOLS INDEPENDENT SCHOOL DISTRICT NO. 042",56902,"PROPOSITION NO. 2  BRAY-DOYLE PUBLIC SCHOOLS",,11,11,2,"AGAINST THE PROPOSITION - NO",,0,0,0,0,,
1/13/2015,"260020","TOWN OF ALEX",42601,"PROPOSITION  TOWN OF ALEX",,2,2,1,"FOR THE PROPOSITION - YES",,1,1,23,25,,
1/13/2015,"260020","TOWN OF ALEX",42601,"PROPOSITION  TOWN OF ALEX",,2,2,2,"AGAINST THE PROPOSITION - NO",,1,1,9,11,,
1/13/2015,"260026","BRAY-DOYLE PUBLIC SCHOOLS INDEPENDENT SCHOOL DISTRICT NO. 042",56901,"PROPOSITION NO. 1  BRAY-DOYLE PUBLIC SCHOOLS",,11,11,1,"FOR THE PROPOSITION - YES",,1,0,16,17,,
1/13/2015,"260026","BRAY-DOYLE PUBLIC SCHOOLS INDEPENDENT SCHOOL DISTRICT NO. 042",56901,"PROPOSITION NO. 1  BRAY-DOYLE PUBLIC SCHOOLS",,11,11,2,"AGAINST THE PROPOSITION - NO",,1,0,4,5,,
1/13/2015,"260026","BRAY-DOYLE PUBLIC SCHOOLS INDEPENDENT SCHOOL DISTRICT NO. 042",56902,"PROPOSITION NO. 2  BRAY-DOYLE PUBLIC SCHOOLS",,11,11,1,"FOR THE PROPOSITION - YES",,2,0,17,19,,
1/13/2015,"260026","BRAY-DOYLE PUBLIC SCHOOLS INDEPENDENT SCHOOL DISTRICT NO. 042",56902,"PROPOSITION NO. 2  BRAY-DOYLE PUBLIC SCHOOLS",,11,11,2,"AGAINST THE PROPOSITION - NO",,0,0,3,3,,
1/13/2015,"260031","TOWN OF ALEX",42601,"PROPOSITION  TOWN OF ALEX",,2,2,1,"FOR THE PROPOSITION - YES",,0,0,4,4,,
1/13/2015,"260031","TOWN OF ALEX",42601,"PROPOSITION  TOWN OF ALEX",,2,2,2,"AGAINST THE PROPOSITION - NO",,0,0,0,0,,
1/13/2015,"270017","TIMBERLAKE PUBLIC SCHOOLS INDEPENDENT SCHOOL DISTRICT NO. 093",50201,"PROPOSITION NO. 1  TIMBERLAKE PUBLIC SCHOOLS",,7,7,1,"FOR THE PROPOSITION - YES",,1,0,41,42,,
1/13/2015,"270017","TIMBERLAKE PUBLIC SCHOOLS INDEPENDENT SCHOOL DISTRICT NO. 093",50201,"PROPOSITION NO. 1  TIMBERLAKE PUBLIC SCHOOLS",,7,7,2,"AGAINST THE PROPOSITION - NO",,4,0,20,24,,
1/13/2015,"270017","TIMBERLAKE PUBLIC SCHOOLS INDEPENDENT SCHOOL DISTRICT NO. 093",50202,"PROPOSITION NO. 2  TIMBERLAKE PUBLIC SCHOOLS",,7,7,1,"FOR THE PROPOSITION - YES",,1,0,39,40,,
1/13/2015,"270017","TIMBERLAKE PUBLIC SCHOOLS INDEPENDENT SCHOOL DISTRICT NO. 093",50202,"PROPOSITION NO. 2  TIMBERLAKE PUBLIC SCHOOLS",,7,7,2,"AGAINST THE PROPOSITION - NO",,4,0,21,25,,
1/13/2015,"270025","TIMBERLAKE PUBLIC SCHOOLS INDEPENDENT SCHOOL DISTRICT NO. 093",50201,"PROPOSITION NO. 1  TIMBERLAKE PUBLIC SCHOOLS",,7,7,1,"FOR THE PROPOSITION - YES",,0,0,0,0,,
1/13/2015,"270025","TIMBERLAKE PUBLIC SCHOOLS INDEPENDENT SCHOOL DISTRICT NO. 093",50201,"PROPOSITION NO. 1  TIMBERLAKE PUBLIC SCHOOLS",,7,7,2,"AGAINST THE PROPOSITION - NO",,0,0,0,0,,
1/13/2015,"270025","TIMBERLAKE PUBLIC SCHOOLS INDEPENDENT SCHOOL DISTRICT NO. 093",50202,"PROPOSITION NO. 2  TIMBERLAKE PUBLIC SCHOOLS",,7,7,1,"FOR THE PROPOSITION - YES",,0,0,0,0,,
1/13/2015,"270025","TIMBERLAKE PUBLIC SCHOOLS INDEPENDENT SCHOOL DISTRICT NO. 093",50202,"PROPOSITION NO. 2  TIMBERLAKE PUBLIC SCHOOLS",,7,7,2,"AGAINST THE PROPOSITION - NO",,0,0,0,0,,
1/13/2015,"280103","GREER COUNTY",11001,"FOR COUNTY COMMISSIONER DISTRICT NO. 2 (UNEXPIRED TERM)",DEM,3,3,1,"GREG STEHR",DEM,0,1,5,6,GREER
1/13/2015,"280103","GREER COUNTY",11001,"FOR COUNTY COMMISSIONER DISTRICT NO. 2 (UNEXPIRED TERM)",DEM,3,3,2,"TERRY NICKELL",DEM,0,0,0,0,GREER
1/13/2015,"280202","GREER COUNTY",11001,"FOR COUNTY COMMISSIONER DISTRICT NO. 2 (UNEXPIRED TERM)",DEM,3,3,1,"GREG STEHR",DEM,0,0,14,14,GREER
1/13/2015,"280202","GREER COUNTY",11001,"FOR COUNTY COMMISSIONER DISTRICT NO. 2 (UNEXPIRED TERM)",DEM,3,3,2,"TERRY NICKELL",DEM,0,2,95,97,GREER
1/13/2015,"280203","GREER COUNTY",11001,"FOR COUNTY COMMISSIONER DISTRICT NO. 2 (UNEXPIRED TERM)",DEM,3,3,1,"GREG STEHR",DEM,7,3,64,74,GREER
1/13/2015,"280203","GREER COUNTY",11001,"FOR COUNTY COMMISSIONER DISTRICT NO. 2 (UNEXPIRED TERM)",DEM,3,3,2,"TERRY NICKELL",DEM,2,4,29,35,GREER
1/13/2015,"280203","MERRITT PUBLIC SCHOOLS INDEPENDENT SCHOOL DISTRICT NO. 002",50502,"PROPOSITION  MERRITT PUBLIC SCHOOLS",,9,9,1,"FOR THE PROPOSITION - YES",,3,0,1,4,,
1/13/2015,"280203","MERRITT PUBLIC SCHOOLS INDEPENDENT SCHOOL DISTRICT NO. 002",50502,"PROPOSITION  MERRITT PUBLIC SCHOOLS",,9,9,2,"AGAINST THE PROPOSITION - NO",,0,0,0,0,,
1/13/2015,"330001","CITY OF ALTUS",43303,"FOR COUNCILMEMBER, WARD NO. 2  CITY OF ALTUS",,8,8,1,"KEVIN McAULIFFE",,2,10,67,79,,
1/13/2015,"330001","CITY OF ALTUS",43303,"FOR COUNCILMEMBER, WARD NO. 2  CITY OF ALTUS",,8,8,2,"JIMMY GEIGLE",,1,4,42,47,,
1/13/2015,"330001","CITY OF ALTUS",43307,"FOR STREET COMMISSIONER  CITY OF ALTUS",,8,8,1,"CHAD OSBORNE",,2,9,57,68,,
1/13/2015,"330001","CITY OF ALTUS",43307,"FOR STREET COMMISSIONER  CITY OF ALTUS",,8,8,2,"PHILLIP BEAUCHAMP",,1,5,51,57,,
1/13/2015,"330002","CITY OF ALTUS",43303,"FOR COUNCILMEMBER, WARD NO. 2  CITY OF ALTUS",,8,8,1,"KEVIN McAULIFFE",,2,7,67,76,,
1/13/2015,"330002","CITY OF ALTUS",43303,"FOR COUNCILMEMBER, WARD NO. 2  CITY OF ALTUS",,8,8,2,"JIMMY GEIGLE",,0,3,27,30,,
1/13/2015,"330002","CITY OF ALTUS",43307,"FOR STREET COMMISSIONER  CITY OF ALTUS",,8,8,1,"CHAD OSBORNE",,2,9,68,79,,
1/13/2015,"330002","CITY OF ALTUS",43307,"FOR STREET COMMISSIONER  CITY OF ALTUS",,8,8,2,"PHILLIP BEAUCHAMP",,0,1,29,30,,
1/13/2015,"330003","CITY OF ALTUS",43303,"FOR COUNCILMEMBER, WARD NO. 2  CITY OF ALTUS",,8,8,1,"KEVIN McAULIFFE",,0,3,37,40,,
1/13/2015,"330003","CITY OF ALTUS",43303,"FOR COUNCILMEMBER, WARD NO. 2  CITY OF ALTUS",,8,8,2,"JIMMY GEIGLE",,0,3,23,26,,
1/13/2015,"330003","CITY OF ALTUS",43307,"FOR STREET COMMISSIONER  CITY OF ALTUS",,8,8,1,"CHAD OSBORNE",,0,2,33,35,,
1/13/2015,"330003","CITY OF ALTUS",43307,"FOR STREET COMMISSIONER  CITY OF ALTUS",,8,8,2,"PHILLIP BEAUCHAMP",,0,4,26,30,,
1/13/2015,"330006","CITY OF ALTUS",43303,"FOR COUNCILMEMBER, WARD NO. 2  CITY OF ALTUS",,8,8,1,"KEVIN McAULIFFE",,4,13,102,119,,
1/13/2015,"330006","CITY OF ALTUS",43303,"FOR COUNCILMEMBER, WARD NO. 2  CITY OF ALTUS",,8,8,2,"JIMMY GEIGLE",,3,0,65,68,,
1/13/2015,"330006","CITY OF ALTUS",43307,"FOR STREET COMMISSIONER  CITY OF ALTUS",,8,8,1,"CHAD OSBORNE",,2,12,101,115,,
1/13/2015,"330006","CITY OF ALTUS",43307,"FOR STREET COMMISSIONER  CITY OF ALTUS",,8,8,2,"PHILLIP BEAUCHAMP",,5,1,70,76,,
1/13/2015,"330007","CITY OF ALTUS",43303,"FOR COUNCILMEMBER, WARD NO. 2  CITY OF ALTUS",,8,8,1,"KEVIN McAULIFFE",,0,2,40,42,,
1/13/2015,"330007","CITY OF ALTUS",43303,"FOR COUNCILMEMBER, WARD NO. 2  CITY OF ALTUS",,8,8,2,"JIMMY GEIGLE",,0,6,31,37,,
1/13/2015,"330007","CITY OF ALTUS",43307,"FOR STREET COMMISSIONER  CITY OF ALTUS",,8,8,1,"CHAD OSBORNE",,0,4,46,50,,
1/13/2015,"330007","CITY OF ALTUS",43307,"FOR STREET COMMISSIONER  CITY OF ALTUS",,8,8,2,"PHILLIP BEAUCHAMP",,0,4,26,30,,
1/13/2015,"330010","CITY OF ALTUS",43303,"FOR COUNCILMEMBER, WARD NO. 2  CITY OF ALTUS",,8,8,1,"KEVIN McAULIFFE",,0,3,26,29,,
1/13/2015,"330010","CITY OF ALTUS",43303,"FOR COUNCILMEMBER, WARD NO. 2  CITY OF ALTUS",,8,8,2,"JIMMY GEIGLE",,0,5,15,20,,
1/13/2015,"330010","CITY OF ALTUS",43307,"FOR STREET COMMISSIONER  CITY OF ALTUS",,8,8,1,"CHAD OSBORNE",,0,5,22,27,,
1/13/2015,"330010","CITY OF ALTUS",43307,"FOR STREET COMMISSIONER  CITY OF ALTUS",,8,8,2,"PHILLIP BEAUCHAMP",,0,3,21,24,,
1/13/2015,"330014","CITY OF ALTUS",43303,"FOR COUNCILMEMBER, WARD NO. 2  CITY OF ALTUS",,8,8,1,"KEVIN McAULIFFE",,3,8,87,98,,
1/13/2015,"330014","CITY OF ALTUS",43303,"FOR COUNCILMEMBER, WARD NO. 2  CITY OF ALTUS",,8,8,2,"JIMMY GEIGLE",,0,9,43,52,,
1/13/2015,"330014","CITY OF ALTUS",43307,"FOR STREET COMMISSIONER  CITY OF ALTUS",,8,8,1,"CHAD OSBORNE",,3,14,75,92,,
1/13/2015,"330014","CITY OF ALTUS",43307,"FOR STREET COMMISSIONER  CITY OF ALTUS",,8,8,2,"PHILLIP BEAUCHAMP",,0,3,59,62,,
1/13/2015,"330023","CITY OF ALTUS",43303,"FOR COUNCILMEMBER, WARD NO. 2  CITY OF ALTUS",,8,8,1,"KEVIN McAULIFFE",,0,0,2,2,,
1/13/2015,"330023","CITY OF ALTUS",43303,"FOR COUNCILMEMBER, WARD NO. 2  CITY OF ALTUS",,8,8,2,"JIMMY GEIGLE",,0,0,0,0,,
1/13/2015,"330023","CITY OF ALTUS",43307,"FOR STREET COMMISSIONER  CITY OF ALTUS",,8,8,1,"CHAD OSBORNE",,0,0,0,0,,
1/13/2015,"330023","CITY OF ALTUS",43307,"FOR STREET COMMISSIONER  CITY OF ALTUS",,8,8,2,"PHILLIP BEAUCHAMP",,0,0,2,2,,
1/13/2015,"350001","JOHNSTON COUNTY",30001,"COUNTY QUESTION",,14,14,1,"FOR THE PROPOSITION - YES",,0,0,11,11,JOHNSTON
1/13/2015,"350001","JOHNSTON COUNTY",30001,"COUNTY QUESTION",,14,14,2,"AGAINST THE PROPOSITION - NO",,0,2,2,4,JOHNSTON
1/13/2015,"350002","JOHNSTON COUNTY",30001,"COUNTY QUESTION",,14,14,1,"FOR THE PROPOSITION - YES",,0,0,23,23,JOHNSTON
1/13/2015,"350002","JOHNSTON COUNTY",30001,"COUNTY QUESTION",,14,14,2,"AGAINST THE PROPOSITION - NO",,0,1,3,4,JOHNSTON
1/13/2015,"350003","JOHNSTON COUNTY",30001,"COUNTY QUESTION",,14,14,1,"FOR THE PROPOSITION - YES",,1,2,17,20,JOHNSTON
1/13/2015,"350003","JOHNSTON COUNTY",30001,"COUNTY QUESTION",,14,14,2,"AGAINST THE PROPOSITION - NO",,0,0,5,5,JOHNSTON
1/13/2015,"350004","JOHNSTON COUNTY",30001,"COUNTY QUESTION",,14,14,1,"FOR THE PROPOSITION - YES",,2,8,29,39,JOHNSTON
1/13/2015,"350004","JOHNSTON COUNTY",30001,"COUNTY QUESTION",,14,14,2,"AGAINST THE PROPOSITION - NO",,1,2,3,6,JOHNSTON
1/13/2015,"350005","JOHNSTON COUNTY",30001,"COUNTY QUESTION",,14,14,1,"FOR THE PROPOSITION - YES",,0,0,11,11,JOHNSTON
1/13/2015,"350005","JOHNSTON COUNTY",30001,"COUNTY QUESTION",,14,14,2,"AGAINST THE PROPOSITION - NO",,0,0,8,8,JOHNSTON
1/13/2015,"350006","JOHNSTON COUNTY",30001,"COUNTY QUESTION",,14,14,1,"FOR THE PROPOSITION - YES",,0,0,14,14,JOHNSTON
1/13/2015,"350006","JOHNSTON COUNTY",30001,"COUNTY QUESTION",,14,14,2,"AGAINST THE PROPOSITION - NO",,0,0,1,1,JOHNSTON
1/13/2015,"350007","JOHNSTON COUNTY",30001,"COUNTY QUESTION",,14,14,1,"FOR THE PROPOSITION - YES",,0,0,0,0,JOHNSTON
1/13/2015,"350007","JOHNSTON COUNTY",30001,"COUNTY QUESTION",,14,14,2,"AGAINST THE PROPOSITION - NO",,0,0,0,0,JOHNSTON
1/13/2015,"350008","JOHNSTON COUNTY",30001,"COUNTY QUESTION",,14,14,1,"FOR THE PROPOSITION - YES",,0,1,13,14,JOHNSTON
1/13/2015,"350008","JOHNSTON COUNTY",30001,"COUNTY QUESTION",,14,14,2,"AGAINST THE PROPOSITION - NO",,0,0,1,1,JOHNSTON
1/13/2015,"350009","JOHNSTON COUNTY",30001,"COUNTY QUESTION",,14,14,1,"FOR THE PROPOSITION - YES",,0,1,14,15,JOHNSTON
1/13/2015,"350009","JOHNSTON COUNTY",30001,"COUNTY QUESTION",,14,14,2,"AGAINST THE PROPOSITION - NO",,0,0,2,2,JOHNSTON
1/13/2015,"350010","JOHNSTON COUNTY",30001,"COUNTY QUESTION",,14,14,1,"FOR THE PROPOSITION - YES",,0,0,8,8,JOHNSTON
1/13/2015,"350010","JOHNSTON COUNTY",30001,"COUNTY QUESTION",,14,14,2,"AGAINST THE PROPOSITION - NO",,0,0,1,1,JOHNSTON
1/13/2015,"350011","JOHNSTON COUNTY",30001,"COUNTY QUESTION",,14,14,1,"FOR THE PROPOSITION - YES",,0,0,13,13,JOHNSTON
1/13/2015,"350011","JOHNSTON COUNTY",30001,"COUNTY QUESTION",,14,14,2,"AGAINST THE PROPOSITION - NO",,0,0,3,3,JOHNSTON
1/13/2015,"350012","JOHNSTON COUNTY",30001,"COUNTY QUESTION",,14,14,1,"FOR THE PROPOSITION - YES",,0,0,14,14,JOHNSTON
1/13/2015,"350012","JOHNSTON COUNTY",30001,"COUNTY QUESTION",,14,14,2,"AGAINST THE PROPOSITION - NO",,0,0,4,4,JOHNSTON
1/13/2015,"350013","JOHNSTON COUNTY",30001,"COUNTY QUESTION",,14,14,1,"FOR THE PROPOSITION - YES",,0,2,23,25,JOHNSTON
1/13/2015,"350013","JOHNSTON COUNTY",30001,"COUNTY QUESTION",,14,14,2,"AGAINST THE PROPOSITION - NO",,0,0,10,10,JOHNSTON
1/13/2015,"350014","JOHNSTON COUNTY",30001,"COUNTY QUESTION",,14,14,1,"FOR THE PROPOSITION - YES",,0,1,4,5,JOHNSTON
1/13/2015,"350014","JOHNSTON COUNTY",30001,"COUNTY QUESTION",,14,14,2,"AGAINST THE PROPOSITION - NO",,0,0,3,3,JOHNSTON
1/13/2015,"360400","SHIDLER PUBLIC SCHOOLS INDEPENDENT SCHOOL DISTRICT NO. 011",55701,"PROPOSITION  SHIDLER PUBLIC SCHOOLS",,7,7,1,"FOR THE PROPOSITION - YES",,0,0,0,0,,
1/13/2015,"360400","SHIDLER PUBLIC SCHOOLS INDEPENDENT SCHOOL DISTRICT NO. 011",55701,"PROPOSITION  SHIDLER PUBLIC SCHOOLS",,7,7,2,"AGAINST THE PROPOSITION - NO",,0,0,0,0,,
1/13/2015,"360401","SHIDLER PUBLIC SCHOOLS INDEPENDENT SCHOOL DISTRICT NO. 011",55701,"PROPOSITION  SHIDLER PUBLIC SCHOOLS",,7,7,1,"FOR THE PROPOSITION - YES",,0,0,0,0,,
1/13/2015,"360401","SHIDLER PUBLIC SCHOOLS INDEPENDENT SCHOOL DISTRICT NO. 011",55701,"PROPOSITION  SHIDLER PUBLIC SCHOOLS",,7,7,2,"AGAINST THE PROPOSITION - NO",,0,0,0,0,,
1/13/2015,"360412","SHIDLER PUBLIC SCHOOLS INDEPENDENT SCHOOL DISTRICT NO. 011",55701,"PROPOSITION  SHIDLER PUBLIC SCHOOLS",,7,7,1,"FOR THE PROPOSITION - YES",,0,0,38,38,,
1/13/2015,"360412","SHIDLER PUBLIC SCHOOLS INDEPENDENT SCHOOL DISTRICT NO. 011",55701,"PROPOSITION  SHIDLER PUBLIC SCHOOLS",,7,7,2,"AGAINST THE PROPOSITION - NO",,0,0,2,2,,
1/13/2015,"370203","COVINGTON-DOUGLAS SCHOOLS INDEPENDENT SCHOOL DISTRICT NO. 094",52401,"PROPOSITION NO. 1  COVINGTON-DOUGLAS SCHOOLS",,7,7,1,"FOR THE PROPOSITION - YES",,0,0,0,0,,
1/13/2015,"370203","COVINGTON-DOUGLAS SCHOOLS INDEPENDENT SCHOOL DISTRICT NO. 094",52401,"PROPOSITION NO. 1  COVINGTON-DOUGLAS SCHOOLS",,7,7,2,"AGAINST THE PROPOSITION - NO",,0,0,0,0,,
1/13/2015,"370203","COVINGTON-DOUGLAS SCHOOLS INDEPENDENT SCHOOL DISTRICT NO. 094",52402,"PROPOSITION NO. 2  COVINGTON-DOUGLAS SCHOOLS",,7,7,1,"FOR THE PROPOSITION - YES",,0,0,0,0,,
1/13/2015,"370203","COVINGTON-DOUGLAS SCHOOLS INDEPENDENT SCHOOL DISTRICT NO. 094",52402,"PROPOSITION NO. 2  COVINGTON-DOUGLAS SCHOOLS",,7,7,2,"AGAINST THE PROPOSITION - NO",,0,0,0,0,,
1/13/2015,"400109","TOWN OF PANAMA",44001,"PROPOSITION  TOWN OF PANAMA",,3,3,1,"FOR THE PROPOSITION - YES",,0,0,0,0,,
1/13/2015,"400109","TOWN OF PANAMA",44001,"PROPOSITION  TOWN OF PANAMA",,3,3,2,"AGAINST THE PROPOSITION - NO",,0,0,0,0,,
1/13/2015,"400110","TOWN OF PANAMA",44001,"PROPOSITION  TOWN OF PANAMA",,3,3,1,"FOR THE PROPOSITION - YES",,1,0,35,36,,
1/13/2015,"400110","TOWN OF PANAMA",44001,"PROPOSITION  TOWN OF PANAMA",,3,3,2,"AGAINST THE PROPOSITION - NO",,0,0,52,52,,
1/13/2015,"400113","TOWN OF PANAMA",44001,"PROPOSITION  TOWN OF PANAMA",,3,3,1,"FOR THE PROPOSITION - YES",,0,0,0,0,,
1/13/2015,"400113","TOWN OF PANAMA",44001,"PROPOSITION  TOWN OF PANAMA",,3,3,2,"AGAINST THE PROPOSITION - NO",,0,0,0,0,,
1/13/2015,"420301","COVINGTON-DOUGLAS SCHOOLS INDEPENDENT SCHOOL DISTRICT NO. 094",52401,"PROPOSITION NO. 1  COVINGTON-DOUGLAS SCHOOLS",,7,7,1,"FOR THE PROPOSITION - YES",,0,0,18,18,,
1/13/2015,"420301","COVINGTON-DOUGLAS SCHOOLS INDEPENDENT SCHOOL DISTRICT NO. 094",52401,"PROPOSITION NO. 1  COVINGTON-DOUGLAS SCHOOLS",,7,7,2,"AGAINST THE PROPOSITION - NO",,0,0,6,6,,
1/13/2015,"420301","COVINGTON-DOUGLAS SCHOOLS INDEPENDENT SCHOOL DISTRICT NO. 094",52402,"PROPOSITION NO. 2  COVINGTON-DOUGLAS SCHOOLS",,7,7,1,"FOR THE PROPOSITION - YES",,0,0,20,20,,
1/13/2015,"420301","COVINGTON-DOUGLAS SCHOOLS INDEPENDENT SCHOOL DISTRICT NO. 094",52402,"PROPOSITION NO. 2  COVINGTON-DOUGLAS SCHOOLS",,7,7,2,"AGAINST THE PROPOSITION - NO",,0,0,4,4,,
1/13/2015,"420304","COVINGTON-DOUGLAS SCHOOLS INDEPENDENT SCHOOL DISTRICT NO. 094",52401,"PROPOSITION NO. 1  COVINGTON-DOUGLAS SCHOOLS",,7,7,1,"FOR THE PROPOSITION - YES",,0,0,0,0,,
1/13/2015,"420304","COVINGTON-DOUGLAS SCHOOLS INDEPENDENT SCHOOL DISTRICT NO. 094",52401,"PROPOSITION NO. 1  COVINGTON-DOUGLAS SCHOOLS",,7,7,2,"AGAINST THE PROPOSITION - NO",,0,0,0,0,,
1/13/2015,"420304","COVINGTON-DOUGLAS SCHOOLS INDEPENDENT SCHOOL DISTRICT NO. 094",52402,"PROPOSITION NO. 2  COVINGTON-DOUGLAS SCHOOLS",,7,7,1,"FOR THE PROPOSITION - YES",,0,0,0,0,,
1/13/2015,"420304","COVINGTON-DOUGLAS SCHOOLS INDEPENDENT SCHOOL DISTRICT NO. 094",52402,"PROPOSITION NO. 2  COVINGTON-DOUGLAS SCHOOLS",,7,7,2,"AGAINST THE PROPOSITION - NO",,0,0,0,0,,
1/13/2015,"470002","TIMBERLAKE PUBLIC SCHOOLS INDEPENDENT SCHOOL DISTRICT NO. 093",50201,"PROPOSITION NO. 1  TIMBERLAKE PUBLIC SCHOOLS",,7,7,1,"FOR THE PROPOSITION - YES",,0,0,0,0,,
1/13/2015,"470002","TIMBERLAKE PUBLIC SCHOOLS INDEPENDENT SCHOOL DISTRICT NO. 093",50201,"PROPOSITION NO. 1  TIMBERLAKE PUBLIC SCHOOLS",,7,7,2,"AGAINST THE PROPOSITION - NO",,0,0,0,0,,
1/13/2015,"470002","TIMBERLAKE PUBLIC SCHOOLS INDEPENDENT SCHOOL DISTRICT NO. 093",50202,"PROPOSITION NO. 2  TIMBERLAKE PUBLIC SCHOOLS",,7,7,1,"FOR THE PROPOSITION - YES",,0,0,0,0,,
1/13/2015,"470002","TIMBERLAKE PUBLIC SCHOOLS INDEPENDENT SCHOOL DISTRICT NO. 093",50202,"PROPOSITION NO. 2  TIMBERLAKE PUBLIC SCHOOLS",,7,7,2,"AGAINST THE PROPOSITION - NO",,0,0,0,0,,
1/13/2015,"490031","TOWN OF LANGLEY",44901,"PROPOSITION  TOWN OF LANGLEY",,1,1,1,"FOR THE PROPOSITION - YES",,0,0,6,6,,
1/13/2015,"490031","TOWN OF LANGLEY",44901,"PROPOSITION  TOWN OF LANGLEY",,1,1,2,"AGAINST THE PROPOSITION - NO",,0,0,3,3,,
1/13/2015,"520301","COVINGTON-DOUGLAS SCHOOLS INDEPENDENT SCHOOL DISTRICT NO. 094",52401,"PROPOSITION NO. 1  COVINGTON-DOUGLAS SCHOOLS",,7,7,1,"FOR THE PROPOSITION - YES",,0,5,10,15,,
1/13/2015,"520301","COVINGTON-DOUGLAS SCHOOLS INDEPENDENT SCHOOL DISTRICT NO. 094",52401,"PROPOSITION NO. 1  COVINGTON-DOUGLAS SCHOOLS",,7,7,2,"AGAINST THE PROPOSITION - NO",,0,0,0,0,,
1/13/2015,"520301","COVINGTON-DOUGLAS SCHOOLS INDEPENDENT SCHOOL DISTRICT NO. 094",52402,"PROPOSITION NO. 2  COVINGTON-DOUGLAS SCHOOLS",,7,7,1,"FOR THE PROPOSITION - YES",,0,5,10,15,,
1/13/2015,"520301","COVINGTON-DOUGLAS SCHOOLS INDEPENDENT SCHOOL DISTRICT NO. 094",52402,"PROPOSITION NO. 2  COVINGTON-DOUGLAS SCHOOLS",,7,7,2,"AGAINST THE PROPOSITION - NO",,0,0,0,0,,
1/13/2015,"550099","CITY OF NICHOLS HILLS",45501,"PROPOSITION NO. 1 (STREETS)  CITY OF NICHOLS HILLS",,6,6,1,"FOR THE PROPOSITION - YES",,0,0,40,40,,
1/13/2015,"550099","CITY OF NICHOLS HILLS",45501,"PROPOSITION NO. 1 (STREETS)  CITY OF NICHOLS HILLS",,6,6,2,"AGAINST THE PROPOSITION - NO",,0,0,1,1,,
1/13/2015,"550099","CITY OF NICHOLS HILLS",45502,"PROPOSITION NO. 2 (WATER SYSTEM)  CITY OF NICHOLS HILLS",,6,6,1,"FOR THE PROPOSITION - YES",,0,0,40,40,,
1/13/2015,"550099","CITY OF NICHOLS HILLS",45502,"PROPOSITION NO. 2 (WATER SYSTEM)  CITY OF NICHOLS HILLS",,6,6,2,"AGAINST THE PROPOSITION - NO",,0,0,1,1,,
1/13/2015,"550099","CITY OF NICHOLS HILLS",45503,"PROPOSITION NO. 3 (SANITARY SEWER SYSTEM)  CITY OF NICHOLS HILLS",,6,6,1,"FOR THE PROPOSITION - YES",,0,0,39,39,,
1/13/2015,"550099","CITY OF NICHOLS HILLS",45503,"PROPOSITION NO. 3 (SANITARY SEWER SYSTEM)  CITY OF NICHOLS HILLS",,6,6,2,"AGAINST THE PROPOSITION - NO",,0,0,1,1,,
1/13/2015,"550099","CITY OF NICHOLS HILLS",45504,"PROPOSITION NO. 4 (TRAFFIC CONTROL SYSTEM)  CITY OF NICHOLS HILLS",,6,6,1,"FOR THE PROPOSITION - YES",,0,0,38,38,,
1/13/2015,"550099","CITY OF NICHOLS HILLS",45504,"PROPOSITION NO. 4 (TRAFFIC CONTROL SYSTEM)  CITY OF NICHOLS HILLS",,6,6,2,"AGAINST THE PROPOSITION - NO",,0,0,3,3,,
1/13/2015,"550099","CITY OF NICHOLS HILLS",45505,"PROPOSITION NO. 5 (PUBLIC WORKS FACILITY IMPROVEMENTS)  CITY OF NICHOLS HILLS",,6,6,1,"FOR THE PROPOSITION - YES",,0,0,36,36,,
1/13/2015,"550099","CITY OF NICHOLS HILLS",45505,"PROPOSITION NO. 5 (PUBLIC WORKS FACILITY IMPROVEMENTS)  CITY OF NICHOLS HILLS",,6,6,2,"AGAINST THE PROPOSITION - NO",,0,0,5,5,,
1/13/2015,"550099","CITY OF NICHOLS HILLS",45506,"PROPOSITION NO. 6 (DRAINAGE CONTROL SYSTEM)  CITY OF NICHOLS HILLS",,6,6,1,"FOR THE PROPOSITION - YES",,0,0,39,39,,
1/13/2015,"550099","CITY OF NICHOLS HILLS",45506,"PROPOSITION NO. 6 (DRAINAGE CONTROL SYSTEM)  CITY OF NICHOLS HILLS",,6,6,2,"AGAINST THE PROPOSITION - NO",,0,0,2,2,,
1/13/2015,"550099","CITY OF NICHOLS HILLS",45507,"PROPOSITION NO. 7 (PARKS)  CITY OF NICHOLS HILLS",,6,6,1,"FOR THE PROPOSITION - YES",,0,0,37,37,,
1/13/2015,"550099","CITY OF NICHOLS HILLS",45507,"PROPOSITION NO. 7 (PARKS)  CITY OF NICHOLS HILLS",,6,6,2,"AGAINST THE PROPOSITION - NO",,0,0,4,4,,
1/13/2015,"550099","CITY OF NICHOLS HILLS",45508,"PROPOSITION NO. 8 (TOWN HALL)  CITY OF NICHOLS HILLS",,6,6,1,"FOR THE PROPOSITION - YES",,0,0,37,37,,
1/13/2015,"550099","CITY OF NICHOLS HILLS",45508,"PROPOSITION NO. 8 (TOWN HALL)  CITY OF NICHOLS HILLS",,6,6,2,"AGAINST THE PROPOSITION - NO",,0,0,4,4,,
1/13/2015,"550099","CITY OF NICHOLS HILLS",45509,"PROPOSITION NO. 9 (COMMUNICATIONS AND DATA SYSTEMS)  CITY OF NICHOLS HILLS",,6,6,1,"FOR THE PROPOSITION - YES",,0,0,38,38,,
1/13/2015,"550099","CITY OF NICHOLS HILLS",45509,"PROPOSITION NO. 9 (COMMUNICATIONS AND DATA SYSTEMS)  CITY OF NICHOLS HILLS",,6,6,2,"AGAINST THE PROPOSITION - NO",,0,0,3,3,,
1/13/2015,"550100","CITY OF NICHOLS HILLS",45501,"PROPOSITION NO. 1 (STREETS)  CITY OF NICHOLS HILLS",,6,6,1,"FOR THE PROPOSITION - YES",,0,0,169,169,,
1/13/2015,"550100","CITY OF NICHOLS HILLS",45501,"PROPOSITION NO. 1 (STREETS)  CITY OF NICHOLS HILLS",,6,6,2,"AGAINST THE PROPOSITION - NO",,0,0,11,11,,
1/13/2015,"550100","CITY OF NICHOLS HILLS",45502,"PROPOSITION NO. 2 (WATER SYSTEM)  CITY OF NICHOLS HILLS",,6,6,1,"FOR THE PROPOSITION - YES",,0,0,174,174,,
1/13/2015,"550100","CITY OF NICHOLS HILLS",45502,"PROPOSITION NO. 2 (WATER SYSTEM)  CITY OF NICHOLS HILLS",,6,6,2,"AGAINST THE PROPOSITION - NO",,0,0,6,6,,
1/13/2015,"550100","CITY OF NICHOLS HILLS",45503,"PROPOSITION NO. 3 (SANITARY SEWER SYSTEM)  CITY OF NICHOLS HILLS",,6,6,1,"FOR THE PROPOSITION - YES",,0,0,173,173,,
1/13/2015,"550100","CITY OF NICHOLS HILLS",45503,"PROPOSITION NO. 3 (SANITARY SEWER SYSTEM)  CITY OF NICHOLS HILLS",,6,6,2,"AGAINST THE PROPOSITION - NO",,0,0,6,6,,
1/13/2015,"550100","CITY OF NICHOLS HILLS",45504,"PROPOSITION NO. 4 (TRAFFIC CONTROL SYSTEM)  CITY OF NICHOLS HILLS",,6,6,1,"FOR THE PROPOSITION - YES",,0,0,160,160,,
1/13/2015,"550100","CITY OF NICHOLS HILLS",45504,"PROPOSITION NO. 4 (TRAFFIC CONTROL SYSTEM)  CITY OF NICHOLS HILLS",,6,6,2,"AGAINST THE PROPOSITION - NO",,0,0,19,19,,
1/13/2015,"550100","CITY OF NICHOLS HILLS",45505,"PROPOSITION NO. 5 (PUBLIC WORKS FACILITY IMPROVEMENTS)  CITY OF NICHOLS HILLS",,6,6,1,"FOR THE PROPOSITION - YES",,0,0,166,166,,
1/13/2015,"550100","CITY OF NICHOLS HILLS",45505,"PROPOSITION NO. 5 (PUBLIC WORKS FACILITY IMPROVEMENTS)  CITY OF NICHOLS HILLS",,6,6,2,"AGAINST THE PROPOSITION - NO",,0,0,13,13,,
1/13/2015,"550100","CITY OF NICHOLS HILLS",45506,"PROPOSITION NO. 6 (DRAINAGE CONTROL SYSTEM)  CITY OF NICHOLS HILLS",,6,6,1,"FOR THE PROPOSITION - YES",,0,0,159,159,,
1/13/2015,"550100","CITY OF NICHOLS HILLS",45506,"PROPOSITION NO. 6 (DRAINAGE CONTROL SYSTEM)  CITY OF NICHOLS HILLS",,6,6,2,"AGAINST THE PROPOSITION - NO",,0,0,12,12,,
1/13/2015,"550100","CITY OF NICHOLS HILLS",45507,"PROPOSITION NO. 7 (PARKS)  CITY OF NICHOLS HILLS",,6,6,1,"FOR THE PROPOSITION - YES",,0,0,145,145,,
1/13/2015,"550100","CITY OF NICHOLS HILLS",45507,"PROPOSITION NO. 7 (PARKS)  CITY OF NICHOLS HILLS",,6,6,2,"AGAINST THE PROPOSITION - NO",,0,0,27,27,,
1/13/2015,"550100","CITY OF NICHOLS HILLS",45508,"PROPOSITION NO. 8 (TOWN HALL)  CITY OF NICHOLS HILLS",,6,6,1,"FOR THE PROPOSITION - YES",,0,0,148,148,,
1/13/2015,"550100","CITY OF NICHOLS HILLS",45508,"PROPOSITION NO. 8 (TOWN HALL)  CITY OF NICHOLS HILLS",,6,6,2,"AGAINST THE PROPOSITION - NO",,0,0,24,24,,
1/13/2015,"550100","CITY OF NICHOLS HILLS",45509,"PROPOSITION NO. 9 (COMMUNICATIONS AND DATA SYSTEMS)  CITY OF NICHOLS HILLS",,6,6,1,"FOR THE PROPOSITION - YES",,0,0,159,159,,
1/13/2015,"550100","CITY OF NICHOLS HILLS",45509,"PROPOSITION NO. 9 (COMMUNICATIONS AND DATA SYSTEMS)  CITY OF NICHOLS HILLS",,6,6,2,"AGAINST THE PROPOSITION - NO",,0,0,13,13,,
1/13/2015,"550101","CITY OF NICHOLS HILLS",45501,"PROPOSITION NO. 1 (STREETS)  CITY OF NICHOLS HILLS",,6,6,1,"FOR THE PROPOSITION - YES",,0,0,65,65,,
1/13/2015,"550101","CITY OF NICHOLS HILLS",45501,"PROPOSITION NO. 1 (STREETS)  CITY OF NICHOLS HILLS",,6,6,2,"AGAINST THE PROPOSITION - NO",,0,0,4,4,,
1/13/2015,"550101","CITY OF NICHOLS HILLS",45502,"PROPOSITION NO. 2 (WATER SYSTEM)  CITY OF NICHOLS HILLS",,6,6,1,"FOR THE PROPOSITION - YES",,0,0,68,68,,
1/13/2015,"550101","CITY OF NICHOLS HILLS",45502,"PROPOSITION NO. 2 (WATER SYSTEM)  CITY OF NICHOLS HILLS",,6,6,2,"AGAINST THE PROPOSITION - NO",,0,0,1,1,,
1/13/2015,"550101","CITY OF NICHOLS HILLS",45503,"PROPOSITION NO. 3 (SANITARY SEWER SYSTEM)  CITY OF NICHOLS HILLS",,6,6,1,"FOR THE PROPOSITION - YES",,0,0,66,66,,
1/13/2015,"550101","CITY OF NICHOLS HILLS",45503,"PROPOSITION NO. 3 (SANITARY SEWER SYSTEM)  CITY OF NICHOLS HILLS",,6,6,2,"AGAINST THE PROPOSITION - NO",,0,0,2,2,,
1/13/2015,"550101","CITY OF NICHOLS HILLS",45504,"PROPOSITION NO. 4 (TRAFFIC CONTROL SYSTEM)  CITY OF NICHOLS HILLS",,6,6,1,"FOR THE PROPOSITION - YES",,0,0,62,62,,
1/13/2015,"550101","CITY OF NICHOLS HILLS",45504,"PROPOSITION NO. 4 (TRAFFIC CONTROL SYSTEM)  CITY OF NICHOLS HILLS",,6,6,2,"AGAINST THE PROPOSITION - NO",,0,0,7,7,,
1/13/2015,"550101","CITY OF NICHOLS HILLS",45505,"PROPOSITION NO. 5 (PUBLIC WORKS FACILITY IMPROVEMENTS)  CITY OF NICHOLS HILLS",,6,6,1,"FOR THE PROPOSITION - YES",,0,0,64,64,,
1/13/2015,"550101","CITY OF NICHOLS HILLS",45505,"PROPOSITION NO. 5 (PUBLIC WORKS FACILITY IMPROVEMENTS)  CITY OF NICHOLS HILLS",,6,6,2,"AGAINST THE PROPOSITION - NO",,0,0,5,5,,
1/13/2015,"550101","CITY OF NICHOLS HILLS",45506,"PROPOSITION NO. 6 (DRAINAGE CONTROL SYSTEM)  CITY OF NICHOLS HILLS",,6,6,1,"FOR THE PROPOSITION - YES",,0,0,64,64,,
1/13/2015,"550101","CITY OF NICHOLS HILLS",45506,"PROPOSITION NO. 6 (DRAINAGE CONTROL SYSTEM)  CITY OF NICHOLS HILLS",,6,6,2,"AGAINST THE PROPOSITION - NO",,0,0,3,3,,
1/13/2015,"550101","CITY OF NICHOLS HILLS",45507,"PROPOSITION NO. 7 (PARKS)  CITY OF NICHOLS HILLS",,6,6,1,"FOR THE PROPOSITION - YES",,0,0,61,61,,
1/13/2015,"550101","CITY OF NICHOLS HILLS",45507,"PROPOSITION NO. 7 (PARKS)  CITY OF NICHOLS HILLS",,6,6,2,"AGAINST THE PROPOSITION - NO",,0,0,6,6,,
1/13/2015,"550101","CITY OF NICHOLS HILLS",45508,"PROPOSITION NO. 8 (TOWN HALL)  CITY OF NICHOLS HILLS",,6,6,1,"FOR THE PROPOSITION - YES",,0,0,56,56,,
1/13/2015,"550101","CITY OF NICHOLS HILLS",45508,"PROPOSITION NO. 8 (TOWN HALL)  CITY OF NICHOLS HILLS",,6,6,2,"AGAINST THE PROPOSITION - NO",,0,0,11,11,,
1/13/2015,"550101","CITY OF NICHOLS HILLS",45509,"PROPOSITION NO. 9 (COMMUNICATIONS AND DATA SYSTEMS)  CITY OF NICHOLS HILLS",,6,6,1,"FOR THE PROPOSITION - YES",,0,0,62,62,,
1/13/2015,"550101","CITY OF NICHOLS HILLS",45509,"PROPOSITION NO. 9 (COMMUNICATIONS AND DATA SYSTEMS)  CITY OF NICHOLS HILLS",,6,6,2,"AGAINST THE PROPOSITION - NO",,0,0,4,4,,
1/13/2015,"550102","CITY OF NICHOLS HILLS",45501,"PROPOSITION NO. 1 (STREETS)  CITY OF NICHOLS HILLS",,6,6,1,"FOR THE PROPOSITION - YES",,0,0,23,23,,
1/13/2015,"550102","CITY OF NICHOLS HILLS",45501,"PROPOSITION NO. 1 (STREETS)  CITY OF NICHOLS HILLS",,6,6,2,"AGAINST THE PROPOSITION - NO",,0,0,3,3,,
1/13/2015,"550102","CITY OF NICHOLS HILLS",45502,"PROPOSITION NO. 2 (WATER SYSTEM)  CITY OF NICHOLS HILLS",,6,6,1,"FOR THE PROPOSITION - YES",,0,0,24,24,,
1/13/2015,"550102","CITY OF NICHOLS HILLS",45502,"PROPOSITION NO. 2 (WATER SYSTEM)  CITY OF NICHOLS HILLS",,6,6,2,"AGAINST THE PROPOSITION - NO",,0,0,2,2,,
1/13/2015,"550102","CITY OF NICHOLS HILLS",45503,"PROPOSITION NO. 3 (SANITARY SEWER SYSTEM)  CITY OF NICHOLS HILLS",,6,6,1,"FOR THE PROPOSITION - YES",,0,0,24,24,,
1/13/2015,"550102","CITY OF NICHOLS HILLS",45503,"PROPOSITION NO. 3 (SANITARY SEWER SYSTEM)  CITY OF NICHOLS HILLS",,6,6,2,"AGAINST THE PROPOSITION - NO",,0,0,2,2,,
1/13/2015,"550102","CITY OF NICHOLS HILLS",45504,"PROPOSITION NO. 4 (TRAFFIC CONTROL SYSTEM)  CITY OF NICHOLS HILLS",,6,6,1,"FOR THE PROPOSITION - YES",,0,0,20,20,,
1/13/2015,"550102","CITY OF NICHOLS HILLS",45504,"PROPOSITION NO. 4 (TRAFFIC CONTROL SYSTEM)  CITY OF NICHOLS HILLS",,6,6,2,"AGAINST THE PROPOSITION - NO",,0,0,5,5,,
1/13/2015,"550102","CITY OF NICHOLS HILLS",45505,"PROPOSITION NO. 5 (PUBLIC WORKS FACILITY IMPROVEMENTS)  CITY OF NICHOLS HILLS",,6,6,1,"FOR THE PROPOSITION - YES",,0,0,20,20,,
1/13/2015,"550102","CITY OF NICHOLS HILLS",45505,"PROPOSITION NO. 5 (PUBLIC WORKS FACILITY IMPROVEMENTS)  CITY OF NICHOLS HILLS",,6,6,2,"AGAINST THE PROPOSITION - NO",,0,0,6,6,,
1/13/2015,"550102","CITY OF NICHOLS HILLS",45506,"PROPOSITION NO. 6 (DRAINAGE CONTROL SYSTEM)  CITY OF NICHOLS HILLS",,6,6,1,"FOR THE PROPOSITION - YES",,0,0,22,22,,
1/13/2015,"550102","CITY OF NICHOLS HILLS",45506,"PROPOSITION NO. 6 (DRAINAGE CONTROL SYSTEM)  CITY OF NICHOLS HILLS",,6,6,2,"AGAINST THE PROPOSITION - NO",,0,0,3,3,,
1/13/2015,"550102","CITY OF NICHOLS HILLS",45507,"PROPOSITION NO. 7 (PARKS)  CITY OF NICHOLS HILLS",,6,6,1,"FOR THE PROPOSITION - YES",,0,0,18,18,,
1/13/2015,"550102","CITY OF NICHOLS HILLS",45507,"PROPOSITION NO. 7 (PARKS)  CITY OF NICHOLS HILLS",,6,6,2,"AGAINST THE PROPOSITION - NO",,0,0,7,7,,
1/13/2015,"550102","CITY OF NICHOLS HILLS",45508,"PROPOSITION NO. 8 (TOWN HALL)  CITY OF NICHOLS HILLS",,6,6,1,"FOR THE PROPOSITION - YES",,0,0,16,16,,
1/13/2015,"550102","CITY OF NICHOLS HILLS",45508,"PROPOSITION NO. 8 (TOWN HALL)  CITY OF NICHOLS HILLS",,6,6,2,"AGAINST THE PROPOSITION - NO",,0,0,9,9,,
1/13/2015,"550102","CITY OF NICHOLS HILLS",45509,"PROPOSITION NO. 9 (COMMUNICATIONS AND DATA SYSTEMS)  CITY OF NICHOLS HILLS",,6,6,1,"FOR THE PROPOSITION - YES",,0,0,20,20,,
1/13/2015,"550102","CITY OF NICHOLS HILLS",45509,"PROPOSITION NO. 9 (COMMUNICATIONS AND DATA SYSTEMS)  CITY OF NICHOLS HILLS",,6,6,2,"AGAINST THE PROPOSITION - NO",,0,0,5,5,,
1/13/2015,"550116","CITY OF NICHOLS HILLS",45501,"PROPOSITION NO. 1 (STREETS)  CITY OF NICHOLS HILLS",,6,6,1,"FOR THE PROPOSITION - YES",,0,0,0,0,,
1/13/2015,"550116","CITY OF NICHOLS HILLS",45501,"PROPOSITION NO. 1 (STREETS)  CITY OF NICHOLS HILLS",,6,6,2,"AGAINST THE PROPOSITION - NO",,0,0,0,0,,
1/13/2015,"550116","CITY OF NICHOLS HILLS",45502,"PROPOSITION NO. 2 (WATER SYSTEM)  CITY OF NICHOLS HILLS",,6,6,1,"FOR THE PROPOSITION - YES",,0,0,0,0,,
1/13/2015,"550116","CITY OF NICHOLS HILLS",45502,"PROPOSITION NO. 2 (WATER SYSTEM)  CITY OF NICHOLS HILLS",,6,6,2,"AGAINST THE PROPOSITION - NO",,0,0,0,0,,
1/13/2015,"550116","CITY OF NICHOLS HILLS",45503,"PROPOSITION NO. 3 (SANITARY SEWER SYSTEM)  CITY OF NICHOLS HILLS",,6,6,1,"FOR THE PROPOSITION - YES",,0,0,0,0,,
1/13/2015,"550116","CITY OF NICHOLS HILLS",45503,"PROPOSITION NO. 3 (SANITARY SEWER SYSTEM)  CITY OF NICHOLS HILLS",,6,6,2,"AGAINST THE PROPOSITION - NO",,0,0,0,0,,
1/13/2015,"550116","CITY OF NICHOLS HILLS",45504,"PROPOSITION NO. 4 (TRAFFIC CONTROL SYSTEM)  CITY OF NICHOLS HILLS",,6,6,1,"FOR THE PROPOSITION - YES",,0,0,0,0,,
1/13/2015,"550116","CITY OF NICHOLS HILLS",45504,"PROPOSITION NO. 4 (TRAFFIC CONTROL SYSTEM)  CITY OF NICHOLS HILLS",,6,6,2,"AGAINST THE PROPOSITION - NO",,0,0,0,0,,
1/13/2015,"550116","CITY OF NICHOLS HILLS",45505,"PROPOSITION NO. 5 (PUBLIC WORKS FACILITY IMPROVEMENTS)  CITY OF NICHOLS HILLS",,6,6,1,"FOR THE PROPOSITION - YES",,0,0,0,0,,
1/13/2015,"550116","CITY OF NICHOLS HILLS",45505,"PROPOSITION NO. 5 (PUBLIC WORKS FACILITY IMPROVEMENTS)  CITY OF NICHOLS HILLS",,6,6,2,"AGAINST THE PROPOSITION - NO",,0,0,0,0,,
1/13/2015,"550116","CITY OF NICHOLS HILLS",45506,"PROPOSITION NO. 6 (DRAINAGE CONTROL SYSTEM)  CITY OF NICHOLS HILLS",,6,6,1,"FOR THE PROPOSITION - YES",,0,0,0,0,,
1/13/2015,"550116","CITY OF NICHOLS HILLS",45506,"PROPOSITION NO. 6 (DRAINAGE CONTROL SYSTEM)  CITY OF NICHOLS HILLS",,6,6,2,"AGAINST THE PROPOSITION - NO",,0,0,0,0,,
1/13/2015,"550116","CITY OF NICHOLS HILLS",45507,"PROPOSITION NO. 7 (PARKS)  CITY OF NICHOLS HILLS",,6,6,1,"FOR THE PROPOSITION - YES",,0,0,0,0,,
1/13/2015,"550116","CITY OF NICHOLS HILLS",45507,"PROPOSITION NO. 7 (PARKS)  CITY OF NICHOLS HILLS",,6,6,2,"AGAINST THE PROPOSITION - NO",,0,0,0,0,,
1/13/2015,"550116","CITY OF NICHOLS HILLS",45508,"PROPOSITION NO. 8 (TOWN HALL)  CITY OF NICHOLS HILLS",,6,6,1,"FOR THE PROPOSITION - YES",,0,0,0,0,,
1/13/2015,"550116","CITY OF NICHOLS HILLS",45508,"PROPOSITION NO. 8 (TOWN HALL)  CITY OF NICHOLS HILLS",,6,6,2,"AGAINST THE PROPOSITION - NO",,0,0,0,0,,
1/13/2015,"550116","CITY OF NICHOLS HILLS",45509,"PROPOSITION NO. 9 (COMMUNICATIONS AND DATA SYSTEMS)  CITY OF NICHOLS HILLS",,6,6,1,"FOR THE PROPOSITION - YES",,0,0,0,0,,
1/13/2015,"550116","CITY OF NICHOLS HILLS",45509,"PROPOSITION NO. 9 (COMMUNICATIONS AND DATA SYSTEMS)  CITY OF NICHOLS HILLS",,6,6,2,"AGAINST THE PROPOSITION - NO",,0,0,0,0,,
1/13/2015,"550196","CITY OF NICHOLS HILLS",45501,"PROPOSITION NO. 1 (STREETS)  CITY OF NICHOLS HILLS",,6,6,1,"FOR THE PROPOSITION - YES",,0,0,0,0,,
1/13/2015,"550196","CITY OF NICHOLS HILLS",45501,"PROPOSITION NO. 1 (STREETS)  CITY OF NICHOLS HILLS",,6,6,2,"AGAINST THE PROPOSITION - NO",,0,0,0,0,,
1/13/2015,"550196","CITY OF NICHOLS HILLS",45502,"PROPOSITION NO. 2 (WATER SYSTEM)  CITY OF NICHOLS HILLS",,6,6,1,"FOR THE PROPOSITION - YES",,0,0,0,0,,
1/13/2015,"550196","CITY OF NICHOLS HILLS",45502,"PROPOSITION NO. 2 (WATER SYSTEM)  CITY OF NICHOLS HILLS",,6,6,2,"AGAINST THE PROPOSITION - NO",,0,0,0,0,,
1/13/2015,"550196","CITY OF NICHOLS HILLS",45503,"PROPOSITION NO. 3 (SANITARY SEWER SYSTEM)  CITY OF NICHOLS HILLS",,6,6,1,"FOR THE PROPOSITION - YES",,0,0,0,0,,
1/13/2015,"550196","CITY OF NICHOLS HILLS",45503,"PROPOSITION NO. 3 (SANITARY SEWER SYSTEM)  CITY OF NICHOLS HILLS",,6,6,2,"AGAINST THE PROPOSITION - NO",,0,0,0,0,,
1/13/2015,"550196","CITY OF NICHOLS HILLS",45504,"PROPOSITION NO. 4 (TRAFFIC CONTROL SYSTEM)  CITY OF NICHOLS HILLS",,6,6,1,"FOR THE PROPOSITION - YES",,0,0,0,0,,
1/13/2015,"550196","CITY OF NICHOLS HILLS",45504,"PROPOSITION NO. 4 (TRAFFIC CONTROL SYSTEM)  CITY OF NICHOLS HILLS",,6,6,2,"AGAINST THE PROPOSITION - NO",,0,0,0,0,,
1/13/2015,"550196","CITY OF NICHOLS HILLS",45505,"PROPOSITION NO. 5 (PUBLIC WORKS FACILITY IMPROVEMENTS)  CITY OF NICHOLS HILLS",,6,6,1,"FOR THE PROPOSITION - YES",,0,0,0,0,,
1/13/2015,"550196","CITY OF NICHOLS HILLS",45505,"PROPOSITION NO. 5 (PUBLIC WORKS FACILITY IMPROVEMENTS)  CITY OF NICHOLS HILLS",,6,6,2,"AGAINST THE PROPOSITION - NO",,0,0,0,0,,
1/13/2015,"550196","CITY OF NICHOLS HILLS",45506,"PROPOSITION NO. 6 (DRAINAGE CONTROL SYSTEM)  CITY OF NICHOLS HILLS",,6,6,1,"FOR THE PROPOSITION - YES",,0,0,0,0,,
1/13/2015,"550196","CITY OF NICHOLS HILLS",45506,"PROPOSITION NO. 6 (DRAINAGE CONTROL SYSTEM)  CITY OF NICHOLS HILLS",,6,6,2,"AGAINST THE PROPOSITION - NO",,0,0,0,0,,
1/13/2015,"550196","CITY OF NICHOLS HILLS",45507,"PROPOSITION NO. 7 (PARKS)  CITY OF NICHOLS HILLS",,6,6,1,"FOR THE PROPOSITION - YES",,0,0,0,0,,
1/13/2015,"550196","CITY OF NICHOLS HILLS",45507,"PROPOSITION NO. 7 (PARKS)  CITY OF NICHOLS HILLS",,6,6,2,"AGAINST THE PROPOSITION - NO",,0,0,0,0,,
1/13/2015,"550196","CITY OF NICHOLS HILLS",45508,"PROPOSITION NO. 8 (TOWN HALL)  CITY OF NICHOLS HILLS",,6,6,1,"FOR THE PROPOSITION - YES",,0,0,0,0,,
1/13/2015,"550196","CITY OF NICHOLS HILLS",45508,"PROPOSITION NO. 8 (TOWN HALL)  CITY OF NICHOLS HILLS",,6,6,2,"AGAINST THE PROPOSITION - NO",,0,0,0,0,,
1/13/2015,"550196","CITY OF NICHOLS HILLS",45509,"PROPOSITION NO. 9 (COMMUNICATIONS AND DATA SYSTEMS)  CITY OF NICHOLS HILLS",,6,6,1,"FOR THE PROPOSITION - YES",,0,0,0,0,,
1/13/2015,"550196","CITY OF NICHOLS HILLS",45509,"PROPOSITION NO. 9 (COMMUNICATIONS AND DATA SYSTEMS)  CITY OF NICHOLS HILLS",,6,6,2,"AGAINST THE PROPOSITION - NO",,0,0,0,0,,
1/13/2015,"559999","CITY OF NICHOLS HILLS",45501,"PROPOSITION NO. 1 (STREETS)  CITY OF NICHOLS HILLS",,6,6,1,"FOR THE PROPOSITION - YES",,45,3,0,48,,
1/13/2015,"559999","CITY OF NICHOLS HILLS",45501,"PROPOSITION NO. 1 (STREETS)  CITY OF NICHOLS HILLS",,6,6,2,"AGAINST THE PROPOSITION - NO",,7,0,0,7,,
1/13/2015,"559999","CITY OF NICHOLS HILLS",45502,"PROPOSITION NO. 2 (WATER SYSTEM)  CITY OF NICHOLS HILLS",,6,6,1,"FOR THE PROPOSITION - YES",,47,3,0,50,,
1/13/2015,"559999","CITY OF NICHOLS HILLS",45502,"PROPOSITION NO. 2 (WATER SYSTEM)  CITY OF NICHOLS HILLS",,6,6,2,"AGAINST THE PROPOSITION - NO",,4,0,0,4,,
1/13/2015,"559999","CITY OF NICHOLS HILLS",45503,"PROPOSITION NO. 3 (SANITARY SEWER SYSTEM)  CITY OF NICHOLS HILLS",,6,6,1,"FOR THE PROPOSITION - YES",,46,3,0,49,,
1/13/2015,"559999","CITY OF NICHOLS HILLS",45503,"PROPOSITION NO. 3 (SANITARY SEWER SYSTEM)  CITY OF NICHOLS HILLS",,6,6,2,"AGAINST THE PROPOSITION - NO",,6,0,0,6,,
1/13/2015,"559999","CITY OF NICHOLS HILLS",45504,"PROPOSITION NO. 4 (TRAFFIC CONTROL SYSTEM)  CITY OF NICHOLS HILLS",,6,6,1,"FOR THE PROPOSITION - YES",,41,3,0,44,,
1/13/2015,"559999","CITY OF NICHOLS HILLS",45504,"PROPOSITION NO. 4 (TRAFFIC CONTROL SYSTEM)  CITY OF NICHOLS HILLS",,6,6,2,"AGAINST THE PROPOSITION - NO",,11,0,0,11,,
1/13/2015,"559999","CITY OF NICHOLS HILLS",45505,"PROPOSITION NO. 5 (PUBLIC WORKS FACILITY IMPROVEMENTS)  CITY OF NICHOLS HILLS",,6,6,1,"FOR THE PROPOSITION - YES",,45,3,0,48,,
1/13/2015,"559999","CITY OF NICHOLS HILLS",45505,"PROPOSITION NO. 5 (PUBLIC WORKS FACILITY IMPROVEMENTS)  CITY OF NICHOLS HILLS",,6,6,2,"AGAINST THE PROPOSITION - NO",,7,0,0,7,,
1/13/2015,"559999","CITY OF NICHOLS HILLS",45506,"PROPOSITION NO. 6 (DRAINAGE CONTROL SYSTEM)  CITY OF NICHOLS HILLS",,6,6,1,"FOR THE PROPOSITION - YES",,46,3,0,49,,
1/13/2015,"559999","CITY OF NICHOLS HILLS",45506,"PROPOSITION NO. 6 (DRAINAGE CONTROL SYSTEM)  CITY OF NICHOLS HILLS",,6,6,2,"AGAINST THE PROPOSITION - NO",,6,0,0,6,,
1/13/2015,"559999","CITY OF NICHOLS HILLS",45507,"PROPOSITION NO. 7 (PARKS)  CITY OF NICHOLS HILLS",,6,6,1,"FOR THE PROPOSITION - YES",,37,3,0,40,,
1/13/2015,"559999","CITY OF NICHOLS HILLS",45507,"PROPOSITION NO. 7 (PARKS)  CITY OF NICHOLS HILLS",,6,6,2,"AGAINST THE PROPOSITION - NO",,15,0,0,15,,
1/13/2015,"559999","CITY OF NICHOLS HILLS",45508,"PROPOSITION NO. 8 (TOWN HALL)  CITY OF NICHOLS HILLS",,6,6,1,"FOR THE PROPOSITION - YES",,35,3,0,38,,
1/13/2015,"559999","CITY OF NICHOLS HILLS",45508,"PROPOSITION NO. 8 (TOWN HALL)  CITY OF NICHOLS HILLS",,6,6,2,"AGAINST THE PROPOSITION - NO",,17,0,0,17,,
1/13/2015,"559999","CITY OF NICHOLS HILLS",45509,"PROPOSITION NO. 9 (COMMUNICATIONS AND DATA SYSTEMS)  CITY OF NICHOLS HILLS",,6,6,1,"FOR THE PROPOSITION - YES",,42,3,0,45,,
1/13/2015,"559999","CITY OF NICHOLS HILLS",45509,"PROPOSITION NO. 9 (COMMUNICATIONS AND DATA SYSTEMS)  CITY OF NICHOLS HILLS",,6,6,2,"AGAINST THE PROPOSITION - NO",,9,0,0,9,,
1/13/2015,"570103","SHIDLER PUBLIC SCHOOLS INDEPENDENT SCHOOL DISTRICT NO. 011",55701,"PROPOSITION  SHIDLER PUBLIC SCHOOLS",,7,7,1,"FOR THE PROPOSITION - YES",,0,0,85,85,,
1/13/2015,"570103","SHIDLER PUBLIC SCHOOLS INDEPENDENT SCHOOL DISTRICT NO. 011",55701,"PROPOSITION  SHIDLER PUBLIC SCHOOLS",,7,7,2,"AGAINST THE PROPOSITION - NO",,2,0,20,22,,
1/13/2015,"570105","SHIDLER PUBLIC SCHOOLS INDEPENDENT SCHOOL DISTRICT NO. 011",55701,"PROPOSITION  SHIDLER PUBLIC SCHOOLS",,7,7,1,"FOR THE PROPOSITION - YES",,1,0,1,2,,
1/13/2015,"570105","SHIDLER PUBLIC SCHOOLS INDEPENDENT SCHOOL DISTRICT NO. 011",55701,"PROPOSITION  SHIDLER PUBLIC SCHOOLS",,7,7,2,"AGAINST THE PROPOSITION - NO",,4,0,0,4,,
1/13/2015,"570106","SHIDLER PUBLIC SCHOOLS INDEPENDENT SCHOOL DISTRICT NO. 011",55701,"PROPOSITION  SHIDLER PUBLIC SCHOOLS",,7,7,1,"FOR THE PROPOSITION - YES",,0,0,2,2,,
1/13/2015,"570106","SHIDLER PUBLIC SCHOOLS INDEPENDENT SCHOOL DISTRICT NO. 011",55701,"PROPOSITION  SHIDLER PUBLIC SCHOOLS",,7,7,2,"AGAINST THE PROPOSITION - NO",,0,0,3,3,,
1/13/2015,"570113","SHIDLER PUBLIC SCHOOLS INDEPENDENT SCHOOL DISTRICT NO. 011",55701,"PROPOSITION  SHIDLER PUBLIC SCHOOLS",,7,7,1,"FOR THE PROPOSITION - YES",,0,0,25,25,,
1/13/2015,"570113","SHIDLER PUBLIC SCHOOLS INDEPENDENT SCHOOL DISTRICT NO. 011",55701,"PROPOSITION  SHIDLER PUBLIC SCHOOLS",,7,7,2,"AGAINST THE PROPOSITION - NO",,0,0,6,6,,
1/13/2015,"590104","YALE PUBLIC SCHOOLS INDEPENDENT SCHOOL DISTRICT NO. 103",56001,"PROPOSITION NO. 1  YALE PUBLIC SCHOOLS",,6,6,1,"FOR THE PROPOSITION - YES",,0,0,5,5,,
1/13/2015,"590104","YALE PUBLIC SCHOOLS INDEPENDENT SCHOOL DISTRICT NO. 103",56001,"PROPOSITION NO. 1  YALE PUBLIC SCHOOLS",,6,6,2,"AGAINST THE PROPOSITION - NO",,0,0,4,4,,
1/13/2015,"590104","YALE PUBLIC SCHOOLS INDEPENDENT SCHOOL DISTRICT NO. 103",56002,"PROPOSITION NO. 2  YALE PUBLIC SCHOOLS",,6,6,1,"FOR THE PROPOSITION - YES",,0,0,5,5,,
1/13/2015,"590104","YALE PUBLIC SCHOOLS INDEPENDENT SCHOOL DISTRICT NO. 103",56002,"PROPOSITION NO. 2  YALE PUBLIC SCHOOLS",,6,6,2,"AGAINST THE PROPOSITION - NO",,0,0,5,5,,
1/13/2015,"590112","YALE PUBLIC SCHOOLS INDEPENDENT SCHOOL DISTRICT NO. 103",56001,"PROPOSITION NO. 1  YALE PUBLIC SCHOOLS",,6,6,1,"FOR THE PROPOSITION - YES",,0,0,2,2,,
1/13/2015,"590112","YALE PUBLIC SCHOOLS INDEPENDENT SCHOOL DISTRICT NO. 103",56001,"PROPOSITION NO. 1  YALE PUBLIC SCHOOLS",,6,6,2,"AGAINST THE PROPOSITION - NO",,0,0,0,0,,
1/13/2015,"590112","YALE PUBLIC SCHOOLS INDEPENDENT SCHOOL DISTRICT NO. 103",56002,"PROPOSITION NO. 2  YALE PUBLIC SCHOOLS",,6,6,1,"FOR THE PROPOSITION - YES",,0,0,0,0,,
1/13/2015,"590112","YALE PUBLIC SCHOOLS INDEPENDENT SCHOOL DISTRICT NO. 103",56002,"PROPOSITION NO. 2  YALE PUBLIC SCHOOLS",,6,6,2,"AGAINST THE PROPOSITION - NO",,0,0,2,2,,
1/13/2015,"600104","YALE PUBLIC SCHOOLS INDEPENDENT SCHOOL DISTRICT NO. 103",56001,"PROPOSITION NO. 1  YALE PUBLIC SCHOOLS",,6,6,1,"FOR THE PROPOSITION - YES",,0,0,0,0,,
1/13/2015,"600104","YALE PUBLIC SCHOOLS INDEPENDENT SCHOOL DISTRICT NO. 103",56001,"PROPOSITION NO. 1  YALE PUBLIC SCHOOLS",,6,6,2,"AGAINST THE PROPOSITION - NO",,0,0,0,0,,
1/13/2015,"600104","YALE PUBLIC SCHOOLS INDEPENDENT SCHOOL DISTRICT NO. 103",56002,"PROPOSITION NO. 2  YALE PUBLIC SCHOOLS",,6,6,1,"FOR THE PROPOSITION - YES",,0,0,0,0,,
1/13/2015,"600104","YALE PUBLIC SCHOOLS INDEPENDENT SCHOOL DISTRICT NO. 103",56002,"PROPOSITION NO. 2  YALE PUBLIC SCHOOLS",,6,6,2,"AGAINST THE PROPOSITION - NO",,0,0,0,0,,
1/13/2015,"600201","YALE PUBLIC SCHOOLS INDEPENDENT SCHOOL DISTRICT NO. 103",56001,"PROPOSITION NO. 1  YALE PUBLIC SCHOOLS",,6,6,1,"FOR THE PROPOSITION - YES",,3,0,207,210,,
1/13/2015,"600201","YALE PUBLIC SCHOOLS INDEPENDENT SCHOOL DISTRICT NO. 103",56001,"PROPOSITION NO. 1  YALE PUBLIC SCHOOLS",,6,6,2,"AGAINST THE PROPOSITION - NO",,3,0,51,54,,
1/13/2015,"600201","YALE PUBLIC SCHOOLS INDEPENDENT SCHOOL DISTRICT NO. 103",56002,"PROPOSITION NO. 2  YALE PUBLIC SCHOOLS",,6,6,1,"FOR THE PROPOSITION - YES",,3,0,202,205,,
1/13/2015,"600201","YALE PUBLIC SCHOOLS INDEPENDENT SCHOOL DISTRICT NO. 103",56002,"PROPOSITION NO. 2  YALE PUBLIC SCHOOLS",,6,6,2,"AGAINST THE PROPOSITION - NO",,3,0,57,60,,
1/13/2015,"600406","YALE PUBLIC SCHOOLS INDEPENDENT SCHOOL DISTRICT NO. 103",56001,"PROPOSITION NO. 1  YALE PUBLIC SCHOOLS",,6,6,1,"FOR THE PROPOSITION - YES",,0,0,0,0,,
1/13/2015,"600406","YALE PUBLIC SCHOOLS INDEPENDENT SCHOOL DISTRICT NO. 103",56001,"PROPOSITION NO. 1  YALE PUBLIC SCHOOLS",,6,6,2,"AGAINST THE PROPOSITION - NO",,0,0,0,0,,
1/13/2015,"600406","YALE PUBLIC SCHOOLS INDEPENDENT SCHOOL DISTRICT NO. 103",56002,"PROPOSITION NO. 2  YALE PUBLIC SCHOOLS",,6,6,1,"FOR THE PROPOSITION - YES",,0,0,0,0,,
1/13/2015,"600406","YALE PUBLIC SCHOOLS INDEPENDENT SCHOOL DISTRICT NO. 103",56002,"PROPOSITION NO. 2  YALE PUBLIC SCHOOLS",,6,6,2,"AGAINST THE PROPOSITION - NO",,0,0,0,0,,
1/13/2015,"600409","YALE PUBLIC SCHOOLS INDEPENDENT SCHOOL DISTRICT NO. 103",56001,"PROPOSITION NO. 1  YALE PUBLIC SCHOOLS",,6,6,1,"FOR THE PROPOSITION - YES",,1,0,0,1,,
1/13/2015,"600409","YALE PUBLIC SCHOOLS INDEPENDENT SCHOOL DISTRICT NO. 103",56001,"PROPOSITION NO. 1  YALE PUBLIC SCHOOLS",,6,6,2,"AGAINST THE PROPOSITION - NO",,1,0,2,3,,
1/13/2015,"600409","YALE PUBLIC SCHOOLS INDEPENDENT SCHOOL DISTRICT NO. 103",56002,"PROPOSITION NO. 2  YALE PUBLIC SCHOOLS",,6,6,1,"FOR THE PROPOSITION - YES",,1,0,0,1,,
1/13/2015,"600409","YALE PUBLIC SCHOOLS INDEPENDENT SCHOOL DISTRICT NO. 103",56002,"PROPOSITION NO. 2  YALE PUBLIC SCHOOLS",,6,6,2,"AGAINST THE PROPOSITION - NO",,1,0,2,3,,
1/13/2015,"620013","CITY OF ADA",46201,"PROPOSITION  CITY OF ADA",,9,9,1,"FOR THE PROPOSITION - YES",,4,14,185,203,,
1/13/2015,"620013","CITY OF ADA",46201,"PROPOSITION  CITY OF ADA",,9,9,2,"AGAINST THE PROPOSITION - NO",,0,8,47,55,,
1/13/2015,"620016","CITY OF ADA",46201,"PROPOSITION  CITY OF ADA",,9,9,1,"FOR THE PROPOSITION - YES",,4,13,98,115,,
1/13/2015,"620016","CITY OF ADA",46201,"PROPOSITION  CITY OF ADA",,9,9,2,"AGAINST THE PROPOSITION - NO",,2,3,33,38,,
1/13/2015,"620022","CITY OF ADA",46201,"PROPOSITION  CITY OF ADA",,9,9,1,"FOR THE PROPOSITION - YES",,5,2,117,124,,
1/13/2015,"620022","CITY OF ADA",46201,"PROPOSITION  CITY OF ADA",,9,9,2,"AGAINST THE PROPOSITION - NO",,3,2,20,25,,
1/13/2015,"620025","CITY OF ADA",46201,"PROPOSITION  CITY OF ADA",,9,9,1,"FOR THE PROPOSITION - YES",,4,1,36,41,,
1/13/2015,"620025","CITY OF ADA",46201,"PROPOSITION  CITY OF ADA",,9,9,2,"AGAINST THE PROPOSITION - NO",,1,1,10,12,,
1/13/2015,"620031","CITY OF ADA",46201,"PROPOSITION  CITY OF ADA",,9,9,1,"FOR THE PROPOSITION - YES",,8,3,87,98,,
1/13/2015,"620031","CITY OF ADA",46201,"PROPOSITION  CITY OF ADA",,9,9,2,"AGAINST THE PROPOSITION - NO",,3,2,36,41,,
1/13/2015,"620052","CITY OF ADA",46201,"PROPOSITION  CITY OF ADA",,9,9,1,"FOR THE PROPOSITION - YES",,1,2,7,10,,
1/13/2015,"620052","CITY OF ADA",46201,"PROPOSITION  CITY OF ADA",,9,9,2,"AGAINST THE PROPOSITION - NO",,0,0,7,7,,
1/13/2015,"620053","CITY OF ADA",46201,"PROPOSITION  CITY OF ADA",,9,9,1,"FOR THE PROPOSITION - YES",,10,12,186,208,,
1/13/2015,"620053","CITY OF ADA",46201,"PROPOSITION  CITY OF ADA",,9,9,2,"AGAINST THE PROPOSITION - NO",,3,3,40,46,,
1/13/2015,"620055","CITY OF ADA",46201,"PROPOSITION  CITY OF ADA",,9,9,1,"FOR THE PROPOSITION - YES",,0,0,0,0,,
1/13/2015,"620055","CITY OF ADA",46201,"PROPOSITION  CITY OF ADA",,9,9,2,"AGAINST THE PROPOSITION - NO",,0,0,0,0,,
1/13/2015,"620060","CITY OF ADA",46201,"PROPOSITION  CITY OF ADA",,9,9,1,"FOR THE PROPOSITION - YES",,0,0,0,0,,
1/13/2015,"620060","CITY OF ADA",46201,"PROPOSITION  CITY OF ADA",,9,9,2,"AGAINST THE PROPOSITION - NO",,0,0,0,0,,
1/13/2015,"650102","MERRITT PUBLIC SCHOOLS INDEPENDENT SCHOOL DISTRICT NO. 002",50502,"PROPOSITION  MERRITT PUBLIC SCHOOLS",,9,9,1,"FOR THE PROPOSITION - YES",,0,0,0,0,,
1/13/2015,"650102","MERRITT PUBLIC SCHOOLS INDEPENDENT SCHOOL DISTRICT NO. 002",50502,"PROPOSITION  MERRITT PUBLIC SCHOOLS",,9,9,2,"AGAINST THE PROPOSITION - NO",,0,0,0,0,,
1/13/2015,"650201","ELK CITY PUBLIC SCHOOLS INDEPENDENT SCHOOL DISTRICT NO. 006",50501,"PROPOSITION  ELK CITY PUBLIC SCHOOLS",,10,10,1,"FOR THE PROPOSITION - YES",,1,0,0,1,,
1/13/2015,"650201","ELK CITY PUBLIC SCHOOLS INDEPENDENT SCHOOL DISTRICT NO. 006",50501,"PROPOSITION  ELK CITY PUBLIC SCHOOLS",,10,10,2,"AGAINST THE PROPOSITION - NO",,0,0,0,0,,
1/13/2015,"660031","CITY OF OWASSO",47201,"PROPOSITION  CITY OF OWASSO",,13,13,1,"FOR THE PROPOSITION - YES",,1,0,38,39,,
1/13/2015,"660031","CITY OF OWASSO",47201,"PROPOSITION  CITY OF OWASSO",,13,13,2,"AGAINST THE PROPOSITION - NO",,0,0,7,7,,
1/13/2015,"660130","CITY OF OWASSO",47201,"PROPOSITION  CITY OF OWASSO",,13,13,1,"FOR THE PROPOSITION - YES",,2,0,54,56,,
1/13/2015,"660130","CITY OF OWASSO",47201,"PROPOSITION  CITY OF OWASSO",,13,13,2,"AGAINST THE PROPOSITION - NO",,1,1,8,10,,
1/13/2015,"670014","CITY OF KONAWA",46701,"PROPOSITION  CITY OF KONAWA",,1,1,1,"FOR THE PROPOSITION - YES",,0,0,35,35,,
1/13/2015,"670014","CITY OF KONAWA",46701,"PROPOSITION  CITY OF KONAWA",,1,1,2,"AGAINST THE PROPOSITION - NO",,0,0,1,1,,
1/13/2015,"690032","BRAY-DOYLE PUBLIC SCHOOLS INDEPENDENT SCHOOL DISTRICT NO. 042",56901,"PROPOSITION NO. 1  BRAY-DOYLE PUBLIC SCHOOLS",,11,11,1,"FOR THE PROPOSITION - YES",,0,0,8,8,,
1/13/2015,"690032","BRAY-DOYLE PUBLIC SCHOOLS INDEPENDENT SCHOOL DISTRICT NO. 042",56901,"PROPOSITION NO. 1  BRAY-DOYLE PUBLIC SCHOOLS",,11,11,2,"AGAINST THE PROPOSITION - NO",,0,0,4,4,,
1/13/2015,"690032","BRAY-DOYLE PUBLIC SCHOOLS INDEPENDENT SCHOOL DISTRICT NO. 042",56902,"PROPOSITION NO. 2  BRAY-DOYLE PUBLIC SCHOOLS",,11,11,1,"FOR THE PROPOSITION - YES",,0,0,8,8,,
1/13/2015,"690032","BRAY-DOYLE PUBLIC SCHOOLS INDEPENDENT SCHOOL DISTRICT NO. 042",56902,"PROPOSITION NO. 2  BRAY-DOYLE PUBLIC SCHOOLS",,11,11,2,"AGAINST THE PROPOSITION - NO",,0,0,4,4,,
1/13/2015,"690033","BRAY-DOYLE PUBLIC SCHOOLS INDEPENDENT SCHOOL DISTRICT NO. 042",56901,"PROPOSITION NO. 1  BRAY-DOYLE PUBLIC SCHOOLS",,11,11,1,"FOR THE PROPOSITION - YES",,0,0,2,2,,
1/13/2015,"690033","BRAY-DOYLE PUBLIC SCHOOLS INDEPENDENT SCHOOL DISTRICT NO. 042",56901,"PROPOSITION NO. 1  BRAY-DOYLE PUBLIC SCHOOLS",,11,11,2,"AGAINST THE PROPOSITION - NO",,0,0,0,0,,
1/13/2015,"690033","BRAY-DOYLE PUBLIC SCHOOLS INDEPENDENT SCHOOL DISTRICT NO. 042",56902,"PROPOSITION NO. 2  BRAY-DOYLE PUBLIC SCHOOLS",,11,11,1,"FOR THE PROPOSITION - YES",,0,0,2,2,,
1/13/2015,"690033","BRAY-DOYLE PUBLIC SCHOOLS INDEPENDENT SCHOOL DISTRICT NO. 042",56902,"PROPOSITION NO. 2  BRAY-DOYLE PUBLIC SCHOOLS",,11,11,2,"AGAINST THE PROPOSITION - NO",,0,0,0,0,,
1/13/2015,"690050","BRAY-DOYLE PUBLIC SCHOOLS INDEPENDENT SCHOOL DISTRICT NO. 042",56901,"PROPOSITION NO. 1  BRAY-DOYLE PUBLIC SCHOOLS",,11,11,1,"FOR THE PROPOSITION - YES",,0,0,6,6,,
1/13/2015,"690050","BRAY-DOYLE PUBLIC SCHOOLS INDEPENDENT SCHOOL DISTRICT NO. 042",56901,"PROPOSITION NO. 1  BRAY-DOYLE PUBLIC SCHOOLS",,11,11,2,"AGAINST THE PROPOSITION - NO",,0,0,0,0,,
1/13/2015,"690050","BRAY-DOYLE PUBLIC SCHOOLS INDEPENDENT SCHOOL DISTRICT NO. 042",56902,"PROPOSITION NO. 2  BRAY-DOYLE PUBLIC SCHOOLS",,11,11,1,"FOR THE PROPOSITION - YES",,0,0,6,6,,
1/13/2015,"690050","BRAY-DOYLE PUBLIC SCHOOLS INDEPENDENT SCHOOL DISTRICT NO. 042",56902,"PROPOSITION NO. 2  BRAY-DOYLE PUBLIC SCHOOLS",,11,11,2,"AGAINST THE PROPOSITION - NO",,0,0,0,0,,
1/13/2015,"690053","BRAY-DOYLE PUBLIC SCHOOLS INDEPENDENT SCHOOL DISTRICT NO. 042",56901,"PROPOSITION NO. 1  BRAY-DOYLE PUBLIC SCHOOLS",,11,11,1,"FOR THE PROPOSITION - YES",,0,0,27,27,,
1/13/2015,"690053","BRAY-DOYLE PUBLIC SCHOOLS INDEPENDENT SCHOOL DISTRICT NO. 042",56901,"PROPOSITION NO. 1  BRAY-DOYLE PUBLIC SCHOOLS",,11,11,2,"AGAINST THE PROPOSITION - NO",,2,0,3,5,,
1/13/2015,"690053","BRAY-DOYLE PUBLIC SCHOOLS INDEPENDENT SCHOOL DISTRICT NO. 042",56902,"PROPOSITION NO. 2  BRAY-DOYLE PUBLIC SCHOOLS",,11,11,1,"FOR THE PROPOSITION - YES",,0,0,28,28,,
1/13/2015,"690053","BRAY-DOYLE PUBLIC SCHOOLS INDEPENDENT SCHOOL DISTRICT NO. 042",56902,"PROPOSITION NO. 2  BRAY-DOYLE PUBLIC SCHOOLS",,11,11,2,"AGAINST THE PROPOSITION - NO",,2,0,2,4,,
1/13/2015,"690054","BRAY-DOYLE PUBLIC SCHOOLS INDEPENDENT SCHOOL DISTRICT NO. 042",56901,"PROPOSITION NO. 1  BRAY-DOYLE PUBLIC SCHOOLS",,11,11,1,"FOR THE PROPOSITION - YES",,1,4,62,67,,
1/13/2015,"690054","BRAY-DOYLE PUBLIC SCHOOLS INDEPENDENT SCHOOL DISTRICT NO. 042",56901,"PROPOSITION NO. 1  BRAY-DOYLE PUBLIC SCHOOLS",,11,11,2,"AGAINST THE PROPOSITION - NO",,0,0,41,41,,
1/13/2015,"690054","BRAY-DOYLE PUBLIC SCHOOLS INDEPENDENT SCHOOL DISTRICT NO. 042",56902,"PROPOSITION NO. 2  BRAY-DOYLE PUBLIC SCHOOLS",,11,11,1,"FOR THE PROPOSITION - YES",,1,3,64,68,,
1/13/2015,"690054","BRAY-DOYLE PUBLIC SCHOOLS INDEPENDENT SCHOOL DISTRICT NO. 042",56902,"PROPOSITION NO. 2  BRAY-DOYLE PUBLIC SCHOOLS",,11,11,2,"AGAINST THE PROPOSITION - NO",,0,1,40,41,,
1/13/2015,"690055","BRAY-DOYLE PUBLIC SCHOOLS INDEPENDENT SCHOOL DISTRICT NO. 042",56901,"PROPOSITION NO. 1  BRAY-DOYLE PUBLIC SCHOOLS",,11,11,1,"FOR THE PROPOSITION - YES",,0,0,46,46,,
1/13/2015,"690055","BRAY-DOYLE PUBLIC SCHOOLS INDEPENDENT SCHOOL DISTRICT NO. 042",56901,"PROPOSITION NO. 1  BRAY-DOYLE PUBLIC SCHOOLS",,11,11,2,"AGAINST THE PROPOSITION - NO",,0,0,20,20,,
1/13/2015,"690055","BRAY-DOYLE PUBLIC SCHOOLS INDEPENDENT SCHOOL DISTRICT NO. 042",56902,"PROPOSITION NO. 2  BRAY-DOYLE PUBLIC SCHOOLS",,11,11,1,"FOR THE PROPOSITION - YES",,0,0,53,53,,
1/13/2015,"690055","BRAY-DOYLE PUBLIC SCHOOLS INDEPENDENT SCHOOL DISTRICT NO. 042",56902,"PROPOSITION NO. 2  BRAY-DOYLE PUBLIC SCHOOLS",,11,11,2,"AGAINST THE PROPOSITION - NO",,0,0,13,13,,
1/13/2015,"690055","VELMA-ALMA PUBLIC SCHOOLS INDEPENDENT SCHOOL DISTRICT NO. 015",56903,"PROPOSITION  VELMA-ALMA PUBLIC SCHOOLS",,6,6,1,"FOR THE PROPOSITION - YES",,0,0,1,1,,
1/13/2015,"690055","VELMA-ALMA PUBLIC SCHOOLS INDEPENDENT SCHOOL DISTRICT NO. 015",56903,"PROPOSITION  VELMA-ALMA PUBLIC SCHOOLS",,6,6,2,"AGAINST THE PROPOSITION - NO",,0,0,0,0,,
1/13/2015,"690056","BRAY-DOYLE PUBLIC SCHOOLS INDEPENDENT SCHOOL DISTRICT NO. 042",56901,"PROPOSITION NO. 1  BRAY-DOYLE PUBLIC SCHOOLS",,11,11,1,"FOR THE PROPOSITION - YES",,0,0,0,0,,
1/13/2015,"690056","BRAY-DOYLE PUBLIC SCHOOLS INDEPENDENT SCHOOL DISTRICT NO. 042",56901,"PROPOSITION NO. 1  BRAY-DOYLE PUBLIC SCHOOLS",,11,11,2,"AGAINST THE PROPOSITION - NO",,0,0,0,0,,
1/13/2015,"690056","BRAY-DOYLE PUBLIC SCHOOLS INDEPENDENT SCHOOL DISTRICT NO. 042",56902,"PROPOSITION NO. 2  BRAY-DOYLE PUBLIC SCHOOLS",,11,11,1,"FOR THE PROPOSITION - YES",,0,0,0,0,,
1/13/2015,"690056","BRAY-DOYLE PUBLIC SCHOOLS INDEPENDENT SCHOOL DISTRICT NO. 042",56902,"PROPOSITION NO. 2  BRAY-DOYLE PUBLIC SCHOOLS",,11,11,2,"AGAINST THE PROPOSITION - NO",,0,0,0,0,,
1/13/2015,"690056","VELMA-ALMA PUBLIC SCHOOLS INDEPENDENT SCHOOL DISTRICT NO. 015",56903,"PROPOSITION  VELMA-ALMA PUBLIC SCHOOLS",,6,6,1,"FOR THE PROPOSITION - YES",,0,0,75,75,,
1/13/2015,"690056","VELMA-ALMA PUBLIC SCHOOLS INDEPENDENT SCHOOL DISTRICT NO. 015",56903,"PROPOSITION  VELMA-ALMA PUBLIC SCHOOLS",,6,6,2,"AGAINST THE PROPOSITION - NO",,0,0,10,10,,
1/13/2015,"690057","BRAY-DOYLE PUBLIC SCHOOLS INDEPENDENT SCHOOL DISTRICT NO. 042",56901,"PROPOSITION NO. 1  BRAY-DOYLE PUBLIC SCHOOLS",,11,11,1,"FOR THE PROPOSITION - YES",,0,0,3,3,,
1/13/2015,"690057","BRAY-DOYLE PUBLIC SCHOOLS INDEPENDENT SCHOOL DISTRICT NO. 042",56901,"PROPOSITION NO. 1  BRAY-DOYLE PUBLIC SCHOOLS",,11,11,2,"AGAINST THE PROPOSITION - NO",,0,0,4,4,,
1/13/2015,"690057","BRAY-DOYLE PUBLIC SCHOOLS INDEPENDENT SCHOOL DISTRICT NO. 042",56902,"PROPOSITION NO. 2  BRAY-DOYLE PUBLIC SCHOOLS",,11,11,1,"FOR THE PROPOSITION - YES",,0,0,3,3,,
1/13/2015,"690057","BRAY-DOYLE PUBLIC SCHOOLS INDEPENDENT SCHOOL DISTRICT NO. 042",56902,"PROPOSITION NO. 2  BRAY-DOYLE PUBLIC SCHOOLS",,11,11,2,"AGAINST THE PROPOSITION - NO",,0,0,4,4,,
1/13/2015,"690057","VELMA-ALMA PUBLIC SCHOOLS INDEPENDENT SCHOOL DISTRICT NO. 015",56903,"PROPOSITION  VELMA-ALMA PUBLIC SCHOOLS",,6,6,1,"FOR THE PROPOSITION - YES",,0,0,0,0,,
1/13/2015,"690057","VELMA-ALMA PUBLIC SCHOOLS INDEPENDENT SCHOOL DISTRICT NO. 015",56903,"PROPOSITION  VELMA-ALMA PUBLIC SCHOOLS",,6,6,2,"AGAINST THE PROPOSITION - NO",,0,0,0,0,,
1/13/2015,"690058","VELMA-ALMA PUBLIC SCHOOLS INDEPENDENT SCHOOL DISTRICT NO. 015",56903,"PROPOSITION  VELMA-ALMA PUBLIC SCHOOLS",,6,6,1,"FOR THE PROPOSITION - YES",,0,0,119,119,,
1/13/2015,"690058","VELMA-ALMA PUBLIC SCHOOLS INDEPENDENT SCHOOL DISTRICT NO. 015",56903,"PROPOSITION  VELMA-ALMA PUBLIC SCHOOLS",,6,6,2,"AGAINST THE PROPOSITION - NO",,0,0,9,9,,
1/13/2015,"690059","VELMA-ALMA PUBLIC SCHOOLS INDEPENDENT SCHOOL DISTRICT NO. 015",56903,"PROPOSITION  VELMA-ALMA PUBLIC SCHOOLS",,6,6,1,"FOR THE PROPOSITION - YES",,1,2,31,34,,
1/13/2015,"690059","VELMA-ALMA PUBLIC SCHOOLS INDEPENDENT SCHOOL DISTRICT NO. 015",56903,"PROPOSITION  VELMA-ALMA PUBLIC SCHOOLS",,6,6,2,"AGAINST THE PROPOSITION - NO",,0,0,6,6,,
1/13/2015,"720750","CITY OF OWASSO",47201,"PROPOSITION  CITY OF OWASSO",,13,13,1,"FOR THE PROPOSITION - YES",,0,0,133,133,,
1/13/2015,"720750","CITY OF OWASSO",47201,"PROPOSITION  CITY OF OWASSO",,13,13,2,"AGAINST THE PROPOSITION - NO",,0,0,26,26,,
1/13/2015,"720751","CITY OF OWASSO",47201,"PROPOSITION  CITY OF OWASSO",,13,13,1,"FOR THE PROPOSITION - YES",,0,0,215,215,,
1/13/2015,"720751","CITY OF OWASSO",47201,"PROPOSITION  CITY OF OWASSO",,13,13,2,"AGAINST THE PROPOSITION - NO",,0,0,64,64,,
1/13/2015,"720752","CITY OF OWASSO",47201,"PROPOSITION  CITY OF OWASSO",,13,13,1,"FOR THE PROPOSITION - YES",,0,0,51,51,,
1/13/2015,"720752","CITY OF OWASSO",47201,"PROPOSITION  CITY OF OWASSO",,13,13,2,"AGAINST THE PROPOSITION - NO",,0,0,10,10,,
1/13/2015,"720753","CITY OF OWASSO",47201,"PROPOSITION  CITY OF OWASSO",,13,13,1,"FOR THE PROPOSITION - YES",,0,0,132,132,,
1/13/2015,"720753","CITY OF OWASSO",47201,"PROPOSITION  CITY OF OWASSO",,13,13,2,"AGAINST THE PROPOSITION - NO",,0,0,52,52,,
1/13/2015,"720754","CITY OF OWASSO",47201,"PROPOSITION  CITY OF OWASSO",,13,13,1,"FOR THE PROPOSITION - YES",,0,0,198,198,,
1/13/2015,"720754","CITY OF OWASSO",47201,"PROPOSITION  CITY OF OWASSO",,13,13,2,"AGAINST THE PROPOSITION - NO",,0,0,92,92,,
1/13/2015,"720755","CITY OF OWASSO",47201,"PROPOSITION  CITY OF OWASSO",,13,13,1,"FOR THE PROPOSITION - YES",,0,0,218,218,,
1/13/2015,"720755","CITY OF OWASSO",47201,"PROPOSITION  CITY OF OWASSO",,13,13,2,"AGAINST THE PROPOSITION - NO",,0,0,55,55,,
1/13/2015,"720756","CITY OF OWASSO",47201,"PROPOSITION  CITY OF OWASSO",,13,13,1,"FOR THE PROPOSITION - YES",,0,0,1,1,,
1/13/2015,"720756","CITY OF OWASSO",47201,"PROPOSITION  CITY OF OWASSO",,13,13,2,"AGAINST THE PROPOSITION - NO",,0,0,0,0,,
1/13/2015,"720757","CITY OF OWASSO",47201,"PROPOSITION  CITY OF OWASSO",,13,13,1,"FOR THE PROPOSITION - YES",,0,0,277,277,,
1/13/2015,"720757","CITY OF OWASSO",47201,"PROPOSITION  CITY OF OWASSO",,13,13,2,"AGAINST THE PROPOSITION - NO",,0,0,112,112,,
1/13/2015,"720758","CITY OF OWASSO",47201,"PROPOSITION  CITY OF OWASSO",,13,13,1,"FOR THE PROPOSITION - YES",,0,0,20,20,,
1/13/2015,"720758","CITY OF OWASSO",47201,"PROPOSITION  CITY OF OWASSO",,13,13,2,"AGAINST THE PROPOSITION - NO",,0,0,5,5,,
1/13/2015,"720759","CITY OF OWASSO",47201,"PROPOSITION  CITY OF OWASSO",,13,13,1,"FOR THE PROPOSITION - YES",,0,0,154,154,,
1/13/2015,"720759","CITY OF OWASSO",47201,"PROPOSITION  CITY OF OWASSO",,13,13,2,"AGAINST THE PROPOSITION - NO",,0,0,36,36,,
1/13/2015,"720760","CITY OF OWASSO",47201,"PROPOSITION  CITY OF OWASSO",,13,13,1,"FOR THE PROPOSITION - YES",,0,0,73,73,,
1/13/2015,"720760","CITY OF OWASSO",47201,"PROPOSITION  CITY OF OWASSO",,13,13,2,"AGAINST THE PROPOSITION - NO",,0,0,20,20,,
1/13/2015,"729999","CITY OF OWASSO",47201,"PROPOSITION  CITY OF OWASSO",,13,13,1,"FOR THE PROPOSITION - YES",,37,5,0,42,,
1/13/2015,"729999","CITY OF OWASSO",47201,"PROPOSITION  CITY OF OWASSO",,13,13,2,"AGAINST THE PROPOSITION - NO",,16,0,0,16,,
1/13/2015,"750014","ELK CITY PUBLIC SCHOOLS INDEPENDENT SCHOOL DISTRICT NO. 006",50501,"PROPOSITION  ELK CITY PUBLIC SCHOOLS",,10,10,1,"FOR THE PROPOSITION - YES",,8,0,0,8,,
1/13/2015,"750014","ELK CITY PUBLIC SCHOOLS INDEPENDENT SCHOOL DISTRICT NO. 006",50501,"PROPOSITION  ELK CITY PUBLIC SCHOOLS",,10,10,2,"AGAINST THE PROPOSITION - NO",,4,2,0,6,,
1/13/2015,"750020","WEATHERFORD PUBLIC SCHOOLS INDEPENDENT SCHOOL DISTRICT NO. 026",52001,"PROPOSITION  WEATHERFORD PUBLIC SCHOOLS",,7,7,1,"FOR THE PROPOSITION - YES",,2,0,0,2,,
1/13/2015,"750020","WEATHERFORD PUBLIC SCHOOLS INDEPENDENT SCHOOL DISTRICT NO. 026",52001,"PROPOSITION  WEATHERFORD PUBLIC SCHOOLS",,7,7,2,"AGAINST THE PROPOSITION - NO",,2,0,0,2,,
