elec_date,county,entity_description,race_number,race_description,race_party,tot_race_prec,race_prec_reporting,cand_number,cand_name,cand_party,cand_absmail_votes,cand_early_votes,cand_elecday_votes,cand_tot_votes,race_county_owner
8/8/2017,"ADAIR","STILWELL PUBLIC SCHOOLS INDEPENDENT SCHOOL DISTRICT NO. 025",50101,"PROPOSITION  STILWELL PUBLIC SCHOOLS",,10,10,1,"FOR THE PROPOSITION - YES",,10,8,186,204,,
8/8/2017,"ADAIR","STILWELL PUBLIC SCHOOLS INDEPENDENT SCHOOL DISTRICT NO. 025",50101,"PROPOSITION  STILWELL PUBLIC SCHOOLS",,10,10,2,"AGAINST THE PROPOSITION - NO",,2,10,188,200,,
8/8/2017,"CANADIAN","CANADIAN COUNTY",11001,"FOR STATE SENATOR DISTRICT 45 (UNEXPIRED TERM)",REP,10,10,1,"SCOTT HARRIS",REP,20,0,203,223,,
8/8/2017,"CANADIAN","CANADIAN COUNTY",11001,"FOR STATE SENATOR DISTRICT 45 (UNEXPIRED TERM)",REP,10,10,2,"PAUL ROSINO",REP,38,1,391,430,,
8/8/2017,"CANADIAN","CANADIAN COUNTY",11001,"FOR STATE SENATOR DISTRICT 45 (UNEXPIRED TERM)",REP,10,10,3,"DUANE SMITH",REP,11,0,132,143,,
8/8/2017,"CANADIAN","CANADIAN COUNTY",11001,"FOR STATE SENATOR DISTRICT 45 (UNEXPIRED TERM)",REP,10,10,4,"MATHEW HAMRICK",REP,2,0,31,33,,
8/8/2017,"CANADIAN","CANADIAN COUNTY",11001,"FOR STATE SENATOR DISTRICT 45 (UNEXPIRED TERM)",REP,10,10,5,"DIANE MEANS",REP,27,4,376,407,,
8/8/2017,"CANADIAN","CANADIAN COUNTY",11001,"FOR STATE SENATOR DISTRICT 45 (UNEXPIRED TERM)",REP,10,10,6,"BRIAN WALTERS",REP,18,5,342,365,,
8/8/2017,"CANADIAN","CANADIAN COUNTY",11001,"FOR STATE SENATOR DISTRICT 45 (UNEXPIRED TERM)",REP,10,10,7,"KERRY PETTINGILL",REP,10,2,196,208,,
8/8/2017,"CANADIAN","CANADIAN COUNTY",12001,"FOR STATE SENATOR DISTRICT 45 (UNEXPIRED TERM)",DEM,10,10,1,"STEVEN VINCENT",DEM,28,1,434,463,,
8/8/2017,"CANADIAN","CANADIAN COUNTY",12001,"FOR STATE SENATOR DISTRICT 45 (UNEXPIRED TERM)",DEM,10,10,2,"NOAH S. YNCLAN",DEM,4,0,22,26,,
8/8/2017,"CLEVELAND","CLEVELAND COUNTY",11001,"FOR STATE SENATOR DISTRICT 45 (UNEXPIRED TERM)",REP,10,10,1,"SCOTT HARRIS",REP,19,1,53,73,,
8/8/2017,"CLEVELAND","CLEVELAND COUNTY",11001,"FOR STATE SENATOR DISTRICT 45 (UNEXPIRED TERM)",REP,10,10,2,"PAUL ROSINO",REP,45,5,614,664,,
8/8/2017,"CLEVELAND","CLEVELAND COUNTY",11001,"FOR STATE SENATOR DISTRICT 45 (UNEXPIRED TERM)",REP,10,10,3,"DUANE SMITH",REP,8,0,81,89,,
8/8/2017,"CLEVELAND","CLEVELAND COUNTY",11001,"FOR STATE SENATOR DISTRICT 45 (UNEXPIRED TERM)",REP,10,10,4,"MATHEW HAMRICK",REP,2,0,22,24,,
8/8/2017,"CLEVELAND","CLEVELAND COUNTY",11001,"FOR STATE SENATOR DISTRICT 45 (UNEXPIRED TERM)",REP,10,10,5,"DIANE MEANS",REP,40,0,249,289,,
8/8/2017,"CLEVELAND","CLEVELAND COUNTY",11001,"FOR STATE SENATOR DISTRICT 45 (UNEXPIRED TERM)",REP,10,10,6,"BRIAN WALTERS",REP,29,1,271,301,,
8/8/2017,"CLEVELAND","CLEVELAND COUNTY",11001,"FOR STATE SENATOR DISTRICT 45 (UNEXPIRED TERM)",REP,10,10,7,"KERRY PETTINGILL",REP,6,1,70,77,,
8/8/2017,"CLEVELAND","CLEVELAND COUNTY",12001,"FOR STATE SENATOR DISTRICT 45 (UNEXPIRED TERM)",DEM,10,10,1,"STEVEN VINCENT",DEM,48,0,378,426,,
8/8/2017,"CLEVELAND","CLEVELAND COUNTY",12001,"FOR STATE SENATOR DISTRICT 45 (UNEXPIRED TERM)",DEM,10,10,2,"NOAH S. YNCLAN",DEM,7,0,34,41,,
8/8/2017,"GRADY","TOWN OF ALEX",42601,"PROPOSITION  TOWN OF ALEX",,2,2,1,"FOR THE PROPOSITION - YES",,0,0,24,24,,
8/8/2017,"GRADY","TOWN OF ALEX",42601,"PROPOSITION  TOWN OF ALEX",,2,2,2,"AGAINST THE PROPOSITION - NO",,0,1,1,2,,
8/8/2017,"MAYES","CITY OF PRYOR CREEK",44901,"PROPOSTION NO. 1  CITY OF PRYOR CREEK",,5,5,1,"FOR THE PROPOSITION - YES",,20,43,541,604,,
8/8/2017,"MAYES","CITY OF PRYOR CREEK",44901,"PROPOSTION NO. 1  CITY OF PRYOR CREEK",,5,5,2,"AGAINST THE PROPOSITION - NO",,23,18,382,423,,
8/8/2017,"OKLAHOMA","OKLAHOMA COUNTY",11001,"FOR STATE SENATOR DISTRICT 45 (UNEXPIRED TERM)",REP,6,6,1,"SCOTT HARRIS",REP,0,0,11,11,,
8/8/2017,"OKLAHOMA","OKLAHOMA COUNTY",11001,"FOR STATE SENATOR DISTRICT 45 (UNEXPIRED TERM)",REP,6,6,2,"PAUL ROSINO",REP,3,0,30,33,,
8/8/2017,"OKLAHOMA","OKLAHOMA COUNTY",11001,"FOR STATE SENATOR DISTRICT 45 (UNEXPIRED TERM)",REP,6,6,3,"DUANE SMITH",REP,3,0,3,6,,
8/8/2017,"OKLAHOMA","OKLAHOMA COUNTY",11001,"FOR STATE SENATOR DISTRICT 45 (UNEXPIRED TERM)",REP,6,6,4,"MATHEW HAMRICK",REP,1,0,2,3,,
8/8/2017,"OKLAHOMA","OKLAHOMA COUNTY",11001,"FOR STATE SENATOR DISTRICT 45 (UNEXPIRED TERM)",REP,6,6,5,"DIANE MEANS",REP,1,0,33,34,,
8/8/2017,"OKLAHOMA","OKLAHOMA COUNTY",11001,"FOR STATE SENATOR DISTRICT 45 (UNEXPIRED TERM)",REP,6,6,6,"BRIAN WALTERS",REP,1,0,31,32,,
8/8/2017,"OKLAHOMA","OKLAHOMA COUNTY",11001,"FOR STATE SENATOR DISTRICT 45 (UNEXPIRED TERM)",REP,6,6,7,"KERRY PETTINGILL",REP,0,0,12,12,,
8/8/2017,"OKLAHOMA","OKLAHOMA COUNTY",12001,"FOR STATE SENATOR DISTRICT 45 (UNEXPIRED TERM)",DEM,6,6,1,"STEVEN VINCENT",DEM,12,1,107,120,,
8/8/2017,"OKLAHOMA","OKLAHOMA COUNTY",12001,"FOR STATE SENATOR DISTRICT 45 (UNEXPIRED TERM)",DEM,6,6,2,"NOAH S. YNCLAN",DEM,2,0,16,18,,
8/8/2017,"STEPHENS","CITY OF COMANCHE",46901,"PROPOSITION  CITY OF COMANCHE",,3,3,1,"FOR THE PROPOSITION - YES",,1,0,24,25,,
8/8/2017,"STEPHENS","CITY OF COMANCHE",46901,"PROPOSITION  CITY OF COMANCHE",,3,3,2,"AGAINST THE PROPOSITION - NO",,0,0,0,0,,
8/8/2017,"TEXAS","CITY OF HOOKER",47001,"PROPOSITION  CITY OF HOOKER",,1,1,1,"FOR THE PROPOSITION - YES",,1,0,15,16,,
8/8/2017,"TEXAS","CITY OF HOOKER",47001,"PROPOSITION  CITY OF HOOKER",,1,1,2,"AGAINST THE PROPOSITION - NO",,0,0,1,1,,
8/8/2017,"TULSA","TULSA COUNTY",11002,"FOR STATE REPRESENTATIVE DISTRICT 76 (UNEXPIRED TERM)",REP,12,12,1,"SHELLEY BRUMBAUGH",REP,18,6,602,626,,
8/8/2017,"TULSA","TULSA COUNTY",11002,"FOR STATE REPRESENTATIVE DISTRICT 76 (UNEXPIRED TERM)",REP,12,12,2,"ROSS FORD",REP,19,4,622,645,,
8/8/2017,"TULSA","TULSA COUNTY",11002,"FOR STATE REPRESENTATIVE DISTRICT 76 (UNEXPIRED TERM)",REP,12,12,3,"JESS GUTHRIE",REP,3,0,24,27,,
8/8/2017,"TULSA","TULSA COUNTY",11002,"FOR STATE REPRESENTATIVE DISTRICT 76 (UNEXPIRED TERM)",REP,12,12,4,"BRIAN ELLIOTT",REP,22,5,571,598,,
8/8/2017,"TULSA","TULSA COUNTY",11002,"FOR STATE REPRESENTATIVE DISTRICT 76 (UNEXPIRED TERM)",REP,12,12,5,"CLIFF JOHNS",REP,8,2,191,201,,
8/8/2017,"TULSA","TULSA COUNTY",12002,"FOR STATE REPRESENTATIVE DISTRICT 76 (UNEXPIRED TERM)",DEM,12,12,1,"FORREST MAYER",DEM,7,2,232,241,,
8/8/2017,"TULSA","TULSA COUNTY",12002,"FOR STATE REPRESENTATIVE DISTRICT 76 (UNEXPIRED TERM)",DEM,12,12,2,"CHRIS VanLANDINGHAM",DEM,8,2,279,289,,
8/8/2017,"TULSA","CITY OF GLENPOOL",47201,"PROPOSITION  CITY OF GLENPOOL",,5,5,1,"FOR THE PROPOSITION - YES",,12,0,105,117,,
8/8/2017,"TULSA","CITY OF GLENPOOL",47201,"PROPOSITION  CITY OF GLENPOOL",,5,5,2,"AGAINST THE PROPOSITION - NO",,4,0,13,17,,
