elec_date,county,entity_description,race_number,race_description,race_party,tot_race_prec,race_prec_reporting,cand_number,cand_name,cand_party,cand_absmail_votes,cand_early_votes,cand_elecday_votes,cand_tot_votes,race_county_owner
3/5/2019,"CADDO","VERDEN PUBLIC SCHOOLS INDEPENDENT SCHOOL DISTRICT NO. 099",52601,"PROPOSITION NO. 1  VERDEN PUBLIC SCHOOLS",,3,3,1,"FOR THE PROPOSITION - YES",,2,4,21,27,,
3/5/2019,"CADDO","VERDEN PUBLIC SCHOOLS INDEPENDENT SCHOOL DISTRICT NO. 099",52601,"PROPOSITION NO. 1  VERDEN PUBLIC SCHOOLS",,3,3,2,"AGAINST THE PROPOSITION - NO",,2,0,2,4,,
3/5/2019,"CADDO","VERDEN PUBLIC SCHOOLS INDEPENDENT SCHOOL DISTRICT NO. 099",52602,"PROPOSITION NO. 2  VERDEN PUBLIC SCHOOLS",,3,3,1,"FOR THE PROPOSITION - YES",,3,4,21,28,,
3/5/2019,"CADDO","VERDEN PUBLIC SCHOOLS INDEPENDENT SCHOOL DISTRICT NO. 099",52602,"PROPOSITION NO. 2  VERDEN PUBLIC SCHOOLS",,3,3,2,"AGAINST THE PROPOSITION - NO",,2,0,2,4,,
3/5/2019,"CHEROKEE","WOODALL PUBLIC SCHOOLS ELEMENTARY SCHOOL DISTRICT NO. 021",51101,"PROPOSITION  WOODALL PUBLIC SCHOOLS",,4,4,1,"FOR THE PROPOSITION - YES",,0,0,51,51,,
3/5/2019,"CHEROKEE","WOODALL PUBLIC SCHOOLS ELEMENTARY SCHOOL DISTRICT NO. 021",51101,"PROPOSITION  WOODALL PUBLIC SCHOOLS",,4,4,2,"AGAINST THE PROPOSITION - NO",,0,0,11,11,,
3/5/2019,"CRAIG","WELCH PUBLIC SCHOOLS INDEPENDENT SCHOOL DISTRICT NO. 017",51801,"PROPOSITION NO. 1  WELCH PUBLIC SCHOOLS",,2,2,1,"FOR THE PROPOSITION - YES",,6,5,241,252,,
3/5/2019,"CRAIG","WELCH PUBLIC SCHOOLS INDEPENDENT SCHOOL DISTRICT NO. 017",51801,"PROPOSITION NO. 1  WELCH PUBLIC SCHOOLS",,2,2,2,"AGAINST THE PROPOSITION - NO",,6,2,62,70,,
3/5/2019,"CRAIG","WELCH PUBLIC SCHOOLS INDEPENDENT SCHOOL DISTRICT NO. 017",51802,"PROPOSITION NO. 2  WELCH PUBLIC SCHOOLS",,2,2,1,"FOR THE PROPOSITION - YES",,6,5,254,265,,
3/5/2019,"CRAIG","WELCH PUBLIC SCHOOLS INDEPENDENT SCHOOL DISTRICT NO. 017",51802,"PROPOSITION NO. 2  WELCH PUBLIC SCHOOLS",,2,2,2,"AGAINST THE PROPOSITION - NO",,6,2,53,61,,
3/5/2019,"CRAIG","CHELSEA PUBLIC SCHOOLS INDEPENDENT SCHOOL DISTRICT NO. 003",56601,"PROPOSITION  CHELSEA PUBLIC SCHOOLS",,1,1,1,"FOR THE PROPOSITION - YES",,0,0,4,4,,
3/5/2019,"CRAIG","CHELSEA PUBLIC SCHOOLS INDEPENDENT SCHOOL DISTRICT NO. 003",56601,"PROPOSITION  CHELSEA PUBLIC SCHOOLS",,1,1,2,"AGAINST THE PROPOSITION - NO",,0,0,1,1,,
3/5/2019,"CREEK","OILTON PUBLIC SCHOOLS INDEPENDENT SCHOOL DISTRICT NO. 020",51901,"PROPOSITION NO. 1  OILTON PUBLIC SCHOOLS",,1,1,1,"FOR THE PROPOSITION - YES",,1,1,131,133,,
3/5/2019,"CREEK","OILTON PUBLIC SCHOOLS INDEPENDENT SCHOOL DISTRICT NO. 020",51901,"PROPOSITION NO. 1  OILTON PUBLIC SCHOOLS",,1,1,2,"AGAINST THE PROPOSITION - NO",,0,0,23,23,,
3/5/2019,"CREEK","OILTON PUBLIC SCHOOLS INDEPENDENT SCHOOL DISTRICT NO. 020",51902,"PROPOSITION NO. 2  OILTON PUBLIC SCHOOLS",,1,1,1,"FOR THE PROPOSITION - YES",,1,1,143,145,,
3/5/2019,"CREEK","OILTON PUBLIC SCHOOLS INDEPENDENT SCHOOL DISTRICT NO. 020",51902,"PROPOSITION NO. 2  OILTON PUBLIC SCHOOLS",,1,1,2,"AGAINST THE PROPOSITION - NO",,0,0,12,12,,
3/5/2019,"GARVIN","ELMORE CITY-PERNELL SCHOOLS INDEPENDENT SCHOOL DISTRICT NO. 072",52501,"PROPOSITION  ELMORE CITY-PERNELL SCHOOLS",,5,5,1,"FOR THE PROPOSITION - YES",,7,36,391,434,,
3/5/2019,"GARVIN","ELMORE CITY-PERNELL SCHOOLS INDEPENDENT SCHOOL DISTRICT NO. 072",52501,"PROPOSITION  ELMORE CITY-PERNELL SCHOOLS",,5,5,2,"AGAINST THE PROPOSITION - NO",,5,13,281,299,,
3/5/2019,"GRADY","VERDEN PUBLIC SCHOOLS INDEPENDENT SCHOOL DISTRICT NO. 099",52601,"PROPOSITION NO. 1  VERDEN PUBLIC SCHOOLS",,4,4,1,"FOR THE PROPOSITION - YES",,0,0,45,45,,
3/5/2019,"GRADY","VERDEN PUBLIC SCHOOLS INDEPENDENT SCHOOL DISTRICT NO. 099",52601,"PROPOSITION NO. 1  VERDEN PUBLIC SCHOOLS",,4,4,2,"AGAINST THE PROPOSITION - NO",,1,0,6,7,,
3/5/2019,"GRADY","VERDEN PUBLIC SCHOOLS INDEPENDENT SCHOOL DISTRICT NO. 099",52602,"PROPOSITION NO. 2  VERDEN PUBLIC SCHOOLS",,4,4,1,"FOR THE PROPOSITION - YES",,0,0,43,43,,
3/5/2019,"GRADY","VERDEN PUBLIC SCHOOLS INDEPENDENT SCHOOL DISTRICT NO. 099",52602,"PROPOSITION NO. 2  VERDEN PUBLIC SCHOOLS",,4,4,2,"AGAINST THE PROPOSITION - NO",,1,0,8,9,,
3/5/2019,"JACKSON","ALTUS PUBLIC SCHOOLS INDEPENDENT SCHOOL DISTRICT NO. 018",53301,"PROPOSITION NO. 1  ALTUS PUBLIC SCHOOLS",,12,12,1,"FOR THE PROPOSITION - YES",,46,292,1193,1531,,
3/5/2019,"JACKSON","ALTUS PUBLIC SCHOOLS INDEPENDENT SCHOOL DISTRICT NO. 018",53301,"PROPOSITION NO. 1  ALTUS PUBLIC SCHOOLS",,12,12,2,"AGAINST THE PROPOSITION - NO",,21,76,574,671,,
3/5/2019,"JACKSON","ALTUS PUBLIC SCHOOLS INDEPENDENT SCHOOL DISTRICT NO. 018",53302,"PROPOSITION NO. 2  ALTUS PUBLIC SCHOOLS",,12,12,1,"FOR THE PROPOSITION - YES",,47,300,1195,1542,,
3/5/2019,"JACKSON","ALTUS PUBLIC SCHOOLS INDEPENDENT SCHOOL DISTRICT NO. 018",53302,"PROPOSITION NO. 2  ALTUS PUBLIC SCHOOLS",,12,12,2,"AGAINST THE PROPOSITION - NO",,21,68,577,666,,
3/5/2019,"JEFFERSON","JEFFERSON COUNTY",30004,"PROPOSITION",,10,10,1,"FOR THE PROPOSITION - YES",,10,31,623,664,,
3/5/2019,"JEFFERSON","JEFFERSON COUNTY",30004,"PROPOSITION",,10,10,2,"AGAINST THE PROPOSITION - NO",,1,2,42,45,,
3/5/2019,"LEFLORE","POCOLA PUBLIC SCHOOLS INDEPENDENT SCHOOL DISTRICT NO. 007",54001,"PROPOSITION  POCOLA PUBLIC SCHOOLS",,2,2,1,"FOR THE PROPOSITION - YES",,1,2,200,203,,
3/5/2019,"LEFLORE","POCOLA PUBLIC SCHOOLS INDEPENDENT SCHOOL DISTRICT NO. 007",54001,"PROPOSITION  POCOLA PUBLIC SCHOOLS",,2,2,2,"AGAINST THE PROPOSITION - NO",,0,0,157,157,,
3/5/2019,"LEFLORE","SPIRO PUBLIC SCHOOLS INDEPENDENT SCHOOL DISTRICT NO. 002",54002,"PROPOSITION NO. 1  SPIRO PUBLIC SCHOOLS",,7,7,1,"FOR THE PROPOSITION - YES",,3,1,269,273,,
3/5/2019,"LEFLORE","SPIRO PUBLIC SCHOOLS INDEPENDENT SCHOOL DISTRICT NO. 002",54002,"PROPOSITION NO. 1  SPIRO PUBLIC SCHOOLS",,7,7,2,"AGAINST THE PROPOSITION - NO",,3,3,110,116,,
3/5/2019,"LEFLORE","SPIRO PUBLIC SCHOOLS INDEPENDENT SCHOOL DISTRICT NO. 002",54003,"PROPOSITION NO.2  SPIRO PUBLIC SCHOOLS",,7,7,1,"FOR THE PROPOSITION - YES",,2,0,279,281,,
3/5/2019,"LEFLORE","SPIRO PUBLIC SCHOOLS INDEPENDENT SCHOOL DISTRICT NO. 002",54003,"PROPOSITION NO.2  SPIRO PUBLIC SCHOOLS",,7,7,2,"AGAINST THE PROPOSITION - NO",,4,4,101,109,,
3/5/2019,"MCCLAIN","MCCLAIN COUNTY",30001,"PROPOSITION NO. 1",,26,26,1,"FOR THE PROPOSITION - YES",,177,90,941,1208,,
3/5/2019,"MCCLAIN","MCCLAIN COUNTY",30001,"PROPOSITION NO. 1",,26,26,2,"AGAINST THE PROPOSITION - NO",,66,5,181,252,,
3/5/2019,"MCCLAIN","MCCLAIN COUNTY",30002,"PROPOSITION NO. 2",,26,26,1,"FOR THE PROPOSITION - YES",,189,91,939,1219,,
3/5/2019,"MCCLAIN","MCCLAIN COUNTY",30002,"PROPOSITION NO. 2",,26,26,2,"AGAINST THE PROPOSITION - NO",,53,4,185,242,,
3/5/2019,"MAYES","CITY OF PRYOR CREEK",44901,"PROPOSITION NO. 1  CITY OF PRYOR CREEK",,5,5,1,"FOR THE PROPOSITION - YES",,27,24,375,426,,
3/5/2019,"MAYES","CITY OF PRYOR CREEK",44901,"PROPOSITION NO. 1  CITY OF PRYOR CREEK",,5,5,2,"AGAINST THE PROPOSITION - NO",,13,27,266,306,,
3/5/2019,"MAYES","CITY OF PRYOR CREEK",44902,"PROPOSITION NO. 2  CITY OF PRYOR CREEK",,5,5,1,"FOR THE PROPOSITION - YES",,29,25,385,439,,
3/5/2019,"MAYES","CITY OF PRYOR CREEK",44902,"PROPOSITION NO. 2  CITY OF PRYOR CREEK",,5,5,2,"AGAINST THE PROPOSITION - NO",,12,27,276,315,,
3/5/2019,"MAYES","CHELSEA PUBLIC SCHOOLS INDEPENDENT SCHOOL DISTRICT NO. 003",56601,"PROPOSITION  CHELSEA PUBLIC SCHOOLS",,1,1,1,"FOR THE PROPOSITION - YES",,0,0,7,7,,
3/5/2019,"MAYES","CHELSEA PUBLIC SCHOOLS INDEPENDENT SCHOOL DISTRICT NO. 003",56601,"PROPOSITION  CHELSEA PUBLIC SCHOOLS",,1,1,2,"AGAINST THE PROPOSITION - NO",,1,0,0,1,,
3/5/2019,"MAYES","INOLA PUBLIC SCHOOLS INDEPENDENT SCHOOL DISTRICT NO. 005",56604,"PROPOSITION NO. 1  INOLA PUBLIC SCHOOLS",,2,2,1,"FOR THE PROPOSITION - YES",,0,0,0,0,,
3/5/2019,"MAYES","INOLA PUBLIC SCHOOLS INDEPENDENT SCHOOL DISTRICT NO. 005",56604,"PROPOSITION NO. 1  INOLA PUBLIC SCHOOLS",,2,2,2,"AGAINST THE PROPOSITION - NO",,0,0,0,0,,
3/5/2019,"MAYES","INOLA PUBLIC SCHOOLS INDEPENDENT SCHOOL DISTRICT NO. 005",56605,"PROPOSITION NO. 2  INOLA PUBLIC SCHOOLS",,2,2,1,"FOR THE PROPOSITION - YES",,0,0,0,0,,
3/5/2019,"MAYES","INOLA PUBLIC SCHOOLS INDEPENDENT SCHOOL DISTRICT NO. 005",56605,"PROPOSITION NO. 2  INOLA PUBLIC SCHOOLS",,2,2,2,"AGAINST THE PROPOSITION - NO",,0,0,0,0,,
3/5/2019,"MURRAY","ELMORE CITY-PERNELL SCHOOLS INDEPENDENT SCHOOL DISTRICT NO. 072",52501,"PROPOSITION  ELMORE CITY-PERNELL SCHOOLS",,1,1,1,"FOR THE PROPOSITION - YES",,0,0,0,0,,
3/5/2019,"MURRAY","ELMORE CITY-PERNELL SCHOOLS INDEPENDENT SCHOOL DISTRICT NO. 072",52501,"PROPOSITION  ELMORE CITY-PERNELL SCHOOLS",,1,1,2,"AGAINST THE PROPOSITION - NO",,0,0,0,0,,
3/5/2019,"NOWATA","CHELSEA PUBLIC SCHOOLS INDEPENDENT SCHOOL DISTRICT NO. 003",56601,"PROPOSITION  CHELSEA PUBLIC SCHOOLS",,1,1,1,"FOR THE PROPOSITION - YES",,0,0,15,15,,
3/5/2019,"NOWATA","CHELSEA PUBLIC SCHOOLS INDEPENDENT SCHOOL DISTRICT NO. 003",56601,"PROPOSITION  CHELSEA PUBLIC SCHOOLS",,1,1,2,"AGAINST THE PROPOSITION - NO",,0,0,0,0,,
3/5/2019,"OKLAHOMA","METRO TECH CENTER DISTRICT NO. 22",55501,"PROPOSITION  METRO TECH CENTER",,126,126,1,"FOR THE PROPOSITION - YES",,287,24,1295,1606,,
3/5/2019,"OKLAHOMA","METRO TECH CENTER DISTRICT NO. 22",55501,"PROPOSITION  METRO TECH CENTER",,126,126,2,"AGAINST THE PROPOSITION - NO",,215,5,436,656,,
3/5/2019,"OSAGE","SAND SPRINGS PUBLIC SCHOOLS INDEPENDENT SCHOOL DISTRICT NO. 002",57201,"PROPOSITION NO. 1  SAND SPRINGS PUBLIC SCHOOLS",,6,6,1,"FOR THE PROPOSITION - YES",,10,0,61,71,,
3/5/2019,"OSAGE","SAND SPRINGS PUBLIC SCHOOLS INDEPENDENT SCHOOL DISTRICT NO. 002",57201,"PROPOSITION NO. 1  SAND SPRINGS PUBLIC SCHOOLS",,6,6,2,"AGAINST THE PROPOSITION - NO",,8,0,8,16,,
3/5/2019,"OSAGE","SAND SPRINGS PUBLIC SCHOOLS INDEPENDENT SCHOOL DISTRICT NO. 002",57202,"PROPOSITION NO. 2  SAND SPRINGS PUBLIC SCHOOLS",,6,6,1,"FOR THE PROPOSITION - YES",,10,0,61,71,,
3/5/2019,"OSAGE","SAND SPRINGS PUBLIC SCHOOLS INDEPENDENT SCHOOL DISTRICT NO. 002",57202,"PROPOSITION NO. 2  SAND SPRINGS PUBLIC SCHOOLS",,6,6,2,"AGAINST THE PROPOSITION - NO",,8,0,8,16,,
3/5/2019,"OTTAWA","WELCH PUBLIC SCHOOLS INDEPENDENT SCHOOL DISTRICT NO. 017",51801,"PROPOSITION NO. 1  WELCH PUBLIC SCHOOLS",,1,1,1,"FOR THE PROPOSITION - YES",,0,0,0,0,,
3/5/2019,"OTTAWA","WELCH PUBLIC SCHOOLS INDEPENDENT SCHOOL DISTRICT NO. 017",51801,"PROPOSITION NO. 1  WELCH PUBLIC SCHOOLS",,1,1,2,"AGAINST THE PROPOSITION - NO",,0,0,0,0,,
3/5/2019,"OTTAWA","WELCH PUBLIC SCHOOLS INDEPENDENT SCHOOL DISTRICT NO. 017",51802,"PROPOSITION NO. 2  WELCH PUBLIC SCHOOLS",,1,1,1,"FOR THE PROPOSITION - YES",,0,0,0,0,,
3/5/2019,"OTTAWA","WELCH PUBLIC SCHOOLS INDEPENDENT SCHOOL DISTRICT NO. 017",51802,"PROPOSITION NO. 2  WELCH PUBLIC SCHOOLS",,1,1,2,"AGAINST THE PROPOSITION - NO",,0,0,0,0,,
3/5/2019,"PAWNEE","TOWN OF JENNINGS",45901,"PROPOSITION  TOWN OF JENNINGS",,1,1,1,"FOR THE PROPOSITION - YES",,0,0,20,20,,
3/5/2019,"PAWNEE","TOWN OF JENNINGS",45901,"PROPOSITION  TOWN OF JENNINGS",,1,1,2,"AGAINST THE PROPOSITION - NO",,0,0,0,0,,
3/5/2019,"PAYNE","OILTON PUBLIC SCHOOLS INDEPENDENT SCHOOL DISTRICT NO. 020",51901,"PROPOSITION NO. 1  OILTON PUBLIC SCHOOLS",,2,2,1,"FOR THE PROPOSITION - YES",,0,0,0,0,,
3/5/2019,"PAYNE","OILTON PUBLIC SCHOOLS INDEPENDENT SCHOOL DISTRICT NO. 020",51901,"PROPOSITION NO. 1  OILTON PUBLIC SCHOOLS",,2,2,2,"AGAINST THE PROPOSITION - NO",,0,0,0,0,,
3/5/2019,"PAYNE","OILTON PUBLIC SCHOOLS INDEPENDENT SCHOOL DISTRICT NO. 020",51902,"PROPOSITION NO. 2  OILTON PUBLIC SCHOOLS",,2,2,1,"FOR THE PROPOSITION - YES",,0,0,0,0,,
3/5/2019,"PAYNE","OILTON PUBLIC SCHOOLS INDEPENDENT SCHOOL DISTRICT NO. 020",51902,"PROPOSITION NO. 2  OILTON PUBLIC SCHOOLS",,2,2,2,"AGAINST THE PROPOSITION - NO",,0,0,0,0,,
3/5/2019,"ROGERS","CHELSEA PUBLIC SCHOOLS INDEPENDENT SCHOOL DISTRICT NO. 003",56601,"PROPOSITION  CHELSEA PUBLIC SCHOOLS",,3,3,1,"FOR THE PROPOSITION - YES",,6,0,197,203,,
3/5/2019,"ROGERS","CHELSEA PUBLIC SCHOOLS INDEPENDENT SCHOOL DISTRICT NO. 003",56601,"PROPOSITION  CHELSEA PUBLIC SCHOOLS",,3,3,2,"AGAINST THE PROPOSITION - NO",,2,0,53,55,,
3/5/2019,"ROGERS","CLAREMORE PUBLIC SCHOOLS INDEPENDENT SCHOOL DISTRICT NO. 001",56602,"PROPOSITION NO. 1  CLAREMORE PUBLIC SCHOOLS",,9,9,1,"FOR THE PROPOSITION - YES",,62,111,947,1120,,
3/5/2019,"ROGERS","CLAREMORE PUBLIC SCHOOLS INDEPENDENT SCHOOL DISTRICT NO. 001",56602,"PROPOSITION NO. 1  CLAREMORE PUBLIC SCHOOLS",,9,9,2,"AGAINST THE PROPOSITION - NO",,18,11,139,168,,
3/5/2019,"ROGERS","CLAREMORE PUBLIC SCHOOLS INDEPENDENT SCHOOL DISTRICT NO. 001",56603,"PROPOSITION NO. 2  CLAREMORE PUBLIC SCHOOLS",,9,9,1,"FOR THE PROPOSITION - YES",,61,109,955,1125,,
3/5/2019,"ROGERS","CLAREMORE PUBLIC SCHOOLS INDEPENDENT SCHOOL DISTRICT NO. 001",56603,"PROPOSITION NO. 2  CLAREMORE PUBLIC SCHOOLS",,9,9,2,"AGAINST THE PROPOSITION - NO",,20,12,138,170,,
3/5/2019,"ROGERS","INOLA PUBLIC SCHOOLS INDEPENDENT SCHOOL DISTRICT NO. 005",56604,"PROPOSITION NO. 1  INOLA PUBLIC SCHOOLS",,3,3,1,"FOR THE PROPOSITION - YES",,14,0,412,426,,
3/5/2019,"ROGERS","INOLA PUBLIC SCHOOLS INDEPENDENT SCHOOL DISTRICT NO. 005",56604,"PROPOSITION NO. 1  INOLA PUBLIC SCHOOLS",,3,3,2,"AGAINST THE PROPOSITION - NO",,3,1,20,24,,
3/5/2019,"ROGERS","INOLA PUBLIC SCHOOLS INDEPENDENT SCHOOL DISTRICT NO. 005",56605,"PROPOSITION NO. 2  INOLA PUBLIC SCHOOLS",,3,3,1,"FOR THE PROPOSITION - YES",,13,1,420,434,,
3/5/2019,"ROGERS","INOLA PUBLIC SCHOOLS INDEPENDENT SCHOOL DISTRICT NO. 005",56605,"PROPOSITION NO. 2  INOLA PUBLIC SCHOOLS",,3,3,2,"AGAINST THE PROPOSITION - NO",,5,1,18,24,,
3/5/2019,"SEQUOYAH","ROLAND PUBLIC SCHOOLS INDEPENDENT SCHOOL DISTRICT NO. 005",56801,"PROPOSITION NO. 1  ROLAND PUBLIC SCHOOLS",,4,4,1,"FOR THE PROPOSITION - YES",,7,4,373,384,,
3/5/2019,"SEQUOYAH","ROLAND PUBLIC SCHOOLS INDEPENDENT SCHOOL DISTRICT NO. 005",56801,"PROPOSITION NO. 1  ROLAND PUBLIC SCHOOLS",,4,4,2,"AGAINST THE PROPOSITION - NO",,2,2,115,119,,
3/5/2019,"SEQUOYAH","ROLAND PUBLIC SCHOOLS INDEPENDENT SCHOOL DISTRICT NO. 005",56802,"PROPOSITION NO. 2  ROLAND PUBLIC SCHOOLS",,4,4,1,"FOR THE PROPOSITION - YES",,6,4,375,385,,
3/5/2019,"SEQUOYAH","ROLAND PUBLIC SCHOOLS INDEPENDENT SCHOOL DISTRICT NO. 005",56802,"PROPOSITION NO. 2  ROLAND PUBLIC SCHOOLS",,4,4,2,"AGAINST THE PROPOSITION - NO",,3,2,115,120,,
3/5/2019,"SEQUOYAH","VIAN PUBLIC SCHOOLS INDEPENDENT SCHOOL DISTRICT NO. 002",56803,"PROPOSITION  VIAN PUBLIC SCHOOLS",,8,8,1,"FOR THE PROPOSITION - YES",,7,24,295,326,,
3/5/2019,"SEQUOYAH","VIAN PUBLIC SCHOOLS INDEPENDENT SCHOOL DISTRICT NO. 002",56803,"PROPOSITION  VIAN PUBLIC SCHOOLS",,8,8,2,"AGAINST THE PROPOSITION - NO",,0,2,131,133,,
3/5/2019,"STEPHENS","ELMORE CITY-PERNELL SCHOOLS INDEPENDENT SCHOOL DISTRICT NO. 072",52501,"PROPOSITION  ELMORE CITY-PERNELL SCHOOLS",,1,1,1,"FOR THE PROPOSITION - YES",,0,0,0,0,,
3/5/2019,"STEPHENS","ELMORE CITY-PERNELL SCHOOLS INDEPENDENT SCHOOL DISTRICT NO. 072",52501,"PROPOSITION  ELMORE CITY-PERNELL SCHOOLS",,1,1,2,"AGAINST THE PROPOSITION - NO",,0,0,0,0,,
3/5/2019,"TEXAS","TEXAS COUNTY",30003,"PROPOSITION",,11,11,1,"FOR THE PROPOSITION - YES",,47,149,1373,1569,,
3/5/2019,"TEXAS","TEXAS COUNTY",30003,"PROPOSITION",,11,11,2,"AGAINST THE PROPOSITION - NO",,14,10,244,268,,
3/5/2019,"TULSA","SAND SPRINGS PUBLIC SCHOOLS INDEPENDENT SCHOOL DISTRICT NO. 002",57201,"PROPOSITION NO. 1  SAND SPRINGS PUBLIC SCHOOLS",,11,11,1,"FOR THE PROPOSITION - YES",,40,12,1652,1704,,
3/5/2019,"TULSA","SAND SPRINGS PUBLIC SCHOOLS INDEPENDENT SCHOOL DISTRICT NO. 002",57201,"PROPOSITION NO. 1  SAND SPRINGS PUBLIC SCHOOLS",,11,11,2,"AGAINST THE PROPOSITION - NO",,20,1,100,121,,
3/5/2019,"TULSA","SAND SPRINGS PUBLIC SCHOOLS INDEPENDENT SCHOOL DISTRICT NO. 002",57202,"PROPOSITION NO. 2  SAND SPRINGS PUBLIC SCHOOLS",,11,11,1,"FOR THE PROPOSITION - YES",,40,12,1627,1679,,
3/5/2019,"TULSA","SAND SPRINGS PUBLIC SCHOOLS INDEPENDENT SCHOOL DISTRICT NO. 002",57202,"PROPOSITION NO. 2  SAND SPRINGS PUBLIC SCHOOLS",,11,11,2,"AGAINST THE PROPOSITION - NO",,19,1,128,148,,
3/5/2019,"WAGONER","INOLA PUBLIC SCHOOLS INDEPENDENT SCHOOL DISTRICT NO. 005",56604,"PROPOSITION NO. 1  INOLA PUBLIC SCHOOLS",,2,2,1,"FOR THE PROPOSITION - YES",,0,0,1,1,,
3/5/2019,"WAGONER","INOLA PUBLIC SCHOOLS INDEPENDENT SCHOOL DISTRICT NO. 005",56604,"PROPOSITION NO. 1  INOLA PUBLIC SCHOOLS",,2,2,2,"AGAINST THE PROPOSITION - NO",,0,0,0,0,,
3/5/2019,"WAGONER","INOLA PUBLIC SCHOOLS INDEPENDENT SCHOOL DISTRICT NO. 005",56605,"PROPOSITION NO. 2  INOLA PUBLIC SCHOOLS",,2,2,1,"FOR THE PROPOSITION - YES",,0,0,1,1,,
3/5/2019,"WAGONER","INOLA PUBLIC SCHOOLS INDEPENDENT SCHOOL DISTRICT NO. 005",56605,"PROPOSITION NO. 2  INOLA PUBLIC SCHOOLS",,2,2,2,"AGAINST THE PROPOSITION - NO",,0,0,0,0,,
