elec_date,county,entity_description,race_number,race_description,race_party,tot_race_prec,race_prec_reporting,cand_number,cand_name,cand_party,cand_absmail_votes,cand_early_votes,cand_elecday_votes,cand_tot_votes,race_county_owner
10/12/2021,"ALFALFA","TIMBERLAKE PUBLIC SCHOOLS INDEPENDENT SCHOOL DISTRICT NO. 093",50201,"PROPOSITION NO. 1  TIMBERLAKE PUBLIC SCHOOLS",,4,4,1,"FOR THE PROPOSITION - YES",,0,0,170,170,,
10/12/2021,"ALFALFA","TIMBERLAKE PUBLIC SCHOOLS INDEPENDENT SCHOOL DISTRICT NO. 093",50201,"PROPOSITION NO. 1  TIMBERLAKE PUBLIC SCHOOLS",,4,4,2,"AGAINST THE PROPOSITION - NO",,5,0,46,51,,
10/12/2021,"ALFALFA","TIMBERLAKE PUBLIC SCHOOLS INDEPENDENT SCHOOL DISTRICT NO. 093",50202,"PROPOSITION NO. 2  TIMBERLAKE PUBLIC SCHOOLS",,4,4,1,"FOR THE PROPOSITION - YES",,2,0,172,174,,
10/12/2021,"ALFALFA","TIMBERLAKE PUBLIC SCHOOLS INDEPENDENT SCHOOL DISTRICT NO. 093",50202,"PROPOSITION NO. 2  TIMBERLAKE PUBLIC SCHOOLS",,4,4,2,"AGAINST THE PROPOSITION - NO",,3,0,44,47,,
10/12/2021,"BRYAN","BRYAN COUNTY",30001,"PROPOSITION",,22,22,1,"FOR THE PROPOSITION - YES",,82,14,468,564,,
10/12/2021,"BRYAN","BRYAN COUNTY",30001,"PROPOSITION",,22,22,2,"AGAINST THE PROPOSITION - NO",,64,37,848,949,,
10/12/2021,"CADDO","TOWN OF BINGER",40801,"PROPOSITION  TOWN OF BINGER",,1,1,1,"FOR THE PROPOSITION - YES",,2,0,33,35,,
10/12/2021,"CADDO","TOWN OF BINGER",40801,"PROPOSITION  TOWN OF BINGER",,1,1,2,"AGAINST THE PROPOSITION - NO",,2,0,2,4,,
10/12/2021,"CANADIAN","BANNER PUBLIC SCHOOLS ELEMENTARY SCHOOL DISTRICT NO. 031",50901,"PROPOSITION  BANNER PUBLIC SCHOOLS",,8,8,1,"FOR THE PROPOSITION - YES",,1,0,52,53,,
10/12/2021,"CANADIAN","BANNER PUBLIC SCHOOLS ELEMENTARY SCHOOL DISTRICT NO. 031",50901,"PROPOSITION  BANNER PUBLIC SCHOOLS",,8,8,2,"AGAINST THE PROPOSITION - NO",,3,1,62,66,,
10/12/2021,"CLEVELAND","CITY OF NOBLE",41401,"PROPOSITION PUBLIC SAFETY BUILDINGS AND FACILITIES PROJECTS  CITY OF NOBLE",,2,2,1,"FOR THE PROPOSITION - YES",,11,1,227,239,,
10/12/2021,"CLEVELAND","CITY OF NOBLE",41401,"PROPOSITION PUBLIC SAFETY BUILDINGS AND FACILITIES PROJECTS  CITY OF NOBLE",,2,2,2,"AGAINST THE PROPOSITION - NO",,2,3,51,56,,
10/12/2021,"CLEVELAND","TOWN OF SLAUGHTERVILLE",41402,"PROPOSITION  TOWN OF SLAUGHTERVILLE",,4,4,1,"FOR THE PROPOSITION - YES",,1,2,46,49,,
10/12/2021,"CLEVELAND","TOWN OF SLAUGHTERVILLE",41402,"PROPOSITION  TOWN OF SLAUGHTERVILLE",,4,4,2,"AGAINST THE PROPOSITION - NO",,0,0,3,3,,
10/12/2021,"COAL","CALVIN PUBLIC SCHOOLS INDEPENDENT SCHOOL DISTRICT NO. 048",53201,"PROPOSITION  CALVIN PUBLIC SCHOOLS",,2,2,1,"FOR THE PROPOSITION - YES",,0,0,0,0,,
10/12/2021,"COAL","CALVIN PUBLIC SCHOOLS INDEPENDENT SCHOOL DISTRICT NO. 048",53201,"PROPOSITION  CALVIN PUBLIC SCHOOLS",,2,2,2,"AGAINST THE PROPOSITION - NO",,0,0,0,0,,
10/12/2021,"CUSTER","TOWN OF HAMMON",46501,"PROPOSITION  TOWN OF HAMMON",,1,1,1,"FOR THE PROPOSITION - YES",,0,0,2,2,,
10/12/2021,"CUSTER","TOWN OF HAMMON",46501,"PROPOSITION  TOWN OF HAMMON",,1,1,2,"AGAINST THE PROPOSITION - NO",,0,0,0,0,,
10/12/2021,"GARFIELD","TIMBERLAKE PUBLIC SCHOOLS INDEPENDENT SCHOOL DISTRICT NO. 093",50201,"PROPOSITION NO. 1  TIMBERLAKE PUBLIC SCHOOLS",,1,1,1,"FOR THE PROPOSITION - YES",,1,0,0,1,,
10/12/2021,"GARFIELD","TIMBERLAKE PUBLIC SCHOOLS INDEPENDENT SCHOOL DISTRICT NO. 093",50201,"PROPOSITION NO. 1  TIMBERLAKE PUBLIC SCHOOLS",,1,1,2,"AGAINST THE PROPOSITION - NO",,3,0,0,3,,
10/12/2021,"GARFIELD","TIMBERLAKE PUBLIC SCHOOLS INDEPENDENT SCHOOL DISTRICT NO. 093",50202,"PROPOSITION NO. 2  TIMBERLAKE PUBLIC SCHOOLS",,1,1,1,"FOR THE PROPOSITION - YES",,4,0,0,4,,
10/12/2021,"GARFIELD","TIMBERLAKE PUBLIC SCHOOLS INDEPENDENT SCHOOL DISTRICT NO. 093",50202,"PROPOSITION NO. 2  TIMBERLAKE PUBLIC SCHOOLS",,1,1,2,"AGAINST THE PROPOSITION - NO",,0,0,0,0,,
10/12/2021,"GRADY","TUTTLE PUBLIC SCHOOLS INDEPENDENT SCHOOL DISTRICT NO. 097",52601,"PROPOSITION  TUTTLE PUBLIC SCHOOLS",,6,6,1,"FOR THE PROPOSITION - YES",,1,4,389,394,,
10/12/2021,"GRADY","TUTTLE PUBLIC SCHOOLS INDEPENDENT SCHOOL DISTRICT NO. 097",52601,"PROPOSITION  TUTTLE PUBLIC SCHOOLS",,6,6,2,"AGAINST THE PROPOSITION - NO",,13,0,181,194,,
10/12/2021,"GRANT","TIMBERLAKE PUBLIC SCHOOLS INDEPENDENT SCHOOL DISTRICT NO. 093",50201,"PROPOSITION NO. 1  TIMBERLAKE PUBLIC SCHOOLS",,2,2,1,"FOR THE PROPOSITION - YES",,0,0,19,19,,
10/12/2021,"GRANT","TIMBERLAKE PUBLIC SCHOOLS INDEPENDENT SCHOOL DISTRICT NO. 093",50201,"PROPOSITION NO. 1  TIMBERLAKE PUBLIC SCHOOLS",,2,2,2,"AGAINST THE PROPOSITION - NO",,2,0,14,16,,
10/12/2021,"GRANT","TIMBERLAKE PUBLIC SCHOOLS INDEPENDENT SCHOOL DISTRICT NO. 093",50202,"PROPOSITION NO. 2  TIMBERLAKE PUBLIC SCHOOLS",,2,2,1,"FOR THE PROPOSITION - YES",,0,0,18,18,,
10/12/2021,"GRANT","TIMBERLAKE PUBLIC SCHOOLS INDEPENDENT SCHOOL DISTRICT NO. 093",50202,"PROPOSITION NO. 2  TIMBERLAKE PUBLIC SCHOOLS",,2,2,2,"AGAINST THE PROPOSITION - NO",,1,0,15,16,,
10/12/2021,"HUGHES","CALVIN PUBLIC SCHOOLS INDEPENDENT SCHOOL DISTRICT NO. 048",53201,"PROPOSITION  CALVIN PUBLIC SCHOOLS",,5,5,1,"FOR THE PROPOSITION - YES",,4,0,92,96,,
10/12/2021,"HUGHES","CALVIN PUBLIC SCHOOLS INDEPENDENT SCHOOL DISTRICT NO. 048",53201,"PROPOSITION  CALVIN PUBLIC SCHOOLS",,5,5,2,"AGAINST THE PROPOSITION - NO",,2,0,25,27,,
10/12/2021,"HUGHES","MOSS PUBLIC SCHOOLS INDEPENDENT SCHOOL DISTRICT NO. 001",53202,"PROPOSITION  MOSS PUBLIC SCHOOLS",,7,7,1,"FOR THE PROPOSITION - YES",,1,1,52,54,,
10/12/2021,"HUGHES","MOSS PUBLIC SCHOOLS INDEPENDENT SCHOOL DISTRICT NO. 001",53202,"PROPOSITION  MOSS PUBLIC SCHOOLS",,7,7,2,"AGAINST THE PROPOSITION - NO",,0,5,36,41,,
10/12/2021,"KAY","PONCA CITY PUBLIC SCHOOLS INDEPENDENT SCHOOL DISTRICT NO. 071",53601,"PROPOSITION  PONCA CITY PUBLIC SCHOOLS",,16,16,1,"FOR THE PROPOSITION - YES",,25,51,1387,1463,,
10/12/2021,"KAY","PONCA CITY PUBLIC SCHOOLS INDEPENDENT SCHOOL DISTRICT NO. 071",53601,"PROPOSITION  PONCA CITY PUBLIC SCHOOLS",,16,16,2,"AGAINST THE PROPOSITION - NO",,11,17,315,343,,
10/12/2021,"LEFLORE","CITY OF HEAVENER",44001,"PROPOSITION  CITY OF HEAVENER",,3,3,1,"FOR THE PROPOSITION - YES",,3,4,35,42,,
10/12/2021,"LEFLORE","CITY OF HEAVENER",44001,"PROPOSITION  CITY OF HEAVENER",,3,3,2,"AGAINST THE PROPOSITION - NO",,0,0,2,2,,
10/12/2021,"LEFLORE","TOWN OF HOWE",44002,"PROPOSITION  TOWN OF HOWE",,1,1,1,"FOR THE PROPOSITION - YES",,0,0,13,13,,
10/12/2021,"LEFLORE","TOWN OF HOWE",44002,"PROPOSITION  TOWN OF HOWE",,1,1,2,"AGAINST THE PROPOSITION - NO",,0,0,0,0,,
10/12/2021,"MCCLAIN","WASHINGTON PUBLIC SCHOOLS INDEPENDENT SCHOOL DISTRICT NO. 005",54401,"PROPOSITION  WASHINGTON PUBLIC SCHOOLS",,9,9,1,"FOR THE PROPOSITION - YES",,13,5,475,493,,
10/12/2021,"MCCLAIN","WASHINGTON PUBLIC SCHOOLS INDEPENDENT SCHOOL DISTRICT NO. 005",54401,"PROPOSITION  WASHINGTON PUBLIC SCHOOLS",,9,9,2,"AGAINST THE PROPOSITION - NO",,6,11,196,213,,
10/12/2021,"MCCURTAIN","BROKEN BOW PUBLIC SCHOOLS INDEPENDENT SCHOOL DISTRICT NO. 074",54501,"PROPOSITION  BROKEN BOW PUBLIC SCHOOLS",,8,8,1,"FOR THE PROPOSITION - YES",,8,36,296,340,,
10/12/2021,"MCCURTAIN","BROKEN BOW PUBLIC SCHOOLS INDEPENDENT SCHOOL DISTRICT NO. 074",54501,"PROPOSITION  BROKEN BOW PUBLIC SCHOOLS",,8,8,2,"AGAINST THE PROPOSITION - NO",,5,0,66,71,,
10/12/2021,"MAJOR","TIMBERLAKE PUBLIC SCHOOLS INDEPENDENT SCHOOL DISTRICT NO. 093",50201,"PROPOSITION NO. 1  TIMBERLAKE PUBLIC SCHOOLS",,1,1,1,"FOR THE PROPOSITION - YES",,0,0,0,0,,
10/12/2021,"MAJOR","TIMBERLAKE PUBLIC SCHOOLS INDEPENDENT SCHOOL DISTRICT NO. 093",50201,"PROPOSITION NO. 1  TIMBERLAKE PUBLIC SCHOOLS",,1,1,2,"AGAINST THE PROPOSITION - NO",,0,0,0,0,,
10/12/2021,"MAJOR","TIMBERLAKE PUBLIC SCHOOLS INDEPENDENT SCHOOL DISTRICT NO. 093",50202,"PROPOSITION NO. 2  TIMBERLAKE PUBLIC SCHOOLS",,1,1,1,"FOR THE PROPOSITION - YES",,0,0,0,0,,
10/12/2021,"MAJOR","TIMBERLAKE PUBLIC SCHOOLS INDEPENDENT SCHOOL DISTRICT NO. 093",50202,"PROPOSITION NO. 2  TIMBERLAKE PUBLIC SCHOOLS",,1,1,2,"AGAINST THE PROPOSITION - NO",,0,0,0,0,,
10/12/2021,"NOBLE","PONCA CITY PUBLIC SCHOOLS INDEPENDENT SCHOOL DISTRICT NO. 071",53601,"PROPOSITION  PONCA CITY PUBLIC SCHOOLS",,1,1,1,"FOR THE PROPOSITION - YES",,0,0,0,0,,
10/12/2021,"NOBLE","PONCA CITY PUBLIC SCHOOLS INDEPENDENT SCHOOL DISTRICT NO. 071",53601,"PROPOSITION  PONCA CITY PUBLIC SCHOOLS",,1,1,2,"AGAINST THE PROPOSITION - NO",,0,0,0,0,,
10/12/2021,"OKLAHOMA","CITY OF EDMOND",45501,"PROPOSITION  CITY OF EDMOND",,31,31,1,"FOR THE PROPOSITION - YES",,1065,80,7044,8189,,
10/12/2021,"OKLAHOMA","CITY OF EDMOND",45501,"PROPOSITION  CITY OF EDMOND",,31,31,2,"AGAINST THE PROPOSITION - NO",,300,4,1576,1880,,
10/12/2021,"OSAGE","PONCA CITY PUBLIC SCHOOLS INDEPENDENT SCHOOL DISTRICT NO. 071",53601,"PROPOSITION  PONCA CITY PUBLIC SCHOOLS",,2,2,1,"FOR THE PROPOSITION - YES",,5,0,26,31,,
10/12/2021,"OSAGE","PONCA CITY PUBLIC SCHOOLS INDEPENDENT SCHOOL DISTRICT NO. 071",53601,"PROPOSITION  PONCA CITY PUBLIC SCHOOLS",,2,2,2,"AGAINST THE PROPOSITION - NO",,5,0,3,8,,
10/12/2021,"POTTAWATOMIE","STROTHER PUBLIC SCHOOLS INDEPENDENT SCHOOL DISTRICT NO. 014",56701,"PROPOSITION  STROTHER PUBLIC SCHOOLS",,1,1,1,"FOR THE PROPOSITION - YES",,6,0,2,8,,
10/12/2021,"POTTAWATOMIE","STROTHER PUBLIC SCHOOLS INDEPENDENT SCHOOL DISTRICT NO. 014",56701,"PROPOSITION  STROTHER PUBLIC SCHOOLS",,1,1,2,"AGAINST THE PROPOSITION - NO",,1,3,13,17,,
10/12/2021,"PUSHMATAHA","TOWN OF CLAYTON",46401,"PROPOSITION  TOWN OF CLAYTON",,1,1,1,"FOR THE PROPOSITION - YES",,1,0,40,41,,
10/12/2021,"PUSHMATAHA","TOWN OF CLAYTON",46401,"PROPOSITION  TOWN OF CLAYTON",,1,1,2,"AGAINST THE PROPOSITION - NO",,0,0,0,0,,
10/12/2021,"ROGER MILLS","TOWN OF HAMMON",46501,"PROPOSITION  TOWN OF HAMMON",,1,1,1,"FOR THE PROPOSITION - YES",,0,0,19,19,,
10/12/2021,"ROGER MILLS","TOWN OF HAMMON",46501,"PROPOSITION  TOWN OF HAMMON",,1,1,2,"AGAINST THE PROPOSITION - NO",,0,0,0,0,,
10/12/2021,"SEMINOLE","STROTHER PUBLIC SCHOOLS INDEPENDENT SCHOOL DISTRICT NO. 014",56701,"PROPOSITION  STROTHER PUBLIC SCHOOLS",,4,4,1,"FOR THE PROPOSITION - YES",,0,3,62,65,,
10/12/2021,"SEMINOLE","STROTHER PUBLIC SCHOOLS INDEPENDENT SCHOOL DISTRICT NO. 014",56701,"PROPOSITION  STROTHER PUBLIC SCHOOLS",,4,4,2,"AGAINST THE PROPOSITION - NO",,4,4,233,241,,
10/12/2021,"SEQUOYAH","SALLISAW PUBLIC SCHOOLS INDEPENDENT SCHOOL DISTRICT NO. 001",56801,"PROPOSITION  SALLISAW PUBLIC SCHOOLS",,12,12,1,"FOR THE PROPOSITION - YES",,14,113,544,671,,
10/12/2021,"SEQUOYAH","SALLISAW PUBLIC SCHOOLS INDEPENDENT SCHOOL DISTRICT NO. 001",56801,"PROPOSITION  SALLISAW PUBLIC SCHOOLS",,12,12,2,"AGAINST THE PROPOSITION - NO",,10,88,629,727,,
10/12/2021,"TEXAS","GUYMON PUBLIC SCHOOLS INDEPENDENT SCHOOL DISTRICT NO. 008",57001,"PROPOSITION  GUYMON PUBLIC SCHOOLS",,8,8,1,"FOR THE PROPOSITION - YES",,14,50,488,552,,
10/12/2021,"TEXAS","GUYMON PUBLIC SCHOOLS INDEPENDENT SCHOOL DISTRICT NO. 008",57001,"PROPOSITION  GUYMON PUBLIC SCHOOLS",,8,8,2,"AGAINST THE PROPOSITION - NO",,17,90,627,734,,
