elec_date,precinct,entity_description,race_number,race_description,race_party,tot_race_prec,race_prec_reporting,cand_number,cand_name,cand_party,cand_absmail_votes,cand_early_votes,cand_elecday_votes,cand_tot_votes,race_county_owner
1/12/2021,"050231","HAMMON PUBLIC SCHOOLS INDEPENDENT SCHOOL DISTRICT NO. 066",56501,"PROPOSITION  HAMMON PUBLIC SCHOOLS",,5,5,1,"FOR THE PROPOSITION - YES",,0,0,0,0,,
1/12/2021,"050231","HAMMON PUBLIC SCHOOLS INDEPENDENT SCHOOL DISTRICT NO. 066",56501,"PROPOSITION  HAMMON PUBLIC SCHOOLS",,5,5,2,"AGAINST THE PROPOSITION - NO",,0,0,0,0,,
1/12/2021,"090503","CITY OF PIEDMONT",40901,"PROPOSITION  CITY OF PIEDMONT",,4,4,1,"FOR THE PROPOSITION - YES",,0,0,4,4,,
1/12/2021,"090503","CITY OF PIEDMONT",40901,"PROPOSITION  CITY OF PIEDMONT",,4,4,2,"AGAINST THE PROPOSITION - NO",,0,0,41,41,,
1/12/2021,"090504","CITY OF PIEDMONT",40901,"PROPOSITION  CITY OF PIEDMONT",,4,4,1,"FOR THE PROPOSITION - YES",,6,0,135,141,,
1/12/2021,"090504","CITY OF PIEDMONT",40901,"PROPOSITION  CITY OF PIEDMONT",,4,4,2,"AGAINST THE PROPOSITION - NO",,14,0,579,593,,
1/12/2021,"090506","CITY OF PIEDMONT",40901,"PROPOSITION  CITY OF PIEDMONT",,4,4,1,"FOR THE PROPOSITION - YES",,0,0,80,80,,
1/12/2021,"090506","CITY OF PIEDMONT",40901,"PROPOSITION  CITY OF PIEDMONT",,4,4,2,"AGAINST THE PROPOSITION - NO",,4,4,346,354,,
1/12/2021,"190111","CITY OF SAPULPA",41901,"PROPOSITION  CITY OF SAPULPA",,22,22,1,"FOR THE PROPOSITION - YES",,2,4,16,22,,
1/12/2021,"190111","CITY OF SAPULPA",41901,"PROPOSITION  CITY OF SAPULPA",,22,22,2,"AGAINST THE PROPOSITION - NO",,0,0,13,13,,
1/12/2021,"190112","CITY OF SAPULPA",41901,"PROPOSITION  CITY OF SAPULPA",,22,22,1,"FOR THE PROPOSITION - YES",,1,0,3,4,,
1/12/2021,"190112","CITY OF SAPULPA",41901,"PROPOSITION  CITY OF SAPULPA",,22,22,2,"AGAINST THE PROPOSITION - NO",,0,1,6,7,,
1/12/2021,"190121","CITY OF SAPULPA",41901,"PROPOSITION  CITY OF SAPULPA",,22,22,1,"FOR THE PROPOSITION - YES",,0,1,3,4,,
1/12/2021,"190121","CITY OF SAPULPA",41901,"PROPOSITION  CITY OF SAPULPA",,22,22,2,"AGAINST THE PROPOSITION - NO",,0,1,0,1,,
1/12/2021,"190122","CITY OF SAPULPA",41901,"PROPOSITION  CITY OF SAPULPA",,22,22,1,"FOR THE PROPOSITION - YES",,0,1,6,7,,
1/12/2021,"190122","CITY OF SAPULPA",41901,"PROPOSITION  CITY OF SAPULPA",,22,22,2,"AGAINST THE PROPOSITION - NO",,0,0,7,7,,
1/12/2021,"190131","CITY OF SAPULPA",41901,"PROPOSITION  CITY OF SAPULPA",,22,22,1,"FOR THE PROPOSITION - YES",,0,2,21,23,,
1/12/2021,"190131","CITY OF SAPULPA",41901,"PROPOSITION  CITY OF SAPULPA",,22,22,2,"AGAINST THE PROPOSITION - NO",,0,0,8,8,,
1/12/2021,"190132","CITY OF SAPULPA",41901,"PROPOSITION  CITY OF SAPULPA",,22,22,1,"FOR THE PROPOSITION - YES",,0,5,25,30,,
1/12/2021,"190132","CITY OF SAPULPA",41901,"PROPOSITION  CITY OF SAPULPA",,22,22,2,"AGAINST THE PROPOSITION - NO",,1,0,16,17,,
1/12/2021,"190142","CITY OF SAPULPA",41901,"PROPOSITION  CITY OF SAPULPA",,22,22,1,"FOR THE PROPOSITION - YES",,5,31,82,118,,
1/12/2021,"190142","CITY OF SAPULPA",41901,"PROPOSITION  CITY OF SAPULPA",,22,22,2,"AGAINST THE PROPOSITION - NO",,3,0,19,22,,
1/12/2021,"190143","CITY OF SAPULPA",41901,"PROPOSITION  CITY OF SAPULPA",,22,22,1,"FOR THE PROPOSITION - YES",,0,8,31,39,,
1/12/2021,"190143","CITY OF SAPULPA",41901,"PROPOSITION  CITY OF SAPULPA",,22,22,2,"AGAINST THE PROPOSITION - NO",,0,1,11,12,,
1/12/2021,"190401","CITY OF SAPULPA",41901,"PROPOSITION  CITY OF SAPULPA",,22,22,1,"FOR THE PROPOSITION - YES",,0,0,0,0,,
1/12/2021,"190401","CITY OF SAPULPA",41901,"PROPOSITION  CITY OF SAPULPA",,22,22,2,"AGAINST THE PROPOSITION - NO",,0,0,0,0,,
1/12/2021,"190402","CITY OF SAPULPA",41901,"PROPOSITION  CITY OF SAPULPA",,22,22,1,"FOR THE PROPOSITION - YES",,0,3,2,5,,
1/12/2021,"190402","CITY OF SAPULPA",41901,"PROPOSITION  CITY OF SAPULPA",,22,22,2,"AGAINST THE PROPOSITION - NO",,0,0,5,5,,
1/12/2021,"190403","CITY OF SAPULPA",41901,"PROPOSITION  CITY OF SAPULPA",,22,22,1,"FOR THE PROPOSITION - YES",,0,0,0,0,,
1/12/2021,"190403","CITY OF SAPULPA",41901,"PROPOSITION  CITY OF SAPULPA",,22,22,2,"AGAINST THE PROPOSITION - NO",,0,0,0,0,,
1/12/2021,"190414","CITY OF SAPULPA",41901,"PROPOSITION  CITY OF SAPULPA",,22,22,1,"FOR THE PROPOSITION - YES",,0,0,1,1,,
1/12/2021,"190414","CITY OF SAPULPA",41901,"PROPOSITION  CITY OF SAPULPA",,22,22,2,"AGAINST THE PROPOSITION - NO",,0,0,4,4,,
1/12/2021,"190415","CITY OF SAPULPA",41901,"PROPOSITION  CITY OF SAPULPA",,22,22,1,"FOR THE PROPOSITION - YES",,0,0,0,0,,
1/12/2021,"190415","CITY OF SAPULPA",41901,"PROPOSITION  CITY OF SAPULPA",,22,22,2,"AGAINST THE PROPOSITION - NO",,0,0,0,0,,
1/12/2021,"190416","CITY OF SAPULPA",41901,"PROPOSITION  CITY OF SAPULPA",,22,22,1,"FOR THE PROPOSITION - YES",,0,0,0,0,,
1/12/2021,"190416","CITY OF SAPULPA",41901,"PROPOSITION  CITY OF SAPULPA",,22,22,2,"AGAINST THE PROPOSITION - NO",,0,0,0,0,,
1/12/2021,"190417","CITY OF SAPULPA",41901,"PROPOSITION  CITY OF SAPULPA",,22,22,1,"FOR THE PROPOSITION - YES",,0,0,0,0,,
1/12/2021,"190417","CITY OF SAPULPA",41901,"PROPOSITION  CITY OF SAPULPA",,22,22,2,"AGAINST THE PROPOSITION - NO",,0,0,0,0,,
1/12/2021,"190418","CITY OF SAPULPA",41901,"PROPOSITION  CITY OF SAPULPA",,22,22,1,"FOR THE PROPOSITION - YES",,2,11,45,58,,
1/12/2021,"190418","CITY OF SAPULPA",41901,"PROPOSITION  CITY OF SAPULPA",,22,22,2,"AGAINST THE PROPOSITION - NO",,0,0,19,19,,
1/12/2021,"190419","CITY OF SAPULPA",41901,"PROPOSITION  CITY OF SAPULPA",,22,22,1,"FOR THE PROPOSITION - YES",,0,2,6,8,,
1/12/2021,"190419","CITY OF SAPULPA",41901,"PROPOSITION  CITY OF SAPULPA",,22,22,2,"AGAINST THE PROPOSITION - NO",,0,1,5,6,,
1/12/2021,"190420","CITY OF SAPULPA",41901,"PROPOSITION  CITY OF SAPULPA",,22,22,1,"FOR THE PROPOSITION - YES",,0,0,0,0,,
1/12/2021,"190420","CITY OF SAPULPA",41901,"PROPOSITION  CITY OF SAPULPA",,22,22,2,"AGAINST THE PROPOSITION - NO",,0,0,0,0,,
1/12/2021,"190421","CITY OF SAPULPA",41901,"PROPOSITION  CITY OF SAPULPA",,22,22,1,"FOR THE PROPOSITION - YES",,0,0,2,2,,
1/12/2021,"190421","CITY OF SAPULPA",41901,"PROPOSITION  CITY OF SAPULPA",,22,22,2,"AGAINST THE PROPOSITION - NO",,0,0,1,1,,
1/12/2021,"190422","CITY OF SAPULPA",41901,"PROPOSITION  CITY OF SAPULPA",,22,22,1,"FOR THE PROPOSITION - YES",,0,0,0,0,,
1/12/2021,"190422","CITY OF SAPULPA",41901,"PROPOSITION  CITY OF SAPULPA",,22,22,2,"AGAINST THE PROPOSITION - NO",,0,0,0,0,,
1/12/2021,"200012","TOWN OF ARAPAHO",42001,"PROPOSITION  TOWN OF ARAPAHO",,1,1,1,"FOR THE PROPOSITION - YES",,0,2,21,23,,
1/12/2021,"200012","TOWN OF ARAPAHO",42001,"PROPOSITION  TOWN OF ARAPAHO",,1,1,2,"AGAINST THE PROPOSITION - NO",,0,0,0,0,,
1/12/2021,"200026","HAMMON PUBLIC SCHOOLS INDEPENDENT SCHOOL DISTRICT NO. 066",56501,"PROPOSITION  HAMMON PUBLIC SCHOOLS",,5,5,1,"FOR THE PROPOSITION - YES",,0,0,16,16,,
1/12/2021,"200026","HAMMON PUBLIC SCHOOLS INDEPENDENT SCHOOL DISTRICT NO. 066",56501,"PROPOSITION  HAMMON PUBLIC SCHOOLS",,5,5,2,"AGAINST THE PROPOSITION - NO",,2,0,8,10,,
1/12/2021,"240109","TOWN OF FAIRMONT",42401,"PROPOSITION  TOWN OF FAIRMONT",,1,1,1,"FOR THE PROPOSITION - YES",,0,0,20,20,,
1/12/2021,"240109","TOWN OF FAIRMONT",42401,"PROPOSITION  TOWN OF FAIRMONT",,1,1,2,"AGAINST THE PROPOSITION - NO",,0,0,1,1,,
1/12/2021,"240208","KREMLIN-HILLSDALE SCHOOLS INDEPENDENT SCHOOL DISTRICT NO. 018",52401,"PROPOSITION  KREMLIN-HILLSDALE SCHOOLS",,6,6,1,"FOR THE PROPOSITION - YES",,0,0,21,21,,
1/12/2021,"240208","KREMLIN-HILLSDALE SCHOOLS INDEPENDENT SCHOOL DISTRICT NO. 018",52401,"PROPOSITION  KREMLIN-HILLSDALE SCHOOLS",,6,6,2,"AGAINST THE PROPOSITION - NO",,0,0,10,10,,
1/12/2021,"240211","KREMLIN-HILLSDALE SCHOOLS INDEPENDENT SCHOOL DISTRICT NO. 018",52401,"PROPOSITION  KREMLIN-HILLSDALE SCHOOLS",,6,6,1,"FOR THE PROPOSITION - YES",,2,1,115,118,,
1/12/2021,"240211","KREMLIN-HILLSDALE SCHOOLS INDEPENDENT SCHOOL DISTRICT NO. 018",52401,"PROPOSITION  KREMLIN-HILLSDALE SCHOOLS",,6,6,2,"AGAINST THE PROPOSITION - NO",,5,0,16,21,,
1/12/2021,"240306","KREMLIN-HILLSDALE SCHOOLS INDEPENDENT SCHOOL DISTRICT NO. 018",52401,"PROPOSITION  KREMLIN-HILLSDALE SCHOOLS",,6,6,1,"FOR THE PROPOSITION - YES",,0,0,0,0,,
1/12/2021,"240306","KREMLIN-HILLSDALE SCHOOLS INDEPENDENT SCHOOL DISTRICT NO. 018",52401,"PROPOSITION  KREMLIN-HILLSDALE SCHOOLS",,6,6,2,"AGAINST THE PROPOSITION - NO",,0,0,0,0,,
1/12/2021,"240307","KREMLIN-HILLSDALE SCHOOLS INDEPENDENT SCHOOL DISTRICT NO. 018",52401,"PROPOSITION  KREMLIN-HILLSDALE SCHOOLS",,6,6,1,"FOR THE PROPOSITION - YES",,0,0,0,0,,
1/12/2021,"240307","KREMLIN-HILLSDALE SCHOOLS INDEPENDENT SCHOOL DISTRICT NO. 018",52401,"PROPOSITION  KREMLIN-HILLSDALE SCHOOLS",,6,6,2,"AGAINST THE PROPOSITION - NO",,0,0,0,0,,
1/12/2021,"240308","KREMLIN-HILLSDALE SCHOOLS INDEPENDENT SCHOOL DISTRICT NO. 018",52401,"PROPOSITION  KREMLIN-HILLSDALE SCHOOLS",,6,6,1,"FOR THE PROPOSITION - YES",,0,0,4,4,,
1/12/2021,"240308","KREMLIN-HILLSDALE SCHOOLS INDEPENDENT SCHOOL DISTRICT NO. 018",52401,"PROPOSITION  KREMLIN-HILLSDALE SCHOOLS",,6,6,2,"AGAINST THE PROPOSITION - NO",,0,0,1,1,,
1/12/2021,"270017","KREMLIN-HILLSDALE SCHOOLS INDEPENDENT SCHOOL DISTRICT NO. 018",52401,"PROPOSITION  KREMLIN-HILLSDALE SCHOOLS",,6,6,1,"FOR THE PROPOSITION - YES",,0,0,5,5,,
1/12/2021,"270017","KREMLIN-HILLSDALE SCHOOLS INDEPENDENT SCHOOL DISTRICT NO. 018",52401,"PROPOSITION  KREMLIN-HILLSDALE SCHOOLS",,6,6,2,"AGAINST THE PROPOSITION - NO",,0,0,0,0,,
1/12/2021,"320010","HUGHES COUNTY",30001,"PROPOSITION",,16,16,1,"FOR THE PROPOSITION - YES",,0,0,0,0,HUGHES
1/12/2021,"320010","HUGHES COUNTY",30001,"PROPOSITION",,16,16,2,"AGAINST THE PROPOSITION - NO",,0,0,0,0,HUGHES
1/12/2021,"320011","HUGHES COUNTY",30001,"PROPOSITION",,16,16,1,"FOR THE PROPOSITION - YES",,5,3,51,59,HUGHES
1/12/2021,"320011","HUGHES COUNTY",30001,"PROPOSITION",,16,16,2,"AGAINST THE PROPOSITION - NO",,0,0,20,20,HUGHES
1/12/2021,"320012","HUGHES COUNTY",30001,"PROPOSITION",,16,16,1,"FOR THE PROPOSITION - YES",,8,1,38,47,HUGHES
1/12/2021,"320012","HUGHES COUNTY",30001,"PROPOSITION",,16,16,2,"AGAINST THE PROPOSITION - NO",,0,2,18,20,HUGHES
1/12/2021,"320016","HUGHES COUNTY",30001,"PROPOSITION",,16,16,1,"FOR THE PROPOSITION - YES",,0,0,11,11,HUGHES
1/12/2021,"320016","HUGHES COUNTY",30001,"PROPOSITION",,16,16,2,"AGAINST THE PROPOSITION - NO",,0,0,10,10,HUGHES
1/12/2021,"320018","HUGHES COUNTY",30001,"PROPOSITION",,16,16,1,"FOR THE PROPOSITION - YES",,1,1,23,25,HUGHES
1/12/2021,"320018","HUGHES COUNTY",30001,"PROPOSITION",,16,16,2,"AGAINST THE PROPOSITION - NO",,0,0,4,4,HUGHES
1/12/2021,"320019","HUGHES COUNTY",30001,"PROPOSITION",,16,16,1,"FOR THE PROPOSITION - YES",,0,0,17,17,HUGHES
1/12/2021,"320019","HUGHES COUNTY",30001,"PROPOSITION",,16,16,2,"AGAINST THE PROPOSITION - NO",,0,0,10,10,HUGHES
1/12/2021,"320020","HUGHES COUNTY",30001,"PROPOSITION",,16,16,1,"FOR THE PROPOSITION - YES",,0,0,70,70,HUGHES
1/12/2021,"320020","HUGHES COUNTY",30001,"PROPOSITION",,16,16,2,"AGAINST THE PROPOSITION - NO",,0,0,7,7,HUGHES
1/12/2021,"320021","HUGHES COUNTY",30001,"PROPOSITION",,16,16,1,"FOR THE PROPOSITION - YES",,0,0,19,19,HUGHES
1/12/2021,"320021","HUGHES COUNTY",30001,"PROPOSITION",,16,16,2,"AGAINST THE PROPOSITION - NO",,0,0,10,10,HUGHES
1/12/2021,"320022","HUGHES COUNTY",30001,"PROPOSITION",,16,16,1,"FOR THE PROPOSITION - YES",,0,0,12,12,HUGHES
1/12/2021,"320022","HUGHES COUNTY",30001,"PROPOSITION",,16,16,2,"AGAINST THE PROPOSITION - NO",,0,0,12,12,HUGHES
1/12/2021,"320023","HUGHES COUNTY",30001,"PROPOSITION",,16,16,1,"FOR THE PROPOSITION - YES",,1,0,5,6,HUGHES
1/12/2021,"320023","HUGHES COUNTY",30001,"PROPOSITION",,16,16,2,"AGAINST THE PROPOSITION - NO",,0,0,4,4,HUGHES
1/12/2021,"320030","HUGHES COUNTY",30001,"PROPOSITION",,16,16,1,"FOR THE PROPOSITION - YES",,0,0,15,15,HUGHES
1/12/2021,"320030","HUGHES COUNTY",30001,"PROPOSITION",,16,16,2,"AGAINST THE PROPOSITION - NO",,0,0,15,15,HUGHES
1/12/2021,"320031","HUGHES COUNTY",30001,"PROPOSITION",,16,16,1,"FOR THE PROPOSITION - YES",,0,0,35,35,HUGHES
1/12/2021,"320031","HUGHES COUNTY",30001,"PROPOSITION",,16,16,2,"AGAINST THE PROPOSITION - NO",,0,0,5,5,HUGHES
1/12/2021,"320032","HUGHES COUNTY",30001,"PROPOSITION",,16,16,1,"FOR THE PROPOSITION - YES",,0,0,7,7,HUGHES
1/12/2021,"320032","HUGHES COUNTY",30001,"PROPOSITION",,16,16,2,"AGAINST THE PROPOSITION - NO",,0,0,3,3,HUGHES
1/12/2021,"320033","HUGHES COUNTY",30001,"PROPOSITION",,16,16,1,"FOR THE PROPOSITION - YES",,1,0,30,31,HUGHES
1/12/2021,"320033","HUGHES COUNTY",30001,"PROPOSITION",,16,16,2,"AGAINST THE PROPOSITION - NO",,1,0,3,4,HUGHES
1/12/2021,"320034","HUGHES COUNTY",30001,"PROPOSITION",,16,16,1,"FOR THE PROPOSITION - YES",,0,0,10,10,HUGHES
1/12/2021,"320034","HUGHES COUNTY",30001,"PROPOSITION",,16,16,2,"AGAINST THE PROPOSITION - NO",,0,0,2,2,HUGHES
1/12/2021,"320035","HUGHES COUNTY",30001,"PROPOSITION",,16,16,1,"FOR THE PROPOSITION - YES",,0,1,49,50,HUGHES
1/12/2021,"320035","HUGHES COUNTY",30001,"PROPOSITION",,16,16,2,"AGAINST THE PROPOSITION - NO",,1,2,14,17,HUGHES
1/12/2021,"340007","TOWN OF TERRAL",43401,"PROPOSITION  TOWN OF TERRAL",,1,1,1,"FOR THE PROPOSITION - YES",,1,0,27,28,,
1/12/2021,"340007","TOWN OF TERRAL",43401,"PROPOSITION  TOWN OF TERRAL",,1,1,2,"AGAINST THE PROPOSITION - NO",,0,0,0,0,,
1/12/2021,"370103","CITY OF PIEDMONT",40901,"PROPOSITION  CITY OF PIEDMONT",,4,4,1,"FOR THE PROPOSITION - YES",,0,0,0,0,,
1/12/2021,"370103","CITY OF PIEDMONT",40901,"PROPOSITION  CITY OF PIEDMONT",,4,4,2,"AGAINST THE PROPOSITION - NO",,0,0,0,0,,
1/12/2021,"410008","EASTERN OKLAHOMA TECH CENTER DISTRICT NO. 23",55501,"PROPOSITION  EASTERN OKLAHOMA TECH CENTER",,40,40,1,"FOR THE PROPOSITION - YES",,0,0,2,2,,
1/12/2021,"410008","EASTERN OKLAHOMA TECH CENTER DISTRICT NO. 23",55501,"PROPOSITION  EASTERN OKLAHOMA TECH CENTER",,40,40,2,"AGAINST THE PROPOSITION - NO",,0,0,0,0,,
1/12/2021,"410015","EASTERN OKLAHOMA TECH CENTER DISTRICT NO. 23",55501,"PROPOSITION  EASTERN OKLAHOMA TECH CENTER",,40,40,1,"FOR THE PROPOSITION - YES",,1,0,1,2,,
1/12/2021,"410015","EASTERN OKLAHOMA TECH CENTER DISTRICT NO. 23",55501,"PROPOSITION  EASTERN OKLAHOMA TECH CENTER",,40,40,2,"AGAINST THE PROPOSITION - NO",,0,0,0,0,,
1/12/2021,"410020","EASTERN OKLAHOMA TECH CENTER DISTRICT NO. 23",55501,"PROPOSITION  EASTERN OKLAHOMA TECH CENTER",,40,40,1,"FOR THE PROPOSITION - YES",,1,0,3,4,,
1/12/2021,"410020","EASTERN OKLAHOMA TECH CENTER DISTRICT NO. 23",55501,"PROPOSITION  EASTERN OKLAHOMA TECH CENTER",,40,40,2,"AGAINST THE PROPOSITION - NO",,0,0,0,0,,
1/12/2021,"420203","EASTERN OKLAHOMA TECH CENTER DISTRICT NO. 23",55501,"PROPOSITION  EASTERN OKLAHOMA TECH CENTER",,40,40,1,"FOR THE PROPOSITION - YES",,0,0,2,2,,
1/12/2021,"420203","EASTERN OKLAHOMA TECH CENTER DISTRICT NO. 23",55501,"PROPOSITION  EASTERN OKLAHOMA TECH CENTER",,40,40,2,"AGAINST THE PROPOSITION - NO",,0,0,0,0,,
1/12/2021,"420207","EASTERN OKLAHOMA TECH CENTER DISTRICT NO. 23",55501,"PROPOSITION  EASTERN OKLAHOMA TECH CENTER",,40,40,1,"FOR THE PROPOSITION - YES",,0,0,0,0,,
1/12/2021,"420207","EASTERN OKLAHOMA TECH CENTER DISTRICT NO. 23",55501,"PROPOSITION  EASTERN OKLAHOMA TECH CENTER",,40,40,2,"AGAINST THE PROPOSITION - NO",,0,0,2,2,,
1/12/2021,"480204","TOWN OF KINGSTON",44801,"PROPOSITION  TOWN OF KINGSTON",,3,3,1,"FOR THE PROPOSITION - YES",,0,0,14,14,,
1/12/2021,"480204","TOWN OF KINGSTON",44801,"PROPOSITION  TOWN OF KINGSTON",,3,3,2,"AGAINST THE PROPOSITION - NO",,2,1,0,3,,
1/12/2021,"480302","TOWN OF KINGSTON",44801,"PROPOSITION  TOWN OF KINGSTON",,3,3,1,"FOR THE PROPOSITION - YES",,0,0,6,6,,
1/12/2021,"480302","TOWN OF KINGSTON",44801,"PROPOSITION  TOWN OF KINGSTON",,3,3,2,"AGAINST THE PROPOSITION - NO",,1,0,0,1,,
1/12/2021,"480303","TOWN OF KINGSTON",44801,"PROPOSITION  TOWN OF KINGSTON",,3,3,1,"FOR THE PROPOSITION - YES",,0,0,0,0,,
1/12/2021,"480303","TOWN OF KINGSTON",44801,"PROPOSITION  TOWN OF KINGSTON",,3,3,2,"AGAINST THE PROPOSITION - NO",,0,0,0,0,,
1/12/2021,"510058","TOWN OF WEBBERS FALLS",45101,"PROPOSITION  TOWN OF WEBBERS FALLS",,1,1,1,"FOR THE PROPOSITION - YES",,0,0,10,10,,
1/12/2021,"510058","TOWN OF WEBBERS FALLS",45101,"PROPOSITION  TOWN OF WEBBERS FALLS",,1,1,2,"AGAINST THE PROPOSITION - NO",,0,0,0,0,,
1/12/2021,"550018","EASTERN OKLAHOMA TECH CENTER DISTRICT NO. 23",55501,"PROPOSITION  EASTERN OKLAHOMA TECH CENTER",,40,40,1,"FOR THE PROPOSITION - YES",,0,0,36,36,,
1/12/2021,"550018","EASTERN OKLAHOMA TECH CENTER DISTRICT NO. 23",55501,"PROPOSITION  EASTERN OKLAHOMA TECH CENTER",,40,40,2,"AGAINST THE PROPOSITION - NO",,0,0,4,4,,
1/12/2021,"550019","EASTERN OKLAHOMA TECH CENTER DISTRICT NO. 23",55501,"PROPOSITION  EASTERN OKLAHOMA TECH CENTER",,40,40,1,"FOR THE PROPOSITION - YES",,0,0,60,60,,
1/12/2021,"550019","EASTERN OKLAHOMA TECH CENTER DISTRICT NO. 23",55501,"PROPOSITION  EASTERN OKLAHOMA TECH CENTER",,40,40,2,"AGAINST THE PROPOSITION - NO",,0,0,11,11,,
1/12/2021,"550020","EASTERN OKLAHOMA TECH CENTER DISTRICT NO. 23",55501,"PROPOSITION  EASTERN OKLAHOMA TECH CENTER",,40,40,1,"FOR THE PROPOSITION - YES",,0,0,106,106,,
1/12/2021,"550020","EASTERN OKLAHOMA TECH CENTER DISTRICT NO. 23",55501,"PROPOSITION  EASTERN OKLAHOMA TECH CENTER",,40,40,2,"AGAINST THE PROPOSITION - NO",,0,0,14,14,,
1/12/2021,"550021","EASTERN OKLAHOMA TECH CENTER DISTRICT NO. 23",55501,"PROPOSITION  EASTERN OKLAHOMA TECH CENTER",,40,40,1,"FOR THE PROPOSITION - YES",,0,0,79,79,,
1/12/2021,"550021","EASTERN OKLAHOMA TECH CENTER DISTRICT NO. 23",55501,"PROPOSITION  EASTERN OKLAHOMA TECH CENTER",,40,40,2,"AGAINST THE PROPOSITION - NO",,0,0,16,16,,
1/12/2021,"550022","EASTERN OKLAHOMA TECH CENTER DISTRICT NO. 23",55501,"PROPOSITION  EASTERN OKLAHOMA TECH CENTER",,40,40,1,"FOR THE PROPOSITION - YES",,0,0,26,26,,
1/12/2021,"550022","EASTERN OKLAHOMA TECH CENTER DISTRICT NO. 23",55501,"PROPOSITION  EASTERN OKLAHOMA TECH CENTER",,40,40,2,"AGAINST THE PROPOSITION - NO",,0,0,9,9,,
1/12/2021,"550023","EASTERN OKLAHOMA TECH CENTER DISTRICT NO. 23",55501,"PROPOSITION  EASTERN OKLAHOMA TECH CENTER",,40,40,1,"FOR THE PROPOSITION - YES",,0,0,88,88,,
1/12/2021,"550023","EASTERN OKLAHOMA TECH CENTER DISTRICT NO. 23",55501,"PROPOSITION  EASTERN OKLAHOMA TECH CENTER",,40,40,2,"AGAINST THE PROPOSITION - NO",,0,0,26,26,,
1/12/2021,"550024","EASTERN OKLAHOMA TECH CENTER DISTRICT NO. 23",55501,"PROPOSITION  EASTERN OKLAHOMA TECH CENTER",,40,40,1,"FOR THE PROPOSITION - YES",,0,0,5,5,,
1/12/2021,"550024","EASTERN OKLAHOMA TECH CENTER DISTRICT NO. 23",55501,"PROPOSITION  EASTERN OKLAHOMA TECH CENTER",,40,40,2,"AGAINST THE PROPOSITION - NO",,0,0,2,2,,
1/12/2021,"550025","EASTERN OKLAHOMA TECH CENTER DISTRICT NO. 23",55501,"PROPOSITION  EASTERN OKLAHOMA TECH CENTER",,40,40,1,"FOR THE PROPOSITION - YES",,0,0,1,1,,
1/12/2021,"550025","EASTERN OKLAHOMA TECH CENTER DISTRICT NO. 23",55501,"PROPOSITION  EASTERN OKLAHOMA TECH CENTER",,40,40,2,"AGAINST THE PROPOSITION - NO",,0,0,3,3,,
1/12/2021,"550026","EASTERN OKLAHOMA TECH CENTER DISTRICT NO. 23",55501,"PROPOSITION  EASTERN OKLAHOMA TECH CENTER",,40,40,1,"FOR THE PROPOSITION - YES",,0,0,31,31,,
1/12/2021,"550026","EASTERN OKLAHOMA TECH CENTER DISTRICT NO. 23",55501,"PROPOSITION  EASTERN OKLAHOMA TECH CENTER",,40,40,2,"AGAINST THE PROPOSITION - NO",,0,0,18,18,,
1/12/2021,"550027","EASTERN OKLAHOMA TECH CENTER DISTRICT NO. 23",55501,"PROPOSITION  EASTERN OKLAHOMA TECH CENTER",,40,40,1,"FOR THE PROPOSITION - YES",,0,0,8,8,,
1/12/2021,"550027","EASTERN OKLAHOMA TECH CENTER DISTRICT NO. 23",55501,"PROPOSITION  EASTERN OKLAHOMA TECH CENTER",,40,40,2,"AGAINST THE PROPOSITION - NO",,0,0,0,0,,
1/12/2021,"550065","EASTERN OKLAHOMA TECH CENTER DISTRICT NO. 23",55501,"PROPOSITION  EASTERN OKLAHOMA TECH CENTER",,40,40,1,"FOR THE PROPOSITION - YES",,0,0,4,4,,
1/12/2021,"550065","EASTERN OKLAHOMA TECH CENTER DISTRICT NO. 23",55501,"PROPOSITION  EASTERN OKLAHOMA TECH CENTER",,40,40,2,"AGAINST THE PROPOSITION - NO",,0,0,5,5,,
1/12/2021,"550067","EASTERN OKLAHOMA TECH CENTER DISTRICT NO. 23",55501,"PROPOSITION  EASTERN OKLAHOMA TECH CENTER",,40,40,1,"FOR THE PROPOSITION - YES",,0,0,21,21,,
1/12/2021,"550067","EASTERN OKLAHOMA TECH CENTER DISTRICT NO. 23",55501,"PROPOSITION  EASTERN OKLAHOMA TECH CENTER",,40,40,2,"AGAINST THE PROPOSITION - NO",,0,0,14,14,,
1/12/2021,"550068","EASTERN OKLAHOMA TECH CENTER DISTRICT NO. 23",55501,"PROPOSITION  EASTERN OKLAHOMA TECH CENTER",,40,40,1,"FOR THE PROPOSITION - YES",,0,0,18,18,,
1/12/2021,"550068","EASTERN OKLAHOMA TECH CENTER DISTRICT NO. 23",55501,"PROPOSITION  EASTERN OKLAHOMA TECH CENTER",,40,40,2,"AGAINST THE PROPOSITION - NO",,0,0,6,6,,
1/12/2021,"550069","EASTERN OKLAHOMA TECH CENTER DISTRICT NO. 23",55501,"PROPOSITION  EASTERN OKLAHOMA TECH CENTER",,40,40,1,"FOR THE PROPOSITION - YES",,0,0,36,36,,
1/12/2021,"550069","EASTERN OKLAHOMA TECH CENTER DISTRICT NO. 23",55501,"PROPOSITION  EASTERN OKLAHOMA TECH CENTER",,40,40,2,"AGAINST THE PROPOSITION - NO",,0,0,10,10,,
1/12/2021,"550070","EASTERN OKLAHOMA TECH CENTER DISTRICT NO. 23",55501,"PROPOSITION  EASTERN OKLAHOMA TECH CENTER",,40,40,1,"FOR THE PROPOSITION - YES",,0,0,25,25,,
1/12/2021,"550070","EASTERN OKLAHOMA TECH CENTER DISTRICT NO. 23",55501,"PROPOSITION  EASTERN OKLAHOMA TECH CENTER",,40,40,2,"AGAINST THE PROPOSITION - NO",,0,0,8,8,,
1/12/2021,"550071","EASTERN OKLAHOMA TECH CENTER DISTRICT NO. 23",55501,"PROPOSITION  EASTERN OKLAHOMA TECH CENTER",,40,40,1,"FOR THE PROPOSITION - YES",,0,0,26,26,,
1/12/2021,"550071","EASTERN OKLAHOMA TECH CENTER DISTRICT NO. 23",55501,"PROPOSITION  EASTERN OKLAHOMA TECH CENTER",,40,40,2,"AGAINST THE PROPOSITION - NO",,0,0,26,26,,
1/12/2021,"550072","EASTERN OKLAHOMA TECH CENTER DISTRICT NO. 23",55501,"PROPOSITION  EASTERN OKLAHOMA TECH CENTER",,40,40,1,"FOR THE PROPOSITION - YES",,0,0,58,58,,
1/12/2021,"550072","EASTERN OKLAHOMA TECH CENTER DISTRICT NO. 23",55501,"PROPOSITION  EASTERN OKLAHOMA TECH CENTER",,40,40,2,"AGAINST THE PROPOSITION - NO",,0,0,8,8,,
1/12/2021,"550073","EASTERN OKLAHOMA TECH CENTER DISTRICT NO. 23",55501,"PROPOSITION  EASTERN OKLAHOMA TECH CENTER",,40,40,1,"FOR THE PROPOSITION - YES",,0,0,12,12,,
1/12/2021,"550073","EASTERN OKLAHOMA TECH CENTER DISTRICT NO. 23",55501,"PROPOSITION  EASTERN OKLAHOMA TECH CENTER",,40,40,2,"AGAINST THE PROPOSITION - NO",,0,0,1,1,,
1/12/2021,"550074","EASTERN OKLAHOMA TECH CENTER DISTRICT NO. 23",55501,"PROPOSITION  EASTERN OKLAHOMA TECH CENTER",,40,40,1,"FOR THE PROPOSITION - YES",,0,0,0,0,,
1/12/2021,"550074","EASTERN OKLAHOMA TECH CENTER DISTRICT NO. 23",55501,"PROPOSITION  EASTERN OKLAHOMA TECH CENTER",,40,40,2,"AGAINST THE PROPOSITION - NO",,0,0,0,0,,
1/12/2021,"550075","EASTERN OKLAHOMA TECH CENTER DISTRICT NO. 23",55501,"PROPOSITION  EASTERN OKLAHOMA TECH CENTER",,40,40,1,"FOR THE PROPOSITION - YES",,0,0,27,27,,
1/12/2021,"550075","EASTERN OKLAHOMA TECH CENTER DISTRICT NO. 23",55501,"PROPOSITION  EASTERN OKLAHOMA TECH CENTER",,40,40,2,"AGAINST THE PROPOSITION - NO",,0,0,1,1,,
1/12/2021,"550076","EASTERN OKLAHOMA TECH CENTER DISTRICT NO. 23",55501,"PROPOSITION  EASTERN OKLAHOMA TECH CENTER",,40,40,1,"FOR THE PROPOSITION - YES",,0,0,51,51,,
1/12/2021,"550076","EASTERN OKLAHOMA TECH CENTER DISTRICT NO. 23",55501,"PROPOSITION  EASTERN OKLAHOMA TECH CENTER",,40,40,2,"AGAINST THE PROPOSITION - NO",,0,0,17,17,,
1/12/2021,"550091","EASTERN OKLAHOMA TECH CENTER DISTRICT NO. 23",55501,"PROPOSITION  EASTERN OKLAHOMA TECH CENTER",,40,40,1,"FOR THE PROPOSITION - YES",,0,0,1,1,,
1/12/2021,"550091","EASTERN OKLAHOMA TECH CENTER DISTRICT NO. 23",55501,"PROPOSITION  EASTERN OKLAHOMA TECH CENTER",,40,40,2,"AGAINST THE PROPOSITION - NO",,0,0,0,0,,
1/12/2021,"550092","EASTERN OKLAHOMA TECH CENTER DISTRICT NO. 23",55501,"PROPOSITION  EASTERN OKLAHOMA TECH CENTER",,40,40,1,"FOR THE PROPOSITION - YES",,0,0,10,10,,
1/12/2021,"550092","EASTERN OKLAHOMA TECH CENTER DISTRICT NO. 23",55501,"PROPOSITION  EASTERN OKLAHOMA TECH CENTER",,40,40,2,"AGAINST THE PROPOSITION - NO",,0,0,5,5,,
1/12/2021,"550093","EASTERN OKLAHOMA TECH CENTER DISTRICT NO. 23",55501,"PROPOSITION  EASTERN OKLAHOMA TECH CENTER",,40,40,1,"FOR THE PROPOSITION - YES",,0,0,29,29,,
1/12/2021,"550093","EASTERN OKLAHOMA TECH CENTER DISTRICT NO. 23",55501,"PROPOSITION  EASTERN OKLAHOMA TECH CENTER",,40,40,2,"AGAINST THE PROPOSITION - NO",,0,0,5,5,,
1/12/2021,"550094","EASTERN OKLAHOMA TECH CENTER DISTRICT NO. 23",55501,"PROPOSITION  EASTERN OKLAHOMA TECH CENTER",,40,40,1,"FOR THE PROPOSITION - YES",,0,0,18,18,,
1/12/2021,"550094","EASTERN OKLAHOMA TECH CENTER DISTRICT NO. 23",55501,"PROPOSITION  EASTERN OKLAHOMA TECH CENTER",,40,40,2,"AGAINST THE PROPOSITION - NO",,0,0,7,7,,
1/12/2021,"550097","EASTERN OKLAHOMA TECH CENTER DISTRICT NO. 23",55501,"PROPOSITION  EASTERN OKLAHOMA TECH CENTER",,40,40,1,"FOR THE PROPOSITION - YES",,0,0,25,25,,
1/12/2021,"550097","EASTERN OKLAHOMA TECH CENTER DISTRICT NO. 23",55501,"PROPOSITION  EASTERN OKLAHOMA TECH CENTER",,40,40,2,"AGAINST THE PROPOSITION - NO",,0,0,1,1,,
1/12/2021,"550098","EASTERN OKLAHOMA TECH CENTER DISTRICT NO. 23",55501,"PROPOSITION  EASTERN OKLAHOMA TECH CENTER",,40,40,1,"FOR THE PROPOSITION - YES",,0,0,71,71,,
1/12/2021,"550098","EASTERN OKLAHOMA TECH CENTER DISTRICT NO. 23",55501,"PROPOSITION  EASTERN OKLAHOMA TECH CENTER",,40,40,2,"AGAINST THE PROPOSITION - NO",,0,0,7,7,,
1/12/2021,"550107","EASTERN OKLAHOMA TECH CENTER DISTRICT NO. 23",55501,"PROPOSITION  EASTERN OKLAHOMA TECH CENTER",,40,40,1,"FOR THE PROPOSITION - YES",,0,0,5,5,,
1/12/2021,"550107","EASTERN OKLAHOMA TECH CENTER DISTRICT NO. 23",55501,"PROPOSITION  EASTERN OKLAHOMA TECH CENTER",,40,40,2,"AGAINST THE PROPOSITION - NO",,0,0,1,1,,
1/12/2021,"550108","EASTERN OKLAHOMA TECH CENTER DISTRICT NO. 23",55501,"PROPOSITION  EASTERN OKLAHOMA TECH CENTER",,40,40,1,"FOR THE PROPOSITION - YES",,0,0,4,4,,
1/12/2021,"550108","EASTERN OKLAHOMA TECH CENTER DISTRICT NO. 23",55501,"PROPOSITION  EASTERN OKLAHOMA TECH CENTER",,40,40,2,"AGAINST THE PROPOSITION - NO",,0,0,2,2,,
1/12/2021,"550109","EASTERN OKLAHOMA TECH CENTER DISTRICT NO. 23",55501,"PROPOSITION  EASTERN OKLAHOMA TECH CENTER",,40,40,1,"FOR THE PROPOSITION - YES",,0,0,0,0,,
1/12/2021,"550109","EASTERN OKLAHOMA TECH CENTER DISTRICT NO. 23",55501,"PROPOSITION  EASTERN OKLAHOMA TECH CENTER",,40,40,2,"AGAINST THE PROPOSITION - NO",,0,0,2,2,,
1/12/2021,"550252","EASTERN OKLAHOMA TECH CENTER DISTRICT NO. 23",55501,"PROPOSITION  EASTERN OKLAHOMA TECH CENTER",,40,40,1,"FOR THE PROPOSITION - YES",,0,0,0,0,,
1/12/2021,"550252","EASTERN OKLAHOMA TECH CENTER DISTRICT NO. 23",55501,"PROPOSITION  EASTERN OKLAHOMA TECH CENTER",,40,40,2,"AGAINST THE PROPOSITION - NO",,0,0,0,0,,
1/12/2021,"550253","EASTERN OKLAHOMA TECH CENTER DISTRICT NO. 23",55501,"PROPOSITION  EASTERN OKLAHOMA TECH CENTER",,40,40,1,"FOR THE PROPOSITION - YES",,0,0,5,5,,
1/12/2021,"550253","EASTERN OKLAHOMA TECH CENTER DISTRICT NO. 23",55501,"PROPOSITION  EASTERN OKLAHOMA TECH CENTER",,40,40,2,"AGAINST THE PROPOSITION - NO",,0,0,0,0,,
1/12/2021,"550254","EASTERN OKLAHOMA TECH CENTER DISTRICT NO. 23",55501,"PROPOSITION  EASTERN OKLAHOMA TECH CENTER",,40,40,1,"FOR THE PROPOSITION - YES",,0,0,42,42,,
1/12/2021,"550254","EASTERN OKLAHOMA TECH CENTER DISTRICT NO. 23",55501,"PROPOSITION  EASTERN OKLAHOMA TECH CENTER",,40,40,2,"AGAINST THE PROPOSITION - NO",,0,0,10,10,,
1/12/2021,"550255","EASTERN OKLAHOMA TECH CENTER DISTRICT NO. 23",55501,"PROPOSITION  EASTERN OKLAHOMA TECH CENTER",,40,40,1,"FOR THE PROPOSITION - YES",,0,0,0,0,,
1/12/2021,"550255","EASTERN OKLAHOMA TECH CENTER DISTRICT NO. 23",55501,"PROPOSITION  EASTERN OKLAHOMA TECH CENTER",,40,40,2,"AGAINST THE PROPOSITION - NO",,0,0,0,0,,
1/12/2021,"559999","EASTERN OKLAHOMA TECH CENTER DISTRICT NO. 23",55501,"PROPOSITION  EASTERN OKLAHOMA TECH CENTER",,40,40,1,"FOR THE PROPOSITION - YES",,25,4,0,29,,
1/12/2021,"559999","EASTERN OKLAHOMA TECH CENTER DISTRICT NO. 23",55501,"PROPOSITION  EASTERN OKLAHOMA TECH CENTER",,40,40,2,"AGAINST THE PROPOSITION - NO",,13,3,0,16,,
1/12/2021,"570107","CITY OF PAWHUSKA",45701,"PROPOSITIONS  CITY OF PAWHUSKA",,2,2,1,"FOR THE PROPOSITION - YES",,14,13,163,190,,
1/12/2021,"570107","CITY OF PAWHUSKA",45701,"PROPOSITIONS  CITY OF PAWHUSKA",,2,2,2,"AGAINST THE PROPOSITION - NO",,3,9,64,76,,
1/12/2021,"570108","CITY OF PAWHUSKA",45701,"PROPOSITIONS  CITY OF PAWHUSKA",,2,2,1,"FOR THE PROPOSITION - YES",,3,6,54,63,,
1/12/2021,"570108","CITY OF PAWHUSKA",45701,"PROPOSITIONS  CITY OF PAWHUSKA",,2,2,2,"AGAINST THE PROPOSITION - NO",,0,5,38,43,,
1/12/2021,"630001","CITY OF SHAWNEE",46301,"PROPOSITION  CITY OF SHAWNEE",,16,16,1,"FOR THE PROPOSITION - YES",,0,0,0,0,,
1/12/2021,"630001","CITY OF SHAWNEE",46301,"PROPOSITION  CITY OF SHAWNEE",,16,16,2,"AGAINST THE PROPOSITION - NO",,0,0,1,1,,
1/12/2021,"630002","CITY OF SHAWNEE",46301,"PROPOSITION  CITY OF SHAWNEE",,16,16,1,"FOR THE PROPOSITION - YES",,0,0,7,7,,
1/12/2021,"630002","CITY OF SHAWNEE",46301,"PROPOSITION  CITY OF SHAWNEE",,16,16,2,"AGAINST THE PROPOSITION - NO",,0,0,1,1,,
1/12/2021,"630003","CITY OF SHAWNEE",46301,"PROPOSITION  CITY OF SHAWNEE",,16,16,1,"FOR THE PROPOSITION - YES",,5,0,20,25,,
1/12/2021,"630003","CITY OF SHAWNEE",46301,"PROPOSITION  CITY OF SHAWNEE",,16,16,2,"AGAINST THE PROPOSITION - NO",,0,0,7,7,,
1/12/2021,"630006","CITY OF SHAWNEE",46301,"PROPOSITION  CITY OF SHAWNEE",,16,16,1,"FOR THE PROPOSITION - YES",,3,0,16,19,,
1/12/2021,"630006","CITY OF SHAWNEE",46301,"PROPOSITION  CITY OF SHAWNEE",,16,16,2,"AGAINST THE PROPOSITION - NO",,0,0,4,4,,
1/12/2021,"630007","CITY OF SHAWNEE",46301,"PROPOSITION  CITY OF SHAWNEE",,16,16,1,"FOR THE PROPOSITION - YES",,4,1,13,18,,
1/12/2021,"630007","CITY OF SHAWNEE",46301,"PROPOSITION  CITY OF SHAWNEE",,16,16,2,"AGAINST THE PROPOSITION - NO",,2,0,4,6,,
1/12/2021,"630009","CITY OF SHAWNEE",46301,"PROPOSITION  CITY OF SHAWNEE",,16,16,1,"FOR THE PROPOSITION - YES",,0,0,8,8,,
1/12/2021,"630009","CITY OF SHAWNEE",46301,"PROPOSITION  CITY OF SHAWNEE",,16,16,2,"AGAINST THE PROPOSITION - NO",,0,1,1,2,,
1/12/2021,"630011","CITY OF SHAWNEE",46301,"PROPOSITION  CITY OF SHAWNEE",,16,16,1,"FOR THE PROPOSITION - YES",,7,1,30,38,,
1/12/2021,"630011","CITY OF SHAWNEE",46301,"PROPOSITION  CITY OF SHAWNEE",,16,16,2,"AGAINST THE PROPOSITION - NO",,3,0,5,8,,
1/12/2021,"630012","CITY OF SHAWNEE",46301,"PROPOSITION  CITY OF SHAWNEE",,16,16,1,"FOR THE PROPOSITION - YES",,3,1,30,34,,
1/12/2021,"630012","CITY OF SHAWNEE",46301,"PROPOSITION  CITY OF SHAWNEE",,16,16,2,"AGAINST THE PROPOSITION - NO",,0,0,6,6,,
1/12/2021,"630013","CITY OF SHAWNEE",46301,"PROPOSITION  CITY OF SHAWNEE",,16,16,1,"FOR THE PROPOSITION - YES",,6,2,42,50,,
1/12/2021,"630013","CITY OF SHAWNEE",46301,"PROPOSITION  CITY OF SHAWNEE",,16,16,2,"AGAINST THE PROPOSITION - NO",,0,2,6,8,,
1/12/2021,"630015","CITY OF SHAWNEE",46301,"PROPOSITION  CITY OF SHAWNEE",,16,16,1,"FOR THE PROPOSITION - YES",,5,5,18,28,,
1/12/2021,"630015","CITY OF SHAWNEE",46301,"PROPOSITION  CITY OF SHAWNEE",,16,16,2,"AGAINST THE PROPOSITION - NO",,0,2,2,4,,
1/12/2021,"630018","CITY OF SHAWNEE",46301,"PROPOSITION  CITY OF SHAWNEE",,16,16,1,"FOR THE PROPOSITION - YES",,4,0,28,32,,
1/12/2021,"630018","CITY OF SHAWNEE",46301,"PROPOSITION  CITY OF SHAWNEE",,16,16,2,"AGAINST THE PROPOSITION - NO",,1,0,3,4,,
1/12/2021,"630022","CITY OF SHAWNEE",46301,"PROPOSITION  CITY OF SHAWNEE",,16,16,1,"FOR THE PROPOSITION - YES",,1,1,1,3,,
1/12/2021,"630022","CITY OF SHAWNEE",46301,"PROPOSITION  CITY OF SHAWNEE",,16,16,2,"AGAINST THE PROPOSITION - NO",,0,0,0,0,,
1/12/2021,"630024","CITY OF SHAWNEE",46301,"PROPOSITION  CITY OF SHAWNEE",,16,16,1,"FOR THE PROPOSITION - YES",,0,0,0,0,,
1/12/2021,"630024","CITY OF SHAWNEE",46301,"PROPOSITION  CITY OF SHAWNEE",,16,16,2,"AGAINST THE PROPOSITION - NO",,1,0,0,1,,
1/12/2021,"630025","CITY OF SHAWNEE",46301,"PROPOSITION  CITY OF SHAWNEE",,16,16,1,"FOR THE PROPOSITION - YES",,0,0,2,2,,
1/12/2021,"630025","CITY OF SHAWNEE",46301,"PROPOSITION  CITY OF SHAWNEE",,16,16,2,"AGAINST THE PROPOSITION - NO",,1,0,1,2,,
1/12/2021,"630026","CITY OF SHAWNEE",46301,"PROPOSITION  CITY OF SHAWNEE",,16,16,1,"FOR THE PROPOSITION - YES",,0,0,3,3,,
1/12/2021,"630026","CITY OF SHAWNEE",46301,"PROPOSITION  CITY OF SHAWNEE",,16,16,2,"AGAINST THE PROPOSITION - NO",,0,0,1,1,,
1/12/2021,"630029","CITY OF SHAWNEE",46301,"PROPOSITION  CITY OF SHAWNEE",,16,16,1,"FOR THE PROPOSITION - YES",,0,0,0,0,,
1/12/2021,"630029","CITY OF SHAWNEE",46301,"PROPOSITION  CITY OF SHAWNEE",,16,16,2,"AGAINST THE PROPOSITION - NO",,0,0,0,0,,
1/12/2021,"630031","EASTERN OKLAHOMA TECH CENTER DISTRICT NO. 23",55501,"PROPOSITION  EASTERN OKLAHOMA TECH CENTER",,40,40,1,"FOR THE PROPOSITION - YES",,1,0,1,2,,
1/12/2021,"630031","EASTERN OKLAHOMA TECH CENTER DISTRICT NO. 23",55501,"PROPOSITION  EASTERN OKLAHOMA TECH CENTER",,40,40,2,"AGAINST THE PROPOSITION - NO",,2,0,0,2,,
1/12/2021,"650201","HAMMON PUBLIC SCHOOLS INDEPENDENT SCHOOL DISTRICT NO. 066",56501,"PROPOSITION  HAMMON PUBLIC SCHOOLS",,5,5,1,"FOR THE PROPOSITION - YES",,1,1,110,112,,
1/12/2021,"650201","HAMMON PUBLIC SCHOOLS INDEPENDENT SCHOOL DISTRICT NO. 066",56501,"PROPOSITION  HAMMON PUBLIC SCHOOLS",,5,5,2,"AGAINST THE PROPOSITION - NO",,2,0,46,48,,
1/12/2021,"650202","HAMMON PUBLIC SCHOOLS INDEPENDENT SCHOOL DISTRICT NO. 066",56501,"PROPOSITION  HAMMON PUBLIC SCHOOLS",,5,5,1,"FOR THE PROPOSITION - YES",,0,4,0,4,,
1/12/2021,"650202","HAMMON PUBLIC SCHOOLS INDEPENDENT SCHOOL DISTRICT NO. 066",56501,"PROPOSITION  HAMMON PUBLIC SCHOOLS",,5,5,2,"AGAINST THE PROPOSITION - NO",,0,1,3,4,,
1/12/2021,"650203","HAMMON PUBLIC SCHOOLS INDEPENDENT SCHOOL DISTRICT NO. 066",56501,"PROPOSITION  HAMMON PUBLIC SCHOOLS",,5,5,1,"FOR THE PROPOSITION - YES",,0,0,0,0,,
1/12/2021,"650203","HAMMON PUBLIC SCHOOLS INDEPENDENT SCHOOL DISTRICT NO. 066",56501,"PROPOSITION  HAMMON PUBLIC SCHOOLS",,5,5,2,"AGAINST THE PROPOSITION - NO",,3,0,0,3,,
1/12/2021,"670034","CITY OF WEWOKA",46701,"PROPOSITION  CITY OF WEWOKA",,1,1,1,"FOR THE PROPOSITION - YES",,4,5,20,29,,
1/12/2021,"670034","CITY OF WEWOKA",46701,"PROPOSITION  CITY OF WEWOKA",,1,1,2,"AGAINST THE PROPOSITION - NO",,0,0,0,0,,
1/12/2021,"680101","TOWN OF MULDROW",46801,"PROPOSITION  TOWN OF MULDROW",,4,4,1,"FOR THE PROPOSITION - YES",,0,1,13,14,,
1/12/2021,"680101","TOWN OF MULDROW",46801,"PROPOSITION  TOWN OF MULDROW",,4,4,2,"AGAINST THE PROPOSITION - NO",,0,0,0,0,,
1/12/2021,"680102","TOWN OF MULDROW",46801,"PROPOSITION  TOWN OF MULDROW",,4,4,1,"FOR THE PROPOSITION - YES",,0,0,0,0,,
1/12/2021,"680102","TOWN OF MULDROW",46801,"PROPOSITION  TOWN OF MULDROW",,4,4,2,"AGAINST THE PROPOSITION - NO",,0,0,0,0,,
1/12/2021,"680103","TOWN OF MULDROW",46801,"PROPOSITION  TOWN OF MULDROW",,4,4,1,"FOR THE PROPOSITION - YES",,0,0,15,15,,
1/12/2021,"680103","TOWN OF MULDROW",46801,"PROPOSITION  TOWN OF MULDROW",,4,4,2,"AGAINST THE PROPOSITION - NO",,0,0,0,0,,
1/12/2021,"680104","TOWN OF MULDROW",46801,"PROPOSITION  TOWN OF MULDROW",,4,4,1,"FOR THE PROPOSITION - YES",,0,0,0,0,,
1/12/2021,"680104","TOWN OF MULDROW",46801,"PROPOSITION  TOWN OF MULDROW",,4,4,2,"AGAINST THE PROPOSITION - NO",,0,0,0,0,,
1/12/2021,"720144","CITY OF SAPULPA",41901,"PROPOSITION  CITY OF SAPULPA",,22,22,1,"FOR THE PROPOSITION - YES",,0,0,0,0,,
1/12/2021,"720144","CITY OF SAPULPA",41901,"PROPOSITION  CITY OF SAPULPA",,22,22,2,"AGAINST THE PROPOSITION - NO",,0,0,0,0,,
1/12/2021,"720802","CITY OF SAPULPA",41901,"PROPOSITION  CITY OF SAPULPA",,22,22,1,"FOR THE PROPOSITION - YES",,0,0,0,0,,
1/12/2021,"720802","CITY OF SAPULPA",41901,"PROPOSITION  CITY OF SAPULPA",,22,22,2,"AGAINST THE PROPOSITION - NO",,0,0,2,2,,
1/12/2021,"729999","CITY OF SAPULPA",41901,"PROPOSITION  CITY OF SAPULPA",,22,22,1,"FOR THE PROPOSITION - YES",,0,0,0,0,,
1/12/2021,"729999","CITY OF SAPULPA",41901,"PROPOSITION  CITY OF SAPULPA",,22,22,2,"AGAINST THE PROPOSITION - NO",,0,0,0,0,,
1/12/2021,"750016","TOWN OF BURNS FLAT",47501,"PROPOSITION  TOWN OF BURNS FLAT",,2,2,1,"FOR THE PROPOSITION - YES",,0,0,17,17,,
1/12/2021,"750016","TOWN OF BURNS FLAT",47501,"PROPOSITION  TOWN OF BURNS FLAT",,2,2,2,"AGAINST THE PROPOSITION - NO",,0,0,0,0,,
1/12/2021,"750018","TOWN OF BURNS FLAT",47501,"PROPOSITION  TOWN OF BURNS FLAT",,2,2,1,"FOR THE PROPOSITION - YES",,2,1,40,43,,
1/12/2021,"750018","TOWN OF BURNS FLAT",47501,"PROPOSITION  TOWN OF BURNS FLAT",,2,2,2,"AGAINST THE PROPOSITION - NO",,0,0,2,2,,
