elec_date,county,entity_description,race_number,race_description,race_party,tot_race_prec,race_prec_reporting,cand_number,cand_name,cand_party,cand_absmail_votes,cand_early_votes,cand_elecday_votes,cand_tot_votes,race_county_owner
7/14/2015,"GRANT","GRANT COUNTY",12003,"FOR COUNTY COMMISSIONER DISTRICT NO. 3 (UNEXPIRED TERM)",REP,2,2,1,"WILLIAM HILTERBRAND",REP,4,0,65,69,GRANT
7/14/2015,"GRANT","GRANT COUNTY",12003,"FOR COUNTY COMMISSIONER DISTRICT NO. 3 (UNEXPIRED TERM)",REP,2,2,2,"PATRICK RONCK",REP,4,1,125,130,GRANT
7/14/2015,"GRANT","GRANT COUNTY",12003,"FOR COUNTY COMMISSIONER DISTRICT NO. 3 (UNEXPIRED TERM)",REP,2,2,3,"TERRY DOTY",REP,6,9,97,112,GRANT
7/14/2015,"KINGFISHER","CITY OF KINGFISHER",43701,"PROPOSITION  CITY OF KINGFISHER",,3,3,1,"FOR THE PROPOSITION - YES",,5,8,162,175,,
7/14/2015,"KINGFISHER","CITY OF KINGFISHER",43701,"PROPOSITION  CITY OF KINGFISHER",,3,3,2,"AGAINST THE PROPOSITION - NO",,2,12,66,80,,
7/14/2015,"MCCLAIN","CITY OF PURCELL",44401,"PROPOSITION  CITY OF PURCELL",,9,9,1,"FOR THE PROPOSITION - YES",,12,10,177,199,,
7/14/2015,"MCCLAIN","CITY OF PURCELL",44401,"PROPOSITION  CITY OF PURCELL",,9,9,2,"AGAINST THE PROPOSITION - NO",,13,48,264,325,,
7/14/2015,"MURRAY","CITY OF DAVIS",45001,"PROPOSITION  CITY OF DAVIS",,2,2,1,"FOR THE PROPOSITION - YES",,0,2,38,40,,
7/14/2015,"MURRAY","CITY OF DAVIS",45001,"PROPOSITION  CITY OF DAVIS",,2,2,2,"AGAINST THE PROPOSITION - NO",,0,0,1,1,,
7/14/2015,"MURRAY","CITY OF SULPHUR",45002,"PROPOSITION  CITY OF SULPHUR",,4,4,1,"FOR THE PROPOSITION - YES",,10,9,39,58,,
7/14/2015,"MURRAY","CITY OF SULPHUR",45002,"PROPOSITION  CITY OF SULPHUR",,4,4,2,"AGAINST THE PROPOSITION - NO",,0,0,1,1,,
7/14/2015,"OKLAHOMA","OKLAHOMA COUNTY",12002,"FOR STATE REPRESENTATIVE DISTRICT 85 (UNEXPIRED TERM)",REP,16,16,1,"RALPH CRAWFORD",REP,71,11,724,806,,
7/14/2015,"OKLAHOMA","OKLAHOMA COUNTY",12002,"FOR STATE REPRESENTATIVE DISTRICT 85 (UNEXPIRED TERM)",REP,16,16,2,"MATT JACKSON",REP,89,10,437,536,,
7/14/2015,"OKLAHOMA","OKLAHOMA COUNTY",12002,"FOR STATE REPRESENTATIVE DISTRICT 85 (UNEXPIRED TERM)",REP,16,16,3,"CHIP CARTER",REP,92,19,916,1027,,
7/14/2015,"OKLAHOMA","OKLAHOMA COUNTY",12002,"FOR STATE REPRESENTATIVE DISTRICT 85 (UNEXPIRED TERM)",REP,16,16,4,"AMY PALUMBO",REP,38,0,362,400,,
7/14/2015,"OSAGE","OSAGE COUNTY",11001,"FOR STATE REPRESENTATIVE DISTRICT 73 (UNEXPIRED TERM)",DEM,2,2,1,"ROBERT LEWIS",DEM,0,1,37,38,,
7/14/2015,"OSAGE","OSAGE COUNTY",11001,"FOR STATE REPRESENTATIVE DISTRICT 73 (UNEXPIRED TERM)",DEM,2,2,2,"JONATHAN TOWNSEND",DEM,0,10,178,188,,
7/14/2015,"OSAGE","OSAGE COUNTY",11001,"FOR STATE REPRESENTATIVE DISTRICT 73 (UNEXPIRED TERM)",DEM,2,2,3,"NORRIS MINOR",DEM,0,0,5,5,,
7/14/2015,"OSAGE","OSAGE COUNTY",11001,"FOR STATE REPRESENTATIVE DISTRICT 73 (UNEXPIRED TERM)",DEM,2,2,4,"JEANETTA D. WILLIAMS",DEM,0,3,37,40,,
7/14/2015,"OSAGE","OSAGE COUNTY",11001,"FOR STATE REPRESENTATIVE DISTRICT 73 (UNEXPIRED TERM)",DEM,2,2,5,"REGINA GOODWIN",DEM,0,32,206,238,,
7/14/2015,"OSAGE","OSAGE COUNTY",11001,"FOR STATE REPRESENTATIVE DISTRICT 73 (UNEXPIRED TERM)",DEM,2,2,6,"JOE WILLIAMS",DEM,0,8,134,142,,
7/14/2015,"OSAGE","OSAGE COUNTY",11001,"FOR STATE REPRESENTATIVE DISTRICT 73 (UNEXPIRED TERM)",DEM,2,2,7,"JENNETTIE P. MARSHALL",DEM,0,4,36,40,,
7/14/2015,"TULSA","TULSA COUNTY",11001,"FOR STATE REPRESENTATIVE DISTRICT 73 (UNEXPIRED TERM)",DEM,11,11,1,"ROBERT LEWIS",DEM,1,0,18,19,,
7/14/2015,"TULSA","TULSA COUNTY",11001,"FOR STATE REPRESENTATIVE DISTRICT 73 (UNEXPIRED TERM)",DEM,11,11,2,"JONATHAN TOWNSEND",DEM,9,33,443,485,,
7/14/2015,"TULSA","TULSA COUNTY",11001,"FOR STATE REPRESENTATIVE DISTRICT 73 (UNEXPIRED TERM)",DEM,11,11,3,"NORRIS MINOR",DEM,0,0,15,15,,
7/14/2015,"TULSA","TULSA COUNTY",11001,"FOR STATE REPRESENTATIVE DISTRICT 73 (UNEXPIRED TERM)",DEM,11,11,4,"JEANETTA D. WILLIAMS",DEM,6,4,105,115,,
7/14/2015,"TULSA","TULSA COUNTY",11001,"FOR STATE REPRESENTATIVE DISTRICT 73 (UNEXPIRED TERM)",DEM,11,11,5,"REGINA GOODWIN",DEM,89,75,448,612,,
7/14/2015,"TULSA","TULSA COUNTY",11001,"FOR STATE REPRESENTATIVE DISTRICT 73 (UNEXPIRED TERM)",DEM,11,11,6,"JOE WILLIAMS",DEM,22,17,318,357,,
7/14/2015,"TULSA","TULSA COUNTY",11001,"FOR STATE REPRESENTATIVE DISTRICT 73 (UNEXPIRED TERM)",DEM,11,11,7,"JENNETTIE P. MARSHALL",DEM,6,15,138,159,,
