elec_date,precinct,entity_description,race_number,race_description,race_party,tot_race_prec,race_prec_reporting,cand_number,cand_name,cand_party,cand_absmail_votes,cand_early_votes,cand_elecday_votes,cand_tot_votes,race_county_owner
9/10/2013,"060002","FAIRVIEW PUBLIC SCHOOLS",54701,"PROPOSITION NO. 1  FAIRVIEW PUBLIC SCHOOLS",,4,4,1,"FOR THE PROPOSITION - YES",,0,3,0,3,,
9/10/2013,"060002","FAIRVIEW PUBLIC SCHOOLS",54701,"PROPOSITION NO. 1  FAIRVIEW PUBLIC SCHOOLS",,4,4,2,"AGAINST THE PROPOSITION - NO",,0,0,0,0,,
9/10/2013,"060002","FAIRVIEW PUBLIC SCHOOLS",54702,"PROPOSITION NO. 2  FAIRVIEW PUBLIC SCHOOLS",,4,4,1,"FOR THE PROPOSITION - YES",,0,3,0,3,,
9/10/2013,"060002","FAIRVIEW PUBLIC SCHOOLS",54702,"PROPOSITION NO. 2  FAIRVIEW PUBLIC SCHOOLS",,4,4,2,"AGAINST THE PROPOSITION - NO",,0,0,0,0,,
9/10/2013,"070015","TOWN OF BOKCHITO",40701,"FOR BOARD OF TRUSTEES (UNEXPIRED TERM)  TOWN OF BOKCHITO",,1,1,1,"JOHNNY ASHBY",,0,0,45,45,,
9/10/2013,"070015","TOWN OF BOKCHITO",40701,"FOR BOARD OF TRUSTEES (UNEXPIRED TERM)  TOWN OF BOKCHITO",,1,1,2,"KIM McGOVERN",,0,2,34,36,,
9/10/2013,"070015","TOWN OF BOKCHITO",40702,"FOR BOARD OF TRUSTEES (UNEXPIRED TERM)  TOWN OF BOKCHITO",,1,1,1,"MARK GREEN",,0,0,39,39,,
9/10/2013,"070015","TOWN OF BOKCHITO",40702,"FOR BOARD OF TRUSTEES (UNEXPIRED TERM)  TOWN OF BOKCHITO",,1,1,2,"JIMMIE W. LONG",,0,0,26,26,,
9/10/2013,"070015","TOWN OF BOKCHITO",40702,"FOR BOARD OF TRUSTEES (UNEXPIRED TERM)  TOWN OF BOKCHITO",,1,1,3,"ELLEN HAISLIP",,0,0,9,9,,
9/10/2013,"070015","TOWN OF BOKCHITO",40702,"FOR BOARD OF TRUSTEES (UNEXPIRED TERM)  TOWN OF BOKCHITO",,1,1,4,"JOHN M. GIBSON",,0,2,6,8,,
9/10/2013,"070018","COLBERT PUBLIC SCHOOLS",50701,"PROPOSITION  COLBERT PUBLIC SCHOOLS",,3,3,1,"FOR THE PROPOSITION - YES",,0,0,0,0,,
9/10/2013,"070018","COLBERT PUBLIC SCHOOLS",50701,"PROPOSITION  COLBERT PUBLIC SCHOOLS",,3,3,2,"AGAINST THE PROPOSITION - NO",,0,0,0,0,,
9/10/2013,"070020","COLBERT PUBLIC SCHOOLS",50701,"PROPOSITION  COLBERT PUBLIC SCHOOLS",,3,3,1,"FOR THE PROPOSITION - YES",,1,0,32,33,,
9/10/2013,"070020","COLBERT PUBLIC SCHOOLS",50701,"PROPOSITION  COLBERT PUBLIC SCHOOLS",,3,3,2,"AGAINST THE PROPOSITION - NO",,2,0,14,16,,
9/10/2013,"070022","COLBERT PUBLIC SCHOOLS",50701,"PROPOSITION  COLBERT PUBLIC SCHOOLS",,3,3,1,"FOR THE PROPOSITION - YES",,6,0,103,109,,
9/10/2013,"070022","COLBERT PUBLIC SCHOOLS",50701,"PROPOSITION  COLBERT PUBLIC SCHOOLS",,3,3,2,"AGAINST THE PROPOSITION - NO",,0,0,52,52,,
9/10/2013,"080041","PIONEER PUBLIC SCHOOL",52601,"PROPOSITION  PIONEER PUBLIC SCHOOL",,7,7,1,"FOR THE PROPOSITION - YES",,0,0,0,0,,
9/10/2013,"080041","PIONEER PUBLIC SCHOOL",52601,"PROPOSITION  PIONEER PUBLIC SCHOOL",,7,7,2,"AGAINST THE PROPOSITION - NO",,0,0,0,0,,
9/10/2013,"100001","CITY OF ARDMORE",41001,"PROPOSITION  CITY OF ARDMORE",,12,12,1,"FOR THE PROPOSITION - YES",,1,3,37,41,,
9/10/2013,"100001","CITY OF ARDMORE",41001,"PROPOSITION  CITY OF ARDMORE",,12,12,2,"AGAINST THE PROPOSITION - NO",,3,1,41,45,,
9/10/2013,"100002","CITY OF ARDMORE",41001,"PROPOSITION  CITY OF ARDMORE",,12,12,1,"FOR THE PROPOSITION - YES",,13,9,114,136,,
9/10/2013,"100002","CITY OF ARDMORE",41001,"PROPOSITION  CITY OF ARDMORE",,12,12,2,"AGAINST THE PROPOSITION - NO",,5,1,77,83,,
9/10/2013,"100007","CITY OF ARDMORE",41001,"PROPOSITION  CITY OF ARDMORE",,12,12,1,"FOR THE PROPOSITION - YES",,1,2,32,35,,
9/10/2013,"100007","CITY OF ARDMORE",41001,"PROPOSITION  CITY OF ARDMORE",,12,12,2,"AGAINST THE PROPOSITION - NO",,0,4,32,36,,
9/10/2013,"100011","CITY OF ARDMORE",41001,"PROPOSITION  CITY OF ARDMORE",,12,12,1,"FOR THE PROPOSITION - YES",,3,11,62,76,,
9/10/2013,"100011","CITY OF ARDMORE",41001,"PROPOSITION  CITY OF ARDMORE",,12,12,2,"AGAINST THE PROPOSITION - NO",,0,4,31,35,,
9/10/2013,"100014","CITY OF ARDMORE",41001,"PROPOSITION  CITY OF ARDMORE",,12,12,1,"FOR THE PROPOSITION - YES",,2,5,38,45,,
9/10/2013,"100014","CITY OF ARDMORE",41001,"PROPOSITION  CITY OF ARDMORE",,12,12,2,"AGAINST THE PROPOSITION - NO",,1,1,30,32,,
9/10/2013,"100015","CITY OF ARDMORE",41001,"PROPOSITION  CITY OF ARDMORE",,12,12,1,"FOR THE PROPOSITION - YES",,6,7,61,74,,
9/10/2013,"100015","CITY OF ARDMORE",41001,"PROPOSITION  CITY OF ARDMORE",,12,12,2,"AGAINST THE PROPOSITION - NO",,7,3,99,109,,
9/10/2013,"100017","CITY OF ARDMORE",41001,"PROPOSITION  CITY OF ARDMORE",,12,12,1,"FOR THE PROPOSITION - YES",,2,8,61,71,,
9/10/2013,"100017","CITY OF ARDMORE",41001,"PROPOSITION  CITY OF ARDMORE",,12,12,2,"AGAINST THE PROPOSITION - NO",,1,2,47,50,,
9/10/2013,"100019","CITY OF ARDMORE",41001,"PROPOSITION  CITY OF ARDMORE",,12,12,1,"FOR THE PROPOSITION - YES",,8,59,349,416,,
9/10/2013,"100019","CITY OF ARDMORE",41001,"PROPOSITION  CITY OF ARDMORE",,12,12,2,"AGAINST THE PROPOSITION - NO",,2,11,150,163,,
9/10/2013,"100020","CITY OF ARDMORE",41001,"PROPOSITION  CITY OF ARDMORE",,12,12,1,"FOR THE PROPOSITION - YES",,0,8,82,90,,
9/10/2013,"100020","CITY OF ARDMORE",41001,"PROPOSITION  CITY OF ARDMORE",,12,12,2,"AGAINST THE PROPOSITION - NO",,1,3,82,86,,
9/10/2013,"100024","CITY OF ARDMORE",41001,"PROPOSITION  CITY OF ARDMORE",,12,12,1,"FOR THE PROPOSITION - YES",,4,21,173,198,,
9/10/2013,"100024","CITY OF ARDMORE",41001,"PROPOSITION  CITY OF ARDMORE",,12,12,2,"AGAINST THE PROPOSITION - NO",,6,3,67,76,,
9/10/2013,"100025","CITY OF ARDMORE",41001,"PROPOSITION  CITY OF ARDMORE",,12,12,1,"FOR THE PROPOSITION - YES",,0,6,13,19,,
9/10/2013,"100025","CITY OF ARDMORE",41001,"PROPOSITION  CITY OF ARDMORE",,12,12,2,"AGAINST THE PROPOSITION - NO",,0,0,0,0,,
9/10/2013,"100063","CITY OF ARDMORE",41001,"PROPOSITION  CITY OF ARDMORE",,12,12,1,"FOR THE PROPOSITION - YES",,0,0,0,0,,
9/10/2013,"100063","CITY OF ARDMORE",41001,"PROPOSITION  CITY OF ARDMORE",,12,12,2,"AGAINST THE PROPOSITION - NO",,0,0,2,2,,
9/10/2013,"120104","HUGO PUBLIC SCHOOLS",51201,"PROPOSITION  HUGO PUBLIC SCHOOLS",,9,9,1,"FOR THE PROPOSITION - YES",,0,0,0,0,,
9/10/2013,"120104","HUGO PUBLIC SCHOOLS",51201,"PROPOSITION  HUGO PUBLIC SCHOOLS",,9,9,2,"AGAINST THE PROPOSITION - NO",,0,0,1,1,,
9/10/2013,"120105","HUGO PUBLIC SCHOOLS",51201,"PROPOSITION  HUGO PUBLIC SCHOOLS",,9,9,1,"FOR THE PROPOSITION - YES",,0,4,80,84,,
9/10/2013,"120105","HUGO PUBLIC SCHOOLS",51201,"PROPOSITION  HUGO PUBLIC SCHOOLS",,9,9,2,"AGAINST THE PROPOSITION - NO",,0,1,18,19,,
9/10/2013,"120106","HUGO PUBLIC SCHOOLS",51201,"PROPOSITION  HUGO PUBLIC SCHOOLS",,9,9,1,"FOR THE PROPOSITION - YES",,2,17,92,111,,
9/10/2013,"120106","HUGO PUBLIC SCHOOLS",51201,"PROPOSITION  HUGO PUBLIC SCHOOLS",,9,9,2,"AGAINST THE PROPOSITION - NO",,0,5,17,22,,
9/10/2013,"120208","HUGO PUBLIC SCHOOLS",51201,"PROPOSITION  HUGO PUBLIC SCHOOLS",,9,9,1,"FOR THE PROPOSITION - YES",,1,28,75,104,,
9/10/2013,"120208","HUGO PUBLIC SCHOOLS",51201,"PROPOSITION  HUGO PUBLIC SCHOOLS",,9,9,2,"AGAINST THE PROPOSITION - NO",,0,7,40,47,,
9/10/2013,"120210","HUGO PUBLIC SCHOOLS",51201,"PROPOSITION  HUGO PUBLIC SCHOOLS",,9,9,1,"FOR THE PROPOSITION - YES",,1,33,112,146,,
9/10/2013,"120210","HUGO PUBLIC SCHOOLS",51201,"PROPOSITION  HUGO PUBLIC SCHOOLS",,9,9,2,"AGAINST THE PROPOSITION - NO",,1,7,44,52,,
9/10/2013,"120214","HUGO PUBLIC SCHOOLS",51201,"PROPOSITION  HUGO PUBLIC SCHOOLS",,9,9,1,"FOR THE PROPOSITION - YES",,1,26,134,161,,
9/10/2013,"120214","HUGO PUBLIC SCHOOLS",51201,"PROPOSITION  HUGO PUBLIC SCHOOLS",,9,9,2,"AGAINST THE PROPOSITION - NO",,0,3,26,29,,
9/10/2013,"120215","HUGO PUBLIC SCHOOLS",51201,"PROPOSITION  HUGO PUBLIC SCHOOLS",,9,9,1,"FOR THE PROPOSITION - YES",,0,32,92,124,,
9/10/2013,"120215","HUGO PUBLIC SCHOOLS",51201,"PROPOSITION  HUGO PUBLIC SCHOOLS",,9,9,2,"AGAINST THE PROPOSITION - NO",,0,7,17,24,,
9/10/2013,"120316","HUGO PUBLIC SCHOOLS",51201,"PROPOSITION  HUGO PUBLIC SCHOOLS",,9,9,1,"FOR THE PROPOSITION - YES",,10,71,187,268,,
9/10/2013,"120316","HUGO PUBLIC SCHOOLS",51201,"PROPOSITION  HUGO PUBLIC SCHOOLS",,9,9,2,"AGAINST THE PROPOSITION - NO",,2,12,41,55,,
9/10/2013,"120318","HUGO PUBLIC SCHOOLS",51201,"PROPOSITION  HUGO PUBLIC SCHOOLS",,9,9,1,"FOR THE PROPOSITION - YES",,1,33,81,115,,
9/10/2013,"120318","HUGO PUBLIC SCHOOLS",51201,"PROPOSITION  HUGO PUBLIC SCHOOLS",,9,9,2,"AGAINST THE PROPOSITION - NO",,1,1,58,60,,
9/10/2013,"190408","MILFAY PUBLIC SCHOOL",51901,"PROPOSITION  MILFAY PUBLIC SCHOOL",,3,3,1,"FOR THE PROPOSITION - YES",,0,0,0,0,,
9/10/2013,"190408","MILFAY PUBLIC SCHOOL",51901,"PROPOSITION  MILFAY PUBLIC SCHOOL",,3,3,2,"AGAINST THE PROPOSITION - NO",,0,0,0,0,,
9/10/2013,"190410","MILFAY PUBLIC SCHOOL",51901,"PROPOSITION  MILFAY PUBLIC SCHOOL",,3,3,1,"FOR THE PROPOSITION - YES",,0,1,70,71,,
9/10/2013,"190410","MILFAY PUBLIC SCHOOL",51901,"PROPOSITION  MILFAY PUBLIC SCHOOL",,3,3,2,"AGAINST THE PROPOSITION - NO",,0,0,40,40,,
9/10/2013,"190411","MILFAY PUBLIC SCHOOL",51901,"PROPOSITION  MILFAY PUBLIC SCHOOL",,3,3,1,"FOR THE PROPOSITION - YES",,0,0,6,6,,
9/10/2013,"190411","MILFAY PUBLIC SCHOOL",51901,"PROPOSITION  MILFAY PUBLIC SCHOOL",,3,3,2,"AGAINST THE PROPOSITION - NO",,0,0,0,0,,
9/10/2013,"210015","SPAVINAW PUBLIC SCHOOL",54901,"PROPOSITION  SPAVINAW PUBLIC SCHOOL",,3,3,1,"FOR THE PROPOSITION - YES",,0,0,0,0,,
9/10/2013,"210015","SPAVINAW PUBLIC SCHOOL",54901,"PROPOSITION  SPAVINAW PUBLIC SCHOOL",,3,3,2,"AGAINST THE PROPOSITION - NO",,0,0,0,0,,
9/10/2013,"240206","CHISHOLM PUBLIC SCHOOLS",52401,"PROPOSITION  CHISHOLM PUBLIC SCHOOLS",,12,12,1,"FOR THE PROPOSITION - YES",,1,1,66,68,,
9/10/2013,"240206","CHISHOLM PUBLIC SCHOOLS",52401,"PROPOSITION  CHISHOLM PUBLIC SCHOOLS",,12,12,2,"AGAINST THE PROPOSITION - NO",,1,0,26,27,,
9/10/2013,"240207","CHISHOLM PUBLIC SCHOOLS",52401,"PROPOSITION  CHISHOLM PUBLIC SCHOOLS",,12,12,1,"FOR THE PROPOSITION - YES",,3,19,185,207,,
9/10/2013,"240207","CHISHOLM PUBLIC SCHOOLS",52401,"PROPOSITION  CHISHOLM PUBLIC SCHOOLS",,12,12,2,"AGAINST THE PROPOSITION - NO",,0,0,54,54,,
9/10/2013,"240208","CHISHOLM PUBLIC SCHOOLS",52401,"PROPOSITION  CHISHOLM PUBLIC SCHOOLS",,12,12,1,"FOR THE PROPOSITION - YES",,0,1,0,1,,
9/10/2013,"240208","CHISHOLM PUBLIC SCHOOLS",52401,"PROPOSITION  CHISHOLM PUBLIC SCHOOLS",,12,12,2,"AGAINST THE PROPOSITION - NO",,0,0,0,0,,
9/10/2013,"240211","CHISHOLM PUBLIC SCHOOLS",52401,"PROPOSITION  CHISHOLM PUBLIC SCHOOLS",,12,12,1,"FOR THE PROPOSITION - YES",,0,1,13,14,,
9/10/2013,"240211","CHISHOLM PUBLIC SCHOOLS",52401,"PROPOSITION  CHISHOLM PUBLIC SCHOOLS",,12,12,2,"AGAINST THE PROPOSITION - NO",,0,0,0,0,,
9/10/2013,"240212","CHISHOLM PUBLIC SCHOOLS",52401,"PROPOSITION  CHISHOLM PUBLIC SCHOOLS",,12,12,1,"FOR THE PROPOSITION - YES",,0,0,0,0,,
9/10/2013,"240212","CHISHOLM PUBLIC SCHOOLS",52401,"PROPOSITION  CHISHOLM PUBLIC SCHOOLS",,12,12,2,"AGAINST THE PROPOSITION - NO",,0,0,0,0,,
9/10/2013,"240304","CHISHOLM PUBLIC SCHOOLS",52401,"PROPOSITION  CHISHOLM PUBLIC SCHOOLS",,12,12,1,"FOR THE PROPOSITION - YES",,0,0,2,2,,
9/10/2013,"240304","CHISHOLM PUBLIC SCHOOLS",52401,"PROPOSITION  CHISHOLM PUBLIC SCHOOLS",,12,12,2,"AGAINST THE PROPOSITION - NO",,0,0,0,0,,
9/10/2013,"240305","CHISHOLM PUBLIC SCHOOLS",52401,"PROPOSITION  CHISHOLM PUBLIC SCHOOLS",,12,12,1,"FOR THE PROPOSITION - YES",,5,4,70,79,,
9/10/2013,"240305","CHISHOLM PUBLIC SCHOOLS",52401,"PROPOSITION  CHISHOLM PUBLIC SCHOOLS",,12,12,2,"AGAINST THE PROPOSITION - NO",,8,3,37,48,,
9/10/2013,"240306","CHISHOLM PUBLIC SCHOOLS",52401,"PROPOSITION  CHISHOLM PUBLIC SCHOOLS",,12,12,1,"FOR THE PROPOSITION - YES",,0,0,22,22,,
9/10/2013,"240306","CHISHOLM PUBLIC SCHOOLS",52401,"PROPOSITION  CHISHOLM PUBLIC SCHOOLS",,12,12,2,"AGAINST THE PROPOSITION - NO",,0,0,4,4,,
9/10/2013,"240307","CHISHOLM PUBLIC SCHOOLS",52401,"PROPOSITION  CHISHOLM PUBLIC SCHOOLS",,12,12,1,"FOR THE PROPOSITION - YES",,8,7,53,68,,
9/10/2013,"240307","CHISHOLM PUBLIC SCHOOLS",52401,"PROPOSITION  CHISHOLM PUBLIC SCHOOLS",,12,12,2,"AGAINST THE PROPOSITION - NO",,6,0,9,15,,
9/10/2013,"240308","CHISHOLM PUBLIC SCHOOLS",52401,"PROPOSITION  CHISHOLM PUBLIC SCHOOLS",,12,12,1,"FOR THE PROPOSITION - YES",,4,11,95,110,,
9/10/2013,"240308","CHISHOLM PUBLIC SCHOOLS",52401,"PROPOSITION  CHISHOLM PUBLIC SCHOOLS",,12,12,2,"AGAINST THE PROPOSITION - NO",,0,0,18,18,,
9/10/2013,"240309","CHISHOLM PUBLIC SCHOOLS",52401,"PROPOSITION  CHISHOLM PUBLIC SCHOOLS",,12,12,1,"FOR THE PROPOSITION - YES",,2,0,7,9,,
9/10/2013,"240309","CHISHOLM PUBLIC SCHOOLS",52401,"PROPOSITION  CHISHOLM PUBLIC SCHOOLS",,12,12,2,"AGAINST THE PROPOSITION - NO",,1,0,4,5,,
9/10/2013,"250001","CITY OF LINDSAY",42502,"FOR COUNCILMEMBER (UNEXPIRED TERM)  CITY OF LINDSAY",,2,2,1,"SCOTT McPHERSON",,2,0,26,28,,
9/10/2013,"250001","CITY OF LINDSAY",42502,"FOR COUNCILMEMBER (UNEXPIRED TERM)  CITY OF LINDSAY",,2,2,2,"RONNY HARRELL",,0,0,15,15,,
9/10/2013,"250002","CITY OF LINDSAY",42502,"FOR COUNCILMEMBER (UNEXPIRED TERM)  CITY OF LINDSAY",,2,2,1,"SCOTT McPHERSON",,4,0,28,32,,
9/10/2013,"250002","CITY OF LINDSAY",42502,"FOR COUNCILMEMBER (UNEXPIRED TERM)  CITY OF LINDSAY",,2,2,2,"RONNY HARRELL",,1,0,15,16,,
9/10/2013,"250003","ELMORE CITY-PERNELL SCHOOLS",52501,"PROPOSITION  ELMORE CITY-PERNELL SCHOOLS",,7,7,1,"FOR THE PROPOSITION - YES",,0,0,0,0,,
9/10/2013,"250003","ELMORE CITY-PERNELL SCHOOLS",52501,"PROPOSITION  ELMORE CITY-PERNELL SCHOOLS",,7,7,2,"AGAINST THE PROPOSITION - NO",,0,0,0,0,,
9/10/2013,"250005","ELMORE CITY-PERNELL SCHOOLS",52501,"PROPOSITION  ELMORE CITY-PERNELL SCHOOLS",,7,7,1,"FOR THE PROPOSITION - YES",,0,2,0,2,,
9/10/2013,"250005","ELMORE CITY-PERNELL SCHOOLS",52501,"PROPOSITION  ELMORE CITY-PERNELL SCHOOLS",,7,7,2,"AGAINST THE PROPOSITION - NO",,0,3,0,3,,
9/10/2013,"250009","ELMORE CITY-PERNELL SCHOOLS",52501,"PROPOSITION  ELMORE CITY-PERNELL SCHOOLS",,7,7,1,"FOR THE PROPOSITION - YES",,4,15,152,171,,
9/10/2013,"250009","ELMORE CITY-PERNELL SCHOOLS",52501,"PROPOSITION  ELMORE CITY-PERNELL SCHOOLS",,7,7,2,"AGAINST THE PROPOSITION - NO",,3,6,238,247,,
9/10/2013,"250013","ELMORE CITY-PERNELL SCHOOLS",52501,"PROPOSITION  ELMORE CITY-PERNELL SCHOOLS",,7,7,1,"FOR THE PROPOSITION - YES",,0,0,23,23,,
9/10/2013,"250013","ELMORE CITY-PERNELL SCHOOLS",52501,"PROPOSITION  ELMORE CITY-PERNELL SCHOOLS",,7,7,2,"AGAINST THE PROPOSITION - NO",,0,1,65,66,,
9/10/2013,"250016","ELMORE CITY-PERNELL SCHOOLS",52501,"PROPOSITION  ELMORE CITY-PERNELL SCHOOLS",,7,7,1,"FOR THE PROPOSITION - YES",,0,0,11,11,,
9/10/2013,"250016","ELMORE CITY-PERNELL SCHOOLS",52501,"PROPOSITION  ELMORE CITY-PERNELL SCHOOLS",,7,7,2,"AGAINST THE PROPOSITION - NO",,0,0,24,24,,
9/10/2013,"260001","CITY OF CHICKASHA",42601,"PROPOSITION  CITY OF CHICKASHA",,10,10,1,"FOR THE PROPOSITION - YES",,3,1,104,108,,
9/10/2013,"260001","CITY OF CHICKASHA",42601,"PROPOSITION  CITY OF CHICKASHA",,10,10,2,"AGAINST THE PROPOSITION - NO",,0,1,69,70,,
9/10/2013,"260001","PIONEER PUBLIC SCHOOL",52601,"PROPOSITION  PIONEER PUBLIC SCHOOL",,7,7,1,"FOR THE PROPOSITION - YES",,0,0,0,0,,
9/10/2013,"260001","PIONEER PUBLIC SCHOOL",52601,"PROPOSITION  PIONEER PUBLIC SCHOOL",,7,7,2,"AGAINST THE PROPOSITION - NO",,0,0,0,0,,
9/10/2013,"260002","CITY OF CHICKASHA",42601,"PROPOSITION  CITY OF CHICKASHA",,10,10,1,"FOR THE PROPOSITION - YES",,3,20,185,208,,
9/10/2013,"260002","CITY OF CHICKASHA",42601,"PROPOSITION  CITY OF CHICKASHA",,10,10,2,"AGAINST THE PROPOSITION - NO",,3,9,96,108,,
9/10/2013,"260002","PIONEER PUBLIC SCHOOL",52601,"PROPOSITION  PIONEER PUBLIC SCHOOL",,7,7,1,"FOR THE PROPOSITION - YES",,0,0,0,0,,
9/10/2013,"260002","PIONEER PUBLIC SCHOOL",52601,"PROPOSITION  PIONEER PUBLIC SCHOOL",,7,7,2,"AGAINST THE PROPOSITION - NO",,0,0,0,0,,
9/10/2013,"260003","CITY OF CHICKASHA",42601,"PROPOSITION  CITY OF CHICKASHA",,10,10,1,"FOR THE PROPOSITION - YES",,2,2,106,110,,
9/10/2013,"260003","CITY OF CHICKASHA",42601,"PROPOSITION  CITY OF CHICKASHA",,10,10,2,"AGAINST THE PROPOSITION - NO",,1,4,53,58,,
9/10/2013,"260005","CITY OF CHICKASHA",42601,"PROPOSITION  CITY OF CHICKASHA",,10,10,1,"FOR THE PROPOSITION - YES",,3,6,59,68,,
9/10/2013,"260005","CITY OF CHICKASHA",42601,"PROPOSITION  CITY OF CHICKASHA",,10,10,2,"AGAINST THE PROPOSITION - NO",,2,1,42,45,,
9/10/2013,"260006","CITY OF CHICKASHA",42601,"PROPOSITION  CITY OF CHICKASHA",,10,10,1,"FOR THE PROPOSITION - YES",,5,10,38,53,,
9/10/2013,"260006","CITY OF CHICKASHA",42601,"PROPOSITION  CITY OF CHICKASHA",,10,10,2,"AGAINST THE PROPOSITION - NO",,2,11,69,82,,
9/10/2013,"260008","CITY OF CHICKASHA",42601,"PROPOSITION  CITY OF CHICKASHA",,10,10,1,"FOR THE PROPOSITION - YES",,3,2,59,64,,
9/10/2013,"260008","CITY OF CHICKASHA",42601,"PROPOSITION  CITY OF CHICKASHA",,10,10,2,"AGAINST THE PROPOSITION - NO",,1,1,65,67,,
9/10/2013,"260009","CITY OF CHICKASHA",42601,"PROPOSITION  CITY OF CHICKASHA",,10,10,1,"FOR THE PROPOSITION - YES",,8,18,145,171,,
9/10/2013,"260009","CITY OF CHICKASHA",42601,"PROPOSITION  CITY OF CHICKASHA",,10,10,2,"AGAINST THE PROPOSITION - NO",,3,12,76,91,,
9/10/2013,"260011","CITY OF CHICKASHA",42601,"PROPOSITION  CITY OF CHICKASHA",,10,10,1,"FOR THE PROPOSITION - YES",,1,2,2,5,,
9/10/2013,"260011","CITY OF CHICKASHA",42601,"PROPOSITION  CITY OF CHICKASHA",,10,10,2,"AGAINST THE PROPOSITION - NO",,0,0,1,1,,
9/10/2013,"260017","PIONEER PUBLIC SCHOOL",52601,"PROPOSITION  PIONEER PUBLIC SCHOOL",,7,7,1,"FOR THE PROPOSITION - YES",,0,0,0,0,,
9/10/2013,"260017","PIONEER PUBLIC SCHOOL",52601,"PROPOSITION  PIONEER PUBLIC SCHOOL",,7,7,2,"AGAINST THE PROPOSITION - NO",,0,0,0,0,,
9/10/2013,"260027","CITY OF CHICKASHA",42601,"PROPOSITION  CITY OF CHICKASHA",,10,10,1,"FOR THE PROPOSITION - YES",,0,0,0,0,,
9/10/2013,"260027","CITY OF CHICKASHA",42601,"PROPOSITION  CITY OF CHICKASHA",,10,10,2,"AGAINST THE PROPOSITION - NO",,0,0,2,2,,
9/10/2013,"260027","PIONEER PUBLIC SCHOOL",52601,"PROPOSITION  PIONEER PUBLIC SCHOOL",,7,7,1,"FOR THE PROPOSITION - YES",,0,0,1,1,,
9/10/2013,"260027","PIONEER PUBLIC SCHOOL",52601,"PROPOSITION  PIONEER PUBLIC SCHOOL",,7,7,2,"AGAINST THE PROPOSITION - NO",,0,0,0,0,,
9/10/2013,"260032","PIONEER PUBLIC SCHOOL",52601,"PROPOSITION  PIONEER PUBLIC SCHOOL",,7,7,1,"FOR THE PROPOSITION - YES",,3,1,22,26,,
9/10/2013,"260032","PIONEER PUBLIC SCHOOL",52601,"PROPOSITION  PIONEER PUBLIC SCHOOL",,7,7,2,"AGAINST THE PROPOSITION - NO",,0,0,1,1,,
9/10/2013,"260033","CITY OF CHICKASHA",42601,"PROPOSITION  CITY OF CHICKASHA",,10,10,1,"FOR THE PROPOSITION - YES",,0,0,0,0,,
9/10/2013,"260033","CITY OF CHICKASHA",42601,"PROPOSITION  CITY OF CHICKASHA",,10,10,2,"AGAINST THE PROPOSITION - NO",,0,0,0,0,,
9/10/2013,"260033","PIONEER PUBLIC SCHOOL",52601,"PROPOSITION  PIONEER PUBLIC SCHOOL",,7,7,1,"FOR THE PROPOSITION - YES",,1,1,36,38,,
9/10/2013,"260033","PIONEER PUBLIC SCHOOL",52601,"PROPOSITION  PIONEER PUBLIC SCHOOL",,7,7,2,"AGAINST THE PROPOSITION - NO",,0,0,3,3,,
9/10/2013,"300201","TOWN OF LAVERNE",43002,"PROPOSITION  TOWN OF LAVERNE",,2,2,1,"FOR THE PROPOSITION - YES",,1,0,22,23,,
9/10/2013,"300201","TOWN OF LAVERNE",43002,"PROPOSITION  TOWN OF LAVERNE",,2,2,2,"AGAINST THE PROPOSITION - NO",,1,0,70,71,,
9/10/2013,"300203","TOWN OF LAVERNE",43002,"PROPOSITION  TOWN OF LAVERNE",,2,2,1,"FOR THE PROPOSITION - YES",,0,0,7,7,,
9/10/2013,"300203","TOWN OF LAVERNE",43002,"PROPOSITION  TOWN OF LAVERNE",,2,2,2,"AGAINST THE PROPOSITION - NO",,2,1,13,16,,
9/10/2013,"300301","TOWN OF BUFFALO",43001,"PROPOSITION  TOWN OF BUFFALO",,2,2,1,"FOR THE PROPOSITION - YES",,0,3,20,23,,
9/10/2013,"300301","TOWN OF BUFFALO",43001,"PROPOSITION  TOWN OF BUFFALO",,2,2,2,"AGAINST THE PROPOSITION - NO",,0,0,0,0,,
9/10/2013,"300402","TOWN OF BUFFALO",43001,"PROPOSITION  TOWN OF BUFFALO",,2,2,1,"FOR THE PROPOSITION - YES",,3,15,43,61,,
9/10/2013,"300402","TOWN OF BUFFALO",43001,"PROPOSITION  TOWN OF BUFFALO",,2,2,2,"AGAINST THE PROPOSITION - NO",,0,0,0,0,,
9/10/2013,"330001","CITY OF ALTUS",43301,"PROPOSITION  CITY OF ALTUS",,8,8,1,"FOR THE PROPOSITION - YES",,4,11,115,130,,
9/10/2013,"330001","CITY OF ALTUS",43301,"PROPOSITION  CITY OF ALTUS",,8,8,2,"AGAINST THE PROPOSITION - NO",,3,5,35,43,,
9/10/2013,"330002","CITY OF ALTUS",43301,"PROPOSITION  CITY OF ALTUS",,8,8,1,"FOR THE PROPOSITION - YES",,1,16,92,109,,
9/10/2013,"330002","CITY OF ALTUS",43301,"PROPOSITION  CITY OF ALTUS",,8,8,2,"AGAINST THE PROPOSITION - NO",,0,6,18,24,,
9/10/2013,"330003","CITY OF ALTUS",43301,"PROPOSITION  CITY OF ALTUS",,8,8,1,"FOR THE PROPOSITION - YES",,1,2,50,53,,
9/10/2013,"330003","CITY OF ALTUS",43301,"PROPOSITION  CITY OF ALTUS",,8,8,2,"AGAINST THE PROPOSITION - NO",,0,0,28,28,,
9/10/2013,"330006","CITY OF ALTUS",43301,"PROPOSITION  CITY OF ALTUS",,8,8,1,"FOR THE PROPOSITION - YES",,4,20,131,155,,
9/10/2013,"330006","CITY OF ALTUS",43301,"PROPOSITION  CITY OF ALTUS",,8,8,2,"AGAINST THE PROPOSITION - NO",,1,4,56,61,,
9/10/2013,"330007","CITY OF ALTUS",43301,"PROPOSITION  CITY OF ALTUS",,8,8,1,"FOR THE PROPOSITION - YES",,1,3,45,49,,
9/10/2013,"330007","CITY OF ALTUS",43301,"PROPOSITION  CITY OF ALTUS",,8,8,2,"AGAINST THE PROPOSITION - NO",,0,0,24,24,,
9/10/2013,"330010","CITY OF ALTUS",43301,"PROPOSITION  CITY OF ALTUS",,8,8,1,"FOR THE PROPOSITION - YES",,0,2,35,37,,
9/10/2013,"330010","CITY OF ALTUS",43301,"PROPOSITION  CITY OF ALTUS",,8,8,2,"AGAINST THE PROPOSITION - NO",,0,4,13,17,,
9/10/2013,"330014","CITY OF ALTUS",43301,"PROPOSITION  CITY OF ALTUS",,8,8,1,"FOR THE PROPOSITION - YES",,3,9,126,138,,
9/10/2013,"330014","CITY OF ALTUS",43301,"PROPOSITION  CITY OF ALTUS",,8,8,2,"AGAINST THE PROPOSITION - NO",,1,9,27,37,,
9/10/2013,"330023","CITY OF ALTUS",43301,"PROPOSITION  CITY OF ALTUS",,8,8,1,"FOR THE PROPOSITION - YES",,0,0,2,2,,
9/10/2013,"330023","CITY OF ALTUS",43301,"PROPOSITION  CITY OF ALTUS",,8,8,2,"AGAINST THE PROPOSITION - NO",,0,0,0,0,,
9/10/2013,"340006","RYAN PUBLIC SCHOOLS",53401,"PROPOSITION  RYAN PUBLIC SCHOOLS",,4,4,1,"FOR THE PROPOSITION - YES",,11,3,119,133,,
9/10/2013,"340006","RYAN PUBLIC SCHOOLS",53401,"PROPOSITION  RYAN PUBLIC SCHOOLS",,4,4,2,"AGAINST THE PROPOSITION - NO",,2,2,69,73,,
9/10/2013,"340007","RYAN PUBLIC SCHOOLS",53401,"PROPOSITION  RYAN PUBLIC SCHOOLS",,4,4,1,"FOR THE PROPOSITION - YES",,0,0,0,0,,
9/10/2013,"340007","RYAN PUBLIC SCHOOLS",53401,"PROPOSITION  RYAN PUBLIC SCHOOLS",,4,4,2,"AGAINST THE PROPOSITION - NO",,0,0,0,0,,
9/10/2013,"340008","RYAN PUBLIC SCHOOLS",53401,"PROPOSITION  RYAN PUBLIC SCHOOLS",,4,4,1,"FOR THE PROPOSITION - YES",,0,0,0,0,,
9/10/2013,"340008","RYAN PUBLIC SCHOOLS",53401,"PROPOSITION  RYAN PUBLIC SCHOOLS",,4,4,2,"AGAINST THE PROPOSITION - NO",,0,0,0,0,,
9/10/2013,"340010","RYAN PUBLIC SCHOOLS",53401,"PROPOSITION  RYAN PUBLIC SCHOOLS",,4,4,1,"FOR THE PROPOSITION - YES",,0,0,8,8,,
9/10/2013,"340010","RYAN PUBLIC SCHOOLS",53401,"PROPOSITION  RYAN PUBLIC SCHOOLS",,4,4,2,"AGAINST THE PROPOSITION - NO",,0,0,4,4,,
9/10/2013,"400109","TOWN OF CAMERON",44001,"PROPOSITION  TOWN OF CAMERON",,1,1,1,"FOR THE PROPOSITION - YES",,0,0,11,11,,
9/10/2013,"400109","TOWN OF CAMERON",44001,"PROPOSITION  TOWN OF CAMERON",,1,1,2,"AGAINST THE PROPOSITION - NO",,0,0,9,9,,
9/10/2013,"410015","HARRAH PUBLIC SCHOOLS",55501,"PROPOSITION  HARRAH PUBLIC SCHOOLS",,8,8,1,"FOR THE PROPOSITION - YES",,1,0,54,55,,
9/10/2013,"410015","HARRAH PUBLIC SCHOOLS",55501,"PROPOSITION  HARRAH PUBLIC SCHOOLS",,8,8,2,"AGAINST THE PROPOSITION - NO",,2,0,35,37,,
9/10/2013,"410020","HARRAH PUBLIC SCHOOLS",55501,"PROPOSITION  HARRAH PUBLIC SCHOOLS",,8,8,1,"FOR THE PROPOSITION - YES",,1,0,27,28,,
9/10/2013,"410020","HARRAH PUBLIC SCHOOLS",55501,"PROPOSITION  HARRAH PUBLIC SCHOOLS",,8,8,2,"AGAINST THE PROPOSITION - NO",,1,0,11,12,,
9/10/2013,"450002","IDABEL PUBLIC SCHOOLS",54501,"PROPOSITION NO. 1  IDABEL PUBLIC SCHOOLS",,12,12,1,"FOR THE PROPOSITION - YES",,0,1,23,24,,
9/10/2013,"450002","IDABEL PUBLIC SCHOOLS",54501,"PROPOSITION NO. 1  IDABEL PUBLIC SCHOOLS",,12,12,2,"AGAINST THE PROPOSITION - NO",,0,0,3,3,,
9/10/2013,"450002","IDABEL PUBLIC SCHOOLS",54502,"PROPOSITION NO. 2  IDABEL PUBLIC SCHOOLS",,12,12,1,"FOR THE PROPOSITION - YES",,0,1,25,26,,
9/10/2013,"450002","IDABEL PUBLIC SCHOOLS",54502,"PROPOSITION NO. 2  IDABEL PUBLIC SCHOOLS",,12,12,2,"AGAINST THE PROPOSITION - NO",,0,0,3,3,,
9/10/2013,"450004","IDABEL PUBLIC SCHOOLS",54501,"PROPOSITION NO. 1  IDABEL PUBLIC SCHOOLS",,12,12,1,"FOR THE PROPOSITION - YES",,0,3,71,74,,
9/10/2013,"450004","IDABEL PUBLIC SCHOOLS",54501,"PROPOSITION NO. 1  IDABEL PUBLIC SCHOOLS",,12,12,2,"AGAINST THE PROPOSITION - NO",,0,0,17,17,,
9/10/2013,"450004","IDABEL PUBLIC SCHOOLS",54502,"PROPOSITION NO. 2  IDABEL PUBLIC SCHOOLS",,12,12,1,"FOR THE PROPOSITION - YES",,1,3,75,79,,
9/10/2013,"450004","IDABEL PUBLIC SCHOOLS",54502,"PROPOSITION NO. 2  IDABEL PUBLIC SCHOOLS",,12,12,2,"AGAINST THE PROPOSITION - NO",,0,0,17,17,,
9/10/2013,"450005","IDABEL PUBLIC SCHOOLS",54501,"PROPOSITION NO. 1  IDABEL PUBLIC SCHOOLS",,12,12,1,"FOR THE PROPOSITION - YES",,0,1,26,27,,
9/10/2013,"450005","IDABEL PUBLIC SCHOOLS",54501,"PROPOSITION NO. 1  IDABEL PUBLIC SCHOOLS",,12,12,2,"AGAINST THE PROPOSITION - NO",,0,0,4,4,,
9/10/2013,"450005","IDABEL PUBLIC SCHOOLS",54502,"PROPOSITION NO. 2  IDABEL PUBLIC SCHOOLS",,12,12,1,"FOR THE PROPOSITION - YES",,0,1,25,26,,
9/10/2013,"450005","IDABEL PUBLIC SCHOOLS",54502,"PROPOSITION NO. 2  IDABEL PUBLIC SCHOOLS",,12,12,2,"AGAINST THE PROPOSITION - NO",,0,0,5,5,,
9/10/2013,"450006","IDABEL PUBLIC SCHOOLS",54501,"PROPOSITION NO. 1  IDABEL PUBLIC SCHOOLS",,12,12,1,"FOR THE PROPOSITION - YES",,3,3,101,107,,
9/10/2013,"450006","IDABEL PUBLIC SCHOOLS",54501,"PROPOSITION NO. 1  IDABEL PUBLIC SCHOOLS",,12,12,2,"AGAINST THE PROPOSITION - NO",,0,1,17,18,,
9/10/2013,"450006","IDABEL PUBLIC SCHOOLS",54502,"PROPOSITION NO. 2  IDABEL PUBLIC SCHOOLS",,12,12,1,"FOR THE PROPOSITION - YES",,4,2,103,109,,
9/10/2013,"450006","IDABEL PUBLIC SCHOOLS",54502,"PROPOSITION NO. 2  IDABEL PUBLIC SCHOOLS",,12,12,2,"AGAINST THE PROPOSITION - NO",,0,2,17,19,,
9/10/2013,"450008","IDABEL PUBLIC SCHOOLS",54501,"PROPOSITION NO. 1  IDABEL PUBLIC SCHOOLS",,12,12,1,"FOR THE PROPOSITION - YES",,0,1,17,18,,
9/10/2013,"450008","IDABEL PUBLIC SCHOOLS",54501,"PROPOSITION NO. 1  IDABEL PUBLIC SCHOOLS",,12,12,2,"AGAINST THE PROPOSITION - NO",,0,2,4,6,,
9/10/2013,"450008","IDABEL PUBLIC SCHOOLS",54502,"PROPOSITION NO. 2  IDABEL PUBLIC SCHOOLS",,12,12,1,"FOR THE PROPOSITION - YES",,0,1,19,20,,
9/10/2013,"450008","IDABEL PUBLIC SCHOOLS",54502,"PROPOSITION NO. 2  IDABEL PUBLIC SCHOOLS",,12,12,2,"AGAINST THE PROPOSITION - NO",,0,2,2,4,,
9/10/2013,"450009","IDABEL PUBLIC SCHOOLS",54501,"PROPOSITION NO. 1  IDABEL PUBLIC SCHOOLS",,12,12,1,"FOR THE PROPOSITION - YES",,0,1,62,63,,
9/10/2013,"450009","IDABEL PUBLIC SCHOOLS",54501,"PROPOSITION NO. 1  IDABEL PUBLIC SCHOOLS",,12,12,2,"AGAINST THE PROPOSITION - NO",,0,0,7,7,,
9/10/2013,"450009","IDABEL PUBLIC SCHOOLS",54502,"PROPOSITION NO. 2  IDABEL PUBLIC SCHOOLS",,12,12,1,"FOR THE PROPOSITION - YES",,0,1,61,62,,
9/10/2013,"450009","IDABEL PUBLIC SCHOOLS",54502,"PROPOSITION NO. 2  IDABEL PUBLIC SCHOOLS",,12,12,2,"AGAINST THE PROPOSITION - NO",,0,0,8,8,,
9/10/2013,"450011","IDABEL PUBLIC SCHOOLS",54501,"PROPOSITION NO. 1  IDABEL PUBLIC SCHOOLS",,12,12,1,"FOR THE PROPOSITION - YES",,0,0,0,0,,
9/10/2013,"450011","IDABEL PUBLIC SCHOOLS",54501,"PROPOSITION NO. 1  IDABEL PUBLIC SCHOOLS",,12,12,2,"AGAINST THE PROPOSITION - NO",,0,0,0,0,,
9/10/2013,"450011","IDABEL PUBLIC SCHOOLS",54502,"PROPOSITION NO. 2  IDABEL PUBLIC SCHOOLS",,12,12,1,"FOR THE PROPOSITION - YES",,0,0,0,0,,
9/10/2013,"450011","IDABEL PUBLIC SCHOOLS",54502,"PROPOSITION NO. 2  IDABEL PUBLIC SCHOOLS",,12,12,2,"AGAINST THE PROPOSITION - NO",,0,0,0,0,,
9/10/2013,"450013","IDABEL PUBLIC SCHOOLS",54501,"PROPOSITION NO. 1  IDABEL PUBLIC SCHOOLS",,12,12,1,"FOR THE PROPOSITION - YES",,0,0,0,0,,
9/10/2013,"450013","IDABEL PUBLIC SCHOOLS",54501,"PROPOSITION NO. 1  IDABEL PUBLIC SCHOOLS",,12,12,2,"AGAINST THE PROPOSITION - NO",,0,0,0,0,,
9/10/2013,"450013","IDABEL PUBLIC SCHOOLS",54502,"PROPOSITION NO. 2  IDABEL PUBLIC SCHOOLS",,12,12,1,"FOR THE PROPOSITION - YES",,0,0,0,0,,
9/10/2013,"450013","IDABEL PUBLIC SCHOOLS",54502,"PROPOSITION NO. 2  IDABEL PUBLIC SCHOOLS",,12,12,2,"AGAINST THE PROPOSITION - NO",,0,0,0,0,,
9/10/2013,"450031","IDABEL PUBLIC SCHOOLS",54501,"PROPOSITION NO. 1  IDABEL PUBLIC SCHOOLS",,12,12,1,"FOR THE PROPOSITION - YES",,0,0,0,0,,
9/10/2013,"450031","IDABEL PUBLIC SCHOOLS",54501,"PROPOSITION NO. 1  IDABEL PUBLIC SCHOOLS",,12,12,2,"AGAINST THE PROPOSITION - NO",,0,0,0,0,,
9/10/2013,"450031","IDABEL PUBLIC SCHOOLS",54502,"PROPOSITION NO. 2  IDABEL PUBLIC SCHOOLS",,12,12,1,"FOR THE PROPOSITION - YES",,0,0,0,0,,
9/10/2013,"450031","IDABEL PUBLIC SCHOOLS",54502,"PROPOSITION NO. 2  IDABEL PUBLIC SCHOOLS",,12,12,2,"AGAINST THE PROPOSITION - NO",,0,0,0,0,,
9/10/2013,"450033","IDABEL PUBLIC SCHOOLS",54501,"PROPOSITION NO. 1  IDABEL PUBLIC SCHOOLS",,12,12,1,"FOR THE PROPOSITION - YES",,0,0,0,0,,
9/10/2013,"450033","IDABEL PUBLIC SCHOOLS",54501,"PROPOSITION NO. 1  IDABEL PUBLIC SCHOOLS",,12,12,2,"AGAINST THE PROPOSITION - NO",,0,0,0,0,,
9/10/2013,"450033","IDABEL PUBLIC SCHOOLS",54502,"PROPOSITION NO. 2  IDABEL PUBLIC SCHOOLS",,12,12,1,"FOR THE PROPOSITION - YES",,0,0,0,0,,
9/10/2013,"450033","IDABEL PUBLIC SCHOOLS",54502,"PROPOSITION NO. 2  IDABEL PUBLIC SCHOOLS",,12,12,2,"AGAINST THE PROPOSITION - NO",,0,0,0,0,,
9/10/2013,"450034","IDABEL PUBLIC SCHOOLS",54501,"PROPOSITION NO. 1  IDABEL PUBLIC SCHOOLS",,12,12,1,"FOR THE PROPOSITION - YES",,0,0,0,0,,
9/10/2013,"450034","IDABEL PUBLIC SCHOOLS",54501,"PROPOSITION NO. 1  IDABEL PUBLIC SCHOOLS",,12,12,2,"AGAINST THE PROPOSITION - NO",,0,0,0,0,,
9/10/2013,"450034","IDABEL PUBLIC SCHOOLS",54502,"PROPOSITION NO. 2  IDABEL PUBLIC SCHOOLS",,12,12,1,"FOR THE PROPOSITION - YES",,0,0,0,0,,
9/10/2013,"450034","IDABEL PUBLIC SCHOOLS",54502,"PROPOSITION NO. 2  IDABEL PUBLIC SCHOOLS",,12,12,2,"AGAINST THE PROPOSITION - NO",,0,0,0,0,,
9/10/2013,"450035","IDABEL PUBLIC SCHOOLS",54501,"PROPOSITION NO. 1  IDABEL PUBLIC SCHOOLS",,12,12,1,"FOR THE PROPOSITION - YES",,0,0,0,0,,
9/10/2013,"450035","IDABEL PUBLIC SCHOOLS",54501,"PROPOSITION NO. 1  IDABEL PUBLIC SCHOOLS",,12,12,2,"AGAINST THE PROPOSITION - NO",,0,0,0,0,,
9/10/2013,"450035","IDABEL PUBLIC SCHOOLS",54502,"PROPOSITION NO. 2  IDABEL PUBLIC SCHOOLS",,12,12,1,"FOR THE PROPOSITION - YES",,0,0,0,0,,
9/10/2013,"450035","IDABEL PUBLIC SCHOOLS",54502,"PROPOSITION NO. 2  IDABEL PUBLIC SCHOOLS",,12,12,2,"AGAINST THE PROPOSITION - NO",,0,0,0,0,,
9/10/2013,"470002","CHISHOLM PUBLIC SCHOOLS",52401,"PROPOSITION  CHISHOLM PUBLIC SCHOOLS",,12,12,1,"FOR THE PROPOSITION - YES",,0,0,0,0,,
9/10/2013,"470002","CHISHOLM PUBLIC SCHOOLS",52401,"PROPOSITION  CHISHOLM PUBLIC SCHOOLS",,12,12,2,"AGAINST THE PROPOSITION - NO",,0,0,0,0,,
9/10/2013,"470010","FAIRVIEW PUBLIC SCHOOLS",54701,"PROPOSITION NO. 1  FAIRVIEW PUBLIC SCHOOLS",,4,4,1,"FOR THE PROPOSITION - YES",,1,0,0,1,,
9/10/2013,"470010","FAIRVIEW PUBLIC SCHOOLS",54701,"PROPOSITION NO. 1  FAIRVIEW PUBLIC SCHOOLS",,4,4,2,"AGAINST THE PROPOSITION - NO",,1,0,0,1,,
9/10/2013,"470010","FAIRVIEW PUBLIC SCHOOLS",54702,"PROPOSITION NO. 2  FAIRVIEW PUBLIC SCHOOLS",,4,4,1,"FOR THE PROPOSITION - YES",,2,0,0,2,,
9/10/2013,"470010","FAIRVIEW PUBLIC SCHOOLS",54702,"PROPOSITION NO. 2  FAIRVIEW PUBLIC SCHOOLS",,4,4,2,"AGAINST THE PROPOSITION - NO",,0,0,0,0,,
9/10/2013,"470020","FAIRVIEW PUBLIC SCHOOLS",54701,"PROPOSITION NO. 1  FAIRVIEW PUBLIC SCHOOLS",,4,4,1,"FOR THE PROPOSITION - YES",,19,21,164,204,,
9/10/2013,"470020","FAIRVIEW PUBLIC SCHOOLS",54701,"PROPOSITION NO. 1  FAIRVIEW PUBLIC SCHOOLS",,4,4,2,"AGAINST THE PROPOSITION - NO",,5,2,20,27,,
9/10/2013,"470020","FAIRVIEW PUBLIC SCHOOLS",54702,"PROPOSITION NO. 2  FAIRVIEW PUBLIC SCHOOLS",,4,4,1,"FOR THE PROPOSITION - YES",,20,16,164,200,,
9/10/2013,"470020","FAIRVIEW PUBLIC SCHOOLS",54702,"PROPOSITION NO. 2  FAIRVIEW PUBLIC SCHOOLS",,4,4,2,"AGAINST THE PROPOSITION - NO",,5,7,22,34,,
9/10/2013,"470022","FAIRVIEW PUBLIC SCHOOLS",54701,"PROPOSITION NO. 1  FAIRVIEW PUBLIC SCHOOLS",,4,4,1,"FOR THE PROPOSITION - YES",,1,19,129,149,,
9/10/2013,"470022","FAIRVIEW PUBLIC SCHOOLS",54701,"PROPOSITION NO. 1  FAIRVIEW PUBLIC SCHOOLS",,4,4,2,"AGAINST THE PROPOSITION - NO",,0,4,17,21,,
9/10/2013,"470022","FAIRVIEW PUBLIC SCHOOLS",54702,"PROPOSITION NO. 2  FAIRVIEW PUBLIC SCHOOLS",,4,4,1,"FOR THE PROPOSITION - YES",,1,20,121,142,,
9/10/2013,"470022","FAIRVIEW PUBLIC SCHOOLS",54702,"PROPOSITION NO. 2  FAIRVIEW PUBLIC SCHOOLS",,4,4,2,"AGAINST THE PROPOSITION - NO",,0,3,26,29,,
9/10/2013,"480101","MADILL PUBLIC SCHOOLS",54801,"PROPOSITION NO. 1  MADILL PUBLIC SCHOOLS",,8,8,1,"FOR THE PROPOSITION - YES",,1,3,128,132,,
9/10/2013,"480101","MADILL PUBLIC SCHOOLS",54801,"PROPOSITION NO. 1  MADILL PUBLIC SCHOOLS",,8,8,2,"AGAINST THE PROPOSITION - NO",,2,8,58,68,,
9/10/2013,"480101","MADILL PUBLIC SCHOOLS",54802,"PROPOSITION NO. 2  MADILL PUBLIC SCHOOLS",,8,8,1,"FOR THE PROPOSITION - YES",,1,6,128,135,,
9/10/2013,"480101","MADILL PUBLIC SCHOOLS",54802,"PROPOSITION NO. 2  MADILL PUBLIC SCHOOLS",,8,8,2,"AGAINST THE PROPOSITION - NO",,2,5,61,68,,
9/10/2013,"480102","MADILL PUBLIC SCHOOLS",54801,"PROPOSITION NO. 1  MADILL PUBLIC SCHOOLS",,8,8,1,"FOR THE PROPOSITION - YES",,3,8,72,83,,
9/10/2013,"480102","MADILL PUBLIC SCHOOLS",54801,"PROPOSITION NO. 1  MADILL PUBLIC SCHOOLS",,8,8,2,"AGAINST THE PROPOSITION - NO",,0,4,28,32,,
9/10/2013,"480102","MADILL PUBLIC SCHOOLS",54802,"PROPOSITION NO. 2  MADILL PUBLIC SCHOOLS",,8,8,1,"FOR THE PROPOSITION - YES",,3,8,75,86,,
9/10/2013,"480102","MADILL PUBLIC SCHOOLS",54802,"PROPOSITION NO. 2  MADILL PUBLIC SCHOOLS",,8,8,2,"AGAINST THE PROPOSITION - NO",,0,4,26,30,,
9/10/2013,"480105","MADILL PUBLIC SCHOOLS",54801,"PROPOSITION NO. 1  MADILL PUBLIC SCHOOLS",,8,8,1,"FOR THE PROPOSITION - YES",,0,2,44,46,,
9/10/2013,"480105","MADILL PUBLIC SCHOOLS",54801,"PROPOSITION NO. 1  MADILL PUBLIC SCHOOLS",,8,8,2,"AGAINST THE PROPOSITION - NO",,9,5,16,30,,
9/10/2013,"480105","MADILL PUBLIC SCHOOLS",54802,"PROPOSITION NO. 2  MADILL PUBLIC SCHOOLS",,8,8,1,"FOR THE PROPOSITION - YES",,0,2,43,45,,
9/10/2013,"480105","MADILL PUBLIC SCHOOLS",54802,"PROPOSITION NO. 2  MADILL PUBLIC SCHOOLS",,8,8,2,"AGAINST THE PROPOSITION - NO",,9,5,17,31,,
9/10/2013,"480106","MADILL PUBLIC SCHOOLS",54801,"PROPOSITION NO. 1  MADILL PUBLIC SCHOOLS",,8,8,1,"FOR THE PROPOSITION - YES",,0,0,1,1,,
9/10/2013,"480106","MADILL PUBLIC SCHOOLS",54801,"PROPOSITION NO. 1  MADILL PUBLIC SCHOOLS",,8,8,2,"AGAINST THE PROPOSITION - NO",,1,0,5,6,,
9/10/2013,"480106","MADILL PUBLIC SCHOOLS",54802,"PROPOSITION NO. 2  MADILL PUBLIC SCHOOLS",,8,8,1,"FOR THE PROPOSITION - YES",,0,0,2,2,,
9/10/2013,"480106","MADILL PUBLIC SCHOOLS",54802,"PROPOSITION NO. 2  MADILL PUBLIC SCHOOLS",,8,8,2,"AGAINST THE PROPOSITION - NO",,1,0,5,6,,
9/10/2013,"480201","MADILL PUBLIC SCHOOLS",54801,"PROPOSITION NO. 1  MADILL PUBLIC SCHOOLS",,8,8,1,"FOR THE PROPOSITION - YES",,1,4,63,68,,
9/10/2013,"480201","MADILL PUBLIC SCHOOLS",54801,"PROPOSITION NO. 1  MADILL PUBLIC SCHOOLS",,8,8,2,"AGAINST THE PROPOSITION - NO",,0,1,41,42,,
9/10/2013,"480201","MADILL PUBLIC SCHOOLS",54802,"PROPOSITION NO. 2  MADILL PUBLIC SCHOOLS",,8,8,1,"FOR THE PROPOSITION - YES",,1,3,62,66,,
9/10/2013,"480201","MADILL PUBLIC SCHOOLS",54802,"PROPOSITION NO. 2  MADILL PUBLIC SCHOOLS",,8,8,2,"AGAINST THE PROPOSITION - NO",,0,2,39,41,,
9/10/2013,"480202","MADILL PUBLIC SCHOOLS",54801,"PROPOSITION NO. 1  MADILL PUBLIC SCHOOLS",,8,8,1,"FOR THE PROPOSITION - YES",,1,3,66,70,,
9/10/2013,"480202","MADILL PUBLIC SCHOOLS",54801,"PROPOSITION NO. 1  MADILL PUBLIC SCHOOLS",,8,8,2,"AGAINST THE PROPOSITION - NO",,1,2,33,36,,
9/10/2013,"480202","MADILL PUBLIC SCHOOLS",54802,"PROPOSITION NO. 2  MADILL PUBLIC SCHOOLS",,8,8,1,"FOR THE PROPOSITION - YES",,1,3,69,73,,
9/10/2013,"480202","MADILL PUBLIC SCHOOLS",54802,"PROPOSITION NO. 2  MADILL PUBLIC SCHOOLS",,8,8,2,"AGAINST THE PROPOSITION - NO",,1,2,33,36,,
9/10/2013,"480204","MADILL PUBLIC SCHOOLS",54801,"PROPOSITION NO. 1  MADILL PUBLIC SCHOOLS",,8,8,1,"FOR THE PROPOSITION - YES",,1,3,22,26,,
9/10/2013,"480204","MADILL PUBLIC SCHOOLS",54801,"PROPOSITION NO. 1  MADILL PUBLIC SCHOOLS",,8,8,2,"AGAINST THE PROPOSITION - NO",,0,1,3,4,,
9/10/2013,"480204","MADILL PUBLIC SCHOOLS",54802,"PROPOSITION NO. 2  MADILL PUBLIC SCHOOLS",,8,8,1,"FOR THE PROPOSITION - YES",,1,3,23,27,,
9/10/2013,"480204","MADILL PUBLIC SCHOOLS",54802,"PROPOSITION NO. 2  MADILL PUBLIC SCHOOLS",,8,8,2,"AGAINST THE PROPOSITION - NO",,0,1,2,3,,
9/10/2013,"480206","MADILL PUBLIC SCHOOLS",54801,"PROPOSITION NO. 1  MADILL PUBLIC SCHOOLS",,8,8,1,"FOR THE PROPOSITION - YES",,1,0,44,45,,
9/10/2013,"480206","MADILL PUBLIC SCHOOLS",54801,"PROPOSITION NO. 1  MADILL PUBLIC SCHOOLS",,8,8,2,"AGAINST THE PROPOSITION - NO",,4,4,23,31,,
9/10/2013,"480206","MADILL PUBLIC SCHOOLS",54802,"PROPOSITION NO. 2  MADILL PUBLIC SCHOOLS",,8,8,1,"FOR THE PROPOSITION - YES",,1,0,44,45,,
9/10/2013,"480206","MADILL PUBLIC SCHOOLS",54802,"PROPOSITION NO. 2  MADILL PUBLIC SCHOOLS",,8,8,2,"AGAINST THE PROPOSITION - NO",,4,4,22,30,,
9/10/2013,"490022","INOLA PUBLIC SCHOOLS",56601,"PROPOSITION NO. 1  INOLA PUBLIC SCHOOLS",,7,7,1,"FOR THE PROPOSITION - YES",,0,0,0,0,,
9/10/2013,"490022","INOLA PUBLIC SCHOOLS",56601,"PROPOSITION NO. 1  INOLA PUBLIC SCHOOLS",,7,7,2,"AGAINST THE PROPOSITION - NO",,0,0,0,0,,
9/10/2013,"490022","INOLA PUBLIC SCHOOLS",56602,"PROPOSITION NO. 2  INOLA PUBLIC SCHOOLS",,7,7,1,"FOR THE PROPOSITION - YES",,0,0,0,0,,
9/10/2013,"490022","INOLA PUBLIC SCHOOLS",56602,"PROPOSITION NO. 2  INOLA PUBLIC SCHOOLS",,7,7,2,"AGAINST THE PROPOSITION - NO",,0,0,0,0,,
9/10/2013,"490024","INOLA PUBLIC SCHOOLS",56601,"PROPOSITION NO. 1  INOLA PUBLIC SCHOOLS",,7,7,1,"FOR THE PROPOSITION - YES",,0,0,2,2,,
9/10/2013,"490024","INOLA PUBLIC SCHOOLS",56601,"PROPOSITION NO. 1  INOLA PUBLIC SCHOOLS",,7,7,2,"AGAINST THE PROPOSITION - NO",,0,0,0,0,,
9/10/2013,"490024","INOLA PUBLIC SCHOOLS",56602,"PROPOSITION NO. 2  INOLA PUBLIC SCHOOLS",,7,7,1,"FOR THE PROPOSITION - YES",,0,0,2,2,,
9/10/2013,"490024","INOLA PUBLIC SCHOOLS",56602,"PROPOSITION NO. 2  INOLA PUBLIC SCHOOLS",,7,7,2,"AGAINST THE PROPOSITION - NO",,0,0,0,0,,
9/10/2013,"490031","SPAVINAW PUBLIC SCHOOL",54901,"PROPOSITION  SPAVINAW PUBLIC SCHOOL",,3,3,1,"FOR THE PROPOSITION - YES",,0,0,0,0,,
9/10/2013,"490031","SPAVINAW PUBLIC SCHOOL",54901,"PROPOSITION  SPAVINAW PUBLIC SCHOOL",,3,3,2,"AGAINST THE PROPOSITION - NO",,0,1,0,1,,
9/10/2013,"490034","SPAVINAW PUBLIC SCHOOL",54901,"PROPOSITION  SPAVINAW PUBLIC SCHOOL",,3,3,1,"FOR THE PROPOSITION - YES",,3,0,29,32,,
9/10/2013,"490034","SPAVINAW PUBLIC SCHOOL",54901,"PROPOSITION  SPAVINAW PUBLIC SCHOOL",,3,3,2,"AGAINST THE PROPOSITION - NO",,0,0,25,25,,
9/10/2013,"500007","ELMORE CITY-PERNELL SCHOOLS",52501,"PROPOSITION  ELMORE CITY-PERNELL SCHOOLS",,7,7,1,"FOR THE PROPOSITION - YES",,0,0,0,0,,
9/10/2013,"500007","ELMORE CITY-PERNELL SCHOOLS",52501,"PROPOSITION  ELMORE CITY-PERNELL SCHOOLS",,7,7,2,"AGAINST THE PROPOSITION - NO",,0,0,0,0,,
9/10/2013,"550067","HARRAH PUBLIC SCHOOLS",55501,"PROPOSITION  HARRAH PUBLIC SCHOOLS",,8,8,1,"FOR THE PROPOSITION - YES",,0,0,165,165,,
9/10/2013,"550067","HARRAH PUBLIC SCHOOLS",55501,"PROPOSITION  HARRAH PUBLIC SCHOOLS",,8,8,2,"AGAINST THE PROPOSITION - NO",,0,0,113,113,,
9/10/2013,"550068","HARRAH PUBLIC SCHOOLS",55501,"PROPOSITION  HARRAH PUBLIC SCHOOLS",,8,8,1,"FOR THE PROPOSITION - YES",,0,0,93,93,,
9/10/2013,"550068","HARRAH PUBLIC SCHOOLS",55501,"PROPOSITION  HARRAH PUBLIC SCHOOLS",,8,8,2,"AGAINST THE PROPOSITION - NO",,0,0,123,123,,
9/10/2013,"550069","HARRAH PUBLIC SCHOOLS",55501,"PROPOSITION  HARRAH PUBLIC SCHOOLS",,8,8,1,"FOR THE PROPOSITION - YES",,1,0,217,218,,
9/10/2013,"550069","HARRAH PUBLIC SCHOOLS",55501,"PROPOSITION  HARRAH PUBLIC SCHOOLS",,8,8,2,"AGAINST THE PROPOSITION - NO",,0,0,142,142,,
9/10/2013,"550070","HARRAH PUBLIC SCHOOLS",55501,"PROPOSITION  HARRAH PUBLIC SCHOOLS",,8,8,1,"FOR THE PROPOSITION - YES",,0,0,238,238,,
9/10/2013,"550070","HARRAH PUBLIC SCHOOLS",55501,"PROPOSITION  HARRAH PUBLIC SCHOOLS",,8,8,2,"AGAINST THE PROPOSITION - NO",,1,0,181,182,,
9/10/2013,"550071","HARRAH PUBLIC SCHOOLS",55501,"PROPOSITION  HARRAH PUBLIC SCHOOLS",,8,8,1,"FOR THE PROPOSITION - YES",,1,0,139,140,,
9/10/2013,"550071","HARRAH PUBLIC SCHOOLS",55501,"PROPOSITION  HARRAH PUBLIC SCHOOLS",,8,8,2,"AGAINST THE PROPOSITION - NO",,1,0,198,199,,
9/10/2013,"550233","TOWN OF VALLEY BROOK",45501,"FOR BOARD OF TRUSTEES, OFFICE NO. 1 (UNEXPIRED TERM)  TOWN OF VALLEY BROOK",,1,1,1,"MARY J NELSON",,0,0,29,29,,
9/10/2013,"550233","TOWN OF VALLEY BROOK",45501,"FOR BOARD OF TRUSTEES, OFFICE NO. 1 (UNEXPIRED TERM)  TOWN OF VALLEY BROOK",,1,1,2,"TERRY FERGUSON",,0,0,23,23,,
9/10/2013,"550233","TOWN OF VALLEY BROOK",45501,"FOR BOARD OF TRUSTEES, OFFICE NO. 1 (UNEXPIRED TERM)  TOWN OF VALLEY BROOK",,1,1,3,"ALLISON BUZZ ADKISSON",,0,0,7,7,,
9/10/2013,"559999","TOWN OF VALLEY BROOK",45501,"FOR BOARD OF TRUSTEES, OFFICE NO. 1 (UNEXPIRED TERM)  TOWN OF VALLEY BROOK",,1,1,1,"MARY J NELSON",,0,0,0,0,,
9/10/2013,"559999","TOWN OF VALLEY BROOK",45501,"FOR BOARD OF TRUSTEES, OFFICE NO. 1 (UNEXPIRED TERM)  TOWN OF VALLEY BROOK",,1,1,2,"TERRY FERGUSON",,0,0,0,0,,
9/10/2013,"559999","TOWN OF VALLEY BROOK",45501,"FOR BOARD OF TRUSTEES, OFFICE NO. 1 (UNEXPIRED TERM)  TOWN OF VALLEY BROOK",,1,1,3,"ALLISON BUZZ ADKISSON",,0,0,0,0,,
9/10/2013,"559999","HARRAH PUBLIC SCHOOLS",55501,"PROPOSITION  HARRAH PUBLIC SCHOOLS",,8,8,1,"FOR THE PROPOSITION - YES",,15,1,0,16,,
9/10/2013,"559999","HARRAH PUBLIC SCHOOLS",55501,"PROPOSITION  HARRAH PUBLIC SCHOOLS",,8,8,2,"AGAINST THE PROPOSITION - NO",,19,1,0,20,,
9/10/2013,"570101","BOWRING PUBLIC SCHOOL",55701,"PROPOSITION  BOWRING PUBLIC SCHOOL",,4,4,1,"FOR THE PROPOSITION - YES",,0,0,37,37,,
9/10/2013,"570101","BOWRING PUBLIC SCHOOL",55701,"PROPOSITION  BOWRING PUBLIC SCHOOL",,4,4,2,"AGAINST THE PROPOSITION - NO",,0,0,1,1,,
9/10/2013,"570102","BOWRING PUBLIC SCHOOL",55701,"PROPOSITION  BOWRING PUBLIC SCHOOL",,4,4,1,"FOR THE PROPOSITION - YES",,3,0,3,6,,
9/10/2013,"570102","BOWRING PUBLIC SCHOOL",55701,"PROPOSITION  BOWRING PUBLIC SCHOOL",,4,4,2,"AGAINST THE PROPOSITION - NO",,0,0,0,0,,
9/10/2013,"570102","BARTLESVILLE PUBLIC SCHOOLS",57401,"PROPOSITION BARTLESVILLE PUBLIC SCHOOLS",,19,19,1,"FOR THE PROPOSITION - YES",,0,0,1,1,,
9/10/2013,"570102","BARTLESVILLE PUBLIC SCHOOLS",57401,"PROPOSITION BARTLESVILLE PUBLIC SCHOOLS",,19,19,2,"AGAINST THE PROPOSITION - NO",,0,0,1,1,,
9/10/2013,"570107","BOWRING PUBLIC SCHOOL",55701,"PROPOSITION  BOWRING PUBLIC SCHOOL",,4,4,1,"FOR THE PROPOSITION - YES",,2,0,2,4,,
9/10/2013,"570107","BOWRING PUBLIC SCHOOL",55701,"PROPOSITION  BOWRING PUBLIC SCHOOL",,4,4,2,"AGAINST THE PROPOSITION - NO",,0,0,2,2,,
9/10/2013,"570108","WYNONA PUBLIC SCHOOLS",55702,"PROPOSITION NO. 1  WYNONA PUBLIC SCHOOLS",,4,4,1,"FOR THE PROPOSITION - YES",,0,1,0,1,,
9/10/2013,"570108","WYNONA PUBLIC SCHOOLS",55702,"PROPOSITION NO. 1  WYNONA PUBLIC SCHOOLS",,4,4,2,"AGAINST THE PROPOSITION - NO",,0,0,0,0,,
9/10/2013,"570108","WYNONA PUBLIC SCHOOLS",55703,"PROPOSITION NO. 2  WYNONA PUBLIC SCHOOLS",,4,4,1,"FOR THE PROPOSITION - YES",,0,1,0,1,,
9/10/2013,"570108","WYNONA PUBLIC SCHOOLS",55703,"PROPOSITION NO. 2  WYNONA PUBLIC SCHOOLS",,4,4,2,"AGAINST THE PROPOSITION - NO",,0,0,0,0,,
9/10/2013,"570109","BOWRING PUBLIC SCHOOL",55701,"PROPOSITION  BOWRING PUBLIC SCHOOL",,4,4,1,"FOR THE PROPOSITION - YES",,0,0,0,0,,
9/10/2013,"570109","BOWRING PUBLIC SCHOOL",55701,"PROPOSITION  BOWRING PUBLIC SCHOOL",,4,4,2,"AGAINST THE PROPOSITION - NO",,0,0,0,0,,
9/10/2013,"570109","BARTLESVILLE PUBLIC SCHOOLS",57401,"PROPOSITION BARTLESVILLE PUBLIC SCHOOLS",,19,19,1,"FOR THE PROPOSITION - YES",,0,0,17,17,,
9/10/2013,"570109","BARTLESVILLE PUBLIC SCHOOLS",57401,"PROPOSITION BARTLESVILLE PUBLIC SCHOOLS",,19,19,2,"AGAINST THE PROPOSITION - NO",,0,0,1,1,,
9/10/2013,"570111","WYNONA PUBLIC SCHOOLS",55702,"PROPOSITION NO. 1  WYNONA PUBLIC SCHOOLS",,4,4,1,"FOR THE PROPOSITION - YES",,0,1,37,38,,
9/10/2013,"570111","WYNONA PUBLIC SCHOOLS",55702,"PROPOSITION NO. 1  WYNONA PUBLIC SCHOOLS",,4,4,2,"AGAINST THE PROPOSITION - NO",,2,0,16,18,,
9/10/2013,"570111","WYNONA PUBLIC SCHOOLS",55703,"PROPOSITION NO. 2  WYNONA PUBLIC SCHOOLS",,4,4,1,"FOR THE PROPOSITION - YES",,0,1,37,38,,
9/10/2013,"570111","WYNONA PUBLIC SCHOOLS",55703,"PROPOSITION NO. 2  WYNONA PUBLIC SCHOOLS",,4,4,2,"AGAINST THE PROPOSITION - NO",,2,0,17,19,,
9/10/2013,"570112","WYNONA PUBLIC SCHOOLS",55702,"PROPOSITION NO. 1  WYNONA PUBLIC SCHOOLS",,4,4,1,"FOR THE PROPOSITION - YES",,0,0,0,0,,
9/10/2013,"570112","WYNONA PUBLIC SCHOOLS",55702,"PROPOSITION NO. 1  WYNONA PUBLIC SCHOOLS",,4,4,2,"AGAINST THE PROPOSITION - NO",,0,0,0,0,,
9/10/2013,"570112","WYNONA PUBLIC SCHOOLS",55703,"PROPOSITION NO. 2  WYNONA PUBLIC SCHOOLS",,4,4,1,"FOR THE PROPOSITION - YES",,0,0,0,0,,
9/10/2013,"570112","WYNONA PUBLIC SCHOOLS",55703,"PROPOSITION NO. 2  WYNONA PUBLIC SCHOOLS",,4,4,2,"AGAINST THE PROPOSITION - NO",,0,0,0,0,,
9/10/2013,"570306","WYNONA PUBLIC SCHOOLS",55702,"PROPOSITION NO. 1  WYNONA PUBLIC SCHOOLS",,4,4,1,"FOR THE PROPOSITION - YES",,0,0,3,3,,
9/10/2013,"570306","WYNONA PUBLIC SCHOOLS",55702,"PROPOSITION NO. 1  WYNONA PUBLIC SCHOOLS",,4,4,2,"AGAINST THE PROPOSITION - NO",,0,0,0,0,,
9/10/2013,"570306","WYNONA PUBLIC SCHOOLS",55703,"PROPOSITION NO. 2  WYNONA PUBLIC SCHOOLS",,4,4,1,"FOR THE PROPOSITION - YES",,0,0,3,3,,
9/10/2013,"570306","WYNONA PUBLIC SCHOOLS",55703,"PROPOSITION NO. 2  WYNONA PUBLIC SCHOOLS",,4,4,2,"AGAINST THE PROPOSITION - NO",,0,0,0,0,,
9/10/2013,"590118","CITY OF CLEVELAND",45901,"PROPOSITION  CITY OF CLEVELAND",,2,2,1,"FOR THE PROPOSITION - YES",,1,0,65,66,,
9/10/2013,"590118","CITY OF CLEVELAND",45901,"PROPOSITION  CITY OF CLEVELAND",,2,2,2,"AGAINST THE PROPOSITION - NO",,1,1,18,20,,
9/10/2013,"590217","CITY OF CLEVELAND",45901,"PROPOSITION  CITY OF CLEVELAND",,2,2,1,"FOR THE PROPOSITION - YES",,0,2,62,64,,
9/10/2013,"590217","CITY OF CLEVELAND",45901,"PROPOSITION  CITY OF CLEVELAND",,2,2,2,"AGAINST THE PROPOSITION - NO",,0,1,12,13,,
9/10/2013,"630031","HARRAH PUBLIC SCHOOLS",55501,"PROPOSITION  HARRAH PUBLIC SCHOOLS",,8,8,1,"FOR THE PROPOSITION - YES",,0,0,15,15,,
9/10/2013,"630031","HARRAH PUBLIC SCHOOLS",55501,"PROPOSITION  HARRAH PUBLIC SCHOOLS",,8,8,2,"AGAINST THE PROPOSITION - NO",,0,0,0,0,,
9/10/2013,"660019","INOLA PUBLIC SCHOOLS",56601,"PROPOSITION NO. 1  INOLA PUBLIC SCHOOLS",,7,7,1,"FOR THE PROPOSITION - YES",,1,0,29,30,,
9/10/2013,"660019","INOLA PUBLIC SCHOOLS",56601,"PROPOSITION NO. 1  INOLA PUBLIC SCHOOLS",,7,7,2,"AGAINST THE PROPOSITION - NO",,0,0,2,2,,
9/10/2013,"660019","INOLA PUBLIC SCHOOLS",56602,"PROPOSITION NO. 2  INOLA PUBLIC SCHOOLS",,7,7,1,"FOR THE PROPOSITION - YES",,1,0,30,31,,
9/10/2013,"660019","INOLA PUBLIC SCHOOLS",56602,"PROPOSITION NO. 2  INOLA PUBLIC SCHOOLS",,7,7,2,"AGAINST THE PROPOSITION - NO",,0,0,1,1,,
9/10/2013,"660026","INOLA PUBLIC SCHOOLS",56601,"PROPOSITION NO. 1  INOLA PUBLIC SCHOOLS",,7,7,1,"FOR THE PROPOSITION - YES",,9,3,230,242,,
9/10/2013,"660026","INOLA PUBLIC SCHOOLS",56601,"PROPOSITION NO. 1  INOLA PUBLIC SCHOOLS",,7,7,2,"AGAINST THE PROPOSITION - NO",,2,0,32,34,,
9/10/2013,"660026","INOLA PUBLIC SCHOOLS",56602,"PROPOSITION NO. 2  INOLA PUBLIC SCHOOLS",,7,7,1,"FOR THE PROPOSITION - YES",,10,3,237,250,,
9/10/2013,"660026","INOLA PUBLIC SCHOOLS",56602,"PROPOSITION NO. 2  INOLA PUBLIC SCHOOLS",,7,7,2,"AGAINST THE PROPOSITION - NO",,1,0,29,30,,
9/10/2013,"660027","INOLA PUBLIC SCHOOLS",56601,"PROPOSITION NO. 1  INOLA PUBLIC SCHOOLS",,7,7,1,"FOR THE PROPOSITION - YES",,0,0,91,91,,
9/10/2013,"660027","INOLA PUBLIC SCHOOLS",56601,"PROPOSITION NO. 1  INOLA PUBLIC SCHOOLS",,7,7,2,"AGAINST THE PROPOSITION - NO",,1,0,8,9,,
9/10/2013,"660027","INOLA PUBLIC SCHOOLS",56602,"PROPOSITION NO. 2  INOLA PUBLIC SCHOOLS",,7,7,1,"FOR THE PROPOSITION - YES",,0,0,93,93,,
9/10/2013,"660027","INOLA PUBLIC SCHOOLS",56602,"PROPOSITION NO. 2  INOLA PUBLIC SCHOOLS",,7,7,2,"AGAINST THE PROPOSITION - NO",,1,0,8,9,,
9/10/2013,"690055","ELMORE CITY-PERNELL SCHOOLS",52501,"PROPOSITION  ELMORE CITY-PERNELL SCHOOLS",,7,7,1,"FOR THE PROPOSITION - YES",,0,0,0,0,,
9/10/2013,"690055","ELMORE CITY-PERNELL SCHOOLS",52501,"PROPOSITION  ELMORE CITY-PERNELL SCHOOLS",,7,7,2,"AGAINST THE PROPOSITION - NO",,0,0,0,0,,
9/10/2013,"700102","GUYMON PUBLIC SCHOOLS",57001,"PROPOSITION  GUYMON PUBLIC SCHOOLS",,8,8,1,"FOR THE PROPOSITION - YES",,0,0,18,18,,
9/10/2013,"700102","GUYMON PUBLIC SCHOOLS",57001,"PROPOSITION  GUYMON PUBLIC SCHOOLS",,8,8,2,"AGAINST THE PROPOSITION - NO",,1,0,5,6,,
9/10/2013,"700107","GUYMON PUBLIC SCHOOLS",57001,"PROPOSITION  GUYMON PUBLIC SCHOOLS",,8,8,1,"FOR THE PROPOSITION - YES",,0,0,0,0,,
9/10/2013,"700107","GUYMON PUBLIC SCHOOLS",57001,"PROPOSITION  GUYMON PUBLIC SCHOOLS",,8,8,2,"AGAINST THE PROPOSITION - NO",,1,0,0,1,,
9/10/2013,"700201","GUYMON PUBLIC SCHOOLS",57001,"PROPOSITION  GUYMON PUBLIC SCHOOLS",,8,8,1,"FOR THE PROPOSITION - YES",,4,2,77,83,,
9/10/2013,"700201","GUYMON PUBLIC SCHOOLS",57001,"PROPOSITION  GUYMON PUBLIC SCHOOLS",,8,8,2,"AGAINST THE PROPOSITION - NO",,2,0,11,13,,
9/10/2013,"700202","GUYMON PUBLIC SCHOOLS",57001,"PROPOSITION  GUYMON PUBLIC SCHOOLS",,8,8,1,"FOR THE PROPOSITION - YES",,0,0,13,13,,
9/10/2013,"700202","GUYMON PUBLIC SCHOOLS",57001,"PROPOSITION  GUYMON PUBLIC SCHOOLS",,8,8,2,"AGAINST THE PROPOSITION - NO",,0,0,3,3,,
9/10/2013,"700205","GUYMON PUBLIC SCHOOLS",57001,"PROPOSITION  GUYMON PUBLIC SCHOOLS",,8,8,1,"FOR THE PROPOSITION - YES",,0,7,107,114,,
9/10/2013,"700205","GUYMON PUBLIC SCHOOLS",57001,"PROPOSITION  GUYMON PUBLIC SCHOOLS",,8,8,2,"AGAINST THE PROPOSITION - NO",,2,1,8,11,,
9/10/2013,"700302","GUYMON PUBLIC SCHOOLS",57001,"PROPOSITION  GUYMON PUBLIC SCHOOLS",,8,8,1,"FOR THE PROPOSITION - YES",,0,0,0,0,,
9/10/2013,"700302","GUYMON PUBLIC SCHOOLS",57001,"PROPOSITION  GUYMON PUBLIC SCHOOLS",,8,8,2,"AGAINST THE PROPOSITION - NO",,0,0,0,0,,
9/10/2013,"700304","GUYMON PUBLIC SCHOOLS",57001,"PROPOSITION  GUYMON PUBLIC SCHOOLS",,8,8,1,"FOR THE PROPOSITION - YES",,0,0,1,1,,
9/10/2013,"700304","GUYMON PUBLIC SCHOOLS",57001,"PROPOSITION  GUYMON PUBLIC SCHOOLS",,8,8,2,"AGAINST THE PROPOSITION - NO",,0,0,0,0,,
9/10/2013,"700305","GUYMON PUBLIC SCHOOLS",57001,"PROPOSITION  GUYMON PUBLIC SCHOOLS",,8,8,1,"FOR THE PROPOSITION - YES",,4,1,78,83,,
9/10/2013,"700305","GUYMON PUBLIC SCHOOLS",57001,"PROPOSITION  GUYMON PUBLIC SCHOOLS",,8,8,2,"AGAINST THE PROPOSITION - NO",,2,0,16,18,,
9/10/2013,"730109","INOLA PUBLIC SCHOOLS",56601,"PROPOSITION NO. 1  INOLA PUBLIC SCHOOLS",,7,7,1,"FOR THE PROPOSITION - YES",,0,0,0,0,,
9/10/2013,"730109","INOLA PUBLIC SCHOOLS",56601,"PROPOSITION NO. 1  INOLA PUBLIC SCHOOLS",,7,7,2,"AGAINST THE PROPOSITION - NO",,0,0,0,0,,
9/10/2013,"730109","INOLA PUBLIC SCHOOLS",56602,"PROPOSITION NO. 2  INOLA PUBLIC SCHOOLS",,7,7,1,"FOR THE PROPOSITION - YES",,0,0,0,0,,
9/10/2013,"730109","INOLA PUBLIC SCHOOLS",56602,"PROPOSITION NO. 2  INOLA PUBLIC SCHOOLS",,7,7,2,"AGAINST THE PROPOSITION - NO",,0,0,0,0,,
9/10/2013,"730203","INOLA PUBLIC SCHOOLS",56601,"PROPOSITION NO. 1  INOLA PUBLIC SCHOOLS",,7,7,1,"FOR THE PROPOSITION - YES",,0,0,0,0,,
9/10/2013,"730203","INOLA PUBLIC SCHOOLS",56601,"PROPOSITION NO. 1  INOLA PUBLIC SCHOOLS",,7,7,2,"AGAINST THE PROPOSITION - NO",,0,0,0,0,,
9/10/2013,"730203","INOLA PUBLIC SCHOOLS",56602,"PROPOSITION NO. 2  INOLA PUBLIC SCHOOLS",,7,7,1,"FOR THE PROPOSITION - YES",,0,0,0,0,,
9/10/2013,"730203","INOLA PUBLIC SCHOOLS",56602,"PROPOSITION NO. 2  INOLA PUBLIC SCHOOLS",,7,7,2,"AGAINST THE PROPOSITION - NO",,0,0,0,0,,
9/10/2013,"740011","BARTLESVILLE PUBLIC SCHOOLS",57401,"PROPOSITION BARTLESVILLE PUBLIC SCHOOLS",,19,19,1,"FOR THE PROPOSITION - YES",,2,40,305,347,,
9/10/2013,"740011","BARTLESVILLE PUBLIC SCHOOLS",57401,"PROPOSITION BARTLESVILLE PUBLIC SCHOOLS",,19,19,2,"AGAINST THE PROPOSITION - NO",,0,2,73,75,,
9/10/2013,"740012","BARTLESVILLE PUBLIC SCHOOLS",57401,"PROPOSITION BARTLESVILLE PUBLIC SCHOOLS",,19,19,1,"FOR THE PROPOSITION - YES",,2,10,78,90,,
9/10/2013,"740012","BARTLESVILLE PUBLIC SCHOOLS",57401,"PROPOSITION BARTLESVILLE PUBLIC SCHOOLS",,19,19,2,"AGAINST THE PROPOSITION - NO",,0,0,17,17,,
9/10/2013,"740013","BARTLESVILLE PUBLIC SCHOOLS",57401,"PROPOSITION BARTLESVILLE PUBLIC SCHOOLS",,19,19,1,"FOR THE PROPOSITION - YES",,4,11,225,240,,
9/10/2013,"740013","BARTLESVILLE PUBLIC SCHOOLS",57401,"PROPOSITION BARTLESVILLE PUBLIC SCHOOLS",,19,19,2,"AGAINST THE PROPOSITION - NO",,1,1,100,102,,
9/10/2013,"740015","BARTLESVILLE PUBLIC SCHOOLS",57401,"PROPOSITION BARTLESVILLE PUBLIC SCHOOLS",,19,19,1,"FOR THE PROPOSITION - YES",,3,34,232,269,,
9/10/2013,"740015","BARTLESVILLE PUBLIC SCHOOLS",57401,"PROPOSITION BARTLESVILLE PUBLIC SCHOOLS",,19,19,2,"AGAINST THE PROPOSITION - NO",,0,1,101,102,,
9/10/2013,"740022","BARTLESVILLE PUBLIC SCHOOLS",57401,"PROPOSITION BARTLESVILLE PUBLIC SCHOOLS",,19,19,1,"FOR THE PROPOSITION - YES",,25,149,736,910,,
9/10/2013,"740022","BARTLESVILLE PUBLIC SCHOOLS",57401,"PROPOSITION BARTLESVILLE PUBLIC SCHOOLS",,19,19,2,"AGAINST THE PROPOSITION - NO",,1,10,160,171,,
9/10/2013,"740027","BARTLESVILLE PUBLIC SCHOOLS",57401,"PROPOSITION BARTLESVILLE PUBLIC SCHOOLS",,19,19,1,"FOR THE PROPOSITION - YES",,1,11,79,91,,
9/10/2013,"740027","BARTLESVILLE PUBLIC SCHOOLS",57401,"PROPOSITION BARTLESVILLE PUBLIC SCHOOLS",,19,19,2,"AGAINST THE PROPOSITION - NO",,0,2,43,45,,
9/10/2013,"740028","BARTLESVILLE PUBLIC SCHOOLS",57401,"PROPOSITION BARTLESVILLE PUBLIC SCHOOLS",,19,19,1,"FOR THE PROPOSITION - YES",,9,91,585,685,,
9/10/2013,"740028","BARTLESVILLE PUBLIC SCHOOLS",57401,"PROPOSITION BARTLESVILLE PUBLIC SCHOOLS",,19,19,2,"AGAINST THE PROPOSITION - NO",,3,11,147,161,,
9/10/2013,"740031","BARTLESVILLE PUBLIC SCHOOLS",57401,"PROPOSITION BARTLESVILLE PUBLIC SCHOOLS",,19,19,1,"FOR THE PROPOSITION - YES",,10,50,417,477,,
9/10/2013,"740031","BARTLESVILLE PUBLIC SCHOOLS",57401,"PROPOSITION BARTLESVILLE PUBLIC SCHOOLS",,19,19,2,"AGAINST THE PROPOSITION - NO",,0,2,121,123,,
9/10/2013,"740033","BARTLESVILLE PUBLIC SCHOOLS",57401,"PROPOSITION BARTLESVILLE PUBLIC SCHOOLS",,19,19,1,"FOR THE PROPOSITION - YES",,1,1,49,51,,
9/10/2013,"740033","BARTLESVILLE PUBLIC SCHOOLS",57401,"PROPOSITION BARTLESVILLE PUBLIC SCHOOLS",,19,19,2,"AGAINST THE PROPOSITION - NO",,2,2,48,52,,
9/10/2013,"740046","BARTLESVILLE PUBLIC SCHOOLS",57401,"PROPOSITION BARTLESVILLE PUBLIC SCHOOLS",,19,19,1,"FOR THE PROPOSITION - YES",,1,0,72,73,,
9/10/2013,"740046","BARTLESVILLE PUBLIC SCHOOLS",57401,"PROPOSITION BARTLESVILLE PUBLIC SCHOOLS",,19,19,2,"AGAINST THE PROPOSITION - NO",,1,2,98,101,,
9/10/2013,"740048","BARTLESVILLE PUBLIC SCHOOLS",57401,"PROPOSITION BARTLESVILLE PUBLIC SCHOOLS",,19,19,1,"FOR THE PROPOSITION - YES",,4,12,97,113,,
9/10/2013,"740048","BARTLESVILLE PUBLIC SCHOOLS",57401,"PROPOSITION BARTLESVILLE PUBLIC SCHOOLS",,19,19,2,"AGAINST THE PROPOSITION - NO",,8,5,77,90,,
9/10/2013,"740051","BARTLESVILLE PUBLIC SCHOOLS",57401,"PROPOSITION BARTLESVILLE PUBLIC SCHOOLS",,19,19,1,"FOR THE PROPOSITION - YES",,3,42,405,450,,
9/10/2013,"740051","BARTLESVILLE PUBLIC SCHOOLS",57401,"PROPOSITION BARTLESVILLE PUBLIC SCHOOLS",,19,19,2,"AGAINST THE PROPOSITION - NO",,1,7,98,106,,
9/10/2013,"740054","BARTLESVILLE PUBLIC SCHOOLS",57401,"PROPOSITION BARTLESVILLE PUBLIC SCHOOLS",,19,19,1,"FOR THE PROPOSITION - YES",,12,31,398,441,,
9/10/2013,"740054","BARTLESVILLE PUBLIC SCHOOLS",57401,"PROPOSITION BARTLESVILLE PUBLIC SCHOOLS",,19,19,2,"AGAINST THE PROPOSITION - NO",,5,8,163,176,,
9/10/2013,"740074","BARTLESVILLE PUBLIC SCHOOLS",57401,"PROPOSITION BARTLESVILLE PUBLIC SCHOOLS",,19,19,1,"FOR THE PROPOSITION - YES",,0,11,6,17,,
9/10/2013,"740074","BARTLESVILLE PUBLIC SCHOOLS",57401,"PROPOSITION BARTLESVILLE PUBLIC SCHOOLS",,19,19,2,"AGAINST THE PROPOSITION - NO",,0,1,3,4,,
9/10/2013,"740075","BARTLESVILLE PUBLIC SCHOOLS",57401,"PROPOSITION BARTLESVILLE PUBLIC SCHOOLS",,19,19,1,"FOR THE PROPOSITION - YES",,3,13,107,123,,
9/10/2013,"740075","BARTLESVILLE PUBLIC SCHOOLS",57401,"PROPOSITION BARTLESVILLE PUBLIC SCHOOLS",,19,19,2,"AGAINST THE PROPOSITION - NO",,0,1,37,38,,
9/10/2013,"740076","BARTLESVILLE PUBLIC SCHOOLS",57401,"PROPOSITION BARTLESVILLE PUBLIC SCHOOLS",,19,19,1,"FOR THE PROPOSITION - YES",,2,0,8,10,,
9/10/2013,"740076","BARTLESVILLE PUBLIC SCHOOLS",57401,"PROPOSITION BARTLESVILLE PUBLIC SCHOOLS",,19,19,2,"AGAINST THE PROPOSITION - NO",,0,1,6,7,,
9/10/2013,"740711","BARTLESVILLE PUBLIC SCHOOLS",57401,"PROPOSITION BARTLESVILLE PUBLIC SCHOOLS",,19,19,1,"FOR THE PROPOSITION - YES",,0,1,32,33,,
9/10/2013,"740711","BARTLESVILLE PUBLIC SCHOOLS",57401,"PROPOSITION BARTLESVILLE PUBLIC SCHOOLS",,19,19,2,"AGAINST THE PROPOSITION - NO",,0,0,7,7,,
9/10/2013,"760001","CITY OF ALVA",47601,"PROPOSITION  CITY OF ALVA",,3,3,1,"FOR THE PROPOSITION - YES",,2,12,37,51,,
9/10/2013,"760001","CITY OF ALVA",47601,"PROPOSITION  CITY OF ALVA",,3,3,2,"AGAINST THE PROPOSITION - NO",,0,0,8,8,,
9/10/2013,"760003","CITY OF ALVA",47601,"PROPOSITION  CITY OF ALVA",,3,3,1,"FOR THE PROPOSITION - YES",,5,1,14,20,,
9/10/2013,"760003","CITY OF ALVA",47601,"PROPOSITION  CITY OF ALVA",,3,3,2,"AGAINST THE PROPOSITION - NO",,0,0,0,0,,
9/10/2013,"760005","CITY OF ALVA",47601,"PROPOSITION  CITY OF ALVA",,3,3,1,"FOR THE PROPOSITION - YES",,5,10,32,47,,
9/10/2013,"760005","CITY OF ALVA",47601,"PROPOSITION  CITY OF ALVA",,3,3,2,"AGAINST THE PROPOSITION - NO",,1,0,0,1,,
