elec_date,county,entity_description,race_number,race_description,race_party,tot_race_prec,race_prec_reporting,cand_number,cand_name,cand_party,cand_absmail_votes,cand_early_votes,cand_elecday_votes,cand_tot_votes,race_county_owner
5/12/2015,"ALFALFA","TOWN OF JET",40201,"FOR BOARD OF TRUSTEES  TOWN OF JET",,1,1,1,"STEPHANIE CARSON",,0,1,37,38,ALFALFA
5/12/2015,"ALFALFA","TOWN OF JET",40201,"FOR BOARD OF TRUSTEES  TOWN OF JET",,1,1,2,"PAMELA SANDS",,0,0,22,22,ALFALFA
5/12/2015,"ALFALFA","TOWN OF JET",40201,"FOR BOARD OF TRUSTEES  TOWN OF JET",,1,1,3,"DEANA K MILLER",,0,1,52,53,ALFALFA
5/12/2015,"ALFALFA","TOWN OF JET",40201,"FOR BOARD OF TRUSTEES  TOWN OF JET",,1,1,4,"RENE CHRISTINE",,0,1,46,47,ALFALFA
5/12/2015,"ALFALFA","TOWN OF JET",40201,"FOR BOARD OF TRUSTEES  TOWN OF JET",,1,1,5,"RORY LOVELY",,0,0,38,38,ALFALFA
5/12/2015,"ALFALFA","TOWN OF JET",40201,"FOR BOARD OF TRUSTEES  TOWN OF JET",,1,1,6,"JIM BLACKLEDGE",,0,0,25,25,ALFALFA
5/12/2015,"CANADIAN","CITY OF EL RENO",40901,"PROPOSITION  CITY OF EL RENO",,8,8,1,"FOR THE PROPOSITION - YES",,8,4,70,82,,
5/12/2015,"CANADIAN","CITY OF EL RENO",40901,"PROPOSITION  CITY OF EL RENO",,8,8,2,"AGAINST THE PROPOSITION - NO",,0,0,5,5,,
5/12/2015,"CANADIAN","CASHION PUBLIC SCHOOLS INDEPENDENT SCHOOL DISTRICT NO. 089",53701,"PROPOSITION NO. 1  CASHION PUBLIC SCHOOLS",,1,1,1,"FOR THE PROPOSITION - YES",,0,0,0,0,,
5/12/2015,"CANADIAN","CASHION PUBLIC SCHOOLS INDEPENDENT SCHOOL DISTRICT NO. 089",53701,"PROPOSITION NO. 1  CASHION PUBLIC SCHOOLS",,1,1,2,"AGAINST THE PROPOSITION - NO",,0,0,0,0,,
5/12/2015,"CANADIAN","CASHION PUBLIC SCHOOLS INDEPENDENT SCHOOL DISTRICT NO. 089",53702,"PROPOSITION NO. 2  CASHION PUBLIC SCHOOLS",,1,1,1,"FOR THE PROPOSITION - YES",,0,0,0,0,,
5/12/2015,"CANADIAN","CASHION PUBLIC SCHOOLS INDEPENDENT SCHOOL DISTRICT NO. 089",53702,"PROPOSITION NO. 2  CASHION PUBLIC SCHOOLS",,1,1,2,"AGAINST THE PROPOSITION - NO",,0,0,0,0,,
5/12/2015,"CLEVELAND","MCLOUD PUBLIC SCHOOLS INDEPENDENT SCHOOL DISTRICT NO. 001",56301,"PROPOSITION  MCLOUD PUBLIC SCHOOLS",,1,1,1,"FOR THE PROPOSITION - YES",,10,0,2,12,,
5/12/2015,"CLEVELAND","MCLOUD PUBLIC SCHOOLS INDEPENDENT SCHOOL DISTRICT NO. 001",56301,"PROPOSITION  MCLOUD PUBLIC SCHOOLS",,1,1,2,"AGAINST THE PROPOSITION - NO",,4,0,1,5,,
5/12/2015,"CREEK","CITY OF DRUMRIGHT",41901,"PROPOSITION  CITY OF DRUMRIGHT",,1,1,1,"FOR THE PROPOSITION - YES",,2,0,38,40,,
5/12/2015,"CREEK","CITY OF DRUMRIGHT",41901,"PROPOSITION  CITY OF DRUMRIGHT",,1,1,2,"AGAINST THE PROPOSITION - NO",,2,0,15,17,,
5/12/2015,"CREEK","CITY OF OILTON",41902,"FOR MAYOR  CITY OF OILTON",,1,1,1,"MARVIN BAUMGARTEN",,0,0,84,84,CREEK
5/12/2015,"CREEK","CITY OF OILTON",41902,"FOR MAYOR  CITY OF OILTON",,1,1,2,"JIMMY SMITH",,1,0,60,61,CREEK
5/12/2015,"CREEK","CITY OF OILTON",41902,"FOR MAYOR  CITY OF OILTON",,1,1,3,"PATRICK L. KENNEDY",,3,0,100,103,CREEK
5/12/2015,"CREEK","CITY OF OILTON",41903,"FOR COUNCILMEMBER, WARD NO. 1  CITY OF OILTON",,1,1,1,"VIRGIL DUPEE",,1,0,71,72,CREEK
5/12/2015,"CREEK","CITY OF OILTON",41903,"FOR COUNCILMEMBER, WARD NO. 1  CITY OF OILTON",,1,1,2,"STEVE ARNOLD",,4,0,171,175,CREEK
5/12/2015,"CREEK","CITY OF OILTON",41904,"FOR COUNCILMEMBER, WARD NO. 2  CITY OF OILTON",,1,1,1,"KEVIN CAVIN",,3,0,145,148,CREEK
5/12/2015,"CREEK","CITY OF OILTON",41904,"FOR COUNCILMEMBER, WARD NO. 2  CITY OF OILTON",,1,1,2,"DARRELL SMITH",,1,0,94,95,CREEK
5/12/2015,"CREEK","CITY OF OILTON",41905,"FOR COUNCILMEMBER, WARD NO. 3  CITY OF OILTON",,1,1,1,"TYLER BRIDWELL",,3,0,154,157,CREEK
5/12/2015,"CREEK","CITY OF OILTON",41905,"FOR COUNCILMEMBER, WARD NO. 3  CITY OF OILTON",,1,1,2,"JEREMY PRATHER",,1,0,86,87,CREEK
5/12/2015,"CREEK","CITY OF OILTON",41906,"FOR COUNCILMEMBER, WARD NO. 4  CITY OF OILTON",,1,1,1,"JOHN K. CASEY",,2,0,142,144,CREEK
5/12/2015,"CREEK","CITY OF OILTON",41906,"FOR COUNCILMEMBER, WARD NO. 4  CITY OF OILTON",,1,1,2,"WANDA FOSTER",,3,0,100,103,CREEK
5/12/2015,"CREEK","CITY OF OILTON",41907,"FOR COUNCILMEMBER, WARD NO. 4 (UNEXPIRED TERM)  CITY OF OILTON",,1,1,1,"RUSTY PARNELL",,1,0,117,118,CREEK
5/12/2015,"CREEK","CITY OF OILTON",41907,"FOR COUNCILMEMBER, WARD NO. 4 (UNEXPIRED TERM)  CITY OF OILTON",,1,1,2,"DAINYELL AINGE-PENNINGTON",,2,0,51,53,CREEK
5/12/2015,"CREEK","CITY OF OILTON",41907,"FOR COUNCILMEMBER, WARD NO. 4 (UNEXPIRED TERM)  CITY OF OILTON",,1,1,3,"STEFANIE CASEY",,2,0,73,75,CREEK
5/12/2015,"CREEK","CITY OF OILTON",41908,"FOR CITY TREASURER (UNEXPIRED TERM)  CITY OF OILTON",,1,1,1,"SAUNDRA BROWN",,4,0,209,213,CREEK
5/12/2015,"CREEK","CITY OF OILTON",41908,"FOR CITY TREASURER (UNEXPIRED TERM)  CITY OF OILTON",,1,1,2,"AARON MICHAEL GIERINGER",,1,0,34,35,CREEK
5/12/2015,"CREEK","TOWN OF KIEFER",41909,"PROPOSITION  TOWN OF KIEFER",,1,1,1,"FOR THE PROPOSITION - YES",,0,0,19,19,,
5/12/2015,"CREEK","TOWN OF KIEFER",41909,"PROPOSITION  TOWN OF KIEFER",,1,1,2,"AGAINST THE PROPOSITION - NO",,0,0,0,0,,
5/12/2015,"CREEK","MANNFORD PUBLIC SCHOOLS INDEPENDENT SCHOOL DISTRICT NO. 003",51901,"PROPOSITION NO. 1  MANNFORD PUBLIC SCHOOLS",,2,2,1,"FOR THE PROPOSITION - YES",,4,0,216,220,,
5/12/2015,"CREEK","MANNFORD PUBLIC SCHOOLS INDEPENDENT SCHOOL DISTRICT NO. 003",51901,"PROPOSITION NO. 1  MANNFORD PUBLIC SCHOOLS",,2,2,2,"AGAINST THE PROPOSITION - NO",,0,0,13,13,,
5/12/2015,"CREEK","MANNFORD PUBLIC SCHOOLS INDEPENDENT SCHOOL DISTRICT NO. 003",51902,"PROPOSITION NO. 2  MANNFORD PUBLIC SCHOOLS",,2,2,1,"FOR THE PROPOSITION - YES",,4,0,211,215,,
5/12/2015,"CREEK","MANNFORD PUBLIC SCHOOLS INDEPENDENT SCHOOL DISTRICT NO. 003",51902,"PROPOSITION NO. 2  MANNFORD PUBLIC SCHOOLS",,2,2,2,"AGAINST THE PROPOSITION - NO",,0,0,15,15,,
5/12/2015,"GARFIELD","POND CREEK-HUNTER SCHOOLS INDEPENDENT SCHOOL DISTRICT NO. 090",52701,"PROPOSITION  POND CREEK-HUNTER SCHOOLS",,2,2,1,"FOR THE PROPOSITION - YES",,1,1,25,27,,
5/12/2015,"GARFIELD","POND CREEK-HUNTER SCHOOLS INDEPENDENT SCHOOL DISTRICT NO. 090",52701,"PROPOSITION  POND CREEK-HUNTER SCHOOLS",,2,2,2,"AGAINST THE PROPOSITION - NO",,2,1,7,10,,
5/12/2015,"GRANT","POND CREEK-HUNTER SCHOOLS INDEPENDENT SCHOOL DISTRICT NO. 090",52701,"PROPOSITION  POND CREEK-HUNTER SCHOOLS",,4,4,1,"FOR THE PROPOSITION - YES",,5,8,269,282,,
5/12/2015,"GRANT","POND CREEK-HUNTER SCHOOLS INDEPENDENT SCHOOL DISTRICT NO. 090",52701,"PROPOSITION  POND CREEK-HUNTER SCHOOLS",,4,4,2,"AGAINST THE PROPOSITION - NO",,3,0,52,55,,
5/12/2015,"HUGHES","HOLDENVILLE PUBLIC SCHOOLS INDEPENDENT SCHOOL DISTRICT NO. 035",53201,"PROPOSITION  HOLDENVILLE PUBLIC SCHOOLS",,8,8,1,"FOR THE PROPOSITION - YES",,9,41,381,431,,
5/12/2015,"HUGHES","HOLDENVILLE PUBLIC SCHOOLS INDEPENDENT SCHOOL DISTRICT NO. 035",53201,"PROPOSITION  HOLDENVILLE PUBLIC SCHOOLS",,8,8,2,"AGAINST THE PROPOSITION - NO",,21,31,566,618,,
5/12/2015,"HUGHES","SASAKWA PUBLIC SCHOOLS INDEPENDENT SCHOOL DISTRICT NO. 010",56701,"PROPOSITION NO. 1  SASAKWA PUBLIC SCHOOLS",,2,2,1,"FOR THE PROPOSITION - YES",,0,0,4,4,,
5/12/2015,"HUGHES","SASAKWA PUBLIC SCHOOLS INDEPENDENT SCHOOL DISTRICT NO. 010",56701,"PROPOSITION NO. 1  SASAKWA PUBLIC SCHOOLS",,2,2,2,"AGAINST THE PROPOSITION - NO",,0,0,4,4,,
5/12/2015,"HUGHES","SASAKWA PUBLIC SCHOOLS INDEPENDENT SCHOOL DISTRICT NO. 010",56702,"PROPOSITION NO. 2  SASAKWA PUBLIC SCHOOLS",,2,2,1,"FOR THE PROPOSITION - YES",,0,0,4,4,,
5/12/2015,"HUGHES","SASAKWA PUBLIC SCHOOLS INDEPENDENT SCHOOL DISTRICT NO. 010",56702,"PROPOSITION NO. 2  SASAKWA PUBLIC SCHOOLS",,2,2,2,"AGAINST THE PROPOSITION - NO",,0,0,4,4,,
5/12/2015,"KINGFISHER","CASHION PUBLIC SCHOOLS INDEPENDENT SCHOOL DISTRICT NO. 089",53701,"PROPOSITION NO. 1  CASHION PUBLIC SCHOOLS",,3,3,1,"FOR THE PROPOSITION - YES",,0,2,106,108,,
5/12/2015,"KINGFISHER","CASHION PUBLIC SCHOOLS INDEPENDENT SCHOOL DISTRICT NO. 089",53701,"PROPOSITION NO. 1  CASHION PUBLIC SCHOOLS",,3,3,2,"AGAINST THE PROPOSITION - NO",,0,2,59,61,,
5/12/2015,"KINGFISHER","CASHION PUBLIC SCHOOLS INDEPENDENT SCHOOL DISTRICT NO. 089",53702,"PROPOSITION NO. 2  CASHION PUBLIC SCHOOLS",,3,3,1,"FOR THE PROPOSITION - YES",,0,2,118,120,,
5/12/2015,"KINGFISHER","CASHION PUBLIC SCHOOLS INDEPENDENT SCHOOL DISTRICT NO. 089",53702,"PROPOSITION NO. 2  CASHION PUBLIC SCHOOLS",,3,3,2,"AGAINST THE PROPOSITION - NO",,0,2,47,49,,
5/12/2015,"KIOWA","LONE WOLF PUBLIC SCHOOLS INDEPENDENT SCHOOL DISTRICT NO. 002",53801,"PROPOSITION NO. 1  LONE WOLF PUBLIC SCHOOLS",,4,4,1,"FOR THE PROPOSITION - YES",,0,6,79,85,,
5/12/2015,"KIOWA","LONE WOLF PUBLIC SCHOOLS INDEPENDENT SCHOOL DISTRICT NO. 002",53801,"PROPOSITION NO. 1  LONE WOLF PUBLIC SCHOOLS",,4,4,2,"AGAINST THE PROPOSITION - NO",,0,0,19,19,,
5/12/2015,"KIOWA","LONE WOLF PUBLIC SCHOOLS INDEPENDENT SCHOOL DISTRICT NO. 002",53802,"PROPOSITION NO. 2  LONE WOLF PUBLIC SCHOOLS",,4,4,1,"FOR THE PROPOSITION - YES",,0,6,78,84,,
5/12/2015,"KIOWA","LONE WOLF PUBLIC SCHOOLS INDEPENDENT SCHOOL DISTRICT NO. 002",53802,"PROPOSITION NO. 2  LONE WOLF PUBLIC SCHOOLS",,4,4,2,"AGAINST THE PROPOSITION - NO",,0,0,22,22,,
5/12/2015,"LINCOLN","DAVENPORT PUBLIC SCHOOLS INDEPENDENT SCHOOL DISTRICT NO. 003",54101,"PROPOSITION  DAVENPORT PUBLIC SCHOOLS",,5,5,1,"FOR THE PROPOSITION - YES",,3,4,111,118,,
5/12/2015,"LINCOLN","DAVENPORT PUBLIC SCHOOLS INDEPENDENT SCHOOL DISTRICT NO. 003",54101,"PROPOSITION  DAVENPORT PUBLIC SCHOOLS",,5,5,2,"AGAINST THE PROPOSITION - NO",,2,0,17,19,,
5/12/2015,"LINCOLN","WHITE ROCK PUBLIC SCHOOL ELEMENTARY SCHOOL DISTRICT NO. 005",54102,"PROPOSITION  WHITE ROCK PUBLIC SCHOOL",,4,4,1,"FOR THE PROPOSITION - YES",,2,0,31,33,,
5/12/2015,"LINCOLN","WHITE ROCK PUBLIC SCHOOL ELEMENTARY SCHOOL DISTRICT NO. 005",54102,"PROPOSITION  WHITE ROCK PUBLIC SCHOOL",,4,4,2,"AGAINST THE PROPOSITION - NO",,0,1,28,29,,
5/12/2015,"LINCOLN","MCLOUD PUBLIC SCHOOLS INDEPENDENT SCHOOL DISTRICT NO. 001",56301,"PROPOSITION  MCLOUD PUBLIC SCHOOLS",,2,2,1,"FOR THE PROPOSITION - YES",,0,0,6,6,,
5/12/2015,"LINCOLN","MCLOUD PUBLIC SCHOOLS INDEPENDENT SCHOOL DISTRICT NO. 001",56301,"PROPOSITION  MCLOUD PUBLIC SCHOOLS",,2,2,2,"AGAINST THE PROPOSITION - NO",,2,0,2,4,,
5/12/2015,"LOGAN","CASHION PUBLIC SCHOOLS INDEPENDENT SCHOOL DISTRICT NO. 089",53701,"PROPOSITION NO. 1  CASHION PUBLIC SCHOOLS",,4,4,1,"FOR THE PROPOSITION - YES",,3,1,81,85,,
5/12/2015,"LOGAN","CASHION PUBLIC SCHOOLS INDEPENDENT SCHOOL DISTRICT NO. 089",53701,"PROPOSITION NO. 1  CASHION PUBLIC SCHOOLS",,4,4,2,"AGAINST THE PROPOSITION - NO",,0,0,26,26,,
5/12/2015,"LOGAN","CASHION PUBLIC SCHOOLS INDEPENDENT SCHOOL DISTRICT NO. 089",53702,"PROPOSITION NO. 2  CASHION PUBLIC SCHOOLS",,4,4,1,"FOR THE PROPOSITION - YES",,3,1,89,93,,
5/12/2015,"LOGAN","CASHION PUBLIC SCHOOLS INDEPENDENT SCHOOL DISTRICT NO. 089",53702,"PROPOSITION NO. 2  CASHION PUBLIC SCHOOLS",,4,4,2,"AGAINST THE PROPOSITION - NO",,0,0,19,19,,
5/12/2015,"LOGAN","GUTHRIE PUBLIC SCHOOLS INDEPENDENT SCHOOL DISTRICT NO. 001",54201,"PROPOSITION  GUTHRIE PUBLIC SCHOOLS",,17,17,1,"FOR THE PROPOSITION - YES",,74,400,2573,3047,,
5/12/2015,"LOGAN","GUTHRIE PUBLIC SCHOOLS INDEPENDENT SCHOOL DISTRICT NO. 001",54201,"PROPOSITION  GUTHRIE PUBLIC SCHOOLS",,17,17,2,"AGAINST THE PROPOSITION - NO",,32,44,843,919,,
5/12/2015,"OKLAHOMA","BETHANY PUBLIC SCHOOLS INDEPENDENT SCHOOL DISTRICT NO. 088",55501,"PROPOSITION  BETHANY PUBLIC SCHOOLS",,3,3,1,"FOR THE PROPOSITION - YES",,9,2,281,292,,
5/12/2015,"OKLAHOMA","BETHANY PUBLIC SCHOOLS INDEPENDENT SCHOOL DISTRICT NO. 088",55501,"PROPOSITION  BETHANY PUBLIC SCHOOLS",,3,3,2,"AGAINST THE PROPOSITION - NO",,5,0,15,20,,
5/12/2015,"OKLAHOMA","MCLOUD PUBLIC SCHOOLS INDEPENDENT SCHOOL DISTRICT NO. 001",56301,"PROPOSITION  MCLOUD PUBLIC SCHOOLS",,3,3,1,"FOR THE PROPOSITION - YES",,0,0,6,6,,
5/12/2015,"OKLAHOMA","MCLOUD PUBLIC SCHOOLS INDEPENDENT SCHOOL DISTRICT NO. 001",56301,"PROPOSITION  MCLOUD PUBLIC SCHOOLS",,3,3,2,"AGAINST THE PROPOSITION - NO",,0,0,5,5,,
5/12/2015,"PAWNEE","MANNFORD PUBLIC SCHOOLS INDEPENDENT SCHOOL DISTRICT NO. 003",51901,"PROPOSITION NO. 1  MANNFORD PUBLIC SCHOOLS",,3,3,1,"FOR THE PROPOSITION - YES",,0,0,29,29,,
5/12/2015,"PAWNEE","MANNFORD PUBLIC SCHOOLS INDEPENDENT SCHOOL DISTRICT NO. 003",51901,"PROPOSITION NO. 1  MANNFORD PUBLIC SCHOOLS",,3,3,2,"AGAINST THE PROPOSITION - NO",,1,0,3,4,,
5/12/2015,"PAWNEE","MANNFORD PUBLIC SCHOOLS INDEPENDENT SCHOOL DISTRICT NO. 003",51902,"PROPOSITION NO. 2  MANNFORD PUBLIC SCHOOLS",,3,3,1,"FOR THE PROPOSITION - YES",,0,0,29,29,,
5/12/2015,"PAWNEE","MANNFORD PUBLIC SCHOOLS INDEPENDENT SCHOOL DISTRICT NO. 003",51902,"PROPOSITION NO. 2  MANNFORD PUBLIC SCHOOLS",,3,3,2,"AGAINST THE PROPOSITION - NO",,1,0,3,4,,
5/12/2015,"PAYNE","CITY OF DRUMRIGHT",41901,"PROPOSITION  CITY OF DRUMRIGHT",,1,1,1,"FOR THE PROPOSITION - YES",,0,0,1,1,,
5/12/2015,"PAYNE","CITY OF DRUMRIGHT",41901,"PROPOSITION  CITY OF DRUMRIGHT",,1,1,2,"AGAINST THE PROPOSITION - NO",,0,0,0,0,,
5/12/2015,"PITTSBURG","MCALESTER PUBLIC SCHOOLS INDEPENDENT SCHOOL DISTRICT NO. 080",56101,"PROPOSITION  MCALESTER PUBLIC SCHOOLS",,19,19,1,"FOR THE PROPOSITION - YES",,16,90,710,816,,
5/12/2015,"PITTSBURG","MCALESTER PUBLIC SCHOOLS INDEPENDENT SCHOOL DISTRICT NO. 080",56101,"PROPOSITION  MCALESTER PUBLIC SCHOOLS",,19,19,2,"AGAINST THE PROPOSITION - NO",,8,24,459,491,,
5/12/2015,"POTTAWATOMIE","MCLOUD PUBLIC SCHOOLS INDEPENDENT SCHOOL DISTRICT NO. 001",56301,"PROPOSITION  MCLOUD PUBLIC SCHOOLS",,2,2,1,"FOR THE PROPOSITION - YES",,5,0,58,63,,
5/12/2015,"POTTAWATOMIE","MCLOUD PUBLIC SCHOOLS INDEPENDENT SCHOOL DISTRICT NO. 001",56301,"PROPOSITION  MCLOUD PUBLIC SCHOOLS",,2,2,2,"AGAINST THE PROPOSITION - NO",,1,0,25,26,,
5/12/2015,"SEMINOLE","SASAKWA PUBLIC SCHOOLS INDEPENDENT SCHOOL DISTRICT NO. 010",56701,"PROPOSITION NO. 1  SASAKWA PUBLIC SCHOOLS",,3,3,1,"FOR THE PROPOSITION - YES",,3,5,132,140,,
5/12/2015,"SEMINOLE","SASAKWA PUBLIC SCHOOLS INDEPENDENT SCHOOL DISTRICT NO. 010",56701,"PROPOSITION NO. 1  SASAKWA PUBLIC SCHOOLS",,3,3,2,"AGAINST THE PROPOSITION - NO",,1,2,55,58,,
5/12/2015,"SEMINOLE","SASAKWA PUBLIC SCHOOLS INDEPENDENT SCHOOL DISTRICT NO. 010",56702,"PROPOSITION NO. 2  SASAKWA PUBLIC SCHOOLS",,3,3,1,"FOR THE PROPOSITION - YES",,3,5,127,135,,
5/12/2015,"SEMINOLE","SASAKWA PUBLIC SCHOOLS INDEPENDENT SCHOOL DISTRICT NO. 010",56702,"PROPOSITION NO. 2  SASAKWA PUBLIC SCHOOLS",,3,3,2,"AGAINST THE PROPOSITION - NO",,1,2,59,62,,
5/12/2015,"WASHINGTON","CITY OF DEWEY",47401,"PROPOSITION NO. 1  CITY OF DEWEY",,3,3,1,"FOR THE PROPOSITION - YES",,0,5,73,78,,
5/12/2015,"WASHINGTON","CITY OF DEWEY",47401,"PROPOSITION NO. 1  CITY OF DEWEY",,3,3,2,"AGAINST THE PROPOSITION - NO",,0,1,15,16,,
5/12/2015,"WASHINGTON","CITY OF DEWEY",47402,"PROPOSITION NO. 2  CITY OF DEWEY",,3,3,1,"FOR THE PROPOSITION - YES",,0,6,62,68,,
5/12/2015,"WASHINGTON","CITY OF DEWEY",47402,"PROPOSITION NO. 2  CITY OF DEWEY",,3,3,2,"AGAINST THE PROPOSITION - NO",,0,0,26,26,,
5/12/2015,"WASHINGTON","CITY OF DEWEY",47403,"PROPOSITION NO. 3  CITY OF DEWEY",,3,3,1,"FOR THE PROPOSITION - YES",,0,5,60,65,,
5/12/2015,"WASHINGTON","CITY OF DEWEY",47403,"PROPOSITION NO. 3  CITY OF DEWEY",,3,3,2,"AGAINST THE PROPOSITION - NO",,0,1,28,29,,
5/12/2015,"WASHINGTON","CITY OF DEWEY",47404,"PROPOSITION NO. 4  CITY OF DEWEY",,3,3,1,"FOR THE PROPOSITION - YES",,0,5,65,70,,
5/12/2015,"WASHINGTON","CITY OF DEWEY",47404,"PROPOSITION NO. 4  CITY OF DEWEY",,3,3,2,"AGAINST THE PROPOSITION - NO",,0,1,23,24,,
