elec_date,county,entity_description,race_number,race_description,race_party,tot_race_prec,race_prec_reporting,cand_number,cand_name,cand_party,cand_absmail_votes,cand_early_votes,cand_elecday_votes,cand_tot_votes,race_county_owner
8/11/2015,"COMANCHE","CITY OF ELGIN",41601,"PROPOSITION  CITY OF ELGIN",,1,1,1,"FOR THE PROPOSITION - YES",,2,2,43,47,,
8/11/2015,"COMANCHE","CITY OF ELGIN",41601,"PROPOSITION  CITY OF ELGIN",,1,1,2,"AGAINST THE PROPOSITION - NO",,0,0,4,4,,
8/11/2015,"COMANCHE","CITY OF LAWTON",41602,"PROPOSITION  CITY OF LAWTON",,28,28,1,"FOR THE PROPOSITION - YES",,88,102,1366,1556,,
8/11/2015,"COMANCHE","CITY OF LAWTON",41602,"PROPOSITION  CITY OF LAWTON",,28,28,2,"AGAINST THE PROPOSITION - NO",,26,58,943,1027,,
8/11/2015,"CUSTER","CITY OF CLINTON HOME RULE CHARTER",42002,"FOR COUNCILMAN WARD 3  CITY OF CLINTON",,3,3,1,"CHUY ROSALES",,2,2,113,117,CUSTER
8/11/2015,"CUSTER","CITY OF CLINTON HOME RULE CHARTER",42002,"FOR COUNCILMAN WARD 3  CITY OF CLINTON",,3,3,2,"PAUL L. BROWN",,3,0,75,78,CUSTER
8/11/2015,"CUSTER","CITY OF CLINTON HOME RULE CHARTER",42002,"FOR COUNCILMAN WARD 3  CITY OF CLINTON",,3,3,3,"LEON KINDER",,3,4,94,101,CUSTER
8/11/2015,"CUSTER","CITY OF WEATHERFORD",42003,"FOR MAYOR  CITY OF WEATHERFORD",,4,4,1,"MIKE D. BROWN",,37,20,925,982,CUSTER
8/11/2015,"CUSTER","CITY OF WEATHERFORD",42003,"FOR MAYOR  CITY OF WEATHERFORD",,4,4,2,"WARREN GOLDMANN",,19,19,701,739,CUSTER
8/11/2015,"GARFIELD","TOWN OF COVINGTON",42401,"PROPOSITION  TOWN OF COVINGTON",,1,1,1,"FOR THE PROPOSITION - YES",,0,0,47,47,,
8/11/2015,"GARFIELD","TOWN OF COVINGTON",42401,"PROPOSITION  TOWN OF COVINGTON",,1,1,2,"AGAINST THE PROPOSITION - NO",,0,0,0,0,,
8/11/2015,"GRADY","CITY OF MINCO",42601,"FOR MAYOR (UNEXPIRED TERM)  CITY OF MINCO",,1,1,1,"SUSAN HOLLANDSWORTH",,3,2,173,178,GRADY
8/11/2015,"GRADY","CITY OF MINCO",42601,"FOR MAYOR (UNEXPIRED TERM)  CITY OF MINCO",,1,1,2,"KEITH  McMULLEN",,2,0,189,191,GRADY
8/11/2015,"KINGFISHER","TOWN OF CASHION",43701,"PROPOSITION  TOWN OF CASHION",,1,1,1,"FOR THE PROPOSITION - YES",,0,0,36,36,,
8/11/2015,"KINGFISHER","TOWN OF CASHION",43701,"PROPOSITION  TOWN OF CASHION",,1,1,2,"AGAINST THE PROPOSITION - NO",,0,0,0,0,,
8/11/2015,"KINGFISHER","KINGFISHER PUBLIC SCHOOLS INDEPENDENT SCHOOL DISTRICT NO. 007",53701,"PROPOSITION  KINGFISHER PUBLIC SCHOOLS",,10,10,1,"FOR THE PROPOSITION - YES",,4,15,352,371,,
8/11/2015,"KINGFISHER","KINGFISHER PUBLIC SCHOOLS INDEPENDENT SCHOOL DISTRICT NO. 007",53701,"PROPOSITION  KINGFISHER PUBLIC SCHOOLS",,10,10,2,"AGAINST THE PROPOSITION - NO",,4,13,80,97,,
8/11/2015,"LOGAN","TOWN OF CASHION",43701,"PROPOSITION  TOWN OF CASHION",,1,1,1,"FOR THE PROPOSITION - YES",,0,0,13,13,,
8/11/2015,"LOGAN","TOWN OF CASHION",43701,"PROPOSITION  TOWN OF CASHION",,1,1,2,"AGAINST THE PROPOSITION - NO",,0,0,0,0,,
8/11/2015,"MUSKOGEE","MUSKOGEE COUNTY",30001,"COUNTY QUESTION",,33,33,1,"FOR THE PROPOSITION - YES",,19,112,1615,1746,,
8/11/2015,"MUSKOGEE","MUSKOGEE COUNTY",30001,"COUNTY QUESTION",,33,33,2,"AGAINST THE PROPOSITION - NO",,25,36,1210,1271,,
8/11/2015,"PITTSBURG","PITTSBURG COUNTY",30002,"COUNTY QUESTION",,41,41,1,"FOR THE PROPOSITION - YES",,31,86,1766,1883,,
8/11/2015,"PITTSBURG","PITTSBURG COUNTY",30002,"COUNTY QUESTION",,41,41,2,"AGAINST THE PROPOSITION - NO",,14,48,1013,1075,,
8/11/2015,"TULSA","BERRYHILL FIRE PROTECTION",60721,"PROPOSITION  BERRYHILL FIRE PROTECTION",,5,5,1,"FOR THE PROPOSITION - YES",,10,2,235,247,,
8/11/2015,"TULSA","BERRYHILL FIRE PROTECTION",60721,"PROPOSITION  BERRYHILL FIRE PROTECTION",,5,5,2,"AGAINST THE PROPOSITION - NO",,0,0,28,28,,
