elec_date,county,entity_description,race_number,race_description,race_party,tot_race_prec,race_prec_reporting,cand_number,cand_name,cand_party,cand_absmail_votes,cand_early_votes,cand_elecday_votes,cand_tot_votes,race_county_owner
7/9/2013,"CUSTER","TOWN OF BUTLER",42001,"PROPOSITION  TOWN OF BUTLER",,1,1,1,"FOR THE PROPOSITION - YES",,0,0,8,8,,
7/9/2013,"CUSTER","TOWN OF BUTLER",42001,"PROPOSITION  TOWN OF BUTLER",,1,1,2,"AGAINST THE PROPOSITION - NO",,0,0,25,25,,
7/9/2013,"HUGHES","CITY OF WETUMKA",43201,"PROPOSITION  CITY OF WETUMKA",,1,1,1,"FOR THE PROPOSITION - YES",,1,0,53,54,,
7/9/2013,"HUGHES","CITY OF WETUMKA",43201,"PROPOSITION  CITY OF WETUMKA",,1,1,2,"AGAINST THE PROPOSITION - NO",,1,0,19,20,,
7/9/2013,"NOBLE","TOWN OF MARLAND",45201,"FOR TOWN CLERK-TREASURER  TOWN OF MARLAND",,1,1,1,"CHASTITY RHOADES",,0,0,1,1,,
7/9/2013,"NOBLE","TOWN OF MARLAND",45201,"FOR TOWN CLERK-TREASURER  TOWN OF MARLAND",,1,1,2,"CAROL L. KIKER",,0,0,18,18,,
7/9/2013,"NOBLE","TOWN OF MARLAND",45201,"FOR TOWN CLERK-TREASURER  TOWN OF MARLAND",,1,1,3,"MARY  SHULTZ",,0,0,22,22,,
7/9/2013,"PAWNEE","PAWNEE COUNTY",30001,"PROPOSITION",,10,10,1,"FOR THE PROPOSITION - YES",,10,47,263,320,,
7/9/2013,"PAWNEE","PAWNEE COUNTY",30001,"PROPOSITION",,10,10,2,"AGAINST THE PROPOSITION - NO",,2,3,44,49,,
7/9/2013,"PITTSBURG","TOWN OF KIOWA",46101,"FOR BOARD OF TRUSTEES, OFFICE NO. 5 (UNEXPIRED TERM)  TOWN OF KIOWA",,1,1,1,"RANDY McMATH",,0,0,53,53,,
7/9/2013,"PITTSBURG","TOWN OF KIOWA",46101,"FOR BOARD OF TRUSTEES, OFFICE NO. 5 (UNEXPIRED TERM)  TOWN OF KIOWA",,1,1,2,"STEVE LeFLORE",,0,1,4,5,,
7/9/2013,"WOODS","TOWN OF DACOMA",47601,"PROPOSITION NO. 1  TOWN OF DACOMA",,1,1,1,"FOR THE PROPOSITION - YES",,1,4,16,21,,
7/9/2013,"WOODS","TOWN OF DACOMA",47601,"PROPOSITION NO. 1  TOWN OF DACOMA",,1,1,2,"AGAINST THE PROPOSITION - NO",,0,0,0,0,,
7/9/2013,"WOODS","TOWN OF DACOMA",47602,"PROPOSITION NO. 2  TOWN OF DACOMA",,1,1,1,"FOR THE PROPOSITION - YES",,1,4,15,20,,
7/9/2013,"WOODS","TOWN OF DACOMA",47602,"PROPOSITION NO. 2  TOWN OF DACOMA",,1,1,2,"AGAINST THE PROPOSITION - NO",,0,0,1,1,,
