elec_date,county,entity_description,race_number,race_description,race_party,tot_race_prec,race_prec_reporting,cand_number,cand_name,cand_party,cand_absmail_votes,cand_early_votes,cand_elecday_votes,cand_tot_votes,race_county_owner
1/14/2020,"CARTER","CARTER COUNTY (EMS)",60101,"PROPOSITION  CARTER COUNTY (EMS)",,21,21,1,"FOR THE PROPOSITION - YES",,60,65,1264,1389,,
1/14/2020,"CARTER","CARTER COUNTY (EMS)",60101,"PROPOSITION  CARTER COUNTY (EMS)",,21,21,2,"AGAINST THE PROPOSITION - NO",,15,60,1470,1545,,
1/14/2020,"CREEK","CITY OF SAPULPA",41901,"PROPOSITION NO. 1  CITY OF SAPULPA",,17,17,1,"FOR THE PROPOSITION - YES",,14,97,907,1018,,
1/14/2020,"CREEK","CITY OF SAPULPA",41901,"PROPOSITION NO. 1  CITY OF SAPULPA",,17,17,2,"AGAINST THE PROPOSITION - NO",,11,11,370,392,,
1/14/2020,"CREEK","CITY OF SAPULPA",41902,"PROPOSITION NO. 2  CITY OF SAPULPA",,17,17,1,"FOR THE PROPOSITION - YES",,13,89,843,945,,
1/14/2020,"CREEK","CITY OF SAPULPA",41902,"PROPOSITION NO. 2  CITY OF SAPULPA",,17,17,2,"AGAINST THE PROPOSITION - NO",,12,21,434,467,,
1/14/2020,"CREEK","CITY OF SAPULPA",41903,"PROPOSITION NO. 3  CITY OF SAPULPA",,17,17,1,"FOR THE PROPOSITION - YES",,9,93,797,899,,
1/14/2020,"CREEK","CITY OF SAPULPA",41903,"PROPOSITION NO. 3  CITY OF SAPULPA",,17,17,2,"AGAINST THE PROPOSITION - NO",,16,17,479,512,,
1/14/2020,"CREEK","CITY OF SAPULPA",41904,"PROPOSITION NO. 4  CITY OF SAPULPA",,17,17,1,"FOR THE PROPOSITION - YES",,8,84,719,811,,
1/14/2020,"CREEK","CITY OF SAPULPA",41904,"PROPOSITION NO. 4  CITY OF SAPULPA",,17,17,2,"AGAINST THE PROPOSITION - NO",,17,21,531,569,,
1/14/2020,"CREEK","CITY OF SAPULPA",41905,"PROPOSITION NO. 5  CITY OF SAPULPA",,17,17,1,"FOR THE PROPOSITION - YES",,9,62,680,751,,
1/14/2020,"CREEK","CITY OF SAPULPA",41905,"PROPOSITION NO. 5  CITY OF SAPULPA",,17,17,2,"AGAINST THE PROPOSITION - NO",,16,44,577,637,,
1/14/2020,"CREEK","CITY OF SAPULPA",41906,"PROPOSITION NO. 6  CITY OF SAPULPA",,17,17,1,"FOR THE PROPOSITION - YES",,9,85,765,859,,
1/14/2020,"CREEK","CITY OF SAPULPA",41906,"PROPOSITION NO. 6  CITY OF SAPULPA",,17,17,2,"AGAINST THE PROPOSITION - NO",,16,21,487,524,,
1/14/2020,"CREEK","LONE STAR PUBLIC SCHOOL ELEMENTARY SCHOOL DISTRICT NO. 008",51901,"PROPOSITION  LONE STAR PUBLIC SCHOOL",,6,6,1,"FOR THE PROPOSITION - YES",,8,14,158,180,,
1/14/2020,"CREEK","LONE STAR PUBLIC SCHOOL ELEMENTARY SCHOOL DISTRICT NO. 008",51901,"PROPOSITION  LONE STAR PUBLIC SCHOOL",,6,6,2,"AGAINST THE PROPOSITION - NO",,0,3,55,58,,
1/14/2020,"CREEK","PRETTY WATER PUBLIC SCHOOL ELEMENTARY SCHOOL DISTRICT NO. 034",51902,"PROPOSITION NO. 1  PRETTY WATER PUBLIC SCHOOL",,2,2,1,"FOR THE PROPOSITION - YES",,3,2,82,87,,
1/14/2020,"CREEK","PRETTY WATER PUBLIC SCHOOL ELEMENTARY SCHOOL DISTRICT NO. 034",51902,"PROPOSITION NO. 1  PRETTY WATER PUBLIC SCHOOL",,2,2,2,"AGAINST THE PROPOSITION - NO",,3,0,50,53,,
1/14/2020,"CREEK","PRETTY WATER PUBLIC SCHOOL ELEMENTARY SCHOOL DISTRICT NO. 034",51903,"PROPOSITION NO. 2  PRETTY WATER PUBLIC SCHOOL",,2,2,1,"FOR THE PROPOSITION - YES",,3,2,80,85,,
1/14/2020,"CREEK","PRETTY WATER PUBLIC SCHOOL ELEMENTARY SCHOOL DISTRICT NO. 034",51903,"PROPOSITION NO. 2  PRETTY WATER PUBLIC SCHOOL",,2,2,2,"AGAINST THE PROPOSITION - NO",,3,0,55,58,,
1/14/2020,"GRADY","RUSH SPRINGS PUBLIC SCHOOLS INDEPENDENT SCHOOL DISTRICT NO. 068",52601,"PROPOSITION  RUSH SPRINGS PUBLIC SCHOOLS",,4,4,1,"FOR THE PROPOSITION - YES",,0,3,279,282,,
1/14/2020,"GRADY","RUSH SPRINGS PUBLIC SCHOOLS INDEPENDENT SCHOOL DISTRICT NO. 068",52601,"PROPOSITION  RUSH SPRINGS PUBLIC SCHOOLS",,4,4,2,"AGAINST THE PROPOSITION - NO",,7,6,237,250,,
1/14/2020,"HUGHES","HUGHES COUNTY",30001,"PROPOSITION",,16,16,1,"FOR THE PROPOSITION - YES",,11,13,242,266,,
1/14/2020,"HUGHES","HUGHES COUNTY",30001,"PROPOSITION",,16,16,2,"AGAINST THE PROPOSITION - NO",,21,56,908,985,,
1/14/2020,"OKLAHOMA","MILLWOOD PUBLIC SCHOOLS INDEPENDENT SCHOOL DISTRICT NO. 037",55501,"PROPOSITION  MILLWOOD PUBLIC SCHOOLS",,6,6,1,"FOR THE PROPOSITION - YES",,10,0,172,182,,
1/14/2020,"OKLAHOMA","MILLWOOD PUBLIC SCHOOLS INDEPENDENT SCHOOL DISTRICT NO. 037",55501,"PROPOSITION  MILLWOOD PUBLIC SCHOOLS",,6,6,2,"AGAINST THE PROPOSITION - NO",,2,1,38,41,,
1/14/2020,"OSAGE","GREEN COUNTRY FIRE DISTRICT",60571,"PROPOSITION NO. 1  GREEN COUNTRY FIRE DISTRICT",,1,1,1,"FOR THE PROPOSITION - YES",,4,0,255,259,,
1/14/2020,"OSAGE","GREEN COUNTRY FIRE DISTRICT",60571,"PROPOSITION NO. 1  GREEN COUNTRY FIRE DISTRICT",,1,1,2,"AGAINST THE PROPOSITION - NO",,3,0,74,77,,
1/14/2020,"OSAGE","GREEN COUNTRY FIRE DISTRICT",60572,"PROPOSITION NO. 2  GREEN COUNTRY FIRE DISTRICT",,1,1,1,"FOR THE PROPOSITION - YES",,4,0,245,249,,
1/14/2020,"OSAGE","GREEN COUNTRY FIRE DISTRICT",60572,"PROPOSITION NO. 2  GREEN COUNTRY FIRE DISTRICT",,1,1,2,"AGAINST THE PROPOSITION - NO",,3,0,84,87,,
1/14/2020,"TULSA","CITY OF SAPULPA",41901,"PROPOSITION NO. 1  CITY OF SAPULPA",,2,2,1,"FOR THE PROPOSITION - YES",,0,0,0,0,,
1/14/2020,"TULSA","CITY OF SAPULPA",41901,"PROPOSITION NO. 1  CITY OF SAPULPA",,2,2,2,"AGAINST THE PROPOSITION - NO",,0,0,0,0,,
1/14/2020,"TULSA","CITY OF SAPULPA",41902,"PROPOSITION NO. 2  CITY OF SAPULPA",,2,2,1,"FOR THE PROPOSITION - YES",,0,0,0,0,,
1/14/2020,"TULSA","CITY OF SAPULPA",41902,"PROPOSITION NO. 2  CITY OF SAPULPA",,2,2,2,"AGAINST THE PROPOSITION - NO",,0,0,0,0,,
1/14/2020,"TULSA","CITY OF SAPULPA",41903,"PROPOSITION NO. 3  CITY OF SAPULPA",,2,2,1,"FOR THE PROPOSITION - YES",,0,0,0,0,,
1/14/2020,"TULSA","CITY OF SAPULPA",41903,"PROPOSITION NO. 3  CITY OF SAPULPA",,2,2,2,"AGAINST THE PROPOSITION - NO",,0,0,0,0,,
1/14/2020,"TULSA","CITY OF SAPULPA",41904,"PROPOSITION NO. 4  CITY OF SAPULPA",,2,2,1,"FOR THE PROPOSITION - YES",,0,0,0,0,,
1/14/2020,"TULSA","CITY OF SAPULPA",41904,"PROPOSITION NO. 4  CITY OF SAPULPA",,2,2,2,"AGAINST THE PROPOSITION - NO",,0,0,0,0,,
1/14/2020,"TULSA","CITY OF SAPULPA",41905,"PROPOSITION NO. 5  CITY OF SAPULPA",,2,2,1,"FOR THE PROPOSITION - YES",,0,0,0,0,,
1/14/2020,"TULSA","CITY OF SAPULPA",41905,"PROPOSITION NO. 5  CITY OF SAPULPA",,2,2,2,"AGAINST THE PROPOSITION - NO",,0,0,0,0,,
1/14/2020,"TULSA","CITY OF SAPULPA",41906,"PROPOSITION NO. 6  CITY OF SAPULPA",,2,2,1,"FOR THE PROPOSITION - YES",,0,0,0,0,,
1/14/2020,"TULSA","CITY OF SAPULPA",41906,"PROPOSITION NO. 6  CITY OF SAPULPA",,2,2,2,"AGAINST THE PROPOSITION - NO",,0,0,0,0,,
