elec_date,county,entity_description,race_number,race_description,race_party,tot_race_prec,race_prec_reporting,cand_number,cand_name,cand_party,cand_absmail_votes,cand_early_votes,cand_elecday_votes,cand_tot_votes,race_county_owner
11/12/2019,"BEAVER","LAVERNE PUBLIC SCHOOLS INDEPENDENT SCHOOL DISTRICT NO. 001",53001,"PROPOSITION  LAVERNE PUBLIC SCHOOLS",,3,3,1,"FOR THE PROPOSITION - YES",,4,2,42,48,,
11/12/2019,"BEAVER","LAVERNE PUBLIC SCHOOLS INDEPENDENT SCHOOL DISTRICT NO. 001",53001,"PROPOSITION  LAVERNE PUBLIC SCHOOLS",,3,3,2,"AGAINST THE PROPOSITION - NO",,0,0,21,21,,
11/12/2019,"CADDO","CITY OF ANADARKO",40801,"PROPOSITION NO. 1  CITY OF ANADARKO",,5,5,1,"FOR THE PROPOSITION - YES",,4,11,83,98,,
11/12/2019,"CADDO","CITY OF ANADARKO",40801,"PROPOSITION NO. 1  CITY OF ANADARKO",,5,5,2,"AGAINST THE PROPOSITION - NO",,4,7,25,36,,
11/12/2019,"CADDO","CITY OF ANADARKO",40802,"PROPOSITION NO. 2  CITY OF ANADARKO",,5,5,1,"FOR THE PROPOSITION - YES",,4,12,68,84,,
11/12/2019,"CADDO","CITY OF ANADARKO",40802,"PROPOSITION NO. 2  CITY OF ANADARKO",,5,5,2,"AGAINST THE PROPOSITION - NO",,4,6,40,50,,
11/12/2019,"CADDO","CITY OF ANADARKO",40803,"PROPOSITION NO. 3  CITY OF ANADARKO",,5,5,1,"FOR THE PROPOSITION - YES",,4,12,70,86,,
11/12/2019,"CADDO","CITY OF ANADARKO",40803,"PROPOSITION NO. 3  CITY OF ANADARKO",,5,5,2,"AGAINST THE PROPOSITION - NO",,4,6,38,48,,
11/12/2019,"CADDO","CITY OF ANADARKO",40804,"PROPOSITION NO. 4  CITY OF ANADARKO",,5,5,1,"FOR THE PROPOSITION - YES",,4,13,72,89,,
11/12/2019,"CADDO","CITY OF ANADARKO",40804,"PROPOSITION NO. 4  CITY OF ANADARKO",,5,5,2,"AGAINST THE PROPOSITION - NO",,4,5,36,45,,
11/12/2019,"CADDO","CITY OF ANADARKO",40805,"PROPOSITION NO. 5  CITY OF ANADARKO",,5,5,1,"FOR THE PROPOSITION - YES",,4,12,77,93,,
11/12/2019,"CADDO","CITY OF ANADARKO",40805,"PROPOSITION NO. 5  CITY OF ANADARKO",,5,5,2,"AGAINST THE PROPOSITION - NO",,4,6,31,41,,
11/12/2019,"CADDO","CITY OF ANADARKO",40806,"PROPOSITION NO. 6  CITY OF ANADARKO",,5,5,1,"FOR THE PROPOSITION - YES",,4,12,77,93,,
11/12/2019,"CADDO","CITY OF ANADARKO",40806,"PROPOSITION NO. 6  CITY OF ANADARKO",,5,5,2,"AGAINST THE PROPOSITION - NO",,4,6,31,41,,
11/12/2019,"CADDO","CITY OF ANADARKO",40807,"PROPOSITION NO. 7  CITY OF ANADARKO",,5,5,1,"FOR THE PROPOSITION - YES",,4,12,77,93,,
11/12/2019,"CADDO","CITY OF ANADARKO",40807,"PROPOSITION NO. 7  CITY OF ANADARKO",,5,5,2,"AGAINST THE PROPOSITION - NO",,4,6,31,41,,
11/12/2019,"CANADIAN","CITY OF EL RENO",40901,"FOR MAYOR  CITY OF EL RENO",,8,8,1,"KEVAN COPELIN",,0,1,10,11,CANADIAN
11/12/2019,"CANADIAN","CITY OF EL RENO",40901,"FOR MAYOR  CITY OF EL RENO",,8,8,2,"STEVE JENSEN",,29,213,1117,1359,CANADIAN
11/12/2019,"CANADIAN","CITY OF EL RENO",40901,"FOR MAYOR  CITY OF EL RENO",,8,8,3,"MATT WHITE",,30,349,1244,1623,CANADIAN
11/12/2019,"CANADIAN","CITY OF EL RENO",40901,"FOR MAYOR  CITY OF EL RENO",,8,8,4,"RITA THOMPSON",,0,2,12,14,CANADIAN
11/12/2019,"CARTER","CITY OF WILSON",41001,"PROPOSITION NO. 1  CITY OF WILSON",,2,2,1,"FOR THE PROPOSITION - YES",,2,0,56,58,,
11/12/2019,"CARTER","CITY OF WILSON",41001,"PROPOSITION NO. 1  CITY OF WILSON",,2,2,2,"AGAINST THE PROPOSITION - NO",,0,0,1,1,,
11/12/2019,"CARTER","CITY OF WILSON",41002,"PROPOSITION NO. 2  CITY OF WILSON",,2,2,1,"FOR THE PROPOSITION - YES",,0,0,56,56,,
11/12/2019,"CARTER","CITY OF WILSON",41002,"PROPOSITION NO. 2  CITY OF WILSON",,2,2,2,"AGAINST THE PROPOSITION - NO",,0,0,1,1,,
11/12/2019,"CARTER","MANNSVILLE PUBLIC SCHOOL ELEMENTARY SCHOOL DISTRICT NO. 007",53501,"PROPOSITION  MANNSVILLE PUBLIC SCHOOL",,1,1,1,"FOR THE PROPOSITION - YES",,0,0,0,0,,
11/12/2019,"CARTER","MANNSVILLE PUBLIC SCHOOL ELEMENTARY SCHOOL DISTRICT NO. 007",53501,"PROPOSITION  MANNSVILLE PUBLIC SCHOOL",,1,1,2,"AGAINST THE PROPOSITION - NO",,0,0,0,0,,
11/12/2019,"CLEVELAND","CLEVELAND COUNTY",30002,"PROPOSITION",,84,84,1,"FOR THE PROPOSITION - YES",,1124,302,9011,10437,,
11/12/2019,"CLEVELAND","CLEVELAND COUNTY",30002,"PROPOSITION",,84,84,2,"AGAINST THE PROPOSITION - NO",,613,138,3310,4061,,
11/12/2019,"CLEVELAND","CITY OF MOORE",41401,"PROPOSITION  CITY OF MOORE",,19,19,1,"FOR THE PROPOSITION - YES",,234,21,1442,1697,,
11/12/2019,"CLEVELAND","CITY OF MOORE",41401,"PROPOSITION  CITY OF MOORE",,19,19,2,"AGAINST THE PROPOSITION - NO",,181,8,509,698,,
11/12/2019,"CLEVELAND","CITY OF NOBLE",41402,"PROPOSITION  CITY OF NOBLE",,2,2,1,"FOR THE PROPOSITION - YES",,26,6,184,216,,
11/12/2019,"CLEVELAND","CITY OF NOBLE",41402,"PROPOSITION  CITY OF NOBLE",,2,2,2,"AGAINST THE PROPOSITION - NO",,7,0,87,94,,
11/12/2019,"CLEVELAND","CITY OF NORMAN",41403,"PROPOSITION  CITY OF NORMAN",,50,50,1,"FOR THE PROPOSITION - YES",,490,260,5921,6671,,
11/12/2019,"CLEVELAND","CITY OF NORMAN",41403,"PROPOSITION  CITY OF NORMAN",,50,50,2,"AGAINST THE PROPOSITION - NO",,279,133,2395,2807,,
11/12/2019,"CLEVELAND","MCLOUD PUBLIC SCHOOLS INDEPENDENT SCHOOL DISTRICT NO. 001",56301,"PROPOSITION  MCLOUD PUBLIC SCHOOLS",,1,1,1,"FOR THE PROPOSITION - YES",,16,0,33,49,,
11/12/2019,"CLEVELAND","MCLOUD PUBLIC SCHOOLS INDEPENDENT SCHOOL DISTRICT NO. 001",56301,"PROPOSITION  MCLOUD PUBLIC SCHOOLS",,1,1,2,"AGAINST THE PROPOSITION - NO",,19,1,26,46,,
11/12/2019,"COMANCHE","CITY OF LAWTON",41601,"FOR COUNCIL MEMBER WARD 3  CITY OF LAWTON",,2,2,1,"LINDA A CHAPMAN",,38,39,274,351,COMANCHE
11/12/2019,"COMANCHE","CITY OF LAWTON",41601,"FOR COUNCIL MEMBER WARD 3  CITY OF LAWTON",,2,2,2,"CALEB DAVIS",,11,21,177,209,COMANCHE
11/12/2019,"COMANCHE","INDIAHOMA PUBLIC SCHOOLS INDEPENDENT SCHOOL DISTRICT NO. 002",51601,"FOR OFFICE NO. 1 (UNEXPIRED TERM)  INDIAHOMA PUBLIC SCHOOLS",,3,3,1,"COLLEEN LONGACRE",,1,1,47,49,COMANCHE
11/12/2019,"COMANCHE","INDIAHOMA PUBLIC SCHOOLS INDEPENDENT SCHOOL DISTRICT NO. 002",51601,"FOR OFFICE NO. 1 (UNEXPIRED TERM)  INDIAHOMA PUBLIC SCHOOLS",,3,3,2,"CHRIS WEBSTER",,1,1,109,111,COMANCHE
11/12/2019,"CRAIG","TOWN OF WELCH",41801,"PROPOSITION  TOWN OF WELCH",,1,1,1,"FOR THE PROPOSITION - YES",,0,2,69,71,,
11/12/2019,"CRAIG","TOWN OF WELCH",41801,"PROPOSITION  TOWN OF WELCH",,1,1,2,"AGAINST THE PROPOSITION - NO",,0,0,9,9,,
11/12/2019,"CREEK","ALLEN-BOWDEN PUBLIC SCHOOL ELEMENTARY SCHOOL DISTRICT NO. 035",51901,"PROPOSITION NO. 1  ALLEN-BOWDEN PUBLIC SCHOOL",,4,4,1,"FOR THE PROPOSITION - YES",,2,2,51,55,,
11/12/2019,"CREEK","ALLEN-BOWDEN PUBLIC SCHOOL ELEMENTARY SCHOOL DISTRICT NO. 035",51901,"PROPOSITION NO. 1  ALLEN-BOWDEN PUBLIC SCHOOL",,4,4,2,"AGAINST THE PROPOSITION - NO",,3,0,10,13,,
11/12/2019,"CREEK","ALLEN-BOWDEN PUBLIC SCHOOL ELEMENTARY SCHOOL DISTRICT NO. 035",51902,"PROPOSITION NO. 2  ALLEN-BOWDEN PUBLIC SCHOOL",,4,4,1,"FOR THE PROPOSITION - YES",,3,2,50,55,,
11/12/2019,"CREEK","ALLEN-BOWDEN PUBLIC SCHOOL ELEMENTARY SCHOOL DISTRICT NO. 035",51902,"PROPOSITION NO. 2  ALLEN-BOWDEN PUBLIC SCHOOL",,4,4,2,"AGAINST THE PROPOSITION - NO",,3,0,11,14,,
11/12/2019,"CREEK","MOSE MEADOWS RURAL ROAD DIST.",60191,"PROPOSITION  MOSE MEADOWS RURAL ROAD DIST.",,1,1,1,"FOR THE PROPOSITION - YES",,0,0,9,9,,
11/12/2019,"CREEK","MOSE MEADOWS RURAL ROAD DIST.",60191,"PROPOSITION  MOSE MEADOWS RURAL ROAD DIST.",,1,1,2,"AGAINST THE PROPOSITION - NO",,0,0,0,0,,
11/12/2019,"CUSTER","CITY OF CLINTON",42001,"PROPOSITION NO. 1  CITY OF CLINTON",,4,4,1,"FOR THE PROPOSITION - YES",,25,19,427,471,,
11/12/2019,"CUSTER","CITY OF CLINTON",42001,"PROPOSITION NO. 1  CITY OF CLINTON",,4,4,2,"AGAINST THE PROPOSITION - NO",,3,2,28,33,,
11/12/2019,"CUSTER","CITY OF CLINTON",42002,"PROPOSITION NO. 2  CITY OF CLINTON",,4,4,1,"FOR THE PROPOSITION - YES",,21,17,366,404,,
11/12/2019,"CUSTER","CITY OF CLINTON",42002,"PROPOSITION NO. 2  CITY OF CLINTON",,4,4,2,"AGAINST THE PROPOSITION - NO",,7,4,93,104,,
11/12/2019,"DEWEY","SHARON-MUTUAL PUBLIC SCHOOLS INDEPENDENT SCHOOL DISTRICT NO. 003",57701,"PROPOSITION NO. 1  SHARON-MUTUAL PUBLIC SCHOOLS",,1,1,1,"FOR THE PROPOSITION - YES",,0,0,0,0,,
11/12/2019,"DEWEY","SHARON-MUTUAL PUBLIC SCHOOLS INDEPENDENT SCHOOL DISTRICT NO. 003",57701,"PROPOSITION NO. 1  SHARON-MUTUAL PUBLIC SCHOOLS",,1,1,2,"AGAINST THE PROPOSITION - NO",,0,0,0,0,,
11/12/2019,"DEWEY","SHARON-MUTUAL PUBLIC SCHOOLS INDEPENDENT SCHOOL DISTRICT NO. 003",57702,"PROPOSITION NO. 2  SHARON-MUTUAL PUBLIC SCHOOLS",,1,1,1,"FOR THE PROPOSITION - YES",,0,0,0,0,,
11/12/2019,"DEWEY","SHARON-MUTUAL PUBLIC SCHOOLS INDEPENDENT SCHOOL DISTRICT NO. 003",57702,"PROPOSITION NO. 2  SHARON-MUTUAL PUBLIC SCHOOLS",,1,1,2,"AGAINST THE PROPOSITION - NO",,0,0,0,0,,
11/12/2019,"ELLIS","LAVERNE PUBLIC SCHOOLS INDEPENDENT SCHOOL DISTRICT NO. 001",53001,"PROPOSITION  LAVERNE PUBLIC SCHOOLS",,2,2,1,"FOR THE PROPOSITION - YES",,0,0,4,4,,
11/12/2019,"ELLIS","LAVERNE PUBLIC SCHOOLS INDEPENDENT SCHOOL DISTRICT NO. 001",53001,"PROPOSITION  LAVERNE PUBLIC SCHOOLS",,2,2,2,"AGAINST THE PROPOSITION - NO",,0,0,1,1,,
11/12/2019,"GRADY","CITY OF TUTTLE",42601,"PROPOSITION NO. 1  CITY OF TUTTLE",,4,4,1,"FOR THE PROPOSITION - YES",,46,0,249,295,,
11/12/2019,"GRADY","CITY OF TUTTLE",42601,"PROPOSITION NO. 1  CITY OF TUTTLE",,4,4,2,"AGAINST THE PROPOSITION - NO",,47,2,192,241,,
11/12/2019,"GRADY","CITY OF TUTTLE",42602,"PROPOSITION NO. 2  CITY OF TUTTLE",,4,4,1,"FOR THE PROPOSITION - YES",,39,0,237,276,,
11/12/2019,"GRADY","CITY OF TUTTLE",42602,"PROPOSITION NO. 2  CITY OF TUTTLE",,4,4,2,"AGAINST THE PROPOSITION - NO",,54,2,204,260,,
11/12/2019,"GRADY","CITY OF MINCO",42603,"FOR COUNCILMEMBER WARD 2, POSITION 2 (UNEXPIRED TERM)  CITY OF MINCO",,1,1,1,"KAREN DIRICKSON",,5,0,41,46,GRADY
11/12/2019,"GRADY","CITY OF MINCO",42603,"FOR COUNCILMEMBER WARD 2, POSITION 2 (UNEXPIRED TERM)  CITY OF MINCO",,1,1,2,"MANDY ADDINGTON",,0,0,40,40,GRADY
11/12/2019,"HARPER","LAVERNE PUBLIC SCHOOLS INDEPENDENT SCHOOL DISTRICT NO. 001",53001,"PROPOSITION  LAVERNE PUBLIC SCHOOLS",,4,4,1,"FOR THE PROPOSITION - YES",,9,5,247,261,,
11/12/2019,"HARPER","LAVERNE PUBLIC SCHOOLS INDEPENDENT SCHOOL DISTRICT NO. 001",53001,"PROPOSITION  LAVERNE PUBLIC SCHOOLS",,4,4,2,"AGAINST THE PROPOSITION - NO",,2,1,43,46,,
11/12/2019,"JACKSON","CITY OF ALTUS",43301,"FOR FREEHOLDER FROM WARD ONE  CITY OF ALTUS",,4,4,1,"MICHAEL GROSS",,1,1,7,9,JACKSON
11/12/2019,"JACKSON","CITY OF ALTUS",43301,"FOR FREEHOLDER FROM WARD ONE  CITY OF ALTUS",,4,4,2,"JOHN MESSERLY",,2,3,19,24,JACKSON
11/12/2019,"JACKSON","CITY OF ALTUS",43301,"FOR FREEHOLDER FROM WARD ONE  CITY OF ALTUS",,4,4,3,"TOM BUCHANAN",,3,6,55,64,JACKSON
11/12/2019,"JACKSON","CITY OF ALTUS",43301,"FOR FREEHOLDER FROM WARD ONE  CITY OF ALTUS",,4,4,4,"ALLEN B. COLLINS",,2,15,60,77,JACKSON
11/12/2019,"JACKSON","CITY OF ALTUS",43301,"FOR FREEHOLDER FROM WARD ONE  CITY OF ALTUS",,4,4,5,"RICK HENRY",,1,4,40,45,JACKSON
11/12/2019,"JACKSON","CITY OF ALTUS",43301,"FOR FREEHOLDER FROM WARD ONE  CITY OF ALTUS",,4,4,6,"IVA NELL TEMPLER",,4,1,15,20,JACKSON
11/12/2019,"JACKSON","CITY OF ALTUS",43301,"FOR FREEHOLDER FROM WARD ONE  CITY OF ALTUS",,4,4,7,"CATHERINE GOVER",,8,12,33,53,JACKSON
11/12/2019,"JACKSON","CITY OF ALTUS",43302,"FOR FREEHOLDER FROM WARD TWO  CITY OF ALTUS",,4,4,1,"JEREMY BAILEY",,5,13,55,73,JACKSON
11/12/2019,"JACKSON","CITY OF ALTUS",43302,"FOR FREEHOLDER FROM WARD TWO  CITY OF ALTUS",,4,4,2,"LINDA J. WALKER",,3,6,44,53,JACKSON
11/12/2019,"JACKSON","CITY OF ALTUS",43302,"FOR FREEHOLDER FROM WARD TWO  CITY OF ALTUS",,4,4,3,"JACKIE DICKERSON",,4,6,32,42,JACKSON
11/12/2019,"JACKSON","CITY OF ALTUS",43302,"FOR FREEHOLDER FROM WARD TWO  CITY OF ALTUS",,4,4,4,"MONTE CLASON",,4,2,25,31,JACKSON
11/12/2019,"JACKSON","CITY OF ALTUS",43302,"FOR FREEHOLDER FROM WARD TWO  CITY OF ALTUS",,4,4,5,"NICHOLAS YOUNG",,6,10,33,49,JACKSON
11/12/2019,"JACKSON","CITY OF ALTUS",43303,"FOR FREEHOLDER FROM WARD THREE  CITY OF ALTUS",,3,3,1,"EMILEE JOHNSON",,1,0,19,20,JACKSON
11/12/2019,"JACKSON","CITY OF ALTUS",43303,"FOR FREEHOLDER FROM WARD THREE  CITY OF ALTUS",,3,3,2,"SHERRI DIRICKSON",,3,0,28,31,JACKSON
11/12/2019,"JACKSON","CITY OF ALTUS",43303,"FOR FREEHOLDER FROM WARD THREE  CITY OF ALTUS",,3,3,3,"PERRY SHELTON",,1,2,15,18,JACKSON
11/12/2019,"JACKSON","CITY OF ALTUS",43303,"FOR FREEHOLDER FROM WARD THREE  CITY OF ALTUS",,3,3,4,"TIMOTHY SCOTT",,1,2,29,32,JACKSON
11/12/2019,"JACKSON","CITY OF ALTUS",43303,"FOR FREEHOLDER FROM WARD THREE  CITY OF ALTUS",,3,3,5,"JASON WINTERS",,2,0,17,19,JACKSON
11/12/2019,"JACKSON","CITY OF ALTUS",43304,"FOR FREEHOLDER FROM WARD FOUR  CITY OF ALTUS",,4,4,1,"CHRISTOPHER RIFFLE",,4,8,51,63,JACKSON
11/12/2019,"JACKSON","CITY OF ALTUS",43304,"FOR FREEHOLDER FROM WARD FOUR  CITY OF ALTUS",,4,4,2,"DILLON FEAZEL",,3,4,45,52,JACKSON
11/12/2019,"JACKSON","CITY OF ALTUS",43304,"FOR FREEHOLDER FROM WARD FOUR  CITY OF ALTUS",,4,4,3,"JOSEPH CHRISTIAN MELTON",,1,1,31,33,JACKSON
11/12/2019,"JACKSON","CITY OF ALTUS",43304,"FOR FREEHOLDER FROM WARD FOUR  CITY OF ALTUS",,4,4,4,"RON OSTERHOUT",,8,14,51,73,JACKSON
11/12/2019,"JACKSON","CITY OF ALTUS",43304,"FOR FREEHOLDER FROM WARD FOUR  CITY OF ALTUS",,4,4,5,"STACY BELANGER",,3,8,78,89,JACKSON
11/12/2019,"JACKSON","CITY OF ALTUS",43304,"FOR FREEHOLDER FROM WARD FOUR  CITY OF ALTUS",,4,4,6,"TOM YATES",,8,4,44,56,JACKSON
11/12/2019,"JACKSON","CITY OF ALTUS",43304,"FOR FREEHOLDER FROM WARD FOUR  CITY OF ALTUS",,4,4,7,"B.J. WILSON",,0,1,10,11,JACKSON
11/12/2019,"JOHNSTON","MANNSVILLE PUBLIC SCHOOL ELEMENTARY SCHOOL DISTRICT NO. 007",53501,"PROPOSITION  MANNSVILLE PUBLIC SCHOOL",,1,1,1,"FOR THE PROPOSITION - YES",,1,0,40,41,,
11/12/2019,"JOHNSTON","MANNSVILLE PUBLIC SCHOOL ELEMENTARY SCHOOL DISTRICT NO. 007",53501,"PROPOSITION  MANNSVILLE PUBLIC SCHOOL",,1,1,2,"AGAINST THE PROPOSITION - NO",,0,3,41,44,,
11/12/2019,"JOHNSTON","MILL CREEK PUBLIC SCHOOLS INDEPENDENT SCHOOL DISTRICT NO. 002",53502,"PROPOSITION  MILL CREEK PUBLIC SCHOOLS",,5,5,1,"FOR THE PROPOSITION - YES",,0,1,98,99,,
11/12/2019,"JOHNSTON","MILL CREEK PUBLIC SCHOOLS INDEPENDENT SCHOOL DISTRICT NO. 002",53502,"PROPOSITION  MILL CREEK PUBLIC SCHOOLS",,5,5,2,"AGAINST THE PROPOSITION - NO",,0,0,8,8,,
11/12/2019,"KAY","KILDARE PUBLIC SCHOOL ELEMENTARY SCHOOL DISTRICT NO. 050",53601,"PROPOSITION  KILDARE PUBLIC SCHOOL",,10,10,1,"FOR THE PROPOSITION - YES",,0,2,35,37,,
11/12/2019,"KAY","KILDARE PUBLIC SCHOOL ELEMENTARY SCHOOL DISTRICT NO. 050",53601,"PROPOSITION  KILDARE PUBLIC SCHOOL",,10,10,2,"AGAINST THE PROPOSITION - NO",,0,0,7,7,,
11/12/2019,"KIOWA","INDIAHOMA PUBLIC SCHOOLS INDEPENDENT SCHOOL DISTRICT NO. 002",51601,"FOR OFFICE NO. 1 (UNEXPIRED TERM)  INDIAHOMA PUBLIC SCHOOLS",,1,1,1,"COLLEEN LONGACRE",,0,1,0,1,KIOWA
11/12/2019,"KIOWA","INDIAHOMA PUBLIC SCHOOLS INDEPENDENT SCHOOL DISTRICT NO. 002",51601,"FOR OFFICE NO. 1 (UNEXPIRED TERM)  INDIAHOMA PUBLIC SCHOOLS",,1,1,2,"CHRIS WEBSTER",,0,0,0,0,KIOWA
11/12/2019,"LATIMER","BUFFALO VALLEY PUBLIC SCHOOLS INDEPENDENT SCHOOL DISTRICT NO. 003",53901,"PROPOSITION  BUFFALO VALLEY PUBLIC SCHOOLS",,2,2,1,"FOR THE PROPOSITION - YES",,3,1,104,108,,
11/12/2019,"LATIMER","BUFFALO VALLEY PUBLIC SCHOOLS INDEPENDENT SCHOOL DISTRICT NO. 003",53901,"PROPOSITION  BUFFALO VALLEY PUBLIC SCHOOLS",,2,2,2,"AGAINST THE PROPOSITION - NO",,0,4,41,45,,
11/12/2019,"LEFLORE","TOWN OF SHADY POINT",44001,"FOR BOARD OF TRUSTEES (UNEXPIRED TERM)  TOWN OF SHADY POINT",,1,1,1,"JESSICA CASTILLO",,0,1,27,28,LEFLORE
11/12/2019,"LEFLORE","TOWN OF SHADY POINT",44001,"FOR BOARD OF TRUSTEES (UNEXPIRED TERM)  TOWN OF SHADY POINT",,1,1,2,"KENNETH GAUKEL",,0,0,5,5,LEFLORE
11/12/2019,"LEFLORE","TOWN OF SHADY POINT",44001,"FOR BOARD OF TRUSTEES (UNEXPIRED TERM)  TOWN OF SHADY POINT",,1,1,3,"JUSTIN CRUSE",,0,1,42,43,LEFLORE
11/12/2019,"LEFLORE","BOKOSHE PUBLIC SCHOOLS INDEPENDENT SCHOOL DISTRICT NO. 026",54001,"PROPOSITION  BOKOSHE PUBLIC SCHOOLS",,6,6,1,"FOR THE PROPOSITION - YES",,0,2,82,84,,
11/12/2019,"LEFLORE","BOKOSHE PUBLIC SCHOOLS INDEPENDENT SCHOOL DISTRICT NO. 026",54001,"PROPOSITION  BOKOSHE PUBLIC SCHOOLS",,6,6,2,"AGAINST THE PROPOSITION - NO",,0,0,10,10,,
11/12/2019,"LINCOLN","TOWN OF MEEKER",44101,"FOR BOARD OF TRUSTEES (UNEXPIRED TERM)  TOWN OF MEEKER",,2,2,1,"BARTON T. GILCREASE",,1,0,6,7,LINCOLN
11/12/2019,"LINCOLN","TOWN OF MEEKER",44101,"FOR BOARD OF TRUSTEES (UNEXPIRED TERM)  TOWN OF MEEKER",,2,2,2,"CHERYL BUOY",,2,0,29,31,LINCOLN
11/12/2019,"LINCOLN","TOWN OF MEEKER",44101,"FOR BOARD OF TRUSTEES (UNEXPIRED TERM)  TOWN OF MEEKER",,2,2,3,"CHARLES GREEN",,0,0,19,19,LINCOLN
11/12/2019,"LINCOLN","TOWN OF MEEKER",44101,"FOR BOARD OF TRUSTEES (UNEXPIRED TERM)  TOWN OF MEEKER",,2,2,4,"JEFF WILBOURN",,2,0,32,34,LINCOLN
11/12/2019,"LINCOLN","TOWN OF TRYON",44104,"PROPOSITION  TOWN OF TRYON",,1,1,1,"FOR THE PROPOSITION - YES",,0,0,21,21,,
11/12/2019,"LINCOLN","TOWN OF TRYON",44104,"PROPOSITION  TOWN OF TRYON",,1,1,2,"AGAINST THE PROPOSITION - NO",,0,0,9,9,,
11/12/2019,"LINCOLN","MCLOUD PUBLIC SCHOOLS INDEPENDENT SCHOOL DISTRICT NO. 001",56301,"PROPOSITION  MCLOUD PUBLIC SCHOOLS",,2,2,1,"FOR THE PROPOSITION - YES",,0,0,23,23,,
11/12/2019,"LINCOLN","MCLOUD PUBLIC SCHOOLS INDEPENDENT SCHOOL DISTRICT NO. 001",56301,"PROPOSITION  MCLOUD PUBLIC SCHOOLS",,2,2,2,"AGAINST THE PROPOSITION - NO",,4,0,23,27,,
11/12/2019,"LOGAN","OAK CLIFF R.F.P.D.",60422,"FOR BOARD MEMBER BOARD OF DIRECTORS POSITION 5 (UNEXPIRED TERM)  OAK CLIFF R.F.P.D.",,5,5,1,"SHEA HOSKINSON",,9,1,13,23,LOGAN
11/12/2019,"LOGAN","OAK CLIFF R.F.P.D.",60422,"FOR BOARD MEMBER BOARD OF DIRECTORS POSITION 5 (UNEXPIRED TERM)  OAK CLIFF R.F.P.D.",,5,5,2,"TIM TOWNSEND",,12,2,13,27,LOGAN
11/12/2019,"MCCLAIN","MCCLAIN COUNTY",30001,"PROPOSITION",,26,26,1,"FOR THE PROPOSITION - YES",,81,79,489,649,,
11/12/2019,"MCCLAIN","MCCLAIN COUNTY",30001,"PROPOSITION",,26,26,2,"AGAINST THE PROPOSITION - NO",,157,70,2185,2412,,
11/12/2019,"MURRAY","MILL CREEK PUBLIC SCHOOLS INDEPENDENT SCHOOL DISTRICT NO. 002",53502,"PROPOSITION  MILL CREEK PUBLIC SCHOOLS",,1,1,1,"FOR THE PROPOSITION - YES",,0,5,0,5,,
11/12/2019,"MURRAY","MILL CREEK PUBLIC SCHOOLS INDEPENDENT SCHOOL DISTRICT NO. 002",53502,"PROPOSITION  MILL CREEK PUBLIC SCHOOLS",,1,1,2,"AGAINST THE PROPOSITION - NO",,3,0,0,3,,
11/12/2019,"OKFUSKEE","CITY OF OKEMAH",45401,"PROPOSITION  CITY OF OKEMAH",,4,4,1,"FOR THE PROPOSITION - YES",,12,12,62,86,,
11/12/2019,"OKFUSKEE","CITY OF OKEMAH",45401,"PROPOSITION  CITY OF OKEMAH",,4,4,2,"AGAINST THE PROPOSITION - NO",,6,5,42,53,,
11/12/2019,"OKFUSKEE","MASON PUBLIC SCHOOLS INDEPENDENT SCHOOL DISTRICT NO. 002",55401,"PROPOSITION  MASON PUBLIC SCHOOLS",,4,4,1,"FOR THE PROPOSITION - YES",,2,4,66,72,,
11/12/2019,"OKFUSKEE","MASON PUBLIC SCHOOLS INDEPENDENT SCHOOL DISTRICT NO. 002",55401,"PROPOSITION  MASON PUBLIC SCHOOLS",,4,4,2,"AGAINST THE PROPOSITION - NO",,2,2,17,21,,
11/12/2019,"OKLAHOMA","CITY OF BETHANY",45501,"FOR COUNCILMEMBER, WARD 1 (UNEXPIRED TERM)  CITY OF BETHANY",,4,4,1,"LIZ SAWYER",,4,0,38,42,OKLAHOMA
11/12/2019,"OKLAHOMA","CITY OF BETHANY",45501,"FOR COUNCILMEMBER, WARD 1 (UNEXPIRED TERM)  CITY OF BETHANY",,4,4,2,"GENESE GUNTER",,6,1,58,65,OKLAHOMA
11/12/2019,"OKLAHOMA","CITY OF BETHANY",45501,"FOR COUNCILMEMBER, WARD 1 (UNEXPIRED TERM)  CITY OF BETHANY",,4,4,3,"CHRIS POWELL",,6,0,178,184,OKLAHOMA
11/12/2019,"OKLAHOMA","MCLOUD PUBLIC SCHOOLS INDEPENDENT SCHOOL DISTRICT NO. 001",56301,"PROPOSITION  MCLOUD PUBLIC SCHOOLS",,3,3,1,"FOR THE PROPOSITION - YES",,0,0,9,9,,
11/12/2019,"OKLAHOMA","MCLOUD PUBLIC SCHOOLS INDEPENDENT SCHOOL DISTRICT NO. 001",56301,"PROPOSITION  MCLOUD PUBLIC SCHOOLS",,3,3,2,"AGAINST THE PROPOSITION - NO",,1,0,15,16,,
11/12/2019,"OSAGE","CITY OF PAWHUSKA",45701,"PROPOSITION NO. 1  CITY OF PAWHUSKA",,2,2,1,"FOR THE PROPOSITION - YES",,5,15,99,119,,
11/12/2019,"OSAGE","CITY OF PAWHUSKA",45701,"PROPOSITION NO. 1  CITY OF PAWHUSKA",,2,2,2,"AGAINST THE PROPOSITION - NO",,2,5,26,33,,
11/12/2019,"OSAGE","CITY OF PAWHUSKA",45702,"PROPOSITION NO. 2  CITY OF PAWHUSKA",,2,2,1,"FOR THE PROPOSITION - YES",,7,15,108,130,,
11/12/2019,"OSAGE","CITY OF PAWHUSKA",45702,"PROPOSITION NO. 2  CITY OF PAWHUSKA",,2,2,2,"AGAINST THE PROPOSITION - NO",,0,5,19,24,,
11/12/2019,"OSAGE","CITY OF TULSA",47201,"PROPOSITION NO. 1 SALES TAX PROPOSITION NO. 1  CITY OF TULSA",,5,5,1,"FOR THE PROPOSITION - YES",,40,1,328,369,,
11/12/2019,"OSAGE","CITY OF TULSA",47201,"PROPOSITION NO. 1 SALES TAX PROPOSITION NO. 1  CITY OF TULSA",,5,5,2,"AGAINST THE PROPOSITION - NO",,30,0,72,102,,
11/12/2019,"OSAGE","CITY OF TULSA",47202,"PROPOSITION NO. 2 SALES TAX PROPOSITION NO. 2  CITY OF TULSA",,5,5,1,"FOR THE PROPOSITION - YES",,40,1,303,344,,
11/12/2019,"OSAGE","CITY OF TULSA",47202,"PROPOSITION NO. 2 SALES TAX PROPOSITION NO. 2  CITY OF TULSA",,5,5,2,"AGAINST THE PROPOSITION - NO",,29,0,87,116,,
11/12/2019,"OSAGE","CITY OF TULSA",47203,"PROPOSITION IMPROVE OUR TULSA  CITY OF TULSA",,5,5,1,"FOR THE PROPOSITION - YES",,44,1,363,408,,
11/12/2019,"OSAGE","CITY OF TULSA",47203,"PROPOSITION IMPROVE OUR TULSA  CITY OF TULSA",,5,5,2,"AGAINST THE PROPOSITION - NO",,26,0,38,64,,
11/12/2019,"PONTOTOC","TOWN OF BYNG",46201,"PROPOSITION  TOWN OF BYNG",,1,1,1,"FOR THE PROPOSITION - YES",,3,3,49,55,,
11/12/2019,"PONTOTOC","TOWN OF BYNG",46201,"PROPOSITION  TOWN OF BYNG",,1,1,2,"AGAINST THE PROPOSITION - NO",,0,0,32,32,,
11/12/2019,"POTTAWATOMIE","MCLOUD PUBLIC SCHOOLS INDEPENDENT SCHOOL DISTRICT NO. 001",56301,"PROPOSITION  MCLOUD PUBLIC SCHOOLS",,2,2,1,"FOR THE PROPOSITION - YES",,11,0,160,171,,
11/12/2019,"POTTAWATOMIE","MCLOUD PUBLIC SCHOOLS INDEPENDENT SCHOOL DISTRICT NO. 001",56301,"PROPOSITION  MCLOUD PUBLIC SCHOOLS",,2,2,2,"AGAINST THE PROPOSITION - NO",,20,0,128,148,,
11/12/2019,"ROGERS","CITY OF TULSA",47201,"PROPOSITION NO. 1 SALES TAX PROPOSITION NO. 1  CITY OF TULSA",,3,3,1,"FOR THE PROPOSITION - YES",,0,0,0,0,,
11/12/2019,"ROGERS","CITY OF TULSA",47201,"PROPOSITION NO. 1 SALES TAX PROPOSITION NO. 1  CITY OF TULSA",,3,3,2,"AGAINST THE PROPOSITION - NO",,0,0,0,0,,
11/12/2019,"ROGERS","CITY OF TULSA",47202,"PROPOSITION NO. 2 SALES TAX PROPOSITION NO. 2  CITY OF TULSA",,3,3,1,"FOR THE PROPOSITION - YES",,0,0,0,0,,
11/12/2019,"ROGERS","CITY OF TULSA",47202,"PROPOSITION NO. 2 SALES TAX PROPOSITION NO. 2  CITY OF TULSA",,3,3,2,"AGAINST THE PROPOSITION - NO",,0,0,0,0,,
11/12/2019,"ROGERS","CITY OF TULSA",47203,"PROPOSITION IMPROVE OUR TULSA  CITY OF TULSA",,3,3,1,"FOR THE PROPOSITION - YES",,0,0,0,0,,
11/12/2019,"ROGERS","CITY OF TULSA",47203,"PROPOSITION IMPROVE OUR TULSA  CITY OF TULSA",,3,3,2,"AGAINST THE PROPOSITION - NO",,0,0,0,0,,
11/12/2019,"ROGERS","CATOOSA PUBLIC SCHOOLS INDEPENDENT SCHOOL DISTRICT NO. 002",56601,"PROPOSITION  CATOOSA PUBLIC SCHOOLS",,7,7,1,"FOR THE PROPOSITION - YES",,15,1,354,370,,
11/12/2019,"ROGERS","CATOOSA PUBLIC SCHOOLS INDEPENDENT SCHOOL DISTRICT NO. 002",56601,"PROPOSITION  CATOOSA PUBLIC SCHOOLS",,7,7,2,"AGAINST THE PROPOSITION - NO",,6,1,372,379,,
11/12/2019,"ROGERS","NORTHWEST FIRE",60661,"FOR BOARD MEMBER BOARD OF DIRECTORS OFFICE NO. 2  NORTHWEST FIRE",,11,11,1,"JOHN WYLIE",,10,4,72,86,ROGERS
11/12/2019,"ROGERS","NORTHWEST FIRE",60661,"FOR BOARD MEMBER BOARD OF DIRECTORS OFFICE NO. 2  NORTHWEST FIRE",,11,11,2,"SHANE LEWIS",,2,1,27,30,ROGERS
11/12/2019,"ROGERS","NORTHWEST FIRE",60661,"FOR BOARD MEMBER BOARD OF DIRECTORS OFFICE NO. 2  NORTHWEST FIRE",,11,11,3,"JOHN A. ROBINSON",,4,4,84,92,ROGERS
11/12/2019,"ROGERS","NORTHWEST FIRE",60661,"FOR BOARD MEMBER BOARD OF DIRECTORS OFFICE NO. 2  NORTHWEST FIRE",,11,11,4,"LARRY ROTT",,9,1,183,193,ROGERS
11/12/2019,"TILLMAN","INDIAHOMA PUBLIC SCHOOLS INDEPENDENT SCHOOL DISTRICT NO. 002",51601,"FOR OFFICE NO. 1 (UNEXPIRED TERM)  INDIAHOMA PUBLIC SCHOOLS",,2,2,1,"COLLEEN LONGACRE",,0,0,0,0,TILLMAN
11/12/2019,"TILLMAN","INDIAHOMA PUBLIC SCHOOLS INDEPENDENT SCHOOL DISTRICT NO. 002",51601,"FOR OFFICE NO. 1 (UNEXPIRED TERM)  INDIAHOMA PUBLIC SCHOOLS",,2,2,2,"CHRIS WEBSTER",,0,0,0,0,TILLMAN
11/12/2019,"TULSA","CITY OF TULSA",47201,"PROPOSITION NO. 1 SALES TAX PROPOSITION NO. 1  CITY OF TULSA",,185,185,1,"FOR THE PROPOSITION - YES",,972,583,22373,23928,,
11/12/2019,"TULSA","CITY OF TULSA",47201,"PROPOSITION NO. 1 SALES TAX PROPOSITION NO. 1  CITY OF TULSA",,185,185,2,"AGAINST THE PROPOSITION - NO",,407,118,4794,5319,,
11/12/2019,"TULSA","CITY OF TULSA",47202,"PROPOSITION NO. 2 SALES TAX PROPOSITION NO. 2  CITY OF TULSA",,185,185,1,"FOR THE PROPOSITION - YES",,927,569,21465,22961,,
11/12/2019,"TULSA","CITY OF TULSA",47202,"PROPOSITION NO. 2 SALES TAX PROPOSITION NO. 2  CITY OF TULSA",,185,185,2,"AGAINST THE PROPOSITION - NO",,435,123,5355,5913,,
11/12/2019,"TULSA","CITY OF TULSA",47203,"PROPOSITION IMPROVE OUR TULSA  CITY OF TULSA",,185,185,1,"FOR THE PROPOSITION - YES",,1015,609,23373,24997,,
11/12/2019,"TULSA","CITY OF TULSA",47203,"PROPOSITION IMPROVE OUR TULSA  CITY OF TULSA",,185,185,2,"AGAINST THE PROPOSITION - NO",,361,94,3895,4350,,
11/12/2019,"WAGONER","CITY OF TULSA",47201,"PROPOSITION NO. 1 SALES TAX PROPOSITION NO. 1  CITY OF TULSA",,2,2,1,"FOR THE PROPOSITION - YES",,0,0,3,3,,
11/12/2019,"WAGONER","CITY OF TULSA",47201,"PROPOSITION NO. 1 SALES TAX PROPOSITION NO. 1  CITY OF TULSA",,2,2,2,"AGAINST THE PROPOSITION - NO",,0,0,3,3,,
11/12/2019,"WAGONER","CITY OF TULSA",47202,"PROPOSITION NO. 2 SALES TAX PROPOSITION NO. 2  CITY OF TULSA",,2,2,1,"FOR THE PROPOSITION - YES",,0,0,3,3,,
11/12/2019,"WAGONER","CITY OF TULSA",47202,"PROPOSITION NO. 2 SALES TAX PROPOSITION NO. 2  CITY OF TULSA",,2,2,2,"AGAINST THE PROPOSITION - NO",,0,0,3,3,,
11/12/2019,"WAGONER","CITY OF TULSA",47203,"PROPOSITION IMPROVE OUR TULSA  CITY OF TULSA",,2,2,1,"FOR THE PROPOSITION - YES",,0,0,2,2,,
11/12/2019,"WAGONER","CITY OF TULSA",47203,"PROPOSITION IMPROVE OUR TULSA  CITY OF TULSA",,2,2,2,"AGAINST THE PROPOSITION - NO",,0,0,4,4,,
11/12/2019,"WAGONER","TOWN OF TULLAHASSEE",47301,"PROPOSITION  TOWN OF TULLAHASSEE",,1,1,1,"FOR THE PROPOSITION - YES",,0,0,13,13,,
11/12/2019,"WAGONER","TOWN OF TULLAHASSEE",47301,"PROPOSITION  TOWN OF TULLAHASSEE",,1,1,2,"AGAINST THE PROPOSITION - NO",,0,0,1,1,,
11/12/2019,"WAGONER","CATOOSA PUBLIC SCHOOLS INDEPENDENT SCHOOL DISTRICT NO. 002",56601,"PROPOSITION  CATOOSA PUBLIC SCHOOLS",,3,3,1,"FOR THE PROPOSITION - YES",,1,0,102,103,,
11/12/2019,"WAGONER","CATOOSA PUBLIC SCHOOLS INDEPENDENT SCHOOL DISTRICT NO. 002",56601,"PROPOSITION  CATOOSA PUBLIC SCHOOLS",,3,3,2,"AGAINST THE PROPOSITION - NO",,0,0,66,66,,
11/12/2019,"WASHITA","CITY OF CLINTON",42001,"PROPOSITION NO. 1  CITY OF CLINTON",,1,1,1,"FOR THE PROPOSITION - YES",,0,0,0,0,,
11/12/2019,"WASHITA","CITY OF CLINTON",42001,"PROPOSITION NO. 1  CITY OF CLINTON",,1,1,2,"AGAINST THE PROPOSITION - NO",,0,0,0,0,,
11/12/2019,"WASHITA","CITY OF CLINTON",42002,"PROPOSITION NO. 2  CITY OF CLINTON",,1,1,1,"FOR THE PROPOSITION - YES",,0,0,0,0,,
11/12/2019,"WASHITA","CITY OF CLINTON",42002,"PROPOSITION NO. 2  CITY OF CLINTON",,1,1,2,"AGAINST THE PROPOSITION - NO",,0,0,0,0,,
11/12/2019,"WOODWARD","SHARON-MUTUAL PUBLIC SCHOOLS INDEPENDENT SCHOOL DISTRICT NO. 003",57701,"PROPOSITION NO. 1  SHARON-MUTUAL PUBLIC SCHOOLS",,5,5,1,"FOR THE PROPOSITION - YES",,19,27,184,230,,
11/12/2019,"WOODWARD","SHARON-MUTUAL PUBLIC SCHOOLS INDEPENDENT SCHOOL DISTRICT NO. 003",57701,"PROPOSITION NO. 1  SHARON-MUTUAL PUBLIC SCHOOLS",,5,5,2,"AGAINST THE PROPOSITION - NO",,5,17,194,216,,
11/12/2019,"WOODWARD","SHARON-MUTUAL PUBLIC SCHOOLS INDEPENDENT SCHOOL DISTRICT NO. 003",57702,"PROPOSITION NO. 2  SHARON-MUTUAL PUBLIC SCHOOLS",,5,5,1,"FOR THE PROPOSITION - YES",,18,30,218,266,,
11/12/2019,"WOODWARD","SHARON-MUTUAL PUBLIC SCHOOLS INDEPENDENT SCHOOL DISTRICT NO. 003",57702,"PROPOSITION NO. 2  SHARON-MUTUAL PUBLIC SCHOOLS",,5,5,2,"AGAINST THE PROPOSITION - NO",,5,14,165,184,,
