elec_date,county,entity_description,race_number,race_description,race_party,tot_race_prec,race_prec_reporting,cand_number,cand_name,cand_party,cand_absmail_votes,cand_early_votes,cand_elecday_votes,cand_tot_votes,race_county_owner
4/3/2012,"ALFALFA","TIMBERLAKE PUBLIC SCHOOLS",50201,"PROPOSITION NO. 1",,3,3,1,"FOR THE PROPOSITION - YES",,16,3,244,263,,
4/3/2012,"ALFALFA","TIMBERLAKE PUBLIC SCHOOLS",50201,"PROPOSITION NO. 1",,3,3,2,"AGAINST THE PROPOSITION - NO",,16,0,59,75,,
4/3/2012,"ALFALFA","TIMBERLAKE PUBLIC SCHOOLS",50202,"PROPOSITION NO. 2",,3,3,1,"FOR THE PROPOSITION - YES",,16,2,244,262,,
4/3/2012,"ALFALFA","TIMBERLAKE PUBLIC SCHOOLS",50202,"PROPOSITION NO. 2",,3,3,2,"AGAINST THE PROPOSITION - NO",,16,1,60,77,,
4/3/2012,"ALFALFA","TIMBERLAKE PUBLIC SCHOOLS",50203,"PROPOSITION NO. 3",,3,3,1,"FOR THE PROPOSITION - YES",,20,3,246,269,,
4/3/2012,"ALFALFA","TIMBERLAKE PUBLIC SCHOOLS",50203,"PROPOSITION NO. 3",,3,3,2,"AGAINST THE PROPOSITION - NO",,13,0,58,71,,
4/3/2012,"ALFALFA","CHISHOLM PUBLIC SCHOOLS",52401,"PROPOSITION NO. 1",,1,1,1,"FOR THE PROPOSITION - YES",,0,0,0,0,,
4/3/2012,"ALFALFA","CHISHOLM PUBLIC SCHOOLS",52401,"PROPOSITION NO. 1",,1,1,2,"AGAINST THE PROPOSITION - NO",,0,0,0,0,,
4/3/2012,"ALFALFA","CHISHOLM PUBLIC SCHOOLS",52402,"PROPOSITION NO. 2",,1,1,1,"FOR THE PROPOSITION - YES",,0,0,0,0,,
4/3/2012,"ALFALFA","CHISHOLM PUBLIC SCHOOLS",52402,"PROPOSITION NO. 2",,1,1,2,"AGAINST THE PROPOSITION - NO",,0,0,0,0,,
4/3/2012,"ATOKA","CITY OF ATOKA",40302,"FOR COUNCIL MEMBER,  WARD 2",,4,4,1,"JAMES THORNLEY",,0,13,75,88,,
4/3/2012,"ATOKA","CITY OF ATOKA",40302,"FOR COUNCIL MEMBER,  WARD 2",,4,4,2,"PAT TURNER",,0,12,28,40,,
4/3/2012,"BECKHAM","SAYRE PUBLIC SCHOOLS",50501,"PROPOSITION NO. 1",,8,8,1,"FOR THE PROPOSITION - YES",,2,27,188,217,,
4/3/2012,"BECKHAM","SAYRE PUBLIC SCHOOLS",50501,"PROPOSITION NO. 1",,8,8,2,"AGAINST THE PROPOSITION - NO",,0,9,27,36,,
4/3/2012,"BECKHAM","SAYRE PUBLIC SCHOOLS",50502,"PROPOSITION NO. 2",,8,8,1,"FOR THE PROPOSITION - YES",,2,28,192,222,,
4/3/2012,"BECKHAM","SAYRE PUBLIC SCHOOLS",50502,"PROPOSITION NO. 2",,8,8,2,"AGAINST THE PROPOSITION - NO",,0,9,25,34,,
4/3/2012,"BLAINE","THOMAS-FAY-CUSTER UNIFIED DIST",52001,"PROPOSITION",,5,5,1,"FOR THE PROPOSITION - YES",,5,0,0,5,,
4/3/2012,"BLAINE","THOMAS-FAY-CUSTER UNIFIED DIST",52001,"PROPOSITION",,5,5,2,"AGAINST THE PROPOSITION - NO",,0,0,0,0,,
4/3/2012,"BRYAN","SILO PUBLIC SCHOOLS",50701,"FOR INDEPENDENT SCHOOL BOARD MEMBER OFFICE NO. 2",,7,7,1,"BRADLEY C. ROWLAND",,3,42,556,601,,
4/3/2012,"BRYAN","SILO PUBLIC SCHOOLS",50701,"FOR INDEPENDENT SCHOOL BOARD MEMBER OFFICE NO. 2",,7,7,2,"KENT ROGERS",,6,21,488,515,,
4/3/2012,"BRYAN","SILO PUBLIC SCHOOLS",50702,"PROPOSITION",,7,7,1,"FOR THE PROPOSITION - YES",,2,42,618,662,,
4/3/2012,"BRYAN","SILO PUBLIC SCHOOLS",50702,"PROPOSITION",,7,7,2,"AGAINST THE PROPOSITION - NO",,7,24,490,521,,
4/3/2012,"CADDO","CADDO COUNTY",30801,"PROPOSITION",,20,20,1,"FOR THE PROPOSITION - YES",,52,52,1574,1678,,
4/3/2012,"CADDO","CADDO COUNTY",30801,"PROPOSITION",,20,20,2,"AGAINST THE PROPOSITION - NO",,11,8,376,395,,
4/3/2012,"CADDO","TOWN OF HINTON",40801,"PROPOSITION",,1,1,1,"FOR THE PROPOSITION - YES",,4,0,201,205,,
4/3/2012,"CADDO","TOWN OF HINTON",40801,"PROPOSITION",,1,1,2,"AGAINST THE PROPOSITION - NO",,1,0,103,104,,
4/3/2012,"CADDO","ANADARKO PUBLIC SCHOOLS",50801,"PROPOSITION NO. 1",,9,9,1,"FOR THE PROPOSITION - YES",,8,22,236,266,,
4/3/2012,"CADDO","ANADARKO PUBLIC SCHOOLS",50801,"PROPOSITION NO. 1",,9,9,2,"AGAINST THE PROPOSITION - NO",,2,4,58,64,,
4/3/2012,"CADDO","ANADARKO PUBLIC SCHOOLS",50802,"PROPOSITION NO. 2",,9,9,1,"FOR THE PROPOSITION - YES",,8,23,212,243,,
4/3/2012,"CADDO","ANADARKO PUBLIC SCHOOLS",50802,"PROPOSITION NO. 2",,9,9,2,"AGAINST THE PROPOSITION - NO",,2,5,56,63,,
4/3/2012,"CADDO","CARNEGIE PUBLIC SCHOOLS",50803,"FOR INDEPENDENT SCHOOL BOARD MEMBER OFFICE NO. 2",,2,2,1,"MISTY D. BOETTGER",,8,3,137,148,,
4/3/2012,"CADDO","CARNEGIE PUBLIC SCHOOLS",50803,"FOR INDEPENDENT SCHOOL BOARD MEMBER OFFICE NO. 2",,2,2,2,"MARK S. TAYLOR",,3,1,176,180,,
4/3/2012,"CADDO","FORT COBB-BROXTON SCHOOLS",50804,"PROPOSITION",,11,11,1,"FOR THE PROPOSITION - YES",,4,8,227,239,,
4/3/2012,"CADDO","FORT COBB-BROXTON SCHOOLS",50804,"PROPOSITION",,11,11,2,"AGAINST THE PROPOSITION - NO",,3,5,103,111,,
4/3/2012,"CADDO","CEMENT PUBLIC SCHOOLS",50806,"FOR INDEPENDENT SCHOOL BOARD MEMBER OFFICE NO. 2",,2,2,1,"KAREN GLASS",,1,0,63,64,,
4/3/2012,"CADDO","CEMENT PUBLIC SCHOOLS",50806,"FOR INDEPENDENT SCHOOL BOARD MEMBER OFFICE NO. 2",,2,2,2,"KIMBEL E. ESTES",,0,0,45,45,,
4/3/2012,"CADDO","HINTON PUBLIC SCHOOLS",50807,"PROPOSITION",,3,3,1,"FOR THE PROPOSITION - YES",,6,0,242,248,,
4/3/2012,"CADDO","HINTON PUBLIC SCHOOLS",50807,"PROPOSITION",,3,3,2,"AGAINST THE PROPOSITION - NO",,2,1,176,179,,
4/3/2012,"CADDO","GRACEMONT PUBLIC SCHOOLS",50808,"PROPOSITION",,4,4,1,"FOR THE PROPOSITION - YES",,1,4,66,71,,
4/3/2012,"CADDO","GRACEMONT PUBLIC SCHOOLS",50808,"PROPOSITION",,4,4,2,"AGAINST THE PROPOSITION - NO",,0,2,27,29,,
4/3/2012,"CANADIAN","CITY OF PIEDMONT",40904,"FOR COUNCILMEMBER WARD 2",,2,2,1,"VERNON WOODS",,2,6,155,163,,
4/3/2012,"CANADIAN","CITY OF PIEDMONT",40904,"FOR COUNCILMEMBER WARD 2",,2,2,2,"LEON H. MEYER",,0,4,74,78,,
4/3/2012,"CANADIAN","CITY OF PIEDMONT",40905,"FOR COUNCILMEMBER WARD 4",,1,1,1,"HOSS COOLEY",,0,0,162,162,,
4/3/2012,"CANADIAN","CITY OF PIEDMONT",40905,"FOR COUNCILMEMBER WARD 4",,1,1,2,"CHARLES COFFMAN",,2,4,271,277,,
4/3/2012,"CANADIAN","CITY OF PIEDMONT",40906,"FOR COUNCILMEMBER WARD 3 (UNEXPIRED TERM)",,1,1,1,"JEFF DAVIS",,0,0,52,52,,
4/3/2012,"CANADIAN","CITY OF PIEDMONT",40906,"FOR COUNCILMEMBER WARD 3 (UNEXPIRED TERM)",,1,1,2,"ALBERT G. GLEICHMANN",,0,4,96,100,,
4/3/2012,"CANADIAN","CITY OF PIEDMONT",40906,"FOR COUNCILMEMBER WARD 3 (UNEXPIRED TERM)",,1,1,3,"VIC SANDERS",,0,0,26,26,,
4/3/2012,"CANADIAN","CITY OF MUSTANG",40907,"FOR MAYOR",,7,7,1,"JAY ADAMS",,8,49,1167,1224,,
4/3/2012,"CANADIAN","CITY OF MUSTANG",40907,"FOR MAYOR",,7,7,2,"KIMBERLY SCHMITZ",,3,11,551,565,,
4/3/2012,"CANADIAN","HINTON PUBLIC SCHOOLS",50807,"PROPOSITION",,3,3,1,"FOR THE PROPOSITION - YES",,0,8,34,42,,
4/3/2012,"CANADIAN","HINTON PUBLIC SCHOOLS",50807,"PROPOSITION",,3,3,2,"AGAINST THE PROPOSITION - NO",,0,0,27,27,,
4/3/2012,"CANADIAN","UNION CITY PUBLIC SCHOOLS",50906,"PROPOSITION",,4,4,1,"FOR THE PROPOSITION - YES",,2,2,113,117,,
4/3/2012,"CANADIAN","UNION CITY PUBLIC SCHOOLS",50906,"PROPOSITION",,4,4,2,"AGAINST THE PROPOSITION - NO",,0,0,23,23,,
4/3/2012,"CANADIAN","MUSTANG PUBLIC SCHOOLS",50908,"PROPOSITION 1",,18,18,1,"FOR THE PROPOSITION - YES",,4,61,1896,1961,,
4/3/2012,"CANADIAN","MUSTANG PUBLIC SCHOOLS",50908,"PROPOSITION 1",,18,18,2,"AGAINST THE PROPOSITION - NO",,12,74,1034,1120,,
4/3/2012,"CANADIAN","MUSTANG PUBLIC SCHOOLS",50909,"PROPOSITION 2",,18,18,1,"FOR THE PROPOSITION - YES",,4,64,1894,1962,,
4/3/2012,"CANADIAN","MUSTANG PUBLIC SCHOOLS",50909,"PROPOSITION 2",,18,18,2,"AGAINST THE PROPOSITION - NO",,12,75,1049,1136,,
4/3/2012,"CANADIAN","YUKON PUBLIC SCHOOLS",50910,"FOR INDEPENDENT SCHOOL BOARD MEMBER OFFICE NO. 2",,20,20,1,"MATT UHR",,8,39,453,500,,
4/3/2012,"CANADIAN","YUKON PUBLIC SCHOOLS",50910,"FOR INDEPENDENT SCHOOL BOARD MEMBER OFFICE NO. 2",,20,20,2,"LEONARD WELLS",,2,54,820,876,,
4/3/2012,"CANADIAN","OKARCHE PUBLIC SCHOOLS",53701,"FOR INDEPENDENT SCHOOL BOARD MEMBER OFFICE NO. 2",,5,5,1,"HEATHER NANCE",,1,1,35,37,,
4/3/2012,"CANADIAN","OKARCHE PUBLIC SCHOOLS",53701,"FOR INDEPENDENT SCHOOL BOARD MEMBER OFFICE NO. 2",,5,5,2,"APRIL OWENS",,2,0,35,37,,
4/3/2012,"CARTER","CITY OF LONE GROVE",41001,"FOR COUNCIL MEMBER, WARD THREE",,5,5,1,"DICKIE WELCH",,4,0,62,66,,
4/3/2012,"CARTER","CITY OF LONE GROVE",41001,"FOR COUNCIL MEMBER, WARD THREE",,5,5,2,"GERALD A. JOHNSON",,2,0,111,113,,
4/3/2012,"CARTER","PLAINVIEW PUBLIC SCHOOLS",51001,"PROPOSITION NO. 1",,11,11,1,"FOR THE PROPOSITION - YES",,4,1,518,523,,
4/3/2012,"CARTER","PLAINVIEW PUBLIC SCHOOLS",51001,"PROPOSITION NO. 1",,11,11,2,"AGAINST THE PROPOSITION - NO",,6,4,113,123,,
4/3/2012,"CARTER","PLAINVIEW PUBLIC SCHOOLS",51002,"PROPOSITION NO. 2",,11,11,1,"FOR THE PROPOSITION - YES",,4,1,539,544,,
4/3/2012,"CARTER","PLAINVIEW PUBLIC SCHOOLS",51002,"PROPOSITION NO. 2",,11,11,2,"AGAINST THE PROPOSITION - NO",,6,4,110,120,,
4/3/2012,"CHOCTAW","VALLIANT PUBLIC SCHOOLS",54505,"FOR INDEPENDENT SCHOOL BOARD MEMBER OFFICE NO. 2",,1,1,1,"BRAD DANSBY",,0,0,0,0,,
4/3/2012,"CHOCTAW","VALLIANT PUBLIC SCHOOLS",54505,"FOR INDEPENDENT SCHOOL BOARD MEMBER OFFICE NO. 2",,1,1,2,"BECKY SARGENT",,0,0,0,0,,
4/3/2012,"CIMARRON","BOISE CITY PUBLIC SCHOOLS",51301,"PROPOSITION",,6,6,1,"FOR THE PROPOSITION - YES",,7,33,85,125,,
4/3/2012,"CIMARRON","BOISE CITY PUBLIC SCHOOLS",51301,"PROPOSITION",,6,6,2,"AGAINST THE PROPOSITION - NO",,17,112,322,451,,
4/3/2012,"CLEVELAND","CITY OF NOBLE",41403,"PROPOSITION",,2,2,1,"FOR THE PROPOSITION - YES",,1,2,84,87,,
4/3/2012,"CLEVELAND","CITY OF NOBLE",41403,"PROPOSITION",,2,2,2,"AGAINST THE PROPOSITION - NO",,3,1,31,35,,
4/3/2012,"CLEVELAND","CITY OF NORMAN",41404,"FOR COUNCILMEMBER WARD 2",,8,8,1,"MATTHEW LEAL",,12,4,181,197,,
4/3/2012,"CLEVELAND","CITY OF NORMAN",41404,"FOR COUNCILMEMBER WARD 2",,8,8,2,"TOM KOVACH",,33,27,649,709,,
4/3/2012,"CLEVELAND","CITY OF NORMAN",41405,"FOR COUNCILMEMBER WARD 4",,8,8,1,"GREGORY J. JUNGMAN",,16,23,765,804,,
4/3/2012,"CLEVELAND","CITY OF NORMAN",41405,"FOR COUNCILMEMBER WARD 4",,8,8,2,"ZAC ABBOTT",,9,8,375,392,,
4/3/2012,"CLEVELAND","CITY OF NORMAN",41405,"FOR COUNCILMEMBER WARD 4",,8,8,3,"RHETT MICHAEL JONES",,2,0,40,42,,
4/3/2012,"CLEVELAND","CITY OF NORMAN",41406,"FOR COUNCILMEMBER WARD 6",,5,5,1,"JACY CROSBIE",,10,13,205,228,,
4/3/2012,"CLEVELAND","CITY OF NORMAN",41406,"FOR COUNCILMEMBER WARD 6",,5,5,2,"JIM GRIFFITH",,16,11,371,398,,
4/3/2012,"CLEVELAND","CITY OF NORMAN",41407,"FOR COUNCILMEMBER WARD 8",,9,9,1,"STEPHEN A. LUCAS",,5,8,235,248,,
4/3/2012,"CLEVELAND","CITY OF NORMAN",41407,"FOR COUNCILMEMBER WARD 8",,9,9,2,"CHAD A. WILLIAMS",,4,10,297,311,,
4/3/2012,"CLEVELAND","CITY OF NORMAN",41407,"FOR COUNCILMEMBER WARD 8",,9,9,3,"ANDY STEPHENSON",,0,0,10,10,,
4/3/2012,"CLEVELAND","CITY OF NORMAN",41407,"FOR COUNCILMEMBER WARD 8",,9,9,4,"JACKIE FARLEY",,11,11,411,433,,
4/3/2012,"CLEVELAND","MUSTANG PUBLIC SCHOOLS",50908,"PROPOSITION 1",,1,1,1,"FOR THE PROPOSITION - YES",,0,0,3,3,,
4/3/2012,"CLEVELAND","MUSTANG PUBLIC SCHOOLS",50908,"PROPOSITION 1",,1,1,2,"AGAINST THE PROPOSITION - NO",,0,0,6,6,,
4/3/2012,"CLEVELAND","MUSTANG PUBLIC SCHOOLS",50909,"PROPOSITION 2",,1,1,1,"FOR THE PROPOSITION - YES",,2,0,3,5,,
4/3/2012,"CLEVELAND","MUSTANG PUBLIC SCHOOLS",50909,"PROPOSITION 2",,1,1,2,"AGAINST THE PROPOSITION - NO",,0,0,6,6,,
4/3/2012,"COAL","STONEWALL PUBLIC SCHOOLS",56201,"PROPOSITION",,1,1,1,"FOR THE PROPOSITION - YES",,0,0,11,11,,
4/3/2012,"COAL","STONEWALL PUBLIC SCHOOLS",56201,"PROPOSITION",,1,1,2,"AGAINST THE PROPOSITION - NO",,0,0,2,2,,
4/3/2012,"COMANCHE","INDIAHOMA PUBLIC SCHOOLS",51601,"PROPOSITION",,3,3,1,"FOR THE PROPOSITION - YES",,0,0,121,121,,
4/3/2012,"COMANCHE","INDIAHOMA PUBLIC SCHOOLS",51601,"PROPOSITION",,3,3,2,"AGAINST THE PROPOSITION - NO",,0,0,3,3,,
4/3/2012,"COMANCHE","WALTERS PUBLIC SCHOOLS",51701,"PROPOSITION",,2,2,1,"FOR THE PROPOSITION - YES",,0,0,1,1,,
4/3/2012,"COMANCHE","WALTERS PUBLIC SCHOOLS",51701,"PROPOSITION",,2,2,2,"AGAINST THE PROPOSITION - NO",,0,0,0,0,,
4/3/2012,"COTTON","WALTERS PUBLIC SCHOOLS",51701,"PROPOSITION",,6,6,1,"FOR THE PROPOSITION - YES",,8,43,328,379,,
4/3/2012,"COTTON","WALTERS PUBLIC SCHOOLS",51701,"PROPOSITION",,6,6,2,"AGAINST THE PROPOSITION - NO",,6,6,121,133,,
4/3/2012,"CRAIG","VINITA PUBLIC SCHOOLS",51801,"PROPOSITION NO.1",,10,10,1,"FOR THE PROPOSITION - YES",,24,34,620,678,,
4/3/2012,"CRAIG","VINITA PUBLIC SCHOOLS",51801,"PROPOSITION NO.1",,10,10,2,"AGAINST THE PROPOSITION - NO",,2,8,109,119,,
4/3/2012,"CRAIG","VINITA PUBLIC SCHOOLS",51802,"PROPOSITION NO. 2",,10,10,1,"FOR THE PROPOSITION - YES",,24,35,604,663,,
4/3/2012,"CRAIG","VINITA PUBLIC SCHOOLS",51802,"PROPOSITION NO. 2",,10,10,2,"AGAINST THE PROPOSITION - NO",,2,7,133,142,,
4/3/2012,"CREEK","TOWN OF KIEFER",41901,"PROPOSITION",,1,1,1,"FOR THE PROPOSITION - YES",,0,0,55,55,,
4/3/2012,"CREEK","TOWN OF KIEFER",41901,"PROPOSITION",,1,1,2,"AGAINST THE PROPOSITION - NO",,0,0,14,14,,
4/3/2012,"CREEK","LONE STAR PUBLIC SCHOOL",51901,"PROPOSITION",,7,7,1,"FOR THE PROPOSITION - YES",,2,3,96,101,,
4/3/2012,"CREEK","LONE STAR PUBLIC SCHOOL",51901,"PROPOSITION",,7,7,2,"AGAINST THE PROPOSITION - NO",,1,2,6,9,,
4/3/2012,"CUSTER","THOMAS-FAY-CUSTER UNIFIED DIST",52001,"PROPOSITION",,7,7,1,"FOR THE PROPOSITION - YES",,7,0,195,202,,
4/3/2012,"CUSTER","THOMAS-FAY-CUSTER UNIFIED DIST",52001,"PROPOSITION",,7,7,2,"AGAINST THE PROPOSITION - NO",,4,0,37,41,,
4/3/2012,"DELAWARE","DELAWARE COUNTY",32101,"PROPOSITION",,22,22,1,"FOR THE PROPOSITION - YES",,145,241,6884,7270,,
4/3/2012,"DELAWARE","DELAWARE COUNTY",32101,"PROPOSITION",,22,22,2,"AGAINST THE PROPOSITION - NO",,29,10,476,515,,
4/3/2012,"DEWEY","THOMAS-FAY-CUSTER UNIFIED DIST",52001,"PROPOSITION",,3,3,1,"FOR THE PROPOSITION - YES",,1,0,8,9,,
4/3/2012,"DEWEY","THOMAS-FAY-CUSTER UNIFIED DIST",52001,"PROPOSITION",,3,3,2,"AGAINST THE PROPOSITION - NO",,7,0,3,10,,
4/3/2012,"DEWEY","SHARON-MUTUAL PUBLIC SCHOOLS",57701,"FOR INDEPENDENT SCHOOL BOARD MEMBER OFFICE NO. 2",,1,1,1,"SHIELA R. STEADMAN",,0,0,0,0,,
4/3/2012,"DEWEY","SHARON-MUTUAL PUBLIC SCHOOLS",57701,"FOR INDEPENDENT SCHOOL BOARD MEMBER OFFICE NO. 2",,1,1,2,"JONNA SCHMIDT",,0,0,0,0,,
4/3/2012,"ELLIS","SHATTUCK PUBLIC SCHOOLS",52301,"PROPOSITION",,5,5,1,"FOR THE PROPOSITION - YES",,12,11,341,364,,
4/3/2012,"ELLIS","SHATTUCK PUBLIC SCHOOLS",52301,"PROPOSITION",,5,5,2,"AGAINST THE PROPOSITION - NO",,5,5,171,181,,
4/3/2012,"GARFIELD","CITY OF GARBER",42401,"FOR MAYOR (UNEXPIRED TERM)",,1,1,1,"DANA DENNIS",,0,0,29,29,,
4/3/2012,"GARFIELD","CITY OF GARBER",42401,"FOR MAYOR (UNEXPIRED TERM)",,1,1,2,"CAROL TREKELL",,0,0,67,67,,
4/3/2012,"GARFIELD","TIMBERLAKE PUBLIC SCHOOLS",50201,"PROPOSITION NO. 1",,1,1,1,"FOR THE PROPOSITION - YES",,0,0,0,0,,
4/3/2012,"GARFIELD","TIMBERLAKE PUBLIC SCHOOLS",50201,"PROPOSITION NO. 1",,1,1,2,"AGAINST THE PROPOSITION - NO",,0,0,0,0,,
4/3/2012,"GARFIELD","TIMBERLAKE PUBLIC SCHOOLS",50202,"PROPOSITION NO. 2",,1,1,1,"FOR THE PROPOSITION - YES",,0,0,0,0,,
4/3/2012,"GARFIELD","TIMBERLAKE PUBLIC SCHOOLS",50202,"PROPOSITION NO. 2",,1,1,2,"AGAINST THE PROPOSITION - NO",,0,0,0,0,,
4/3/2012,"GARFIELD","TIMBERLAKE PUBLIC SCHOOLS",50203,"PROPOSITION NO. 3",,1,1,1,"FOR THE PROPOSITION - YES",,0,0,0,0,,
4/3/2012,"GARFIELD","TIMBERLAKE PUBLIC SCHOOLS",50203,"PROPOSITION NO. 3",,1,1,2,"AGAINST THE PROPOSITION - NO",,0,0,0,0,,
4/3/2012,"GARFIELD","CHISHOLM PUBLIC SCHOOLS",52401,"PROPOSITION NO. 1",,11,11,1,"FOR THE PROPOSITION - YES",,10,0,263,273,,
4/3/2012,"GARFIELD","CHISHOLM PUBLIC SCHOOLS",52401,"PROPOSITION NO. 1",,11,11,2,"AGAINST THE PROPOSITION - NO",,4,3,96,103,,
4/3/2012,"GARFIELD","CHISHOLM PUBLIC SCHOOLS",52402,"PROPOSITION NO. 2",,11,11,1,"FOR THE PROPOSITION - YES",,10,0,276,286,,
4/3/2012,"GARFIELD","CHISHOLM PUBLIC SCHOOLS",52402,"PROPOSITION NO. 2",,11,11,2,"AGAINST THE PROPOSITION - NO",,4,3,90,97,,
4/3/2012,"GARVIN","MAYSVILLE PUBLIC SCHOOLS",52501,"PROPOSITION",,2,2,1,"FOR THE PROPOSITION - YES",,1,2,125,128,,
4/3/2012,"GARVIN","MAYSVILLE PUBLIC SCHOOLS",52501,"PROPOSITION",,2,2,2,"AGAINST THE PROPOSITION - NO",,2,0,47,49,,
4/3/2012,"GARVIN","PAULS VALLEY PUBLIC SCHOOLS",52502,"PROPOSITION 1",,5,5,1,"FOR THE PROPOSITION - YES",,27,20,274,321,,
4/3/2012,"GARVIN","PAULS VALLEY PUBLIC SCHOOLS",52502,"PROPOSITION 1",,5,5,2,"AGAINST THE PROPOSITION - NO",,4,8,51,63,,
4/3/2012,"GARVIN","PAULS VALLEY PUBLIC SCHOOLS",52503,"PROPOSITION 2",,5,5,1,"FOR THE PROPOSITION - YES",,27,20,281,328,,
4/3/2012,"GARVIN","PAULS VALLEY PUBLIC SCHOOLS",52503,"PROPOSITION 2",,5,5,2,"AGAINST THE PROPOSITION - NO",,3,9,49,61,,
4/3/2012,"GARVIN","WYNNEWOOD PUBLIC SCHOOLS",52504,"PROPOSITION 1",,4,4,1,"FOR THE PROPOSITION - YES",,10,17,396,423,,
4/3/2012,"GARVIN","WYNNEWOOD PUBLIC SCHOOLS",52504,"PROPOSITION 1",,4,4,2,"AGAINST THE PROPOSITION - NO",,2,12,149,163,,
4/3/2012,"GARVIN","WYNNEWOOD PUBLIC SCHOOLS",52505,"PROPOSITION 2",,4,4,1,"FOR THE PROPOSITION - YES",,8,15,365,388,,
4/3/2012,"GARVIN","WYNNEWOOD PUBLIC SCHOOLS",52505,"PROPOSITION 2",,4,4,2,"AGAINST THE PROPOSITION - NO",,3,13,181,197,,
4/3/2012,"GARVIN","ALEX PUBLIC SCHOOLS",52601,"FOR INDEPENDENT SCHOOL BOARD MEMBER OFFICE NO. 2",,1,1,1,"DWAYNE HEFFINGTON",,0,0,0,0,,
4/3/2012,"GARVIN","ALEX PUBLIC SCHOOLS",52601,"FOR INDEPENDENT SCHOOL BOARD MEMBER OFFICE NO. 2",,1,1,2,"HOLLY OTEY",,0,0,0,0,,
4/3/2012,"GRADY","CEMENT PUBLIC SCHOOLS",50806,"FOR INDEPENDENT SCHOOL BOARD MEMBER OFFICE NO. 2",,2,2,1,"KAREN GLASS",,0,0,8,8,,
4/3/2012,"GRADY","CEMENT PUBLIC SCHOOLS",50806,"FOR INDEPENDENT SCHOOL BOARD MEMBER OFFICE NO. 2",,2,2,2,"KIMBEL E. ESTES",,0,0,5,5,,
4/3/2012,"GRADY","ALEX PUBLIC SCHOOLS",52601,"FOR INDEPENDENT SCHOOL BOARD MEMBER OFFICE NO. 2",,5,5,1,"DWAYNE HEFFINGTON",,0,2,60,62,,
4/3/2012,"GRADY","ALEX PUBLIC SCHOOLS",52601,"FOR INDEPENDENT SCHOOL BOARD MEMBER OFFICE NO. 2",,5,5,2,"HOLLY OTEY",,0,2,80,82,,
4/3/2012,"GRADY","AMBER-POCASSET PUBLIC SCHOOLS",52602,"PROPOSITION",,10,10,1,"FOR THE PROPOSITION - YES",,0,22,207,229,,
4/3/2012,"GRADY","AMBER-POCASSET PUBLIC SCHOOLS",52602,"PROPOSITION",,10,10,2,"AGAINST THE PROPOSITION - NO",,0,5,125,130,,
4/3/2012,"GRADY","RUSH SPRINGS PUBLIC SCHOOLS",52603,"PROPOSITION",,5,5,1,"FOR THE PROPOSITION - YES",,0,4,137,141,,
4/3/2012,"GRADY","RUSH SPRINGS PUBLIC SCHOOLS",52603,"PROPOSITION",,5,5,2,"AGAINST THE PROPOSITION - NO",,0,10,34,44,,
4/3/2012,"GRANT","TIMBERLAKE PUBLIC SCHOOLS",50201,"PROPOSITION NO. 1",,2,2,1,"FOR THE PROPOSITION - YES",,0,0,34,34,,
4/3/2012,"GRANT","TIMBERLAKE PUBLIC SCHOOLS",50201,"PROPOSITION NO. 1",,2,2,2,"AGAINST THE PROPOSITION - NO",,2,0,33,35,,
4/3/2012,"GRANT","TIMBERLAKE PUBLIC SCHOOLS",50202,"PROPOSITION NO. 2",,2,2,1,"FOR THE PROPOSITION - YES",,0,0,36,36,,
4/3/2012,"GRANT","TIMBERLAKE PUBLIC SCHOOLS",50202,"PROPOSITION NO. 2",,2,2,2,"AGAINST THE PROPOSITION - NO",,2,0,31,33,,
4/3/2012,"GRANT","TIMBERLAKE PUBLIC SCHOOLS",50203,"PROPOSITION NO. 3",,2,2,1,"FOR THE PROPOSITION - YES",,0,0,35,35,,
4/3/2012,"GRANT","TIMBERLAKE PUBLIC SCHOOLS",50203,"PROPOSITION NO. 3",,2,2,2,"AGAINST THE PROPOSITION - NO",,2,0,32,34,,
4/3/2012,"GREER","SAYRE PUBLIC SCHOOLS",50501,"PROPOSITION NO. 1",,2,2,1,"FOR THE PROPOSITION - YES",,0,0,0,0,,
4/3/2012,"GREER","SAYRE PUBLIC SCHOOLS",50501,"PROPOSITION NO. 1",,2,2,2,"AGAINST THE PROPOSITION - NO",,0,0,0,0,,
4/3/2012,"GREER","SAYRE PUBLIC SCHOOLS",50502,"PROPOSITION NO. 2",,2,2,1,"FOR THE PROPOSITION - YES",,0,0,0,0,,
4/3/2012,"GREER","SAYRE PUBLIC SCHOOLS",50502,"PROPOSITION NO. 2",,2,2,2,"AGAINST THE PROPOSITION - NO",,0,0,0,0,,
4/3/2012,"HUGHES","DUSTIN PUBLIC SCHOOLS",53201,"PROPOSITION",,2,2,1,"FOR THE DISPENSATION- YES",,0,0,53,53,,
4/3/2012,"HUGHES","DUSTIN PUBLIC SCHOOLS",53201,"PROPOSITION",,2,2,2,"AGAINST THE DISPENSATION- NO",,0,0,11,11,,
4/3/2012,"HUGHES","WES WATKINS TECHNOLOGY CENTER",53202,"FOR TECHNOLOGY CENTER BOARD MEMBER OFFICE NO. 4",,12,12,1,"RICHARD ROBINSON",,16,12,150,178,,
4/3/2012,"HUGHES","WES WATKINS TECHNOLOGY CENTER",53202,"FOR TECHNOLOGY CENTER BOARD MEMBER OFFICE NO. 4",,12,12,2,"DON CHESSER",,11,13,285,309,,
4/3/2012,"JEFFERSON","CITY OF WAURIKA",43401,"FOR COMMISSIONER, POSITION NO.1",,4,4,1,"BILL EVERETT",,1,7,64,72,,
4/3/2012,"JEFFERSON","CITY OF WAURIKA",43401,"FOR COMMISSIONER, POSITION NO.1",,4,4,2,"ANITA GOZA",,2,6,30,38,,
4/3/2012,"JOHNSTON","CITY OF TISHOMINGO",43501,"FOR COUNCILMEMBER, WARD NO. 4",,4,4,1,"JOYCE MEDINA",,3,15,97,115,,
4/3/2012,"JOHNSTON","CITY OF TISHOMINGO",43501,"FOR COUNCILMEMBER, WARD NO. 4",,4,4,2,"MICHAEL McCARTHY",,1,3,20,24,,
4/3/2012,"JOHNSTON","CITY OF TISHOMINGO",43501,"FOR COUNCILMEMBER, WARD NO. 4",,4,4,3,"MARCELLA A. LOCKE",,6,24,110,140,,
4/3/2012,"JOHNSTON","STONEWALL PUBLIC SCHOOLS",56201,"PROPOSITION",,1,1,1,"FOR THE PROPOSITION - YES",,0,0,10,10,,
4/3/2012,"JOHNSTON","STONEWALL PUBLIC SCHOOLS",56201,"PROPOSITION",,1,1,2,"AGAINST THE PROPOSITION - NO",,2,1,14,17,,
4/3/2012,"KAY","CITY OF PONCA CITY",43601,"PROPOSITION",,14,14,1,"FOR THE PROPOSITION - YES",,35,0,978,1013,,
4/3/2012,"KAY","CITY OF PONCA CITY",43601,"PROPOSITION",,14,14,2,"AGAINST THE PROPOSITION - NO",,8,0,172,180,,
4/3/2012,"KAY","BRAMAN PUBLIC SCHOOL",53601,"PROPOSITION",,2,2,1,"FOR THE CONSOLIDATION - YES",,3,0,87,90,,
4/3/2012,"KAY","BRAMAN PUBLIC SCHOOL",53601,"PROPOSITION",,2,2,2,"AGAINST THE CONSOLIDATION - NO",,0,0,57,57,,
4/3/2012,"KAY","NEWKIRK PUBLIC SCHOOLS",53604,"PROPOSITION",,6,6,1,"FOR THE CONSOLIDATION - YES",,30,0,151,181,,
4/3/2012,"KAY","NEWKIRK PUBLIC SCHOOLS",53604,"PROPOSITION",,6,6,2,"AGAINST THE CONSOLIDATION - NO",,3,0,18,21,,
4/3/2012,"KAY","TONKAWA PUBLIC SCHOOLS",53605,"PROPOSITION",,3,3,1,"FOR THE PROPOSITION - YES",,7,0,277,284,,
4/3/2012,"KAY","TONKAWA PUBLIC SCHOOLS",53605,"PROPOSITION",,3,3,2,"AGAINST THE PROPOSITION - NO",,3,0,129,132,,
4/3/2012,"KINGFISHER","KINGFISHER COUNTY",10002,"FOR STATE SENATOR DISTRICT 20 (UNEXPIRED TERM)",,10,10,1,"ANN AJ GRIFFIN",REP,18,21,401,440,,
4/3/2012,"KINGFISHER","KINGFISHER COUNTY",10002,"FOR STATE SENATOR DISTRICT 20 (UNEXPIRED TERM)",,10,10,2,"MAGNUS W.T. SCOTT, SR.",DEM,7,2,56,65,,
4/3/2012,"KINGFISHER","CITY OF PIEDMONT",40904,"FOR COUNCILMEMBER WARD 2",,1,1,1,"VERNON WOODS",,0,0,0,0,,
4/3/2012,"KINGFISHER","CITY OF PIEDMONT",40904,"FOR COUNCILMEMBER WARD 2",,1,1,2,"LEON H. MEYER",,0,0,0,0,,
4/3/2012,"KINGFISHER","OKARCHE PUBLIC SCHOOLS",53701,"FOR INDEPENDENT SCHOOL BOARD MEMBER OFFICE NO. 2",,4,4,1,"HEATHER NANCE",,0,4,99,103,,
4/3/2012,"KINGFISHER","OKARCHE PUBLIC SCHOOLS",53701,"FOR INDEPENDENT SCHOOL BOARD MEMBER OFFICE NO. 2",,4,4,2,"APRIL OWENS",,2,4,48,54,,
4/3/2012,"KIOWA","CARNEGIE PUBLIC SCHOOLS",50803,"FOR INDEPENDENT SCHOOL BOARD MEMBER OFFICE NO. 2",,1,1,1,"MISTY D. BOETTGER",,1,0,0,1,,
4/3/2012,"KIOWA","CARNEGIE PUBLIC SCHOOLS",50803,"FOR INDEPENDENT SCHOOL BOARD MEMBER OFFICE NO. 2",,1,1,2,"MARK S. TAYLOR",,6,0,0,6,,
4/3/2012,"KIOWA","INDIAHOMA PUBLIC SCHOOLS",51601,"PROPOSITION",,1,1,1,"FOR THE PROPOSITION - YES",,0,0,0,0,,
4/3/2012,"KIOWA","INDIAHOMA PUBLIC SCHOOLS",51601,"PROPOSITION",,1,1,2,"AGAINST THE PROPOSITION - NO",,0,0,0,0,,
4/3/2012,"LEFLORE","CITY OF POTEAU",44001,"PROPOSITION NO. 4",,12,12,1,"FOR THE PROPOSITION - YES",,13,30,390,433,,
4/3/2012,"LEFLORE","CITY OF POTEAU",44001,"PROPOSITION NO. 4",,12,12,2,"AGAINST THE PROPOSITION - NO",,5,29,356,390,,
4/3/2012,"LEFLORE","BOKOSHE PUBLIC SCHOOLS",54001,"FOR INDEPENDENT SCHOOL BOARD MEMBER OFFICE NO. 2",,6,6,1,"GERALD LEE CONWAY JR",,0,0,68,68,,
4/3/2012,"LEFLORE","BOKOSHE PUBLIC SCHOOLS",54001,"FOR INDEPENDENT SCHOOL BOARD MEMBER OFFICE NO. 2",,6,6,2,"NIKKI  CARTER",,0,2,75,77,,
4/3/2012,"LEFLORE","SHADY POINT PUBLIC SCHOOL",54002,"PROPOSITION",,3,3,1,"FOR THE PROPOSITION - YES",,1,1,28,30,,
4/3/2012,"LEFLORE","SHADY POINT PUBLIC SCHOOL",54002,"PROPOSITION",,3,3,2,"AGAINST THE PROPOSITION - NO",,0,0,45,45,,
4/3/2012,"LINCOLN","WELLSTON PUBLIC SCHOOLS",54101,"FOR INDEPENDENT SCHOOL BOARD MEMBER OFFICE NO. 2",,4,4,1,"KEVIN W. WALLACE",,5,1,74,80,,
4/3/2012,"LINCOLN","WELLSTON PUBLIC SCHOOLS",54101,"FOR INDEPENDENT SCHOOL BOARD MEMBER OFFICE NO. 2",,4,4,2,"AMANDA KAY TILLISON",,5,1,137,143,,
4/3/2012,"LINCOLN","CHANDLER PUBLIC SCHOOLS",54102,"PROPOSITION",,9,9,1,"FOR THE PROPOSITION - YES",,9,38,210,257,,
4/3/2012,"LINCOLN","CHANDLER PUBLIC SCHOOLS",54102,"PROPOSITION",,9,9,2,"AGAINST THE PROPOSITION - NO",,8,6,28,42,,
4/3/2012,"LINCOLN","LUTHER SCHOOL DISTRICT",55501,"PROPOSITION",,2,2,1,"FOR THE PROPOSITION - YES",,0,0,4,4,,
4/3/2012,"LINCOLN","LUTHER SCHOOL DISTRICT",55501,"PROPOSITION",,2,2,2,"AGAINST THE PROPOSITION - NO",,0,0,0,0,,
4/3/2012,"LINCOLN","CUSHING PUBLIC SCHOOLS",56002,"PROPOSITION",,2,2,1,"FOR THE PROPOSITION - YES",,2,0,10,12,,
4/3/2012,"LINCOLN","CUSHING PUBLIC SCHOOLS",56002,"PROPOSITION",,2,2,2,"AGAINST THE PROPOSITION - NO",,0,0,7,7,,
4/3/2012,"LOGAN","LOGAN COUNTY",10002,"FOR STATE SENATOR DISTRICT 20 (UNEXPIRED TERM)",,22,22,1,"ANN AJ GRIFFIN",REP,116,171,1449,1736,,
4/3/2012,"LOGAN","LOGAN COUNTY",10002,"FOR STATE SENATOR DISTRICT 20 (UNEXPIRED TERM)",,22,22,2,"MAGNUS W.T. SCOTT, SR.",DEM,40,47,378,465,,
4/3/2012,"LOGAN","WELLSTON PUBLIC SCHOOLS",54101,"FOR INDEPENDENT SCHOOL BOARD MEMBER OFFICE NO. 2",,1,1,1,"KEVIN W. WALLACE",,0,0,0,0,,
4/3/2012,"LOGAN","WELLSTON PUBLIC SCHOOLS",54101,"FOR INDEPENDENT SCHOOL BOARD MEMBER OFFICE NO. 2",,1,1,2,"AMANDA KAY TILLISON",,2,0,0,2,,
4/3/2012,"LOGAN","LUTHER SCHOOL DISTRICT",55501,"PROPOSITION",,2,2,1,"FOR THE PROPOSITION - YES",,2,0,6,8,,
4/3/2012,"LOGAN","LUTHER SCHOOL DISTRICT",55501,"PROPOSITION",,2,2,2,"AGAINST THE PROPOSITION - NO",,10,0,12,22,,
4/3/2012,"LOVE","MARIETTA PUBLIC SCHOOLS",54301,"FOR INDEPENDENT SCHOOL BOARD MEMBER OFFICE NO. 2",,5,5,1,"GREG HAMBRICK",,0,16,178,194,,
4/3/2012,"LOVE","MARIETTA PUBLIC SCHOOLS",54301,"FOR INDEPENDENT SCHOOL BOARD MEMBER OFFICE NO. 2",,5,5,2,"RONNIE MOORE",,1,11,218,230,,
4/3/2012,"MCCLAIN","MAYSVILLE PUBLIC SCHOOLS",52501,"PROPOSITION",,2,2,1,"FOR THE PROPOSITION - YES",,7,0,2,9,,
4/3/2012,"MCCLAIN","MAYSVILLE PUBLIC SCHOOLS",52501,"PROPOSITION",,2,2,2,"AGAINST THE PROPOSITION - NO",,0,0,1,1,,
4/3/2012,"MCCLAIN","ALEX PUBLIC SCHOOLS",52601,"FOR INDEPENDENT SCHOOL BOARD MEMBER OFFICE NO. 2",,1,1,1,"DWAYNE HEFFINGTON",,2,0,1,3,,
4/3/2012,"MCCLAIN","ALEX PUBLIC SCHOOLS",52601,"FOR INDEPENDENT SCHOOL BOARD MEMBER OFFICE NO. 2",,1,1,2,"HOLLY OTEY",,0,0,0,0,,
4/3/2012,"MCCURTAIN","TOWN OF VALLIANT",44501,"PROPOSITION",,2,2,1,"FOR THE PROPOSITION - YES",,1,1,76,78,,
4/3/2012,"MCCURTAIN","TOWN OF VALLIANT",44501,"PROPOSITION",,2,2,2,"AGAINST THE PROPOSITION - NO",,0,0,8,8,,
4/3/2012,"MCCURTAIN","BROKEN BOW PUBLIC SCHOOLS",54501,"FOR INDEPENDENT SCHOOL BOARD MEMBER OFFICE NO. 2",,8,8,1,"RALPH PIPER",,8,0,306,314,,
4/3/2012,"MCCURTAIN","BROKEN BOW PUBLIC SCHOOLS",54501,"FOR INDEPENDENT SCHOOL BOARD MEMBER OFFICE NO. 2",,8,8,2,"CLARK WRATHER",,6,6,232,244,,
4/3/2012,"MCCURTAIN","BROKEN BOW PUBLIC SCHOOLS",54502,"PROPOSITION",,8,8,1,"FOR THE PROPOSITION - YES",,13,3,419,435,,
4/3/2012,"MCCURTAIN","BROKEN BOW PUBLIC SCHOOLS",54502,"PROPOSITION",,8,8,2,"AGAINST THE PROPOSITION - NO",,2,3,118,123,,
4/3/2012,"MCCURTAIN","EAGLETOWN PUBLIC SCHOOLS",54503,"PROPOSITION",,5,5,1,"FOR THE PROPOSITION - YES",,0,0,111,111,,
4/3/2012,"MCCURTAIN","EAGLETOWN PUBLIC SCHOOLS",54503,"PROPOSITION",,5,5,2,"AGAINST THE PROPOSITION - NO",,0,0,9,9,,
4/3/2012,"MCCURTAIN","GLOVER PUBLIC SCHOOL",54504,"PROPOSITION",,3,3,1,"FOR THE PROPOSITION - YES",,0,0,25,25,,
4/3/2012,"MCCURTAIN","GLOVER PUBLIC SCHOOL",54504,"PROPOSITION",,3,3,2,"AGAINST THE PROPOSITION - NO",,0,0,8,8,,
4/3/2012,"MCCURTAIN","VALLIANT PUBLIC SCHOOLS",54505,"FOR INDEPENDENT SCHOOL BOARD MEMBER OFFICE NO. 2",,7,7,1,"BRAD DANSBY",,1,4,158,163,,
4/3/2012,"MCCURTAIN","VALLIANT PUBLIC SCHOOLS",54505,"FOR INDEPENDENT SCHOOL BOARD MEMBER OFFICE NO. 2",,7,7,2,"BECKY SARGENT",,1,8,205,214,,
4/3/2012,"MCINTOSH","DUSTIN PUBLIC SCHOOLS",53201,"PROPOSITION",,1,1,1,"FOR THE DISPENSATION- YES",,0,0,2,2,,
4/3/2012,"MCINTOSH","DUSTIN PUBLIC SCHOOLS",53201,"PROPOSITION",,1,1,2,"AGAINST THE DISPENSATION- NO",,0,0,0,0,,
4/3/2012,"MCINTOSH","WES WATKINS TECHNOLOGY CENTER",53202,"FOR TECHNOLOGY CENTER BOARD MEMBER OFFICE NO. 4",,3,3,1,"RICHARD ROBINSON",,0,0,3,3,,
4/3/2012,"MCINTOSH","WES WATKINS TECHNOLOGY CENTER",53202,"FOR TECHNOLOGY CENTER BOARD MEMBER OFFICE NO. 4",,3,3,2,"DON CHESSER",,0,0,50,50,,
4/3/2012,"MCINTOSH","MIDWAY PUBLIC SCHOOLS",54601,"FOR INDEPENDENT SCHOOL BOARD MEMBER OFFICE NO. 2",,2,2,1,"PAULETTE BARNES",,0,0,78,78,,
4/3/2012,"MCINTOSH","MIDWAY PUBLIC SCHOOLS",54601,"FOR INDEPENDENT SCHOOL BOARD MEMBER OFFICE NO. 2",,2,2,2,"GARY DUVALL",,0,0,78,78,,
4/3/2012,"MAJOR","TIMBERLAKE PUBLIC SCHOOLS",50201,"PROPOSITION NO. 1",,1,1,1,"FOR THE PROPOSITION - YES",,0,0,0,0,,
4/3/2012,"MAJOR","TIMBERLAKE PUBLIC SCHOOLS",50201,"PROPOSITION NO. 1",,1,1,2,"AGAINST THE PROPOSITION - NO",,0,0,0,0,,
4/3/2012,"MAJOR","TIMBERLAKE PUBLIC SCHOOLS",50202,"PROPOSITION NO. 2",,1,1,1,"FOR THE PROPOSITION - YES",,0,0,0,0,,
4/3/2012,"MAJOR","TIMBERLAKE PUBLIC SCHOOLS",50202,"PROPOSITION NO. 2",,1,1,2,"AGAINST THE PROPOSITION - NO",,0,0,0,0,,
4/3/2012,"MAJOR","TIMBERLAKE PUBLIC SCHOOLS",50203,"PROPOSITION NO. 3",,1,1,1,"FOR THE PROPOSITION - YES",,0,0,0,0,,
4/3/2012,"MAJOR","TIMBERLAKE PUBLIC SCHOOLS",50203,"PROPOSITION NO. 3",,1,1,2,"AGAINST THE PROPOSITION - NO",,0,0,0,0,,
4/3/2012,"MAJOR","CHISHOLM PUBLIC SCHOOLS",52401,"PROPOSITION NO. 1",,1,1,1,"FOR THE PROPOSITION - YES",,0,0,0,0,,
4/3/2012,"MAJOR","CHISHOLM PUBLIC SCHOOLS",52401,"PROPOSITION NO. 1",,1,1,2,"AGAINST THE PROPOSITION - NO",,0,0,0,0,,
4/3/2012,"MAJOR","CHISHOLM PUBLIC SCHOOLS",52402,"PROPOSITION NO. 2",,1,1,1,"FOR THE PROPOSITION - YES",,0,0,0,0,,
4/3/2012,"MAJOR","CHISHOLM PUBLIC SCHOOLS",52402,"PROPOSITION NO. 2",,1,1,2,"AGAINST THE PROPOSITION - NO",,0,0,0,0,,
4/3/2012,"MARSHALL","CITY OF MADILL",44801,"FOR COUNCILMEMBER PLACE 4",,4,4,1,"ROBERT LOWE",,6,7,140,153,,
4/3/2012,"MARSHALL","CITY OF MADILL",44801,"FOR COUNCILMEMBER PLACE 4",,4,4,2,"TRAVIS WILLIAMS",,5,8,112,125,,
4/3/2012,"MARSHALL","CITY OF MADILL",44802,"FOR COUNCILMEMBER PLACE 5",,4,4,1,"GUY N. BEASLEY",,4,6,89,99,,
4/3/2012,"MARSHALL","CITY OF MADILL",44802,"FOR COUNCILMEMBER PLACE 5",,4,4,2,"LEESA K. STANLEY",,7,9,167,183,,
4/3/2012,"MARSHALL","CITY OF MADILL",44803,"PROPOSITION",,4,4,1,"FOR THE PROPOSITION - YES",,6,5,188,199,,
4/3/2012,"MARSHALL","CITY OF MADILL",44803,"PROPOSITION",,4,4,2,"AGAINST THE PROPOSITION - NO",,4,9,62,75,,
4/3/2012,"MAYES","CITY OF PRYOR CREEK",44905,"FOR COUNCILMEMBER WARD 1 (UNEXPIRED TERM)",,2,2,1,"ROGER WILLCUTT",,4,3,74,81,,
4/3/2012,"MAYES","CITY OF PRYOR CREEK",44905,"FOR COUNCILMEMBER WARD 1 (UNEXPIRED TERM)",,2,2,2,"WILLARD JR BUCHANAN",,2,3,58,63,,
4/3/2012,"MAYES","VINITA PUBLIC SCHOOLS",51801,"PROPOSITION NO.1",,2,2,1,"FOR THE PROPOSITION - YES",,0,0,3,3,,
4/3/2012,"MAYES","VINITA PUBLIC SCHOOLS",51801,"PROPOSITION NO.1",,2,2,2,"AGAINST THE PROPOSITION - NO",,0,0,6,6,,
4/3/2012,"MAYES","VINITA PUBLIC SCHOOLS",51802,"PROPOSITION NO. 2",,2,2,1,"FOR THE PROPOSITION - YES",,0,0,3,3,,
4/3/2012,"MAYES","VINITA PUBLIC SCHOOLS",51802,"PROPOSITION NO. 2",,2,2,2,"AGAINST THE PROPOSITION - NO",,0,0,6,6,,
4/3/2012,"MAYES","PRYOR PUBLIC SCHOOLS",54901,"PROPOSITION NO. 1",,11,11,1,"FOR THE PROPOSITION - YES",,12,52,584,648,,
4/3/2012,"MAYES","PRYOR PUBLIC SCHOOLS",54901,"PROPOSITION NO. 1",,11,11,2,"AGAINST THE PROPOSITION - NO",,12,14,281,307,,
4/3/2012,"MAYES","PRYOR PUBLIC SCHOOLS",54902,"PROPOSITION NO. 2",,11,11,1,"FOR THE PROPOSITION - YES",,14,53,580,647,,
4/3/2012,"MAYES","PRYOR PUBLIC SCHOOLS",54902,"PROPOSITION NO. 2",,11,11,2,"AGAINST THE PROPOSITION - NO",,9,13,294,316,,
4/3/2012,"MURRAY","CITY OF SULPHUR",45001,"FOR COUNCILMAN WARD 3",,4,4,1,"DALE CRAWFORD",,3,12,81,96,,
4/3/2012,"MURRAY","CITY OF SULPHUR",45001,"FOR COUNCILMAN WARD 3",,4,4,2,"DARRYL CARTER",,4,16,81,101,,
4/3/2012,"MURRAY","WYNNEWOOD PUBLIC SCHOOLS",52504,"PROPOSITION 1",,2,2,1,"FOR THE PROPOSITION - YES",,1,0,45,46,,
4/3/2012,"MURRAY","WYNNEWOOD PUBLIC SCHOOLS",52504,"PROPOSITION 1",,2,2,2,"AGAINST THE PROPOSITION - NO",,3,0,34,37,,
4/3/2012,"MURRAY","WYNNEWOOD PUBLIC SCHOOLS",52505,"PROPOSITION 2",,2,2,1,"FOR THE PROPOSITION - YES",,1,0,39,40,,
4/3/2012,"MURRAY","WYNNEWOOD PUBLIC SCHOOLS",52505,"PROPOSITION 2",,2,2,2,"AGAINST THE PROPOSITION - NO",,3,0,40,43,,
4/3/2012,"MUSKOGEE","CITY OF MUSKOGEE",45102,"FOR CITY COUNCIL WARD 1",,15,15,1,"GARY KENNETH COOPER, JR.",,17,79,1035,1131,,
4/3/2012,"MUSKOGEE","CITY OF MUSKOGEE",45102,"FOR CITY COUNCIL WARD 1",,15,15,2,"LEE ANN LANGSTON",,20,123,1235,1378,,
4/3/2012,"MUSKOGEE","CITY OF MUSKOGEE",45103,"FOR CITY COUNCIL WARD 2",,15,15,1,"DANIEL RAY HALL",,20,91,1247,1358,,
4/3/2012,"MUSKOGEE","CITY OF MUSKOGEE",45103,"FOR CITY COUNCIL WARD 2",,15,15,2,"CHARLES SHAWN RAPER",,16,109,1036,1161,,
4/3/2012,"MUSKOGEE","CITY OF MUSKOGEE",45104,"FOR CITY COUNCIL WARD 3",,15,15,1,"DALE LeROY D. BOOTS, JR.",,13,75,927,1015,,
4/3/2012,"MUSKOGEE","CITY OF MUSKOGEE",45104,"FOR CITY COUNCIL WARD 3",,15,15,2,"DERRICK ALBERT REED",,23,127,1352,1502,,
4/3/2012,"MUSKOGEE","MIDWAY PUBLIC SCHOOLS",54601,"FOR INDEPENDENT SCHOOL BOARD MEMBER OFFICE NO. 2",,3,3,1,"PAULETTE BARNES",,0,0,40,40,,
4/3/2012,"MUSKOGEE","MIDWAY PUBLIC SCHOOLS",54601,"FOR INDEPENDENT SCHOOL BOARD MEMBER OFFICE NO. 2",,3,3,2,"GARY DUVALL",,0,1,58,59,,
4/3/2012,"MUSKOGEE","PORUM PUBLIC SCHOOLS",55101,"PROPOSITION",,1,1,1,"FOR THE PROPOSITION - YES",,0,0,112,112,,
4/3/2012,"MUSKOGEE","PORUM PUBLIC SCHOOLS",55101,"PROPOSITION",,1,1,2,"AGAINST THE PROPOSITION - NO",,1,1,50,52,,
4/3/2012,"NOBLE","NOBLE COUNTY",10002,"FOR STATE SENATOR DISTRICT 20 (UNEXPIRED TERM)",,12,12,1,"ANN AJ GRIFFIN",REP,28,79,454,561,,
4/3/2012,"NOBLE","NOBLE COUNTY",10002,"FOR STATE SENATOR DISTRICT 20 (UNEXPIRED TERM)",,12,12,2,"MAGNUS W.T. SCOTT, SR.",DEM,9,18,107,134,,
4/3/2012,"NOBLE","TONKAWA PUBLIC SCHOOLS",53605,"PROPOSITION",,1,1,1,"FOR THE PROPOSITION - YES",,0,0,0,0,,
4/3/2012,"NOBLE","TONKAWA PUBLIC SCHOOLS",53605,"PROPOSITION",,1,1,2,"AGAINST THE PROPOSITION - NO",,0,0,0,0,,
4/3/2012,"NOBLE","GLENCOE PUBLIC SCHOOLS",56001,"PROPOSITION NO. 1",,1,1,1,"FOR THE PROPOSITION - YES",,0,0,2,2,,
4/3/2012,"NOBLE","GLENCOE PUBLIC SCHOOLS",56001,"PROPOSITION NO. 1",,1,1,2,"AGAINST THE PROPOSITION - NO",,0,0,3,3,,
4/3/2012,"NOBLE","GLENCOE PUBLIC SCHOOLS",56003,"PROPOSTION NO. 2",,1,1,1,"FOR THE PROPOSITION - YES",,0,0,3,3,,
4/3/2012,"NOBLE","GLENCOE PUBLIC SCHOOLS",56003,"PROPOSTION NO. 2",,1,1,2,"AGAINST THE PROPOSITION - NO",,0,0,2,2,,
4/3/2012,"NOWATA","CITY OF NOWATA",45301,"FOR COMMISSIONER AT LARGE (UNEXPIRED TERM)",,4,4,1,"STEVE KLOEHR",,0,4,49,53,,
4/3/2012,"NOWATA","CITY OF NOWATA",45301,"FOR COMMISSIONER AT LARGE (UNEXPIRED TERM)",,4,4,2,"DAVID A. LYNN",,2,60,468,530,,
4/3/2012,"NOWATA","CITY OF NOWATA",45302,"FOR COMMISSIONER WARD 1 (UNEXPIRED TERM)",,4,4,1,"THOMAS J. PIERSON",,2,1,15,18,,
4/3/2012,"NOWATA","CITY OF NOWATA",45302,"FOR COMMISSIONER WARD 1 (UNEXPIRED TERM)",,4,4,2,"WAIMONE HOLLENSHEAD",,0,0,23,23,,
4/3/2012,"NOWATA","CITY OF NOWATA",45302,"FOR COMMISSIONER WARD 1 (UNEXPIRED TERM)",,4,4,3,"FRED W BARROWMAN",,0,12,92,104,,
4/3/2012,"NOWATA","CITY OF NOWATA",45304,"FOR COMMISSIONER WARD 4 (UNEXPIRED TERM)",,2,2,1,"KARON MILLER",,0,11,79,90,,
4/3/2012,"NOWATA","CITY OF NOWATA",45304,"FOR COMMISSIONER WARD 4 (UNEXPIRED TERM)",,2,2,2,"ED WILSON",,0,1,36,37,,
4/3/2012,"NOWATA","CITY OF NOWATA",45304,"FOR COMMISSIONER WARD 4 (UNEXPIRED TERM)",,2,2,3,"LONNIE THOMAS KEEN SR.",,0,0,12,12,,
4/3/2012,"NOWATA","CITY OF NOWATA",45306,"PROPOSITION",,4,4,1,"FOR THE PROPOSITION - YES",,1,10,114,125,,
4/3/2012,"NOWATA","CITY OF NOWATA",45306,"PROPOSITION",,4,4,2,"AGAINST THE PROPOSITION - NO",,1,54,385,440,,
4/3/2012,"NOWATA","SOUTH COFFEYVILLE SCHOOLS",55301,"PROPOSITION NO. 1",,3,3,1,"FOR THE PROPOSITION - YES",,9,0,47,56,,
4/3/2012,"NOWATA","SOUTH COFFEYVILLE SCHOOLS",55301,"PROPOSITION NO. 1",,3,3,2,"AGAINST THE PROPOSITION - NO",,4,0,71,75,,
4/3/2012,"NOWATA","SOUTH COFFEYVILLE SCHOOLS",55302,"PROPOSITION NO. 2",,3,3,1,"FOR THE PROPOSITION - YES",,8,0,53,61,,
4/3/2012,"NOWATA","SOUTH COFFEYVILLE SCHOOLS",55302,"PROPOSITION NO. 2",,3,3,2,"AGAINST THE PROPOSITION - NO",,5,0,66,71,,
4/3/2012,"OKFUSKEE","WES WATKINS TECHNOLOGY CENTER",53202,"FOR TECHNOLOGY CENTER BOARD MEMBER OFFICE NO. 4",,13,13,1,"RICHARD ROBINSON",,9,10,70,89,,
4/3/2012,"OKFUSKEE","WES WATKINS TECHNOLOGY CENTER",53202,"FOR TECHNOLOGY CENTER BOARD MEMBER OFFICE NO. 4",,13,13,2,"DON CHESSER",,7,17,108,132,,
4/3/2012,"OKLAHOMA","MUSTANG PUBLIC SCHOOLS",50908,"PROPOSITION 1",,2,2,1,"FOR THE PROPOSITION - YES",,2,0,41,43,,
4/3/2012,"OKLAHOMA","MUSTANG PUBLIC SCHOOLS",50908,"PROPOSITION 1",,2,2,2,"AGAINST THE PROPOSITION - NO",,0,0,36,36,,
4/3/2012,"OKLAHOMA","MUSTANG PUBLIC SCHOOLS",50909,"PROPOSITION 2",,2,2,1,"FOR THE PROPOSITION - YES",,2,0,44,46,,
4/3/2012,"OKLAHOMA","MUSTANG PUBLIC SCHOOLS",50909,"PROPOSITION 2",,2,2,2,"AGAINST THE PROPOSITION - NO",,0,0,32,32,,
4/3/2012,"OKLAHOMA","LUTHER SCHOOL DISTRICT",55501,"PROPOSITION",,5,5,1,"FOR THE PROPOSITION - YES",,7,0,162,169,,
4/3/2012,"OKLAHOMA","LUTHER SCHOOL DISTRICT",55501,"PROPOSITION",,5,5,2,"AGAINST THE PROPOSITION - NO",,8,1,78,87,,
4/3/2012,"OKLAHOMA","JONES PUBLIC SCHOOLS",55502,"FOR INDEPENDENT SCHOOL BOARD MEMBER OFFICE NO. 2",,10,10,1,"ERIC WILLIAMS",,5,1,124,130,,
4/3/2012,"OKLAHOMA","JONES PUBLIC SCHOOLS",55502,"FOR INDEPENDENT SCHOOL BOARD MEMBER OFFICE NO. 2",,10,10,2,"GARY W. BELL",,5,0,78,83,,
4/3/2012,"OKMULGEE","WES WATKINS TECHNOLOGY CENTER",53202,"FOR TECHNOLOGY CENTER BOARD MEMBER OFFICE NO. 4",,2,2,1,"RICHARD ROBINSON",,0,0,0,0,,
4/3/2012,"OKMULGEE","WES WATKINS TECHNOLOGY CENTER",53202,"FOR TECHNOLOGY CENTER BOARD MEMBER OFFICE NO. 4",,2,2,2,"DON CHESSER",,0,0,0,0,,
4/3/2012,"OKMULGEE","MIDWAY PUBLIC SCHOOLS",54601,"FOR INDEPENDENT SCHOOL BOARD MEMBER OFFICE NO. 2",,1,1,1,"PAULETTE BARNES",,0,0,0,0,,
4/3/2012,"OKMULGEE","MIDWAY PUBLIC SCHOOLS",54601,"FOR INDEPENDENT SCHOOL BOARD MEMBER OFFICE NO. 2",,1,1,2,"GARY DUVALL",,0,0,0,0,,
4/3/2012,"OSAGE","MCCORD PUBLIC SCHOOL",55701,"PROPOSITION NO.1",,2,2,1,"FOR THE PROPOSITION - YES",,0,0,42,42,,
4/3/2012,"OSAGE","MCCORD PUBLIC SCHOOL",55701,"PROPOSITION NO.1",,2,2,2,"AGAINST THE PROPOSITION - NO",,1,0,33,34,,
4/3/2012,"OSAGE","MCCORD PUBLIC SCHOOL",55702,"PROPOSITION NO.2",,2,2,1,"FOR THE PROPOSITION - YES",,0,0,45,45,,
4/3/2012,"OSAGE","MCCORD PUBLIC SCHOOL",55702,"PROPOSITION NO.2",,2,2,2,"AGAINST THE PROPOSITION - NO",,1,0,32,33,,
4/3/2012,"OSAGE","OSAGE HILLS PUBLIC SCHOOL",55703,"PROPOSITION",,1,1,1,"FOR THE PROPOSITION - YES",,0,0,32,32,,
4/3/2012,"OSAGE","OSAGE HILLS PUBLIC SCHOOL",55703,"PROPOSITION",,1,1,2,"AGAINST THE PROPOSITION - NO",,0,0,7,7,,
4/3/2012,"OSAGE","CANEY VALLEY PUBLIC SCHOOLS",57401,"PROPOSITION 1",,1,1,1,"FOR THE PROPOSITION - YES",,0,0,5,5,,
4/3/2012,"OSAGE","CANEY VALLEY PUBLIC SCHOOLS",57401,"PROPOSITION 1",,1,1,2,"AGAINST THE PROPOSITION - NO",,0,0,2,2,,
4/3/2012,"OSAGE","CANEY VALLEY PUBLIC SCHOOLS",57402,"PROPOSITION 2",,1,1,1,"FOR THE PROPOSITION - YES",,0,0,7,7,,
4/3/2012,"OSAGE","CANEY VALLEY PUBLIC SCHOOLS",57402,"PROPOSITION 2",,1,1,2,"AGAINST THE PROPOSITION - NO",,0,0,0,0,,
4/3/2012,"OTTAWA","TOWN OF FAIRLAND",45803,"FOR BOARD OF TRUSTEES, OFFICE NO. 5 (UNEXPIRED TERM)",,1,1,1,"LYNNE M. MEEK",,0,0,11,11,,
4/3/2012,"OTTAWA","TOWN OF FAIRLAND",45803,"FOR BOARD OF TRUSTEES, OFFICE NO. 5 (UNEXPIRED TERM)",,1,1,2,"WILLIAM LUNSFORD",,1,0,51,52,,
4/3/2012,"OTTAWA","CITY OF MIAMI",45804,"FOR COUNCILMEMBER, WARD NO. 3",,4,4,1,"TERRY L. ATKINSON",,3,3,172,178,,
4/3/2012,"OTTAWA","CITY OF MIAMI",45804,"FOR COUNCILMEMBER, WARD NO. 3",,4,4,2,"NEAL JOHNSON",,0,6,194,200,,
4/3/2012,"OTTAWA","CITY OF MIAMI",45805,"FOR COUNCILMEMBER, WARD NO.  4",,3,3,1,"JOHN DALGARN",,3,1,54,58,,
4/3/2012,"OTTAWA","CITY OF MIAMI",45805,"FOR COUNCILMEMBER, WARD NO.  4",,3,3,2,"JOE SHARBUTT",,2,4,154,160,,
4/3/2012,"PAWNEE","PAWNEE COUNTY",10002,"FOR STATE SENATOR DISTRICT 20 (UNEXPIRED TERM)",,10,10,1,"ANN AJ GRIFFIN",REP,18,17,279,314,,
4/3/2012,"PAWNEE","PAWNEE COUNTY",10002,"FOR STATE SENATOR DISTRICT 20 (UNEXPIRED TERM)",,10,10,2,"MAGNUS W.T. SCOTT, SR.",DEM,16,19,108,143,,
4/3/2012,"PAWNEE","GLENCOE PUBLIC SCHOOLS",56001,"PROPOSITION NO. 1",,1,1,1,"FOR THE PROPOSITION - YES",,0,0,8,8,,
4/3/2012,"PAWNEE","GLENCOE PUBLIC SCHOOLS",56001,"PROPOSITION NO. 1",,1,1,2,"AGAINST THE PROPOSITION - NO",,0,0,3,3,,
4/3/2012,"PAWNEE","GLENCOE PUBLIC SCHOOLS",56003,"PROPOSTION NO. 2",,1,1,1,"FOR THE PROPOSITION - YES",,0,0,7,7,,
4/3/2012,"PAWNEE","GLENCOE PUBLIC SCHOOLS",56003,"PROPOSTION NO. 2",,1,1,2,"AGAINST THE PROPOSITION - NO",,0,0,4,4,,
4/3/2012,"PAYNE","PAYNE COUNTY",20601,"FOR COUNTY COMMISSIONER DISTRICT NO. 1 (UNEXPIRED TERM)",,11,11,1,"ZACHARY CAVETT",REP,26,15,1316,1357,,
4/3/2012,"PAYNE","PAYNE COUNTY",20601,"FOR COUNTY COMMISSIONER DISTRICT NO. 1 (UNEXPIRED TERM)",,11,11,2,"NOEL F. BAGWELL",DEM,33,31,957,1021,,
4/3/2012,"PAYNE","CITY OF CUSHING",46001,"FOR COMMISSION OFFICE NO. 1",,4,4,1,"JAMES ROY PICKARD",,6,1,398,405,,
4/3/2012,"PAYNE","CITY OF CUSHING",46001,"FOR COMMISSION OFFICE NO. 1",,4,4,2,"EVERT ROSSITER",,5,5,618,628,,
4/3/2012,"PAYNE","CITY OF CUSHING",46002,"FOR COMMISSION OFFICE NO. 2",,4,4,1,"JOE R. MANNING, JR.",,4,3,698,705,,
4/3/2012,"PAYNE","CITY OF CUSHING",46002,"FOR COMMISSION OFFICE NO. 2",,4,4,2,"JAMES B. REE",,7,4,323,334,,
4/3/2012,"PAYNE","GLENCOE PUBLIC SCHOOLS",56001,"PROPOSITION NO. 1",,4,4,1,"FOR THE PROPOSITION - YES",,2,5,209,216,,
4/3/2012,"PAYNE","GLENCOE PUBLIC SCHOOLS",56001,"PROPOSITION NO. 1",,4,4,2,"AGAINST THE PROPOSITION - NO",,4,1,95,100,,
4/3/2012,"PAYNE","CUSHING PUBLIC SCHOOLS",56002,"PROPOSITION",,5,5,1,"FOR THE PROPOSITION - YES",,15,4,687,706,,
4/3/2012,"PAYNE","CUSHING PUBLIC SCHOOLS",56002,"PROPOSITION",,5,5,2,"AGAINST THE PROPOSITION - NO",,8,7,677,692,,
4/3/2012,"PAYNE","GLENCOE PUBLIC SCHOOLS",56003,"PROPOSTION NO. 2",,4,4,1,"FOR THE PROPOSITION - YES",,2,5,230,237,,
4/3/2012,"PAYNE","GLENCOE PUBLIC SCHOOLS",56003,"PROPOSTION NO. 2",,4,4,2,"AGAINST THE PROPOSITION - NO",,4,1,72,77,,
4/3/2012,"PONTOTOC","PONTOTOC COUNTY",36201,"PROPOSITION",,21,21,1,"FOR THE PROPOSITION - YES",,39,37,1387,1463,,
4/3/2012,"PONTOTOC","PONTOTOC COUNTY",36201,"PROPOSITION",,21,21,2,"AGAINST THE PROPOSITION - NO",,28,66,1560,1654,,
4/3/2012,"PONTOTOC","STONEWALL PUBLIC SCHOOLS",56201,"PROPOSITION",,7,7,1,"FOR THE PROPOSITION - YES",,1,11,347,359,,
4/3/2012,"PONTOTOC","STONEWALL PUBLIC SCHOOLS",56201,"PROPOSITION",,7,7,2,"AGAINST THE PROPOSITION - NO",,9,4,150,163,,
4/3/2012,"PONTOTOC","VANOSS PUBLIC SCHOOLS",56202,"PROPOSITION",,4,4,1,"FOR THE PROPOSITION - YES",,5,8,357,370,,
4/3/2012,"PONTOTOC","VANOSS PUBLIC SCHOOLS",56202,"PROPOSITION",,4,4,2,"AGAINST THE PROPOSITION - NO",,2,5,227,234,,
4/3/2012,"ROGER MILLS","SAYRE PUBLIC SCHOOLS",50501,"PROPOSITION NO. 1",,1,1,1,"FOR THE PROPOSITION - YES",,0,0,3,3,,
4/3/2012,"ROGER MILLS","SAYRE PUBLIC SCHOOLS",50501,"PROPOSITION NO. 1",,1,1,2,"AGAINST THE PROPOSITION - NO",,0,0,0,0,,
4/3/2012,"ROGER MILLS","SAYRE PUBLIC SCHOOLS",50502,"PROPOSITION NO. 2",,1,1,1,"FOR THE PROPOSITION - YES",,0,0,3,3,,
4/3/2012,"ROGER MILLS","SAYRE PUBLIC SCHOOLS",50502,"PROPOSITION NO. 2",,1,1,2,"AGAINST THE PROPOSITION - NO",,0,0,0,0,,
4/3/2012,"ROGERS","VERDIGRIS PUBLIC SCHOOLS",56601,"PROPOSITION NO. 1",,3,3,1,"FOR THE PROPOSITION - YES",,0,7,362,369,,
4/3/2012,"ROGERS","VERDIGRIS PUBLIC SCHOOLS",56601,"PROPOSITION NO. 1",,3,3,2,"AGAINST THE PROPOSITION - NO",,0,0,58,58,,
4/3/2012,"ROGERS","VERDIGRIS PUBLIC SCHOOLS",56602,"PROPOSITION NO. 2",,3,3,1,"FOR THE PROPOSITION - YES",,0,6,368,374,,
4/3/2012,"ROGERS","VERDIGRIS PUBLIC SCHOOLS",56602,"PROPOSITION NO. 2",,3,3,2,"AGAINST THE PROPOSITION - NO",,0,1,54,55,,
4/3/2012,"SEMINOLE","CITY OF SEMINOLE",46701,"PROPOSITION",,5,5,1,"FOR THE PROPOSITION - YES",,3,1,90,94,,
4/3/2012,"SEMINOLE","CITY OF SEMINOLE",46701,"PROPOSITION",,5,5,2,"AGAINST THE PROPOSITION - NO",,3,1,12,16,,
4/3/2012,"SEMINOLE","NEW LIMA PUBLIC SCHOOLS",56701,"PROPOSITION",,7,7,1,"FOR THE PROPOSITION - YES",,7,20,51,78,,
4/3/2012,"SEMINOLE","NEW LIMA PUBLIC SCHOOLS",56701,"PROPOSITION",,7,7,2,"AGAINST THE PROPOSITION - NO",,1,23,88,112,,
4/3/2012,"SEMINOLE","VARNUM PUBLIC SCHOOLS",56702,"FOR INDEPENDENT SCHOOL BOARD MEMBER OFFICE NO. 4 (UNEXPIRED TERM)",,4,4,1,"RICKY SEBOURN",,0,0,17,17,,
4/3/2012,"SEMINOLE","VARNUM PUBLIC SCHOOLS",56702,"FOR INDEPENDENT SCHOOL BOARD MEMBER OFFICE NO. 4 (UNEXPIRED TERM)",,4,4,2,"RICKEY W. GIST",,0,0,45,45,,
4/3/2012,"SEQUOYAH","CITY OF SALLISAW",46801,"FOR COMMISSIONER WARD 2",,3,3,1,"RO POINDEXTER",,0,5,29,34,,
4/3/2012,"SEQUOYAH","CITY OF SALLISAW",46801,"FOR COMMISSIONER WARD 2",,3,3,2,"JOSH BAILEY",,0,2,22,24,,
4/3/2012,"STEPHENS","CITY OF DUNCAN",46901,"FOR MAYOR",,15,15,1,"GENE BROWN",,81,14,892,987,,
4/3/2012,"STEPHENS","CITY OF DUNCAN",46901,"FOR MAYOR",,15,15,2,"JOHN DILLON",,43,17,481,541,,
4/3/2012,"STEPHENS","WALTERS PUBLIC SCHOOLS",51701,"PROPOSITION",,2,2,1,"FOR THE PROPOSITION - YES",,0,0,0,0,,
4/3/2012,"STEPHENS","WALTERS PUBLIC SCHOOLS",51701,"PROPOSITION",,2,2,2,"AGAINST THE PROPOSITION - NO",,0,0,0,0,,
4/3/2012,"TEXAS","TYRONE PUBLIC SCHOOLS",57001,"PROPOSITION",,1,1,1,"FOR THE PROPOSITION - YES",,3,0,90,93,,
4/3/2012,"TEXAS","TYRONE PUBLIC SCHOOLS",57001,"PROPOSITION",,1,1,2,"AGAINST THE PROPOSITION - NO",,0,0,12,12,,
4/3/2012,"TILLMAN","INDIAHOMA PUBLIC SCHOOLS",51601,"PROPOSITION",,2,2,1,"FOR THE PROPOSITION - YES",,0,0,0,0,,
4/3/2012,"TILLMAN","INDIAHOMA PUBLIC SCHOOLS",51601,"PROPOSITION",,2,2,2,"AGAINST THE PROPOSITION - NO",,0,0,0,0,,
4/3/2012,"WASHINGTON","CANEY VALLEY PUBLIC SCHOOLS",57401,"PROPOSITION 1",,5,5,1,"FOR THE PROPOSITION - YES",,3,4,445,452,,
4/3/2012,"WASHINGTON","CANEY VALLEY PUBLIC SCHOOLS",57401,"PROPOSITION 1",,5,5,2,"AGAINST THE PROPOSITION - NO",,1,1,107,109,,
4/3/2012,"WASHINGTON","CANEY VALLEY PUBLIC SCHOOLS",57402,"PROPOSITION 2",,5,5,1,"FOR THE PROPOSITION - YES",,3,5,466,474,,
4/3/2012,"WASHINGTON","CANEY VALLEY PUBLIC SCHOOLS",57402,"PROPOSITION 2",,5,5,2,"AGAINST THE PROPOSITION - NO",,1,0,88,89,,
4/3/2012,"WASHITA","CARNEGIE PUBLIC SCHOOLS",50803,"FOR INDEPENDENT SCHOOL BOARD MEMBER OFFICE NO. 2",,1,1,1,"MISTY D. BOETTGER",,2,0,0,2,,
4/3/2012,"WASHITA","CARNEGIE PUBLIC SCHOOLS",50803,"FOR INDEPENDENT SCHOOL BOARD MEMBER OFFICE NO. 2",,1,1,2,"MARK S. TAYLOR",,5,0,0,5,,
4/3/2012,"WOODWARD","CITY OF WOODWARD",47701,"FOR CITY COMMISSIONER AT LARGE",,8,8,1,"STEVE B. BOGDAHN",,11,115,903,1029,,
4/3/2012,"WOODWARD","CITY OF WOODWARD",47701,"FOR CITY COMMISSIONER AT LARGE",,8,8,2,"IRA L. HORNER",,5,54,543,602,,
4/3/2012,"WOODWARD","CITY OF WOODWARD",47702,"FOR CITY COMMISSIONER WARD 2",,8,8,1,"BOB GASTON",,8,59,598,665,,
4/3/2012,"WOODWARD","CITY OF WOODWARD",47702,"FOR CITY COMMISSIONER WARD 2",,8,8,2,"GARY L. GOETZINGER",,9,109,852,970,,
4/3/2012,"WOODWARD","CITY OF WOODWARD",47703,"FOR CITY COMMISSIONER WARD 3",,8,8,1,"DELBERT COVALT",,8,37,447,492,,
4/3/2012,"WOODWARD","CITY OF WOODWARD",47703,"FOR CITY COMMISSIONER WARD 3",,8,8,2,"BILL FANNING",,9,131,1001,1141,,
4/3/2012,"WOODWARD","SHARON-MUTUAL PUBLIC SCHOOLS",57701,"FOR INDEPENDENT SCHOOL BOARD MEMBER OFFICE NO. 2",,5,5,1,"SHIELA R. STEADMAN",,0,6,78,84,,
4/3/2012,"WOODWARD","SHARON-MUTUAL PUBLIC SCHOOLS",57701,"FOR INDEPENDENT SCHOOL BOARD MEMBER OFFICE NO. 2",,5,5,2,"JONNA SCHMIDT",,1,6,113,120,,
