elec_date,precinct,entity_description,race_number,race_description,race_party,tot_race_prec,race_prec_reporting,cand_number,cand_name,cand_party,cand_absmail_votes,cand_early_votes,cand_elecday_votes,cand_tot_votes,race_county_owner
12/10/2019,"090200","CITY OF OKLAHOMA CITY",45501,"PROPOSITION  CITY OF OKLAHOMA CITY",,234,234,1,"FOR THE PROPOSITION - YES",,22,1,424,447,,
12/10/2019,"090200","CITY OF OKLAHOMA CITY",45501,"PROPOSITION  CITY OF OKLAHOMA CITY",,234,234,2,"AGAINST THE PROPOSITION - NO",,36,0,185,221,,
12/10/2019,"090201","CITY OF OKLAHOMA CITY",45501,"PROPOSITION  CITY OF OKLAHOMA CITY",,234,234,1,"FOR THE PROPOSITION - YES",,1,0,34,35,,
12/10/2019,"090201","CITY OF OKLAHOMA CITY",45501,"PROPOSITION  CITY OF OKLAHOMA CITY",,234,234,2,"AGAINST THE PROPOSITION - NO",,8,1,30,39,,
12/10/2019,"090202","CITY OF OKLAHOMA CITY",45501,"PROPOSITION  CITY OF OKLAHOMA CITY",,234,234,1,"FOR THE PROPOSITION - YES",,3,0,21,24,,
12/10/2019,"090202","CITY OF OKLAHOMA CITY",45501,"PROPOSITION  CITY OF OKLAHOMA CITY",,234,234,2,"AGAINST THE PROPOSITION - NO",,2,0,13,15,,
12/10/2019,"090206","CITY OF OKLAHOMA CITY",45501,"PROPOSITION  CITY OF OKLAHOMA CITY",,234,234,1,"FOR THE PROPOSITION - YES",,2,1,43,46,,
12/10/2019,"090206","CITY OF OKLAHOMA CITY",45501,"PROPOSITION  CITY OF OKLAHOMA CITY",,234,234,2,"AGAINST THE PROPOSITION - NO",,4,0,11,15,,
12/10/2019,"090211","CITY OF OKLAHOMA CITY",45501,"PROPOSITION  CITY OF OKLAHOMA CITY",,234,234,1,"FOR THE PROPOSITION - YES",,2,0,66,68,,
12/10/2019,"090211","CITY OF OKLAHOMA CITY",45501,"PROPOSITION  CITY OF OKLAHOMA CITY",,234,234,2,"AGAINST THE PROPOSITION - NO",,12,0,26,38,,
12/10/2019,"090215","CITY OF OKLAHOMA CITY",45501,"PROPOSITION  CITY OF OKLAHOMA CITY",,234,234,1,"FOR THE PROPOSITION - YES",,12,3,105,120,,
12/10/2019,"090215","CITY OF OKLAHOMA CITY",45501,"PROPOSITION  CITY OF OKLAHOMA CITY",,234,234,2,"AGAINST THE PROPOSITION - NO",,9,3,85,97,,
12/10/2019,"090217","CITY OF OKLAHOMA CITY",45501,"PROPOSITION  CITY OF OKLAHOMA CITY",,234,234,1,"FOR THE PROPOSITION - YES",,10,1,117,128,,
12/10/2019,"090217","CITY OF OKLAHOMA CITY",45501,"PROPOSITION  CITY OF OKLAHOMA CITY",,234,234,2,"AGAINST THE PROPOSITION - NO",,17,0,69,86,,
12/10/2019,"090220","CITY OF OKLAHOMA CITY",45501,"PROPOSITION  CITY OF OKLAHOMA CITY",,234,234,1,"FOR THE PROPOSITION - YES",,2,0,46,48,,
12/10/2019,"090220","CITY OF OKLAHOMA CITY",45501,"PROPOSITION  CITY OF OKLAHOMA CITY",,234,234,2,"AGAINST THE PROPOSITION - NO",,1,0,23,24,,
12/10/2019,"090221","CITY OF OKLAHOMA CITY",45501,"PROPOSITION  CITY OF OKLAHOMA CITY",,234,234,1,"FOR THE PROPOSITION - YES",,4,2,52,58,,
12/10/2019,"090221","CITY OF OKLAHOMA CITY",45501,"PROPOSITION  CITY OF OKLAHOMA CITY",,234,234,2,"AGAINST THE PROPOSITION - NO",,10,0,46,56,,
12/10/2019,"090223","CITY OF OKLAHOMA CITY",45501,"PROPOSITION  CITY OF OKLAHOMA CITY",,234,234,1,"FOR THE PROPOSITION - YES",,9,1,125,135,,
12/10/2019,"090223","CITY OF OKLAHOMA CITY",45501,"PROPOSITION  CITY OF OKLAHOMA CITY",,234,234,2,"AGAINST THE PROPOSITION - NO",,22,0,81,103,,
12/10/2019,"090224","CITY OF OKLAHOMA CITY",45501,"PROPOSITION  CITY OF OKLAHOMA CITY",,234,234,1,"FOR THE PROPOSITION - YES",,7,1,65,73,,
12/10/2019,"090224","CITY OF OKLAHOMA CITY",45501,"PROPOSITION  CITY OF OKLAHOMA CITY",,234,234,2,"AGAINST THE PROPOSITION - NO",,8,0,35,43,,
12/10/2019,"090225","CITY OF OKLAHOMA CITY",45501,"PROPOSITION  CITY OF OKLAHOMA CITY",,234,234,1,"FOR THE PROPOSITION - YES",,5,0,62,67,,
12/10/2019,"090225","CITY OF OKLAHOMA CITY",45501,"PROPOSITION  CITY OF OKLAHOMA CITY",,234,234,2,"AGAINST THE PROPOSITION - NO",,11,0,36,47,,
12/10/2019,"090226","CITY OF OKLAHOMA CITY",45501,"PROPOSITION  CITY OF OKLAHOMA CITY",,234,234,1,"FOR THE PROPOSITION - YES",,1,1,23,25,,
12/10/2019,"090226","CITY OF OKLAHOMA CITY",45501,"PROPOSITION  CITY OF OKLAHOMA CITY",,234,234,2,"AGAINST THE PROPOSITION - NO",,7,1,23,31,,
12/10/2019,"090227","CITY OF OKLAHOMA CITY",45501,"PROPOSITION  CITY OF OKLAHOMA CITY",,234,234,1,"FOR THE PROPOSITION - YES",,20,1,159,180,,
12/10/2019,"090227","CITY OF OKLAHOMA CITY",45501,"PROPOSITION  CITY OF OKLAHOMA CITY",,234,234,2,"AGAINST THE PROPOSITION - NO",,34,2,111,147,,
12/10/2019,"090228","CITY OF OKLAHOMA CITY",45501,"PROPOSITION  CITY OF OKLAHOMA CITY",,234,234,1,"FOR THE PROPOSITION - YES",,1,0,24,25,,
12/10/2019,"090228","CITY OF OKLAHOMA CITY",45501,"PROPOSITION  CITY OF OKLAHOMA CITY",,234,234,2,"AGAINST THE PROPOSITION - NO",,2,0,11,13,,
12/10/2019,"090302","CITY OF OKLAHOMA CITY",45501,"PROPOSITION  CITY OF OKLAHOMA CITY",,234,234,1,"FOR THE PROPOSITION - YES",,5,0,36,41,,
12/10/2019,"090302","CITY OF OKLAHOMA CITY",45501,"PROPOSITION  CITY OF OKLAHOMA CITY",,234,234,2,"AGAINST THE PROPOSITION - NO",,5,0,46,51,,
12/10/2019,"090303","CITY OF OKLAHOMA CITY",45501,"PROPOSITION  CITY OF OKLAHOMA CITY",,234,234,1,"FOR THE PROPOSITION - YES",,30,3,148,181,,
12/10/2019,"090303","CITY OF OKLAHOMA CITY",45501,"PROPOSITION  CITY OF OKLAHOMA CITY",,234,234,2,"AGAINST THE PROPOSITION - NO",,32,2,113,147,,
12/10/2019,"090308","CITY OF OKLAHOMA CITY",45501,"PROPOSITION  CITY OF OKLAHOMA CITY",,234,234,1,"FOR THE PROPOSITION - YES",,4,0,24,28,,
12/10/2019,"090308","CITY OF OKLAHOMA CITY",45501,"PROPOSITION  CITY OF OKLAHOMA CITY",,234,234,2,"AGAINST THE PROPOSITION - NO",,3,0,28,31,,
12/10/2019,"090309","CITY OF OKLAHOMA CITY",45501,"PROPOSITION  CITY OF OKLAHOMA CITY",,234,234,1,"FOR THE PROPOSITION - YES",,0,0,8,8,,
12/10/2019,"090309","CITY OF OKLAHOMA CITY",45501,"PROPOSITION  CITY OF OKLAHOMA CITY",,234,234,2,"AGAINST THE PROPOSITION - NO",,0,0,8,8,,
12/10/2019,"090398","CITY OF OKLAHOMA CITY",45501,"PROPOSITION  CITY OF OKLAHOMA CITY",,234,234,1,"FOR THE PROPOSITION - YES",,0,0,0,0,,
12/10/2019,"090398","CITY OF OKLAHOMA CITY",45501,"PROPOSITION  CITY OF OKLAHOMA CITY",,234,234,2,"AGAINST THE PROPOSITION - NO",,0,0,0,0,,
12/10/2019,"090503","CITY OF OKLAHOMA CITY",45501,"PROPOSITION  CITY OF OKLAHOMA CITY",,234,234,1,"FOR THE PROPOSITION - YES",,0,0,2,2,,
12/10/2019,"090503","CITY OF OKLAHOMA CITY",45501,"PROPOSITION  CITY OF OKLAHOMA CITY",,234,234,2,"AGAINST THE PROPOSITION - NO",,0,0,2,2,,
12/10/2019,"090506","CITY OF OKLAHOMA CITY",45501,"PROPOSITION  CITY OF OKLAHOMA CITY",,234,234,1,"FOR THE PROPOSITION - YES",,16,0,91,107,,
12/10/2019,"090506","CITY OF OKLAHOMA CITY",45501,"PROPOSITION  CITY OF OKLAHOMA CITY",,234,234,2,"AGAINST THE PROPOSITION - NO",,15,2,36,53,,
12/10/2019,"140004","CITY OF OKLAHOMA CITY",45501,"PROPOSITION  CITY OF OKLAHOMA CITY",,234,234,1,"FOR THE PROPOSITION - YES",,23,1,270,294,,
12/10/2019,"140004","CITY OF OKLAHOMA CITY",45501,"PROPOSITION  CITY OF OKLAHOMA CITY",,234,234,2,"AGAINST THE PROPOSITION - NO",,16,3,142,161,,
12/10/2019,"140005","CITY OF OKLAHOMA CITY",45501,"PROPOSITION  CITY OF OKLAHOMA CITY",,234,234,1,"FOR THE PROPOSITION - YES",,24,5,138,167,,
12/10/2019,"140005","CITY OF OKLAHOMA CITY",45501,"PROPOSITION  CITY OF OKLAHOMA CITY",,234,234,2,"AGAINST THE PROPOSITION - NO",,9,0,88,97,,
12/10/2019,"140007","CITY OF OKLAHOMA CITY",45501,"PROPOSITION  CITY OF OKLAHOMA CITY",,234,234,1,"FOR THE PROPOSITION - YES",,9,0,190,199,,
12/10/2019,"140007","CITY OF OKLAHOMA CITY",45501,"PROPOSITION  CITY OF OKLAHOMA CITY",,234,234,2,"AGAINST THE PROPOSITION - NO",,10,0,87,97,,
12/10/2019,"140009","CITY OF OKLAHOMA CITY",45501,"PROPOSITION  CITY OF OKLAHOMA CITY",,234,234,1,"FOR THE PROPOSITION - YES",,11,0,171,182,,
12/10/2019,"140009","CITY OF OKLAHOMA CITY",45501,"PROPOSITION  CITY OF OKLAHOMA CITY",,234,234,2,"AGAINST THE PROPOSITION - NO",,15,3,78,96,,
12/10/2019,"140010","CITY OF OKLAHOMA CITY",45501,"PROPOSITION  CITY OF OKLAHOMA CITY",,234,234,1,"FOR THE PROPOSITION - YES",,11,0,96,107,,
12/10/2019,"140010","CITY OF OKLAHOMA CITY",45501,"PROPOSITION  CITY OF OKLAHOMA CITY",,234,234,2,"AGAINST THE PROPOSITION - NO",,2,0,71,73,,
12/10/2019,"140017","CITY OF OKLAHOMA CITY",45501,"PROPOSITION  CITY OF OKLAHOMA CITY",,234,234,1,"FOR THE PROPOSITION - YES",,2,0,17,19,,
12/10/2019,"140017","CITY OF OKLAHOMA CITY",45501,"PROPOSITION  CITY OF OKLAHOMA CITY",,234,234,2,"AGAINST THE PROPOSITION - NO",,1,0,6,7,,
12/10/2019,"140020","CITY OF OKLAHOMA CITY",45501,"PROPOSITION  CITY OF OKLAHOMA CITY",,234,234,1,"FOR THE PROPOSITION - YES",,30,3,284,317,,
12/10/2019,"140020","CITY OF OKLAHOMA CITY",45501,"PROPOSITION  CITY OF OKLAHOMA CITY",,234,234,2,"AGAINST THE PROPOSITION - NO",,19,2,133,154,,
12/10/2019,"140024","CITY OF OKLAHOMA CITY",45501,"PROPOSITION  CITY OF OKLAHOMA CITY",,234,234,1,"FOR THE PROPOSITION - YES",,4,0,10,14,,
12/10/2019,"140024","CITY OF OKLAHOMA CITY",45501,"PROPOSITION  CITY OF OKLAHOMA CITY",,234,234,2,"AGAINST THE PROPOSITION - NO",,5,0,8,13,,
12/10/2019,"140036","CITY OF OKLAHOMA CITY",45501,"PROPOSITION  CITY OF OKLAHOMA CITY",,234,234,1,"FOR THE PROPOSITION - YES",,0,0,16,16,,
12/10/2019,"140036","CITY OF OKLAHOMA CITY",45501,"PROPOSITION  CITY OF OKLAHOMA CITY",,234,234,2,"AGAINST THE PROPOSITION - NO",,3,0,11,14,,
12/10/2019,"140037","CITY OF OKLAHOMA CITY",45501,"PROPOSITION  CITY OF OKLAHOMA CITY",,234,234,1,"FOR THE PROPOSITION - YES",,2,0,49,51,,
12/10/2019,"140037","CITY OF OKLAHOMA CITY",45501,"PROPOSITION  CITY OF OKLAHOMA CITY",,234,234,2,"AGAINST THE PROPOSITION - NO",,4,0,32,36,,
12/10/2019,"140040","CITY OF OKLAHOMA CITY",45501,"PROPOSITION  CITY OF OKLAHOMA CITY",,234,234,1,"FOR THE PROPOSITION - YES",,7,0,162,169,,
12/10/2019,"140040","CITY OF OKLAHOMA CITY",45501,"PROPOSITION  CITY OF OKLAHOMA CITY",,234,234,2,"AGAINST THE PROPOSITION - NO",,8,0,85,93,,
12/10/2019,"140041","CITY OF OKLAHOMA CITY",45501,"PROPOSITION  CITY OF OKLAHOMA CITY",,234,234,1,"FOR THE PROPOSITION - YES",,3,0,72,75,,
12/10/2019,"140041","CITY OF OKLAHOMA CITY",45501,"PROPOSITION  CITY OF OKLAHOMA CITY",,234,234,2,"AGAINST THE PROPOSITION - NO",,1,0,18,19,,
12/10/2019,"140043","CITY OF OKLAHOMA CITY",45501,"PROPOSITION  CITY OF OKLAHOMA CITY",,234,234,1,"FOR THE PROPOSITION - YES",,13,2,182,197,,
12/10/2019,"140043","CITY OF OKLAHOMA CITY",45501,"PROPOSITION  CITY OF OKLAHOMA CITY",,234,234,2,"AGAINST THE PROPOSITION - NO",,14,1,60,75,,
12/10/2019,"140050","CITY OF OKLAHOMA CITY",45501,"PROPOSITION  CITY OF OKLAHOMA CITY",,234,234,1,"FOR THE PROPOSITION - YES",,10,0,168,178,,
12/10/2019,"140050","CITY OF OKLAHOMA CITY",45501,"PROPOSITION  CITY OF OKLAHOMA CITY",,234,234,2,"AGAINST THE PROPOSITION - NO",,6,0,102,108,,
12/10/2019,"140060","CITY OF OKLAHOMA CITY",45501,"PROPOSITION  CITY OF OKLAHOMA CITY",,234,234,1,"FOR THE PROPOSITION - YES",,11,0,108,119,,
12/10/2019,"140060","CITY OF OKLAHOMA CITY",45501,"PROPOSITION  CITY OF OKLAHOMA CITY",,234,234,2,"AGAINST THE PROPOSITION - NO",,7,0,54,61,,
12/10/2019,"140061","CITY OF OKLAHOMA CITY",45501,"PROPOSITION  CITY OF OKLAHOMA CITY",,234,234,1,"FOR THE PROPOSITION - YES",,26,1,195,222,,
12/10/2019,"140061","CITY OF OKLAHOMA CITY",45501,"PROPOSITION  CITY OF OKLAHOMA CITY",,234,234,2,"AGAINST THE PROPOSITION - NO",,31,0,129,160,,
12/10/2019,"140063","CITY OF OKLAHOMA CITY",45501,"PROPOSITION  CITY OF OKLAHOMA CITY",,234,234,1,"FOR THE PROPOSITION - YES",,0,0,18,18,,
12/10/2019,"140063","CITY OF OKLAHOMA CITY",45501,"PROPOSITION  CITY OF OKLAHOMA CITY",,234,234,2,"AGAINST THE PROPOSITION - NO",,2,0,16,18,,
12/10/2019,"140064","CITY OF OKLAHOMA CITY",45501,"PROPOSITION  CITY OF OKLAHOMA CITY",,234,234,1,"FOR THE PROPOSITION - YES",,18,1,46,65,,
12/10/2019,"140064","CITY OF OKLAHOMA CITY",45501,"PROPOSITION  CITY OF OKLAHOMA CITY",,234,234,2,"AGAINST THE PROPOSITION - NO",,33,2,62,97,,
12/10/2019,"140065","CITY OF OKLAHOMA CITY",45501,"PROPOSITION  CITY OF OKLAHOMA CITY",,234,234,1,"FOR THE PROPOSITION - YES",,0,0,1,1,,
12/10/2019,"140065","CITY OF OKLAHOMA CITY",45501,"PROPOSITION  CITY OF OKLAHOMA CITY",,234,234,2,"AGAINST THE PROPOSITION - NO",,4,0,6,10,,
12/10/2019,"140069","CITY OF OKLAHOMA CITY",45501,"PROPOSITION  CITY OF OKLAHOMA CITY",,234,234,1,"FOR THE PROPOSITION - YES",,11,1,170,182,,
12/10/2019,"140069","CITY OF OKLAHOMA CITY",45501,"PROPOSITION  CITY OF OKLAHOMA CITY",,234,234,2,"AGAINST THE PROPOSITION - NO",,12,0,94,106,,
12/10/2019,"140072","CITY OF OKLAHOMA CITY",45501,"PROPOSITION  CITY OF OKLAHOMA CITY",,234,234,1,"FOR THE PROPOSITION - YES",,4,0,12,16,,
12/10/2019,"140072","CITY OF OKLAHOMA CITY",45501,"PROPOSITION  CITY OF OKLAHOMA CITY",,234,234,2,"AGAINST THE PROPOSITION - NO",,1,0,10,11,,
12/10/2019,"140078","CITY OF OKLAHOMA CITY",45501,"PROPOSITION  CITY OF OKLAHOMA CITY",,234,234,1,"FOR THE PROPOSITION - YES",,15,0,92,107,,
12/10/2019,"140078","CITY OF OKLAHOMA CITY",45501,"PROPOSITION  CITY OF OKLAHOMA CITY",,234,234,2,"AGAINST THE PROPOSITION - NO",,16,0,90,106,,
12/10/2019,"140086","CITY OF OKLAHOMA CITY",45501,"PROPOSITION  CITY OF OKLAHOMA CITY",,234,234,1,"FOR THE PROPOSITION - YES",,13,1,186,200,,
12/10/2019,"140086","CITY OF OKLAHOMA CITY",45501,"PROPOSITION  CITY OF OKLAHOMA CITY",,234,234,2,"AGAINST THE PROPOSITION - NO",,7,2,74,83,,
12/10/2019,"140087","CITY OF OKLAHOMA CITY",45501,"PROPOSITION  CITY OF OKLAHOMA CITY",,234,234,1,"FOR THE PROPOSITION - YES",,3,0,60,63,,
12/10/2019,"140087","CITY OF OKLAHOMA CITY",45501,"PROPOSITION  CITY OF OKLAHOMA CITY",,234,234,2,"AGAINST THE PROPOSITION - NO",,9,0,42,51,,
12/10/2019,"140088","CITY OF OKLAHOMA CITY",45501,"PROPOSITION  CITY OF OKLAHOMA CITY",,234,234,1,"FOR THE PROPOSITION - YES",,22,2,280,304,,
12/10/2019,"140088","CITY OF OKLAHOMA CITY",45501,"PROPOSITION  CITY OF OKLAHOMA CITY",,234,234,2,"AGAINST THE PROPOSITION - NO",,18,1,107,126,,
12/10/2019,"140090","CITY OF OKLAHOMA CITY",45501,"PROPOSITION  CITY OF OKLAHOMA CITY",,234,234,1,"FOR THE PROPOSITION - YES",,0,0,0,0,,
12/10/2019,"140090","CITY OF OKLAHOMA CITY",45501,"PROPOSITION  CITY OF OKLAHOMA CITY",,234,234,2,"AGAINST THE PROPOSITION - NO",,0,0,0,0,,
12/10/2019,"550001","CITY OF OKLAHOMA CITY",45501,"PROPOSITION  CITY OF OKLAHOMA CITY",,234,234,1,"FOR THE PROPOSITION - YES",,0,0,39,39,,
12/10/2019,"550001","CITY OF OKLAHOMA CITY",45501,"PROPOSITION  CITY OF OKLAHOMA CITY",,234,234,2,"AGAINST THE PROPOSITION - NO",,0,0,15,15,,
12/10/2019,"550002","CITY OF OKLAHOMA CITY",45501,"PROPOSITION  CITY OF OKLAHOMA CITY",,234,234,1,"FOR THE PROPOSITION - YES",,0,0,18,18,,
12/10/2019,"550002","CITY OF OKLAHOMA CITY",45501,"PROPOSITION  CITY OF OKLAHOMA CITY",,234,234,2,"AGAINST THE PROPOSITION - NO",,0,0,6,6,,
12/10/2019,"550003","CITY OF OKLAHOMA CITY",45501,"PROPOSITION  CITY OF OKLAHOMA CITY",,234,234,1,"FOR THE PROPOSITION - YES",,0,0,74,74,,
12/10/2019,"550003","CITY OF OKLAHOMA CITY",45501,"PROPOSITION  CITY OF OKLAHOMA CITY",,234,234,2,"AGAINST THE PROPOSITION - NO",,0,0,41,41,,
12/10/2019,"550005","CITY OF OKLAHOMA CITY",45501,"PROPOSITION  CITY OF OKLAHOMA CITY",,234,234,1,"FOR THE PROPOSITION - YES",,0,0,38,38,,
12/10/2019,"550005","CITY OF OKLAHOMA CITY",45501,"PROPOSITION  CITY OF OKLAHOMA CITY",,234,234,2,"AGAINST THE PROPOSITION - NO",,0,0,27,27,,
12/10/2019,"550007","CITY OF OKLAHOMA CITY",45501,"PROPOSITION  CITY OF OKLAHOMA CITY",,234,234,1,"FOR THE PROPOSITION - YES",,0,0,0,0,,
12/10/2019,"550007","CITY OF OKLAHOMA CITY",45501,"PROPOSITION  CITY OF OKLAHOMA CITY",,234,234,2,"AGAINST THE PROPOSITION - NO",,0,0,0,0,,
12/10/2019,"550012","CITY OF OKLAHOMA CITY",45501,"PROPOSITION  CITY OF OKLAHOMA CITY",,234,234,1,"FOR THE PROPOSITION - YES",,0,0,174,174,,
12/10/2019,"550012","CITY OF OKLAHOMA CITY",45501,"PROPOSITION  CITY OF OKLAHOMA CITY",,234,234,2,"AGAINST THE PROPOSITION - NO",,0,0,91,91,,
12/10/2019,"550014","CITY OF OKLAHOMA CITY",45501,"PROPOSITION  CITY OF OKLAHOMA CITY",,234,234,1,"FOR THE PROPOSITION - YES",,0,0,18,18,,
12/10/2019,"550014","CITY OF OKLAHOMA CITY",45501,"PROPOSITION  CITY OF OKLAHOMA CITY",,234,234,2,"AGAINST THE PROPOSITION - NO",,0,0,2,2,,
12/10/2019,"550015","CITY OF OKLAHOMA CITY",45501,"PROPOSITION  CITY OF OKLAHOMA CITY",,234,234,1,"FOR THE PROPOSITION - YES",,0,0,136,136,,
12/10/2019,"550015","CITY OF OKLAHOMA CITY",45501,"PROPOSITION  CITY OF OKLAHOMA CITY",,234,234,2,"AGAINST THE PROPOSITION - NO",,0,0,42,42,,
12/10/2019,"550016","CITY OF OKLAHOMA CITY",45501,"PROPOSITION  CITY OF OKLAHOMA CITY",,234,234,1,"FOR THE PROPOSITION - YES",,0,0,50,50,,
12/10/2019,"550016","CITY OF OKLAHOMA CITY",45501,"PROPOSITION  CITY OF OKLAHOMA CITY",,234,234,2,"AGAINST THE PROPOSITION - NO",,0,0,21,21,,
12/10/2019,"550021","CITY OF OKLAHOMA CITY",45501,"PROPOSITION  CITY OF OKLAHOMA CITY",,234,234,1,"FOR THE PROPOSITION - YES",,0,0,23,23,,
12/10/2019,"550021","CITY OF OKLAHOMA CITY",45501,"PROPOSITION  CITY OF OKLAHOMA CITY",,234,234,2,"AGAINST THE PROPOSITION - NO",,0,0,24,24,,
12/10/2019,"550022","CITY OF OKLAHOMA CITY",45501,"PROPOSITION  CITY OF OKLAHOMA CITY",,234,234,1,"FOR THE PROPOSITION - YES",,0,0,10,10,,
12/10/2019,"550022","CITY OF OKLAHOMA CITY",45501,"PROPOSITION  CITY OF OKLAHOMA CITY",,234,234,2,"AGAINST THE PROPOSITION - NO",,0,0,16,16,,
12/10/2019,"550030","CITY OF OKLAHOMA CITY",45501,"PROPOSITION  CITY OF OKLAHOMA CITY",,234,234,1,"FOR THE PROPOSITION - YES",,0,0,0,0,,
12/10/2019,"550030","CITY OF OKLAHOMA CITY",45501,"PROPOSITION  CITY OF OKLAHOMA CITY",,234,234,2,"AGAINST THE PROPOSITION - NO",,0,0,0,0,,
12/10/2019,"550035","CITY OF OKLAHOMA CITY",45501,"PROPOSITION  CITY OF OKLAHOMA CITY",,234,234,1,"FOR THE PROPOSITION - YES",,0,0,109,109,,
12/10/2019,"550035","CITY OF OKLAHOMA CITY",45501,"PROPOSITION  CITY OF OKLAHOMA CITY",,234,234,2,"AGAINST THE PROPOSITION - NO",,0,0,45,45,,
12/10/2019,"550036","CITY OF OKLAHOMA CITY",45501,"PROPOSITION  CITY OF OKLAHOMA CITY",,234,234,1,"FOR THE PROPOSITION - YES",,0,0,43,43,,
12/10/2019,"550036","CITY OF OKLAHOMA CITY",45501,"PROPOSITION  CITY OF OKLAHOMA CITY",,234,234,2,"AGAINST THE PROPOSITION - NO",,0,0,12,12,,
12/10/2019,"550050","CITY OF OKLAHOMA CITY",45501,"PROPOSITION  CITY OF OKLAHOMA CITY",,234,234,1,"FOR THE PROPOSITION - YES",,0,0,0,0,,
12/10/2019,"550050","CITY OF OKLAHOMA CITY",45501,"PROPOSITION  CITY OF OKLAHOMA CITY",,234,234,2,"AGAINST THE PROPOSITION - NO",,0,0,0,0,,
12/10/2019,"550051","CITY OF OKLAHOMA CITY",45501,"PROPOSITION  CITY OF OKLAHOMA CITY",,234,234,1,"FOR THE PROPOSITION - YES",,0,0,43,43,,
12/10/2019,"550051","CITY OF OKLAHOMA CITY",45501,"PROPOSITION  CITY OF OKLAHOMA CITY",,234,234,2,"AGAINST THE PROPOSITION - NO",,0,0,19,19,,
12/10/2019,"550052","CITY OF OKLAHOMA CITY",45501,"PROPOSITION  CITY OF OKLAHOMA CITY",,234,234,1,"FOR THE PROPOSITION - YES",,0,0,49,49,,
12/10/2019,"550052","CITY OF OKLAHOMA CITY",45501,"PROPOSITION  CITY OF OKLAHOMA CITY",,234,234,2,"AGAINST THE PROPOSITION - NO",,0,0,2,2,,
12/10/2019,"550062","CITY OF OKLAHOMA CITY",45501,"PROPOSITION  CITY OF OKLAHOMA CITY",,234,234,1,"FOR THE PROPOSITION - YES",,0,0,157,157,,
12/10/2019,"550062","CITY OF OKLAHOMA CITY",45501,"PROPOSITION  CITY OF OKLAHOMA CITY",,234,234,2,"AGAINST THE PROPOSITION - NO",,0,0,54,54,,
12/10/2019,"550063","CITY OF OKLAHOMA CITY",45501,"PROPOSITION  CITY OF OKLAHOMA CITY",,234,234,1,"FOR THE PROPOSITION - YES",,0,0,54,54,,
12/10/2019,"550063","CITY OF OKLAHOMA CITY",45501,"PROPOSITION  CITY OF OKLAHOMA CITY",,234,234,2,"AGAINST THE PROPOSITION - NO",,0,0,28,28,,
12/10/2019,"550065","CITY OF OKLAHOMA CITY",45501,"PROPOSITION  CITY OF OKLAHOMA CITY",,234,234,1,"FOR THE PROPOSITION - YES",,0,0,5,5,,
12/10/2019,"550065","CITY OF OKLAHOMA CITY",45501,"PROPOSITION  CITY OF OKLAHOMA CITY",,234,234,2,"AGAINST THE PROPOSITION - NO",,0,0,7,7,,
12/10/2019,"550066","CITY OF OKLAHOMA CITY",45501,"PROPOSITION  CITY OF OKLAHOMA CITY",,234,234,1,"FOR THE PROPOSITION - YES",,0,0,87,87,,
12/10/2019,"550066","CITY OF OKLAHOMA CITY",45501,"PROPOSITION  CITY OF OKLAHOMA CITY",,234,234,2,"AGAINST THE PROPOSITION - NO",,0,0,25,25,,
12/10/2019,"550067","CITY OF OKLAHOMA CITY",45501,"PROPOSITION  CITY OF OKLAHOMA CITY",,234,234,1,"FOR THE PROPOSITION - YES",,0,0,32,32,,
12/10/2019,"550067","CITY OF OKLAHOMA CITY",45501,"PROPOSITION  CITY OF OKLAHOMA CITY",,234,234,2,"AGAINST THE PROPOSITION - NO",,0,0,47,47,,
12/10/2019,"550072","CITY OF OKLAHOMA CITY",45501,"PROPOSITION  CITY OF OKLAHOMA CITY",,234,234,1,"FOR THE PROPOSITION - YES",,0,0,22,22,,
12/10/2019,"550072","CITY OF OKLAHOMA CITY",45501,"PROPOSITION  CITY OF OKLAHOMA CITY",,234,234,2,"AGAINST THE PROPOSITION - NO",,0,0,11,11,,
12/10/2019,"550073","CITY OF OKLAHOMA CITY",45501,"PROPOSITION  CITY OF OKLAHOMA CITY",,234,234,1,"FOR THE PROPOSITION - YES",,0,0,15,15,,
12/10/2019,"550073","CITY OF OKLAHOMA CITY",45501,"PROPOSITION  CITY OF OKLAHOMA CITY",,234,234,2,"AGAINST THE PROPOSITION - NO",,0,0,10,10,,
12/10/2019,"550074","CITY OF OKLAHOMA CITY",45501,"PROPOSITION  CITY OF OKLAHOMA CITY",,234,234,1,"FOR THE PROPOSITION - YES",,0,0,27,27,,
12/10/2019,"550074","CITY OF OKLAHOMA CITY",45501,"PROPOSITION  CITY OF OKLAHOMA CITY",,234,234,2,"AGAINST THE PROPOSITION - NO",,0,0,11,11,,
12/10/2019,"550075","CITY OF OKLAHOMA CITY",45501,"PROPOSITION  CITY OF OKLAHOMA CITY",,234,234,1,"FOR THE PROPOSITION - YES",,0,0,91,91,,
12/10/2019,"550075","CITY OF OKLAHOMA CITY",45501,"PROPOSITION  CITY OF OKLAHOMA CITY",,234,234,2,"AGAINST THE PROPOSITION - NO",,0,0,36,36,,
12/10/2019,"550076","CITY OF OKLAHOMA CITY",45501,"PROPOSITION  CITY OF OKLAHOMA CITY",,234,234,1,"FOR THE PROPOSITION - YES",,0,0,6,6,,
12/10/2019,"550076","CITY OF OKLAHOMA CITY",45501,"PROPOSITION  CITY OF OKLAHOMA CITY",,234,234,2,"AGAINST THE PROPOSITION - NO",,0,0,9,9,,
12/10/2019,"550077","CITY OF OKLAHOMA CITY",45501,"PROPOSITION  CITY OF OKLAHOMA CITY",,234,234,1,"FOR THE PROPOSITION - YES",,0,0,35,35,,
12/10/2019,"550077","CITY OF OKLAHOMA CITY",45501,"PROPOSITION  CITY OF OKLAHOMA CITY",,234,234,2,"AGAINST THE PROPOSITION - NO",,0,0,18,18,,
12/10/2019,"550078","CITY OF OKLAHOMA CITY",45501,"PROPOSITION  CITY OF OKLAHOMA CITY",,234,234,1,"FOR THE PROPOSITION - YES",,0,0,0,0,,
12/10/2019,"550078","CITY OF OKLAHOMA CITY",45501,"PROPOSITION  CITY OF OKLAHOMA CITY",,234,234,2,"AGAINST THE PROPOSITION - NO",,0,0,0,0,,
12/10/2019,"550084","CITY OF OKLAHOMA CITY",45501,"PROPOSITION  CITY OF OKLAHOMA CITY",,234,234,1,"FOR THE PROPOSITION - YES",,0,0,0,0,,
12/10/2019,"550084","CITY OF OKLAHOMA CITY",45501,"PROPOSITION  CITY OF OKLAHOMA CITY",,234,234,2,"AGAINST THE PROPOSITION - NO",,0,0,0,0,,
12/10/2019,"550098","CITY OF OKLAHOMA CITY",45501,"PROPOSITION  CITY OF OKLAHOMA CITY",,234,234,1,"FOR THE PROPOSITION - YES",,0,0,0,0,,
12/10/2019,"550098","CITY OF OKLAHOMA CITY",45501,"PROPOSITION  CITY OF OKLAHOMA CITY",,234,234,2,"AGAINST THE PROPOSITION - NO",,0,0,0,0,,
12/10/2019,"550099","CITY OF OKLAHOMA CITY",45501,"PROPOSITION  CITY OF OKLAHOMA CITY",,234,234,1,"FOR THE PROPOSITION - YES",,0,0,264,264,,
12/10/2019,"550099","CITY OF OKLAHOMA CITY",45501,"PROPOSITION  CITY OF OKLAHOMA CITY",,234,234,2,"AGAINST THE PROPOSITION - NO",,0,0,60,60,,
12/10/2019,"550102","CITY OF OKLAHOMA CITY",45501,"PROPOSITION  CITY OF OKLAHOMA CITY",,234,234,1,"FOR THE PROPOSITION - YES",,0,0,292,292,,
12/10/2019,"550102","CITY OF OKLAHOMA CITY",45501,"PROPOSITION  CITY OF OKLAHOMA CITY",,234,234,2,"AGAINST THE PROPOSITION - NO",,0,0,63,63,,
12/10/2019,"550103","CITY OF OKLAHOMA CITY",45501,"PROPOSITION  CITY OF OKLAHOMA CITY",,234,234,1,"FOR THE PROPOSITION - YES",,0,0,37,37,,
12/10/2019,"550103","CITY OF OKLAHOMA CITY",45501,"PROPOSITION  CITY OF OKLAHOMA CITY",,234,234,2,"AGAINST THE PROPOSITION - NO",,0,0,4,4,,
12/10/2019,"550106","CITY OF OKLAHOMA CITY",45501,"PROPOSITION  CITY OF OKLAHOMA CITY",,234,234,1,"FOR THE PROPOSITION - YES",,0,0,0,0,,
12/10/2019,"550106","CITY OF OKLAHOMA CITY",45501,"PROPOSITION  CITY OF OKLAHOMA CITY",,234,234,2,"AGAINST THE PROPOSITION - NO",,0,0,0,0,,
12/10/2019,"550107","CITY OF OKLAHOMA CITY",45501,"PROPOSITION  CITY OF OKLAHOMA CITY",,234,234,1,"FOR THE PROPOSITION - YES",,0,0,23,23,,
12/10/2019,"550107","CITY OF OKLAHOMA CITY",45501,"PROPOSITION  CITY OF OKLAHOMA CITY",,234,234,2,"AGAINST THE PROPOSITION - NO",,0,0,22,22,,
12/10/2019,"550108","CITY OF OKLAHOMA CITY",45501,"PROPOSITION  CITY OF OKLAHOMA CITY",,234,234,1,"FOR THE PROPOSITION - YES",,0,0,48,48,,
12/10/2019,"550108","CITY OF OKLAHOMA CITY",45501,"PROPOSITION  CITY OF OKLAHOMA CITY",,234,234,2,"AGAINST THE PROPOSITION - NO",,0,0,15,15,,
12/10/2019,"550109","CITY OF OKLAHOMA CITY",45501,"PROPOSITION  CITY OF OKLAHOMA CITY",,234,234,1,"FOR THE PROPOSITION - YES",,0,0,331,331,,
12/10/2019,"550109","CITY OF OKLAHOMA CITY",45501,"PROPOSITION  CITY OF OKLAHOMA CITY",,234,234,2,"AGAINST THE PROPOSITION - NO",,0,0,85,85,,
12/10/2019,"550110","CITY OF OKLAHOMA CITY",45501,"PROPOSITION  CITY OF OKLAHOMA CITY",,234,234,1,"FOR THE PROPOSITION - YES",,0,0,85,85,,
12/10/2019,"550110","CITY OF OKLAHOMA CITY",45501,"PROPOSITION  CITY OF OKLAHOMA CITY",,234,234,2,"AGAINST THE PROPOSITION - NO",,0,0,33,33,,
12/10/2019,"550111","CITY OF OKLAHOMA CITY",45501,"PROPOSITION  CITY OF OKLAHOMA CITY",,234,234,1,"FOR THE PROPOSITION - YES",,0,0,288,288,,
12/10/2019,"550111","CITY OF OKLAHOMA CITY",45501,"PROPOSITION  CITY OF OKLAHOMA CITY",,234,234,2,"AGAINST THE PROPOSITION - NO",,0,0,73,73,,
12/10/2019,"550112","CITY OF OKLAHOMA CITY",45501,"PROPOSITION  CITY OF OKLAHOMA CITY",,234,234,1,"FOR THE PROPOSITION - YES",,0,0,32,32,,
12/10/2019,"550112","CITY OF OKLAHOMA CITY",45501,"PROPOSITION  CITY OF OKLAHOMA CITY",,234,234,2,"AGAINST THE PROPOSITION - NO",,0,0,10,10,,
12/10/2019,"550113","CITY OF OKLAHOMA CITY",45501,"PROPOSITION  CITY OF OKLAHOMA CITY",,234,234,1,"FOR THE PROPOSITION - YES",,0,0,52,52,,
12/10/2019,"550113","CITY OF OKLAHOMA CITY",45501,"PROPOSITION  CITY OF OKLAHOMA CITY",,234,234,2,"AGAINST THE PROPOSITION - NO",,0,0,21,21,,
12/10/2019,"550114","CITY OF OKLAHOMA CITY",45501,"PROPOSITION  CITY OF OKLAHOMA CITY",,234,234,1,"FOR THE PROPOSITION - YES",,0,0,235,235,,
12/10/2019,"550114","CITY OF OKLAHOMA CITY",45501,"PROPOSITION  CITY OF OKLAHOMA CITY",,234,234,2,"AGAINST THE PROPOSITION - NO",,0,0,37,37,,
12/10/2019,"550115","CITY OF OKLAHOMA CITY",45501,"PROPOSITION  CITY OF OKLAHOMA CITY",,234,234,1,"FOR THE PROPOSITION - YES",,0,0,246,246,,
12/10/2019,"550115","CITY OF OKLAHOMA CITY",45501,"PROPOSITION  CITY OF OKLAHOMA CITY",,234,234,2,"AGAINST THE PROPOSITION - NO",,0,0,39,39,,
12/10/2019,"550116","CITY OF OKLAHOMA CITY",45501,"PROPOSITION  CITY OF OKLAHOMA CITY",,234,234,1,"FOR THE PROPOSITION - YES",,0,0,81,81,,
12/10/2019,"550116","CITY OF OKLAHOMA CITY",45501,"PROPOSITION  CITY OF OKLAHOMA CITY",,234,234,2,"AGAINST THE PROPOSITION - NO",,0,0,22,22,,
12/10/2019,"550117","CITY OF OKLAHOMA CITY",45501,"PROPOSITION  CITY OF OKLAHOMA CITY",,234,234,1,"FOR THE PROPOSITION - YES",,0,0,260,260,,
12/10/2019,"550117","CITY OF OKLAHOMA CITY",45501,"PROPOSITION  CITY OF OKLAHOMA CITY",,234,234,2,"AGAINST THE PROPOSITION - NO",,0,0,73,73,,
12/10/2019,"550118","CITY OF OKLAHOMA CITY",45501,"PROPOSITION  CITY OF OKLAHOMA CITY",,234,234,1,"FOR THE PROPOSITION - YES",,0,0,125,125,,
12/10/2019,"550118","CITY OF OKLAHOMA CITY",45501,"PROPOSITION  CITY OF OKLAHOMA CITY",,234,234,2,"AGAINST THE PROPOSITION - NO",,0,0,58,58,,
12/10/2019,"550119","CITY OF OKLAHOMA CITY",45501,"PROPOSITION  CITY OF OKLAHOMA CITY",,234,234,1,"FOR THE PROPOSITION - YES",,0,0,65,65,,
12/10/2019,"550119","CITY OF OKLAHOMA CITY",45501,"PROPOSITION  CITY OF OKLAHOMA CITY",,234,234,2,"AGAINST THE PROPOSITION - NO",,0,0,11,11,,
12/10/2019,"550120","CITY OF OKLAHOMA CITY",45501,"PROPOSITION  CITY OF OKLAHOMA CITY",,234,234,1,"FOR THE PROPOSITION - YES",,0,0,102,102,,
12/10/2019,"550120","CITY OF OKLAHOMA CITY",45501,"PROPOSITION  CITY OF OKLAHOMA CITY",,234,234,2,"AGAINST THE PROPOSITION - NO",,0,0,39,39,,
12/10/2019,"550121","CITY OF OKLAHOMA CITY",45501,"PROPOSITION  CITY OF OKLAHOMA CITY",,234,234,1,"FOR THE PROPOSITION - YES",,0,0,160,160,,
12/10/2019,"550121","CITY OF OKLAHOMA CITY",45501,"PROPOSITION  CITY OF OKLAHOMA CITY",,234,234,2,"AGAINST THE PROPOSITION - NO",,0,0,38,38,,
12/10/2019,"550122","CITY OF OKLAHOMA CITY",45501,"PROPOSITION  CITY OF OKLAHOMA CITY",,234,234,1,"FOR THE PROPOSITION - YES",,0,0,168,168,,
12/10/2019,"550122","CITY OF OKLAHOMA CITY",45501,"PROPOSITION  CITY OF OKLAHOMA CITY",,234,234,2,"AGAINST THE PROPOSITION - NO",,0,0,36,36,,
12/10/2019,"550123","CITY OF OKLAHOMA CITY",45501,"PROPOSITION  CITY OF OKLAHOMA CITY",,234,234,1,"FOR THE PROPOSITION - YES",,0,0,233,233,,
12/10/2019,"550123","CITY OF OKLAHOMA CITY",45501,"PROPOSITION  CITY OF OKLAHOMA CITY",,234,234,2,"AGAINST THE PROPOSITION - NO",,0,0,63,63,,
12/10/2019,"550124","CITY OF OKLAHOMA CITY",45501,"PROPOSITION  CITY OF OKLAHOMA CITY",,234,234,1,"FOR THE PROPOSITION - YES",,0,0,192,192,,
12/10/2019,"550124","CITY OF OKLAHOMA CITY",45501,"PROPOSITION  CITY OF OKLAHOMA CITY",,234,234,2,"AGAINST THE PROPOSITION - NO",,0,0,64,64,,
12/10/2019,"550125","CITY OF OKLAHOMA CITY",45501,"PROPOSITION  CITY OF OKLAHOMA CITY",,234,234,1,"FOR THE PROPOSITION - YES",,0,0,22,22,,
12/10/2019,"550125","CITY OF OKLAHOMA CITY",45501,"PROPOSITION  CITY OF OKLAHOMA CITY",,234,234,2,"AGAINST THE PROPOSITION - NO",,0,0,3,3,,
12/10/2019,"550126","CITY OF OKLAHOMA CITY",45501,"PROPOSITION  CITY OF OKLAHOMA CITY",,234,234,1,"FOR THE PROPOSITION - YES",,0,0,103,103,,
12/10/2019,"550126","CITY OF OKLAHOMA CITY",45501,"PROPOSITION  CITY OF OKLAHOMA CITY",,234,234,2,"AGAINST THE PROPOSITION - NO",,0,0,28,28,,
12/10/2019,"550127","CITY OF OKLAHOMA CITY",45501,"PROPOSITION  CITY OF OKLAHOMA CITY",,234,234,1,"FOR THE PROPOSITION - YES",,0,0,211,211,,
12/10/2019,"550127","CITY OF OKLAHOMA CITY",45501,"PROPOSITION  CITY OF OKLAHOMA CITY",,234,234,2,"AGAINST THE PROPOSITION - NO",,0,0,63,63,,
12/10/2019,"550128","CITY OF OKLAHOMA CITY",45501,"PROPOSITION  CITY OF OKLAHOMA CITY",,234,234,1,"FOR THE PROPOSITION - YES",,0,0,156,156,,
12/10/2019,"550128","CITY OF OKLAHOMA CITY",45501,"PROPOSITION  CITY OF OKLAHOMA CITY",,234,234,2,"AGAINST THE PROPOSITION - NO",,0,0,48,48,,
12/10/2019,"550129","CITY OF OKLAHOMA CITY",45501,"PROPOSITION  CITY OF OKLAHOMA CITY",,234,234,1,"FOR THE PROPOSITION - YES",,0,0,142,142,,
12/10/2019,"550129","CITY OF OKLAHOMA CITY",45501,"PROPOSITION  CITY OF OKLAHOMA CITY",,234,234,2,"AGAINST THE PROPOSITION - NO",,0,0,43,43,,
12/10/2019,"550130","CITY OF OKLAHOMA CITY",45501,"PROPOSITION  CITY OF OKLAHOMA CITY",,234,234,1,"FOR THE PROPOSITION - YES",,0,0,282,282,,
12/10/2019,"550130","CITY OF OKLAHOMA CITY",45501,"PROPOSITION  CITY OF OKLAHOMA CITY",,234,234,2,"AGAINST THE PROPOSITION - NO",,0,0,112,112,,
12/10/2019,"550131","CITY OF OKLAHOMA CITY",45501,"PROPOSITION  CITY OF OKLAHOMA CITY",,234,234,1,"FOR THE PROPOSITION - YES",,0,0,179,179,,
12/10/2019,"550131","CITY OF OKLAHOMA CITY",45501,"PROPOSITION  CITY OF OKLAHOMA CITY",,234,234,2,"AGAINST THE PROPOSITION - NO",,0,0,44,44,,
12/10/2019,"550132","CITY OF OKLAHOMA CITY",45501,"PROPOSITION  CITY OF OKLAHOMA CITY",,234,234,1,"FOR THE PROPOSITION - YES",,0,0,124,124,,
12/10/2019,"550132","CITY OF OKLAHOMA CITY",45501,"PROPOSITION  CITY OF OKLAHOMA CITY",,234,234,2,"AGAINST THE PROPOSITION - NO",,0,0,45,45,,
12/10/2019,"550133","CITY OF OKLAHOMA CITY",45501,"PROPOSITION  CITY OF OKLAHOMA CITY",,234,234,1,"FOR THE PROPOSITION - YES",,0,0,172,172,,
12/10/2019,"550133","CITY OF OKLAHOMA CITY",45501,"PROPOSITION  CITY OF OKLAHOMA CITY",,234,234,2,"AGAINST THE PROPOSITION - NO",,0,0,27,27,,
12/10/2019,"550134","CITY OF OKLAHOMA CITY",45501,"PROPOSITION  CITY OF OKLAHOMA CITY",,234,234,1,"FOR THE PROPOSITION - YES",,0,0,272,272,,
12/10/2019,"550134","CITY OF OKLAHOMA CITY",45501,"PROPOSITION  CITY OF OKLAHOMA CITY",,234,234,2,"AGAINST THE PROPOSITION - NO",,0,0,80,80,,
12/10/2019,"550135","CITY OF OKLAHOMA CITY",45501,"PROPOSITION  CITY OF OKLAHOMA CITY",,234,234,1,"FOR THE PROPOSITION - YES",,0,0,80,80,,
12/10/2019,"550135","CITY OF OKLAHOMA CITY",45501,"PROPOSITION  CITY OF OKLAHOMA CITY",,234,234,2,"AGAINST THE PROPOSITION - NO",,0,0,17,17,,
12/10/2019,"550136","CITY OF OKLAHOMA CITY",45501,"PROPOSITION  CITY OF OKLAHOMA CITY",,234,234,1,"FOR THE PROPOSITION - YES",,0,0,323,323,,
12/10/2019,"550136","CITY OF OKLAHOMA CITY",45501,"PROPOSITION  CITY OF OKLAHOMA CITY",,234,234,2,"AGAINST THE PROPOSITION - NO",,0,0,90,90,,
12/10/2019,"550137","CITY OF OKLAHOMA CITY",45501,"PROPOSITION  CITY OF OKLAHOMA CITY",,234,234,1,"FOR THE PROPOSITION - YES",,0,0,207,207,,
12/10/2019,"550137","CITY OF OKLAHOMA CITY",45501,"PROPOSITION  CITY OF OKLAHOMA CITY",,234,234,2,"AGAINST THE PROPOSITION - NO",,0,0,56,56,,
12/10/2019,"550138","CITY OF OKLAHOMA CITY",45501,"PROPOSITION  CITY OF OKLAHOMA CITY",,234,234,1,"FOR THE PROPOSITION - YES",,0,0,32,32,,
12/10/2019,"550138","CITY OF OKLAHOMA CITY",45501,"PROPOSITION  CITY OF OKLAHOMA CITY",,234,234,2,"AGAINST THE PROPOSITION - NO",,0,0,17,17,,
12/10/2019,"550139","CITY OF OKLAHOMA CITY",45501,"PROPOSITION  CITY OF OKLAHOMA CITY",,234,234,1,"FOR THE PROPOSITION - YES",,0,0,456,456,,
12/10/2019,"550139","CITY OF OKLAHOMA CITY",45501,"PROPOSITION  CITY OF OKLAHOMA CITY",,234,234,2,"AGAINST THE PROPOSITION - NO",,0,0,94,94,,
12/10/2019,"550140","CITY OF OKLAHOMA CITY",45501,"PROPOSITION  CITY OF OKLAHOMA CITY",,234,234,1,"FOR THE PROPOSITION - YES",,0,0,188,188,,
12/10/2019,"550140","CITY OF OKLAHOMA CITY",45501,"PROPOSITION  CITY OF OKLAHOMA CITY",,234,234,2,"AGAINST THE PROPOSITION - NO",,0,0,51,51,,
12/10/2019,"550141","CITY OF OKLAHOMA CITY",45501,"PROPOSITION  CITY OF OKLAHOMA CITY",,234,234,1,"FOR THE PROPOSITION - YES",,0,0,366,366,,
12/10/2019,"550141","CITY OF OKLAHOMA CITY",45501,"PROPOSITION  CITY OF OKLAHOMA CITY",,234,234,2,"AGAINST THE PROPOSITION - NO",,0,0,124,124,,
12/10/2019,"550142","CITY OF OKLAHOMA CITY",45501,"PROPOSITION  CITY OF OKLAHOMA CITY",,234,234,1,"FOR THE PROPOSITION - YES",,0,0,332,332,,
12/10/2019,"550142","CITY OF OKLAHOMA CITY",45501,"PROPOSITION  CITY OF OKLAHOMA CITY",,234,234,2,"AGAINST THE PROPOSITION - NO",,0,0,120,120,,
12/10/2019,"550143","CITY OF OKLAHOMA CITY",45501,"PROPOSITION  CITY OF OKLAHOMA CITY",,234,234,1,"FOR THE PROPOSITION - YES",,0,0,262,262,,
12/10/2019,"550143","CITY OF OKLAHOMA CITY",45501,"PROPOSITION  CITY OF OKLAHOMA CITY",,234,234,2,"AGAINST THE PROPOSITION - NO",,0,0,117,117,,
12/10/2019,"550144","CITY OF OKLAHOMA CITY",45501,"PROPOSITION  CITY OF OKLAHOMA CITY",,234,234,1,"FOR THE PROPOSITION - YES",,0,0,260,260,,
12/10/2019,"550144","CITY OF OKLAHOMA CITY",45501,"PROPOSITION  CITY OF OKLAHOMA CITY",,234,234,2,"AGAINST THE PROPOSITION - NO",,0,0,80,80,,
12/10/2019,"550145","CITY OF OKLAHOMA CITY",45501,"PROPOSITION  CITY OF OKLAHOMA CITY",,234,234,1,"FOR THE PROPOSITION - YES",,0,0,333,333,,
12/10/2019,"550145","CITY OF OKLAHOMA CITY",45501,"PROPOSITION  CITY OF OKLAHOMA CITY",,234,234,2,"AGAINST THE PROPOSITION - NO",,0,0,59,59,,
12/10/2019,"550146","CITY OF OKLAHOMA CITY",45501,"PROPOSITION  CITY OF OKLAHOMA CITY",,234,234,1,"FOR THE PROPOSITION - YES",,0,0,409,409,,
12/10/2019,"550146","CITY OF OKLAHOMA CITY",45501,"PROPOSITION  CITY OF OKLAHOMA CITY",,234,234,2,"AGAINST THE PROPOSITION - NO",,0,0,81,81,,
12/10/2019,"550147","CITY OF OKLAHOMA CITY",45501,"PROPOSITION  CITY OF OKLAHOMA CITY",,234,234,1,"FOR THE PROPOSITION - YES",,0,0,121,121,,
12/10/2019,"550147","CITY OF OKLAHOMA CITY",45501,"PROPOSITION  CITY OF OKLAHOMA CITY",,234,234,2,"AGAINST THE PROPOSITION - NO",,0,0,40,40,,
12/10/2019,"550148","CITY OF OKLAHOMA CITY",45501,"PROPOSITION  CITY OF OKLAHOMA CITY",,234,234,1,"FOR THE PROPOSITION - YES",,0,0,360,360,,
12/10/2019,"550148","CITY OF OKLAHOMA CITY",45501,"PROPOSITION  CITY OF OKLAHOMA CITY",,234,234,2,"AGAINST THE PROPOSITION - NO",,0,0,133,133,,
12/10/2019,"550149","CITY OF OKLAHOMA CITY",45501,"PROPOSITION  CITY OF OKLAHOMA CITY",,234,234,1,"FOR THE PROPOSITION - YES",,0,0,371,371,,
12/10/2019,"550149","CITY OF OKLAHOMA CITY",45501,"PROPOSITION  CITY OF OKLAHOMA CITY",,234,234,2,"AGAINST THE PROPOSITION - NO",,0,0,118,118,,
12/10/2019,"550150","CITY OF OKLAHOMA CITY",45501,"PROPOSITION  CITY OF OKLAHOMA CITY",,234,234,1,"FOR THE PROPOSITION - YES",,0,0,333,333,,
12/10/2019,"550150","CITY OF OKLAHOMA CITY",45501,"PROPOSITION  CITY OF OKLAHOMA CITY",,234,234,2,"AGAINST THE PROPOSITION - NO",,0,0,99,99,,
12/10/2019,"550151","CITY OF OKLAHOMA CITY",45501,"PROPOSITION  CITY OF OKLAHOMA CITY",,234,234,1,"FOR THE PROPOSITION - YES",,0,0,285,285,,
12/10/2019,"550151","CITY OF OKLAHOMA CITY",45501,"PROPOSITION  CITY OF OKLAHOMA CITY",,234,234,2,"AGAINST THE PROPOSITION - NO",,0,0,109,109,,
12/10/2019,"550152","CITY OF OKLAHOMA CITY",45501,"PROPOSITION  CITY OF OKLAHOMA CITY",,234,234,1,"FOR THE PROPOSITION - YES",,0,0,278,278,,
12/10/2019,"550152","CITY OF OKLAHOMA CITY",45501,"PROPOSITION  CITY OF OKLAHOMA CITY",,234,234,2,"AGAINST THE PROPOSITION - NO",,0,0,115,115,,
12/10/2019,"550153","CITY OF OKLAHOMA CITY",45501,"PROPOSITION  CITY OF OKLAHOMA CITY",,234,234,1,"FOR THE PROPOSITION - YES",,0,0,339,339,,
12/10/2019,"550153","CITY OF OKLAHOMA CITY",45501,"PROPOSITION  CITY OF OKLAHOMA CITY",,234,234,2,"AGAINST THE PROPOSITION - NO",,0,0,154,154,,
12/10/2019,"550154","CITY OF OKLAHOMA CITY",45501,"PROPOSITION  CITY OF OKLAHOMA CITY",,234,234,1,"FOR THE PROPOSITION - YES",,0,0,418,418,,
12/10/2019,"550154","CITY OF OKLAHOMA CITY",45501,"PROPOSITION  CITY OF OKLAHOMA CITY",,234,234,2,"AGAINST THE PROPOSITION - NO",,0,0,151,151,,
12/10/2019,"550155","CITY OF OKLAHOMA CITY",45501,"PROPOSITION  CITY OF OKLAHOMA CITY",,234,234,1,"FOR THE PROPOSITION - YES",,0,0,69,69,,
12/10/2019,"550155","CITY OF OKLAHOMA CITY",45501,"PROPOSITION  CITY OF OKLAHOMA CITY",,234,234,2,"AGAINST THE PROPOSITION - NO",,0,0,41,41,,
12/10/2019,"550156","CITY OF OKLAHOMA CITY",45501,"PROPOSITION  CITY OF OKLAHOMA CITY",,234,234,1,"FOR THE PROPOSITION - YES",,0,0,294,294,,
12/10/2019,"550156","CITY OF OKLAHOMA CITY",45501,"PROPOSITION  CITY OF OKLAHOMA CITY",,234,234,2,"AGAINST THE PROPOSITION - NO",,0,0,68,68,,
12/10/2019,"550157","CITY OF OKLAHOMA CITY",45501,"PROPOSITION  CITY OF OKLAHOMA CITY",,234,234,1,"FOR THE PROPOSITION - YES",,0,0,3,3,,
12/10/2019,"550157","CITY OF OKLAHOMA CITY",45501,"PROPOSITION  CITY OF OKLAHOMA CITY",,234,234,2,"AGAINST THE PROPOSITION - NO",,0,0,1,1,,
12/10/2019,"550158","CITY OF OKLAHOMA CITY",45501,"PROPOSITION  CITY OF OKLAHOMA CITY",,234,234,1,"FOR THE PROPOSITION - YES",,0,0,166,166,,
12/10/2019,"550158","CITY OF OKLAHOMA CITY",45501,"PROPOSITION  CITY OF OKLAHOMA CITY",,234,234,2,"AGAINST THE PROPOSITION - NO",,0,0,67,67,,
12/10/2019,"550159","CITY OF OKLAHOMA CITY",45501,"PROPOSITION  CITY OF OKLAHOMA CITY",,234,234,1,"FOR THE PROPOSITION - YES",,0,0,168,168,,
12/10/2019,"550159","CITY OF OKLAHOMA CITY",45501,"PROPOSITION  CITY OF OKLAHOMA CITY",,234,234,2,"AGAINST THE PROPOSITION - NO",,0,0,103,103,,
12/10/2019,"550160","CITY OF OKLAHOMA CITY",45501,"PROPOSITION  CITY OF OKLAHOMA CITY",,234,234,1,"FOR THE PROPOSITION - YES",,0,0,303,303,,
12/10/2019,"550160","CITY OF OKLAHOMA CITY",45501,"PROPOSITION  CITY OF OKLAHOMA CITY",,234,234,2,"AGAINST THE PROPOSITION - NO",,0,0,117,117,,
12/10/2019,"550161","CITY OF OKLAHOMA CITY",45501,"PROPOSITION  CITY OF OKLAHOMA CITY",,234,234,1,"FOR THE PROPOSITION - YES",,0,0,91,91,,
12/10/2019,"550161","CITY OF OKLAHOMA CITY",45501,"PROPOSITION  CITY OF OKLAHOMA CITY",,234,234,2,"AGAINST THE PROPOSITION - NO",,0,0,41,41,,
12/10/2019,"550162","CITY OF OKLAHOMA CITY",45501,"PROPOSITION  CITY OF OKLAHOMA CITY",,234,234,1,"FOR THE PROPOSITION - YES",,0,0,134,134,,
12/10/2019,"550162","CITY OF OKLAHOMA CITY",45501,"PROPOSITION  CITY OF OKLAHOMA CITY",,234,234,2,"AGAINST THE PROPOSITION - NO",,0,0,66,66,,
12/10/2019,"550163","CITY OF OKLAHOMA CITY",45501,"PROPOSITION  CITY OF OKLAHOMA CITY",,234,234,1,"FOR THE PROPOSITION - YES",,0,0,109,109,,
12/10/2019,"550163","CITY OF OKLAHOMA CITY",45501,"PROPOSITION  CITY OF OKLAHOMA CITY",,234,234,2,"AGAINST THE PROPOSITION - NO",,0,0,71,71,,
12/10/2019,"550164","CITY OF OKLAHOMA CITY",45501,"PROPOSITION  CITY OF OKLAHOMA CITY",,234,234,1,"FOR THE PROPOSITION - YES",,0,0,39,39,,
12/10/2019,"550164","CITY OF OKLAHOMA CITY",45501,"PROPOSITION  CITY OF OKLAHOMA CITY",,234,234,2,"AGAINST THE PROPOSITION - NO",,0,0,45,45,,
12/10/2019,"550165","CITY OF OKLAHOMA CITY",45501,"PROPOSITION  CITY OF OKLAHOMA CITY",,234,234,1,"FOR THE PROPOSITION - YES",,0,0,121,121,,
12/10/2019,"550165","CITY OF OKLAHOMA CITY",45501,"PROPOSITION  CITY OF OKLAHOMA CITY",,234,234,2,"AGAINST THE PROPOSITION - NO",,0,0,112,112,,
12/10/2019,"550166","CITY OF OKLAHOMA CITY",45501,"PROPOSITION  CITY OF OKLAHOMA CITY",,234,234,1,"FOR THE PROPOSITION - YES",,0,0,16,16,,
12/10/2019,"550166","CITY OF OKLAHOMA CITY",45501,"PROPOSITION  CITY OF OKLAHOMA CITY",,234,234,2,"AGAINST THE PROPOSITION - NO",,0,0,25,25,,
12/10/2019,"550167","CITY OF OKLAHOMA CITY",45501,"PROPOSITION  CITY OF OKLAHOMA CITY",,234,234,1,"FOR THE PROPOSITION - YES",,0,0,32,32,,
12/10/2019,"550167","CITY OF OKLAHOMA CITY",45501,"PROPOSITION  CITY OF OKLAHOMA CITY",,234,234,2,"AGAINST THE PROPOSITION - NO",,0,0,20,20,,
12/10/2019,"550168","CITY OF OKLAHOMA CITY",45501,"PROPOSITION  CITY OF OKLAHOMA CITY",,234,234,1,"FOR THE PROPOSITION - YES",,0,0,16,16,,
12/10/2019,"550168","CITY OF OKLAHOMA CITY",45501,"PROPOSITION  CITY OF OKLAHOMA CITY",,234,234,2,"AGAINST THE PROPOSITION - NO",,0,0,17,17,,
12/10/2019,"550169","CITY OF OKLAHOMA CITY",45501,"PROPOSITION  CITY OF OKLAHOMA CITY",,234,234,1,"FOR THE PROPOSITION - YES",,0,0,85,85,,
12/10/2019,"550169","CITY OF OKLAHOMA CITY",45501,"PROPOSITION  CITY OF OKLAHOMA CITY",,234,234,2,"AGAINST THE PROPOSITION - NO",,0,0,66,66,,
12/10/2019,"550170","CITY OF OKLAHOMA CITY",45501,"PROPOSITION  CITY OF OKLAHOMA CITY",,234,234,1,"FOR THE PROPOSITION - YES",,0,0,70,70,,
12/10/2019,"550170","CITY OF OKLAHOMA CITY",45501,"PROPOSITION  CITY OF OKLAHOMA CITY",,234,234,2,"AGAINST THE PROPOSITION - NO",,0,0,60,60,,
12/10/2019,"550171","CITY OF OKLAHOMA CITY",45501,"PROPOSITION  CITY OF OKLAHOMA CITY",,234,234,1,"FOR THE PROPOSITION - YES",,0,0,185,185,,
12/10/2019,"550171","CITY OF OKLAHOMA CITY",45501,"PROPOSITION  CITY OF OKLAHOMA CITY",,234,234,2,"AGAINST THE PROPOSITION - NO",,0,0,63,63,,
12/10/2019,"550172","CITY OF OKLAHOMA CITY",45501,"PROPOSITION  CITY OF OKLAHOMA CITY",,234,234,1,"FOR THE PROPOSITION - YES",,0,0,166,166,,
12/10/2019,"550172","CITY OF OKLAHOMA CITY",45501,"PROPOSITION  CITY OF OKLAHOMA CITY",,234,234,2,"AGAINST THE PROPOSITION - NO",,0,0,78,78,,
12/10/2019,"550173","CITY OF OKLAHOMA CITY",45501,"PROPOSITION  CITY OF OKLAHOMA CITY",,234,234,1,"FOR THE PROPOSITION - YES",,0,0,225,225,,
12/10/2019,"550173","CITY OF OKLAHOMA CITY",45501,"PROPOSITION  CITY OF OKLAHOMA CITY",,234,234,2,"AGAINST THE PROPOSITION - NO",,0,0,111,111,,
12/10/2019,"550174","CITY OF OKLAHOMA CITY",45501,"PROPOSITION  CITY OF OKLAHOMA CITY",,234,234,1,"FOR THE PROPOSITION - YES",,0,0,116,116,,
12/10/2019,"550174","CITY OF OKLAHOMA CITY",45501,"PROPOSITION  CITY OF OKLAHOMA CITY",,234,234,2,"AGAINST THE PROPOSITION - NO",,0,0,50,50,,
12/10/2019,"550175","CITY OF OKLAHOMA CITY",45501,"PROPOSITION  CITY OF OKLAHOMA CITY",,234,234,1,"FOR THE PROPOSITION - YES",,0,0,56,56,,
12/10/2019,"550175","CITY OF OKLAHOMA CITY",45501,"PROPOSITION  CITY OF OKLAHOMA CITY",,234,234,2,"AGAINST THE PROPOSITION - NO",,0,0,29,29,,
12/10/2019,"550176","CITY OF OKLAHOMA CITY",45501,"PROPOSITION  CITY OF OKLAHOMA CITY",,234,234,1,"FOR THE PROPOSITION - YES",,0,0,160,160,,
12/10/2019,"550176","CITY OF OKLAHOMA CITY",45501,"PROPOSITION  CITY OF OKLAHOMA CITY",,234,234,2,"AGAINST THE PROPOSITION - NO",,0,0,99,99,,
12/10/2019,"550177","CITY OF OKLAHOMA CITY",45501,"PROPOSITION  CITY OF OKLAHOMA CITY",,234,234,1,"FOR THE PROPOSITION - YES",,0,0,193,193,,
12/10/2019,"550177","CITY OF OKLAHOMA CITY",45501,"PROPOSITION  CITY OF OKLAHOMA CITY",,234,234,2,"AGAINST THE PROPOSITION - NO",,0,0,63,63,,
12/10/2019,"550178","CITY OF OKLAHOMA CITY",45501,"PROPOSITION  CITY OF OKLAHOMA CITY",,234,234,1,"FOR THE PROPOSITION - YES",,0,0,168,168,,
12/10/2019,"550178","CITY OF OKLAHOMA CITY",45501,"PROPOSITION  CITY OF OKLAHOMA CITY",,234,234,2,"AGAINST THE PROPOSITION - NO",,0,0,47,47,,
12/10/2019,"550179","CITY OF OKLAHOMA CITY",45501,"PROPOSITION  CITY OF OKLAHOMA CITY",,234,234,1,"FOR THE PROPOSITION - YES",,0,0,301,301,,
12/10/2019,"550179","CITY OF OKLAHOMA CITY",45501,"PROPOSITION  CITY OF OKLAHOMA CITY",,234,234,2,"AGAINST THE PROPOSITION - NO",,0,0,94,94,,
12/10/2019,"550180","CITY OF OKLAHOMA CITY",45501,"PROPOSITION  CITY OF OKLAHOMA CITY",,234,234,1,"FOR THE PROPOSITION - YES",,0,0,185,185,,
12/10/2019,"550180","CITY OF OKLAHOMA CITY",45501,"PROPOSITION  CITY OF OKLAHOMA CITY",,234,234,2,"AGAINST THE PROPOSITION - NO",,0,0,44,44,,
12/10/2019,"550181","CITY OF OKLAHOMA CITY",45501,"PROPOSITION  CITY OF OKLAHOMA CITY",,234,234,1,"FOR THE PROPOSITION - YES",,0,0,103,103,,
12/10/2019,"550181","CITY OF OKLAHOMA CITY",45501,"PROPOSITION  CITY OF OKLAHOMA CITY",,234,234,2,"AGAINST THE PROPOSITION - NO",,0,0,40,40,,
12/10/2019,"550182","CITY OF OKLAHOMA CITY",45501,"PROPOSITION  CITY OF OKLAHOMA CITY",,234,234,1,"FOR THE PROPOSITION - YES",,0,0,94,94,,
12/10/2019,"550182","CITY OF OKLAHOMA CITY",45501,"PROPOSITION  CITY OF OKLAHOMA CITY",,234,234,2,"AGAINST THE PROPOSITION - NO",,0,0,26,26,,
12/10/2019,"550183","CITY OF OKLAHOMA CITY",45501,"PROPOSITION  CITY OF OKLAHOMA CITY",,234,234,1,"FOR THE PROPOSITION - YES",,0,0,215,215,,
12/10/2019,"550183","CITY OF OKLAHOMA CITY",45501,"PROPOSITION  CITY OF OKLAHOMA CITY",,234,234,2,"AGAINST THE PROPOSITION - NO",,0,0,67,67,,
12/10/2019,"550184","CITY OF OKLAHOMA CITY",45501,"PROPOSITION  CITY OF OKLAHOMA CITY",,234,234,1,"FOR THE PROPOSITION - YES",,0,0,190,190,,
12/10/2019,"550184","CITY OF OKLAHOMA CITY",45501,"PROPOSITION  CITY OF OKLAHOMA CITY",,234,234,2,"AGAINST THE PROPOSITION - NO",,0,0,80,80,,
12/10/2019,"550185","CITY OF OKLAHOMA CITY",45501,"PROPOSITION  CITY OF OKLAHOMA CITY",,234,234,1,"FOR THE PROPOSITION - YES",,0,0,79,79,,
12/10/2019,"550185","CITY OF OKLAHOMA CITY",45501,"PROPOSITION  CITY OF OKLAHOMA CITY",,234,234,2,"AGAINST THE PROPOSITION - NO",,0,0,26,26,,
12/10/2019,"550186","CITY OF OKLAHOMA CITY",45501,"PROPOSITION  CITY OF OKLAHOMA CITY",,234,234,1,"FOR THE PROPOSITION - YES",,0,0,189,189,,
12/10/2019,"550186","CITY OF OKLAHOMA CITY",45501,"PROPOSITION  CITY OF OKLAHOMA CITY",,234,234,2,"AGAINST THE PROPOSITION - NO",,0,0,24,24,,
12/10/2019,"550187","CITY OF OKLAHOMA CITY",45501,"PROPOSITION  CITY OF OKLAHOMA CITY",,234,234,1,"FOR THE PROPOSITION - YES",,0,0,18,18,,
12/10/2019,"550187","CITY OF OKLAHOMA CITY",45501,"PROPOSITION  CITY OF OKLAHOMA CITY",,234,234,2,"AGAINST THE PROPOSITION - NO",,0,0,9,9,,
12/10/2019,"550188","CITY OF OKLAHOMA CITY",45501,"PROPOSITION  CITY OF OKLAHOMA CITY",,234,234,1,"FOR THE PROPOSITION - YES",,0,0,1,1,,
12/10/2019,"550188","CITY OF OKLAHOMA CITY",45501,"PROPOSITION  CITY OF OKLAHOMA CITY",,234,234,2,"AGAINST THE PROPOSITION - NO",,0,0,0,0,,
12/10/2019,"550189","CITY OF OKLAHOMA CITY",45501,"PROPOSITION  CITY OF OKLAHOMA CITY",,234,234,1,"FOR THE PROPOSITION - YES",,0,0,9,9,,
12/10/2019,"550189","CITY OF OKLAHOMA CITY",45501,"PROPOSITION  CITY OF OKLAHOMA CITY",,234,234,2,"AGAINST THE PROPOSITION - NO",,0,0,12,12,,
12/10/2019,"550190","CITY OF OKLAHOMA CITY",45501,"PROPOSITION  CITY OF OKLAHOMA CITY",,234,234,1,"FOR THE PROPOSITION - YES",,0,0,72,72,,
12/10/2019,"550190","CITY OF OKLAHOMA CITY",45501,"PROPOSITION  CITY OF OKLAHOMA CITY",,234,234,2,"AGAINST THE PROPOSITION - NO",,0,0,18,18,,
12/10/2019,"550191","CITY OF OKLAHOMA CITY",45501,"PROPOSITION  CITY OF OKLAHOMA CITY",,234,234,1,"FOR THE PROPOSITION - YES",,0,0,152,152,,
12/10/2019,"550191","CITY OF OKLAHOMA CITY",45501,"PROPOSITION  CITY OF OKLAHOMA CITY",,234,234,2,"AGAINST THE PROPOSITION - NO",,0,0,32,32,,
12/10/2019,"550192","CITY OF OKLAHOMA CITY",45501,"PROPOSITION  CITY OF OKLAHOMA CITY",,234,234,1,"FOR THE PROPOSITION - YES",,0,0,339,339,,
12/10/2019,"550192","CITY OF OKLAHOMA CITY",45501,"PROPOSITION  CITY OF OKLAHOMA CITY",,234,234,2,"AGAINST THE PROPOSITION - NO",,0,0,58,58,,
12/10/2019,"550193","CITY OF OKLAHOMA CITY",45501,"PROPOSITION  CITY OF OKLAHOMA CITY",,234,234,1,"FOR THE PROPOSITION - YES",,0,0,222,222,,
12/10/2019,"550193","CITY OF OKLAHOMA CITY",45501,"PROPOSITION  CITY OF OKLAHOMA CITY",,234,234,2,"AGAINST THE PROPOSITION - NO",,0,0,45,45,,
12/10/2019,"550194","CITY OF OKLAHOMA CITY",45501,"PROPOSITION  CITY OF OKLAHOMA CITY",,234,234,1,"FOR THE PROPOSITION - YES",,0,0,172,172,,
12/10/2019,"550194","CITY OF OKLAHOMA CITY",45501,"PROPOSITION  CITY OF OKLAHOMA CITY",,234,234,2,"AGAINST THE PROPOSITION - NO",,0,0,45,45,,
12/10/2019,"550195","CITY OF OKLAHOMA CITY",45501,"PROPOSITION  CITY OF OKLAHOMA CITY",,234,234,1,"FOR THE PROPOSITION - YES",,0,0,299,299,,
12/10/2019,"550195","CITY OF OKLAHOMA CITY",45501,"PROPOSITION  CITY OF OKLAHOMA CITY",,234,234,2,"AGAINST THE PROPOSITION - NO",,0,0,94,94,,
12/10/2019,"550196","CITY OF OKLAHOMA CITY",45501,"PROPOSITION  CITY OF OKLAHOMA CITY",,234,234,1,"FOR THE PROPOSITION - YES",,0,0,553,553,,
12/10/2019,"550196","CITY OF OKLAHOMA CITY",45501,"PROPOSITION  CITY OF OKLAHOMA CITY",,234,234,2,"AGAINST THE PROPOSITION - NO",,0,0,124,124,,
12/10/2019,"550197","CITY OF OKLAHOMA CITY",45501,"PROPOSITION  CITY OF OKLAHOMA CITY",,234,234,1,"FOR THE PROPOSITION - YES",,0,0,246,246,,
12/10/2019,"550197","CITY OF OKLAHOMA CITY",45501,"PROPOSITION  CITY OF OKLAHOMA CITY",,234,234,2,"AGAINST THE PROPOSITION - NO",,0,0,66,66,,
12/10/2019,"550198","CITY OF OKLAHOMA CITY",45501,"PROPOSITION  CITY OF OKLAHOMA CITY",,234,234,1,"FOR THE PROPOSITION - YES",,0,0,267,267,,
12/10/2019,"550198","CITY OF OKLAHOMA CITY",45501,"PROPOSITION  CITY OF OKLAHOMA CITY",,234,234,2,"AGAINST THE PROPOSITION - NO",,0,0,48,48,,
12/10/2019,"550199","CITY OF OKLAHOMA CITY",45501,"PROPOSITION  CITY OF OKLAHOMA CITY",,234,234,1,"FOR THE PROPOSITION - YES",,0,0,340,340,,
12/10/2019,"550199","CITY OF OKLAHOMA CITY",45501,"PROPOSITION  CITY OF OKLAHOMA CITY",,234,234,2,"AGAINST THE PROPOSITION - NO",,0,0,51,51,,
12/10/2019,"550200","CITY OF OKLAHOMA CITY",45501,"PROPOSITION  CITY OF OKLAHOMA CITY",,234,234,1,"FOR THE PROPOSITION - YES",,0,0,458,458,,
12/10/2019,"550200","CITY OF OKLAHOMA CITY",45501,"PROPOSITION  CITY OF OKLAHOMA CITY",,234,234,2,"AGAINST THE PROPOSITION - NO",,0,0,60,60,,
12/10/2019,"550201","CITY OF OKLAHOMA CITY",45501,"PROPOSITION  CITY OF OKLAHOMA CITY",,234,234,1,"FOR THE PROPOSITION - YES",,0,0,158,158,,
12/10/2019,"550201","CITY OF OKLAHOMA CITY",45501,"PROPOSITION  CITY OF OKLAHOMA CITY",,234,234,2,"AGAINST THE PROPOSITION - NO",,0,0,44,44,,
12/10/2019,"550202","CITY OF OKLAHOMA CITY",45501,"PROPOSITION  CITY OF OKLAHOMA CITY",,234,234,1,"FOR THE PROPOSITION - YES",,0,0,207,207,,
12/10/2019,"550202","CITY OF OKLAHOMA CITY",45501,"PROPOSITION  CITY OF OKLAHOMA CITY",,234,234,2,"AGAINST THE PROPOSITION - NO",,0,0,43,43,,
12/10/2019,"550203","CITY OF OKLAHOMA CITY",45501,"PROPOSITION  CITY OF OKLAHOMA CITY",,234,234,1,"FOR THE PROPOSITION - YES",,0,0,171,171,,
12/10/2019,"550203","CITY OF OKLAHOMA CITY",45501,"PROPOSITION  CITY OF OKLAHOMA CITY",,234,234,2,"AGAINST THE PROPOSITION - NO",,0,0,39,39,,
12/10/2019,"550204","CITY OF OKLAHOMA CITY",45501,"PROPOSITION  CITY OF OKLAHOMA CITY",,234,234,1,"FOR THE PROPOSITION - YES",,0,0,704,704,,
12/10/2019,"550204","CITY OF OKLAHOMA CITY",45501,"PROPOSITION  CITY OF OKLAHOMA CITY",,234,234,2,"AGAINST THE PROPOSITION - NO",,0,0,72,72,,
12/10/2019,"550205","CITY OF OKLAHOMA CITY",45501,"PROPOSITION  CITY OF OKLAHOMA CITY",,234,234,1,"FOR THE PROPOSITION - YES",,0,0,229,229,,
12/10/2019,"550205","CITY OF OKLAHOMA CITY",45501,"PROPOSITION  CITY OF OKLAHOMA CITY",,234,234,2,"AGAINST THE PROPOSITION - NO",,0,0,15,15,,
12/10/2019,"550206","CITY OF OKLAHOMA CITY",45501,"PROPOSITION  CITY OF OKLAHOMA CITY",,234,234,1,"FOR THE PROPOSITION - YES",,0,0,37,37,,
12/10/2019,"550206","CITY OF OKLAHOMA CITY",45501,"PROPOSITION  CITY OF OKLAHOMA CITY",,234,234,2,"AGAINST THE PROPOSITION - NO",,0,0,21,21,,
12/10/2019,"550207","CITY OF OKLAHOMA CITY",45501,"PROPOSITION  CITY OF OKLAHOMA CITY",,234,234,1,"FOR THE PROPOSITION - YES",,0,0,67,67,,
12/10/2019,"550207","CITY OF OKLAHOMA CITY",45501,"PROPOSITION  CITY OF OKLAHOMA CITY",,234,234,2,"AGAINST THE PROPOSITION - NO",,0,0,46,46,,
12/10/2019,"550208","CITY OF OKLAHOMA CITY",45501,"PROPOSITION  CITY OF OKLAHOMA CITY",,234,234,1,"FOR THE PROPOSITION - YES",,0,0,0,0,,
12/10/2019,"550208","CITY OF OKLAHOMA CITY",45501,"PROPOSITION  CITY OF OKLAHOMA CITY",,234,234,2,"AGAINST THE PROPOSITION - NO",,0,0,0,0,,
12/10/2019,"550209","CITY OF OKLAHOMA CITY",45501,"PROPOSITION  CITY OF OKLAHOMA CITY",,234,234,1,"FOR THE PROPOSITION - YES",,0,0,54,54,,
12/10/2019,"550209","CITY OF OKLAHOMA CITY",45501,"PROPOSITION  CITY OF OKLAHOMA CITY",,234,234,2,"AGAINST THE PROPOSITION - NO",,0,0,29,29,,
12/10/2019,"550210","CITY OF OKLAHOMA CITY",45501,"PROPOSITION  CITY OF OKLAHOMA CITY",,234,234,1,"FOR THE PROPOSITION - YES",,0,0,35,35,,
12/10/2019,"550210","CITY OF OKLAHOMA CITY",45501,"PROPOSITION  CITY OF OKLAHOMA CITY",,234,234,2,"AGAINST THE PROPOSITION - NO",,0,0,36,36,,
12/10/2019,"550211","CITY OF OKLAHOMA CITY",45501,"PROPOSITION  CITY OF OKLAHOMA CITY",,234,234,1,"FOR THE PROPOSITION - YES",,0,0,37,37,,
12/10/2019,"550211","CITY OF OKLAHOMA CITY",45501,"PROPOSITION  CITY OF OKLAHOMA CITY",,234,234,2,"AGAINST THE PROPOSITION - NO",,0,0,43,43,,
12/10/2019,"550212","CITY OF OKLAHOMA CITY",45501,"PROPOSITION  CITY OF OKLAHOMA CITY",,234,234,1,"FOR THE PROPOSITION - YES",,0,0,46,46,,
12/10/2019,"550212","CITY OF OKLAHOMA CITY",45501,"PROPOSITION  CITY OF OKLAHOMA CITY",,234,234,2,"AGAINST THE PROPOSITION - NO",,0,0,23,23,,
12/10/2019,"550213","CITY OF OKLAHOMA CITY",45501,"PROPOSITION  CITY OF OKLAHOMA CITY",,234,234,1,"FOR THE PROPOSITION - YES",,0,0,28,28,,
12/10/2019,"550213","CITY OF OKLAHOMA CITY",45501,"PROPOSITION  CITY OF OKLAHOMA CITY",,234,234,2,"AGAINST THE PROPOSITION - NO",,0,0,16,16,,
12/10/2019,"550214","CITY OF OKLAHOMA CITY",45501,"PROPOSITION  CITY OF OKLAHOMA CITY",,234,234,1,"FOR THE PROPOSITION - YES",,0,0,43,43,,
12/10/2019,"550214","CITY OF OKLAHOMA CITY",45501,"PROPOSITION  CITY OF OKLAHOMA CITY",,234,234,2,"AGAINST THE PROPOSITION - NO",,0,0,13,13,,
12/10/2019,"550215","CITY OF OKLAHOMA CITY",45501,"PROPOSITION  CITY OF OKLAHOMA CITY",,234,234,1,"FOR THE PROPOSITION - YES",,0,0,51,51,,
12/10/2019,"550215","CITY OF OKLAHOMA CITY",45501,"PROPOSITION  CITY OF OKLAHOMA CITY",,234,234,2,"AGAINST THE PROPOSITION - NO",,0,0,39,39,,
12/10/2019,"550216","CITY OF OKLAHOMA CITY",45501,"PROPOSITION  CITY OF OKLAHOMA CITY",,234,234,1,"FOR THE PROPOSITION - YES",,0,0,0,0,,
12/10/2019,"550216","CITY OF OKLAHOMA CITY",45501,"PROPOSITION  CITY OF OKLAHOMA CITY",,234,234,2,"AGAINST THE PROPOSITION - NO",,0,0,1,1,,
12/10/2019,"550217","CITY OF OKLAHOMA CITY",45501,"PROPOSITION  CITY OF OKLAHOMA CITY",,234,234,1,"FOR THE PROPOSITION - YES",,0,0,73,73,,
12/10/2019,"550217","CITY OF OKLAHOMA CITY",45501,"PROPOSITION  CITY OF OKLAHOMA CITY",,234,234,2,"AGAINST THE PROPOSITION - NO",,0,0,46,46,,
12/10/2019,"550218","CITY OF OKLAHOMA CITY",45501,"PROPOSITION  CITY OF OKLAHOMA CITY",,234,234,1,"FOR THE PROPOSITION - YES",,0,0,82,82,,
12/10/2019,"550218","CITY OF OKLAHOMA CITY",45501,"PROPOSITION  CITY OF OKLAHOMA CITY",,234,234,2,"AGAINST THE PROPOSITION - NO",,0,0,93,93,,
12/10/2019,"550219","CITY OF OKLAHOMA CITY",45501,"PROPOSITION  CITY OF OKLAHOMA CITY",,234,234,1,"FOR THE PROPOSITION - YES",,0,0,30,30,,
12/10/2019,"550219","CITY OF OKLAHOMA CITY",45501,"PROPOSITION  CITY OF OKLAHOMA CITY",,234,234,2,"AGAINST THE PROPOSITION - NO",,0,0,31,31,,
12/10/2019,"550220","CITY OF OKLAHOMA CITY",45501,"PROPOSITION  CITY OF OKLAHOMA CITY",,234,234,1,"FOR THE PROPOSITION - YES",,0,0,97,97,,
12/10/2019,"550220","CITY OF OKLAHOMA CITY",45501,"PROPOSITION  CITY OF OKLAHOMA CITY",,234,234,2,"AGAINST THE PROPOSITION - NO",,0,0,40,40,,
12/10/2019,"550221","CITY OF OKLAHOMA CITY",45501,"PROPOSITION  CITY OF OKLAHOMA CITY",,234,234,1,"FOR THE PROPOSITION - YES",,0,0,109,109,,
12/10/2019,"550221","CITY OF OKLAHOMA CITY",45501,"PROPOSITION  CITY OF OKLAHOMA CITY",,234,234,2,"AGAINST THE PROPOSITION - NO",,0,0,95,95,,
12/10/2019,"550222","CITY OF OKLAHOMA CITY",45501,"PROPOSITION  CITY OF OKLAHOMA CITY",,234,234,1,"FOR THE PROPOSITION - YES",,0,0,57,57,,
12/10/2019,"550222","CITY OF OKLAHOMA CITY",45501,"PROPOSITION  CITY OF OKLAHOMA CITY",,234,234,2,"AGAINST THE PROPOSITION - NO",,0,0,24,24,,
12/10/2019,"550223","CITY OF OKLAHOMA CITY",45501,"PROPOSITION  CITY OF OKLAHOMA CITY",,234,234,1,"FOR THE PROPOSITION - YES",,0,0,51,51,,
12/10/2019,"550223","CITY OF OKLAHOMA CITY",45501,"PROPOSITION  CITY OF OKLAHOMA CITY",,234,234,2,"AGAINST THE PROPOSITION - NO",,0,0,24,24,,
12/10/2019,"550224","CITY OF OKLAHOMA CITY",45501,"PROPOSITION  CITY OF OKLAHOMA CITY",,234,234,1,"FOR THE PROPOSITION - YES",,0,0,42,42,,
12/10/2019,"550224","CITY OF OKLAHOMA CITY",45501,"PROPOSITION  CITY OF OKLAHOMA CITY",,234,234,2,"AGAINST THE PROPOSITION - NO",,0,0,36,36,,
12/10/2019,"550225","CITY OF OKLAHOMA CITY",45501,"PROPOSITION  CITY OF OKLAHOMA CITY",,234,234,1,"FOR THE PROPOSITION - YES",,0,0,16,16,,
12/10/2019,"550225","CITY OF OKLAHOMA CITY",45501,"PROPOSITION  CITY OF OKLAHOMA CITY",,234,234,2,"AGAINST THE PROPOSITION - NO",,0,0,13,13,,
12/10/2019,"550226","CITY OF OKLAHOMA CITY",45501,"PROPOSITION  CITY OF OKLAHOMA CITY",,234,234,1,"FOR THE PROPOSITION - YES",,0,0,50,50,,
12/10/2019,"550226","CITY OF OKLAHOMA CITY",45501,"PROPOSITION  CITY OF OKLAHOMA CITY",,234,234,2,"AGAINST THE PROPOSITION - NO",,0,0,48,48,,
12/10/2019,"550227","CITY OF OKLAHOMA CITY",45501,"PROPOSITION  CITY OF OKLAHOMA CITY",,234,234,1,"FOR THE PROPOSITION - YES",,0,0,53,53,,
12/10/2019,"550227","CITY OF OKLAHOMA CITY",45501,"PROPOSITION  CITY OF OKLAHOMA CITY",,234,234,2,"AGAINST THE PROPOSITION - NO",,0,0,28,28,,
12/10/2019,"550228","CITY OF OKLAHOMA CITY",45501,"PROPOSITION  CITY OF OKLAHOMA CITY",,234,234,1,"FOR THE PROPOSITION - YES",,0,0,41,41,,
12/10/2019,"550228","CITY OF OKLAHOMA CITY",45501,"PROPOSITION  CITY OF OKLAHOMA CITY",,234,234,2,"AGAINST THE PROPOSITION - NO",,0,0,19,19,,
12/10/2019,"550229","CITY OF OKLAHOMA CITY",45501,"PROPOSITION  CITY OF OKLAHOMA CITY",,234,234,1,"FOR THE PROPOSITION - YES",,0,0,82,82,,
12/10/2019,"550229","CITY OF OKLAHOMA CITY",45501,"PROPOSITION  CITY OF OKLAHOMA CITY",,234,234,2,"AGAINST THE PROPOSITION - NO",,0,0,63,63,,
12/10/2019,"550230","CITY OF OKLAHOMA CITY",45501,"PROPOSITION  CITY OF OKLAHOMA CITY",,234,234,1,"FOR THE PROPOSITION - YES",,0,0,117,117,,
12/10/2019,"550230","CITY OF OKLAHOMA CITY",45501,"PROPOSITION  CITY OF OKLAHOMA CITY",,234,234,2,"AGAINST THE PROPOSITION - NO",,0,0,68,68,,
12/10/2019,"550231","CITY OF OKLAHOMA CITY",45501,"PROPOSITION  CITY OF OKLAHOMA CITY",,234,234,1,"FOR THE PROPOSITION - YES",,0,0,60,60,,
12/10/2019,"550231","CITY OF OKLAHOMA CITY",45501,"PROPOSITION  CITY OF OKLAHOMA CITY",,234,234,2,"AGAINST THE PROPOSITION - NO",,0,0,35,35,,
12/10/2019,"550232","CITY OF OKLAHOMA CITY",45501,"PROPOSITION  CITY OF OKLAHOMA CITY",,234,234,1,"FOR THE PROPOSITION - YES",,0,0,71,71,,
12/10/2019,"550232","CITY OF OKLAHOMA CITY",45501,"PROPOSITION  CITY OF OKLAHOMA CITY",,234,234,2,"AGAINST THE PROPOSITION - NO",,0,0,59,59,,
12/10/2019,"550233","CITY OF OKLAHOMA CITY",45501,"PROPOSITION  CITY OF OKLAHOMA CITY",,234,234,1,"FOR THE PROPOSITION - YES",,0,0,9,9,,
12/10/2019,"550233","CITY OF OKLAHOMA CITY",45501,"PROPOSITION  CITY OF OKLAHOMA CITY",,234,234,2,"AGAINST THE PROPOSITION - NO",,0,0,10,10,,
12/10/2019,"550234","CITY OF OKLAHOMA CITY",45501,"PROPOSITION  CITY OF OKLAHOMA CITY",,234,234,1,"FOR THE PROPOSITION - YES",,0,0,59,59,,
12/10/2019,"550234","CITY OF OKLAHOMA CITY",45501,"PROPOSITION  CITY OF OKLAHOMA CITY",,234,234,2,"AGAINST THE PROPOSITION - NO",,0,0,50,50,,
12/10/2019,"550235","CITY OF OKLAHOMA CITY",45501,"PROPOSITION  CITY OF OKLAHOMA CITY",,234,234,1,"FOR THE PROPOSITION - YES",,0,0,28,28,,
12/10/2019,"550235","CITY OF OKLAHOMA CITY",45501,"PROPOSITION  CITY OF OKLAHOMA CITY",,234,234,2,"AGAINST THE PROPOSITION - NO",,0,0,35,35,,
12/10/2019,"550236","CITY OF OKLAHOMA CITY",45501,"PROPOSITION  CITY OF OKLAHOMA CITY",,234,234,1,"FOR THE PROPOSITION - YES",,0,0,0,0,,
12/10/2019,"550236","CITY OF OKLAHOMA CITY",45501,"PROPOSITION  CITY OF OKLAHOMA CITY",,234,234,2,"AGAINST THE PROPOSITION - NO",,0,0,0,0,,
12/10/2019,"550237","CITY OF OKLAHOMA CITY",45501,"PROPOSITION  CITY OF OKLAHOMA CITY",,234,234,1,"FOR THE PROPOSITION - YES",,0,0,0,0,,
12/10/2019,"550237","CITY OF OKLAHOMA CITY",45501,"PROPOSITION  CITY OF OKLAHOMA CITY",,234,234,2,"AGAINST THE PROPOSITION - NO",,0,0,0,0,,
12/10/2019,"550238","CITY OF OKLAHOMA CITY",45501,"PROPOSITION  CITY OF OKLAHOMA CITY",,234,234,1,"FOR THE PROPOSITION - YES",,0,0,0,0,,
12/10/2019,"550238","CITY OF OKLAHOMA CITY",45501,"PROPOSITION  CITY OF OKLAHOMA CITY",,234,234,2,"AGAINST THE PROPOSITION - NO",,0,0,0,0,,
12/10/2019,"550239","CITY OF OKLAHOMA CITY",45501,"PROPOSITION  CITY OF OKLAHOMA CITY",,234,234,1,"FOR THE PROPOSITION - YES",,0,0,254,254,,
12/10/2019,"550239","CITY OF OKLAHOMA CITY",45501,"PROPOSITION  CITY OF OKLAHOMA CITY",,234,234,2,"AGAINST THE PROPOSITION - NO",,0,0,27,27,,
12/10/2019,"550240","CITY OF OKLAHOMA CITY",45501,"PROPOSITION  CITY OF OKLAHOMA CITY",,234,234,1,"FOR THE PROPOSITION - YES",,0,0,128,128,,
12/10/2019,"550240","CITY OF OKLAHOMA CITY",45501,"PROPOSITION  CITY OF OKLAHOMA CITY",,234,234,2,"AGAINST THE PROPOSITION - NO",,0,0,29,29,,
12/10/2019,"550241","CITY OF OKLAHOMA CITY",45501,"PROPOSITION  CITY OF OKLAHOMA CITY",,234,234,1,"FOR THE PROPOSITION - YES",,0,0,168,168,,
12/10/2019,"550241","CITY OF OKLAHOMA CITY",45501,"PROPOSITION  CITY OF OKLAHOMA CITY",,234,234,2,"AGAINST THE PROPOSITION - NO",,0,0,25,25,,
12/10/2019,"550242","CITY OF OKLAHOMA CITY",45501,"PROPOSITION  CITY OF OKLAHOMA CITY",,234,234,1,"FOR THE PROPOSITION - YES",,0,0,113,113,,
12/10/2019,"550242","CITY OF OKLAHOMA CITY",45501,"PROPOSITION  CITY OF OKLAHOMA CITY",,234,234,2,"AGAINST THE PROPOSITION - NO",,0,0,23,23,,
12/10/2019,"550243","CITY OF OKLAHOMA CITY",45501,"PROPOSITION  CITY OF OKLAHOMA CITY",,234,234,1,"FOR THE PROPOSITION - YES",,0,0,131,131,,
12/10/2019,"550243","CITY OF OKLAHOMA CITY",45501,"PROPOSITION  CITY OF OKLAHOMA CITY",,234,234,2,"AGAINST THE PROPOSITION - NO",,0,0,38,38,,
12/10/2019,"550244","CITY OF OKLAHOMA CITY",45501,"PROPOSITION  CITY OF OKLAHOMA CITY",,234,234,1,"FOR THE PROPOSITION - YES",,0,0,97,97,,
12/10/2019,"550244","CITY OF OKLAHOMA CITY",45501,"PROPOSITION  CITY OF OKLAHOMA CITY",,234,234,2,"AGAINST THE PROPOSITION - NO",,0,0,41,41,,
12/10/2019,"550245","CITY OF OKLAHOMA CITY",45501,"PROPOSITION  CITY OF OKLAHOMA CITY",,234,234,1,"FOR THE PROPOSITION - YES",,0,0,168,168,,
12/10/2019,"550245","CITY OF OKLAHOMA CITY",45501,"PROPOSITION  CITY OF OKLAHOMA CITY",,234,234,2,"AGAINST THE PROPOSITION - NO",,0,0,37,37,,
12/10/2019,"550246","CITY OF OKLAHOMA CITY",45501,"PROPOSITION  CITY OF OKLAHOMA CITY",,234,234,1,"FOR THE PROPOSITION - YES",,0,0,17,17,,
12/10/2019,"550246","CITY OF OKLAHOMA CITY",45501,"PROPOSITION  CITY OF OKLAHOMA CITY",,234,234,2,"AGAINST THE PROPOSITION - NO",,0,0,18,18,,
12/10/2019,"550247","CITY OF OKLAHOMA CITY",45501,"PROPOSITION  CITY OF OKLAHOMA CITY",,234,234,1,"FOR THE PROPOSITION - YES",,0,0,43,43,,
12/10/2019,"550247","CITY OF OKLAHOMA CITY",45501,"PROPOSITION  CITY OF OKLAHOMA CITY",,234,234,2,"AGAINST THE PROPOSITION - NO",,0,0,31,31,,
12/10/2019,"550248","CITY OF OKLAHOMA CITY",45501,"PROPOSITION  CITY OF OKLAHOMA CITY",,234,234,1,"FOR THE PROPOSITION - YES",,0,0,118,118,,
12/10/2019,"550248","CITY OF OKLAHOMA CITY",45501,"PROPOSITION  CITY OF OKLAHOMA CITY",,234,234,2,"AGAINST THE PROPOSITION - NO",,0,0,55,55,,
12/10/2019,"550249","CITY OF OKLAHOMA CITY",45501,"PROPOSITION  CITY OF OKLAHOMA CITY",,234,234,1,"FOR THE PROPOSITION - YES",,0,0,197,197,,
12/10/2019,"550249","CITY OF OKLAHOMA CITY",45501,"PROPOSITION  CITY OF OKLAHOMA CITY",,234,234,2,"AGAINST THE PROPOSITION - NO",,0,0,74,74,,
12/10/2019,"550250","CITY OF OKLAHOMA CITY",45501,"PROPOSITION  CITY OF OKLAHOMA CITY",,234,234,1,"FOR THE PROPOSITION - YES",,0,0,100,100,,
12/10/2019,"550250","CITY OF OKLAHOMA CITY",45501,"PROPOSITION  CITY OF OKLAHOMA CITY",,234,234,2,"AGAINST THE PROPOSITION - NO",,0,0,54,54,,
12/10/2019,"550251","CITY OF OKLAHOMA CITY",45501,"PROPOSITION  CITY OF OKLAHOMA CITY",,234,234,1,"FOR THE PROPOSITION - YES",,0,0,148,148,,
12/10/2019,"550251","CITY OF OKLAHOMA CITY",45501,"PROPOSITION  CITY OF OKLAHOMA CITY",,234,234,2,"AGAINST THE PROPOSITION - NO",,0,0,74,74,,
12/10/2019,"550252","CITY OF OKLAHOMA CITY",45501,"PROPOSITION  CITY OF OKLAHOMA CITY",,234,234,1,"FOR THE PROPOSITION - YES",,0,0,165,165,,
12/10/2019,"550252","CITY OF OKLAHOMA CITY",45501,"PROPOSITION  CITY OF OKLAHOMA CITY",,234,234,2,"AGAINST THE PROPOSITION - NO",,0,0,134,134,,
12/10/2019,"550253","CITY OF OKLAHOMA CITY",45501,"PROPOSITION  CITY OF OKLAHOMA CITY",,234,234,1,"FOR THE PROPOSITION - YES",,0,0,42,42,,
12/10/2019,"550253","CITY OF OKLAHOMA CITY",45501,"PROPOSITION  CITY OF OKLAHOMA CITY",,234,234,2,"AGAINST THE PROPOSITION - NO",,0,0,36,36,,
12/10/2019,"550254","CITY OF OKLAHOMA CITY",45501,"PROPOSITION  CITY OF OKLAHOMA CITY",,234,234,1,"FOR THE PROPOSITION - YES",,0,0,137,137,,
12/10/2019,"550254","CITY OF OKLAHOMA CITY",45501,"PROPOSITION  CITY OF OKLAHOMA CITY",,234,234,2,"AGAINST THE PROPOSITION - NO",,0,0,121,121,,
12/10/2019,"550255","CITY OF OKLAHOMA CITY",45501,"PROPOSITION  CITY OF OKLAHOMA CITY",,234,234,1,"FOR THE PROPOSITION - YES",,0,0,0,0,,
12/10/2019,"550255","CITY OF OKLAHOMA CITY",45501,"PROPOSITION  CITY OF OKLAHOMA CITY",,234,234,2,"AGAINST THE PROPOSITION - NO",,0,0,0,0,,
12/10/2019,"550257","CITY OF OKLAHOMA CITY",45501,"PROPOSITION  CITY OF OKLAHOMA CITY",,234,234,1,"FOR THE PROPOSITION - YES",,0,0,21,21,,
12/10/2019,"550257","CITY OF OKLAHOMA CITY",45501,"PROPOSITION  CITY OF OKLAHOMA CITY",,234,234,2,"AGAINST THE PROPOSITION - NO",,0,0,6,6,,
12/10/2019,"559999","CITY OF OKLAHOMA CITY",45501,"PROPOSITION  CITY OF OKLAHOMA CITY",,234,234,1,"FOR THE PROPOSITION - YES",,1469,665,0,2134,,
12/10/2019,"559999","CITY OF OKLAHOMA CITY",45501,"PROPOSITION  CITY OF OKLAHOMA CITY",,234,234,2,"AGAINST THE PROPOSITION - NO",,825,169,0,994,,
12/10/2019,"630025","CITY OF OKLAHOMA CITY",45501,"PROPOSITION  CITY OF OKLAHOMA CITY",,234,234,1,"FOR THE PROPOSITION - YES",,0,0,0,0,,
12/10/2019,"630025","CITY OF OKLAHOMA CITY",45501,"PROPOSITION  CITY OF OKLAHOMA CITY",,234,234,2,"AGAINST THE PROPOSITION - NO",,0,0,0,0,,
