elec_date,county,entity_description,race_number,race_description,race_party,tot_race_prec,race_prec_reporting,cand_number,cand_name,cand_party,cand_absmail_votes,cand_early_votes,cand_elecday_votes,cand_tot_votes,race_county_owner
12/12/2017,"BEAVER","BEAVER COUNTY",11001,"FOR STATE SENATOR DISTRICT 27 (UNEXPIRED TERM)",REP,7,7,1,"TOMMY W. NICHOLSON",REP,0,0,6,6,,
12/12/2017,"BEAVER","BEAVER COUNTY",11001,"FOR STATE SENATOR DISTRICT 27 (UNEXPIRED TERM)",REP,7,7,2,"MICHAEL MEDILL",REP,1,0,3,4,,
12/12/2017,"BEAVER","BEAVER COUNTY",11001,"FOR STATE SENATOR DISTRICT 27 (UNEXPIRED TERM)",REP,7,7,3,"JEFF HALL",REP,1,2,46,49,,
12/12/2017,"BEAVER","BEAVER COUNTY",11001,"FOR STATE SENATOR DISTRICT 27 (UNEXPIRED TERM)",REP,7,7,4,"TRAVIS TEMPLIN",REP,1,9,116,126,,
12/12/2017,"BEAVER","BEAVER COUNTY",11001,"FOR STATE SENATOR DISTRICT 27 (UNEXPIRED TERM)",REP,7,7,5,"CASEY MURDOCK",REP,11,22,315,348,,
12/12/2017,"BEAVER","BEAVER COUNTY",11001,"FOR STATE SENATOR DISTRICT 27 (UNEXPIRED TERM)",REP,7,7,6,"CAROLYN McLARTY",REP,2,9,97,108,,
12/12/2017,"CIMARRON","CIMARRON COUNTY",11001,"FOR STATE SENATOR DISTRICT 27 (UNEXPIRED TERM)",REP,6,6,1,"TOMMY W. NICHOLSON",REP,0,0,1,1,,
12/12/2017,"CIMARRON","CIMARRON COUNTY",11001,"FOR STATE SENATOR DISTRICT 27 (UNEXPIRED TERM)",REP,6,6,2,"MICHAEL MEDILL",REP,0,0,0,0,,
12/12/2017,"CIMARRON","CIMARRON COUNTY",11001,"FOR STATE SENATOR DISTRICT 27 (UNEXPIRED TERM)",REP,6,6,3,"JEFF HALL",REP,3,4,9,16,,
12/12/2017,"CIMARRON","CIMARRON COUNTY",11001,"FOR STATE SENATOR DISTRICT 27 (UNEXPIRED TERM)",REP,6,6,4,"TRAVIS TEMPLIN",REP,2,15,31,48,,
12/12/2017,"CIMARRON","CIMARRON COUNTY",11001,"FOR STATE SENATOR DISTRICT 27 (UNEXPIRED TERM)",REP,6,6,5,"CASEY MURDOCK",REP,8,61,201,270,,
12/12/2017,"CIMARRON","CIMARRON COUNTY",11001,"FOR STATE SENATOR DISTRICT 27 (UNEXPIRED TERM)",REP,6,6,6,"CAROLYN McLARTY",REP,4,18,70,92,,
12/12/2017,"DEWEY","DEWEY COUNTY",11001,"FOR STATE SENATOR DISTRICT 27 (UNEXPIRED TERM)",REP,9,9,1,"TOMMY W. NICHOLSON",REP,1,0,7,8,,
12/12/2017,"DEWEY","DEWEY COUNTY",11001,"FOR STATE SENATOR DISTRICT 27 (UNEXPIRED TERM)",REP,9,9,2,"MICHAEL MEDILL",REP,0,0,4,4,,
12/12/2017,"DEWEY","DEWEY COUNTY",11001,"FOR STATE SENATOR DISTRICT 27 (UNEXPIRED TERM)",REP,9,9,3,"JEFF HALL",REP,0,3,16,19,,
12/12/2017,"DEWEY","DEWEY COUNTY",11001,"FOR STATE SENATOR DISTRICT 27 (UNEXPIRED TERM)",REP,9,9,4,"TRAVIS TEMPLIN",REP,9,23,322,354,,
12/12/2017,"DEWEY","DEWEY COUNTY",11001,"FOR STATE SENATOR DISTRICT 27 (UNEXPIRED TERM)",REP,9,9,5,"CASEY MURDOCK",REP,2,8,113,123,,
12/12/2017,"DEWEY","DEWEY COUNTY",11001,"FOR STATE SENATOR DISTRICT 27 (UNEXPIRED TERM)",REP,9,9,6,"CAROLYN McLARTY",REP,1,2,68,71,,
12/12/2017,"ELLIS","ELLIS COUNTY",11001,"FOR STATE SENATOR DISTRICT 27 (UNEXPIRED TERM)",REP,7,7,1,"TOMMY W. NICHOLSON",REP,1,0,6,7,,
12/12/2017,"ELLIS","ELLIS COUNTY",11001,"FOR STATE SENATOR DISTRICT 27 (UNEXPIRED TERM)",REP,7,7,2,"MICHAEL MEDILL",REP,2,0,3,5,,
12/12/2017,"ELLIS","ELLIS COUNTY",11001,"FOR STATE SENATOR DISTRICT 27 (UNEXPIRED TERM)",REP,7,7,3,"JEFF HALL",REP,1,5,82,88,,
12/12/2017,"ELLIS","ELLIS COUNTY",11001,"FOR STATE SENATOR DISTRICT 27 (UNEXPIRED TERM)",REP,7,7,4,"TRAVIS TEMPLIN",REP,5,18,149,172,,
12/12/2017,"ELLIS","ELLIS COUNTY",11001,"FOR STATE SENATOR DISTRICT 27 (UNEXPIRED TERM)",REP,7,7,5,"CASEY MURDOCK",REP,8,9,110,127,,
12/12/2017,"ELLIS","ELLIS COUNTY",11001,"FOR STATE SENATOR DISTRICT 27 (UNEXPIRED TERM)",REP,7,7,6,"CAROLYN McLARTY",REP,8,4,64,76,,
12/12/2017,"HARPER","HARPER COUNTY",11001,"FOR STATE SENATOR DISTRICT 27 (UNEXPIRED TERM)",REP,6,6,1,"TOMMY W. NICHOLSON",REP,0,1,11,12,,
12/12/2017,"HARPER","HARPER COUNTY",11001,"FOR STATE SENATOR DISTRICT 27 (UNEXPIRED TERM)",REP,6,6,2,"MICHAEL MEDILL",REP,0,0,2,2,,
12/12/2017,"HARPER","HARPER COUNTY",11001,"FOR STATE SENATOR DISTRICT 27 (UNEXPIRED TERM)",REP,6,6,3,"JEFF HALL",REP,1,5,38,44,,
12/12/2017,"HARPER","HARPER COUNTY",11001,"FOR STATE SENATOR DISTRICT 27 (UNEXPIRED TERM)",REP,6,6,4,"TRAVIS TEMPLIN",REP,1,2,106,109,,
12/12/2017,"HARPER","HARPER COUNTY",11001,"FOR STATE SENATOR DISTRICT 27 (UNEXPIRED TERM)",REP,6,6,5,"CASEY MURDOCK",REP,3,14,126,143,,
12/12/2017,"HARPER","HARPER COUNTY",11001,"FOR STATE SENATOR DISTRICT 27 (UNEXPIRED TERM)",REP,6,6,6,"CAROLYN McLARTY",REP,1,4,41,46,,
12/12/2017,"MAJOR","MAJOR COUNTY",11001,"FOR STATE SENATOR DISTRICT 27 (UNEXPIRED TERM)",REP,8,8,1,"TOMMY W. NICHOLSON",REP,2,3,17,22,,
12/12/2017,"MAJOR","MAJOR COUNTY",11001,"FOR STATE SENATOR DISTRICT 27 (UNEXPIRED TERM)",REP,8,8,2,"MICHAEL MEDILL",REP,0,1,4,5,,
12/12/2017,"MAJOR","MAJOR COUNTY",11001,"FOR STATE SENATOR DISTRICT 27 (UNEXPIRED TERM)",REP,8,8,3,"JEFF HALL",REP,3,7,45,55,,
12/12/2017,"MAJOR","MAJOR COUNTY",11001,"FOR STATE SENATOR DISTRICT 27 (UNEXPIRED TERM)",REP,8,8,4,"TRAVIS TEMPLIN",REP,5,18,260,283,,
12/12/2017,"MAJOR","MAJOR COUNTY",11001,"FOR STATE SENATOR DISTRICT 27 (UNEXPIRED TERM)",REP,8,8,5,"CASEY MURDOCK",REP,8,16,107,131,,
12/12/2017,"MAJOR","MAJOR COUNTY",11001,"FOR STATE SENATOR DISTRICT 27 (UNEXPIRED TERM)",REP,8,8,6,"CAROLYN McLARTY",REP,6,5,172,183,,
12/12/2017,"TEXAS","TEXAS COUNTY",11001,"FOR STATE SENATOR DISTRICT 27 (UNEXPIRED TERM)",REP,11,11,1,"TOMMY W. NICHOLSON",REP,0,0,7,7,,
12/12/2017,"TEXAS","TEXAS COUNTY",11001,"FOR STATE SENATOR DISTRICT 27 (UNEXPIRED TERM)",REP,11,11,2,"MICHAEL MEDILL",REP,0,0,2,2,,
12/12/2017,"TEXAS","TEXAS COUNTY",11001,"FOR STATE SENATOR DISTRICT 27 (UNEXPIRED TERM)",REP,11,11,3,"JEFF HALL",REP,3,25,260,288,,
12/12/2017,"TEXAS","TEXAS COUNTY",11001,"FOR STATE SENATOR DISTRICT 27 (UNEXPIRED TERM)",REP,11,11,4,"TRAVIS TEMPLIN",REP,6,15,178,199,,
12/12/2017,"TEXAS","TEXAS COUNTY",11001,"FOR STATE SENATOR DISTRICT 27 (UNEXPIRED TERM)",REP,11,11,5,"CASEY MURDOCK",REP,37,64,581,682,,
12/12/2017,"TEXAS","TEXAS COUNTY",11001,"FOR STATE SENATOR DISTRICT 27 (UNEXPIRED TERM)",REP,11,11,6,"CAROLYN McLARTY",REP,4,19,186,209,,
12/12/2017,"WOODS","WOODS COUNTY",11001,"FOR STATE SENATOR DISTRICT 27 (UNEXPIRED TERM)",REP,6,6,1,"TOMMY W. NICHOLSON",REP,0,0,7,7,,
12/12/2017,"WOODS","WOODS COUNTY",11001,"FOR STATE SENATOR DISTRICT 27 (UNEXPIRED TERM)",REP,6,6,2,"MICHAEL MEDILL",REP,1,0,10,11,,
12/12/2017,"WOODS","WOODS COUNTY",11001,"FOR STATE SENATOR DISTRICT 27 (UNEXPIRED TERM)",REP,6,6,3,"JEFF HALL",REP,4,4,60,68,,
12/12/2017,"WOODS","WOODS COUNTY",11001,"FOR STATE SENATOR DISTRICT 27 (UNEXPIRED TERM)",REP,6,6,4,"TRAVIS TEMPLIN",REP,1,18,177,196,,
12/12/2017,"WOODS","WOODS COUNTY",11001,"FOR STATE SENATOR DISTRICT 27 (UNEXPIRED TERM)",REP,6,6,5,"CASEY MURDOCK",REP,11,12,121,144,,
12/12/2017,"WOODS","WOODS COUNTY",11001,"FOR STATE SENATOR DISTRICT 27 (UNEXPIRED TERM)",REP,6,6,6,"CAROLYN McLARTY",REP,1,13,110,124,,
12/12/2017,"WOODWARD","WOODWARD COUNTY",11001,"FOR STATE SENATOR DISTRICT 27 (UNEXPIRED TERM)",REP,15,15,1,"TOMMY W. NICHOLSON",REP,3,1,43,47,,
12/12/2017,"WOODWARD","WOODWARD COUNTY",11001,"FOR STATE SENATOR DISTRICT 27 (UNEXPIRED TERM)",REP,15,15,2,"MICHAEL MEDILL",REP,2,1,23,26,,
12/12/2017,"WOODWARD","WOODWARD COUNTY",11001,"FOR STATE SENATOR DISTRICT 27 (UNEXPIRED TERM)",REP,15,15,3,"JEFF HALL",REP,8,15,192,215,,
12/12/2017,"WOODWARD","WOODWARD COUNTY",11001,"FOR STATE SENATOR DISTRICT 27 (UNEXPIRED TERM)",REP,15,15,4,"TRAVIS TEMPLIN",REP,6,33,333,372,,
12/12/2017,"WOODWARD","WOODWARD COUNTY",11001,"FOR STATE SENATOR DISTRICT 27 (UNEXPIRED TERM)",REP,15,15,5,"CASEY MURDOCK",REP,5,16,196,217,,
12/12/2017,"WOODWARD","WOODWARD COUNTY",11001,"FOR STATE SENATOR DISTRICT 27 (UNEXPIRED TERM)",REP,15,15,6,"CAROLYN McLARTY",REP,15,39,559,613,,
