elec_date,county,entity_description,race_number,race_description,race_party,tot_race_prec,race_prec_reporting,cand_number,cand_name,cand_party,cand_absmail_votes,cand_early_votes,cand_elecday_votes,cand_tot_votes,race_county_owner
3/3/2015,"ADAIR","KANSAS PUBLIC SCHOOLS INDEPENDENT SCHOOL DISTRICT NO. 003",52102,"PROPOSITION  KANSAS PUBLIC SCHOOLS",,1,1,1,"FOR THE PROPOSITION - YES",,0,1,7,8,,
3/3/2015,"ADAIR","KANSAS PUBLIC SCHOOLS INDEPENDENT SCHOOL DISTRICT NO. 003",52102,"PROPOSITION  KANSAS PUBLIC SCHOOLS",,1,1,2,"AGAINST THE PROPOSITION - NO",,0,0,4,4,,
3/3/2015,"BRYAN","SILO PUBLIC SCHOOLS INDEPENDENT SCHOOL DISTRICT NO. 001",50701,"PROPOSITION NO. 1  SILO PUBLIC SCHOOLS",,7,7,1,"FOR THE PROPOSITION - YES",,4,3,266,273,,
3/3/2015,"BRYAN","SILO PUBLIC SCHOOLS INDEPENDENT SCHOOL DISTRICT NO. 001",50701,"PROPOSITION NO. 1  SILO PUBLIC SCHOOLS",,7,7,2,"AGAINST THE PROPOSITION - NO",,7,0,329,336,,
3/3/2015,"BRYAN","SILO PUBLIC SCHOOLS INDEPENDENT SCHOOL DISTRICT NO. 001",50702,"PROPOSITION NO. 2  SILO PUBLIC SCHOOLS",,7,7,1,"FOR THE PROPOSITION - YES",,4,3,248,255,,
3/3/2015,"BRYAN","SILO PUBLIC SCHOOLS INDEPENDENT SCHOOL DISTRICT NO. 001",50702,"PROPOSITION NO. 2  SILO PUBLIC SCHOOLS",,7,7,2,"AGAINST THE PROPOSITION - NO",,7,0,370,377,,
3/3/2015,"CANADIAN","CITY OF YUKON",40901,"FOR COUNCILMEMBER AT LARGE  CITY OF YUKON",,11,11,1,"EARLINE SMAISTRLA",,29,4,427,460,CANADIAN
3/3/2015,"CANADIAN","CITY OF YUKON",40901,"FOR COUNCILMEMBER AT LARGE  CITY OF YUKON",,11,11,2,"KEN SMITH",,35,10,354,399,CANADIAN
3/3/2015,"CANADIAN","CITY OF OKLAHOMA CITY",45503,"FOR COUNCILMEMBER, WARD 8  CITY OF OKLAHOMA CITY",,2,2,1,"STEVE CURRY",,2,0,3,5,CANADIAN
3/3/2015,"CANADIAN","CITY OF OKLAHOMA CITY",45503,"FOR COUNCILMEMBER, WARD 8  CITY OF OKLAHOMA CITY",,2,2,2,"JOHN ALAN EDERER",,1,0,0,1,CANADIAN
3/3/2015,"CANADIAN","CITY OF OKLAHOMA CITY",45503,"FOR COUNCILMEMBER, WARD 8  CITY OF OKLAHOMA CITY",,2,2,3,"MARK STONECIPHER",,0,0,3,3,CANADIAN
3/3/2015,"CANADIAN","UNION CITY PUBLIC SCHOOLS INDEPENDENT SCHOOL DISTRICT NO. 057",50901,"PROPOSITION  UNION CITY PUBLIC SCHOOLS",,2,2,1,"FOR THE PROPOSITION - YES",,4,2,155,161,,
3/3/2015,"CANADIAN","UNION CITY PUBLIC SCHOOLS INDEPENDENT SCHOOL DISTRICT NO. 057",50901,"PROPOSITION  UNION CITY PUBLIC SCHOOLS",,2,2,2,"AGAINST THE PROPOSITION - NO",,1,2,80,83,,
3/3/2015,"CARTER","SPRINGER PUBLIC SCHOOLS INDEPENDENT SCHOOL DISTRICT NO. 021",51001,"PROPOSITION  SPRINGER PUBLIC SCHOOLS",,2,2,1,"FOR THE PROPOSITION - YES",,0,1,87,88,,
3/3/2015,"CARTER","SPRINGER PUBLIC SCHOOLS INDEPENDENT SCHOOL DISTRICT NO. 021",51001,"PROPOSITION  SPRINGER PUBLIC SCHOOLS",,2,2,2,"AGAINST THE PROPOSITION - NO",,3,0,43,46,,
3/3/2015,"CHEROKEE","BRIGGS PUBLIC SCHOOLS ELEMENTARY SCHOOL DISTRICT NO. 044",51101,"PROPOSITION  BRIGGS PUBLIC SCHOOLS",,7,7,1,"FOR THE PROPOSITION - YES",,0,7,130,137,,
3/3/2015,"CHEROKEE","BRIGGS PUBLIC SCHOOLS ELEMENTARY SCHOOL DISTRICT NO. 044",51101,"PROPOSITION  BRIGGS PUBLIC SCHOOLS",,7,7,2,"AGAINST THE PROPOSITION - NO",,0,6,36,42,,
3/3/2015,"CHEROKEE","HULBERT PUBLIC SCHOOLS INDEPENDENT SCHOOL DISTRICT NO. 016",51102,"PROPOSITION  HULBERT PUBLIC SCHOOLS",,5,5,1,"FOR THE PROPOSITION - YES",,33,27,304,364,,
3/3/2015,"CHEROKEE","HULBERT PUBLIC SCHOOLS INDEPENDENT SCHOOL DISTRICT NO. 016",51102,"PROPOSITION  HULBERT PUBLIC SCHOOLS",,5,5,2,"AGAINST THE PROPOSITION - NO",,0,6,138,144,,
3/3/2015,"CHEROKEE","KANSAS PUBLIC SCHOOLS INDEPENDENT SCHOOL DISTRICT NO. 003",52102,"PROPOSITION  KANSAS PUBLIC SCHOOLS",,1,1,1,"FOR THE PROPOSITION - YES",,0,1,21,22,,
3/3/2015,"CHEROKEE","KANSAS PUBLIC SCHOOLS INDEPENDENT SCHOOL DISTRICT NO. 003",52102,"PROPOSITION  KANSAS PUBLIC SCHOOLS",,1,1,2,"AGAINST THE PROPOSITION - NO",,0,0,7,7,,
3/3/2015,"CIMARRON","BOISE CITY PUBLIC SCHOOLS INDEPENDENT SCHOOL DISTRICT NO. 002",51301,"PROPOSITION  BOISE CITY PUBLIC SCHOOLS",,6,6,1,"FOR THE PROPOSITION - YES",,3,18,140,161,,
3/3/2015,"CIMARRON","BOISE CITY PUBLIC SCHOOLS INDEPENDENT SCHOOL DISTRICT NO. 002",51301,"PROPOSITION  BOISE CITY PUBLIC SCHOOLS",,6,6,2,"AGAINST THE PROPOSITION - NO",,0,10,80,90,,
3/3/2015,"COTTON","COTTON COUNTY",30001,"COUNTY QUESTION",,9,9,1,"FOR THE PROPOSITION - YES",,20,60,683,763,,
3/3/2015,"COTTON","COTTON COUNTY",30001,"COUNTY QUESTION",,9,9,2,"AGAINST THE PROPOSITION - NO",,12,1,135,148,,
3/3/2015,"CREEK","CITY OF BRISTOW",41901,"FOR MAYOR  CITY OF BRISTOW",,12,12,1,"CHARLES SCHMIDT",,3,0,8,11,CREEK
3/3/2015,"CREEK","CITY OF BRISTOW",41901,"FOR MAYOR  CITY OF BRISTOW",,12,12,2,"LEONARD WASHINGTON",,4,2,382,388,CREEK
3/3/2015,"CREEK","CITY OF BRISTOW",41901,"FOR MAYOR  CITY OF BRISTOW",,12,12,3,"LEON PINSON",,5,4,367,376,CREEK
3/3/2015,"CREEK","CITY OF SAPULPA",41905,"PROPOSITION NO. 1  CITY OF SAPULPA",,17,17,1,"FOR THE PROPOSITION - YES",,21,104,1005,1130,,
3/3/2015,"CREEK","CITY OF SAPULPA",41905,"PROPOSITION NO. 1  CITY OF SAPULPA",,17,17,2,"AGAINST THE PROPOSITION - NO",,11,3,90,104,,
3/3/2015,"CREEK","CITY OF SAPULPA",41906,"PROPOSITION NO. 2  CITY OF SAPULPA",,17,17,1,"FOR THE PROPOSITION - YES",,21,103,1001,1125,,
3/3/2015,"CREEK","CITY OF SAPULPA",41906,"PROPOSITION NO. 2  CITY OF SAPULPA",,17,17,2,"AGAINST THE PROPOSITION - NO",,11,4,95,110,,
3/3/2015,"CREEK","CITY OF SAPULPA",41907,"PROPOSITION NO. 3  CITY OF SAPULPA",,17,17,1,"FOR THE PROPOSITION - YES",,21,101,926,1048,,
3/3/2015,"CREEK","CITY OF SAPULPA",41907,"PROPOSITION NO. 3  CITY OF SAPULPA",,17,17,2,"AGAINST THE PROPOSITION - NO",,11,5,162,178,,
3/3/2015,"CREEK","CITY OF SAPULPA",41908,"PROPOSITION NO. 4  CITY OF SAPULPA",,17,17,1,"FOR THE PROPOSITION - YES",,20,99,901,1020,,
3/3/2015,"CREEK","CITY OF SAPULPA",41908,"PROPOSITION NO. 4  CITY OF SAPULPA",,17,17,2,"AGAINST THE PROPOSITION - NO",,12,8,192,212,,
3/3/2015,"CREEK","CITY OF BRISTOW",41909,"FOR COUNCILMEMBER WARD 1  CITY OF BRISTOW",,12,12,1,"FRANK GROOM",,2,0,54,56,CREEK
3/3/2015,"CREEK","CITY OF BRISTOW",41909,"FOR COUNCILMEMBER WARD 1  CITY OF BRISTOW",,12,12,2,"EDMOND TEX SLYMAN",,3,2,102,107,CREEK
3/3/2015,"CREEK","CITY OF BRISTOW",41909,"FOR COUNCILMEMBER WARD 1  CITY OF BRISTOW",,12,12,3,"TOM GASKINS",,2,0,39,41,CREEK
3/3/2015,"CREEK","CITY OF BRISTOW",41911,"FOR COUNCILMEMBER WARD 3  CITY OF BRISTOW",,2,2,1,"TRUDY DARNELL",,1,0,70,71,CREEK
3/3/2015,"CREEK","CITY OF BRISTOW",41911,"FOR COUNCILMEMBER WARD 3  CITY OF BRISTOW",,2,2,2,"JEFFREY L. ROBERTS",,0,2,99,101,CREEK
3/3/2015,"CREEK","CITY OF BRISTOW",41912,"FOR COUNCILMEMBER WARD 4  CITY OF BRISTOW",,4,4,1,"EDGAR SPENCER",,0,0,114,114,CREEK
3/3/2015,"CREEK","CITY OF BRISTOW",41912,"FOR COUNCILMEMBER WARD 4  CITY OF BRISTOW",,4,4,2,"LETHA GRACE CAUDLE",,0,0,40,40,CREEK
3/3/2015,"CREEK","CITY OF BRISTOW",41912,"FOR COUNCILMEMBER WARD 4  CITY OF BRISTOW",,4,4,3,"JOE OLDHAM",,1,2,83,86,CREEK
3/3/2015,"CREEK","CITY OF BRISTOW",41914,"FOR COUNCILMEMBER WARD 4 (UNEXPIRED TERM)  CITY OF BRISTOW",,4,4,1,"LARRY KYSAR",,0,2,101,103,CREEK
3/3/2015,"CREEK","CITY OF BRISTOW",41914,"FOR COUNCILMEMBER WARD 4 (UNEXPIRED TERM)  CITY OF BRISTOW",,4,4,2,"JEFF WILLEFORD",,1,0,137,138,CREEK
3/3/2015,"CREEK","GYPSY PUBLIC SCHOOL ELEMENTARY SCHOOL DISTRICT NO. 012",51901,"PROPOSITION  GYPSY PUBLIC SCHOOL",,3,3,1,"FOR THE PROPOSITION - YES",,0,0,53,53,,
3/3/2015,"CREEK","GYPSY PUBLIC SCHOOL ELEMENTARY SCHOOL DISTRICT NO. 012",51901,"PROPOSITION  GYPSY PUBLIC SCHOOL",,3,3,2,"AGAINST THE PROPOSITION - NO",,0,1,29,30,,
3/3/2015,"CREEK","TULSA PUBLIC SCHOOLS INDEPENDENT SCHOOL DISTRICT NO. 001",57201,"PROPOSITION NO. 1  TULSA PUBLIC SCHOOLS",,3,3,1,"FOR THE PROPOSITION - YES",,0,0,0,0,,
3/3/2015,"CREEK","TULSA PUBLIC SCHOOLS INDEPENDENT SCHOOL DISTRICT NO. 001",57201,"PROPOSITION NO. 1  TULSA PUBLIC SCHOOLS",,3,3,2,"AGAINST THE PROPOSITION - NO",,0,0,0,0,,
3/3/2015,"CREEK","TULSA PUBLIC SCHOOLS INDEPENDENT SCHOOL DISTRICT NO. 001",57202,"PROPOSITION NO. 2  TULSA PUBLIC SCHOOLS",,3,3,1,"FOR THE PROPOSITION - YES",,0,0,0,0,,
3/3/2015,"CREEK","TULSA PUBLIC SCHOOLS INDEPENDENT SCHOOL DISTRICT NO. 001",57202,"PROPOSITION NO. 2  TULSA PUBLIC SCHOOLS",,3,3,2,"AGAINST THE PROPOSITION - NO",,0,0,0,0,,
3/3/2015,"CREEK","TULSA PUBLIC SCHOOLS INDEPENDENT SCHOOL DISTRICT NO. 001",57203,"PROPOSITION NO. 3  TULSA PUBLIC SCHOOLS",,3,3,1,"FOR THE PROPOSITION - YES",,0,0,0,0,,
3/3/2015,"CREEK","TULSA PUBLIC SCHOOLS INDEPENDENT SCHOOL DISTRICT NO. 001",57203,"PROPOSITION NO. 3  TULSA PUBLIC SCHOOLS",,3,3,2,"AGAINST THE PROPOSITION - NO",,0,0,0,0,,
3/3/2015,"CREEK","TULSA PUBLIC SCHOOLS INDEPENDENT SCHOOL DISTRICT NO. 001",57204,"PROPOSITION NO. 4  TULSA PUBLIC SCHOOLS",,3,3,1,"FOR THE PROPOSITION - YES",,0,0,0,0,,
3/3/2015,"CREEK","TULSA PUBLIC SCHOOLS INDEPENDENT SCHOOL DISTRICT NO. 001",57204,"PROPOSITION NO. 4  TULSA PUBLIC SCHOOLS",,3,3,2,"AGAINST THE PROPOSITION - NO",,0,0,0,0,,
3/3/2015,"CREEK","KEYSTONE PUBLIC SCHOOL ELEMENTARY SCHOOL DISTRICT NO. 015",57207,"PROPOSITION NO. 1  KEYSTONE PUBLIC SCHOOL",,2,2,1,"FOR THE PROPOSITION - YES",,0,0,0,0,,
3/3/2015,"CREEK","KEYSTONE PUBLIC SCHOOL ELEMENTARY SCHOOL DISTRICT NO. 015",57207,"PROPOSITION NO. 1  KEYSTONE PUBLIC SCHOOL",,2,2,2,"AGAINST THE PROPOSITION - NO",,0,0,0,0,,
3/3/2015,"CREEK","KEYSTONE PUBLIC SCHOOL ELEMENTARY SCHOOL DISTRICT NO. 015",57208,"PROPOSITION NO. 2  KEYSTONE PUBLIC SCHOOL",,2,2,1,"FOR THE PROPOSITION - YES",,0,0,0,0,,
3/3/2015,"CREEK","KEYSTONE PUBLIC SCHOOL ELEMENTARY SCHOOL DISTRICT NO. 015",57208,"PROPOSITION NO. 2  KEYSTONE PUBLIC SCHOOL",,2,2,2,"AGAINST THE PROPOSITION - NO",,0,0,0,0,,
3/3/2015,"DELAWARE","GROVE PUBLIC SCHOOLS INDEPENDENT SCHOOL DISTRICT NO. 002",52101,"PROPOSITION  GROVE PUBLIC SCHOOLS",,9,9,1,"FOR THE PROPOSITION - YES",,35,23,1337,1395,,
3/3/2015,"DELAWARE","GROVE PUBLIC SCHOOLS INDEPENDENT SCHOOL DISTRICT NO. 002",52101,"PROPOSITION  GROVE PUBLIC SCHOOLS",,9,9,2,"AGAINST THE PROPOSITION - NO",,34,2,330,366,,
3/3/2015,"DELAWARE","KANSAS PUBLIC SCHOOLS INDEPENDENT SCHOOL DISTRICT NO. 003",52102,"PROPOSITION  KANSAS PUBLIC SCHOOLS",,6,6,1,"FOR THE PROPOSITION - YES",,51,2,248,301,,
3/3/2015,"DELAWARE","KANSAS PUBLIC SCHOOLS INDEPENDENT SCHOOL DISTRICT NO. 003",52102,"PROPOSITION  KANSAS PUBLIC SCHOOLS",,6,6,2,"AGAINST THE PROPOSITION - NO",,3,0,100,103,,
3/3/2015,"GARVIN","CITY OF LINDSAY",42502,"FOR COUNCILMEMBER (UNEXPIRED TERM)  CITY OF LINDSAY",,2,2,1,"MARK F MYERS",,0,0,55,55,GARVIN
3/3/2015,"GARVIN","CITY OF LINDSAY",42502,"FOR COUNCILMEMBER (UNEXPIRED TERM)  CITY OF LINDSAY",,2,2,2,"ANGEL WILBOURN",,0,0,27,27,GARVIN
3/3/2015,"GARVIN","CITY OF LINDSAY",42502,"FOR COUNCILMEMBER (UNEXPIRED TERM)  CITY OF LINDSAY",,2,2,3,"JAKE POOL",,2,0,32,34,GARVIN
3/3/2015,"GARVIN","CITY OF LINDSAY",42502,"FOR COUNCILMEMBER (UNEXPIRED TERM)  CITY OF LINDSAY",,2,2,4,"BECKY ERICKSON",,0,0,11,11,GARVIN
3/3/2015,"GRADY","RUSH SPRINGS PUBLIC SCHOOLS INDEPENDENT SCHOOL DISTRICT NO. 068",52601,"PROPOSITION  RUSH SPRINGS PUBLIC SCHOOLS",,4,4,1,"FOR THE PROPOSITION - YES",,11,8,398,417,,
3/3/2015,"GRADY","RUSH SPRINGS PUBLIC SCHOOLS INDEPENDENT SCHOOL DISTRICT NO. 068",52601,"PROPOSITION  RUSH SPRINGS PUBLIC SCHOOLS",,4,4,2,"AGAINST THE PROPOSITION - NO",,4,9,362,375,,
3/3/2015,"GRADY","TUTTLE PUBLIC SCHOOLS INDEPENDENT SCHOOL DISTRICT NO. 097",52602,"PROPOSITION NO. 1  TUTTLE PUBLIC SCHOOLS",,6,6,1,"FOR THE PROPOSITION - YES",,32,1,816,849,,
3/3/2015,"GRADY","TUTTLE PUBLIC SCHOOLS INDEPENDENT SCHOOL DISTRICT NO. 097",52602,"PROPOSITION NO. 1  TUTTLE PUBLIC SCHOOLS",,6,6,2,"AGAINST THE PROPOSITION - NO",,12,1,140,153,,
3/3/2015,"GRADY","TUTTLE PUBLIC SCHOOLS INDEPENDENT SCHOOL DISTRICT NO. 097",52603,"PROPOSITION NO. 2  TUTTLE PUBLIC SCHOOLS",,6,6,1,"FOR THE PROPOSITION - YES",,35,1,824,860,,
3/3/2015,"GRADY","TUTTLE PUBLIC SCHOOLS INDEPENDENT SCHOOL DISTRICT NO. 097",52603,"PROPOSITION NO. 2  TUTTLE PUBLIC SCHOOLS",,6,6,2,"AGAINST THE PROPOSITION - NO",,10,1,133,144,,
3/3/2015,"HASKELL","KINTA PUBLIC SCHOOLS INDEPENDENT SCHOOL DISTRICT NO. 013",53101,"PROPOSITION NO. 1  KINTA PUBLIC SCHOOLS",,3,3,1,"FOR THE PROPOSITION - YES",,1,5,131,137,,
3/3/2015,"HASKELL","KINTA PUBLIC SCHOOLS INDEPENDENT SCHOOL DISTRICT NO. 013",53101,"PROPOSITION NO. 1  KINTA PUBLIC SCHOOLS",,3,3,2,"AGAINST THE PROPOSITION - NO",,0,0,74,74,,
3/3/2015,"HASKELL","KINTA PUBLIC SCHOOLS INDEPENDENT SCHOOL DISTRICT NO. 013",53102,"PROPOSITION NO. 2  KINTA PUBLIC SCHOOLS",,3,3,1,"FOR THE PROPOSITION - YES",,1,5,132,138,,
3/3/2015,"HASKELL","KINTA PUBLIC SCHOOLS INDEPENDENT SCHOOL DISTRICT NO. 013",53102,"PROPOSITION NO. 2  KINTA PUBLIC SCHOOLS",,3,3,2,"AGAINST THE PROPOSITION - NO",,0,1,74,75,,
3/3/2015,"KAY","CITY OF NEWKIRK",43601,"FOR MAYOR  CITY OF NEWKIRK",,1,1,1,"MICHAEL JONES",,0,1,20,21,KAY
3/3/2015,"KAY","CITY OF NEWKIRK",43601,"FOR MAYOR  CITY OF NEWKIRK",,1,1,2,"JUSTIN BEARD",,2,33,254,289,KAY
3/3/2015,"KAY","CITY OF NEWKIRK",43601,"FOR MAYOR  CITY OF NEWKIRK",,1,1,3,"BRIAN  HOBBS",,1,13,111,125,KAY
3/3/2015,"KAY","NEWKIRK PUBLIC SCHOOLS INDEPENDENT SCHOOL DISTRICT NO. 125",53601,"PROPOSITION  NEWKIRK PUBLIC SCHOOLS",,8,8,1,"FOR THE PROPOSITION - YES",,0,28,302,330,,
3/3/2015,"KAY","NEWKIRK PUBLIC SCHOOLS INDEPENDENT SCHOOL DISTRICT NO. 125",53601,"PROPOSITION  NEWKIRK PUBLIC SCHOOLS",,8,8,2,"AGAINST THE PROPOSITION - NO",,4,39,313,356,,
3/3/2015,"KIOWA","HOBART PUBLIC SCHOOLS INDEPENDENT SCHOOL DISTRICT NO. 001",53801,"PROPOSITION NO. 1  HOBART PUBLIC SCHOOLS",,7,7,1,"FOR THE PROPOSITION - YES",,11,29,269,309,,
3/3/2015,"KIOWA","HOBART PUBLIC SCHOOLS INDEPENDENT SCHOOL DISTRICT NO. 001",53801,"PROPOSITION NO. 1  HOBART PUBLIC SCHOOLS",,7,7,2,"AGAINST THE PROPOSITION - NO",,1,11,143,155,,
3/3/2015,"KIOWA","HOBART PUBLIC SCHOOLS INDEPENDENT SCHOOL DISTRICT NO. 001",53802,"PROPOSITION NO. 2  HOBART PUBLIC SCHOOLS",,7,7,1,"FOR THE PROPOSITION - YES",,10,29,278,317,,
3/3/2015,"KIOWA","HOBART PUBLIC SCHOOLS INDEPENDENT SCHOOL DISTRICT NO. 001",53802,"PROPOSITION NO. 2  HOBART PUBLIC SCHOOLS",,7,7,2,"AGAINST THE PROPOSITION - NO",,1,12,140,153,,
3/3/2015,"LEFLORE","SPIRO PUBLIC SCHOOLS INDEPENDENT SCHOOL DISTRICT NO. 002",54001,"PROPOSITION  SPIRO PUBLIC SCHOOLS",,7,7,1,"FOR THE PROPOSITION - YES",,9,4,281,294,,
3/3/2015,"LEFLORE","SPIRO PUBLIC SCHOOLS INDEPENDENT SCHOOL DISTRICT NO. 002",54001,"PROPOSITION  SPIRO PUBLIC SCHOOLS",,7,7,2,"AGAINST THE PROPOSITION - NO",,2,3,151,156,,
3/3/2015,"LOVE","CITY OF MARIETTA",44301,"PROPOSITION  CITY OF MARIETTA",,3,3,1,"FOR THE PROPOSITION - YES",,0,5,88,93,,
3/3/2015,"LOVE","CITY OF MARIETTA",44301,"PROPOSITION  CITY OF MARIETTA",,3,3,2,"AGAINST THE PROPOSITION - NO",,0,2,74,76,,
3/3/2015,"MCCLAIN","WASHINGTON PUBLIC SCHOOLS INDEPENDENT SCHOOL DISTRICT NO. 005",54401,"PROPOSITION  WASHINGTON PUBLIC SCHOOLS",,9,9,1,"FOR THE PROPOSITION - YES",,7,8,215,230,,
3/3/2015,"MCCLAIN","WASHINGTON PUBLIC SCHOOLS INDEPENDENT SCHOOL DISTRICT NO. 005",54401,"PROPOSITION  WASHINGTON PUBLIC SCHOOLS",,9,9,2,"AGAINST THE PROPOSITION - NO",,5,8,148,161,,
3/3/2015,"MCCURTAIN","FOREST GROVE PUBLIC SCHOOL ELEMENTARY SCHOOL DISTRICT NO. 001",54501,"PROPOSITION  FOREST GROVE PUBLIC SCHOOL",,5,5,1,"FOR THE PROPOSITION - YES",,2,4,58,64,,
3/3/2015,"MCCURTAIN","FOREST GROVE PUBLIC SCHOOL ELEMENTARY SCHOOL DISTRICT NO. 001",54501,"PROPOSITION  FOREST GROVE PUBLIC SCHOOL",,5,5,2,"AGAINST THE PROPOSITION - NO",,0,2,63,65,,
3/3/2015,"MCINTOSH","WARNER PUBLIC SCHOOLS INDEPENDENT SCHOOL DISTRICT NO. 074",55103,"PROPOSITION  WARNER PUBLIC SCHOOLS",,1,1,1,"FOR THE PROPOSITION - YES",,0,0,0,0,,
3/3/2015,"MCINTOSH","WARNER PUBLIC SCHOOLS INDEPENDENT SCHOOL DISTRICT NO. 074",55103,"PROPOSITION  WARNER PUBLIC SCHOOLS",,1,1,2,"AGAINST THE PROPOSITION - NO",,0,0,0,0,,
3/3/2015,"MCINTOSH","HENRYETTA PUBLIC SCHOOLS INDEPENDENT SCHOOL DISTRICT NO. 002",55601,"PROPOSITION  HENRYETTA PUBLIC SCHOOLS",,1,1,1,"FOR THE PROPOSITION - YES",,0,0,0,0,,
3/3/2015,"MCINTOSH","HENRYETTA PUBLIC SCHOOLS INDEPENDENT SCHOOL DISTRICT NO. 002",55601,"PROPOSITION  HENRYETTA PUBLIC SCHOOLS",,1,1,2,"AGAINST THE PROPOSITION - NO",,0,0,0,0,,
3/3/2015,"MARSHALL","MADILL PUBLIC SCHOOLS INDEPENDENT SCHOOL DISTRICT NO. 002",54801,"PROPOSITION NO. 1  MADILL PUBLIC SCHOOLS",,8,8,1,"FOR THE PROPOSITION - YES",,10,17,381,408,,
3/3/2015,"MARSHALL","MADILL PUBLIC SCHOOLS INDEPENDENT SCHOOL DISTRICT NO. 002",54801,"PROPOSITION NO. 1  MADILL PUBLIC SCHOOLS",,8,8,2,"AGAINST THE PROPOSITION - NO",,14,21,186,221,,
3/3/2015,"MARSHALL","MADILL PUBLIC SCHOOLS INDEPENDENT SCHOOL DISTRICT NO. 002",54802,"PROPOSITION NO. 2  MADILL PUBLIC SCHOOLS",,8,8,1,"FOR THE PROPOSITION - YES",,13,18,403,434,,
3/3/2015,"MARSHALL","MADILL PUBLIC SCHOOLS INDEPENDENT SCHOOL DISTRICT NO. 002",54802,"PROPOSITION NO. 2  MADILL PUBLIC SCHOOLS",,8,8,2,"AGAINST THE PROPOSITION - NO",,11,20,177,208,,
3/3/2015,"MAYES","OSAGE PUBLIC SCHOOL ELEMENTARY SCHOOL DISTRICT NO. 043",54901,"PROPOSITION  OSAGE PUBLIC SCHOOL",,3,3,1,"FOR THE PROPOSITION - YES",,2,2,47,51,,
3/3/2015,"MAYES","OSAGE PUBLIC SCHOOL ELEMENTARY SCHOOL DISTRICT NO. 043",54901,"PROPOSITION  OSAGE PUBLIC SCHOOL",,3,3,2,"AGAINST THE PROPOSITION - NO",,0,0,8,8,,
3/3/2015,"MUSKOGEE","HASKELL PUBLIC SCHOOLS INDEPENDENT SCHOOL DISTRICT NO. 002",55101,"PROPOSITION NO. 1  HASKELL PUBLIC SCHOOLS",,5,5,1,"FOR THE PROPOSITION - YES",,0,0,251,251,,
3/3/2015,"MUSKOGEE","HASKELL PUBLIC SCHOOLS INDEPENDENT SCHOOL DISTRICT NO. 002",55101,"PROPOSITION NO. 1  HASKELL PUBLIC SCHOOLS",,5,5,2,"AGAINST THE PROPOSITION - NO",,2,0,80,82,,
3/3/2015,"MUSKOGEE","HASKELL PUBLIC SCHOOLS INDEPENDENT SCHOOL DISTRICT NO. 002",55102,"PROPOSITION NO. 2  HASKELL PUBLIC SCHOOLS",,5,5,1,"FOR THE PROPOSITION - YES",,2,0,288,290,,
3/3/2015,"MUSKOGEE","HASKELL PUBLIC SCHOOLS INDEPENDENT SCHOOL DISTRICT NO. 002",55102,"PROPOSITION NO. 2  HASKELL PUBLIC SCHOOLS",,5,5,2,"AGAINST THE PROPOSITION - NO",,2,0,50,52,,
3/3/2015,"MUSKOGEE","WARNER PUBLIC SCHOOLS INDEPENDENT SCHOOL DISTRICT NO. 074",55103,"PROPOSITION  WARNER PUBLIC SCHOOLS",,7,7,1,"FOR THE PROPOSITION - YES",,0,5,175,180,,
3/3/2015,"MUSKOGEE","WARNER PUBLIC SCHOOLS INDEPENDENT SCHOOL DISTRICT NO. 074",55103,"PROPOSITION  WARNER PUBLIC SCHOOLS",,7,7,2,"AGAINST THE PROPOSITION - NO",,1,2,32,35,,
3/3/2015,"NOBLE","NOBLE COUNTY",30002,"COUNTY QUESTION NO. 1",,12,12,1,"FOR THE PROPOSITION - YES",,28,106,503,637,,
3/3/2015,"NOBLE","NOBLE COUNTY",30002,"COUNTY QUESTION NO. 1",,12,12,2,"AGAINST THE PROPOSITION - NO",,11,9,45,65,,
3/3/2015,"NOBLE","NOBLE COUNTY",30003,"COUNTY QUESTION NO. 2",,12,12,1,"FOR THE PROPOSITION - YES",,26,103,466,595,,
3/3/2015,"NOBLE","NOBLE COUNTY",30003,"COUNTY QUESTION NO. 2",,12,12,2,"AGAINST THE PROPOSITION - NO",,15,15,91,121,,
3/3/2015,"OKLAHOMA","CITY OF OKLAHOMA CITY",45501,"FOR COUNCILMEMBER, WARD 2  CITY OF OKLAHOMA CITY",,34,34,1,"JOHN RILEY",,22,4,183,209,OKLAHOMA
3/3/2015,"OKLAHOMA","CITY OF OKLAHOMA CITY",45501,"FOR COUNCILMEMBER, WARD 2  CITY OF OKLAHOMA CITY",,34,34,2,"MAJOR L. JEMISON",,40,9,824,873,OKLAHOMA
3/3/2015,"OKLAHOMA","CITY OF OKLAHOMA CITY",45501,"FOR COUNCILMEMBER, WARD 2  CITY OF OKLAHOMA CITY",,34,34,3,"JAMES COOPER",,35,13,632,680,OKLAHOMA
3/3/2015,"OKLAHOMA","CITY OF OKLAHOMA CITY",45501,"FOR COUNCILMEMBER, WARD 2  CITY OF OKLAHOMA CITY",,34,34,4,"ED SHADID",,193,45,2309,2547,OKLAHOMA
3/3/2015,"OKLAHOMA","CITY OF OKLAHOMA CITY",45502,"FOR COUNCILMEMBER, WARD 6  CITY OF OKLAHOMA CITY",,28,28,1,"BOB WALDROP",,27,9,461,497,OKLAHOMA
3/3/2015,"OKLAHOMA","CITY OF OKLAHOMA CITY",45502,"FOR COUNCILMEMBER, WARD 6  CITY OF OKLAHOMA CITY",,28,28,2,"MEG SALYER",,50,8,617,675,OKLAHOMA
3/3/2015,"OKLAHOMA","CITY OF OKLAHOMA CITY",45502,"FOR COUNCILMEMBER, WARD 6  CITY OF OKLAHOMA CITY",,28,28,3,"DARIO ALVARADO",,3,1,80,84,OKLAHOMA
3/3/2015,"OKLAHOMA","CITY OF OKLAHOMA CITY",45503,"FOR COUNCILMEMBER, WARD 8  CITY OF OKLAHOMA CITY",,28,28,1,"STEVE CURRY",,82,4,942,1028,OKLAHOMA
3/3/2015,"OKLAHOMA","CITY OF OKLAHOMA CITY",45503,"FOR COUNCILMEMBER, WARD 8  CITY OF OKLAHOMA CITY",,28,28,2,"JOHN ALAN EDERER",,12,1,125,138,OKLAHOMA
3/3/2015,"OKLAHOMA","CITY OF OKLAHOMA CITY",45503,"FOR COUNCILMEMBER, WARD 8  CITY OF OKLAHOMA CITY",,28,28,3,"MARK STONECIPHER",,189,14,1553,1756,OKLAHOMA
3/3/2015,"OKLAHOMA","CITY OF BETHANY",45504,"FOR COUNCILMEMBER, WARD 1  CITY OF BETHANY",,4,4,1,"APRIL R. LIPP",,1,0,69,70,OKLAHOMA
3/3/2015,"OKLAHOMA","CITY OF BETHANY",45504,"FOR COUNCILMEMBER, WARD 1  CITY OF BETHANY",,4,4,2,"CURTIS MOORE",,8,0,93,101,OKLAHOMA
3/3/2015,"OKLAHOMA","CITY OF DEL CITY",45505,"FOR MAYOR  CITY OF DEL CITY",,6,6,1,"BRIAN LINLEY",,53,2,458,513,OKLAHOMA
3/3/2015,"OKLAHOMA","CITY OF DEL CITY",45505,"FOR MAYOR  CITY OF DEL CITY",,6,6,2,"BEVERLY J. SMITH",,8,1,173,182,OKLAHOMA
3/3/2015,"OKLAHOMA","CITY OF DEL CITY",45506,"FOR COUNCILPERSON, WARD 3  CITY OF DEL CITY",,2,2,1,"KEN BARTLETT",,17,0,161,178,OKLAHOMA
3/3/2015,"OKLAHOMA","CITY OF DEL CITY",45506,"FOR COUNCILPERSON, WARD 3  CITY OF DEL CITY",,2,2,2,"DAVID HARRISON",,4,0,82,86,OKLAHOMA
3/3/2015,"OKLAHOMA","CITY OF WARR ACRES",45507,"FOR COUNCILMAN, WARD 2  CITY OF WARR ACRES",,3,3,1,"STEWART SHAPIRO",,6,0,71,77,OKLAHOMA
3/3/2015,"OKLAHOMA","CITY OF WARR ACRES",45507,"FOR COUNCILMAN, WARD 2  CITY OF WARR ACRES",,3,3,2,"J.M. MORALES JR.",,1,2,27,30,OKLAHOMA
3/3/2015,"OKMULGEE","HASKELL PUBLIC SCHOOLS INDEPENDENT SCHOOL DISTRICT NO. 002",55101,"PROPOSITION NO. 1  HASKELL PUBLIC SCHOOLS",,1,1,1,"FOR THE PROPOSITION - YES",,0,0,0,0,,
3/3/2015,"OKMULGEE","HASKELL PUBLIC SCHOOLS INDEPENDENT SCHOOL DISTRICT NO. 002",55101,"PROPOSITION NO. 1  HASKELL PUBLIC SCHOOLS",,1,1,2,"AGAINST THE PROPOSITION - NO",,0,0,2,2,,
3/3/2015,"OKMULGEE","HASKELL PUBLIC SCHOOLS INDEPENDENT SCHOOL DISTRICT NO. 002",55102,"PROPOSITION NO. 2  HASKELL PUBLIC SCHOOLS",,1,1,1,"FOR THE PROPOSITION - YES",,0,0,0,0,,
3/3/2015,"OKMULGEE","HASKELL PUBLIC SCHOOLS INDEPENDENT SCHOOL DISTRICT NO. 002",55102,"PROPOSITION NO. 2  HASKELL PUBLIC SCHOOLS",,1,1,2,"AGAINST THE PROPOSITION - NO",,0,0,2,2,,
3/3/2015,"OKMULGEE","HENRYETTA PUBLIC SCHOOLS INDEPENDENT SCHOOL DISTRICT NO. 002",55601,"PROPOSITION  HENRYETTA PUBLIC SCHOOLS",,6,6,1,"FOR THE PROPOSITION - YES",,17,4,376,397,,
3/3/2015,"OKMULGEE","HENRYETTA PUBLIC SCHOOLS INDEPENDENT SCHOOL DISTRICT NO. 002",55601,"PROPOSITION  HENRYETTA PUBLIC SCHOOLS",,6,6,2,"AGAINST THE PROPOSITION - NO",,14,1,204,219,,
3/3/2015,"OKMULGEE","OKMULGEE PUBLIC SCHOOLS INDEPENDENT SCHOOL DISTRICT NO. 001",55602,"PROPOSITION NO. 1  OKMULGEE PUBLIC SCHOOLS",,16,16,1,"FOR THE PROPOSITION - YES",,15,17,413,445,,
3/3/2015,"OKMULGEE","OKMULGEE PUBLIC SCHOOLS INDEPENDENT SCHOOL DISTRICT NO. 001",55602,"PROPOSITION NO. 1  OKMULGEE PUBLIC SCHOOLS",,16,16,2,"AGAINST THE PROPOSITION - NO",,12,30,231,273,,
3/3/2015,"OKMULGEE","OKMULGEE PUBLIC SCHOOLS INDEPENDENT SCHOOL DISTRICT NO. 001",55603,"PROPOSITION NO. 2  OKMULGEE PUBLIC SCHOOLS",,16,16,1,"FOR THE PROPOSITION - YES",,15,21,427,463,,
3/3/2015,"OKMULGEE","OKMULGEE PUBLIC SCHOOLS INDEPENDENT SCHOOL DISTRICT NO. 001",55603,"PROPOSITION NO. 2  OKMULGEE PUBLIC SCHOOLS",,16,16,2,"AGAINST THE PROPOSITION - NO",,12,26,220,258,,
3/3/2015,"OKMULGEE","LIBERTY PUBLIC SCHOOLS INDEPENDENT SCHOOL DISTRICT NO. 014",57205,"PROPOSITION NO. 1  LIBERTY PUBLIC SCHOOLS",,2,2,1,"FOR THE PROPOSITION - YES",,3,0,24,27,,
3/3/2015,"OKMULGEE","LIBERTY PUBLIC SCHOOLS INDEPENDENT SCHOOL DISTRICT NO. 014",57205,"PROPOSITION NO. 1  LIBERTY PUBLIC SCHOOLS",,2,2,2,"AGAINST THE PROPOSITION - NO",,2,0,6,8,,
3/3/2015,"OKMULGEE","LIBERTY PUBLIC SCHOOLS INDEPENDENT SCHOOL DISTRICT NO. 014",57206,"PROPOSITION NO. 2  LIBERTY PUBLIC SCHOOLS",,2,2,1,"FOR THE PROPOSITION - YES",,3,0,24,27,,
3/3/2015,"OKMULGEE","LIBERTY PUBLIC SCHOOLS INDEPENDENT SCHOOL DISTRICT NO. 014",57206,"PROPOSITION NO. 2  LIBERTY PUBLIC SCHOOLS",,2,2,2,"AGAINST THE PROPOSITION - NO",,2,0,6,8,,
3/3/2015,"OSAGE","CITY OF SAND SPRINGS",47213,"FOR CITY COUNCILMEMBER, AT LARGE  CITY OF SAND SPRINGS",,5,5,1,"JAMES DAVID RANKIN",,1,0,8,9,OSAGE
3/3/2015,"OSAGE","CITY OF SAND SPRINGS",47213,"FOR CITY COUNCILMEMBER, AT LARGE  CITY OF SAND SPRINGS",,5,5,2,"JIM SPOON",,0,0,22,22,OSAGE
3/3/2015,"OSAGE","TULSA PUBLIC SCHOOLS INDEPENDENT SCHOOL DISTRICT NO. 001",57201,"PROPOSITION NO. 1  TULSA PUBLIC SCHOOLS",,5,5,1,"FOR THE PROPOSITION - YES",,21,1,383,405,,
3/3/2015,"OSAGE","TULSA PUBLIC SCHOOLS INDEPENDENT SCHOOL DISTRICT NO. 001",57201,"PROPOSITION NO. 1  TULSA PUBLIC SCHOOLS",,5,5,2,"AGAINST THE PROPOSITION - NO",,11,0,42,53,,
3/3/2015,"OSAGE","TULSA PUBLIC SCHOOLS INDEPENDENT SCHOOL DISTRICT NO. 001",57202,"PROPOSITION NO. 2  TULSA PUBLIC SCHOOLS",,5,5,1,"FOR THE PROPOSITION - YES",,21,1,382,404,,
3/3/2015,"OSAGE","TULSA PUBLIC SCHOOLS INDEPENDENT SCHOOL DISTRICT NO. 001",57202,"PROPOSITION NO. 2  TULSA PUBLIC SCHOOLS",,5,5,2,"AGAINST THE PROPOSITION - NO",,11,0,44,55,,
3/3/2015,"OSAGE","TULSA PUBLIC SCHOOLS INDEPENDENT SCHOOL DISTRICT NO. 001",57203,"PROPOSITION NO. 3  TULSA PUBLIC SCHOOLS",,5,5,1,"FOR THE PROPOSITION - YES",,21,1,378,400,,
3/3/2015,"OSAGE","TULSA PUBLIC SCHOOLS INDEPENDENT SCHOOL DISTRICT NO. 001",57203,"PROPOSITION NO. 3  TULSA PUBLIC SCHOOLS",,5,5,2,"AGAINST THE PROPOSITION - NO",,11,0,47,58,,
3/3/2015,"OSAGE","TULSA PUBLIC SCHOOLS INDEPENDENT SCHOOL DISTRICT NO. 001",57204,"PROPOSITION NO. 4  TULSA PUBLIC SCHOOLS",,5,5,1,"FOR THE PROPOSITION - YES",,20,1,366,387,,
3/3/2015,"OSAGE","TULSA PUBLIC SCHOOLS INDEPENDENT SCHOOL DISTRICT NO. 001",57204,"PROPOSITION NO. 4  TULSA PUBLIC SCHOOLS",,5,5,2,"AGAINST THE PROPOSITION - NO",,12,0,35,47,,
3/3/2015,"OTTAWA","CITY OF COMMERCE",45801,"PROPOSITION  CITY OF COMMERCE",,2,2,1,"FOR THE PROPOSITION - YES",,0,1,122,123,,
3/3/2015,"OTTAWA","CITY OF COMMERCE",45801,"PROPOSITION  CITY OF COMMERCE",,2,2,2,"AGAINST THE PROPOSITION - NO",,0,0,24,24,,
3/3/2015,"OTTAWA","MIAMI PUBLIC SCHOOLS INDEPENDENT SCHOOL DISTRICT NO. 023",55801,"PROPOSITION  MIAMI PUBLIC SCHOOLS",,11,11,1,"FOR THE PROPOSITION - YES",,27,159,860,1046,,
3/3/2015,"OTTAWA","MIAMI PUBLIC SCHOOLS INDEPENDENT SCHOOL DISTRICT NO. 023",55801,"PROPOSITION  MIAMI PUBLIC SCHOOLS",,11,11,2,"AGAINST THE PROPOSITION - NO",,16,114,1491,1621,,
3/3/2015,"PAWNEE","KEYSTONE PUBLIC SCHOOL ELEMENTARY SCHOOL DISTRICT NO. 015",57207,"PROPOSITION NO. 1  KEYSTONE PUBLIC SCHOOL",,1,1,1,"FOR THE PROPOSITION - YES",,1,0,0,1,,
3/3/2015,"PAWNEE","KEYSTONE PUBLIC SCHOOL ELEMENTARY SCHOOL DISTRICT NO. 015",57207,"PROPOSITION NO. 1  KEYSTONE PUBLIC SCHOOL",,1,1,2,"AGAINST THE PROPOSITION - NO",,0,0,0,0,,
3/3/2015,"PAWNEE","KEYSTONE PUBLIC SCHOOL ELEMENTARY SCHOOL DISTRICT NO. 015",57208,"PROPOSITION NO. 2  KEYSTONE PUBLIC SCHOOL",,1,1,1,"FOR THE PROPOSITION - YES",,1,0,0,1,,
3/3/2015,"PAWNEE","KEYSTONE PUBLIC SCHOOL ELEMENTARY SCHOOL DISTRICT NO. 015",57208,"PROPOSITION NO. 2  KEYSTONE PUBLIC SCHOOL",,1,1,2,"AGAINST THE PROPOSITION - NO",,0,0,0,0,,
3/3/2015,"PITTSBURG","CITY OF MCALESTER",46101,"PROPOSITION NO. 1  CITY OF MCALESTER",,17,17,1,"FOR THE PROPOSITION - YES",,16,20,428,464,,
3/3/2015,"PITTSBURG","CITY OF MCALESTER",46101,"PROPOSITION NO. 1  CITY OF MCALESTER",,17,17,2,"AGAINST THE PROPOSITION - NO",,5,3,107,115,,
3/3/2015,"PITTSBURG","CITY OF MCALESTER",46102,"PROPOSITION NO. 2  CITY OF MCALESTER",,17,17,1,"FOR THE PROPOSITION - YES",,14,20,413,447,,
3/3/2015,"PITTSBURG","CITY OF MCALESTER",46102,"PROPOSITION NO. 2  CITY OF MCALESTER",,17,17,2,"AGAINST THE PROPOSITION - NO",,7,4,121,132,,
3/3/2015,"PITTSBURG","CITY OF MCALESTER",46103,"PROPOSITION NO. 3  CITY OF MCALESTER",,17,17,1,"FOR THE PROPOSITION - YES",,18,20,420,458,,
3/3/2015,"PITTSBURG","CITY OF MCALESTER",46103,"PROPOSITION NO. 3  CITY OF MCALESTER",,17,17,2,"AGAINST THE PROPOSITION - NO",,3,4,113,120,,
3/3/2015,"PITTSBURG","CITY OF MCALESTER",46104,"PROPOSITION NO. 4  CITY OF MCALESTER",,17,17,1,"FOR THE PROPOSITION - YES",,16,20,452,488,,
3/3/2015,"PITTSBURG","CITY OF MCALESTER",46104,"PROPOSITION NO. 4  CITY OF MCALESTER",,17,17,2,"AGAINST THE PROPOSITION - NO",,4,4,68,76,,
3/3/2015,"PITTSBURG","CITY OF MCALESTER",46105,"PROPOSITION NO. 5  CITY OF MCALESTER",,17,17,1,"FOR THE PROPOSITION - YES",,15,20,446,481,,
3/3/2015,"PITTSBURG","CITY OF MCALESTER",46105,"PROPOSITION NO. 5  CITY OF MCALESTER",,17,17,2,"AGAINST THE PROPOSITION - NO",,5,4,71,80,,
3/3/2015,"PITTSBURG","CITY OF MCALESTER",46106,"PROPOSITION NO. 6  CITY OF MCALESTER",,17,17,1,"FOR THE PROPOSITION - YES",,15,20,438,473,,
3/3/2015,"PITTSBURG","CITY OF MCALESTER",46106,"PROPOSITION NO. 6  CITY OF MCALESTER",,17,17,2,"AGAINST THE PROPOSITION - NO",,5,4,79,88,,
3/3/2015,"PITTSBURG","FRINK-CHAMBERS PUBLIC SCHOOL ELEMENTARY SCHOOL DISTRICT NO. 029",56101,"PROPOSITION NO. 1  FRINK-CHAMBERS PUBLIC SCHOOL",,5,5,1,"FOR THE PROPOSITION - YES",,1,3,156,160,,
3/3/2015,"PITTSBURG","FRINK-CHAMBERS PUBLIC SCHOOL ELEMENTARY SCHOOL DISTRICT NO. 029",56101,"PROPOSITION NO. 1  FRINK-CHAMBERS PUBLIC SCHOOL",,5,5,2,"AGAINST THE PROPOSITION - NO",,1,0,33,34,,
3/3/2015,"PITTSBURG","FRINK-CHAMBERS PUBLIC SCHOOL ELEMENTARY SCHOOL DISTRICT NO. 029",56102,"PROPOSITION NO. 2  FRINK-CHAMBERS PUBLIC SCHOOL",,5,5,1,"FOR THE PROPOSITION - YES",,1,3,155,159,,
3/3/2015,"PITTSBURG","FRINK-CHAMBERS PUBLIC SCHOOL ELEMENTARY SCHOOL DISTRICT NO. 029",56102,"PROPOSITION NO. 2  FRINK-CHAMBERS PUBLIC SCHOOL",,5,5,2,"AGAINST THE PROPOSITION - NO",,1,0,33,34,,
3/3/2015,"PONTOTOC","CITY OF ADA",46202,"FOR COUNCILMEMBER WARD 3  CITY OF ADA",,9,9,1,"BILLY RICE",,14,6,133,153,PONTOTOC
3/3/2015,"PONTOTOC","CITY OF ADA",46202,"FOR COUNCILMEMBER WARD 3  CITY OF ADA",,9,9,2,"PRESTON DRAPER",,19,10,298,327,PONTOTOC
3/3/2015,"PONTOTOC","CITY OF ADA",46203,"FOR COUNCILMEMBER AT LARGE  CITY OF ADA",,9,9,1,"MICHAEL OROZCO",,3,3,68,74,PONTOTOC
3/3/2015,"PONTOTOC","CITY OF ADA",46203,"FOR COUNCILMEMBER AT LARGE  CITY OF ADA",,9,9,2,"GREG McCORTNEY",,23,9,269,301,PONTOTOC
3/3/2015,"PONTOTOC","CITY OF ADA",46203,"FOR COUNCILMEMBER AT LARGE  CITY OF ADA",,9,9,3,"DON RICE",,8,5,99,112,PONTOTOC
3/3/2015,"POTTAWATOMIE","CITY OF MAUD",46301,"PROPOSITION  CITY OF MAUD",,1,1,1,"FOR THE PROPOSITION - YES",,0,0,18,18,,
3/3/2015,"POTTAWATOMIE","CITY OF MAUD",46301,"PROPOSITION  CITY OF MAUD",,1,1,2,"AGAINST THE PROPOSITION - NO",,0,0,1,1,,
3/3/2015,"ROGERS","CITY OF OWASSO",47203,"PROPOSITION UTILITY FRANCHISE AGREEMENT  CITY OF OWASSO",,2,2,1,"FOR THE PROPOSITION - YES",,2,0,32,34,,
3/3/2015,"ROGERS","CITY OF OWASSO",47203,"PROPOSITION UTILITY FRANCHISE AGREEMENT  CITY OF OWASSO",,2,2,2,"AGAINST THE PROPOSITION - NO",,0,0,5,5,,
3/3/2015,"ROGERS","CITY OF OWASSO",47204,"PROPOSITION NO. 1 PROPOSED CHARTER AMENDMENT - ARTICLE TWO, SECTION 2-7  CITY OF OWASSO",,2,2,1,"FOR THE PROPOSITION - YES",,2,0,33,35,,
3/3/2015,"ROGERS","CITY OF OWASSO",47204,"PROPOSITION NO. 1 PROPOSED CHARTER AMENDMENT - ARTICLE TWO, SECTION 2-7  CITY OF OWASSO",,2,2,2,"AGAINST THE PROPOSITION - NO",,0,0,3,3,,
3/3/2015,"ROGERS","CITY OF OWASSO",47205,"PROPOSITION NO. 2 PROPOSED CHARTER AMENDMENT - ARTICLE TWO, SECTION 2-13  CITY OF OWASSO",,2,2,1,"FOR THE PROPOSITION - YES",,2,0,29,31,,
3/3/2015,"ROGERS","CITY OF OWASSO",47205,"PROPOSITION NO. 2 PROPOSED CHARTER AMENDMENT - ARTICLE TWO, SECTION 2-13  CITY OF OWASSO",,2,2,2,"AGAINST THE PROPOSITION - NO",,0,0,8,8,,
3/3/2015,"ROGERS","CITY OF OWASSO",47206,"PROPOSITION NO. 3 PROPOSED CHARTER AMENDMENT - ARTICLE FOUR, SECTION 4-3  CITY OF OWASSO",,2,2,1,"FOR THE PROPOSITION - YES",,2,0,29,31,,
3/3/2015,"ROGERS","CITY OF OWASSO",47206,"PROPOSITION NO. 3 PROPOSED CHARTER AMENDMENT - ARTICLE FOUR, SECTION 4-3  CITY OF OWASSO",,2,2,2,"AGAINST THE PROPOSITION - NO",,0,0,8,8,,
3/3/2015,"ROGERS","CITY OF OWASSO",47207,"PROPOSITION NO. 4 PROPOSED CHARTER AMENDMENT - ARTICLE FOUR, SECTION 4-4  CITY OF OWASSO",,2,2,1,"FOR THE PROPOSITION - YES",,2,0,34,36,,
3/3/2015,"ROGERS","CITY OF OWASSO",47207,"PROPOSITION NO. 4 PROPOSED CHARTER AMENDMENT - ARTICLE FOUR, SECTION 4-4  CITY OF OWASSO",,2,2,2,"AGAINST THE PROPOSITION - NO",,0,0,3,3,,
3/3/2015,"ROGERS","CITY OF OWASSO",47208,"PROPOSITION NO. 5 PROPOSED CHARTER AMENDMENT - ARTICLE SIX, SECTION 6-1  CITY OF OWASSO",,2,2,1,"FOR THE PROPOSITION - YES",,2,0,32,34,,
3/3/2015,"ROGERS","CITY OF OWASSO",47208,"PROPOSITION NO. 5 PROPOSED CHARTER AMENDMENT - ARTICLE SIX, SECTION 6-1  CITY OF OWASSO",,2,2,2,"AGAINST THE PROPOSITION - NO",,0,0,5,5,,
3/3/2015,"ROGERS","CITY OF OWASSO",47209,"PROPOSITION NO. 6 PROPOSED CHARTER AMENDMENT - ARTICLE SIX, SECTION 6-9  CITY OF OWASSO",,2,2,1,"FOR THE PROPOSITION - YES",,2,0,35,37,,
3/3/2015,"ROGERS","CITY OF OWASSO",47209,"PROPOSITION NO. 6 PROPOSED CHARTER AMENDMENT - ARTICLE SIX, SECTION 6-9  CITY OF OWASSO",,2,2,2,"AGAINST THE PROPOSITION - NO",,0,0,2,2,,
3/3/2015,"ROGERS","CITY OF OWASSO",47210,"PROPOSITION NO. 7 PROPOSED CHARTER AMENDMENT - ARTICLE EIGHT, SECTION 8-15  CITY OF OWASSO",,2,2,1,"FOR THE PROPOSITION - YES",,2,0,28,30,,
3/3/2015,"ROGERS","CITY OF OWASSO",47210,"PROPOSITION NO. 7 PROPOSED CHARTER AMENDMENT - ARTICLE EIGHT, SECTION 8-15  CITY OF OWASSO",,2,2,2,"AGAINST THE PROPOSITION - NO",,0,0,8,8,,
3/3/2015,"SEMINOLE","CITY OF MAUD",46301,"PROPOSITION  CITY OF MAUD",,1,1,1,"FOR THE PROPOSITION - YES",,2,0,7,9,,
3/3/2015,"SEMINOLE","CITY OF MAUD",46301,"PROPOSITION  CITY OF MAUD",,1,1,2,"AGAINST THE PROPOSITION - NO",,0,0,2,2,,
3/3/2015,"SEMINOLE","SEMINOLE PUBLIC SCHOOLS INDEPENDENT SCHOOL DISTRICT NO. 001",56701,"PROPOSITION  SEMINOLE PUBLIC SCHOOLS",,6,6,1,"FOR THE PROPOSITION - YES",,10,9,607,626,,
3/3/2015,"SEMINOLE","SEMINOLE PUBLIC SCHOOLS INDEPENDENT SCHOOL DISTRICT NO. 001",56701,"PROPOSITION  SEMINOLE PUBLIC SCHOOLS",,6,6,2,"AGAINST THE PROPOSITION - NO",,13,18,654,685,,
3/3/2015,"TEXAS","HOOKER PUBLIC SCHOOLS INDEPENDENT SCHOOL DISTRICT NO. 023",57001,"PROPOSITION  HOOKER PUBLIC SCHOOLS",,4,4,1,"FOR THE PROPOSITION - YES",,16,4,210,230,,
3/3/2015,"TEXAS","HOOKER PUBLIC SCHOOLS INDEPENDENT SCHOOL DISTRICT NO. 023",57001,"PROPOSITION  HOOKER PUBLIC SCHOOLS",,4,4,2,"AGAINST THE PROPOSITION - NO",,15,13,272,300,,
3/3/2015,"TULSA","CITY OF SAPULPA",41905,"PROPOSITION NO. 1  CITY OF SAPULPA",,2,2,1,"FOR THE PROPOSITION - YES",,0,0,0,0,,
3/3/2015,"TULSA","CITY OF SAPULPA",41905,"PROPOSITION NO. 1  CITY OF SAPULPA",,2,2,2,"AGAINST THE PROPOSITION - NO",,0,0,0,0,,
3/3/2015,"TULSA","CITY OF SAPULPA",41906,"PROPOSITION NO. 2  CITY OF SAPULPA",,2,2,1,"FOR THE PROPOSITION - YES",,0,0,0,0,,
3/3/2015,"TULSA","CITY OF SAPULPA",41906,"PROPOSITION NO. 2  CITY OF SAPULPA",,2,2,2,"AGAINST THE PROPOSITION - NO",,0,0,0,0,,
3/3/2015,"TULSA","CITY OF SAPULPA",41907,"PROPOSITION NO. 3  CITY OF SAPULPA",,2,2,1,"FOR THE PROPOSITION - YES",,0,0,0,0,,
3/3/2015,"TULSA","CITY OF SAPULPA",41907,"PROPOSITION NO. 3  CITY OF SAPULPA",,2,2,2,"AGAINST THE PROPOSITION - NO",,0,0,0,0,,
3/3/2015,"TULSA","CITY OF SAPULPA",41908,"PROPOSITION NO. 4  CITY OF SAPULPA",,2,2,1,"FOR THE PROPOSITION - YES",,0,0,0,0,,
3/3/2015,"TULSA","CITY OF SAPULPA",41908,"PROPOSITION NO. 4  CITY OF SAPULPA",,2,2,2,"AGAINST THE PROPOSITION - NO",,0,0,0,0,,
3/3/2015,"TULSA","CITY OF OWASSO",47203,"PROPOSITION UTILITY FRANCHISE AGREEMENT  CITY OF OWASSO",,11,11,1,"FOR THE PROPOSITION - YES",,40,1,705,746,,
3/3/2015,"TULSA","CITY OF OWASSO",47203,"PROPOSITION UTILITY FRANCHISE AGREEMENT  CITY OF OWASSO",,11,11,2,"AGAINST THE PROPOSITION - NO",,8,0,95,103,,
3/3/2015,"TULSA","CITY OF OWASSO",47204,"PROPOSITION NO. 1 PROPOSED CHARTER AMENDMENT - ARTICLE TWO, SECTION 2-7  CITY OF OWASSO",,11,11,1,"FOR THE PROPOSITION - YES",,41,1,690,732,,
3/3/2015,"TULSA","CITY OF OWASSO",47204,"PROPOSITION NO. 1 PROPOSED CHARTER AMENDMENT - ARTICLE TWO, SECTION 2-7  CITY OF OWASSO",,11,11,2,"AGAINST THE PROPOSITION - NO",,3,0,88,91,,
3/3/2015,"TULSA","CITY OF OWASSO",47205,"PROPOSITION NO. 2 PROPOSED CHARTER AMENDMENT - ARTICLE TWO, SECTION 2-13  CITY OF OWASSO",,11,11,1,"FOR THE PROPOSITION - YES",,33,1,527,561,,
3/3/2015,"TULSA","CITY OF OWASSO",47205,"PROPOSITION NO. 2 PROPOSED CHARTER AMENDMENT - ARTICLE TWO, SECTION 2-13  CITY OF OWASSO",,11,11,2,"AGAINST THE PROPOSITION - NO",,14,0,253,267,,
3/3/2015,"TULSA","CITY OF OWASSO",47206,"PROPOSITION NO. 3 PROPOSED CHARTER AMENDMENT - ARTICLE FOUR, SECTION 4-3  CITY OF OWASSO",,11,11,1,"FOR THE PROPOSITION - YES",,36,1,654,691,,
3/3/2015,"TULSA","CITY OF OWASSO",47206,"PROPOSITION NO. 3 PROPOSED CHARTER AMENDMENT - ARTICLE FOUR, SECTION 4-3  CITY OF OWASSO",,11,11,2,"AGAINST THE PROPOSITION - NO",,10,0,122,132,,
3/3/2015,"TULSA","CITY OF OWASSO",47207,"PROPOSITION NO. 4 PROPOSED CHARTER AMENDMENT - ARTICLE FOUR, SECTION 4-4  CITY OF OWASSO",,11,11,1,"FOR THE PROPOSITION - YES",,39,1,714,754,,
3/3/2015,"TULSA","CITY OF OWASSO",47207,"PROPOSITION NO. 4 PROPOSED CHARTER AMENDMENT - ARTICLE FOUR, SECTION 4-4  CITY OF OWASSO",,11,11,2,"AGAINST THE PROPOSITION - NO",,6,0,65,71,,
3/3/2015,"TULSA","CITY OF OWASSO",47208,"PROPOSITION NO. 5 PROPOSED CHARTER AMENDMENT - ARTICLE SIX, SECTION 6-1  CITY OF OWASSO",,11,11,1,"FOR THE PROPOSITION - YES",,39,0,677,716,,
3/3/2015,"TULSA","CITY OF OWASSO",47208,"PROPOSITION NO. 5 PROPOSED CHARTER AMENDMENT - ARTICLE SIX, SECTION 6-1  CITY OF OWASSO",,11,11,2,"AGAINST THE PROPOSITION - NO",,9,1,110,120,,
3/3/2015,"TULSA","CITY OF OWASSO",47209,"PROPOSITION NO. 6 PROPOSED CHARTER AMENDMENT - ARTICLE SIX, SECTION 6-9  CITY OF OWASSO",,11,11,1,"FOR THE PROPOSITION - YES",,43,1,743,787,,
3/3/2015,"TULSA","CITY OF OWASSO",47209,"PROPOSITION NO. 6 PROPOSED CHARTER AMENDMENT - ARTICLE SIX, SECTION 6-9  CITY OF OWASSO",,11,11,2,"AGAINST THE PROPOSITION - NO",,4,0,54,58,,
3/3/2015,"TULSA","CITY OF OWASSO",47210,"PROPOSITION NO. 7 PROPOSED CHARTER AMENDMENT - ARTICLE EIGHT, SECTION 8-15  CITY OF OWASSO",,11,11,1,"FOR THE PROPOSITION - YES",,31,1,529,561,,
3/3/2015,"TULSA","CITY OF OWASSO",47210,"PROPOSITION NO. 7 PROPOSED CHARTER AMENDMENT - ARTICLE EIGHT, SECTION 8-15  CITY OF OWASSO",,11,11,2,"AGAINST THE PROPOSITION - NO",,16,0,247,263,,
3/3/2015,"TULSA","CITY OF SAND SPRINGS",47211,"FOR CITY COUNCILMEMBER, WARD 5  CITY OF SAND SPRINGS",,1,1,1,"BEAU DANIEL WILSON",,4,2,180,186,TULSA
3/3/2015,"TULSA","CITY OF SAND SPRINGS",47211,"FOR CITY COUNCILMEMBER, WARD 5  CITY OF SAND SPRINGS",,1,1,2,"RAY TUCKER",,3,0,86,89,TULSA
3/3/2015,"TULSA","CITY OF SAND SPRINGS",47213,"FOR CITY COUNCILMEMBER, AT LARGE  CITY OF SAND SPRINGS",,10,10,1,"JAMES DAVID RANKIN",,11,4,258,273,TULSA
3/3/2015,"TULSA","CITY OF SAND SPRINGS",47213,"FOR CITY COUNCILMEMBER, AT LARGE  CITY OF SAND SPRINGS",,10,10,2,"JIM SPOON",,18,11,698,727,TULSA
3/3/2015,"TULSA","TULSA PUBLIC SCHOOLS INDEPENDENT SCHOOL DISTRICT NO. 001",57201,"PROPOSITION NO. 1  TULSA PUBLIC SCHOOLS",,139,139,1,"FOR THE PROPOSITION - YES",,419,132,13680,14231,,
3/3/2015,"TULSA","TULSA PUBLIC SCHOOLS INDEPENDENT SCHOOL DISTRICT NO. 001",57201,"PROPOSITION NO. 1  TULSA PUBLIC SCHOOLS",,139,139,2,"AGAINST THE PROPOSITION - NO",,167,31,2235,2433,,
3/3/2015,"TULSA","TULSA PUBLIC SCHOOLS INDEPENDENT SCHOOL DISTRICT NO. 001",57202,"PROPOSITION NO. 2  TULSA PUBLIC SCHOOLS",,139,139,1,"FOR THE PROPOSITION - YES",,434,131,13720,14285,,
3/3/2015,"TULSA","TULSA PUBLIC SCHOOLS INDEPENDENT SCHOOL DISTRICT NO. 001",57202,"PROPOSITION NO. 2  TULSA PUBLIC SCHOOLS",,139,139,2,"AGAINST THE PROPOSITION - NO",,152,32,2186,2370,,
3/3/2015,"TULSA","TULSA PUBLIC SCHOOLS INDEPENDENT SCHOOL DISTRICT NO. 001",57203,"PROPOSITION NO. 3  TULSA PUBLIC SCHOOLS",,139,139,1,"FOR THE PROPOSITION - YES",,422,132,13333,13887,,
3/3/2015,"TULSA","TULSA PUBLIC SCHOOLS INDEPENDENT SCHOOL DISTRICT NO. 001",57203,"PROPOSITION NO. 3  TULSA PUBLIC SCHOOLS",,139,139,2,"AGAINST THE PROPOSITION - NO",,155,30,2429,2614,,
3/3/2015,"TULSA","TULSA PUBLIC SCHOOLS INDEPENDENT SCHOOL DISTRICT NO. 001",57204,"PROPOSITION NO. 4  TULSA PUBLIC SCHOOLS",,139,139,1,"FOR THE PROPOSITION - YES",,438,130,13640,14208,,
3/3/2015,"TULSA","TULSA PUBLIC SCHOOLS INDEPENDENT SCHOOL DISTRICT NO. 001",57204,"PROPOSITION NO. 4  TULSA PUBLIC SCHOOLS",,139,139,2,"AGAINST THE PROPOSITION - NO",,150,33,2269,2452,,
3/3/2015,"TULSA","LIBERTY PUBLIC SCHOOLS INDEPENDENT SCHOOL DISTRICT NO. 014",57205,"PROPOSITION NO. 1  LIBERTY PUBLIC SCHOOLS",,3,3,1,"FOR THE PROPOSITION - YES",,1,0,53,54,,
3/3/2015,"TULSA","LIBERTY PUBLIC SCHOOLS INDEPENDENT SCHOOL DISTRICT NO. 014",57205,"PROPOSITION NO. 1  LIBERTY PUBLIC SCHOOLS",,3,3,2,"AGAINST THE PROPOSITION - NO",,0,0,11,11,,
3/3/2015,"TULSA","LIBERTY PUBLIC SCHOOLS INDEPENDENT SCHOOL DISTRICT NO. 014",57206,"PROPOSITION NO. 2  LIBERTY PUBLIC SCHOOLS",,3,3,1,"FOR THE PROPOSITION - YES",,0,0,50,50,,
3/3/2015,"TULSA","LIBERTY PUBLIC SCHOOLS INDEPENDENT SCHOOL DISTRICT NO. 014",57206,"PROPOSITION NO. 2  LIBERTY PUBLIC SCHOOLS",,3,3,2,"AGAINST THE PROPOSITION - NO",,1,0,13,14,,
3/3/2015,"TULSA","KEYSTONE PUBLIC SCHOOL ELEMENTARY SCHOOL DISTRICT NO. 015",57207,"PROPOSITION NO. 1  KEYSTONE PUBLIC SCHOOL",,1,1,1,"FOR THE PROPOSITION - YES",,2,0,78,80,,
3/3/2015,"TULSA","KEYSTONE PUBLIC SCHOOL ELEMENTARY SCHOOL DISTRICT NO. 015",57207,"PROPOSITION NO. 1  KEYSTONE PUBLIC SCHOOL",,1,1,2,"AGAINST THE PROPOSITION - NO",,0,0,13,13,,
3/3/2015,"TULSA","KEYSTONE PUBLIC SCHOOL ELEMENTARY SCHOOL DISTRICT NO. 015",57208,"PROPOSITION NO. 2  KEYSTONE PUBLIC SCHOOL",,1,1,1,"FOR THE PROPOSITION - YES",,2,0,78,80,,
3/3/2015,"TULSA","KEYSTONE PUBLIC SCHOOL ELEMENTARY SCHOOL DISTRICT NO. 015",57208,"PROPOSITION NO. 2  KEYSTONE PUBLIC SCHOOL",,1,1,2,"AGAINST THE PROPOSITION - NO",,0,0,13,13,,
3/3/2015,"WAGONER","HASKELL PUBLIC SCHOOLS INDEPENDENT SCHOOL DISTRICT NO. 002",55101,"PROPOSITION NO. 1  HASKELL PUBLIC SCHOOLS",,2,2,1,"FOR THE PROPOSITION - YES",,0,0,27,27,,
3/3/2015,"WAGONER","HASKELL PUBLIC SCHOOLS INDEPENDENT SCHOOL DISTRICT NO. 002",55101,"PROPOSITION NO. 1  HASKELL PUBLIC SCHOOLS",,2,2,2,"AGAINST THE PROPOSITION - NO",,0,0,11,11,,
3/3/2015,"WAGONER","HASKELL PUBLIC SCHOOLS INDEPENDENT SCHOOL DISTRICT NO. 002",55102,"PROPOSITION NO. 2  HASKELL PUBLIC SCHOOLS",,2,2,1,"FOR THE PROPOSITION - YES",,0,0,31,31,,
3/3/2015,"WAGONER","HASKELL PUBLIC SCHOOLS INDEPENDENT SCHOOL DISTRICT NO. 002",55102,"PROPOSITION NO. 2  HASKELL PUBLIC SCHOOLS",,2,2,2,"AGAINST THE PROPOSITION - NO",,0,0,7,7,,
3/3/2015,"WAGONER","TULSA PUBLIC SCHOOLS INDEPENDENT SCHOOL DISTRICT NO. 001",57201,"PROPOSITION NO. 1  TULSA PUBLIC SCHOOLS",,1,1,1,"FOR THE PROPOSITION - YES",,0,0,0,0,,
3/3/2015,"WAGONER","TULSA PUBLIC SCHOOLS INDEPENDENT SCHOOL DISTRICT NO. 001",57201,"PROPOSITION NO. 1  TULSA PUBLIC SCHOOLS",,1,1,2,"AGAINST THE PROPOSITION - NO",,1,0,2,3,,
3/3/2015,"WAGONER","TULSA PUBLIC SCHOOLS INDEPENDENT SCHOOL DISTRICT NO. 001",57202,"PROPOSITION NO. 2  TULSA PUBLIC SCHOOLS",,1,1,1,"FOR THE PROPOSITION - YES",,0,0,0,0,,
3/3/2015,"WAGONER","TULSA PUBLIC SCHOOLS INDEPENDENT SCHOOL DISTRICT NO. 001",57202,"PROPOSITION NO. 2  TULSA PUBLIC SCHOOLS",,1,1,2,"AGAINST THE PROPOSITION - NO",,1,0,2,3,,
3/3/2015,"WAGONER","TULSA PUBLIC SCHOOLS INDEPENDENT SCHOOL DISTRICT NO. 001",57203,"PROPOSITION NO. 3  TULSA PUBLIC SCHOOLS",,1,1,1,"FOR THE PROPOSITION - YES",,0,0,0,0,,
3/3/2015,"WAGONER","TULSA PUBLIC SCHOOLS INDEPENDENT SCHOOL DISTRICT NO. 001",57203,"PROPOSITION NO. 3  TULSA PUBLIC SCHOOLS",,1,1,2,"AGAINST THE PROPOSITION - NO",,1,0,2,3,,
3/3/2015,"WAGONER","TULSA PUBLIC SCHOOLS INDEPENDENT SCHOOL DISTRICT NO. 001",57204,"PROPOSITION NO. 4  TULSA PUBLIC SCHOOLS",,1,1,1,"FOR THE PROPOSITION - YES",,0,0,0,0,,
3/3/2015,"WAGONER","TULSA PUBLIC SCHOOLS INDEPENDENT SCHOOL DISTRICT NO. 001",57204,"PROPOSITION NO. 4  TULSA PUBLIC SCHOOLS",,1,1,2,"AGAINST THE PROPOSITION - NO",,1,0,2,3,,
