elec_date,county,entity_description,race_number,race_description,race_party,tot_race_prec,race_prec_reporting,cand_number,cand_name,cand_party,cand_absmail_votes,cand_early_votes,cand_elecday_votes,cand_tot_votes,race_county_owner
8/13/2019,"CHOCTAW","TOWN OF SOPER",41201,"PROPOSITION  TOWN OF SOPER",,1,1,1,"FOR THE PROPOSITION - YES",,0,1,26,27,,
8/13/2019,"CHOCTAW","TOWN OF SOPER",41201,"PROPOSITION  TOWN OF SOPER",,1,1,2,"AGAINST THE PROPOSITION - NO",,0,0,0,0,,
8/13/2019,"COAL","PONTOTOC TECH CENTER DISTRICT NO. 14",56201,"PROPOSITION  PONTOTOC TECH CENTER",,4,4,1,"FOR THE PROPOSITION - YES",,2,1,10,13,,
8/13/2019,"COAL","PONTOTOC TECH CENTER DISTRICT NO. 14",56201,"PROPOSITION  PONTOTOC TECH CENTER",,4,4,2,"AGAINST THE PROPOSITION - NO",,0,1,8,9,,
8/13/2019,"ELLIS","FARGO-GAGE PUBLIC SCHOOLS INDEPENDENT SCHOOL DISTRICT NO. 002",52301,"PROPOSITION  FARGO-GAGE PUBLIC SCHOOLS",,6,6,1,"FOR THE PROPOSITION - YES",,5,9,152,166,,
8/13/2019,"ELLIS","FARGO-GAGE PUBLIC SCHOOLS INDEPENDENT SCHOOL DISTRICT NO. 002",52301,"PROPOSITION  FARGO-GAGE PUBLIC SCHOOLS",,6,6,2,"AGAINST THE PROPOSITION - NO",,10,4,59,73,,
8/13/2019,"HUGHES","PONTOTOC TECH CENTER DISTRICT NO. 14",56201,"PROPOSITION  PONTOTOC TECH CENTER",,4,4,1,"FOR THE PROPOSITION - YES",,0,2,16,18,,
8/13/2019,"HUGHES","PONTOTOC TECH CENTER DISTRICT NO. 14",56201,"PROPOSITION  PONTOTOC TECH CENTER",,4,4,2,"AGAINST THE PROPOSITION - NO",,2,0,16,18,,
8/13/2019,"JOHNSTON","PONTOTOC TECH CENTER DISTRICT NO. 14",56201,"PROPOSITION  PONTOTOC TECH CENTER",,1,1,1,"FOR THE PROPOSITION - YES",,0,0,0,0,,
8/13/2019,"JOHNSTON","PONTOTOC TECH CENTER DISTRICT NO. 14",56201,"PROPOSITION  PONTOTOC TECH CENTER",,1,1,2,"AGAINST THE PROPOSITION - NO",,5,0,0,5,,
8/13/2019,"LINCOLN","AGRA PUBLIC SCHOOLS INDEPENDENT SCHOOL DISTRICT NO. 134",54101,"PROPOSITION NO. 1  AGRA PUBLIC SCHOOLS",,3,3,1,"FOR THE PROPOSITION - YES",,1,2,73,76,,
8/13/2019,"LINCOLN","AGRA PUBLIC SCHOOLS INDEPENDENT SCHOOL DISTRICT NO. 134",54101,"PROPOSITION NO. 1  AGRA PUBLIC SCHOOLS",,3,3,2,"AGAINST THE PROPOSITION - NO",,2,0,9,11,,
8/13/2019,"LINCOLN","AGRA PUBLIC SCHOOLS INDEPENDENT SCHOOL DISTRICT NO. 134",54102,"PROPOSITION NO. 2  AGRA PUBLIC SCHOOLS",,3,3,1,"FOR THE PROPOSITION - YES",,1,2,79,82,,
8/13/2019,"LINCOLN","AGRA PUBLIC SCHOOLS INDEPENDENT SCHOOL DISTRICT NO. 134",54102,"PROPOSITION NO. 2  AGRA PUBLIC SCHOOLS",,3,3,2,"AGAINST THE PROPOSITION - NO",,1,0,7,8,,
8/13/2019,"MAYES","TOWN OF CHOUTEAU",44901,"PROPOSITION  TOWN OF CHOUTEAU",,2,2,1,"FOR THE PROPOSITION - YES",,8,4,59,71,,
8/13/2019,"MAYES","TOWN OF CHOUTEAU",44901,"PROPOSITION  TOWN OF CHOUTEAU",,2,2,2,"AGAINST THE PROPOSITION - NO",,2,1,18,21,,
8/13/2019,"MAYES","TOWN OF LOCUST GROVE",44902,"PROPOSITION NO. 1  TOWN OF LOCUST GROVE",,2,2,1,"FOR THE PROPOSITION - YES",,3,1,42,46,,
8/13/2019,"MAYES","TOWN OF LOCUST GROVE",44902,"PROPOSITION NO. 1  TOWN OF LOCUST GROVE",,2,2,2,"AGAINST THE PROPOSITION - NO",,0,0,8,8,,
8/13/2019,"MAYES","TOWN OF LOCUST GROVE",44903,"PROPOSITION NO. 2  TOWN OF LOCUST GROVE",,2,2,1,"FOR THE PROPOSITION - YES",,3,1,48,52,,
8/13/2019,"MAYES","TOWN OF LOCUST GROVE",44903,"PROPOSITION NO. 2  TOWN OF LOCUST GROVE",,2,2,2,"AGAINST THE PROPOSITION - NO",,0,0,6,6,,
8/13/2019,"MAYES","TOWN OF SALINA",44904,"PROPOSITION  TOWN OF SALINA",,2,2,1,"FOR THE PROPOSITION - YES",,6,0,20,26,,
8/13/2019,"MAYES","TOWN OF SALINA",44904,"PROPOSITION  TOWN OF SALINA",,2,2,2,"AGAINST THE PROPOSITION - NO",,2,0,2,4,,
8/13/2019,"MURRAY","PONTOTOC TECH CENTER DISTRICT NO. 14",56201,"PROPOSITION  PONTOTOC TECH CENTER",,1,1,1,"FOR THE PROPOSITION - YES",,1,2,0,3,,
8/13/2019,"MURRAY","PONTOTOC TECH CENTER DISTRICT NO. 14",56201,"PROPOSITION  PONTOTOC TECH CENTER",,1,1,2,"AGAINST THE PROPOSITION - NO",,0,0,0,0,,
8/13/2019,"OSAGE","CITY OF HOMINY",45701,"PROPOSITION  CITY OF HOMINY",,3,3,1,"FOR THE PROPOSITION - YES",,3,0,70,73,,
8/13/2019,"OSAGE","CITY OF HOMINY",45701,"PROPOSITION  CITY OF HOMINY",,3,3,2,"AGAINST THE PROPOSITION - NO",,0,0,10,10,,
8/13/2019,"OSAGE","BARTLESVILLE PUBLIC SCHOOLS INDEPENDENT SCHOOL DISTRICT NO. 030",57401,"PROPOSITION NO. 1  BARTLESVILLE PUBLIC SCHOOLS",,2,2,1,"FOR THE PROPOSITION - YES",,4,0,7,11,,
8/13/2019,"OSAGE","BARTLESVILLE PUBLIC SCHOOLS INDEPENDENT SCHOOL DISTRICT NO. 030",57401,"PROPOSITION NO. 1  BARTLESVILLE PUBLIC SCHOOLS",,2,2,2,"AGAINST THE PROPOSITION - NO",,1,0,4,5,,
8/13/2019,"OSAGE","BARTLESVILLE PUBLIC SCHOOLS INDEPENDENT SCHOOL DISTRICT NO. 030",57402,"PROPOSITION NO. 2  BARTLESVILLE PUBLIC SCHOOLS",,2,2,1,"FOR THE PROPOSITION - YES",,4,0,8,12,,
8/13/2019,"OSAGE","BARTLESVILLE PUBLIC SCHOOLS INDEPENDENT SCHOOL DISTRICT NO. 030",57402,"PROPOSITION NO. 2  BARTLESVILLE PUBLIC SCHOOLS",,2,2,2,"AGAINST THE PROPOSITION - NO",,1,0,3,4,,
8/13/2019,"PAWNEE","TOWN OF HALLETT",45901,"PROPOSITION  TOWN OF HALLETT",,1,1,1,"FOR THE PROPOSITION - YES",,0,0,13,13,,
8/13/2019,"PAWNEE","TOWN OF HALLETT",45901,"PROPOSITION  TOWN OF HALLETT",,1,1,2,"AGAINST THE PROPOSITION - NO",,0,0,1,1,,
8/13/2019,"PAWNEE","TOWN OF TERLTON",45902,"PROPOSITION  TOWN OF TERLTON",,1,1,1,"FOR THE PROPOSITION - YES",,0,0,10,10,,
8/13/2019,"PAWNEE","TOWN OF TERLTON",45902,"PROPOSITION  TOWN OF TERLTON",,1,1,2,"AGAINST THE PROPOSITION - NO",,0,1,4,5,,
8/13/2019,"PONTOTOC","PONTOTOC TECH CENTER DISTRICT NO. 14",56201,"PROPOSITION  PONTOTOC TECH CENTER",,21,21,1,"FOR THE PROPOSITION - YES",,49,42,415,506,,
8/13/2019,"PONTOTOC","PONTOTOC TECH CENTER DISTRICT NO. 14",56201,"PROPOSITION  PONTOTOC TECH CENTER",,21,21,2,"AGAINST THE PROPOSITION - NO",,26,38,248,312,,
8/13/2019,"ROGERS","TOWN OF INOLA",46601,"PROPOSITION  TOWN OF INOLA",,2,2,1,"FOR THE PROPOSITION - YES",,9,0,41,50,,
8/13/2019,"ROGERS","TOWN OF INOLA",46601,"PROPOSITION  TOWN OF INOLA",,2,2,2,"AGAINST THE PROPOSITION - NO",,1,0,0,1,,
8/13/2019,"SEMINOLE","PONTOTOC TECH CENTER DISTRICT NO. 14",56201,"PROPOSITION  PONTOTOC TECH CENTER",,1,1,1,"FOR THE PROPOSITION - YES",,0,0,7,7,,
8/13/2019,"SEMINOLE","PONTOTOC TECH CENTER DISTRICT NO. 14",56201,"PROPOSITION  PONTOTOC TECH CENTER",,1,1,2,"AGAINST THE PROPOSITION - NO",,2,0,1,3,,
8/13/2019,"TEXAS","TYRONE PUBLIC SCHOOLS INDEPENDENT SCHOOL DISTRICT NO. 053",57001,"PROPOSITION  TYRONE PUBLIC SCHOOLS",,1,1,1,"FOR THE PROPOSITION - YES",,4,0,113,117,,
8/13/2019,"TEXAS","TYRONE PUBLIC SCHOOLS INDEPENDENT SCHOOL DISTRICT NO. 053",57001,"PROPOSITION  TYRONE PUBLIC SCHOOLS",,1,1,2,"AGAINST THE PROPOSITION - NO",,0,0,11,11,,
8/13/2019,"WASHINGTON","TOWN OF OCHELATA",47401,"PROPOSITION  TOWN OF OCHELATA",,1,1,1,"FOR THE PROPOSITION - YES",,0,0,29,29,,
8/13/2019,"WASHINGTON","TOWN OF OCHELATA",47401,"PROPOSITION  TOWN OF OCHELATA",,1,1,2,"AGAINST THE PROPOSITION - NO",,0,0,1,1,,
8/13/2019,"WASHINGTON","BARTLESVILLE PUBLIC SCHOOLS INDEPENDENT SCHOOL DISTRICT NO. 030",57401,"PROPOSITION NO. 1  BARTLESVILLE PUBLIC SCHOOLS",,17,17,1,"FOR THE PROPOSITION - YES",,30,291,2265,2586,,
8/13/2019,"WASHINGTON","BARTLESVILLE PUBLIC SCHOOLS INDEPENDENT SCHOOL DISTRICT NO. 030",57401,"PROPOSITION NO. 1  BARTLESVILLE PUBLIC SCHOOLS",,17,17,2,"AGAINST THE PROPOSITION - NO",,17,35,558,610,,
8/13/2019,"WASHINGTON","BARTLESVILLE PUBLIC SCHOOLS INDEPENDENT SCHOOL DISTRICT NO. 030",57402,"PROPOSITION NO. 2  BARTLESVILLE PUBLIC SCHOOLS",,17,17,1,"FOR THE PROPOSITION - YES",,31,296,2313,2640,,
8/13/2019,"WASHINGTON","BARTLESVILLE PUBLIC SCHOOLS INDEPENDENT SCHOOL DISTRICT NO. 030",57402,"PROPOSITION NO. 2  BARTLESVILLE PUBLIC SCHOOLS",,17,17,2,"AGAINST THE PROPOSITION - NO",,15,31,511,557,,
8/13/2019,"WOODS","CITY OF ALVA",47601,"PROPOSITION  CITY OF ALVA",,3,3,1,"FOR THE PROPOSITION - YES",,13,47,244,304,,
8/13/2019,"WOODS","CITY OF ALVA",47601,"PROPOSITION  CITY OF ALVA",,3,3,2,"AGAINST THE PROPOSITION - NO",,20,103,566,689,,
8/13/2019,"WOODS","CITY OF WAYNOKA",47602,"PROPOSITION  CITY OF WAYNOKA",,1,1,1,"FOR THE PROPOSITION - YES",,4,1,65,70,,
8/13/2019,"WOODS","CITY OF WAYNOKA",47602,"PROPOSITION  CITY OF WAYNOKA",,1,1,2,"AGAINST THE PROPOSITION - NO",,0,0,19,19,,
8/13/2019,"WOODWARD","FARGO-GAGE PUBLIC SCHOOLS INDEPENDENT SCHOOL DISTRICT NO. 002",52301,"PROPOSITION  FARGO-GAGE PUBLIC SCHOOLS",,2,2,1,"FOR THE PROPOSITION - YES",,0,2,31,33,,
8/13/2019,"WOODWARD","FARGO-GAGE PUBLIC SCHOOLS INDEPENDENT SCHOOL DISTRICT NO. 002",52301,"PROPOSITION  FARGO-GAGE PUBLIC SCHOOLS",,2,2,2,"AGAINST THE PROPOSITION - NO",,0,0,9,9,,
