elec_date,county,entity_description,race_number,race_description,race_party,tot_race_prec,race_prec_reporting,cand_number,cand_name,cand_party,cand_absmail_votes,cand_early_votes,cand_elecday_votes,cand_tot_votes,race_county_owner
8/23/2016,"ADAIR","STILWELL PUBLIC SCHOOLS INDEPENDENT SCHOOL DISTRICT NO. 025",50101,"PROPOSITION  STILWELL PUBLIC SCHOOLS",,10,10,1,"FOR THE PROPOSITION - YES",,5,16,189,210,,
8/23/2016,"ADAIR","STILWELL PUBLIC SCHOOLS INDEPENDENT SCHOOL DISTRICT NO. 025",50101,"PROPOSITION  STILWELL PUBLIC SCHOOLS",,10,10,2,"AGAINST THE PROPOSITION - NO",,11,12,182,205,,
8/23/2016,"ALFALFA","ALFALFA COUNTY",12017,"FOR STATE SENATOR DISTRICT 19",REP,8,8,1,"ROLAND PEDERSON",REP,30,43,629,702,,
8/23/2016,"ALFALFA","ALFALFA COUNTY",12017,"FOR STATE SENATOR DISTRICT 19",REP,8,8,2,"ROSS VANHOOSER",REP,1,3,65,69,,
8/23/2016,"ALFALFA","BURLINGTON PUBLIC SCHOOLS INDEPENDENT SCHOOL DISTRICT NO. 001",50201,"PROPOSITION  BURLINGTON PUBLIC SCHOOLS",,4,4,1,"FOR THE PROPOSITION - YES",,8,11,168,187,,
8/23/2016,"ALFALFA","BURLINGTON PUBLIC SCHOOLS INDEPENDENT SCHOOL DISTRICT NO. 001",50201,"PROPOSITION  BURLINGTON PUBLIC SCHOOLS",,4,4,2,"AGAINST THE PROPOSITION - NO",,2,0,46,48,,
8/23/2016,"ATOKA","COLEMAN PUBLIC SCHOOLS INDEPENDENT SCHOOL DISTRICT NO. 035",53501,"PROPOSITION NO. 1  COLEMAN PUBLIC SCHOOLS",,2,2,1,"FOR THE PROPOSITION - YES",,1,3,11,15,,
8/23/2016,"ATOKA","COLEMAN PUBLIC SCHOOLS INDEPENDENT SCHOOL DISTRICT NO. 035",53501,"PROPOSITION NO. 1  COLEMAN PUBLIC SCHOOLS",,2,2,2,"AGAINST THE PROPOSITION - NO",,4,1,10,15,,
8/23/2016,"ATOKA","COLEMAN PUBLIC SCHOOLS INDEPENDENT SCHOOL DISTRICT NO. 035",53502,"PROPOSITION NO. 2  COLEMAN PUBLIC SCHOOLS",,2,2,1,"FOR THE PROPOSITION - YES",,1,3,11,15,,
8/23/2016,"ATOKA","COLEMAN PUBLIC SCHOOLS INDEPENDENT SCHOOL DISTRICT NO. 035",53502,"PROPOSITION NO. 2  COLEMAN PUBLIC SCHOOLS",,2,2,2,"AGAINST THE PROPOSITION - NO",,4,1,10,15,,
8/23/2016,"BRYAN","CALERA PUBLIC SCHOOLS INDEPENDENT SCHOOL DISTRICT NO. 048",50701,"PROPOSITION  CALERA PUBLIC SCHOOLS",,3,3,1,"FOR THE PROPOSITION - YES",,6,1,267,274,,
8/23/2016,"BRYAN","CALERA PUBLIC SCHOOLS INDEPENDENT SCHOOL DISTRICT NO. 048",50701,"PROPOSITION  CALERA PUBLIC SCHOOLS",,3,3,2,"AGAINST THE PROPOSITION - NO",,3,1,100,104,,
8/23/2016,"CADDO","CADDO COUNTY",12092,"FOR STATE REPRESENTATIVE DISTRICT 60",REP,4,4,1,"RHONDA BAKER",REP,5,1,62,68,,
8/23/2016,"CADDO","CADDO COUNTY",12092,"FOR STATE REPRESENTATIVE DISTRICT 60",REP,4,4,2,"CHAD SLANE",REP,3,1,29,33,,
8/23/2016,"CANADIAN","CANADIAN COUNTY",12019,"FOR STATE SENATOR DISTRICT 23",REP,23,23,1,"LONNIE PAXTON",REP,37,48,842,927,,
8/23/2016,"CANADIAN","CANADIAN COUNTY",12019,"FOR STATE SENATOR DISTRICT 23",REP,23,23,2,"MATT STACY",REP,29,23,575,627,,
8/23/2016,"CANADIAN","CANADIAN COUNTY",12092,"FOR STATE REPRESENTATIVE DISTRICT 60",REP,15,15,1,"RHONDA BAKER",REP,44,32,765,841,,
8/23/2016,"CANADIAN","CANADIAN COUNTY",12092,"FOR STATE REPRESENTATIVE DISTRICT 60",REP,15,15,2,"CHAD SLANE",REP,28,42,622,692,,
8/23/2016,"CANADIAN","CITY OF MUSTANG",40901,"PROPOSITION  CITY OF MUSTANG",,7,7,1,"FOR THE PROPOSITION - YES",,63,3,874,940,,
8/23/2016,"CANADIAN","CITY OF MUSTANG",40901,"PROPOSITION  CITY OF MUSTANG",,7,7,2,"AGAINST THE PROPOSITION - NO",,51,2,436,489,,
8/23/2016,"CANADIAN","PIEDMONT PUBLIC SCHOOLS INDEPENDENT SCHOOL DISTRICT NO. 022",50901,"PROPOSITION NO. 1  PIEDMONT PUBLIC SCHOOLS",,5,5,1,"FOR THE PROPOSITION - YES",,34,4,1019,1057,,
8/23/2016,"CANADIAN","PIEDMONT PUBLIC SCHOOLS INDEPENDENT SCHOOL DISTRICT NO. 022",50901,"PROPOSITION NO. 1  PIEDMONT PUBLIC SCHOOLS",,5,5,2,"AGAINST THE PROPOSITION - NO",,29,2,348,379,,
8/23/2016,"CANADIAN","PIEDMONT PUBLIC SCHOOLS INDEPENDENT SCHOOL DISTRICT NO. 022",50902,"PROPOSITION NO. 2  PIEDMONT PUBLIC SCHOOLS",,5,5,1,"FOR THE PROPOSITION - YES",,33,4,1041,1078,,
8/23/2016,"CANADIAN","PIEDMONT PUBLIC SCHOOLS INDEPENDENT SCHOOL DISTRICT NO. 022",50902,"PROPOSITION NO. 2  PIEDMONT PUBLIC SCHOOLS",,5,5,2,"AGAINST THE PROPOSITION - NO",,31,2,327,360,,
8/23/2016,"CANADIAN","OKARCHE PUBLIC SCHOOLS INDEPENDENT SCHOOL DISTRICT NO. 105",53701,"PROPOSITION  OKARCHE PUBLIC SCHOOLS",,5,5,1,"FOR THE PROPOSITION - YES",,0,3,107,110,,
8/23/2016,"CANADIAN","OKARCHE PUBLIC SCHOOLS INDEPENDENT SCHOOL DISTRICT NO. 105",53701,"PROPOSITION  OKARCHE PUBLIC SCHOOLS",,5,5,2,"AGAINST THE PROPOSITION - NO",,2,0,67,69,,
8/23/2016,"CANADIAN","DEER CREEK PUBLIC SCHOOLS INDEPENDENT SCHOOL DISTRICT NO. 006",55501,"PROPOSITION NO. 1  DEER CREEK PUBLIC SCHOOLS",,1,1,1,"FOR THE PROPOSITION - YES",,0,0,2,2,,
8/23/2016,"CANADIAN","DEER CREEK PUBLIC SCHOOLS INDEPENDENT SCHOOL DISTRICT NO. 006",55501,"PROPOSITION NO. 1  DEER CREEK PUBLIC SCHOOLS",,1,1,2,"AGAINST THE PROPOSITION - NO",,0,0,0,0,,
8/23/2016,"CANADIAN","DEER CREEK PUBLIC SCHOOLS INDEPENDENT SCHOOL DISTRICT NO. 006",55502,"PROPOSITION NO. 2  DEER CREEK PUBLIC SCHOOLS",,1,1,1,"FOR THE PROPOSITION - YES",,0,0,2,2,,
8/23/2016,"CANADIAN","DEER CREEK PUBLIC SCHOOLS INDEPENDENT SCHOOL DISTRICT NO. 006",55502,"PROPOSITION NO. 2  DEER CREEK PUBLIC SCHOOLS",,1,1,2,"AGAINST THE PROPOSITION - NO",,0,0,0,0,,
8/23/2016,"CIMARRON","CITY OF BOISE CITY",41301,"PROPOSITION  CITY OF BOISE CITY",,4,4,1,"FOR THE PROPOSITION - YES",,0,24,131,155,,
8/23/2016,"CIMARRON","CITY OF BOISE CITY",41301,"PROPOSITION  CITY OF BOISE CITY",,4,4,2,"AGAINST THE PROPOSITION - NO",,2,5,11,18,,
8/23/2016,"CLEVELAND","CLEVELAND COUNTY",12301,"FOR COUNTY COURT CLERK",REP,83,83,1,"MIKE REYNOLDS",REP,338,122,4400,4860,CLEVELAND
8/23/2016,"CLEVELAND","CLEVELAND COUNTY",12301,"FOR COUNTY COURT CLERK",REP,83,83,2,"MARILYN WILLIAMS",REP,345,280,5177,5802,CLEVELAND
8/23/2016,"CLEVELAND","CITY OF NOBLE",41401,"PROPOSITION  CITY OF NOBLE",,2,2,1,"FOR THE PROPOSITION - YES",,30,3,213,246,,
8/23/2016,"CLEVELAND","CITY OF NOBLE",41401,"PROPOSITION  CITY OF NOBLE",,2,2,2,"AGAINST THE PROPOSITION - NO",,8,2,285,295,,
8/23/2016,"CLEVELAND","CITY OF NORMAN",41402,"PROPOSITION  CITY OF NORMAN",,49,49,1,"FOR THE PROPOSITION - YES",,245,161,4246,4652,,
8/23/2016,"CLEVELAND","CITY OF NORMAN",41402,"PROPOSITION  CITY OF NORMAN",,49,49,2,"AGAINST THE PROPOSITION - NO",,367,541,10630,11538,,
8/23/2016,"CLEVELAND","CITY OF PURCELL",44401,"PROPOSITION  CITY OF PURCELL",,1,1,1,"FOR THE PROPOSITION - YES",,0,0,0,0,,
8/23/2016,"CLEVELAND","CITY OF PURCELL",44401,"PROPOSITION  CITY OF PURCELL",,1,1,2,"AGAINST THE PROPOSITION - NO",,0,0,0,0,,
8/23/2016,"COAL","COAL COUNTY",11379,"FOR COUNTY COMMISSIONER DISTRICT NO. 2",DEM,2,2,1,"NICK LEE",DEM,6,44,183,233,COAL
8/23/2016,"COAL","COAL COUNTY",11379,"FOR COUNTY COMMISSIONER DISTRICT NO. 2",DEM,2,2,2,"MELVIN HOPPER JACKSON",DEM,6,56,176,238,COAL
8/23/2016,"COMANCHE","COMANCHE COUNTY",12023,"FOR STATE SENATOR DISTRICT 31",REP,18,18,1,"TONI HASENBECK",REP,38,77,988,1103,,
8/23/2016,"COMANCHE","COMANCHE COUNTY",12023,"FOR STATE SENATOR DISTRICT 31",REP,18,18,2,"CHRIS KIDD",REP,35,67,649,751,,
8/23/2016,"COMANCHE","TOWN OF FLETCHER",41601,"PROPOSITION  TOWN OF FLETCHER",,1,1,1,"FOR THE PROPOSITION - YES",,2,0,150,152,,
8/23/2016,"COMANCHE","TOWN OF FLETCHER",41601,"PROPOSITION  TOWN OF FLETCHER",,1,1,2,"AGAINST THE PROPOSITION - NO",,0,0,12,12,,
8/23/2016,"COMANCHE","ELGIN PUBLIC SCHOOLS INDEPENDENT SCHOOL DISTRICT NO. 016",51601,"PROPOSITION  ELGIN PUBLIC SCHOOLS",,8,8,1,"FOR THE PROPOSITION - YES",,22,38,801,861,,
8/23/2016,"COMANCHE","ELGIN PUBLIC SCHOOLS INDEPENDENT SCHOOL DISTRICT NO. 016",51601,"PROPOSITION  ELGIN PUBLIC SCHOOLS",,8,8,2,"AGAINST THE PROPOSITION - NO",,21,41,691,753,,
8/23/2016,"COMANCHE","FLOWER MOUND PUBLIC SCHOOL ELEMENTARY SCHOOL DISTRICT NO. 048",51602,"PROPOSITION  FLOWER MOUND PUBLIC SCHOOL",,6,6,1,"FOR THE PROPOSITION - YES",,2,4,85,91,,
8/23/2016,"COMANCHE","FLOWER MOUND PUBLIC SCHOOL ELEMENTARY SCHOOL DISTRICT NO. 048",51602,"PROPOSITION  FLOWER MOUND PUBLIC SCHOOL",,6,6,2,"AGAINST THE PROPOSITION - NO",,1,5,86,92,,
8/23/2016,"COTTON","COTTON COUNTY",12023,"FOR STATE SENATOR DISTRICT 31",REP,9,9,1,"TONI HASENBECK",REP,5,6,74,85,,
8/23/2016,"COTTON","COTTON COUNTY",12023,"FOR STATE SENATOR DISTRICT 31",REP,9,9,2,"CHRIS KIDD",REP,10,27,193,230,,
8/23/2016,"COTTON","WAURIKA PUBLIC SCHOOLS INDEPENDENT SCHOOL DISTRICT NO. 023",53401,"PROPOSITION NO. 1  WAURIKA PUBLIC SCHOOLS",,1,1,1,"FOR THE PROPOSITION - YES",,0,0,0,0,,
8/23/2016,"COTTON","WAURIKA PUBLIC SCHOOLS INDEPENDENT SCHOOL DISTRICT NO. 023",53401,"PROPOSITION NO. 1  WAURIKA PUBLIC SCHOOLS",,1,1,2,"AGAINST THE PROPOSITION - NO",,0,0,0,0,,
8/23/2016,"COTTON","WAURIKA PUBLIC SCHOOLS INDEPENDENT SCHOOL DISTRICT NO. 023",53402,"PROPOSITION NO. 2  WAURIKA PUBLIC SCHOOLS",,1,1,1,"FOR THE PROPOSITION - YES",,0,0,0,0,,
8/23/2016,"COTTON","WAURIKA PUBLIC SCHOOLS INDEPENDENT SCHOOL DISTRICT NO. 023",53402,"PROPOSITION NO. 2  WAURIKA PUBLIC SCHOOLS",,1,1,2,"AGAINST THE PROPOSITION - NO",,0,0,0,0,,
8/23/2016,"CRAIG","CRAIG COUNTY",11382,"FOR COUNTY COMMISSIONER DISTRICT NO. 2",DEM,4,4,1,"MORRIS D. BLUEJACKET",DEM,2,13,191,206,CRAIG
8/23/2016,"CRAIG","CRAIG COUNTY",11382,"FOR COUNTY COMMISSIONER DISTRICT NO. 2",DEM,4,4,2,"MIKE FITZPATRICK",DEM,1,6,234,241,CRAIG
8/23/2016,"CREEK","CREEK COUNTY",12229,"FOR COUNTY SHERIFF",REP,35,35,1,"JOHN S. DAVIS",REP,63,72,1323,1458,CREEK
8/23/2016,"CREEK","CREEK COUNTY",12229,"FOR COUNTY SHERIFF",REP,35,35,2,"BRET BOWLING",REP,52,112,1423,1587,CREEK
8/23/2016,"CREEK","CREEK COUNTY",12383,"FOR COUNTY COMMISSIONER DISTRICT NO. 2",REP,11,11,1,"RICK STEWART",REP,10,19,353,382,CREEK
8/23/2016,"CREEK","CREEK COUNTY",12383,"FOR COUNTY COMMISSIONER DISTRICT NO. 2",REP,11,11,2,"LEON WARNER",REP,33,33,605,671,CREEK
8/23/2016,"CREEK","CREEK COUNTY",30001,"COUNTY QUESTION",,35,35,1,"FOR THE PROPOSITION - YES",,93,152,2006,2251,,
8/23/2016,"CREEK","CREEK COUNTY",30001,"COUNTY QUESTION",,35,35,2,"AGAINST THE PROPOSITION - NO",,86,74,1657,1817,,
8/23/2016,"CREEK","PRETTY WATER PUBLIC SCHOOL ELEMENTARY SCHOOL DISTRICT NO. 034",51901,"PROPOSITION  PRETTY WATER PUBLIC SCHOOL",,2,2,1,"FOR THE PROPOSITION - YES",,7,3,149,159,,
8/23/2016,"CREEK","PRETTY WATER PUBLIC SCHOOL ELEMENTARY SCHOOL DISTRICT NO. 034",51901,"PROPOSITION  PRETTY WATER PUBLIC SCHOOL",,2,2,2,"AGAINST THE PROPOSITION - NO",,3,4,99,106,,
8/23/2016,"CUSTER","CITY OF CLINTON HOME RULE CHARTER",42003,"FOR COUNCILMAN WARD 4  CITY OF CLINTON",,2,2,1,"BOBBY R. STEWART",,3,0,32,35,CUSTER
8/23/2016,"CUSTER","CITY OF CLINTON HOME RULE CHARTER",42003,"FOR COUNCILMAN WARD 4  CITY OF CLINTON",,2,2,2,"LUCAS MARTINEZ",,2,0,13,15,CUSTER
8/23/2016,"CUSTER","CITY OF CLINTON HOME RULE CHARTER",42003,"FOR COUNCILMAN WARD 4  CITY OF CLINTON",,2,2,3,"MUSTAFA SAMI",,2,11,35,48,CUSTER
8/23/2016,"CUSTER","CITY OF WEATHERFORD",42004,"FOR COMMISSIONER WARD 2  CITY OF WEATHERFORD",,4,4,1,"GAYLON VOGT",,16,7,322,345,CUSTER
8/23/2016,"CUSTER","CITY OF WEATHERFORD",42004,"FOR COMMISSIONER WARD 2  CITY OF WEATHERFORD",,4,4,2,"JIMMY D. INGRAM",,18,0,641,659,CUSTER
8/23/2016,"CUSTER","CITY OF WEATHERFORD",42005,"FOR COMMISSIONER WARD 4  CITY OF WEATHERFORD",,4,4,1,"BRIAN  WADE",,15,6,422,443,CUSTER
8/23/2016,"CUSTER","CITY OF WEATHERFORD",42005,"FOR COMMISSIONER WARD 4  CITY OF WEATHERFORD",,4,4,2,"GARRETT SMITH",,19,0,531,550,CUSTER
8/23/2016,"DELAWARE","DELAWARE COUNTY",11385,"FOR COUNTY COMMISSIONER DISTRICT NO. 2",DEM,6,6,1,"GUS FISHER",DEM,22,101,515,638,DELAWARE
8/23/2016,"DELAWARE","DELAWARE COUNTY",11385,"FOR COUNTY COMMISSIONER DISTRICT NO. 2",DEM,6,6,2,"TOM SANDERS",DEM,30,19,323,372,DELAWARE
8/23/2016,"DEWEY","VICI PUBLIC SCHOOLS INDEPENDENT SCHOOL DISTRICT NO. 005",52201,"PROPOSITION  VICI PUBLIC SCHOOLS",,2,2,1,"FOR THE PROPOSITION - YES",,8,3,134,145,,
8/23/2016,"DEWEY","VICI PUBLIC SCHOOLS INDEPENDENT SCHOOL DISTRICT NO. 005",52201,"PROPOSITION  VICI PUBLIC SCHOOLS",,2,2,2,"AGAINST THE PROPOSITION - NO",,2,0,76,78,,
8/23/2016,"ELLIS","VICI PUBLIC SCHOOLS INDEPENDENT SCHOOL DISTRICT NO. 005",52201,"PROPOSITION  VICI PUBLIC SCHOOLS",,1,1,1,"FOR THE PROPOSITION - YES",,0,0,8,8,,
8/23/2016,"ELLIS","VICI PUBLIC SCHOOLS INDEPENDENT SCHOOL DISTRICT NO. 005",52201,"PROPOSITION  VICI PUBLIC SCHOOLS",,1,1,2,"AGAINST THE PROPOSITION - NO",,0,0,3,3,,
8/23/2016,"GARFIELD","GARFIELD COUNTY",12017,"FOR STATE SENATOR DISTRICT 19",REP,30,30,1,"ROLAND PEDERSON",REP,113,144,3049,3306,,
8/23/2016,"GARFIELD","GARFIELD COUNTY",12017,"FOR STATE SENATOR DISTRICT 19",REP,30,30,2,"ROSS VANHOOSER",REP,116,151,2586,2853,,
8/23/2016,"GARFIELD","GARFIELD COUNTY",30003,"COUNTY QUESTION",,30,30,1,"FOR THE PROPOSITION - YES",,210,245,4273,4728,,
8/23/2016,"GARFIELD","GARFIELD COUNTY",30003,"COUNTY QUESTION",,30,30,2,"AGAINST THE PROPOSITION - NO",,105,115,2866,3086,,
8/23/2016,"GARFIELD","CITY OF ENID",42401,"PROPOSITION  CITY OF ENID",,24,24,1,"FOR THE PROPOSITION - YES",,204,224,3876,4304,,
8/23/2016,"GARFIELD","CITY OF ENID",42401,"PROPOSITION  CITY OF ENID",,24,24,2,"AGAINST THE PROPOSITION - NO",,73,105,1816,1994,,
8/23/2016,"GARFIELD","POND CREEK-HUNTER SCHOOLS INDEPENDENT SCHOOL DISTRICT NO. 090",52701,"PROPOSITION  POND CREEK-HUNTER SCHOOLS",,2,2,1,"FOR THE PROPOSITION - YES",,2,0,32,34,,
8/23/2016,"GARFIELD","POND CREEK-HUNTER SCHOOLS INDEPENDENT SCHOOL DISTRICT NO. 090",52701,"PROPOSITION  POND CREEK-HUNTER SCHOOLS",,2,2,2,"AGAINST THE PROPOSITION - NO",,4,0,22,26,,
8/23/2016,"GARVIN","GARVIN COUNTY",12014,"FOR STATE SENATOR DISTRICT 13",REP,14,14,1,"JET McCOY",REP,19,22,306,347,,
8/23/2016,"GARVIN","GARVIN COUNTY",12014,"FOR STATE SENATOR DISTRICT 13",REP,14,14,2,"GREG McCORTNEY",REP,17,31,237,285,,
8/23/2016,"GRADY","GRADY COUNTY",12019,"FOR STATE SENATOR DISTRICT 23",REP,24,24,1,"LONNIE PAXTON",REP,126,58,1327,1511,,
8/23/2016,"GRADY","GRADY COUNTY",12019,"FOR STATE SENATOR DISTRICT 23",REP,24,24,2,"MATT STACY",REP,65,24,968,1057,,
8/23/2016,"GRADY","FRIEND PUBLIC SCHOOL ELEMENTARY SCHOOL DISTRICT NO. 037",52601,"PROPOSITION  FRIEND PUBLIC SCHOOL",,4,4,1,"FOR THE PROPOSITION - YES",,0,6,97,103,,
8/23/2016,"GRADY","FRIEND PUBLIC SCHOOL ELEMENTARY SCHOOL DISTRICT NO. 037",52601,"PROPOSITION  FRIEND PUBLIC SCHOOL",,4,4,2,"AGAINST THE PROPOSITION - NO",,1,4,28,33,,
8/23/2016,"GRADY","RUSH SPRINGS PUBLIC SCHOOLS INDEPENDENT SCHOOL DISTRICT NO. 068",52602,"PROPOSITION  RUSH SPRINGS PUBLIC SCHOOLS",,4,4,1,"FOR THE PROPOSITION - YES",,12,5,195,212,,
8/23/2016,"GRADY","RUSH SPRINGS PUBLIC SCHOOLS INDEPENDENT SCHOOL DISTRICT NO. 068",52602,"PROPOSITION  RUSH SPRINGS PUBLIC SCHOOLS",,4,4,2,"AGAINST THE PROPOSITION - NO",,9,4,75,88,,
8/23/2016,"GRANT","GRANT COUNTY",12017,"FOR STATE SENATOR DISTRICT 19",REP,7,7,1,"ROLAND PEDERSON",REP,22,30,495,547,,
8/23/2016,"GRANT","GRANT COUNTY",12017,"FOR STATE SENATOR DISTRICT 19",REP,7,7,2,"ROSS VANHOOSER",REP,7,5,118,130,,
8/23/2016,"GRANT","CITY OF POND CREEK",42701,"PROPOSITION NO. 1  CITY OF POND CREEK",,1,1,1,"FOR THE PROPOSITION - YES",,2,7,157,166,,
8/23/2016,"GRANT","CITY OF POND CREEK",42701,"PROPOSITION NO. 1  CITY OF POND CREEK",,1,1,2,"AGAINST THE PROPOSITION - NO",,6,3,138,147,,
8/23/2016,"GRANT","CITY OF POND CREEK",42702,"PROPOSITION NO. 2  CITY OF POND CREEK",,1,1,1,"FOR THE PROPOSITION - YES",,4,7,154,165,,
8/23/2016,"GRANT","CITY OF POND CREEK",42702,"PROPOSITION NO. 2  CITY OF POND CREEK",,1,1,2,"AGAINST THE PROPOSITION - NO",,4,3,140,147,,
8/23/2016,"GRANT","CITY OF POND CREEK",42703,"PROPOSITION NO. 3  CITY OF POND CREEK",,1,1,1,"FOR THE PROPOSITION - YES",,2,7,152,161,,
8/23/2016,"GRANT","CITY OF POND CREEK",42703,"PROPOSITION NO. 3  CITY OF POND CREEK",,1,1,2,"AGAINST THE PROPOSITION - NO",,6,3,130,139,,
8/23/2016,"GRANT","POND CREEK-HUNTER SCHOOLS INDEPENDENT SCHOOL DISTRICT NO. 090",52701,"PROPOSITION  POND CREEK-HUNTER SCHOOLS",,4,4,1,"FOR THE PROPOSITION - YES",,8,6,286,300,,
8/23/2016,"GRANT","POND CREEK-HUNTER SCHOOLS INDEPENDENT SCHOOL DISTRICT NO. 090",52701,"PROPOSITION  POND CREEK-HUNTER SCHOOLS",,4,4,2,"AGAINST THE PROPOSITION - NO",,6,6,79,91,,
8/23/2016,"HARMON","HARMON COUNTY",11443,"FOR COUNTY COMMISSIONER DISTRICT NO. 3 (UNEXPIRED TERM)",DEM,2,2,1,"MARTY TIPTON",DEM,1,3,18,22,HARMON
8/23/2016,"HARMON","HARMON COUNTY",11443,"FOR COUNTY COMMISSIONER DISTRICT NO. 3 (UNEXPIRED TERM)",DEM,2,2,2,"LARRY COX",DEM,0,0,28,28,HARMON
8/23/2016,"HASKELL","HASKELL COUNTY",11395,"FOR COUNTY COMMISSIONER DISTRICT NO. 2",DEM,6,6,1,"SANDRA  ZACHRY",DEM,17,36,397,450,HASKELL
8/23/2016,"HASKELL","HASKELL COUNTY",11395,"FOR COUNTY COMMISSIONER DISTRICT NO. 2",DEM,6,6,2,"MARVIN  NOLEN",DEM,70,48,308,426,HASKELL
8/23/2016,"HUGHES","HUGHES COUNTY",12014,"FOR STATE SENATOR DISTRICT 13",REP,6,6,1,"JET McCOY",REP,1,4,34,39,,
8/23/2016,"HUGHES","HUGHES COUNTY",12014,"FOR STATE SENATOR DISTRICT 13",REP,6,6,2,"GREG McCORTNEY",REP,4,6,50,60,,
8/23/2016,"JACKSON","JACKSON COUNTY",11444,"FOR COUNTY COMMISSIONER DISTRICT NO. 3 (UNEXPIRED TERM)",DEM,5,5,1,"DAVID RENFRO",DEM,3,7,54,64,JACKSON
8/23/2016,"JACKSON","JACKSON COUNTY",11444,"FOR COUNTY COMMISSIONER DISTRICT NO. 3 (UNEXPIRED TERM)",DEM,5,5,2,"BUDDY DEHTAN",DEM,1,9,82,92,JACKSON
8/23/2016,"JEFFERSON","JEFFERSON COUNTY",12023,"FOR STATE SENATOR DISTRICT 31",REP,10,10,1,"TONI HASENBECK",REP,0,7,21,28,,
8/23/2016,"JEFFERSON","JEFFERSON COUNTY",12023,"FOR STATE SENATOR DISTRICT 31",REP,10,10,2,"CHRIS KIDD",REP,10,40,253,303,,
8/23/2016,"JEFFERSON","TOWN OF RYAN",43401,"PROPOSITION  TOWN OF RYAN",,1,1,1,"FOR THE PROPOSITION - YES",,1,3,26,30,,
8/23/2016,"JEFFERSON","TOWN OF RYAN",43401,"PROPOSITION  TOWN OF RYAN",,1,1,2,"AGAINST THE PROPOSITION - NO",,2,1,113,116,,
8/23/2016,"JEFFERSON","WAURIKA PUBLIC SCHOOLS INDEPENDENT SCHOOL DISTRICT NO. 023",53401,"PROPOSITION NO. 1  WAURIKA PUBLIC SCHOOLS",,8,8,1,"FOR THE PROPOSITION - YES",,4,39,288,331,,
8/23/2016,"JEFFERSON","WAURIKA PUBLIC SCHOOLS INDEPENDENT SCHOOL DISTRICT NO. 023",53401,"PROPOSITION NO. 1  WAURIKA PUBLIC SCHOOLS",,8,8,2,"AGAINST THE PROPOSITION - NO",,5,18,109,132,,
8/23/2016,"JEFFERSON","WAURIKA PUBLIC SCHOOLS INDEPENDENT SCHOOL DISTRICT NO. 023",53402,"PROPOSITION NO. 2  WAURIKA PUBLIC SCHOOLS",,8,8,1,"FOR THE PROPOSITION - YES",,5,43,281,329,,
8/23/2016,"JEFFERSON","WAURIKA PUBLIC SCHOOLS INDEPENDENT SCHOOL DISTRICT NO. 023",53402,"PROPOSITION NO. 2  WAURIKA PUBLIC SCHOOLS",,8,8,2,"AGAINST THE PROPOSITION - NO",,4,16,116,136,,
8/23/2016,"JOHNSTON","COLEMAN PUBLIC SCHOOLS INDEPENDENT SCHOOL DISTRICT NO. 035",53501,"PROPOSITION NO. 1  COLEMAN PUBLIC SCHOOLS",,1,1,1,"FOR THE PROPOSITION - YES",,0,2,124,126,,
8/23/2016,"JOHNSTON","COLEMAN PUBLIC SCHOOLS INDEPENDENT SCHOOL DISTRICT NO. 035",53501,"PROPOSITION NO. 1  COLEMAN PUBLIC SCHOOLS",,1,1,2,"AGAINST THE PROPOSITION - NO",,0,1,55,56,,
8/23/2016,"JOHNSTON","COLEMAN PUBLIC SCHOOLS INDEPENDENT SCHOOL DISTRICT NO. 035",53502,"PROPOSITION NO. 2  COLEMAN PUBLIC SCHOOLS",,1,1,1,"FOR THE PROPOSITION - YES",,0,2,124,126,,
8/23/2016,"JOHNSTON","COLEMAN PUBLIC SCHOOLS INDEPENDENT SCHOOL DISTRICT NO. 035",53502,"PROPOSITION NO. 2  COLEMAN PUBLIC SCHOOLS",,1,1,2,"AGAINST THE PROPOSITION - NO",,0,1,58,59,,
8/23/2016,"KAY","KAY COUNTY",12017,"FOR STATE SENATOR DISTRICT 19",REP,4,4,1,"ROLAND PEDERSON",REP,8,6,557,571,,
8/23/2016,"KAY","KAY COUNTY",12017,"FOR STATE SENATOR DISTRICT 19",REP,4,4,2,"ROSS VANHOOSER",REP,3,7,310,320,,
8/23/2016,"KAY","BLACKWELL PUBLIC SCHOOLS INDEPENDENT SCHOOL DISTRICT NO. 045",53601,"PROPOSITION NO. 1  BLACKWELL PUBLIC SCHOOLS",,8,8,1,"FOR THE PROPOSITION - YES",,6,4,389,399,,
8/23/2016,"KAY","BLACKWELL PUBLIC SCHOOLS INDEPENDENT SCHOOL DISTRICT NO. 045",53601,"PROPOSITION NO. 1  BLACKWELL PUBLIC SCHOOLS",,8,8,2,"AGAINST THE PROPOSITION - NO",,11,10,863,884,,
8/23/2016,"KAY","BLACKWELL PUBLIC SCHOOLS INDEPENDENT SCHOOL DISTRICT NO. 045",53602,"PROPOSITION NO. 2  BLACKWELL PUBLIC SCHOOLS",,8,8,1,"FOR THE PROPOSITION - YES",,9,10,580,599,,
8/23/2016,"KAY","BLACKWELL PUBLIC SCHOOLS INDEPENDENT SCHOOL DISTRICT NO. 045",53602,"PROPOSITION NO. 2  BLACKWELL PUBLIC SCHOOLS",,8,8,2,"AGAINST THE PROPOSITION - NO",,8,4,684,696,,
8/23/2016,"KINGFISHER","KINGFISHER COUNTY",12019,"FOR STATE SENATOR DISTRICT 23",REP,1,1,1,"LONNIE PAXTON",REP,6,2,138,146,,
8/23/2016,"KINGFISHER","KINGFISHER COUNTY",12019,"FOR STATE SENATOR DISTRICT 23",REP,1,1,2,"MATT STACY",REP,1,4,72,77,,
8/23/2016,"KINGFISHER","PIEDMONT PUBLIC SCHOOLS INDEPENDENT SCHOOL DISTRICT NO. 022",50901,"PROPOSITION NO. 1  PIEDMONT PUBLIC SCHOOLS",,1,1,1,"FOR THE PROPOSITION - YES",,0,0,2,2,,
8/23/2016,"KINGFISHER","PIEDMONT PUBLIC SCHOOLS INDEPENDENT SCHOOL DISTRICT NO. 022",50901,"PROPOSITION NO. 1  PIEDMONT PUBLIC SCHOOLS",,1,1,2,"AGAINST THE PROPOSITION - NO",,0,0,0,0,,
8/23/2016,"KINGFISHER","PIEDMONT PUBLIC SCHOOLS INDEPENDENT SCHOOL DISTRICT NO. 022",50902,"PROPOSITION NO. 2  PIEDMONT PUBLIC SCHOOLS",,1,1,1,"FOR THE PROPOSITION - YES",,0,0,2,2,,
8/23/2016,"KINGFISHER","PIEDMONT PUBLIC SCHOOLS INDEPENDENT SCHOOL DISTRICT NO. 022",50902,"PROPOSITION NO. 2  PIEDMONT PUBLIC SCHOOLS",,1,1,2,"AGAINST THE PROPOSITION - NO",,0,0,0,0,,
8/23/2016,"KINGFISHER","OKARCHE PUBLIC SCHOOLS INDEPENDENT SCHOOL DISTRICT NO. 105",53701,"PROPOSITION  OKARCHE PUBLIC SCHOOLS",,4,4,1,"FOR THE PROPOSITION - YES",,11,16,297,324,,
8/23/2016,"KINGFISHER","OKARCHE PUBLIC SCHOOLS INDEPENDENT SCHOOL DISTRICT NO. 105",53701,"PROPOSITION  OKARCHE PUBLIC SCHOOLS",,4,4,2,"AGAINST THE PROPOSITION - NO",,3,6,114,123,,
8/23/2016,"KINGFISHER","CRESCENT PUBLIC SCHOOLS INDEPENDENT SCHOOL DISTRICT NO. 002",54201,"PROPOSITION  CRESCENT PUBLIC SCHOOLS",,2,2,1,"FOR THE PROPOSITION - YES",,0,0,22,22,,
8/23/2016,"KINGFISHER","CRESCENT PUBLIC SCHOOLS INDEPENDENT SCHOOL DISTRICT NO. 002",54201,"PROPOSITION  CRESCENT PUBLIC SCHOOLS",,2,2,2,"AGAINST THE PROPOSITION - NO",,0,0,7,7,,
8/23/2016,"KIOWA","HOBART PUBLIC SCHOOLS INDEPENDENT SCHOOL DISTRICT NO. 001",53801,"PROPOSITION  HOBART PUBLIC SCHOOLS",,7,7,1,"FOR THE PROPOSITION - YES",,15,79,391,485,,
8/23/2016,"KIOWA","HOBART PUBLIC SCHOOLS INDEPENDENT SCHOOL DISTRICT NO. 001",53801,"PROPOSITION  HOBART PUBLIC SCHOOLS",,7,7,2,"AGAINST THE PROPOSITION - NO",,4,16,196,216,,
8/23/2016,"LEFLORE","CITY OF POTEAU",44001,"PROPOSITION  CITY OF POTEAU",,10,10,1,"FOR THE PROPOSITION - YES",,12,15,163,190,,
8/23/2016,"LEFLORE","CITY OF POTEAU",44001,"PROPOSITION  CITY OF POTEAU",,10,10,2,"AGAINST THE PROPOSITION - NO",,4,14,172,190,,
8/23/2016,"LINCOLN","STROUD PUBLIC SCHOOLS INDEPENDENT SCHOOL DISTRICT NO. 054",54101,"PROPOSITION  STROUD PUBLIC SCHOOLS",,5,5,1,"FOR THE PROPOSITION - YES",,12,2,377,391,,
8/23/2016,"LINCOLN","STROUD PUBLIC SCHOOLS INDEPENDENT SCHOOL DISTRICT NO. 054",54101,"PROPOSITION  STROUD PUBLIC SCHOOLS",,5,5,2,"AGAINST THE PROPOSITION - NO",,11,2,204,217,,
8/23/2016,"LOGAN","LOGAN COUNTY",12252,"FOR COUNTY SHERIFF",REP,22,22,1,"JIM BAUMAN",REP,101,62,1565,1728,LOGAN
8/23/2016,"LOGAN","LOGAN COUNTY",12252,"FOR COUNTY SHERIFF",REP,22,22,2,"DAMON R. DEVEREAUX",REP,70,87,1928,2085,LOGAN
8/23/2016,"LOGAN","CITY OF GUTHRIE",44201,"PROPOSITION  CITY OF GUTHRIE",,9,9,1,"FOR THE PROPOSITION - YES",,41,49,693,783,,
8/23/2016,"LOGAN","CITY OF GUTHRIE",44201,"PROPOSITION  CITY OF GUTHRIE",,9,9,2,"AGAINST THE PROPOSITION - NO",,32,44,453,529,,
8/23/2016,"LOGAN","CRESCENT PUBLIC SCHOOLS INDEPENDENT SCHOOL DISTRICT NO. 002",54201,"PROPOSITION  CRESCENT PUBLIC SCHOOLS",,5,5,1,"FOR THE PROPOSITION - YES",,9,3,483,495,,
8/23/2016,"LOGAN","CRESCENT PUBLIC SCHOOLS INDEPENDENT SCHOOL DISTRICT NO. 002",54201,"PROPOSITION  CRESCENT PUBLIC SCHOOLS",,5,5,2,"AGAINST THE PROPOSITION - NO",,4,7,204,215,,
8/23/2016,"LOGAN","DEER CREEK PUBLIC SCHOOLS INDEPENDENT SCHOOL DISTRICT NO. 006",55501,"PROPOSITION NO. 1  DEER CREEK PUBLIC SCHOOLS",,3,3,1,"FOR THE PROPOSITION - YES",,27,1,227,255,,
8/23/2016,"LOGAN","DEER CREEK PUBLIC SCHOOLS INDEPENDENT SCHOOL DISTRICT NO. 006",55501,"PROPOSITION NO. 1  DEER CREEK PUBLIC SCHOOLS",,3,3,2,"AGAINST THE PROPOSITION - NO",,15,4,104,123,,
8/23/2016,"LOGAN","DEER CREEK PUBLIC SCHOOLS INDEPENDENT SCHOOL DISTRICT NO. 006",55502,"PROPOSITION NO. 2  DEER CREEK PUBLIC SCHOOLS",,3,3,1,"FOR THE PROPOSITION - YES",,25,3,228,256,,
8/23/2016,"LOGAN","DEER CREEK PUBLIC SCHOOLS INDEPENDENT SCHOOL DISTRICT NO. 006",55502,"PROPOSITION NO. 2  DEER CREEK PUBLIC SCHOOLS",,3,3,2,"AGAINST THE PROPOSITION - NO",,17,2,95,114,,
8/23/2016,"MCCLAIN","CITY OF PURCELL",44401,"PROPOSITION  CITY OF PURCELL",,9,9,1,"FOR THE PROPOSITION - YES",,45,97,850,992,,
8/23/2016,"MCCLAIN","CITY OF PURCELL",44401,"PROPOSITION  CITY OF PURCELL",,9,9,2,"AGAINST THE PROPOSITION - NO",,2,13,127,142,,
8/23/2016,"MCCURTAIN","MCCURTAIN COUNTY",11255,"FOR COUNTY SHERIFF",DEM,30,30,1,"SCOTT McLAIN",DEM,17,79,752,848,MCCURTAIN
8/23/2016,"MCCURTAIN","MCCURTAIN COUNTY",11255,"FOR COUNTY SHERIFF",DEM,30,30,2,"KEVIN CLARDY",DEM,23,55,1097,1175,MCCURTAIN
8/23/2016,"MAJOR","MAJOR COUNTY",12411,"FOR COUNTY COMMISSIONER DISTRICT NO. 2",REP,3,3,1,"KENT SCHLOTTHAUER",REP,16,25,241,282,MAJOR
8/23/2016,"MAJOR","MAJOR COUNTY",12411,"FOR COUNTY COMMISSIONER DISTRICT NO. 2",REP,3,3,2,"DARYL WICHERT",REP,8,24,160,192,MAJOR
8/23/2016,"MARSHALL","MARSHALL COUNTY",11258,"FOR COUNTY SHERIFF",DEM,11,11,1,"JAMES  ELLIS",DEM,7,23,242,272,MARSHALL
8/23/2016,"MARSHALL","MARSHALL COUNTY",11258,"FOR COUNTY SHERIFF",DEM,11,11,2,"JOHNNY MILLER",DEM,11,5,281,297,MARSHALL
8/23/2016,"MAYES","MAYES COUNTY",12040,"FOR STATE REPRESENTATIVE DISTRICT 8",REP,18,18,1,"TOM GANN",REP,23,43,696,762,,
8/23/2016,"MAYES","MAYES COUNTY",12040,"FOR STATE REPRESENTATIVE DISTRICT 8",REP,18,18,2,"STEVEN L DILL",REP,14,23,519,556,,
8/23/2016,"MAYES","CITY OF PRYOR CREEK",44901,"PROPOSITION NO. 1  CITY OF PRYOR CREEK",,5,5,1,"FOR THE PROPOSITION - YES",,16,24,267,307,,
8/23/2016,"MAYES","CITY OF PRYOR CREEK",44901,"PROPOSITION NO. 1  CITY OF PRYOR CREEK",,5,5,2,"AGAINST THE PROPOSITION - NO",,28,57,784,869,,
8/23/2016,"MAYES","CITY OF PRYOR CREEK",44902,"PROPOSITION NO. 2  CITY OF PRYOR CREEK",,5,5,1,"FOR THE PROPOSITION - YES",,17,17,145,179,,
8/23/2016,"MAYES","CITY OF PRYOR CREEK",44902,"PROPOSITION NO. 2  CITY OF PRYOR CREEK",,5,5,2,"AGAINST THE PROPOSITION - NO",,28,64,905,997,,
8/23/2016,"MUSKOGEE","MUSKOGEE COUNTY",11048,"FOR STATE REPRESENTATIVE DISTRICT 16",DEM,3,3,1,"RONNIE KELL",DEM,0,0,64,64,,
8/23/2016,"MUSKOGEE","MUSKOGEE COUNTY",11048,"FOR STATE REPRESENTATIVE DISTRICT 16",DEM,3,3,2,"ANNA DEARMORE",DEM,2,0,22,24,,
8/23/2016,"MUSKOGEE","MUSKOGEE COUNTY",30002,"COUNTY QUESTION",,33,33,1,"FOR THE PROPOSITION - YES",,85,123,1150,1358,,
8/23/2016,"MUSKOGEE","MUSKOGEE COUNTY",30002,"COUNTY QUESTION",,33,33,2,"AGAINST THE PROPOSITION - NO",,39,35,582,656,,
8/23/2016,"MUSKOGEE","HILLDALE PUBLIC SCHOOLS INDEPENDENT SCHOOL DISTRICT NO. 029",55101,"PROPOSITION NO. 1  HILLDALE PUBLIC SCHOOLS",,8,8,1,"FOR THE PROPOSITION - YES",,6,31,391,428,,
8/23/2016,"MUSKOGEE","HILLDALE PUBLIC SCHOOLS INDEPENDENT SCHOOL DISTRICT NO. 029",55101,"PROPOSITION NO. 1  HILLDALE PUBLIC SCHOOLS",,8,8,2,"AGAINST THE PROPOSITION - NO",,7,14,292,313,,
8/23/2016,"MUSKOGEE","HILLDALE PUBLIC SCHOOLS INDEPENDENT SCHOOL DISTRICT NO. 029",55102,"PROPOSITION NO. 2  HILLDALE PUBLIC SCHOOLS",,8,8,1,"FOR THE PROPOSITION - YES",,7,31,399,437,,
8/23/2016,"MUSKOGEE","HILLDALE PUBLIC SCHOOLS INDEPENDENT SCHOOL DISTRICT NO. 029",55102,"PROPOSITION NO. 2  HILLDALE PUBLIC SCHOOLS",,8,8,2,"AGAINST THE PROPOSITION - NO",,6,14,274,294,,
8/23/2016,"MUSKOGEE","GORE PUBLIC SCHOOLS INDEPENDENT SCHOOL DISTRICT NO. 006",56803,"PROPOSITION  GORE PUBLIC SCHOOLS",,1,1,1,"FOR THE PROPOSITION - YES",,0,2,47,49,,
8/23/2016,"MUSKOGEE","GORE PUBLIC SCHOOLS INDEPENDENT SCHOOL DISTRICT NO. 006",56803,"PROPOSITION  GORE PUBLIC SCHOOLS",,1,1,2,"AGAINST THE PROPOSITION - NO",,0,0,15,15,,
8/23/2016,"NOWATA","COPAN PUBLIC SCHOOLS INDEPENDENT SCHOOL DISTRICT NO. 004",57403,"PROPOSITION  COPAN PUBLIC SCHOOLS",,1,1,1,"FOR THE PROPOSITION - YES",,0,0,0,0,,
8/23/2016,"NOWATA","COPAN PUBLIC SCHOOLS INDEPENDENT SCHOOL DISTRICT NO. 004",57403,"PROPOSITION  COPAN PUBLIC SCHOOLS",,1,1,2,"AGAINST THE PROPOSITION - NO",,0,0,0,0,,
8/23/2016,"OKFUSKEE","OKFUSKEE COUNTY",30004,"COUNTY QUESTION",,13,13,1,"FOR THE PROPOSITION - YES",,38,122,810,970,,
8/23/2016,"OKFUSKEE","OKFUSKEE COUNTY",30004,"COUNTY QUESTION",,13,13,2,"AGAINST THE PROPOSITION - NO",,11,27,240,278,,
8/23/2016,"OKLAHOMA","OKLAHOMA COUNTY",11007,"FOR UNITED STATES REPRESENTATIVE DISTRICT 05",DEM,233,233,1,"AL McAFFREY",DEM,766,237,5994,6997,,
8/23/2016,"OKLAHOMA","OKLAHOMA COUNTY",11007,"FOR UNITED STATES REPRESENTATIVE DISTRICT 05",DEM,233,233,2,"TOM GUILD",DEM,681,248,5712,6641,,
8/23/2016,"OKLAHOMA","OKLAHOMA COUNTY",11129,"FOR STATE REPRESENTATIVE DISTRICT 97",DEM,18,18,1,"JASON LOWE",DEM,136,140,1553,1829,,
8/23/2016,"OKLAHOMA","OKLAHOMA COUNTY",11129,"FOR STATE REPRESENTATIVE DISTRICT 97",DEM,18,18,2,"CHRIS HARRISON",DEM,55,101,1241,1397,,
8/23/2016,"OKLAHOMA","OKLAHOMA COUNTY",12028,"FOR STATE SENATOR DISTRICT 41",REP,28,28,1,"ADAM PUGH",REP,422,71,3821,4314,,
8/23/2016,"OKLAHOMA","OKLAHOMA COUNTY",12028,"FOR STATE SENATOR DISTRICT 41",REP,28,28,2,"PAUL BLAIR",REP,413,72,3173,3658,,
8/23/2016,"OKLAHOMA","OKLAHOMA COUNTY",12117,"FOR STATE REPRESENTATIVE DISTRICT 85",REP,16,16,1,"MATT JACKSON",REP,177,19,1088,1284,,
8/23/2016,"OKLAHOMA","OKLAHOMA COUNTY",12117,"FOR STATE REPRESENTATIVE DISTRICT 85",REP,16,16,2,"ROBYN MATTHEWS",REP,129,20,919,1068,,
8/23/2016,"OKLAHOMA","OKLAHOMA COUNTY",12188,"FOR COUNTY CLERK",REP,257,257,1,"CAROLYNN CAUDILL",REP,1037,127,6994,8158,OKLAHOMA
8/23/2016,"OKLAHOMA","OKLAHOMA COUNTY",12188,"FOR COUNTY CLERK",REP,257,257,2,"DAVID B. HOOTEN",REP,1594,222,13770,15586,OKLAHOMA
8/23/2016,"OKLAHOMA","OKLAHOMA COUNTY",12342,"FOR COUNTY COURT CLERK",REP,257,257,1,"RICK WARREN",REP,1673,187,12022,13882,OKLAHOMA
8/23/2016,"OKLAHOMA","OKLAHOMA COUNTY",12342,"FOR COUNTY COURT CLERK",REP,257,257,2,"LINDA AMICK DODSON",REP,955,161,8765,9881,OKLAHOMA
8/23/2016,"OKLAHOMA","CITY OF DEL CITY",45501,"PROPOSITION  CITY OF DEL CITY",,6,6,1,"FOR THE PROPOSITION - YES",,100,11,1383,1494,,
8/23/2016,"OKLAHOMA","CITY OF DEL CITY",45501,"PROPOSITION  CITY OF DEL CITY",,6,6,2,"AGAINST THE PROPOSITION - NO",,28,2,194,224,,
8/23/2016,"OKLAHOMA","PIEDMONT PUBLIC SCHOOLS INDEPENDENT SCHOOL DISTRICT NO. 022",50901,"PROPOSITION NO. 1  PIEDMONT PUBLIC SCHOOLS",,4,4,1,"FOR THE PROPOSITION - YES",,16,0,262,278,,
8/23/2016,"OKLAHOMA","PIEDMONT PUBLIC SCHOOLS INDEPENDENT SCHOOL DISTRICT NO. 022",50901,"PROPOSITION NO. 1  PIEDMONT PUBLIC SCHOOLS",,4,4,2,"AGAINST THE PROPOSITION - NO",,9,0,81,90,,
8/23/2016,"OKLAHOMA","PIEDMONT PUBLIC SCHOOLS INDEPENDENT SCHOOL DISTRICT NO. 022",50902,"PROPOSITION NO. 2  PIEDMONT PUBLIC SCHOOLS",,4,4,1,"FOR THE PROPOSITION - YES",,17,0,270,287,,
8/23/2016,"OKLAHOMA","PIEDMONT PUBLIC SCHOOLS INDEPENDENT SCHOOL DISTRICT NO. 022",50902,"PROPOSITION NO. 2  PIEDMONT PUBLIC SCHOOLS",,4,4,2,"AGAINST THE PROPOSITION - NO",,8,0,75,83,,
8/23/2016,"OKLAHOMA","DEER CREEK PUBLIC SCHOOLS INDEPENDENT SCHOOL DISTRICT NO. 006",55501,"PROPOSITION NO. 1  DEER CREEK PUBLIC SCHOOLS",,15,15,1,"FOR THE PROPOSITION - YES",,135,21,1331,1487,,
8/23/2016,"OKLAHOMA","DEER CREEK PUBLIC SCHOOLS INDEPENDENT SCHOOL DISTRICT NO. 006",55501,"PROPOSITION NO. 1  DEER CREEK PUBLIC SCHOOLS",,15,15,2,"AGAINST THE PROPOSITION - NO",,55,7,425,487,,
8/23/2016,"OKLAHOMA","DEER CREEK PUBLIC SCHOOLS INDEPENDENT SCHOOL DISTRICT NO. 006",55502,"PROPOSITION NO. 2  DEER CREEK PUBLIC SCHOOLS",,15,15,1,"FOR THE PROPOSITION - YES",,137,21,1329,1487,,
8/23/2016,"OKLAHOMA","DEER CREEK PUBLIC SCHOOLS INDEPENDENT SCHOOL DISTRICT NO. 006",55502,"PROPOSITION NO. 2  DEER CREEK PUBLIC SCHOOLS",,15,15,2,"AGAINST THE PROPOSITION - NO",,55,7,427,489,,
8/23/2016,"OKMULGEE","OKMULGEE COUNTY",11048,"FOR STATE REPRESENTATIVE DISTRICT 16",DEM,20,20,1,"RONNIE KELL",DEM,23,23,433,479,,
8/23/2016,"OKMULGEE","OKMULGEE COUNTY",11048,"FOR STATE REPRESENTATIVE DISTRICT 16",DEM,20,20,2,"ANNA DEARMORE",DEM,34,21,329,384,,
8/23/2016,"OKMULGEE","TOWN OF DEWAR",45601,"PROPOSITION  TOWN OF DEWAR",,1,1,1,"FOR THE PROPOSITION - YES",,1,1,54,56,,
8/23/2016,"OKMULGEE","TOWN OF DEWAR",45601,"PROPOSITION  TOWN OF DEWAR",,1,1,2,"AGAINST THE PROPOSITION - NO",,0,0,2,2,,
8/23/2016,"OSAGE","ANDERSON PUBLIC SCHOOL ELEMENTARY SCHOOL DISTRICT NO. 052",55701,"PROPOSITION NO. 1  ANDERSON PUBLIC SCHOOL",,3,3,1,"FOR THE PROPOSITION - YES",,6,0,100,106,,
8/23/2016,"OSAGE","ANDERSON PUBLIC SCHOOL ELEMENTARY SCHOOL DISTRICT NO. 052",55701,"PROPOSITION NO. 1  ANDERSON PUBLIC SCHOOL",,3,3,2,"AGAINST THE PROPOSITION - NO",,2,0,17,19,,
8/23/2016,"OSAGE","ANDERSON PUBLIC SCHOOL ELEMENTARY SCHOOL DISTRICT NO. 052",55702,"PROPOSITION NO. 2  ANDERSON PUBLIC SCHOOL",,3,3,1,"FOR THE PROPOSITION - YES",,6,0,99,105,,
8/23/2016,"OSAGE","ANDERSON PUBLIC SCHOOL ELEMENTARY SCHOOL DISTRICT NO. 052",55702,"PROPOSITION NO. 2  ANDERSON PUBLIC SCHOOL",,3,3,2,"AGAINST THE PROPOSITION - NO",,2,0,18,20,,
8/23/2016,"OSAGE","BARTLESVILLE PUBLIC SCHOOLS INDEPENDENT SCHOOL DISTRICT NO. 030",57401,"PROPOSITION NO. 1  BARTLESVILLE PUBLIC SCHOOLS",,2,2,1,"FOR THE PROPOSITION - YES",,2,0,23,25,,
8/23/2016,"OSAGE","BARTLESVILLE PUBLIC SCHOOLS INDEPENDENT SCHOOL DISTRICT NO. 030",57401,"PROPOSITION NO. 1  BARTLESVILLE PUBLIC SCHOOLS",,2,2,2,"AGAINST THE PROPOSITION - NO",,1,0,8,9,,
8/23/2016,"OSAGE","BARTLESVILLE PUBLIC SCHOOLS INDEPENDENT SCHOOL DISTRICT NO. 030",57402,"PROPOSITION NO. 2  BARTLESVILLE PUBLIC SCHOOLS",,2,2,1,"FOR THE PROPOSITION - YES",,2,0,24,26,,
8/23/2016,"OSAGE","BARTLESVILLE PUBLIC SCHOOLS INDEPENDENT SCHOOL DISTRICT NO. 030",57402,"PROPOSITION NO. 2  BARTLESVILLE PUBLIC SCHOOLS",,2,2,2,"AGAINST THE PROPOSITION - NO",,1,0,8,9,,
8/23/2016,"PAYNE","PAYNE COUNTY",12424,"FOR COUNTY COMMISSIONER DISTRICT NO. 2",REP,9,9,1,"CHRIS REDING",REP,5,15,279,299,PAYNE
8/23/2016,"PAYNE","PAYNE COUNTY",12424,"FOR COUNTY COMMISSIONER DISTRICT NO. 2",REP,9,9,2,"BRETT STOKES",REP,5,3,30,38,PAYNE
8/23/2016,"PITTSBURG","CITY OF MCALESTER",46101,"FOR COUNCILMAN WARD 2 (UNEXPIRED TERM)  CITY OF MCALESTER",,4,4,1,"CULLY STEVENS",,6,6,172,184,PITTSBURG
8/23/2016,"PITTSBURG","CITY OF MCALESTER",46101,"FOR COUNCILMAN WARD 2 (UNEXPIRED TERM)  CITY OF MCALESTER",,4,4,2,"GLORIA REEVES",,6,3,81,90,PITTSBURG
8/23/2016,"PONTOTOC","PONTOTOC COUNTY",12014,"FOR STATE SENATOR DISTRICT 13",REP,21,21,1,"JET McCOY",REP,39,85,701,825,,
8/23/2016,"PONTOTOC","PONTOTOC COUNTY",12014,"FOR STATE SENATOR DISTRICT 13",REP,21,21,2,"GREG McCORTNEY",REP,31,139,819,989,,
8/23/2016,"POTTAWATOMIE","POTTAWATOMIE COUNTY",11007,"FOR UNITED STATES REPRESENTATIVE DISTRICT 05",DEM,26,26,1,"AL McAFFREY",DEM,40,28,320,388,,
8/23/2016,"POTTAWATOMIE","POTTAWATOMIE COUNTY",11007,"FOR UNITED STATES REPRESENTATIVE DISTRICT 05",DEM,26,26,2,"TOM GUILD",DEM,36,24,469,529,,
8/23/2016,"POTTAWATOMIE","POTTAWATOMIE COUNTY",12014,"FOR STATE SENATOR DISTRICT 13",REP,5,5,1,"JET McCOY",REP,5,2,66,73,,
8/23/2016,"POTTAWATOMIE","POTTAWATOMIE COUNTY",12014,"FOR STATE SENATOR DISTRICT 13",REP,5,5,2,"GREG McCORTNEY",REP,6,0,66,72,,
8/23/2016,"POTTAWATOMIE","CITY OF TECUMSEH",46301,"FOR COUNCILMAN WARD ONE  CITY OF TECUMSEH",,4,4,1,"LINDA FARRIS",,8,8,277,293,POTTAWATOMIE
8/23/2016,"POTTAWATOMIE","CITY OF TECUMSEH",46301,"FOR COUNCILMAN WARD ONE  CITY OF TECUMSEH",,4,4,2,"SHANE COLLEY",,6,6,181,193,POTTAWATOMIE
8/23/2016,"POTTAWATOMIE","CITY OF TECUMSEH",46302,"FOR COUNCILMAN WARD THREE  CITY OF TECUMSEH",,4,4,1,"JAY SEIKEL",,11,6,174,191,POTTAWATOMIE
8/23/2016,"POTTAWATOMIE","CITY OF TECUMSEH",46302,"FOR COUNCILMAN WARD THREE  CITY OF TECUMSEH",,4,4,2,"LINDA JEANNE PRAYTOR",,3,8,288,299,POTTAWATOMIE
8/23/2016,"POTTAWATOMIE","CITY OF TECUMSEH",46303,"FOR COUNCILMAN WARD TWO (UNEXPIRED TERM)  CITY OF TECUMSEH",,4,4,1,"RONELLE BAKER",,7,4,144,155,POTTAWATOMIE
8/23/2016,"POTTAWATOMIE","CITY OF TECUMSEH",46303,"FOR COUNCILMAN WARD TWO (UNEXPIRED TERM)  CITY OF TECUMSEH",,4,4,2,"SHARON STEWART",,7,10,314,331,POTTAWATOMIE
8/23/2016,"POTTAWATOMIE","TECUMSEH PUBLIC SCHOOLS INDEPENDENT SCHOOL DISTRICT NO. 092",56301,"PROPOSITION  TECUMSEH PUBLIC SCHOOLS",,7,7,1,"FOR THE PROPOSITION - YES",,16,13,436,465,,
8/23/2016,"POTTAWATOMIE","TECUMSEH PUBLIC SCHOOLS INDEPENDENT SCHOOL DISTRICT NO. 092",56301,"PROPOSITION  TECUMSEH PUBLIC SCHOOLS",,7,7,2,"AGAINST THE PROPOSITION - NO",,6,8,230,244,,
8/23/2016,"PUSHMATAHA","PUSHMATAHA COUNTY",11274,"FOR COUNTY SHERIFF",DEM,16,16,1,"B J HEDGECOCK",DEM,27,129,873,1029,PUSHMATAHA
8/23/2016,"PUSHMATAHA","PUSHMATAHA COUNTY",11274,"FOR COUNTY SHERIFF",DEM,16,16,2,"JOHN LANCE",DEM,16,38,869,923,PUSHMATAHA
8/23/2016,"ROGERS","ROGERS COUNTY",12040,"FOR STATE REPRESENTATIVE DISTRICT 8",REP,4,4,1,"TOM GANN",REP,12,5,325,342,,
8/23/2016,"ROGERS","ROGERS COUNTY",12040,"FOR STATE REPRESENTATIVE DISTRICT 8",REP,4,4,2,"STEVEN L DILL",REP,3,2,80,85,,
8/23/2016,"ROGERS","ROGERS COUNTY",12430,"FOR COUNTY COMMISSIONER DISTRICT NO. 2",REP,14,14,1,"STEVE HENDRIX",REP,72,62,1151,1285,ROGERS
8/23/2016,"ROGERS","ROGERS COUNTY",12430,"FOR COUNTY COMMISSIONER DISTRICT NO. 2",REP,14,14,2,"RUSSELL GUILFOYLE",REP,38,13,347,398,ROGERS
8/23/2016,"SEMINOLE","SEMINOLE COUNTY",11007,"FOR UNITED STATES REPRESENTATIVE DISTRICT 05",DEM,14,14,1,"AL McAFFREY",DEM,26,17,604,647,,
8/23/2016,"SEMINOLE","SEMINOLE COUNTY",11007,"FOR UNITED STATES REPRESENTATIVE DISTRICT 05",DEM,14,14,2,"TOM GUILD",DEM,21,20,777,818,,
8/23/2016,"SEMINOLE","SEMINOLE COUNTY",11431,"FOR COUNTY COMMISSIONER DISTRICT NO. 2",DEM,5,5,1,"TOMMY MONKS",DEM,11,5,424,440,SEMINOLE
8/23/2016,"SEMINOLE","SEMINOLE COUNTY",11431,"FOR COUNTY COMMISSIONER DISTRICT NO. 2",DEM,5,5,2,"TIMOTHY PORTER",DEM,19,19,505,543,SEMINOLE
8/23/2016,"SEMINOLE","SEMINOLE COUNTY",12014,"FOR STATE SENATOR DISTRICT 13",REP,5,5,1,"JET McCOY",REP,4,0,58,62,,
8/23/2016,"SEMINOLE","SEMINOLE COUNTY",12014,"FOR STATE SENATOR DISTRICT 13",REP,5,5,2,"GREG McCORTNEY",REP,12,4,53,69,,
8/23/2016,"SEMINOLE","SEMINOLE PUBLIC SCHOOLS INDEPENDENT SCHOOL DISTRICT NO. 001",56701,"PROPOSITION  SEMINOLE PUBLIC SCHOOLS",,6,6,1,"FOR THE PROPOSITION - YES",,25,14,281,320,,
8/23/2016,"SEMINOLE","SEMINOLE PUBLIC SCHOOLS INDEPENDENT SCHOOL DISTRICT NO. 001",56701,"PROPOSITION  SEMINOLE PUBLIC SCHOOLS",,6,6,2,"AGAINST THE PROPOSITION - NO",,29,18,1180,1227,,
8/23/2016,"SEQUOYAH","GANS PUBLIC SCHOOLS INDEPENDENT SCHOOL DISTRICT NO. 004",56801,"PROPOSITION NO. 1  GANS PUBLIC SCHOOLS",,6,6,1,"FOR THE PROPOSITION - YES",,0,0,82,82,,
8/23/2016,"SEQUOYAH","GANS PUBLIC SCHOOLS INDEPENDENT SCHOOL DISTRICT NO. 004",56801,"PROPOSITION NO. 1  GANS PUBLIC SCHOOLS",,6,6,2,"AGAINST THE PROPOSITION - NO",,1,0,117,118,,
8/23/2016,"SEQUOYAH","GANS PUBLIC SCHOOLS INDEPENDENT SCHOOL DISTRICT NO. 004",56802,"PROPOSITION NO. 2  GANS PUBLIC SCHOOLS",,6,6,1,"FOR THE PROPOSITION - YES",,0,0,76,76,,
8/23/2016,"SEQUOYAH","GANS PUBLIC SCHOOLS INDEPENDENT SCHOOL DISTRICT NO. 004",56802,"PROPOSITION NO. 2  GANS PUBLIC SCHOOLS",,6,6,2,"AGAINST THE PROPOSITION - NO",,1,0,125,126,,
8/23/2016,"SEQUOYAH","GORE PUBLIC SCHOOLS INDEPENDENT SCHOOL DISTRICT NO. 006",56803,"PROPOSITION  GORE PUBLIC SCHOOLS",,5,5,1,"FOR THE PROPOSITION - YES",,32,8,439,479,,
8/23/2016,"SEQUOYAH","GORE PUBLIC SCHOOLS INDEPENDENT SCHOOL DISTRICT NO. 006",56803,"PROPOSITION  GORE PUBLIC SCHOOLS",,5,5,2,"AGAINST THE PROPOSITION - NO",,8,3,204,215,,
8/23/2016,"STEPHENS","STEPHENS COUNTY",12023,"FOR STATE SENATOR DISTRICT 31",REP,7,7,1,"TONI HASENBECK",REP,6,11,180,197,,
8/23/2016,"STEPHENS","STEPHENS COUNTY",12023,"FOR STATE SENATOR DISTRICT 31",REP,7,7,2,"CHRIS KIDD",REP,8,18,250,276,,
8/23/2016,"STEPHENS","WAURIKA PUBLIC SCHOOLS INDEPENDENT SCHOOL DISTRICT NO. 023",53401,"PROPOSITION NO. 1  WAURIKA PUBLIC SCHOOLS",,1,1,1,"FOR THE PROPOSITION - YES",,0,0,0,0,,
8/23/2016,"STEPHENS","WAURIKA PUBLIC SCHOOLS INDEPENDENT SCHOOL DISTRICT NO. 023",53401,"PROPOSITION NO. 1  WAURIKA PUBLIC SCHOOLS",,1,1,2,"AGAINST THE PROPOSITION - NO",,0,0,0,0,,
8/23/2016,"STEPHENS","WAURIKA PUBLIC SCHOOLS INDEPENDENT SCHOOL DISTRICT NO. 023",53402,"PROPOSITION NO. 2  WAURIKA PUBLIC SCHOOLS",,1,1,1,"FOR THE PROPOSITION - YES",,0,0,0,0,,
8/23/2016,"STEPHENS","WAURIKA PUBLIC SCHOOLS INDEPENDENT SCHOOL DISTRICT NO. 023",53402,"PROPOSITION NO. 2  WAURIKA PUBLIC SCHOOLS",,1,1,2,"AGAINST THE PROPOSITION - NO",,0,0,0,0,,
8/23/2016,"TILLMAN","TILLMAN COUNTY",12023,"FOR STATE SENATOR DISTRICT 31",REP,9,9,1,"TONI HASENBECK",REP,4,20,181,205,,
8/23/2016,"TILLMAN","TILLMAN COUNTY",12023,"FOR STATE SENATOR DISTRICT 31",REP,9,9,2,"CHRIS KIDD",REP,3,15,132,150,,
8/23/2016,"TULSA","TULSA COUNTY",11048,"FOR STATE REPRESENTATIVE DISTRICT 16",DEM,1,1,1,"RONNIE KELL",DEM,0,0,2,2,,
8/23/2016,"TULSA","TULSA COUNTY",11048,"FOR STATE REPRESENTATIVE DISTRICT 16",DEM,1,1,2,"ANNA DEARMORE",DEM,0,0,3,3,,
8/23/2016,"TULSA","TULSA COUNTY",12020,"FOR STATE SENATOR DISTRICT 25",REP,36,36,1,"LISA KRAMER",REP,130,126,2588,2844,,
8/23/2016,"TULSA","TULSA COUNTY",12020,"FOR STATE SENATOR DISTRICT 25",REP,36,36,2,"JOE NEWHOUSE",REP,162,188,3275,3625,,
8/23/2016,"TULSA","TULSA COUNTY",12027,"FOR STATE SENATOR DISTRICT 39",REP,38,38,1,"DAVE RADER",REP,194,91,1993,2278,,
8/23/2016,"TULSA","TULSA COUNTY",12027,"FOR STATE SENATOR DISTRICT 39",REP,38,38,2,"AMANDA J. TEEGARDEN",REP,121,64,1692,1877,,
8/23/2016,"TULSA","TULSA COUNTY",12099,"FOR STATE REPRESENTATIVE DISTRICT 67",REP,15,15,1,"SCOTT McEACHIN",REP,113,153,1662,1928,,
8/23/2016,"TULSA","TULSA COUNTY",12099,"FOR STATE REPRESENTATIVE DISTRICT 67",REP,15,15,2,"TOM McCLOUD",REP,74,111,1303,1488,,
8/23/2016,"TULSA","TULSA COUNTY",12359,"FOR COUNTY COURT CLERK",REP,262,262,1,"DONALD NEWBERRY",REP,591,333,7821,8745,TULSA
8/23/2016,"TULSA","TULSA COUNTY",12359,"FOR COUNTY COURT CLERK",REP,262,262,2,"RON PHILLIPS",REP,620,277,6157,7054,TULSA
8/23/2016,"TULSA","CITY OF BIXBY",47201,"PROPOSITION NO. 1  CITY OF BIXBY",,14,14,1,"FOR THE PROPOSITION - YES",,58,39,1657,1754,,
8/23/2016,"TULSA","CITY OF BIXBY",47201,"PROPOSITION NO. 1  CITY OF BIXBY",,14,14,2,"AGAINST THE PROPOSITION - NO",,37,22,610,669,,
8/23/2016,"TULSA","CITY OF BIXBY",47202,"PROPOSITION NO. 2  CITY OF BIXBY",,14,14,1,"FOR THE PROPOSITION - YES",,52,37,1522,1611,,
8/23/2016,"TULSA","CITY OF BIXBY",47202,"PROPOSITION NO. 2  CITY OF BIXBY",,14,14,2,"AGAINST THE PROPOSITION - NO",,43,23,736,802,,
8/23/2016,"TULSA","CITY OF BIXBY",47203,"PROPOSITION NO. 3  CITY OF BIXBY",,14,14,1,"FOR THE PROPOSITION - YES",,59,40,1673,1772,,
8/23/2016,"TULSA","CITY OF BIXBY",47203,"PROPOSITION NO. 3  CITY OF BIXBY",,14,14,2,"AGAINST THE PROPOSITION - NO",,34,20,573,627,,
8/23/2016,"TULSA","CITY OF BIXBY",47204,"PROPOSITION NO. 4  CITY OF BIXBY",,14,14,1,"FOR THE PROPOSITION - YES",,53,35,1520,1608,,
8/23/2016,"TULSA","CITY OF BIXBY",47204,"PROPOSITION NO. 4  CITY OF BIXBY",,14,14,2,"AGAINST THE PROPOSITION - NO",,42,25,742,809,,
8/23/2016,"TULSA","CITY OF JENKS",47205,"PROPOSITION  CITY OF JENKS",,10,10,1,"FOR THE PROPOSITION - YES",,67,17,482,566,,
8/23/2016,"TULSA","CITY OF JENKS",47205,"PROPOSITION  CITY OF JENKS",,10,10,2,"AGAINST THE PROPOSITION - NO",,12,7,88,107,,
8/23/2016,"WAGONER","WAGONER COUNTY",11048,"FOR STATE REPRESENTATIVE DISTRICT 16",DEM,4,4,1,"RONNIE KELL",DEM,1,0,27,28,,
8/23/2016,"WAGONER","WAGONER COUNTY",11048,"FOR STATE REPRESENTATIVE DISTRICT 16",DEM,4,4,2,"ANNA DEARMORE",DEM,2,0,16,18,,
8/23/2016,"WAGONER","WAGONER COUNTY",12040,"FOR STATE REPRESENTATIVE DISTRICT 8",REP,2,2,1,"TOM GANN",REP,2,0,60,62,,
8/23/2016,"WAGONER","WAGONER COUNTY",12040,"FOR STATE REPRESENTATIVE DISTRICT 8",REP,2,2,2,"STEVEN L DILL",REP,0,0,16,16,,
8/23/2016,"WAGONER","CITY OF BIXBY",47201,"PROPOSITION NO. 1  CITY OF BIXBY",,1,1,1,"FOR THE PROPOSITION - YES",,0,0,8,8,,
8/23/2016,"WAGONER","CITY OF BIXBY",47201,"PROPOSITION NO. 1  CITY OF BIXBY",,1,1,2,"AGAINST THE PROPOSITION - NO",,0,0,3,3,,
8/23/2016,"WAGONER","CITY OF BIXBY",47202,"PROPOSITION NO. 2  CITY OF BIXBY",,1,1,1,"FOR THE PROPOSITION - YES",,0,0,8,8,,
8/23/2016,"WAGONER","CITY OF BIXBY",47202,"PROPOSITION NO. 2  CITY OF BIXBY",,1,1,2,"AGAINST THE PROPOSITION - NO",,0,0,3,3,,
8/23/2016,"WAGONER","CITY OF BIXBY",47203,"PROPOSITION NO. 3  CITY OF BIXBY",,1,1,1,"FOR THE PROPOSITION - YES",,0,0,8,8,,
8/23/2016,"WAGONER","CITY OF BIXBY",47203,"PROPOSITION NO. 3  CITY OF BIXBY",,1,1,2,"AGAINST THE PROPOSITION - NO",,0,0,3,3,,
8/23/2016,"WAGONER","CITY OF BIXBY",47204,"PROPOSITION NO. 4  CITY OF BIXBY",,1,1,1,"FOR THE PROPOSITION - YES",,0,0,8,8,,
8/23/2016,"WAGONER","CITY OF BIXBY",47204,"PROPOSITION NO. 4  CITY OF BIXBY",,1,1,2,"AGAINST THE PROPOSITION - NO",,0,0,3,3,,
8/23/2016,"WASHINGTON","BARTLESVILLE PUBLIC SCHOOLS INDEPENDENT SCHOOL DISTRICT NO. 030",57401,"PROPOSITION NO. 1  BARTLESVILLE PUBLIC SCHOOLS",,17,17,1,"FOR THE PROPOSITION - YES",,78,352,3626,4056,,
8/23/2016,"WASHINGTON","BARTLESVILLE PUBLIC SCHOOLS INDEPENDENT SCHOOL DISTRICT NO. 030",57401,"PROPOSITION NO. 1  BARTLESVILLE PUBLIC SCHOOLS",,17,17,2,"AGAINST THE PROPOSITION - NO",,37,83,1647,1767,,
8/23/2016,"WASHINGTON","BARTLESVILLE PUBLIC SCHOOLS INDEPENDENT SCHOOL DISTRICT NO. 030",57402,"PROPOSITION NO. 2  BARTLESVILLE PUBLIC SCHOOLS",,17,17,1,"FOR THE PROPOSITION - YES",,85,360,3788,4233,,
8/23/2016,"WASHINGTON","BARTLESVILLE PUBLIC SCHOOLS INDEPENDENT SCHOOL DISTRICT NO. 030",57402,"PROPOSITION NO. 2  BARTLESVILLE PUBLIC SCHOOLS",,17,17,2,"AGAINST THE PROPOSITION - NO",,30,77,1494,1601,,
8/23/2016,"WASHINGTON","COPAN PUBLIC SCHOOLS INDEPENDENT SCHOOL DISTRICT NO. 004",57403,"PROPOSITION  COPAN PUBLIC SCHOOLS",,3,3,1,"FOR THE PROPOSITION - YES",,2,1,128,131,,
8/23/2016,"WASHINGTON","COPAN PUBLIC SCHOOLS INDEPENDENT SCHOOL DISTRICT NO. 004",57403,"PROPOSITION  COPAN PUBLIC SCHOOLS",,3,3,2,"AGAINST THE PROPOSITION - NO",,0,0,150,150,,
8/23/2016,"WOODWARD","VICI PUBLIC SCHOOLS INDEPENDENT SCHOOL DISTRICT NO. 005",52201,"PROPOSITION  VICI PUBLIC SCHOOLS",,2,2,1,"FOR THE PROPOSITION - YES",,0,0,7,7,,
8/23/2016,"WOODWARD","VICI PUBLIC SCHOOLS INDEPENDENT SCHOOL DISTRICT NO. 005",52201,"PROPOSITION  VICI PUBLIC SCHOOLS",,2,2,2,"AGAINST THE PROPOSITION - NO",,0,0,7,7,,
