elec_date,county,entity_description,race_number,race_description,race_party,tot_race_prec,race_prec_reporting,cand_number,cand_name,cand_party,cand_absmail_votes,cand_early_votes,cand_elecday_votes,cand_tot_votes,race_county_owner
5/11/2021,"CARTER","PLAINVIEW PUBLIC SCHOOLS INDEPENDENT SCHOOL DISTRICT NO. 027",51001,"PROPOSITION NO. 1  PLAINVIEW PUBLIC SCHOOLS",,11,11,1,"FOR THE PROPOSITION - YES",,13,12,542,567,,
5/11/2021,"CARTER","PLAINVIEW PUBLIC SCHOOLS INDEPENDENT SCHOOL DISTRICT NO. 027",51001,"PROPOSITION NO. 1  PLAINVIEW PUBLIC SCHOOLS",,11,11,2,"AGAINST THE PROPOSITION - NO",,3,1,74,78,,
5/11/2021,"CARTER","PLAINVIEW PUBLIC SCHOOLS INDEPENDENT SCHOOL DISTRICT NO. 027",51002,"PROPOSITION NO. 2  PLAINVIEW PUBLIC SCHOOLS",,11,11,1,"FOR THE PROPOSITION - YES",,15,12,546,573,,
5/11/2021,"CARTER","PLAINVIEW PUBLIC SCHOOLS INDEPENDENT SCHOOL DISTRICT NO. 027",51002,"PROPOSITION NO. 2  PLAINVIEW PUBLIC SCHOOLS",,11,11,2,"AGAINST THE PROPOSITION - NO",,1,1,77,79,,
5/11/2021,"CLEVELAND","MOORE PUBLIC SCHOOLS INDEPENDENT SCHOOL DISTRICT NO. 002",51401,"PROPOSITION NO. 1  MOORE PUBLIC SCHOOLS",,40,40,1,"FOR THE PROPOSITION - YES",,218,2,2853,3073,,
5/11/2021,"CLEVELAND","MOORE PUBLIC SCHOOLS INDEPENDENT SCHOOL DISTRICT NO. 002",51401,"PROPOSITION NO. 1  MOORE PUBLIC SCHOOLS",,40,40,2,"AGAINST THE PROPOSITION - NO",,190,0,813,1003,,
5/11/2021,"CLEVELAND","MOORE PUBLIC SCHOOLS INDEPENDENT SCHOOL DISTRICT NO. 002",51402,"PROPOSITION NO. 2  MOORE PUBLIC SCHOOLS",,40,40,1,"FOR THE PROPOSITION - YES",,222,2,2867,3091,,
5/11/2021,"CLEVELAND","MOORE PUBLIC SCHOOLS INDEPENDENT SCHOOL DISTRICT NO. 002",51402,"PROPOSITION NO. 2  MOORE PUBLIC SCHOOLS",,40,40,2,"AGAINST THE PROPOSITION - NO",,186,0,801,987,,
5/11/2021,"COMANCHE","BISHOP PUBLIC SCHOOL ELEMENTARY SCHOOL DISTRICT NO. 049",51601,"PROPOSITION  BISHOP PUBLIC SCHOOL",,4,4,1,"FOR THE PROPOSITION - YES",,2,2,39,43,,
5/11/2021,"COMANCHE","BISHOP PUBLIC SCHOOL ELEMENTARY SCHOOL DISTRICT NO. 049",51601,"PROPOSITION  BISHOP PUBLIC SCHOOL",,4,4,2,"AGAINST THE PROPOSITION - NO",,4,0,29,33,,
5/11/2021,"GARFIELD","COVINGTON-DOUGLAS SCHOOLS INDEPENDENT SCHOOL DISTRICT NO. 094",52401,"PROPOSITION NO. 1  COVINGTON-DOUGLAS SCHOOLS",,3,3,1,"FOR THE PROPOSITION - YES",,4,0,116,120,,
5/11/2021,"GARFIELD","COVINGTON-DOUGLAS SCHOOLS INDEPENDENT SCHOOL DISTRICT NO. 094",52401,"PROPOSITION NO. 1  COVINGTON-DOUGLAS SCHOOLS",,3,3,2,"AGAINST THE PROPOSITION - NO",,2,0,24,26,,
5/11/2021,"GARFIELD","COVINGTON-DOUGLAS SCHOOLS INDEPENDENT SCHOOL DISTRICT NO. 094",52402,"PROPOSITION NO. 2  COVINGTON-DOUGLAS SCHOOLS",,3,3,1,"FOR THE PROPOSITION - YES",,4,0,114,118,,
5/11/2021,"GARFIELD","COVINGTON-DOUGLAS SCHOOLS INDEPENDENT SCHOOL DISTRICT NO. 094",52402,"PROPOSITION NO. 2  COVINGTON-DOUGLAS SCHOOLS",,3,3,2,"AGAINST THE PROPOSITION - NO",,2,0,27,29,,
5/11/2021,"GARVIN","CITY OF LINDSAY",42501,"PROPOSITION  CITY OF LINDSAY",,2,2,1,"FOR THE PROPOSITION - YES",,7,0,37,44,,
5/11/2021,"GARVIN","CITY OF LINDSAY",42501,"PROPOSITION  CITY OF LINDSAY",,2,2,2,"AGAINST THE PROPOSITION - NO",,1,0,4,5,,
5/11/2021,"GRADY","TOWN OF RUSH SPRINGS",42601,"PROPOSITION  TOWN OF RUSH SPRINGS",,1,1,1,"FOR THE PROPOSITION - YES",,1,0,6,7,,
5/11/2021,"GRADY","TOWN OF RUSH SPRINGS",42601,"PROPOSITION  TOWN OF RUSH SPRINGS",,1,1,2,"AGAINST THE PROPOSITION - NO",,0,0,0,0,,
5/11/2021,"HARMON","CITY OF HOLLIS",42901,"PROPOSITION  CITY OF HOLLIS",,4,4,1,"FOR THE PROPOSITION - YES",,0,10,80,90,,
5/11/2021,"HARMON","CITY OF HOLLIS",42901,"PROPOSITION  CITY OF HOLLIS",,4,4,2,"AGAINST THE PROPOSITION - NO",,0,0,1,1,,
5/11/2021,"JACKSON","JACKSON COUNTY",30025,"PROPOSITION JACKSON COUNTY SPECIAL SALES TAX OF 2021",,15,15,1,"FOR THE PROPOSITION - YES",,49,148,624,821,,
5/11/2021,"JACKSON","JACKSON COUNTY",30025,"PROPOSITION JACKSON COUNTY SPECIAL SALES TAX OF 2021",,15,15,2,"AGAINST THE PROPOSITION - NO",,60,19,260,339,,
5/11/2021,"JOHNSTON","TOWN OF RAVIA",43501,"PROPOSITION  TOWN OF RAVIA",,1,1,1,"FOR THE PROPOSITION - YES",,0,0,25,25,,
5/11/2021,"JOHNSTON","TOWN OF RAVIA",43501,"PROPOSITION  TOWN OF RAVIA",,1,1,2,"AGAINST THE PROPOSITION - NO",,0,0,23,23,,
5/11/2021,"KINGFISHER","CITY OF KINGFISHER",43701,"PROPOSITION  CITY OF KINGFISHER",,3,3,1,"FOR THE PROPOSITION - YES",,10,7,142,159,,
5/11/2021,"KINGFISHER","CITY OF KINGFISHER",43701,"PROPOSITION  CITY OF KINGFISHER",,3,3,2,"AGAINST THE PROPOSITION - NO",,7,4,55,66,,
5/11/2021,"KINGFISHER","COVINGTON-DOUGLAS SCHOOLS INDEPENDENT SCHOOL DISTRICT NO. 094",52401,"PROPOSITION NO. 1  COVINGTON-DOUGLAS SCHOOLS",,1,1,1,"FOR THE PROPOSITION - YES",,0,0,0,0,,
5/11/2021,"KINGFISHER","COVINGTON-DOUGLAS SCHOOLS INDEPENDENT SCHOOL DISTRICT NO. 094",52401,"PROPOSITION NO. 1  COVINGTON-DOUGLAS SCHOOLS",,1,1,2,"AGAINST THE PROPOSITION - NO",,0,0,0,0,,
5/11/2021,"KINGFISHER","COVINGTON-DOUGLAS SCHOOLS INDEPENDENT SCHOOL DISTRICT NO. 094",52402,"PROPOSITION NO. 2  COVINGTON-DOUGLAS SCHOOLS",,1,1,1,"FOR THE PROPOSITION - YES",,0,0,0,0,,
5/11/2021,"KINGFISHER","COVINGTON-DOUGLAS SCHOOLS INDEPENDENT SCHOOL DISTRICT NO. 094",52402,"PROPOSITION NO. 2  COVINGTON-DOUGLAS SCHOOLS",,1,1,2,"AGAINST THE PROPOSITION - NO",,0,0,0,0,,
5/11/2021,"LEFLORE","TOWN OF TALIHINA",44001,"PROPOSITION  TOWN OF TALIHINA",,2,2,1,"FOR THE PROPOSITION - YES",,0,1,20,21,,
5/11/2021,"LEFLORE","TOWN OF TALIHINA",44001,"PROPOSITION  TOWN OF TALIHINA",,2,2,2,"AGAINST THE PROPOSITION - NO",,0,0,1,1,,
5/11/2021,"LOGAN","COVINGTON-DOUGLAS SCHOOLS INDEPENDENT SCHOOL DISTRICT NO. 094",52401,"PROPOSITION NO. 1  COVINGTON-DOUGLAS SCHOOLS",,1,1,1,"FOR THE PROPOSITION - YES",,0,0,21,21,,
5/11/2021,"LOGAN","COVINGTON-DOUGLAS SCHOOLS INDEPENDENT SCHOOL DISTRICT NO. 094",52401,"PROPOSITION NO. 1  COVINGTON-DOUGLAS SCHOOLS",,1,1,2,"AGAINST THE PROPOSITION - NO",,0,0,0,0,,
5/11/2021,"LOGAN","COVINGTON-DOUGLAS SCHOOLS INDEPENDENT SCHOOL DISTRICT NO. 094",52402,"PROPOSITION NO. 2  COVINGTON-DOUGLAS SCHOOLS",,1,1,1,"FOR THE PROPOSITION - YES",,0,0,21,21,,
5/11/2021,"LOGAN","COVINGTON-DOUGLAS SCHOOLS INDEPENDENT SCHOOL DISTRICT NO. 094",52402,"PROPOSITION NO. 2  COVINGTON-DOUGLAS SCHOOLS",,1,1,2,"AGAINST THE PROPOSITION - NO",,0,0,1,1,,
5/11/2021,"LOGAN","EDMOND PUBLIC SCHOOLS INDEPENDENT SCHOOL DISTRICT NO. 012",55501,"PROPOSITION NO. 1  EDMOND PUBLIC SCHOOLS",,5,5,1,"FOR THE PROPOSITION - YES",,13,0,280,293,,
5/11/2021,"LOGAN","EDMOND PUBLIC SCHOOLS INDEPENDENT SCHOOL DISTRICT NO. 012",55501,"PROPOSITION NO. 1  EDMOND PUBLIC SCHOOLS",,5,5,2,"AGAINST THE PROPOSITION - NO",,5,0,73,78,,
5/11/2021,"LOGAN","EDMOND PUBLIC SCHOOLS INDEPENDENT SCHOOL DISTRICT NO. 012",55502,"PROPOSITION NO. 2  EDMOND PUBLIC SCHOOLS",,5,5,1,"FOR THE PROPOSITION - YES",,13,0,279,292,,
5/11/2021,"LOGAN","EDMOND PUBLIC SCHOOLS INDEPENDENT SCHOOL DISTRICT NO. 012",55502,"PROPOSITION NO. 2  EDMOND PUBLIC SCHOOLS",,5,5,2,"AGAINST THE PROPOSITION - NO",,5,0,74,79,,
5/11/2021,"MCCURTAIN","TOWN OF VALLIANT",44501,"PROPOSITION  TOWN OF VALLIANT",,2,2,1,"FOR THE PROPOSITION - YES",,4,0,39,43,,
5/11/2021,"MCCURTAIN","TOWN OF VALLIANT",44501,"PROPOSITION  TOWN OF VALLIANT",,2,2,2,"AGAINST THE PROPOSITION - NO",,0,0,0,0,,
5/11/2021,"MAYES","MAYES COUNTY",30001,"PROPOSITION",,27,27,1,"FOR THE PROPOSITION - YES",,51,16,186,253,,
5/11/2021,"MAYES","MAYES COUNTY",30001,"PROPOSITION",,27,27,2,"AGAINST THE PROPOSITION - NO",,50,19,378,447,,
5/11/2021,"MURRAY","MURRAY COUNTY",30002,"PROPOSITION NO. 1 COUNTY SHERIFF OFFICE (5% OF 1 CENT)",,10,10,1,"FOR THE PROPOSITION - YES",,36,49,377,462,,
5/11/2021,"MURRAY","MURRAY COUNTY",30002,"PROPOSITION NO. 1 COUNTY SHERIFF OFFICE (5% OF 1 CENT)",,10,10,2,"AGAINST THE PROPOSITION - NO",,15,5,74,94,,
5/11/2021,"MURRAY","MURRAY COUNTY",30003,"PROPOSITION NO. 2 COUNTY TREASURER OFFICE (4% OF 1 CENT )",,10,10,1,"FOR THE PROPOSITION - YES",,31,49,342,422,,
5/11/2021,"MURRAY","MURRAY COUNTY",30003,"PROPOSITION NO. 2 COUNTY TREASURER OFFICE (4% OF 1 CENT )",,10,10,2,"AGAINST THE PROPOSITION - NO",,20,5,109,134,,
5/11/2021,"MURRAY","MURRAY COUNTY",30004,"PROPOSITION NO. 3 COUNTY COMMISSIONERS (21% OF 1 CENT)",,10,10,1,"FOR THE PROPOSITION - YES",,26,51,351,428,,
5/11/2021,"MURRAY","MURRAY COUNTY",30004,"PROPOSITION NO. 3 COUNTY COMMISSIONERS (21% OF 1 CENT)",,10,10,2,"AGAINST THE PROPOSITION - NO",,25,3,100,128,,
5/11/2021,"MURRAY","MURRAY COUNTY",30005,"PROPOSITION NO. 4 OSU EXTENSION OFFICE (3% OF 1 CENT)",,10,10,1,"FOR THE PROPOSITION - YES",,32,49,353,434,,
5/11/2021,"MURRAY","MURRAY COUNTY",30005,"PROPOSITION NO. 4 OSU EXTENSION OFFICE (3% OF 1 CENT)",,10,10,2,"AGAINST THE PROPOSITION - NO",,18,4,95,117,,
5/11/2021,"MURRAY","MURRAY COUNTY",30006,"PROPOSITION NO. 5 COUNTY CLERK OFFICE (4% OF 1 CENT)",,10,10,1,"FOR THE PROPOSITION - YES",,29,50,342,421,,
5/11/2021,"MURRAY","MURRAY COUNTY",30006,"PROPOSITION NO. 5 COUNTY CLERK OFFICE (4% OF 1 CENT)",,10,10,2,"AGAINST THE PROPOSITION - NO",,22,4,109,135,,
5/11/2021,"MURRAY","MURRAY COUNTY",30007,"PROPOSITION NO. 6 COUNTY ASSESSOR OFFICE (3.5% OF 1 CENT)",,10,10,1,"FOR THE PROPOSITION - YES",,29,49,336,414,,
5/11/2021,"MURRAY","MURRAY COUNTY",30007,"PROPOSITION NO. 6 COUNTY ASSESSOR OFFICE (3.5% OF 1 CENT)",,10,10,2,"AGAINST THE PROPOSITION - NO",,22,5,114,141,,
5/11/2021,"MURRAY","MURRAY COUNTY",30008,"PROPOSITION NO. 7 COURT CLERK OFFICE (4% OF 1 CENT)",,10,10,1,"FOR THE PROPOSITION - YES",,26,50,340,416,,
5/11/2021,"MURRAY","MURRAY COUNTY",30008,"PROPOSITION NO. 7 COURT CLERK OFFICE (4% OF 1 CENT)",,10,10,2,"AGAINST THE PROPOSITION - NO",,25,4,109,138,,
5/11/2021,"MURRAY","MURRAY COUNTY",30009,"PROPOSITION NO. 8 GENERAL GOVERNMENT (26% OF 1 CENT)",,10,10,1,"FOR THE PROPOSITION - YES",,29,49,334,412,,
5/11/2021,"MURRAY","MURRAY COUNTY",30009,"PROPOSITION NO. 8 GENERAL GOVERNMENT (26% OF 1 CENT)",,10,10,2,"AGAINST THE PROPOSITION - NO",,22,5,116,143,,
5/11/2021,"MURRAY","MURRAY COUNTY",30010,"PROPOSITION NO. 9 COUNTY FAIR BOARD (3% OF 1 CENT)",,10,10,1,"FOR THE PROPOSITION - YES",,30,48,360,438,,
5/11/2021,"MURRAY","MURRAY COUNTY",30010,"PROPOSITION NO. 9 COUNTY FAIR BOARD (3% OF 1 CENT)",,10,10,2,"AGAINST THE PROPOSITION - NO",,21,6,90,117,,
5/11/2021,"MURRAY","MURRAY COUNTY",30011,"PROPOSITION NO. 10 ECONOMIC DEVELOPMENT (2% OF 1 CENT)",,10,10,1,"FOR THE PROPOSITION - YES",,26,48,342,416,,
5/11/2021,"MURRAY","MURRAY COUNTY",30011,"PROPOSITION NO. 10 ECONOMIC DEVELOPMENT (2% OF 1 CENT)",,10,10,2,"AGAINST THE PROPOSITION - NO",,25,5,108,138,,
5/11/2021,"MURRAY","MURRAY COUNTY",30012,"PROPOSITION NO. 11 SULPHUR CHAMBER OF COMMERCE (.25% OF 1 CENT)",,10,10,1,"FOR THE PROPOSITION - YES",,27,48,335,410,,
5/11/2021,"MURRAY","MURRAY COUNTY",30012,"PROPOSITION NO. 11 SULPHUR CHAMBER OF COMMERCE (.25% OF 1 CENT)",,10,10,2,"AGAINST THE PROPOSITION - NO",,24,6,115,145,,
5/11/2021,"MURRAY","MURRAY COUNTY",30013,"PROPOSITION NO. 12 DAVIS CHAMBER OF COMMERCE (.25% OF 1 CENT)",,10,10,1,"FOR THE PROPOSITION - YES",,30,48,339,417,,
5/11/2021,"MURRAY","MURRAY COUNTY",30013,"PROPOSITION NO. 12 DAVIS CHAMBER OF COMMERCE (.25% OF 1 CENT)",,10,10,2,"AGAINST THE PROPOSITION - NO",,21,6,111,138,,
5/11/2021,"MURRAY","MURRAY COUNTY",30014,"PROPOSITION NO. 13 SENIOR CITIZENS (4% OF 1 CENT)",,10,10,1,"FOR THE PROPOSITION - YES",,42,50,385,477,,
5/11/2021,"MURRAY","MURRAY COUNTY",30014,"PROPOSITION NO. 13 SENIOR CITIZENS (4% OF 1 CENT)",,10,10,2,"AGAINST THE PROPOSITION - NO",,9,4,63,76,,
5/11/2021,"MURRAY","MURRAY COUNTY",30015,"PROPOSITION NO. 14 RURAL FIRE DEPARTMENTS (3.5% OF 1 CENT)",,10,10,1,"FOR THE PROPOSITION - YES",,42,50,392,484,,
5/11/2021,"MURRAY","MURRAY COUNTY",30015,"PROPOSITION NO. 14 RURAL FIRE DEPARTMENTS (3.5% OF 1 CENT)",,10,10,2,"AGAINST THE PROPOSITION - NO",,9,4,55,68,,
5/11/2021,"MURRAY","MURRAY COUNTY",30016,"PROPOSITION NO. 15 EMERGENCY MANAGEMENT (.25% OF 1 CENT)",,10,10,1,"FOR THE PROPOSITION - YES",,36,50,361,447,,
5/11/2021,"MURRAY","MURRAY COUNTY",30016,"PROPOSITION NO. 15 EMERGENCY MANAGEMENT (.25% OF 1 CENT)",,10,10,2,"AGAINST THE PROPOSITION - NO",,15,4,85,104,,
5/11/2021,"MURRAY","MURRAY COUNTY",30017,"PROPOSITION NO. 16 EXTENSION HOMEMAKERS (.25% OF 1 CENT)",,10,10,1,"FOR THE PROPOSITION - YES",,25,48,326,399,,
5/11/2021,"MURRAY","MURRAY COUNTY",30017,"PROPOSITION NO. 16 EXTENSION HOMEMAKERS (.25% OF 1 CENT)",,10,10,2,"AGAINST THE PROPOSITION - NO",,26,6,120,152,,
5/11/2021,"MURRAY","MURRAY COUNTY",30018,"PROPOSITION NO. 17 4-H ORGANIZATION (.25% OF 1 CENT)",,10,10,1,"FOR THE PROPOSITION - YES",,35,49,360,444,,
5/11/2021,"MURRAY","MURRAY COUNTY",30018,"PROPOSITION NO. 17 4-H ORGANIZATION (.25% OF 1 CENT)",,10,10,2,"AGAINST THE PROPOSITION - NO",,16,4,86,106,,
5/11/2021,"MURRAY","MURRAY COUNTY",30019,"PROPOSITION NO. 18 SHERIFF DEPUTY RESERVES (.25% OF 1 CENT)",,10,10,1,"FOR THE PROPOSITION - YES",,35,48,360,443,,
5/11/2021,"MURRAY","MURRAY COUNTY",30019,"PROPOSITION NO. 18 SHERIFF DEPUTY RESERVES (.25% OF 1 CENT)",,10,10,2,"AGAINST THE PROPOSITION - NO",,16,5,86,107,,
5/11/2021,"MURRAY","MURRAY COUNTY",30020,"PROPOSITION NO. 19 COURTHOUSE RESTORATION (4% OF 1 CENT)",,10,10,1,"FOR THE PROPOSITION - YES",,33,48,347,428,,
5/11/2021,"MURRAY","MURRAY COUNTY",30020,"PROPOSITION NO. 19 COURTHOUSE RESTORATION (4% OF 1 CENT)",,10,10,2,"AGAINST THE PROPOSITION - NO",,18,4,99,121,,
5/11/2021,"MURRAY","MURRAY COUNTY",30021,"PROPOSITION NO. 20 COLLECTION & DISBURSEMENT (1% OF 1 CENT)",,10,10,1,"FOR THE PROPOSITION - YES",,29,49,326,404,,
5/11/2021,"MURRAY","MURRAY COUNTY",30021,"PROPOSITION NO. 20 COLLECTION & DISBURSEMENT (1% OF 1 CENT)",,10,10,2,"AGAINST THE PROPOSITION - NO",,22,4,119,145,,
5/11/2021,"MURRAY","MURRAY COUNTY",30022,"PROPOSITION NO. 21 EMS SERVICES (5.25% OF 1 CENT)",,10,10,1,"FOR THE PROPOSITION - YES",,37,49,369,455,,
5/11/2021,"MURRAY","MURRAY COUNTY",30022,"PROPOSITION NO. 21 EMS SERVICES (5.25% OF 1 CENT)",,10,10,2,"AGAINST THE PROPOSITION - NO",,13,5,74,92,,
5/11/2021,"MURRAY","MURRAY COUNTY",30023,"PROPOSITION NO. 22 ENHANCED 911 (5.25% OF 1 CENT)",,10,10,1,"FOR THE PROPOSITION - YES",,38,50,364,452,,
5/11/2021,"MURRAY","MURRAY COUNTY",30023,"PROPOSITION NO. 22 ENHANCED 911 (5.25% OF 1 CENT)",,10,10,2,"AGAINST THE PROPOSITION - NO",,11,4,81,96,,
5/11/2021,"MUSKOGEE","MUSKOGEE COUNTY",30024,"PROPOSITION",,33,33,1,"FOR THE PROPOSITION - YES",,21,51,632,704,,
5/11/2021,"MUSKOGEE","MUSKOGEE COUNTY",30024,"PROPOSITION",,33,33,2,"AGAINST THE PROPOSITION - NO",,21,10,266,297,,
5/11/2021,"NOBLE","COVINGTON-DOUGLAS SCHOOLS INDEPENDENT SCHOOL DISTRICT NO. 094",52401,"PROPOSITION NO. 1  COVINGTON-DOUGLAS SCHOOLS",,1,1,1,"FOR THE PROPOSITION - YES",,0,1,9,10,,
5/11/2021,"NOBLE","COVINGTON-DOUGLAS SCHOOLS INDEPENDENT SCHOOL DISTRICT NO. 094",52401,"PROPOSITION NO. 1  COVINGTON-DOUGLAS SCHOOLS",,1,1,2,"AGAINST THE PROPOSITION - NO",,0,0,0,0,,
5/11/2021,"NOBLE","COVINGTON-DOUGLAS SCHOOLS INDEPENDENT SCHOOL DISTRICT NO. 094",52402,"PROPOSITION NO. 2  COVINGTON-DOUGLAS SCHOOLS",,1,1,1,"FOR THE PROPOSITION - YES",,0,1,9,10,,
5/11/2021,"NOBLE","COVINGTON-DOUGLAS SCHOOLS INDEPENDENT SCHOOL DISTRICT NO. 094",52402,"PROPOSITION NO. 2  COVINGTON-DOUGLAS SCHOOLS",,1,1,2,"AGAINST THE PROPOSITION - NO",,0,0,0,0,,
5/11/2021,"NOWATA","SOUTH COFFEYVILLE SCHOOLS INDEPENDENT SCHOOL DISTRICT NO. 051",55301,"PROPOSITION  SOUTH COFFEYVILLE SCHOOLS",,3,3,1,"FOR THE PROPOSITION - YES",,3,0,86,89,,
5/11/2021,"NOWATA","SOUTH COFFEYVILLE SCHOOLS INDEPENDENT SCHOOL DISTRICT NO. 051",55301,"PROPOSITION  SOUTH COFFEYVILLE SCHOOLS",,3,3,2,"AGAINST THE PROPOSITION - NO",,4,0,38,42,,
5/11/2021,"OKLAHOMA","CITY OF CHOCTAW",45501,"PROPOSITION  CITY OF CHOCTAW",,10,10,1,"FOR THE PROPOSITION - YES",,17,1,81,99,,
5/11/2021,"OKLAHOMA","CITY OF CHOCTAW",45501,"PROPOSITION  CITY OF CHOCTAW",,10,10,2,"AGAINST THE PROPOSITION - NO",,3,0,76,79,,
5/11/2021,"OKLAHOMA","CITY OF HARRAH",45502,"PROPOSITION  CITY OF HARRAH",,6,6,1,"FOR THE PROPOSITION - YES",,7,0,30,37,,
5/11/2021,"OKLAHOMA","CITY OF HARRAH",45502,"PROPOSITION  CITY OF HARRAH",,6,6,2,"AGAINST THE PROPOSITION - NO",,3,2,15,20,,
5/11/2021,"OKLAHOMA","CITY OF MIDWEST CITY",45503,"PROPOSITION NO. 1  CITY OF MIDWEST CITY",,23,23,1,"FOR THE PROPOSITION - YES",,74,0,411,485,,
5/11/2021,"OKLAHOMA","CITY OF MIDWEST CITY",45503,"PROPOSITION NO. 1  CITY OF MIDWEST CITY",,23,23,2,"AGAINST THE PROPOSITION - NO",,43,1,332,376,,
5/11/2021,"OKLAHOMA","CITY OF MIDWEST CITY",45504,"PROPOSITION NO. 2  CITY OF MIDWEST CITY",,23,23,1,"FOR THE PROPOSITION - YES",,105,0,644,749,,
5/11/2021,"OKLAHOMA","CITY OF MIDWEST CITY",45504,"PROPOSITION NO. 2  CITY OF MIDWEST CITY",,23,23,2,"AGAINST THE PROPOSITION - NO",,12,1,92,105,,
5/11/2021,"OKLAHOMA","CITY OF MIDWEST CITY",45505,"PROPOSITION NO. 3  CITY OF MIDWEST CITY",,23,23,1,"FOR THE PROPOSITION - YES",,85,0,457,542,,
5/11/2021,"OKLAHOMA","CITY OF MIDWEST CITY",45505,"PROPOSITION NO. 3  CITY OF MIDWEST CITY",,23,23,2,"AGAINST THE PROPOSITION - NO",,31,1,277,309,,
5/11/2021,"OKLAHOMA","CITY OF MIDWEST CITY",45506,"PROPOSITION NO. 4  CITY OF MIDWEST CITY",,23,23,1,"FOR THE PROPOSITION - YES",,105,0,611,716,,
5/11/2021,"OKLAHOMA","CITY OF MIDWEST CITY",45506,"PROPOSITION NO. 4  CITY OF MIDWEST CITY",,23,23,2,"AGAINST THE PROPOSITION - NO",,12,1,125,138,,
5/11/2021,"OKLAHOMA","CITY OF MIDWEST CITY",45507,"PROPOSITION NO. 5  CITY OF MIDWEST CITY",,23,23,1,"FOR THE PROPOSITION - YES",,80,0,434,514,,
5/11/2021,"OKLAHOMA","CITY OF MIDWEST CITY",45507,"PROPOSITION NO. 5  CITY OF MIDWEST CITY",,23,23,2,"AGAINST THE PROPOSITION - NO",,37,1,306,344,,
5/11/2021,"OKLAHOMA","CITY OF MIDWEST CITY",45508,"PROPOSITION NO. 6  CITY OF MIDWEST CITY",,23,23,1,"FOR THE PROPOSITION - YES",,59,0,370,429,,
5/11/2021,"OKLAHOMA","CITY OF MIDWEST CITY",45508,"PROPOSITION NO. 6  CITY OF MIDWEST CITY",,23,23,2,"AGAINST THE PROPOSITION - NO",,51,1,323,375,,
5/11/2021,"OKLAHOMA","CITY OF MIDWEST CITY",45509,"PROPOSITION NO. 7  CITY OF MIDWEST CITY",,23,23,1,"FOR THE PROPOSITION - YES",,95,0,534,629,,
5/11/2021,"OKLAHOMA","CITY OF MIDWEST CITY",45509,"PROPOSITION NO. 7  CITY OF MIDWEST CITY",,23,23,2,"AGAINST THE PROPOSITION - NO",,22,1,196,219,,
5/11/2021,"OKLAHOMA","CITY OF MIDWEST CITY",45510,"PROPOSITION NO. 8  CITY OF MIDWEST CITY",,23,23,1,"FOR THE PROPOSITION - YES",,99,0,590,689,,
5/11/2021,"OKLAHOMA","CITY OF MIDWEST CITY",45510,"PROPOSITION NO. 8  CITY OF MIDWEST CITY",,23,23,2,"AGAINST THE PROPOSITION - NO",,18,1,133,152,,
5/11/2021,"OKLAHOMA","CITY OF MIDWEST CITY",45511,"PROPOSITION NO. 9  CITY OF MIDWEST CITY",,23,23,1,"FOR THE PROPOSITION - YES",,92,0,568,660,,
5/11/2021,"OKLAHOMA","CITY OF MIDWEST CITY",45511,"PROPOSITION NO. 9  CITY OF MIDWEST CITY",,23,23,2,"AGAINST THE PROPOSITION - NO",,24,1,158,183,,
5/11/2021,"OKLAHOMA","CITY OF MIDWEST CITY",45512,"PROPOSITION NO. 10  CITY OF MIDWEST CITY",,23,23,1,"FOR THE PROPOSITION - YES",,90,0,560,650,,
5/11/2021,"OKLAHOMA","CITY OF MIDWEST CITY",45512,"PROPOSITION NO. 10  CITY OF MIDWEST CITY",,23,23,2,"AGAINST THE PROPOSITION - NO",,25,1,162,188,,
5/11/2021,"OKLAHOMA","CITY OF MIDWEST CITY",45513,"PROPOSITION NO. 11  CITY OF MIDWEST CITY",,23,23,1,"FOR THE PROPOSITION - YES",,47,0,307,354,,
5/11/2021,"OKLAHOMA","CITY OF MIDWEST CITY",45513,"PROPOSITION NO. 11  CITY OF MIDWEST CITY",,23,23,2,"AGAINST THE PROPOSITION - NO",,58,1,360,419,,
5/11/2021,"OKLAHOMA","CITY OF MIDWEST CITY",45514,"PROPOSITION NO. 12  CITY OF MIDWEST CITY",,23,23,1,"FOR THE PROPOSITION - YES",,108,0,635,743,,
5/11/2021,"OKLAHOMA","CITY OF MIDWEST CITY",45514,"PROPOSITION NO. 12  CITY OF MIDWEST CITY",,23,23,2,"AGAINST THE PROPOSITION - NO",,9,1,83,93,,
5/11/2021,"OKLAHOMA","CITY OF MIDWEST CITY",45515,"PROPOSITION NO. 13  CITY OF MIDWEST CITY",,23,23,1,"FOR THE PROPOSITION - YES",,86,0,505,591,,
5/11/2021,"OKLAHOMA","CITY OF MIDWEST CITY",45515,"PROPOSITION NO. 13  CITY OF MIDWEST CITY",,23,23,2,"AGAINST THE PROPOSITION - NO",,31,1,214,246,,
5/11/2021,"OKLAHOMA","CITY OF MIDWEST CITY",45516,"PROPOSTION NO. 14  CITY OF MIDWEST CITY",,23,23,1,"FOR THE PROPOSITION - YES",,81,0,497,578,,
5/11/2021,"OKLAHOMA","CITY OF MIDWEST CITY",45516,"PROPOSTION NO. 14  CITY OF MIDWEST CITY",,23,23,2,"AGAINST THE PROPOSITION - NO",,35,1,218,254,,
5/11/2021,"OKLAHOMA","CITY OF MIDWEST CITY",45517,"PROPOSITION NO. 15  CITY OF MIDWEST CITY",,23,23,1,"FOR THE PROPOSITION - YES",,55,0,330,385,,
5/11/2021,"OKLAHOMA","CITY OF MIDWEST CITY",45517,"PROPOSITION NO. 15  CITY OF MIDWEST CITY",,23,23,2,"AGAINST THE PROPOSITION - NO",,53,1,351,405,,
5/11/2021,"OKLAHOMA","TOWN OF LUTHER",45518,"PROPOSITION NO. 1  TOWN OF LUTHER",,2,2,1,"FOR THE PROPOSITION - YES",,1,0,78,79,,
5/11/2021,"OKLAHOMA","TOWN OF LUTHER",45518,"PROPOSITION NO. 1  TOWN OF LUTHER",,2,2,2,"AGAINST THE PROPOSITION - NO",,0,0,31,31,,
5/11/2021,"OKLAHOMA","TOWN OF LUTHER",45519,"PROPOSITION NO. 2  TOWN OF LUTHER",,2,2,1,"FOR THE PROPOSITION - YES",,1,0,80,81,,
5/11/2021,"OKLAHOMA","TOWN OF LUTHER",45519,"PROPOSITION NO. 2  TOWN OF LUTHER",,2,2,2,"AGAINST THE PROPOSITION - NO",,0,0,29,29,,
5/11/2021,"OKLAHOMA","MOORE PUBLIC SCHOOLS INDEPENDENT SCHOOL DISTRICT NO. 002",51401,"PROPOSITION NO. 1  MOORE PUBLIC SCHOOLS",,11,11,1,"FOR THE PROPOSITION - YES",,15,0,74,89,,
5/11/2021,"OKLAHOMA","MOORE PUBLIC SCHOOLS INDEPENDENT SCHOOL DISTRICT NO. 002",51401,"PROPOSITION NO. 1  MOORE PUBLIC SCHOOLS",,11,11,2,"AGAINST THE PROPOSITION - NO",,14,0,23,37,,
5/11/2021,"OKLAHOMA","MOORE PUBLIC SCHOOLS INDEPENDENT SCHOOL DISTRICT NO. 002",51402,"PROPOSITION NO. 2  MOORE PUBLIC SCHOOLS",,11,11,1,"FOR THE PROPOSITION - YES",,15,0,77,92,,
5/11/2021,"OKLAHOMA","MOORE PUBLIC SCHOOLS INDEPENDENT SCHOOL DISTRICT NO. 002",51402,"PROPOSITION NO. 2  MOORE PUBLIC SCHOOLS",,11,11,2,"AGAINST THE PROPOSITION - NO",,13,0,18,31,,
5/11/2021,"OKLAHOMA","EDMOND PUBLIC SCHOOLS INDEPENDENT SCHOOL DISTRICT NO. 012",55501,"PROPOSITION NO. 1  EDMOND PUBLIC SCHOOLS",,50,50,1,"FOR THE PROPOSITION - YES",,875,18,5401,6294,,
5/11/2021,"OKLAHOMA","EDMOND PUBLIC SCHOOLS INDEPENDENT SCHOOL DISTRICT NO. 012",55501,"PROPOSITION NO. 1  EDMOND PUBLIC SCHOOLS",,50,50,2,"AGAINST THE PROPOSITION - NO",,384,2,1543,1929,,
5/11/2021,"OKLAHOMA","EDMOND PUBLIC SCHOOLS INDEPENDENT SCHOOL DISTRICT NO. 012",55502,"PROPOSITION NO. 2  EDMOND PUBLIC SCHOOLS",,50,50,1,"FOR THE PROPOSITION - YES",,891,18,5365,6274,,
5/11/2021,"OKLAHOMA","EDMOND PUBLIC SCHOOLS INDEPENDENT SCHOOL DISTRICT NO. 012",55502,"PROPOSITION NO. 2  EDMOND PUBLIC SCHOOLS",,50,50,2,"AGAINST THE PROPOSITION - NO",,369,2,1559,1930,,
5/11/2021,"OTTAWA","TOWN OF FAIRLAND",45801,"PROPOSITION  TOWN OF FAIRLAND",,1,1,1,"FOR THE PROPOSITION - YES",,1,0,10,11,,
5/11/2021,"OTTAWA","TOWN OF FAIRLAND",45801,"PROPOSITION  TOWN OF FAIRLAND",,1,1,2,"AGAINST THE PROPOSITION - NO",,0,0,10,10,,
5/11/2021,"POTTAWATOMIE","SOUTH ROCK CREEK PUBLIC SCHOOL ELEMENTARY SCHOOL DISTRICT NO. 032",56301,"PROPOSITION  SOUTH ROCK CREEK PUBLIC SCHOOL",,7,7,1,"FOR THE PROPOSITION - YES",,7,0,65,72,,
5/11/2021,"POTTAWATOMIE","SOUTH ROCK CREEK PUBLIC SCHOOL ELEMENTARY SCHOOL DISTRICT NO. 032",56301,"PROPOSITION  SOUTH ROCK CREEK PUBLIC SCHOOL",,7,7,2,"AGAINST THE PROPOSITION - NO",,13,0,8,21,,
5/11/2021,"SEMINOLE","TOWN OF CROMWELL",46701,"PROPOSITON  TOWN OF CROMWELL",,1,1,1,"FOR THE PROPOSITION - YES",,0,0,11,11,,
5/11/2021,"SEMINOLE","TOWN OF CROMWELL",46701,"PROPOSITON  TOWN OF CROMWELL",,1,1,2,"AGAINST THE PROPOSITION - NO",,0,0,0,0,,
