elec_date,precinct,entity_description,race_number,race_description,race_party,tot_race_prec,race_prec_reporting,cand_number,cand_name,cand_party,cand_absmail_votes,cand_early_votes,cand_elecday_votes,cand_tot_votes,race_county_owner
7/13/2021,"020310","TOWN OF HELENA",40201,"PROPOSITION  TOWN OF HELENA",,1,1,1,"FOR THE PROPOSITION - YES",,1,0,44,45,,
7/13/2021,"020310","TOWN OF HELENA",40201,"PROPOSITION  TOWN OF HELENA",,1,1,2,"AGAINST THE PROPOSITION - NO",,0,0,0,0,,
7/13/2021,"060002","BLAINE COUNTY",30004,"PROPOSITION",,9,9,1,"FOR THE PROPOSITION - YES",,3,1,87,91,BLAINE
7/13/2021,"060002","BLAINE COUNTY",30004,"PROPOSITION",,9,9,2,"AGAINST THE PROPOSITION - NO",,7,0,30,37,BLAINE
7/13/2021,"060002","TOWN OF OKEENE",40601,"PROPOSITION  TOWN OF OKEENE",,1,1,1,"FOR THE PROPOSITION - YES",,3,0,72,75,,
7/13/2021,"060002","TOWN OF OKEENE",40601,"PROPOSITION  TOWN OF OKEENE",,1,1,2,"AGAINST THE PROPOSITION - NO",,6,0,26,32,,
7/13/2021,"060007","BLAINE COUNTY",30004,"PROPOSITION",,9,9,1,"FOR THE PROPOSITION - YES",,4,4,28,36,BLAINE
7/13/2021,"060007","BLAINE COUNTY",30004,"PROPOSITION",,9,9,2,"AGAINST THE PROPOSITION - NO",,1,0,5,6,BLAINE
7/13/2021,"060010","BLAINE COUNTY",30004,"PROPOSITION",,9,9,1,"FOR THE PROPOSITION - YES",,4,8,22,34,BLAINE
7/13/2021,"060010","BLAINE COUNTY",30004,"PROPOSITION",,9,9,2,"AGAINST THE PROPOSITION - NO",,1,2,1,4,BLAINE
7/13/2021,"060011","BLAINE COUNTY",30004,"PROPOSITION",,9,9,1,"FOR THE PROPOSITION - YES",,1,4,8,13,BLAINE
7/13/2021,"060011","BLAINE COUNTY",30004,"PROPOSITION",,9,9,2,"AGAINST THE PROPOSITION - NO",,0,1,5,6,BLAINE
7/13/2021,"060012","BLAINE COUNTY",30004,"PROPOSITION",,9,9,1,"FOR THE PROPOSITION - YES",,13,19,61,93,BLAINE
7/13/2021,"060012","BLAINE COUNTY",30004,"PROPOSITION",,9,9,2,"AGAINST THE PROPOSITION - NO",,5,2,9,16,BLAINE
7/13/2021,"060016","BLAINE COUNTY",30004,"PROPOSITION",,9,9,1,"FOR THE PROPOSITION - YES",,0,2,11,13,BLAINE
7/13/2021,"060016","BLAINE COUNTY",30004,"PROPOSITION",,9,9,2,"AGAINST THE PROPOSITION - NO",,0,0,2,2,BLAINE
7/13/2021,"060017","BLAINE COUNTY",30004,"PROPOSITION",,9,9,1,"FOR THE PROPOSITION - YES",,2,2,31,35,BLAINE
7/13/2021,"060017","BLAINE COUNTY",30004,"PROPOSITION",,9,9,2,"AGAINST THE PROPOSITION - NO",,0,0,1,1,BLAINE
7/13/2021,"060020","BLAINE COUNTY",30004,"PROPOSITION",,9,9,1,"FOR THE PROPOSITION - YES",,3,0,7,10,BLAINE
7/13/2021,"060020","BLAINE COUNTY",30004,"PROPOSITION",,9,9,2,"AGAINST THE PROPOSITION - NO",,0,0,4,4,BLAINE
7/13/2021,"060022","BLAINE COUNTY",30004,"PROPOSITION",,9,9,1,"FOR THE PROPOSITION - YES",,0,0,12,12,BLAINE
7/13/2021,"060022","BLAINE COUNTY",30004,"PROPOSITION",,9,9,2,"AGAINST THE PROPOSITION - NO",,0,0,4,4,BLAINE
7/13/2021,"070003","CITY OF DURANT",40701,"PROPOSITION  CITY OF DURANT",,11,11,1,"FOR THE PROPOSITION - YES",,7,1,8,16,,
7/13/2021,"070003","CITY OF DURANT",40701,"PROPOSITION  CITY OF DURANT",,11,11,2,"AGAINST THE PROPOSITION - NO",,0,0,3,3,,
7/13/2021,"070004","CITY OF DURANT",40701,"PROPOSITION  CITY OF DURANT",,11,11,1,"FOR THE PROPOSITION - YES",,3,1,11,15,,
7/13/2021,"070004","CITY OF DURANT",40701,"PROPOSITION  CITY OF DURANT",,11,11,2,"AGAINST THE PROPOSITION - NO",,0,1,3,4,,
7/13/2021,"070005","CITY OF DURANT",40701,"PROPOSITION  CITY OF DURANT",,11,11,1,"FOR THE PROPOSITION - YES",,6,0,22,28,,
7/13/2021,"070005","CITY OF DURANT",40701,"PROPOSITION  CITY OF DURANT",,11,11,2,"AGAINST THE PROPOSITION - NO",,3,0,6,9,,
7/13/2021,"070008","CITY OF DURANT",40701,"PROPOSITION  CITY OF DURANT",,11,11,1,"FOR THE PROPOSITION - YES",,14,5,27,46,,
7/13/2021,"070008","CITY OF DURANT",40701,"PROPOSITION  CITY OF DURANT",,11,11,2,"AGAINST THE PROPOSITION - NO",,5,0,2,7,,
7/13/2021,"070017","CITY OF DURANT",40701,"PROPOSITION  CITY OF DURANT",,11,11,1,"FOR THE PROPOSITION - YES",,0,0,0,0,,
7/13/2021,"070017","CITY OF DURANT",40701,"PROPOSITION  CITY OF DURANT",,11,11,2,"AGAINST THE PROPOSITION - NO",,0,0,0,0,,
7/13/2021,"070018","CITY OF DURANT",40701,"PROPOSITION  CITY OF DURANT",,11,11,1,"FOR THE PROPOSITION - YES",,0,0,0,0,,
7/13/2021,"070018","CITY OF DURANT",40701,"PROPOSITION  CITY OF DURANT",,11,11,2,"AGAINST THE PROPOSITION - NO",,0,0,0,0,,
7/13/2021,"070019","CITY OF DURANT",40701,"PROPOSITION  CITY OF DURANT",,11,11,1,"FOR THE PROPOSITION - YES",,0,0,0,0,,
7/13/2021,"070019","CITY OF DURANT",40701,"PROPOSITION  CITY OF DURANT",,11,11,2,"AGAINST THE PROPOSITION - NO",,0,0,0,0,,
7/13/2021,"070021","CITY OF DURANT",40701,"PROPOSITION  CITY OF DURANT",,11,11,1,"FOR THE PROPOSITION - YES",,0,1,0,1,,
7/13/2021,"070021","CITY OF DURANT",40701,"PROPOSITION  CITY OF DURANT",,11,11,2,"AGAINST THE PROPOSITION - NO",,0,0,0,0,,
7/13/2021,"070026","CITY OF DURANT",40701,"PROPOSITION  CITY OF DURANT",,11,11,1,"FOR THE PROPOSITION - YES",,1,0,14,15,,
7/13/2021,"070026","CITY OF DURANT",40701,"PROPOSITION  CITY OF DURANT",,11,11,2,"AGAINST THE PROPOSITION - NO",,0,0,0,0,,
7/13/2021,"070027","CITY OF DURANT",40701,"PROPOSITION  CITY OF DURANT",,11,11,1,"FOR THE PROPOSITION - YES",,4,0,16,20,,
7/13/2021,"070027","CITY OF DURANT",40701,"PROPOSITION  CITY OF DURANT",,11,11,2,"AGAINST THE PROPOSITION - NO",,1,0,0,1,,
7/13/2021,"070033","CITY OF DURANT",40701,"PROPOSITION  CITY OF DURANT",,11,11,1,"FOR THE PROPOSITION - YES",,4,0,21,25,,
7/13/2021,"070033","CITY OF DURANT",40701,"PROPOSITION  CITY OF DURANT",,11,11,2,"AGAINST THE PROPOSITION - NO",,0,0,0,0,,
7/13/2021,"120210","TOWN OF SAWYER",41201,"PROPOSITION  TOWN OF SAWYER",,3,3,1,"FOR THE PROPOSITION - YES",,0,0,5,5,,
7/13/2021,"120210","TOWN OF SAWYER",41201,"PROPOSITION  TOWN OF SAWYER",,3,3,2,"AGAINST THE PROPOSITION - NO",,1,0,6,7,,
7/13/2021,"120318","TOWN OF SAWYER",41201,"PROPOSITION  TOWN OF SAWYER",,3,3,1,"FOR THE PROPOSITION - YES",,0,0,0,0,,
7/13/2021,"120318","TOWN OF SAWYER",41201,"PROPOSITION  TOWN OF SAWYER",,3,3,2,"AGAINST THE PROPOSITION - NO",,0,0,0,0,,
7/13/2021,"120320","TOWN OF SAWYER",41201,"PROPOSITION  TOWN OF SAWYER",,3,3,1,"FOR THE PROPOSITION - YES",,0,0,7,7,,
7/13/2021,"120320","TOWN OF SAWYER",41201,"PROPOSITION  TOWN OF SAWYER",,3,3,2,"AGAINST THE PROPOSITION - NO",,0,0,17,17,,
7/13/2021,"130003","CITY OF BOISE CITY",41301,"PROPOSITION  CITY OF BOISE CITY",,4,4,1,"FOR THE PROPOSITION - YES",,0,0,12,12,,
7/13/2021,"130003","CITY OF BOISE CITY",41301,"PROPOSITION  CITY OF BOISE CITY",,4,4,2,"AGAINST THE PROPOSITION - NO",,0,0,0,0,,
7/13/2021,"130004","CITY OF BOISE CITY",41301,"PROPOSITION  CITY OF BOISE CITY",,4,4,1,"FOR THE PROPOSITION - YES",,0,3,16,19,,
7/13/2021,"130004","CITY OF BOISE CITY",41301,"PROPOSITION  CITY OF BOISE CITY",,4,4,2,"AGAINST THE PROPOSITION - NO",,0,0,0,0,,
7/13/2021,"130005","CITY OF BOISE CITY",41301,"PROPOSITION  CITY OF BOISE CITY",,4,4,1,"FOR THE PROPOSITION - YES",,1,3,9,13,,
7/13/2021,"130005","CITY OF BOISE CITY",41301,"PROPOSITION  CITY OF BOISE CITY",,4,4,2,"AGAINST THE PROPOSITION - NO",,0,0,0,0,,
7/13/2021,"130006","CITY OF BOISE CITY",41301,"PROPOSITION  CITY OF BOISE CITY",,4,4,1,"FOR THE PROPOSITION - YES",,2,6,1,9,,
7/13/2021,"130006","CITY OF BOISE CITY",41301,"PROPOSITION  CITY OF BOISE CITY",,4,4,2,"AGAINST THE PROPOSITION - NO",,0,0,0,0,,
7/13/2021,"250007","CITY OF PAULS VALLEY",42501,"PROPOSITION  CITY OF PAULS VALLEY",,5,5,1,"FOR THE PROPOSITION - YES",,2,0,7,9,,
7/13/2021,"250007","CITY OF PAULS VALLEY",42501,"PROPOSITION  CITY OF PAULS VALLEY",,5,5,2,"AGAINST THE PROPOSITION - NO",,1,0,0,1,,
7/13/2021,"250008","CITY OF PAULS VALLEY",42501,"PROPOSITION  CITY OF PAULS VALLEY",,5,5,1,"FOR THE PROPOSITION - YES",,2,0,4,6,,
7/13/2021,"250008","CITY OF PAULS VALLEY",42501,"PROPOSITION  CITY OF PAULS VALLEY",,5,5,2,"AGAINST THE PROPOSITION - NO",,0,0,0,0,,
7/13/2021,"250015","CITY OF PAULS VALLEY",42501,"PROPOSITION  CITY OF PAULS VALLEY",,5,5,1,"FOR THE PROPOSITION - YES",,3,2,12,17,,
7/13/2021,"250015","CITY OF PAULS VALLEY",42501,"PROPOSITION  CITY OF PAULS VALLEY",,5,5,2,"AGAINST THE PROPOSITION - NO",,1,0,0,1,,
7/13/2021,"250017","CITY OF PAULS VALLEY",42501,"PROPOSITION  CITY OF PAULS VALLEY",,5,5,1,"FOR THE PROPOSITION - YES",,7,0,17,24,,
7/13/2021,"250017","CITY OF PAULS VALLEY",42501,"PROPOSITION  CITY OF PAULS VALLEY",,5,5,2,"AGAINST THE PROPOSITION - NO",,2,0,0,2,,
7/13/2021,"250018","CITY OF PAULS VALLEY",42501,"PROPOSITION  CITY OF PAULS VALLEY",,5,5,1,"FOR THE PROPOSITION - YES",,0,0,2,2,,
7/13/2021,"250018","CITY OF PAULS VALLEY",42501,"PROPOSITION  CITY OF PAULS VALLEY",,5,5,2,"AGAINST THE PROPOSITION - NO",,0,0,0,0,,
7/13/2021,"270011","GRANT COUNTY",30001,"PROPOSITION",,7,7,1,"FOR THE PROPOSITION - YES",,0,0,52,52,GRANT
7/13/2021,"270011","GRANT COUNTY",30001,"PROPOSITION",,7,7,2,"AGAINST THE PROPOSITION - NO",,0,0,0,0,GRANT
7/13/2021,"270017","GRANT COUNTY",30001,"PROPOSITION",,7,7,1,"FOR THE PROPOSITION - YES",,6,2,53,61,GRANT
7/13/2021,"270017","GRANT COUNTY",30001,"PROPOSITION",,7,7,2,"AGAINST THE PROPOSITION - NO",,0,0,1,1,GRANT
7/13/2021,"270017","TOWN OF NASH",42701,"PROPOSITION  TOWN OF NASH",,1,1,1,"FOR THE PROPOSITION - YES",,2,0,18,20,,
7/13/2021,"270017","TOWN OF NASH",42701,"PROPOSITION  TOWN OF NASH",,1,1,2,"AGAINST THE PROPOSITION - NO",,2,0,5,7,,
7/13/2021,"270023","GRANT COUNTY",30001,"PROPOSITION",,7,7,1,"FOR THE PROPOSITION - YES",,0,2,225,227,GRANT
7/13/2021,"270023","GRANT COUNTY",30001,"PROPOSITION",,7,7,2,"AGAINST THE PROPOSITION - NO",,0,1,1,2,GRANT
7/13/2021,"270025","GRANT COUNTY",30001,"PROPOSITION",,7,7,1,"FOR THE PROPOSITION - YES",,1,2,86,89,GRANT
7/13/2021,"270025","GRANT COUNTY",30001,"PROPOSITION",,7,7,2,"AGAINST THE PROPOSITION - NO",,4,0,5,9,GRANT
7/13/2021,"270026","GRANT COUNTY",30001,"PROPOSITION",,7,7,1,"FOR THE PROPOSITION - YES",,1,2,49,52,GRANT
7/13/2021,"270026","GRANT COUNTY",30001,"PROPOSITION",,7,7,2,"AGAINST THE PROPOSITION - NO",,0,0,2,2,GRANT
7/13/2021,"270029","GRANT COUNTY",30001,"PROPOSITION",,7,7,1,"FOR THE PROPOSITION - YES",,1,6,38,45,GRANT
7/13/2021,"270029","GRANT COUNTY",30001,"PROPOSITION",,7,7,2,"AGAINST THE PROPOSITION - NO",,1,0,12,13,GRANT
7/13/2021,"270030","GRANT COUNTY",30001,"PROPOSITION",,7,7,1,"FOR THE PROPOSITION - YES",,5,21,67,93,GRANT
7/13/2021,"270030","GRANT COUNTY",30001,"PROPOSITION",,7,7,2,"AGAINST THE PROPOSITION - NO",,1,4,11,16,GRANT
7/13/2021,"380014","CITY OF SNYDER",43801,"PROPOSITION  CITY OF SNYDER",,1,1,1,"FOR THE PROPOSITION - YES",,1,0,18,19,,
7/13/2021,"380014","CITY OF SNYDER",43801,"PROPOSITION  CITY OF SNYDER",,1,1,2,"AGAINST THE PROPOSITION - NO",,0,0,0,0,,
7/13/2021,"410001","LINCOLN COUNTY",30002,"PROPOSITION NO. 1",,21,21,1,"FOR THE PROPOSITION - YES",,7,3,35,45,LINCOLN
7/13/2021,"410001","LINCOLN COUNTY",30002,"PROPOSITION NO. 1",,21,21,2,"AGAINST THE PROPOSITION - NO",,1,0,72,73,LINCOLN
7/13/2021,"410001","LINCOLN COUNTY",30003,"PROPOSITION NO. 2",,21,21,1,"FOR THE PROPOSITION - YES",,6,2,25,33,LINCOLN
7/13/2021,"410001","LINCOLN COUNTY",30003,"PROPOSITION NO. 2",,21,21,2,"AGAINST THE PROPOSITION - NO",,1,1,82,84,LINCOLN
7/13/2021,"410002","LINCOLN COUNTY",30002,"PROPOSITION NO. 1",,21,21,1,"FOR THE PROPOSITION - YES",,0,1,44,45,LINCOLN
7/13/2021,"410002","LINCOLN COUNTY",30002,"PROPOSITION NO. 1",,21,21,2,"AGAINST THE PROPOSITION - NO",,0,1,80,81,LINCOLN
7/13/2021,"410002","LINCOLN COUNTY",30003,"PROPOSITION NO. 2",,21,21,1,"FOR THE PROPOSITION - YES",,0,0,32,32,LINCOLN
7/13/2021,"410002","LINCOLN COUNTY",30003,"PROPOSITION NO. 2",,21,21,2,"AGAINST THE PROPOSITION - NO",,0,2,92,94,LINCOLN
7/13/2021,"410003","LINCOLN COUNTY",30002,"PROPOSITION NO. 1",,21,21,1,"FOR THE PROPOSITION - YES",,5,13,84,102,LINCOLN
7/13/2021,"410003","LINCOLN COUNTY",30002,"PROPOSITION NO. 1",,21,21,2,"AGAINST THE PROPOSITION - NO",,0,6,108,114,LINCOLN
7/13/2021,"410003","LINCOLN COUNTY",30003,"PROPOSITION NO. 2",,21,21,1,"FOR THE PROPOSITION - YES",,4,7,45,56,LINCOLN
7/13/2021,"410003","LINCOLN COUNTY",30003,"PROPOSITION NO. 2",,21,21,2,"AGAINST THE PROPOSITION - NO",,0,13,148,161,LINCOLN
7/13/2021,"410004","LINCOLN COUNTY",30002,"PROPOSITION NO. 1",,21,21,1,"FOR THE PROPOSITION - YES",,0,1,14,15,LINCOLN
7/13/2021,"410004","LINCOLN COUNTY",30002,"PROPOSITION NO. 1",,21,21,2,"AGAINST THE PROPOSITION - NO",,0,0,38,38,LINCOLN
7/13/2021,"410004","LINCOLN COUNTY",30003,"PROPOSITION NO. 2",,21,21,1,"FOR THE PROPOSITION - YES",,0,1,6,7,LINCOLN
7/13/2021,"410004","LINCOLN COUNTY",30003,"PROPOSITION NO. 2",,21,21,2,"AGAINST THE PROPOSITION - NO",,0,0,45,45,LINCOLN
7/13/2021,"410005","LINCOLN COUNTY",30002,"PROPOSITION NO. 1",,21,21,1,"FOR THE PROPOSITION - YES",,0,3,38,41,LINCOLN
7/13/2021,"410005","LINCOLN COUNTY",30002,"PROPOSITION NO. 1",,21,21,2,"AGAINST THE PROPOSITION - NO",,2,5,80,87,LINCOLN
7/13/2021,"410005","LINCOLN COUNTY",30003,"PROPOSITION NO. 2",,21,21,1,"FOR THE PROPOSITION - YES",,1,1,16,18,LINCOLN
7/13/2021,"410005","LINCOLN COUNTY",30003,"PROPOSITION NO. 2",,21,21,2,"AGAINST THE PROPOSITION - NO",,1,7,101,109,LINCOLN
7/13/2021,"410006","LINCOLN COUNTY",30002,"PROPOSITION NO. 1",,21,21,1,"FOR THE PROPOSITION - YES",,3,0,10,13,LINCOLN
7/13/2021,"410006","LINCOLN COUNTY",30002,"PROPOSITION NO. 1",,21,21,2,"AGAINST THE PROPOSITION - NO",,0,0,23,23,LINCOLN
7/13/2021,"410006","LINCOLN COUNTY",30003,"PROPOSITION NO. 2",,21,21,1,"FOR THE PROPOSITION - YES",,3,0,8,11,LINCOLN
7/13/2021,"410006","LINCOLN COUNTY",30003,"PROPOSITION NO. 2",,21,21,2,"AGAINST THE PROPOSITION - NO",,0,0,25,25,LINCOLN
7/13/2021,"410007","LINCOLN COUNTY",30002,"PROPOSITION NO. 1",,21,21,1,"FOR THE PROPOSITION - YES",,2,0,19,21,LINCOLN
7/13/2021,"410007","LINCOLN COUNTY",30002,"PROPOSITION NO. 1",,21,21,2,"AGAINST THE PROPOSITION - NO",,0,0,24,24,LINCOLN
7/13/2021,"410007","LINCOLN COUNTY",30003,"PROPOSITION NO. 2",,21,21,1,"FOR THE PROPOSITION - YES",,1,0,14,15,LINCOLN
7/13/2021,"410007","LINCOLN COUNTY",30003,"PROPOSITION NO. 2",,21,21,2,"AGAINST THE PROPOSITION - NO",,1,0,29,30,LINCOLN
7/13/2021,"410008","LINCOLN COUNTY",30002,"PROPOSITION NO. 1",,21,21,1,"FOR THE PROPOSITION - YES",,3,11,66,80,LINCOLN
7/13/2021,"410008","LINCOLN COUNTY",30002,"PROPOSITION NO. 1",,21,21,2,"AGAINST THE PROPOSITION - NO",,5,10,106,121,LINCOLN
7/13/2021,"410008","LINCOLN COUNTY",30003,"PROPOSITION NO. 2",,21,21,1,"FOR THE PROPOSITION - YES",,3,7,45,55,LINCOLN
7/13/2021,"410008","LINCOLN COUNTY",30003,"PROPOSITION NO. 2",,21,21,2,"AGAINST THE PROPOSITION - NO",,5,14,129,148,LINCOLN
7/13/2021,"410009","LINCOLN COUNTY",30002,"PROPOSITION NO. 1",,21,21,1,"FOR THE PROPOSITION - YES",,0,4,20,24,LINCOLN
7/13/2021,"410009","LINCOLN COUNTY",30002,"PROPOSITION NO. 1",,21,21,2,"AGAINST THE PROPOSITION - NO",,0,5,73,78,LINCOLN
7/13/2021,"410009","LINCOLN COUNTY",30003,"PROPOSITION NO. 2",,21,21,1,"FOR THE PROPOSITION - YES",,0,4,12,16,LINCOLN
7/13/2021,"410009","LINCOLN COUNTY",30003,"PROPOSITION NO. 2",,21,21,2,"AGAINST THE PROPOSITION - NO",,0,5,81,86,LINCOLN
7/13/2021,"410010","LINCOLN COUNTY",30002,"PROPOSITION NO. 1",,21,21,1,"FOR THE PROPOSITION - YES",,0,18,63,81,LINCOLN
7/13/2021,"410010","LINCOLN COUNTY",30002,"PROPOSITION NO. 1",,21,21,2,"AGAINST THE PROPOSITION - NO",,4,14,122,140,LINCOLN
7/13/2021,"410010","LINCOLN COUNTY",30003,"PROPOSITION NO. 2",,21,21,1,"FOR THE PROPOSITION - YES",,0,12,26,38,LINCOLN
7/13/2021,"410010","LINCOLN COUNTY",30003,"PROPOSITION NO. 2",,21,21,2,"AGAINST THE PROPOSITION - NO",,4,20,159,183,LINCOLN
7/13/2021,"410011","LINCOLN COUNTY",30002,"PROPOSITION NO. 1",,21,21,1,"FOR THE PROPOSITION - YES",,3,18,79,100,LINCOLN
7/13/2021,"410011","LINCOLN COUNTY",30002,"PROPOSITION NO. 1",,21,21,2,"AGAINST THE PROPOSITION - NO",,2,13,143,158,LINCOLN
7/13/2021,"410011","LINCOLN COUNTY",30003,"PROPOSITION NO. 2",,21,21,1,"FOR THE PROPOSITION - YES",,1,7,41,49,LINCOLN
7/13/2021,"410011","LINCOLN COUNTY",30003,"PROPOSITION NO. 2",,21,21,2,"AGAINST THE PROPOSITION - NO",,4,24,179,207,LINCOLN
7/13/2021,"410012","LINCOLN COUNTY",30002,"PROPOSITION NO. 1",,21,21,1,"FOR THE PROPOSITION - YES",,0,8,55,63,LINCOLN
7/13/2021,"410012","LINCOLN COUNTY",30002,"PROPOSITION NO. 1",,21,21,2,"AGAINST THE PROPOSITION - NO",,1,6,98,105,LINCOLN
7/13/2021,"410012","LINCOLN COUNTY",30003,"PROPOSITION NO. 2",,21,21,1,"FOR THE PROPOSITION - YES",,0,5,32,37,LINCOLN
7/13/2021,"410012","LINCOLN COUNTY",30003,"PROPOSITION NO. 2",,21,21,2,"AGAINST THE PROPOSITION - NO",,1,9,121,131,LINCOLN
7/13/2021,"410013","LINCOLN COUNTY",30002,"PROPOSITION NO. 1",,21,21,1,"FOR THE PROPOSITION - YES",,0,0,4,4,LINCOLN
7/13/2021,"410013","LINCOLN COUNTY",30002,"PROPOSITION NO. 1",,21,21,2,"AGAINST THE PROPOSITION - NO",,2,0,15,17,LINCOLN
7/13/2021,"410013","LINCOLN COUNTY",30003,"PROPOSITION NO. 2",,21,21,1,"FOR THE PROPOSITION - YES",,2,0,4,6,LINCOLN
7/13/2021,"410013","LINCOLN COUNTY",30003,"PROPOSITION NO. 2",,21,21,2,"AGAINST THE PROPOSITION - NO",,0,0,15,15,LINCOLN
7/13/2021,"410015","LINCOLN COUNTY",30002,"PROPOSITION NO. 1",,21,21,1,"FOR THE PROPOSITION - YES",,1,0,34,35,LINCOLN
7/13/2021,"410015","LINCOLN COUNTY",30002,"PROPOSITION NO. 1",,21,21,2,"AGAINST THE PROPOSITION - NO",,1,0,42,43,LINCOLN
7/13/2021,"410015","LINCOLN COUNTY",30003,"PROPOSITION NO. 2",,21,21,1,"FOR THE PROPOSITION - YES",,1,0,25,26,LINCOLN
7/13/2021,"410015","LINCOLN COUNTY",30003,"PROPOSITION NO. 2",,21,21,2,"AGAINST THE PROPOSITION - NO",,1,0,51,52,LINCOLN
7/13/2021,"410016","LINCOLN COUNTY",30002,"PROPOSITION NO. 1",,21,21,1,"FOR THE PROPOSITION - YES",,2,1,53,56,LINCOLN
7/13/2021,"410016","LINCOLN COUNTY",30002,"PROPOSITION NO. 1",,21,21,2,"AGAINST THE PROPOSITION - NO",,0,1,81,82,LINCOLN
7/13/2021,"410016","LINCOLN COUNTY",30003,"PROPOSITION NO. 2",,21,21,1,"FOR THE PROPOSITION - YES",,2,1,17,20,LINCOLN
7/13/2021,"410016","LINCOLN COUNTY",30003,"PROPOSITION NO. 2",,21,21,2,"AGAINST THE PROPOSITION - NO",,0,1,117,118,LINCOLN
7/13/2021,"410017","LINCOLN COUNTY",30002,"PROPOSITION NO. 1",,21,21,1,"FOR THE PROPOSITION - YES",,2,7,20,29,LINCOLN
7/13/2021,"410017","LINCOLN COUNTY",30002,"PROPOSITION NO. 1",,21,21,2,"AGAINST THE PROPOSITION - NO",,0,1,41,42,LINCOLN
7/13/2021,"410017","LINCOLN COUNTY",30003,"PROPOSITION NO. 2",,21,21,1,"FOR THE PROPOSITION - YES",,2,4,10,16,LINCOLN
7/13/2021,"410017","LINCOLN COUNTY",30003,"PROPOSITION NO. 2",,21,21,2,"AGAINST THE PROPOSITION - NO",,0,4,51,55,LINCOLN
7/13/2021,"410018","LINCOLN COUNTY",30002,"PROPOSITION NO. 1",,21,21,1,"FOR THE PROPOSITION - YES",,1,0,23,24,LINCOLN
7/13/2021,"410018","LINCOLN COUNTY",30002,"PROPOSITION NO. 1",,21,21,2,"AGAINST THE PROPOSITION - NO",,0,0,64,64,LINCOLN
7/13/2021,"410018","LINCOLN COUNTY",30003,"PROPOSITION NO. 2",,21,21,1,"FOR THE PROPOSITION - YES",,1,0,20,21,LINCOLN
7/13/2021,"410018","LINCOLN COUNTY",30003,"PROPOSITION NO. 2",,21,21,2,"AGAINST THE PROPOSITION - NO",,0,0,67,67,LINCOLN
7/13/2021,"410019","LINCOLN COUNTY",30002,"PROPOSITION NO. 1",,21,21,1,"FOR THE PROPOSITION - YES",,1,0,15,16,LINCOLN
7/13/2021,"410019","LINCOLN COUNTY",30002,"PROPOSITION NO. 1",,21,21,2,"AGAINST THE PROPOSITION - NO",,3,1,84,88,LINCOLN
7/13/2021,"410019","LINCOLN COUNTY",30003,"PROPOSITION NO. 2",,21,21,1,"FOR THE PROPOSITION - YES",,1,0,7,8,LINCOLN
7/13/2021,"410019","LINCOLN COUNTY",30003,"PROPOSITION NO. 2",,21,21,2,"AGAINST THE PROPOSITION - NO",,3,1,92,96,LINCOLN
7/13/2021,"410020","LINCOLN COUNTY",30002,"PROPOSITION NO. 1",,21,21,1,"FOR THE PROPOSITION - YES",,3,3,12,18,LINCOLN
7/13/2021,"410020","LINCOLN COUNTY",30002,"PROPOSITION NO. 1",,21,21,2,"AGAINST THE PROPOSITION - NO",,3,0,19,22,LINCOLN
7/13/2021,"410020","LINCOLN COUNTY",30003,"PROPOSITION NO. 2",,21,21,1,"FOR THE PROPOSITION - YES",,1,2,7,10,LINCOLN
7/13/2021,"410020","LINCOLN COUNTY",30003,"PROPOSITION NO. 2",,21,21,2,"AGAINST THE PROPOSITION - NO",,5,1,24,30,LINCOLN
7/13/2021,"410021","LINCOLN COUNTY",30002,"PROPOSITION NO. 1",,21,21,1,"FOR THE PROPOSITION - YES",,4,1,22,27,LINCOLN
7/13/2021,"410021","LINCOLN COUNTY",30002,"PROPOSITION NO. 1",,21,21,2,"AGAINST THE PROPOSITION - NO",,2,0,63,65,LINCOLN
7/13/2021,"410021","LINCOLN COUNTY",30003,"PROPOSITION NO. 2",,21,21,1,"FOR THE PROPOSITION - YES",,3,1,15,19,LINCOLN
7/13/2021,"410021","LINCOLN COUNTY",30003,"PROPOSITION NO. 2",,21,21,2,"AGAINST THE PROPOSITION - NO",,3,0,68,71,LINCOLN
7/13/2021,"410022","LINCOLN COUNTY",30002,"PROPOSITION NO. 1",,21,21,1,"FOR THE PROPOSITION - YES",,2,1,31,34,LINCOLN
7/13/2021,"410022","LINCOLN COUNTY",30002,"PROPOSITION NO. 1",,21,21,2,"AGAINST THE PROPOSITION - NO",,1,1,67,69,LINCOLN
7/13/2021,"410022","LINCOLN COUNTY",30003,"PROPOSITION NO. 2",,21,21,1,"FOR THE PROPOSITION - YES",,2,0,26,28,LINCOLN
7/13/2021,"410022","LINCOLN COUNTY",30003,"PROPOSITION NO. 2",,21,21,2,"AGAINST THE PROPOSITION - NO",,1,2,72,75,LINCOLN
7/13/2021,"490037","TOWN OF LOCUST GROVE",44901,"PROPOSITION  TOWN OF LOCUST GROVE",,2,2,1,"FOR THE PROPOSITION - YES",,0,0,2,2,,
7/13/2021,"490037","TOWN OF LOCUST GROVE",44901,"PROPOSITION  TOWN OF LOCUST GROVE",,2,2,2,"AGAINST THE PROPOSITION - NO",,0,0,0,0,,
7/13/2021,"490039","TOWN OF LOCUST GROVE",44901,"PROPOSITION  TOWN OF LOCUST GROVE",,2,2,1,"FOR THE PROPOSITION - YES",,1,1,66,68,,
7/13/2021,"490039","TOWN OF LOCUST GROVE",44901,"PROPOSITION  TOWN OF LOCUST GROVE",,2,2,2,"AGAINST THE PROPOSITION - NO",,0,1,5,6,,
7/13/2021,"510059","TOWN OF WARNER",45101,"PROPOSITION  TOWN OF WARNER",,2,2,1,"FOR THE PROPOSITION - YES",,0,0,35,35,,
7/13/2021,"510059","TOWN OF WARNER",45101,"PROPOSITION  TOWN OF WARNER",,2,2,2,"AGAINST THE PROPOSITION - NO",,2,0,48,50,,
7/13/2021,"510064","TOWN OF WARNER",45101,"PROPOSITION  TOWN OF WARNER",,2,2,1,"FOR THE PROPOSITION - YES",,0,0,1,1,,
7/13/2021,"510064","TOWN OF WARNER",45101,"PROPOSITION  TOWN OF WARNER",,2,2,2,"AGAINST THE PROPOSITION - NO",,0,0,2,2,,
7/13/2021,"550072","TOWN OF JONES CITY",45501,"PROPOSITION  TOWN OF JONES CITY",,4,4,1,"FOR THE PROPOSITION - YES",,0,0,101,101,,
7/13/2021,"550072","TOWN OF JONES CITY",45501,"PROPOSITION  TOWN OF JONES CITY",,4,4,2,"AGAINST THE PROPOSITION - NO",,0,0,55,55,,
7/13/2021,"550073","TOWN OF JONES CITY",45501,"PROPOSITION  TOWN OF JONES CITY",,4,4,1,"FOR THE PROPOSITION - YES",,0,0,13,13,,
7/13/2021,"550073","TOWN OF JONES CITY",45501,"PROPOSITION  TOWN OF JONES CITY",,4,4,2,"AGAINST THE PROPOSITION - NO",,0,0,14,14,,
7/13/2021,"550074","TOWN OF JONES CITY",45501,"PROPOSITION  TOWN OF JONES CITY",,4,4,1,"FOR THE PROPOSITION - YES",,0,0,1,1,,
7/13/2021,"550074","TOWN OF JONES CITY",45501,"PROPOSITION  TOWN OF JONES CITY",,4,4,2,"AGAINST THE PROPOSITION - NO",,0,0,1,1,,
7/13/2021,"550075","TOWN OF JONES CITY",45501,"PROPOSITION  TOWN OF JONES CITY",,4,4,1,"FOR THE PROPOSITION - YES",,0,0,26,26,,
7/13/2021,"550075","TOWN OF JONES CITY",45501,"PROPOSITION  TOWN OF JONES CITY",,4,4,2,"AGAINST THE PROPOSITION - NO",,0,0,20,20,,
7/13/2021,"550076","TOWN OF LUTHER",45502,"PROPOSITION  TOWN OF LUTHER",,2,2,1,"FOR THE PROPOSITION - YES",,0,0,22,22,,
7/13/2021,"550076","TOWN OF LUTHER",45502,"PROPOSITION  TOWN OF LUTHER",,2,2,2,"AGAINST THE PROPOSITION - NO",,0,0,24,24,,
7/13/2021,"550107","TOWN OF LUTHER",45502,"PROPOSITION  TOWN OF LUTHER",,2,2,1,"FOR THE PROPOSITION - YES",,0,0,0,0,,
7/13/2021,"550107","TOWN OF LUTHER",45502,"PROPOSITION  TOWN OF LUTHER",,2,2,2,"AGAINST THE PROPOSITION - NO",,0,0,0,0,,
7/13/2021,"559999","TOWN OF JONES CITY",45501,"PROPOSITION  TOWN OF JONES CITY",,4,4,1,"FOR THE PROPOSITION - YES",,9,4,0,13,,
7/13/2021,"559999","TOWN OF JONES CITY",45501,"PROPOSITION  TOWN OF JONES CITY",,4,4,2,"AGAINST THE PROPOSITION - NO",,2,0,0,2,,
7/13/2021,"559999","TOWN OF LUTHER",45502,"PROPOSITION  TOWN OF LUTHER",,2,2,1,"FOR THE PROPOSITION - YES",,1,0,0,1,,
7/13/2021,"559999","TOWN OF LUTHER",45502,"PROPOSITION  TOWN OF LUTHER",,2,2,2,"AGAINST THE PROPOSITION - NO",,0,1,0,1,,
7/13/2021,"660024","TOWN OF TALALA",46601,"PROPOSITION  TOWN OF TALALA",,1,1,1,"FOR THE PROPOSITION - YES",,0,0,15,15,,
7/13/2021,"660024","TOWN OF TALALA",46601,"PROPOSITION  TOWN OF TALALA",,1,1,2,"AGAINST THE PROPOSITION - NO",,1,0,0,1,,
