elec_date,county,entity_description,race_number,race_description,race_party,tot_race_prec,race_prec_reporting,cand_number,cand_name,cand_party,cand_absmail_votes,cand_early_votes,cand_elecday_votes,cand_tot_votes,race_county_owner
5/9/2017,"COMANCHE","CACHE PUBLIC SCHOOLS INDEPENDENT SCHOOL DISTRICT NO. 001",51601,"PROPOSITION  CACHE PUBLIC SCHOOLS",,5,5,1,"FOR THE PROPOSITION - YES",,24,19,423,466,,
5/9/2017,"COMANCHE","CACHE PUBLIC SCHOOLS INDEPENDENT SCHOOL DISTRICT NO. 001",51601,"PROPOSITION  CACHE PUBLIC SCHOOLS",,5,5,2,"AGAINST THE PROPOSITION - NO",,19,12,210,241,,
5/9/2017,"CUSTER","CITY OF CLINTON",42001,"PROPOSITION NO. 1  CITY OF CLINTON",,4,4,1,"FOR THE PROPOSITION - YES",,21,11,386,418,,
5/9/2017,"CUSTER","CITY OF CLINTON",42001,"PROPOSITION NO. 1  CITY OF CLINTON",,4,4,2,"AGAINST THE PROPOSITION - NO",,3,0,53,56,,
5/9/2017,"CUSTER","CITY OF CLINTON",42002,"PROPOSITION NO. 2  CITY OF CLINTON",,4,4,1,"FOR THE PROPOSITION - YES",,20,10,385,415,,
5/9/2017,"CUSTER","CITY OF CLINTON",42002,"PROPOSITION NO. 2  CITY OF CLINTON",,4,4,2,"AGAINST THE PROPOSITION - NO",,4,0,50,54,,
5/9/2017,"GREER","KIOWA COUNTY (EMS)",60381,"PROPOSITION  KIOWA COUNTY (EMS)",,1,1,1,"FOR THE PROPOSITION - YES",,0,0,0,0,,
5/9/2017,"GREER","KIOWA COUNTY (EMS)",60381,"PROPOSITION  KIOWA COUNTY (EMS)",,1,1,2,"AGAINST THE PROPOSITION - NO",,0,0,0,0,,
5/9/2017,"KIOWA","TOWN OF ROOSEVELT",43801,"PROPOSITION  TOWN OF ROOSEVELT",,1,1,1,"FOR THE PROPOSITION - YES",,0,0,28,28,,
5/9/2017,"KIOWA","TOWN OF ROOSEVELT",43801,"PROPOSITION  TOWN OF ROOSEVELT",,1,1,2,"AGAINST THE PROPOSITION - NO",,0,0,1,1,,
5/9/2017,"KIOWA","KIOWA COUNTY (EMS)",60381,"PROPOSITION  KIOWA COUNTY (EMS)",,9,9,1,"FOR THE PROPOSITION - YES",,7,17,141,165,,
5/9/2017,"KIOWA","KIOWA COUNTY (EMS)",60381,"PROPOSITION  KIOWA COUNTY (EMS)",,9,9,2,"AGAINST THE PROPOSITION - NO",,0,0,24,24,,
5/9/2017,"LINCOLN","DAVENPORT PUBLIC SCHOOLS INDEPENDENT SCHOOL DISTRICT NO. 003",54101,"PROPOSITION  DAVENPORT PUBLIC SCHOOLS",,5,5,1,"FOR THE PROPOSITION - YES",,4,5,108,117,,
5/9/2017,"LINCOLN","DAVENPORT PUBLIC SCHOOLS INDEPENDENT SCHOOL DISTRICT NO. 003",54101,"PROPOSITION  DAVENPORT PUBLIC SCHOOLS",,5,5,2,"AGAINST THE PROPOSITION - NO",,2,1,26,29,,
5/9/2017,"OKLAHOMA","CROOKED OAK PUBLIC SCHOOLS INDEPENDENT SCHOOL DISTRICT NO. 053",55501,"PROPOSITION  CROOKED OAK PUBLIC SCHOOLS",,6,6,1,"FOR THE PROPOSITION - YES",,6,0,21,27,,
5/9/2017,"OKLAHOMA","CROOKED OAK PUBLIC SCHOOLS INDEPENDENT SCHOOL DISTRICT NO. 053",55501,"PROPOSITION  CROOKED OAK PUBLIC SCHOOLS",,6,6,2,"AGAINST THE PROPOSITION - NO",,3,0,2,5,,
5/9/2017,"PAWNEE","PAWNEE PUBLIC SCHOOLS INDEPENDENT SCHOOL DISTRICT NO. 001",55901,"PROPOSITION NO. 1  PAWNEE PUBLIC SCHOOLS",,3,3,1,"FOR THE PROPOSITION - YES",,0,35,179,214,,
5/9/2017,"PAWNEE","PAWNEE PUBLIC SCHOOLS INDEPENDENT SCHOOL DISTRICT NO. 001",55901,"PROPOSITION NO. 1  PAWNEE PUBLIC SCHOOLS",,3,3,2,"AGAINST THE PROPOSITION - NO",,2,1,15,18,,
5/9/2017,"PAWNEE","PAWNEE PUBLIC SCHOOLS INDEPENDENT SCHOOL DISTRICT NO. 001",55902,"PROPOSITION NO. 2  PAWNEE PUBLIC SCHOOLS",,3,3,1,"FOR THE PROPOSITION - YES",,0,35,182,217,,
5/9/2017,"PAWNEE","PAWNEE PUBLIC SCHOOLS INDEPENDENT SCHOOL DISTRICT NO. 001",55902,"PROPOSITION NO. 2  PAWNEE PUBLIC SCHOOLS",,3,3,2,"AGAINST THE PROPOSITION - NO",,2,1,15,18,,
5/9/2017,"POTTAWATOMIE","POTTAWATOMIE COUNTY",10001,"FOR STATE REPRESENTATIVE DISTRICT 28 (UNEXPIRED TERM)",,3,3,1,"ZACK TAYLOR",REP,21,0,246,267,,
5/9/2017,"POTTAWATOMIE","POTTAWATOMIE COUNTY",10001,"FOR STATE REPRESENTATIVE DISTRICT 28 (UNEXPIRED TERM)",,3,3,2,"CODY PRESLEY",LIB,3,0,6,9,,
5/9/2017,"POTTAWATOMIE","POTTAWATOMIE COUNTY",10001,"FOR STATE REPRESENTATIVE DISTRICT 28 (UNEXPIRED TERM)",,3,3,3,"STEVE BARNES",DEM,11,1,204,216,,
5/9/2017,"SEMINOLE","SEMINOLE COUNTY",10001,"FOR STATE REPRESENTATIVE DISTRICT 28 (UNEXPIRED TERM)",,14,14,1,"ZACK TAYLOR",REP,44,40,870,954,,
5/9/2017,"SEMINOLE","SEMINOLE COUNTY",10001,"FOR STATE REPRESENTATIVE DISTRICT 28 (UNEXPIRED TERM)",,14,14,2,"CODY PRESLEY",LIB,1,2,21,24,,
5/9/2017,"SEMINOLE","SEMINOLE COUNTY",10001,"FOR STATE REPRESENTATIVE DISTRICT 28 (UNEXPIRED TERM)",,14,14,3,"STEVE BARNES",DEM,17,76,856,949,,
5/9/2017,"STEPHENS","DUNCAN PUBLIC SCHOOLS INDEPENDENT SCHOOL DISTRICT NO. 001",56901,"PROPOSITION NO. 1  DUNCAN PUBLIC SCHOOLS",,15,15,1,"FOR THE PROPOSITION - YES",,18,34,1085,1137,,
5/9/2017,"STEPHENS","DUNCAN PUBLIC SCHOOLS INDEPENDENT SCHOOL DISTRICT NO. 001",56901,"PROPOSITION NO. 1  DUNCAN PUBLIC SCHOOLS",,15,15,2,"AGAINST THE PROPOSITION - NO",,16,34,581,631,,
5/9/2017,"STEPHENS","DUNCAN PUBLIC SCHOOLS INDEPENDENT SCHOOL DISTRICT NO. 001",56902,"PROPOSITION NO. 2  DUNCAN PUBLIC SCHOOLS",,15,15,1,"FOR THE PROPOSITION - YES",,17,37,1112,1166,,
5/9/2017,"STEPHENS","DUNCAN PUBLIC SCHOOLS INDEPENDENT SCHOOL DISTRICT NO. 001",56902,"PROPOSITION NO. 2  DUNCAN PUBLIC SCHOOLS",,15,15,2,"AGAINST THE PROPOSITION - NO",,17,33,556,606,,
5/9/2017,"TILLMAN","DAVIDSON PUBLIC SCHOOLS INDEPENDENT SCHOOL DISTRICT NO. 009",57101,"PROPOSITION  DAVIDSON PUBLIC SCHOOLS",,2,2,1,"FOR THE PROPOSITION - YES",,0,2,103,105,,
5/9/2017,"TILLMAN","DAVIDSON PUBLIC SCHOOLS INDEPENDENT SCHOOL DISTRICT NO. 009",57101,"PROPOSITION  DAVIDSON PUBLIC SCHOOLS",,2,2,2,"AGAINST THE PROPOSITION - NO",,0,2,11,13,,
5/9/2017,"TULSA","TULSA COUNTY",11001,"FOR STATE REPRESENTATIVE DISTRICT 75 (UNEXPIRED TERM)",REP,14,14,1,"SKIP STEELE",REP,5,0,49,54,,
5/9/2017,"TULSA","TULSA COUNTY",11001,"FOR STATE REPRESENTATIVE DISTRICT 75 (UNEXPIRED TERM)",REP,14,14,2,"TRESSA NUNLEY",REP,39,1,488,528,,
5/9/2017,"TULSA","TULSA COUNTY",11001,"FOR STATE REPRESENTATIVE DISTRICT 75 (UNEXPIRED TERM)",REP,14,14,3,"NIK BERG",REP,10,0,224,234,,
5/9/2017,"TULSA","TULSA COUNTY",11001,"FOR STATE REPRESENTATIVE DISTRICT 75 (UNEXPIRED TERM)",REP,14,14,4,"AJ OATSVALL",REP,0,0,8,8,,
5/9/2017,"TULSA","TULSA COUNTY",13001,"FOR STATE REPRESENTATIVE DISTRICT 75 (UNEXPIRED TERM)",DEM,14,14,1,"JAMIE SMITH",DEM,5,1,155,161,,
5/9/2017,"TULSA","TULSA COUNTY",13001,"FOR STATE REPRESENTATIVE DISTRICT 75 (UNEXPIRED TERM)",DEM,14,14,2,"KAREN GADDIS",DEM,29,1,259,289,,
5/9/2017,"WASHITA","CITY OF CLINTON",42001,"PROPOSITION NO. 1  CITY OF CLINTON",,1,1,1,"FOR THE PROPOSITION - YES",,0,0,0,0,,
5/9/2017,"WASHITA","CITY OF CLINTON",42001,"PROPOSITION NO. 1  CITY OF CLINTON",,1,1,2,"AGAINST THE PROPOSITION - NO",,0,0,0,0,,
5/9/2017,"WASHITA","CITY OF CLINTON",42002,"PROPOSITION NO. 2  CITY OF CLINTON",,1,1,1,"FOR THE PROPOSITION - YES",,0,0,0,0,,
5/9/2017,"WASHITA","CITY OF CLINTON",42002,"PROPOSITION NO. 2  CITY OF CLINTON",,1,1,2,"AGAINST THE PROPOSITION - NO",,0,0,0,0,,
