elec_date,county,entity_description,race_number,race_description,race_party,tot_race_prec,race_prec_reporting,cand_number,cand_name,cand_party,cand_absmail_votes,cand_early_votes,cand_elecday_votes,cand_tot_votes,race_county_owner
6/11/2013,"ADAIR","STILWELL PUBLIC SCHOOLS",50101,"PROPOSITION NO. 1  STILWELL PUBLIC SCHOOLS",,10,10,1,"FOR THE PROPOSITION - YES",,0,18,162,180,,
6/11/2013,"ADAIR","STILWELL PUBLIC SCHOOLS",50101,"PROPOSITION NO. 1  STILWELL PUBLIC SCHOOLS",,10,10,2,"AGAINST THE PROPOSITION - NO",,2,14,225,241,,
6/11/2013,"ADAIR","STILWELL PUBLIC SCHOOLS",50102,"PROPOSITION NO. 2  STILWELL PUBLIC SCHOOLS",,10,10,1,"FOR THE PROPOSITION - YES",,0,20,160,180,,
6/11/2013,"ADAIR","STILWELL PUBLIC SCHOOLS",50102,"PROPOSITION NO. 2  STILWELL PUBLIC SCHOOLS",,10,10,2,"AGAINST THE PROPOSITION - NO",,2,12,232,246,,
6/11/2013,"BLAINE","BLAINE COUNTY EMS",6061,"PROPOSITION  BLAINE COUNTY EMS",,5,5,1,"FOR THE PROPOSITION - YES",,8,0,0,8,,
6/11/2013,"BLAINE","BLAINE COUNTY EMS",6061,"PROPOSITION  BLAINE COUNTY EMS",,5,5,2,"AGAINST THE PROPOSITION - NO",,0,0,0,0,,
6/11/2013,"CANADIAN","TOWN OF CALUMET",40901,"PROPOSITION  TOWN OF CALUMET",,1,1,1,"FOR THE PROPOSITION - YES",,0,0,17,17,,
6/11/2013,"CANADIAN","TOWN OF CALUMET",40901,"PROPOSITION  TOWN OF CALUMET",,1,1,2,"AGAINST THE PROPOSITION - NO",,0,0,0,0,,
6/11/2013,"CANADIAN","TOWN OF OKARCHE",40902,"PROPOSITION  TOWN OF OKARCHE",,1,1,1,"FOR THE PROPOSITION - YES",,0,0,11,11,,
6/11/2013,"CANADIAN","TOWN OF OKARCHE",40902,"PROPOSITION  TOWN OF OKARCHE",,1,1,2,"AGAINST THE PROPOSITION - NO",,0,0,0,0,,
6/11/2013,"DEWEY","SHARON-MUTUAL PUBLIC SCHOOLS",57701,"PROPOSITION  SHARON-MUTUAL PUBLIC SCHOOLS",,1,1,1,"FOR THE PROPOSITION - YES",,0,0,0,0,,
6/11/2013,"DEWEY","SHARON-MUTUAL PUBLIC SCHOOLS",57701,"PROPOSITION  SHARON-MUTUAL PUBLIC SCHOOLS",,1,1,2,"AGAINST THE PROPOSITION - NO",,0,0,0,0,,
6/11/2013,"GARFIELD","MULHALL-ORLANDO PUBLIC SCHOOLS",54201,"PROPOSITION NO. 1  MULHALL-ORLANDO PUBLIC SCHOOLS",,1,1,1,"FOR THE PROPOSITION - YES",,0,0,0,0,,
6/11/2013,"GARFIELD","MULHALL-ORLANDO PUBLIC SCHOOLS",54201,"PROPOSITION NO. 1  MULHALL-ORLANDO PUBLIC SCHOOLS",,1,1,2,"AGAINST THE PROPOSITION - NO",,0,0,0,0,,
6/11/2013,"GARFIELD","MULHALL-ORLANDO PUBLIC SCHOOLS",54202,"PROPOSITION NO. 2  MULHALL-ORLANDO PUBLIC SCHOOLS",,1,1,1,"FOR THE PROPOSITION - YES",,0,0,0,0,,
6/11/2013,"GARFIELD","MULHALL-ORLANDO PUBLIC SCHOOLS",54202,"PROPOSITION NO. 2  MULHALL-ORLANDO PUBLIC SCHOOLS",,1,1,2,"AGAINST THE PROPOSITION - NO",,0,0,0,0,,
6/11/2013,"KINGFISHER","TOWN OF OKARCHE",40902,"PROPOSITION  TOWN OF OKARCHE",,2,2,1,"FOR THE PROPOSITION - YES",,2,3,33,38,,
6/11/2013,"KINGFISHER","TOWN OF OKARCHE",40902,"PROPOSITION  TOWN OF OKARCHE",,2,2,2,"AGAINST THE PROPOSITION - NO",,1,0,0,1,,
6/11/2013,"LEFLORE","TOWN OF HOWE",44001,"FOR BOARD OF TRUSTEES  TOWN OF HOWE",,2,2,1,"CURTIS BURNETT",,0,0,11,11,,
6/11/2013,"LEFLORE","TOWN OF HOWE",44001,"FOR BOARD OF TRUSTEES  TOWN OF HOWE",,2,2,2,"DANIELLE PORTER",,0,0,14,14,,
6/11/2013,"LEFLORE","TOWN OF HOWE",44001,"FOR BOARD OF TRUSTEES  TOWN OF HOWE",,2,2,3,"MICHAEL L. BRUMFIELD",,0,1,30,31,,
6/11/2013,"LEFLORE","TOWN OF HOWE",44002,"FOR BOARD OF TRUSTEES (UNEXPIRED TERM)  TOWN OF HOWE",,2,2,1,"AMBER CRABTREE",,0,1,39,40,,
6/11/2013,"LEFLORE","TOWN OF HOWE",44002,"FOR BOARD OF TRUSTEES (UNEXPIRED TERM)  TOWN OF HOWE",,2,2,2,"KIMBERLY J. PERRY",,0,0,16,16,,
6/11/2013,"LOGAN","MULHALL-ORLANDO PUBLIC SCHOOLS",54201,"PROPOSITION NO. 1  MULHALL-ORLANDO PUBLIC SCHOOLS",,2,2,1,"FOR THE PROPOSITION - YES",,4,0,68,72,,
6/11/2013,"LOGAN","MULHALL-ORLANDO PUBLIC SCHOOLS",54201,"PROPOSITION NO. 1  MULHALL-ORLANDO PUBLIC SCHOOLS",,2,2,2,"AGAINST THE PROPOSITION - NO",,0,0,6,6,,
6/11/2013,"LOGAN","MULHALL-ORLANDO PUBLIC SCHOOLS",54202,"PROPOSITION NO. 2  MULHALL-ORLANDO PUBLIC SCHOOLS",,2,2,1,"FOR THE PROPOSITION - YES",,4,0,71,75,,
6/11/2013,"LOGAN","MULHALL-ORLANDO PUBLIC SCHOOLS",54202,"PROPOSITION NO. 2  MULHALL-ORLANDO PUBLIC SCHOOLS",,2,2,2,"AGAINST THE PROPOSITION - NO",,0,0,5,5,,
6/11/2013,"NOBLE","MULHALL-ORLANDO PUBLIC SCHOOLS",54201,"PROPOSITION NO. 1  MULHALL-ORLANDO PUBLIC SCHOOLS",,2,2,1,"FOR THE PROPOSITION - YES",,0,3,6,9,,
6/11/2013,"NOBLE","MULHALL-ORLANDO PUBLIC SCHOOLS",54201,"PROPOSITION NO. 1  MULHALL-ORLANDO PUBLIC SCHOOLS",,2,2,2,"AGAINST THE PROPOSITION - NO",,0,0,0,0,,
6/11/2013,"NOBLE","MULHALL-ORLANDO PUBLIC SCHOOLS",54202,"PROPOSITION NO. 2  MULHALL-ORLANDO PUBLIC SCHOOLS",,2,2,1,"FOR THE PROPOSITION - YES",,0,3,6,9,,
6/11/2013,"NOBLE","MULHALL-ORLANDO PUBLIC SCHOOLS",54202,"PROPOSITION NO. 2  MULHALL-ORLANDO PUBLIC SCHOOLS",,2,2,2,"AGAINST THE PROPOSITION - NO",,0,0,0,0,,
6/11/2013,"OSAGE","CITY OF TULSA",47201,"FOR MAYOR  CITY OF TULSA",,5,5,1,"KATHY TAYLOR",,54,3,806,863,,
6/11/2013,"OSAGE","CITY OF TULSA",47201,"FOR MAYOR  CITY OF TULSA",,5,5,2,"DEWEY FOLLETT BARTLETT, JR.",,18,0,121,139,,
6/11/2013,"OSAGE","CITY OF TULSA",47201,"FOR MAYOR  CITY OF TULSA",,5,5,3,"WILLIAM LEE CHRISTIANSEN",,9,0,81,90,,
6/11/2013,"OSAGE","CITY OF TULSA",47201,"FOR MAYOR  CITY OF TULSA",,5,5,4,"LAWRENCE F KIRKPATRICK",,0,0,4,4,,
6/11/2013,"OSAGE","CITY OF TULSA",47201,"FOR MAYOR  CITY OF TULSA",,5,5,5,"JERRY DeWAYNE BRANCH",,0,0,0,0,,
6/11/2013,"OSAGE","CITY OF TULSA",47205,"FOR AUDITOR  CITY OF TULSA",,5,5,1,"CLIFT RICHARDS",,15,1,204,220,,
6/11/2013,"OSAGE","CITY OF TULSA",47205,"FOR AUDITOR  CITY OF TULSA",,5,5,2,"CATHY ANN CRISWELL",,48,1,581,630,,
6/11/2013,"OSAGE","CITY OF TULSA",47205,"FOR AUDITOR  CITY OF TULSA",,5,5,3,"JOSHUA STEVEN LEWIS",,11,0,148,159,,
6/11/2013,"PAYNE","MULHALL-ORLANDO PUBLIC SCHOOLS",54201,"PROPOSITION NO. 1  MULHALL-ORLANDO PUBLIC SCHOOLS",,1,1,1,"FOR THE PROPOSITION - YES",,0,0,7,7,,
6/11/2013,"PAYNE","MULHALL-ORLANDO PUBLIC SCHOOLS",54201,"PROPOSITION NO. 1  MULHALL-ORLANDO PUBLIC SCHOOLS",,1,1,2,"AGAINST THE PROPOSITION - NO",,0,0,2,2,,
6/11/2013,"PAYNE","MULHALL-ORLANDO PUBLIC SCHOOLS",54202,"PROPOSITION NO. 2  MULHALL-ORLANDO PUBLIC SCHOOLS",,1,1,1,"FOR THE PROPOSITION - YES",,0,0,7,7,,
6/11/2013,"PAYNE","MULHALL-ORLANDO PUBLIC SCHOOLS",54202,"PROPOSITION NO. 2  MULHALL-ORLANDO PUBLIC SCHOOLS",,1,1,2,"AGAINST THE PROPOSITION - NO",,0,0,2,2,,
6/11/2013,"ROGERS","CITY OF TULSA",47201,"FOR MAYOR  CITY OF TULSA",,3,3,1,"KATHY TAYLOR",,0,0,0,0,,
6/11/2013,"ROGERS","CITY OF TULSA",47201,"FOR MAYOR  CITY OF TULSA",,3,3,2,"DEWEY FOLLETT BARTLETT, JR.",,0,0,0,0,,
6/11/2013,"ROGERS","CITY OF TULSA",47201,"FOR MAYOR  CITY OF TULSA",,3,3,3,"WILLIAM LEE CHRISTIANSEN",,0,0,0,0,,
6/11/2013,"ROGERS","CITY OF TULSA",47201,"FOR MAYOR  CITY OF TULSA",,3,3,4,"LAWRENCE F KIRKPATRICK",,0,0,0,0,,
6/11/2013,"ROGERS","CITY OF TULSA",47201,"FOR MAYOR  CITY OF TULSA",,3,3,5,"JERRY DeWAYNE BRANCH",,0,0,0,0,,
6/11/2013,"ROGERS","CITY OF TULSA",47205,"FOR AUDITOR  CITY OF TULSA",,3,3,1,"CLIFT RICHARDS",,0,0,0,0,,
6/11/2013,"ROGERS","CITY OF TULSA",47205,"FOR AUDITOR  CITY OF TULSA",,3,3,2,"CATHY ANN CRISWELL",,0,0,0,0,,
6/11/2013,"ROGERS","CITY OF TULSA",47205,"FOR AUDITOR  CITY OF TULSA",,3,3,3,"JOSHUA STEVEN LEWIS",,0,0,0,0,,
6/11/2013,"SEQUOYAH","CITY OF SALLISAW",46801,"PROPOSITION  CITY OF SALLISAW",,6,6,1,"FOR THE PROPOSITION - YES",,3,23,340,366,,
6/11/2013,"SEQUOYAH","CITY OF SALLISAW",46801,"PROPOSITION  CITY OF SALLISAW",,6,6,2,"AGAINST THE PROPOSITION - NO",,0,24,186,210,,
6/11/2013,"TULSA","TULSA COUNTY",22721,"FOR COUNTY COMMISSIONER DISTRICT NO. 3 (UNEXPIRED TERM)",REP,95,95,1,"BRANDON PERKINS",REP,254,101,5385,5740,,
6/11/2013,"TULSA","TULSA COUNTY",22721,"FOR COUNTY COMMISSIONER DISTRICT NO. 3 (UNEXPIRED TERM)",REP,95,95,2,"RON PETERS",REP,360,125,5688,6173,,
6/11/2013,"TULSA","TULSA COUNTY",22721,"FOR COUNTY COMMISSIONER DISTRICT NO. 3 (UNEXPIRED TERM)",REP,95,95,3,"DON CRALL",REP,111,39,2049,2199,,
6/11/2013,"TULSA","TULSA COUNTY",22721,"FOR COUNTY COMMISSIONER DISTRICT NO. 3 (UNEXPIRED TERM)",REP,95,95,4,"JOHN A. WRIGHT",REP,141,61,3522,3724,,
6/11/2013,"TULSA","CITY OF TULSA",47201,"FOR MAYOR  CITY OF TULSA",,185,185,1,"KATHY TAYLOR",,1498,819,21349,23666,,
6/11/2013,"TULSA","CITY OF TULSA",47201,"FOR MAYOR  CITY OF TULSA",,185,185,2,"DEWEY FOLLETT BARTLETT, JR.",,927,414,18469,19810,,
6/11/2013,"TULSA","CITY OF TULSA",47201,"FOR MAYOR  CITY OF TULSA",,185,185,3,"WILLIAM LEE CHRISTIANSEN",,457,306,12629,13392,,
6/11/2013,"TULSA","CITY OF TULSA",47201,"FOR MAYOR  CITY OF TULSA",,185,185,4,"LAWRENCE F KIRKPATRICK",,9,2,189,200,,
6/11/2013,"TULSA","CITY OF TULSA",47201,"FOR MAYOR  CITY OF TULSA",,185,185,5,"JERRY DeWAYNE BRANCH",,6,4,126,136,,
6/11/2013,"TULSA","CITY OF TULSA",47205,"FOR AUDITOR  CITY OF TULSA",,185,185,1,"CLIFT RICHARDS",,728,344,12841,13913,,
6/11/2013,"TULSA","CITY OF TULSA",47205,"FOR AUDITOR  CITY OF TULSA",,185,185,2,"CATHY ANN CRISWELL",,1184,662,21484,23330,,
6/11/2013,"TULSA","CITY OF TULSA",47205,"FOR AUDITOR  CITY OF TULSA",,185,185,3,"JOSHUA STEVEN LEWIS",,470,334,11430,12234,,
6/11/2013,"WAGONER","CITY OF TULSA",47201,"FOR MAYOR  CITY OF TULSA",,2,2,1,"KATHY TAYLOR",,0,0,0,0,,
6/11/2013,"WAGONER","CITY OF TULSA",47201,"FOR MAYOR  CITY OF TULSA",,2,2,2,"DEWEY FOLLETT BARTLETT, JR.",,0,0,0,0,,
6/11/2013,"WAGONER","CITY OF TULSA",47201,"FOR MAYOR  CITY OF TULSA",,2,2,3,"WILLIAM LEE CHRISTIANSEN",,0,0,6,6,,
6/11/2013,"WAGONER","CITY OF TULSA",47201,"FOR MAYOR  CITY OF TULSA",,2,2,4,"LAWRENCE F KIRKPATRICK",,0,0,0,0,,
6/11/2013,"WAGONER","CITY OF TULSA",47201,"FOR MAYOR  CITY OF TULSA",,2,2,5,"JERRY DeWAYNE BRANCH",,0,0,0,0,,
6/11/2013,"WAGONER","CITY OF TULSA",47205,"FOR AUDITOR  CITY OF TULSA",,2,2,1,"CLIFT RICHARDS",,0,0,2,2,,
6/11/2013,"WAGONER","CITY OF TULSA",47205,"FOR AUDITOR  CITY OF TULSA",,2,2,2,"CATHY ANN CRISWELL",,0,0,1,1,,
6/11/2013,"WAGONER","CITY OF TULSA",47205,"FOR AUDITOR  CITY OF TULSA",,2,2,3,"JOSHUA STEVEN LEWIS",,0,0,3,3,,
6/11/2013,"WASHINGTON","CITY OF BARTLESVILLE",47401,"PROPOSITION  CITY OF BARTLESVILLE",,14,14,1,"FOR THE PROPOSITION - YES",,42,96,1488,1626,,
6/11/2013,"WASHINGTON","CITY OF BARTLESVILLE",47401,"PROPOSITION  CITY OF BARTLESVILLE",,14,14,2,"AGAINST THE PROPOSITION - NO",,22,27,454,503,,
6/11/2013,"WOODS","CITY OF ALVA",47601,"PROPOSITION  CITY OF ALVA",,3,3,1,"FOR THE PROPOSITION - YES",,14,31,259,304,,
6/11/2013,"WOODS","CITY OF ALVA",47601,"PROPOSITION  CITY OF ALVA",,3,3,2,"AGAINST THE PROPOSITION - NO",,12,41,245,298,,
6/11/2013,"WOODWARD","SHARON-MUTUAL PUBLIC SCHOOLS",57701,"PROPOSITION  SHARON-MUTUAL PUBLIC SCHOOLS",,5,5,1,"FOR THE PROPOSITION - YES",,90,10,62,162,,
6/11/2013,"WOODWARD","SHARON-MUTUAL PUBLIC SCHOOLS",57701,"PROPOSITION  SHARON-MUTUAL PUBLIC SCHOOLS",,5,5,2,"AGAINST THE PROPOSITION - NO",,37,4,43,84,,
