elec_date,county,entity_description,race_number,race_description,race_party,tot_race_prec,race_prec_reporting,cand_number,cand_name,cand_party,cand_absmail_votes,cand_early_votes,cand_elecday_votes,cand_tot_votes,race_county_owner
1/14/2014,"CHOCTAW","CHOCTAW COUNTY",30001,"PROPOSITION",,17,17,1,"FOR THE PROPOSITION - YES",,12,135,549,696,,
1/14/2014,"CHOCTAW","CHOCTAW COUNTY",30001,"PROPOSITION",,17,17,2,"AGAINST THE PROPOSITION - NO",,5,32,480,517,,
1/14/2014,"CHOCTAW","GRANT PUBLIC SCHOOL",51201,"PROPOSITION NO. 1  GRANT PUBLIC SCHOOL",,5,5,1,"FOR THE PROPOSITION - YES",,0,5,38,43,,
1/14/2014,"CHOCTAW","GRANT PUBLIC SCHOOL",51201,"PROPOSITION NO. 1  GRANT PUBLIC SCHOOL",,5,5,2,"AGAINST THE PROPOSITION - NO",,0,5,58,63,,
1/14/2014,"CHOCTAW","GRANT PUBLIC SCHOOL",51202,"PROPOSITION NO. 2  GRANT PUBLIC SCHOOL",,5,5,1,"FOR THE PROPOSITION - YES",,0,5,37,42,,
1/14/2014,"CHOCTAW","GRANT PUBLIC SCHOOL",51202,"PROPOSITION NO. 2  GRANT PUBLIC SCHOOL",,5,5,2,"AGAINST THE PROPOSITION - NO",,0,5,57,62,,
1/14/2014,"ELLIS","FORT SUPPLY PUBLIC SCHOOLS",57701,"PROPOSITION  FORT SUPPLY PUBLIC SCHOOLS",,3,3,1,"FOR THE PROPOSITION - YES",,0,0,7,7,,
1/14/2014,"ELLIS","FORT SUPPLY PUBLIC SCHOOLS",57701,"PROPOSITION  FORT SUPPLY PUBLIC SCHOOLS",,3,3,2,"AGAINST THE PROPOSITION - NO",,0,0,0,0,,
1/14/2014,"GARFIELD","POND CREEK-HUNTER SCHOOLS",52701,"PROPOSITION  POND CREEK-HUNTER SCHOOLS",,2,2,1,"FOR THE PROPOSITION - YES",,1,0,14,15,,
1/14/2014,"GARFIELD","POND CREEK-HUNTER SCHOOLS",52701,"PROPOSITION  POND CREEK-HUNTER SCHOOLS",,2,2,2,"AGAINST THE PROPOSITION - NO",,6,0,4,10,,
1/14/2014,"GRANT","POND CREEK-HUNTER SCHOOLS",52701,"PROPOSITION  POND CREEK-HUNTER SCHOOLS",,4,4,1,"FOR THE PROPOSITION - YES",,1,5,254,260,,
1/14/2014,"GRANT","POND CREEK-HUNTER SCHOOLS",52701,"PROPOSITION  POND CREEK-HUNTER SCHOOLS",,4,4,2,"AGAINST THE PROPOSITION - NO",,9,6,63,78,,
1/14/2014,"GREER","DUKE PUBLIC SCHOOLS",53301,"PROPOSITION NO. 1  DUKE PUBLIC SCHOOLS",,1,1,1,"FOR THE PROPOSITION - YES",,0,2,0,2,,
1/14/2014,"GREER","DUKE PUBLIC SCHOOLS",53301,"PROPOSITION NO. 1  DUKE PUBLIC SCHOOLS",,1,1,2,"AGAINST THE PROPOSITION - NO",,0,2,0,2,,
1/14/2014,"GREER","DUKE PUBLIC SCHOOLS",53302,"PROPOSITION NO. 2  DUKE PUBLIC SCHOOLS",,1,1,1,"FOR THE PROPOSITION - YES",,0,2,0,2,,
1/14/2014,"GREER","DUKE PUBLIC SCHOOLS",53302,"PROPOSITION NO. 2  DUKE PUBLIC SCHOOLS",,1,1,2,"AGAINST THE PROPOSITION - NO",,0,2,0,2,,
1/14/2014,"HARPER","FORT SUPPLY PUBLIC SCHOOLS",57701,"PROPOSITION  FORT SUPPLY PUBLIC SCHOOLS",,4,4,1,"FOR THE PROPOSITION - YES",,0,0,31,31,,
1/14/2014,"HARPER","FORT SUPPLY PUBLIC SCHOOLS",57701,"PROPOSITION  FORT SUPPLY PUBLIC SCHOOLS",,4,4,2,"AGAINST THE PROPOSITION - NO",,0,0,1,1,,
1/14/2014,"JACKSON","JACKSON COUNTY",21331,"FOR COUNTY COMMISSIONER DISTRICT NO. 2 (UNEXPIRED TERM)",DEM,5,5,1,"ROBERT G. BOB TUCKER",DEM,1,9,107,117,,
1/14/2014,"JACKSON","JACKSON COUNTY",21331,"FOR COUNTY COMMISSIONER DISTRICT NO. 2 (UNEXPIRED TERM)",DEM,5,5,2,"BRENT SOUTHALL",DEM,1,12,89,102,,
1/14/2014,"JACKSON","JACKSON COUNTY",22331,"FOR COUNTY COMMISSIONER DISTRICT NO. 2 (UNEXPIRED TERM)",REP,5,5,1,"WAYNE CAIN",REP,0,9,53,62,,
1/14/2014,"JACKSON","JACKSON COUNTY",22331,"FOR COUNTY COMMISSIONER DISTRICT NO. 2 (UNEXPIRED TERM)",REP,5,5,2,"KIRK BUTLER",REP,2,4,90,96,,
1/14/2014,"JACKSON","JACKSON COUNTY",22331,"FOR COUNTY COMMISSIONER DISTRICT NO. 2 (UNEXPIRED TERM)",REP,5,5,3,"LACY SCOTT",REP,0,4,32,36,,
1/14/2014,"JACKSON","DUKE PUBLIC SCHOOLS",53301,"PROPOSITION NO. 1  DUKE PUBLIC SCHOOLS",,2,2,1,"FOR THE PROPOSITION - YES",,1,4,118,123,,
1/14/2014,"JACKSON","DUKE PUBLIC SCHOOLS",53301,"PROPOSITION NO. 1  DUKE PUBLIC SCHOOLS",,2,2,2,"AGAINST THE PROPOSITION - NO",,2,5,91,98,,
1/14/2014,"JACKSON","DUKE PUBLIC SCHOOLS",53302,"PROPOSITION NO. 2  DUKE PUBLIC SCHOOLS",,2,2,1,"FOR THE PROPOSITION - YES",,1,4,143,148,,
1/14/2014,"JACKSON","DUKE PUBLIC SCHOOLS",53302,"PROPOSITION NO. 2  DUKE PUBLIC SCHOOLS",,2,2,2,"AGAINST THE PROPOSITION - NO",,2,5,65,72,,
1/14/2014,"KAY","KAY COUNTY",22361,"FOR COUNTY COMMISSIONER DISTRICT NO. 2 (UNEXPIRED TERM)",REP,8,8,1,"JIM THOMAS",REP,1,17,199,217,,
1/14/2014,"KAY","KAY COUNTY",22361,"FOR COUNTY COMMISSIONER DISTRICT NO. 2 (UNEXPIRED TERM)",REP,8,8,2,"JASON SHANKS",REP,2,42,216,260,,
1/14/2014,"KINGFISHER","TOWN OF HENNESSEY",43701,"PROPOSITION  TOWN OF HENNESSEY",,1,1,1,"FOR THE PROPOSITION - YES",,0,0,69,69,,
1/14/2014,"KINGFISHER","TOWN OF HENNESSEY",43701,"PROPOSITION  TOWN OF HENNESSEY",,1,1,2,"AGAINST THE PROPOSITION - NO",,0,0,5,5,,
1/14/2014,"LEFLORE","TOWN OF SHADY POINT",44001,"FOR BOARD OF TRUSTEES (UNEXPIRED TERM)  TOWN OF SHADY POINT",,1,1,1,"BECKY SMITH",,0,0,23,23,,
1/14/2014,"LEFLORE","TOWN OF SHADY POINT",44001,"FOR BOARD OF TRUSTEES (UNEXPIRED TERM)  TOWN OF SHADY POINT",,1,1,2,"LEROY SMITH",,0,0,19,19,,
1/14/2014,"LEFLORE","TOWN OF SHADY POINT",44001,"FOR BOARD OF TRUSTEES (UNEXPIRED TERM)  TOWN OF SHADY POINT",,1,1,3,"DERRALL BUD KILLION",,1,0,19,20,,
1/14/2014,"LEFLORE","TOWN OF SHADY POINT",44001,"FOR BOARD OF TRUSTEES (UNEXPIRED TERM)  TOWN OF SHADY POINT",,1,1,4,"HENRY  WELLS",,0,0,2,2,,
1/14/2014,"MCCURTAIN","MCCURTAIN COUNTY",30003,"PROPOSITION",,30,30,1,"FOR THE PROPOSITION - YES",,17,94,2366,2477,,
1/14/2014,"MCCURTAIN","MCCURTAIN COUNTY",30003,"PROPOSITION",,30,30,2,"AGAINST THE PROPOSITION - NO",,8,20,629,657,,
1/14/2014,"MAJOR","MAJOR COUNTY",30004,"PROPOSITION",,8,8,1,"FOR THE PROPOSITION - YES",,46,68,414,528,,
1/14/2014,"MAJOR","MAJOR COUNTY",30004,"PROPOSITION",,8,8,2,"AGAINST THE PROPOSITION - NO",,9,18,161,188,,
1/14/2014,"MUSKOGEE","CITY OF MUSKOGEE",45102,"FOR CITY COUNCIL WARD 1  CITY OF MUSKOGEE",,3,3,1,"DAVID PAUL JONES",,0,25,290,315,,
1/14/2014,"MUSKOGEE","CITY OF MUSKOGEE",45102,"FOR CITY COUNCIL WARD 1  CITY OF MUSKOGEE",,3,3,2,"JOHN MARK LOWRIMORE",,0,6,38,44,,
1/14/2014,"MUSKOGEE","CITY OF MUSKOGEE",45103,"FOR CITY COUNCIL WARD 2  CITY OF MUSKOGEE",,4,4,1,"MICHELLE JEAN GREEN",,1,4,86,91,,
1/14/2014,"MUSKOGEE","CITY OF MUSKOGEE",45103,"FOR CITY COUNCIL WARD 2  CITY OF MUSKOGEE",,4,4,2,"JAMES ROBERT GULLEY",,2,13,140,155,,
1/14/2014,"MUSKOGEE","CITY OF MUSKOGEE",45104,"FOR CITY COUNCIL WARD 3  CITY OF MUSKOGEE",,5,5,1,"RANDALL RANDY KEITH HOWARD",,1,5,98,104,,
1/14/2014,"MUSKOGEE","CITY OF MUSKOGEE",45104,"FOR CITY COUNCIL WARD 3  CITY OF MUSKOGEE",,5,5,2,"IVORY LEWIS VANN",,0,9,176,185,,
1/14/2014,"MUSKOGEE","CITY OF MUSKOGEE",45105,"FOR CITY COUNCIL WARD 4  CITY OF MUSKOGEE",,4,4,1,"MARLON JOSEPH COLEMAN",,4,28,336,368,,
1/14/2014,"MUSKOGEE","CITY OF MUSKOGEE",45105,"FOR CITY COUNCIL WARD 4  CITY OF MUSKOGEE",,4,4,2,"ARNOLD DEAN SWAN",,2,4,26,32,,
1/14/2014,"MUSKOGEE","CITY OF MUSKOGEE",45105,"FOR CITY COUNCIL WARD 4  CITY OF MUSKOGEE",,4,4,3,"CLARESSA DIONNE VEALY-DYER",,2,0,21,23,,
1/14/2014,"OKLAHOMA","TOWN OF LUTHER",45501,"FOR BOARD OF TRUSTEES (UNEXPIRED TERM)  TOWN OF LUTHER",,1,1,1,"ALLEN PARRISH",,0,0,31,31,,
1/14/2014,"OKLAHOMA","TOWN OF LUTHER",45501,"FOR BOARD OF TRUSTEES (UNEXPIRED TERM)  TOWN OF LUTHER",,1,1,2,"LEA ANN JACKSON",,0,0,43,43,,
1/14/2014,"OKLAHOMA","TOWN OF LUTHER",45501,"FOR BOARD OF TRUSTEES (UNEXPIRED TERM)  TOWN OF LUTHER",,1,1,3,"RONALD JOHNSON",,4,0,7,11,,
1/14/2014,"OKLAHOMA","TOWN OF LUTHER",45501,"FOR BOARD OF TRUSTEES (UNEXPIRED TERM)  TOWN OF LUTHER",,1,1,4,"GERALD McCAULEY",,0,0,4,4,,
1/14/2014,"ROGERS","VERDIGRIS PUBLIC SCHOOLS",56601,"PROPOSITION NO. 1  VERDIGRIS PUBLIC SCHOOLS",,3,3,1,"FOR THE PROPOSITION - YES",,3,2,412,417,,
1/14/2014,"ROGERS","VERDIGRIS PUBLIC SCHOOLS",56601,"PROPOSITION NO. 1  VERDIGRIS PUBLIC SCHOOLS",,3,3,2,"AGAINST THE PROPOSITION - NO",,3,1,45,49,,
1/14/2014,"ROGERS","VERDIGRIS PUBLIC SCHOOLS",56602,"PROPOSITION NO. 2  VERDIGRIS PUBLIC SCHOOLS",,3,3,1,"FOR THE PROPOSITION - YES",,3,2,418,423,,
1/14/2014,"ROGERS","VERDIGRIS PUBLIC SCHOOLS",56602,"PROPOSITION NO. 2  VERDIGRIS PUBLIC SCHOOLS",,3,3,2,"AGAINST THE PROPOSITION - NO",,4,1,43,48,,
1/14/2014,"SEMINOLE","CITY OF KONAWA",46701,"FOR WARD 3  CITY OF KONAWA",,1,1,1,"FRANK SHIRLEY",,0,0,56,56,,
1/14/2014,"SEMINOLE","CITY OF KONAWA",46701,"FOR WARD 3  CITY OF KONAWA",,1,1,2,"LATRELLE DAVIS",,0,0,21,21,,
1/14/2014,"SEMINOLE","CITY OF KONAWA",46702,"FOR WARD 4  CITY OF KONAWA",,1,1,1,"JAMES M. BLACKWOOD",,0,0,46,46,,
1/14/2014,"SEMINOLE","CITY OF KONAWA",46702,"FOR WARD 4  CITY OF KONAWA",,1,1,2,"MICHAEL O. TENNEY",,0,0,32,32,,
1/14/2014,"SEMINOLE","CITY OF KONAWA",46703,"PROPOSITION  CITY OF KONAWA",,1,1,1,"FOR THE PROPOSITION - YES",,0,0,40,40,,
1/14/2014,"SEMINOLE","CITY OF KONAWA",46703,"PROPOSITION  CITY OF KONAWA",,1,1,2,"AGAINST THE PROPOSITION - NO",,0,0,32,32,,
1/14/2014,"SEMINOLE","CITY OF WEWOKA",46706,"PROPOSITION NO. 1  CITY OF WEWOKA",,1,1,1,"FOR THE PROPOSITION - YES",,0,12,161,173,,
1/14/2014,"SEMINOLE","CITY OF WEWOKA",46706,"PROPOSITION NO. 1  CITY OF WEWOKA",,1,1,2,"AGAINST THE PROPOSITION - NO",,0,1,10,11,,
1/14/2014,"SEMINOLE","CITY OF WEWOKA",46707,"PROPOSITION NO. 2  CITY OF WEWOKA",,1,1,1,"FOR THE PROPOSITION - YES",,0,13,142,155,,
1/14/2014,"SEMINOLE","CITY OF WEWOKA",46707,"PROPOSITION NO. 2  CITY OF WEWOKA",,1,1,2,"AGAINST THE PROPOSITION - NO",,0,1,29,30,,
1/14/2014,"SEMINOLE","CITY OF WEWOKA",46708,"PROPOSITION NO. 3  CITY OF WEWOKA",,1,1,1,"FOR THE PROPOSITION - YES",,0,14,147,161,,
1/14/2014,"SEMINOLE","CITY OF WEWOKA",46708,"PROPOSITION NO. 3  CITY OF WEWOKA",,1,1,2,"AGAINST THE PROPOSITION - NO",,0,0,24,24,,
1/14/2014,"WOODS","CITY OF WAYNOKA",47601,"PROPOSITION  CITY OF WAYNOKA",,1,1,1,"FOR THE PROPOSITION - YES",,1,1,26,28,,
1/14/2014,"WOODS","CITY OF WAYNOKA",47601,"PROPOSITION  CITY OF WAYNOKA",,1,1,2,"AGAINST THE PROPOSITION - NO",,0,0,7,7,,
1/14/2014,"WOODWARD","FORT SUPPLY PUBLIC SCHOOLS",57701,"PROPOSITION  FORT SUPPLY PUBLIC SCHOOLS",,3,3,1,"FOR THE PROPOSITION - YES",,2,0,73,75,,
1/14/2014,"WOODWARD","FORT SUPPLY PUBLIC SCHOOLS",57701,"PROPOSITION  FORT SUPPLY PUBLIC SCHOOLS",,3,3,2,"AGAINST THE PROPOSITION - NO",,0,0,6,6,,
