elec_date,county,entity_description,race_number,race_description,race_party,tot_race_prec,race_prec_reporting,cand_number,cand_name,cand_party,cand_absmail_votes,cand_early_votes,cand_elecday_votes,cand_tot_votes,race_county_owner
8/10/2021,"DEWEY","SHARON-MUTUAL PUBLIC SCHOOLS INDEPENDENT SCHOOL DISTRICT NO. 003",57701,"PROPOSITION  SHARON-MUTUAL PUBLIC SCHOOLS",,1,1,1,"FOR THE PROPOSITION - YES",,0,0,0,0,,
8/10/2021,"DEWEY","SHARON-MUTUAL PUBLIC SCHOOLS INDEPENDENT SCHOOL DISTRICT NO. 003",57701,"PROPOSITION  SHARON-MUTUAL PUBLIC SCHOOLS",,1,1,2,"AGAINST THE PROPOSITION - NO",,0,0,0,0,,
8/10/2021,"JOHNSTON","CITY OF TISHOMINGO",43501,"PROPOSITION  CITY OF TISHOMINGO",,4,4,1,"FOR THE PROPOSITION - YES",,1,10,82,93,,
8/10/2021,"JOHNSTON","CITY OF TISHOMINGO",43501,"PROPOSITION  CITY OF TISHOMINGO",,4,4,2,"AGAINST THE PROPOSITION - NO",,1,21,92,114,,
8/10/2021,"OKLAHOMA","CITY OF DEL CITY",45501,"PROPOSITION  CITY OF DEL CITY",,6,6,1,"FOR THE PROPOSITION - YES",,35,1,171,207,,
8/10/2021,"OKLAHOMA","CITY OF DEL CITY",45501,"PROPOSITION  CITY OF DEL CITY",,6,6,2,"AGAINST THE PROPOSITION - NO",,1,0,36,37,,
8/10/2021,"OSAGE","BARTLESVILLE PUBLIC SCHOOLS INDEPENDENT SCHOOL DISTRICT NO. 030",57401,"PROPOSITION NO. 1  BARTLESVILLE PUBLIC SCHOOLS",,2,2,1,"FOR THE PROPOSITION - YES",,0,0,6,6,,
8/10/2021,"OSAGE","BARTLESVILLE PUBLIC SCHOOLS INDEPENDENT SCHOOL DISTRICT NO. 030",57401,"PROPOSITION NO. 1  BARTLESVILLE PUBLIC SCHOOLS",,2,2,2,"AGAINST THE PROPOSITION - NO",,0,0,0,0,,
8/10/2021,"OSAGE","BARTLESVILLE PUBLIC SCHOOLS INDEPENDENT SCHOOL DISTRICT NO. 030",57402,"PROPOSITION NO. 2  BARTLESVILLE PUBLIC SCHOOLS",,2,2,1,"FOR THE PROPOSITION - YES",,0,0,6,6,,
8/10/2021,"OSAGE","BARTLESVILLE PUBLIC SCHOOLS INDEPENDENT SCHOOL DISTRICT NO. 030",57402,"PROPOSITION NO. 2  BARTLESVILLE PUBLIC SCHOOLS",,2,2,2,"AGAINST THE PROPOSITION - NO",,0,0,0,0,,
8/10/2021,"SEMINOLE","SEMINOLE COUNTY",30001,"PROPOSITION NO. 1 SEMINOLE COUNTY FIRE DEPARTMENT'S 40% OF 1/4 CENT",,14,14,1,"FOR THE PROPOSITION - YES",,47,24,438,509,,
8/10/2021,"SEMINOLE","SEMINOLE COUNTY",30001,"PROPOSITION NO. 1 SEMINOLE COUNTY FIRE DEPARTMENT'S 40% OF 1/4 CENT",,14,14,2,"AGAINST THE PROPOSITION - NO",,12,5,217,234,,
8/10/2021,"SEMINOLE","SEMINOLE COUNTY",30002,"PROPOSITION NO. 2 SEMINOLE COUNTY AMBULANCE SERVICE 30% OF 1/4 CENT",,14,14,1,"FOR THE PROPOSITION - YES",,47,22,372,441,,
8/10/2021,"SEMINOLE","SEMINOLE COUNTY",30002,"PROPOSITION NO. 2 SEMINOLE COUNTY AMBULANCE SERVICE 30% OF 1/4 CENT",,14,14,2,"AGAINST THE PROPOSITION - NO",,12,6,283,301,,
8/10/2021,"SEMINOLE","SEMINOLE COUNTY",30003,"PROPOSITION NO. 3 COUNTY WIDE 911 SERVICE 30% OF 1/4 CENT",,14,14,1,"FOR THE PROPOSITION - YES",,48,24,452,524,,
8/10/2021,"SEMINOLE","SEMINOLE COUNTY",30003,"PROPOSITION NO. 3 COUNTY WIDE 911 SERVICE 30% OF 1/4 CENT",,14,14,2,"AGAINST THE PROPOSITION - NO",,11,4,203,218,,
8/10/2021,"TILLMAN","CITY OF FREDERICK",47101,"PROPOSITION  CITY OF FREDERICK",,4,4,1,"FOR THE PROPOSITION - YES",,5,9,47,61,,
8/10/2021,"TILLMAN","CITY OF FREDERICK",47101,"PROPOSITION  CITY OF FREDERICK",,4,4,2,"AGAINST THE PROPOSITION - NO",,0,0,0,0,,
8/10/2021,"WASHINGTON","BARTLESVILLE PUBLIC SCHOOLS INDEPENDENT SCHOOL DISTRICT NO. 030",57401,"PROPOSITION NO. 1  BARTLESVILLE PUBLIC SCHOOLS",,17,17,1,"FOR THE PROPOSITION - YES",,92,160,1471,1723,,
8/10/2021,"WASHINGTON","BARTLESVILLE PUBLIC SCHOOLS INDEPENDENT SCHOOL DISTRICT NO. 030",57401,"PROPOSITION NO. 1  BARTLESVILLE PUBLIC SCHOOLS",,17,17,2,"AGAINST THE PROPOSITION - NO",,21,27,494,542,,
8/10/2021,"WASHINGTON","BARTLESVILLE PUBLIC SCHOOLS INDEPENDENT SCHOOL DISTRICT NO. 030",57402,"PROPOSITION NO. 2  BARTLESVILLE PUBLIC SCHOOLS",,17,17,1,"FOR THE PROPOSITION - YES",,92,161,1504,1757,,
8/10/2021,"WASHINGTON","BARTLESVILLE PUBLIC SCHOOLS INDEPENDENT SCHOOL DISTRICT NO. 030",57402,"PROPOSITION NO. 2  BARTLESVILLE PUBLIC SCHOOLS",,17,17,2,"AGAINST THE PROPOSITION - NO",,21,26,463,510,,
8/10/2021,"WOODWARD","SHARON-MUTUAL PUBLIC SCHOOLS INDEPENDENT SCHOOL DISTRICT NO. 003",57701,"PROPOSITION  SHARON-MUTUAL PUBLIC SCHOOLS",,6,6,1,"FOR THE PROPOSITION - YES",,3,10,101,114,,
8/10/2021,"WOODWARD","SHARON-MUTUAL PUBLIC SCHOOLS INDEPENDENT SCHOOL DISTRICT NO. 003",57701,"PROPOSITION  SHARON-MUTUAL PUBLIC SCHOOLS",,6,6,2,"AGAINST THE PROPOSITION - NO",,4,5,110,119,,
