elec_date,county,entity_description,race_number,race_description,race_party,tot_race_prec,race_prec_reporting,cand_number,cand_name,cand_party,cand_absmail_votes,cand_early_votes,cand_elecday_votes,cand_tot_votes,race_county_owner
12/10/2019,"CANADIAN","CITY OF OKLAHOMA CITY",45501,"PROPOSITION  CITY OF OKLAHOMA CITY",,22,22,1,"FOR THE PROPOSITION - YES",,156,15,1675,1846,,
12/10/2019,"CANADIAN","CITY OF OKLAHOMA CITY",45501,"PROPOSITION  CITY OF OKLAHOMA CITY",,22,22,2,"AGAINST THE PROPOSITION - NO",,238,11,1018,1267,,
12/10/2019,"CLEVELAND","CITY OF OKLAHOMA CITY",45501,"PROPOSITION  CITY OF OKLAHOMA CITY",,26,26,1,"FOR THE PROPOSITION - YES",,272,17,2993,3282,,
12/10/2019,"CLEVELAND","CITY OF OKLAHOMA CITY",45501,"PROPOSITION  CITY OF OKLAHOMA CITY",,26,26,2,"AGAINST THE PROPOSITION - NO",,253,14,1605,1872,,
12/10/2019,"OKLAHOMA","CITY OF OKLAHOMA CITY",45501,"PROPOSITION  CITY OF OKLAHOMA CITY",,185,185,1,"FOR THE PROPOSITION - YES",,1469,665,24620,26754,,
12/10/2019,"OKLAHOMA","CITY OF OKLAHOMA CITY",45501,"PROPOSITION  CITY OF OKLAHOMA CITY",,185,185,2,"AGAINST THE PROPOSITION - NO",,825,169,8446,9440,,
12/10/2019,"POTTAWATOMIE","CITY OF OKLAHOMA CITY",45501,"PROPOSITION  CITY OF OKLAHOMA CITY",,1,1,1,"FOR THE PROPOSITION - YES",,0,0,0,0,,
12/10/2019,"POTTAWATOMIE","CITY OF OKLAHOMA CITY",45501,"PROPOSITION  CITY OF OKLAHOMA CITY",,1,1,2,"AGAINST THE PROPOSITION - NO",,0,0,0,0,,
