elec_date,county,entity_description,race_number,race_description,race_party,tot_race_prec,race_prec_reporting,cand_number,cand_name,cand_party,cand_absmail_votes,cand_early_votes,cand_elecday_votes,cand_tot_votes,race_county_owner
6/11/2019,"BLAINE","CITY OF WATONGA",40601,"PROPOSITION  CITY OF WATONGA",,3,3,1,"FOR THE PROPOSITION - YES",,10,15,133,158,,
6/11/2019,"BLAINE","CITY OF WATONGA",40601,"PROPOSITION  CITY OF WATONGA",,3,3,2,"AGAINST THE PROPOSITION - NO",,5,7,80,92,,
6/11/2019,"DEWEY","COMMUNITY AMBULANCE SERVICE",60221,"PROPOSITION  COMMUNITY AMBULANCE SERVICE",,5,5,1,"FOR THE PROPOSITION - YES",,11,16,83,110,,
6/11/2019,"DEWEY","COMMUNITY AMBULANCE SERVICE",60221,"PROPOSITION  COMMUNITY AMBULANCE SERVICE",,5,5,2,"AGAINST THE PROPOSITION - NO",,0,0,7,7,,
6/11/2019,"DEWEY","TALOGA AMBULANCE DISTRICT",60222,"PROPOSITION  TALOGA AMBULANCE DISTRICT",,6,6,1,"FOR THE PROPOSITION - YES",,3,16,93,112,,
6/11/2019,"DEWEY","TALOGA AMBULANCE DISTRICT",60222,"PROPOSITION  TALOGA AMBULANCE DISTRICT",,6,6,2,"AGAINST THE PROPOSITION - NO",,1,1,48,50,,
6/11/2019,"GRADY","CITY OF CHICKASHA",42601,"PROPOSITION  CITY OF CHICKASHA",,13,13,1,"FOR THE PROPOSITION - YES",,30,17,202,249,,
6/11/2019,"GRADY","CITY OF CHICKASHA",42601,"PROPOSITION  CITY OF CHICKASHA",,13,13,2,"AGAINST THE PROPOSITION - NO",,16,2,19,37,,
6/11/2019,"KAY","CITY OF PONCA CITY",43601,"PROPOSITION  CITY OF PONCA CITY",,14,14,1,"FOR THE PROPOSITION - YES",,9,29,841,879,,
6/11/2019,"KAY","CITY OF PONCA CITY",43601,"PROPOSITION  CITY OF PONCA CITY",,14,14,2,"AGAINST THE PROPOSITION - NO",,11,11,355,377,,
6/11/2019,"OKLAHOMA","CITY OF MIDWEST CITY",45501,"PROPOSITION  CITY OF MIDWEST CITY",,24,24,1,"FOR THE PROPOSITION - YES",,93,0,259,352,,
6/11/2019,"OKLAHOMA","CITY OF MIDWEST CITY",45501,"PROPOSITION  CITY OF MIDWEST CITY",,24,24,2,"AGAINST THE PROPOSITION - NO",,30,0,86,116,,
6/11/2019,"WOODWARD","CITY OF WOODWARD",47701,"PROPOSITION  CITY OF WOODWARD",,7,7,1,"FOR THE PROPOSITION - YES",,24,11,63,98,,
6/11/2019,"WOODWARD","CITY OF WOODWARD",47701,"PROPOSITION  CITY OF WOODWARD",,7,7,2,"AGAINST THE PROPOSITION - NO",,2,1,22,25,,
