elec_date,precinct,entity_description,race_number,race_description,race_party,tot_race_prec,race_prec_reporting,cand_number,cand_name,cand_party,cand_absmail_votes,cand_early_votes,cand_elecday_votes,cand_tot_votes,race_county_owner
8/13/2013,"010016","SKELLY PUBLIC SCHOOL",50101,"PROPOSITION  SKELLY PUBLIC SCHOOL",,4,4,1,"FOR THE PROPOSITION - YES",,0,0,31,31,,
8/13/2013,"010016","SKELLY PUBLIC SCHOOL",50101,"PROPOSITION  SKELLY PUBLIC SCHOOL",,4,4,2,"AGAINST THE PROPOSITION - NO",,0,0,8,8,,
8/13/2013,"010017","SKELLY PUBLIC SCHOOL",50101,"PROPOSITION  SKELLY PUBLIC SCHOOL",,4,4,1,"FOR THE PROPOSITION - YES",,0,0,4,4,,
8/13/2013,"010017","SKELLY PUBLIC SCHOOL",50101,"PROPOSITION  SKELLY PUBLIC SCHOOL",,4,4,2,"AGAINST THE PROPOSITION - NO",,0,0,0,0,,
8/13/2013,"010019","SKELLY PUBLIC SCHOOL",50101,"PROPOSITION  SKELLY PUBLIC SCHOOL",,4,4,1,"FOR THE PROPOSITION - YES",,0,0,0,0,,
8/13/2013,"010019","SKELLY PUBLIC SCHOOL",50101,"PROPOSITION  SKELLY PUBLIC SCHOOL",,4,4,2,"AGAINST THE PROPOSITION - NO",,0,0,0,0,,
8/13/2013,"060002","WATONGA PUBLIC SCHOOLS",50601,"PROPOSITION NO. 2  WATONGA PUBLIC SCHOOLS",,7,7,1,"FOR THE PROPOSITION - YES",,0,0,0,0,,
8/13/2013,"060002","WATONGA PUBLIC SCHOOLS",50601,"PROPOSITION NO. 2  WATONGA PUBLIC SCHOOLS",,7,7,2,"AGAINST THE PROPOSITION - NO",,0,0,0,0,,
8/13/2013,"060002","WATONGA PUBLIC SCHOOLS",50602,"PROPOSITION NO. 1  WATONGA PUBLIC SCHOOLS",,7,7,1,"FOR THE PROPOSITION - YES",,0,0,0,0,,
8/13/2013,"060002","WATONGA PUBLIC SCHOOLS",50602,"PROPOSITION NO. 1  WATONGA PUBLIC SCHOOLS",,7,7,2,"AGAINST THE PROPOSITION - NO",,0,0,0,0,,
8/13/2013,"060007","WATONGA PUBLIC SCHOOLS",50601,"PROPOSITION NO. 2  WATONGA PUBLIC SCHOOLS",,7,7,1,"FOR THE PROPOSITION - YES",,0,0,0,0,,
8/13/2013,"060007","WATONGA PUBLIC SCHOOLS",50601,"PROPOSITION NO. 2  WATONGA PUBLIC SCHOOLS",,7,7,2,"AGAINST THE PROPOSITION - NO",,0,2,0,2,,
8/13/2013,"060007","WATONGA PUBLIC SCHOOLS",50602,"PROPOSITION NO. 1  WATONGA PUBLIC SCHOOLS",,7,7,1,"FOR THE PROPOSITION - YES",,0,2,0,2,,
8/13/2013,"060007","WATONGA PUBLIC SCHOOLS",50602,"PROPOSITION NO. 1  WATONGA PUBLIC SCHOOLS",,7,7,2,"AGAINST THE PROPOSITION - NO",,0,0,0,0,,
8/13/2013,"060010","WATONGA PUBLIC SCHOOLS",50601,"PROPOSITION NO. 2  WATONGA PUBLIC SCHOOLS",,7,7,1,"FOR THE PROPOSITION - YES",,0,3,77,80,,
8/13/2013,"060010","WATONGA PUBLIC SCHOOLS",50601,"PROPOSITION NO. 2  WATONGA PUBLIC SCHOOLS",,7,7,2,"AGAINST THE PROPOSITION - NO",,1,5,63,69,,
8/13/2013,"060010","WATONGA PUBLIC SCHOOLS",50602,"PROPOSITION NO. 1  WATONGA PUBLIC SCHOOLS",,7,7,1,"FOR THE PROPOSITION - YES",,0,3,74,77,,
8/13/2013,"060010","WATONGA PUBLIC SCHOOLS",50602,"PROPOSITION NO. 1  WATONGA PUBLIC SCHOOLS",,7,7,2,"AGAINST THE PROPOSITION - NO",,1,5,66,72,,
8/13/2013,"060011","WATONGA PUBLIC SCHOOLS",50601,"PROPOSITION NO. 2  WATONGA PUBLIC SCHOOLS",,7,7,1,"FOR THE PROPOSITION - YES",,1,11,68,80,,
8/13/2013,"060011","WATONGA PUBLIC SCHOOLS",50601,"PROPOSITION NO. 2  WATONGA PUBLIC SCHOOLS",,7,7,2,"AGAINST THE PROPOSITION - NO",,1,3,46,50,,
8/13/2013,"060011","WATONGA PUBLIC SCHOOLS",50602,"PROPOSITION NO. 1  WATONGA PUBLIC SCHOOLS",,7,7,1,"FOR THE PROPOSITION - YES",,1,11,67,79,,
8/13/2013,"060011","WATONGA PUBLIC SCHOOLS",50602,"PROPOSITION NO. 1  WATONGA PUBLIC SCHOOLS",,7,7,2,"AGAINST THE PROPOSITION - NO",,1,3,48,52,,
8/13/2013,"060012","WATONGA PUBLIC SCHOOLS",50601,"PROPOSITION NO. 2  WATONGA PUBLIC SCHOOLS",,7,7,1,"FOR THE PROPOSITION - YES",,5,61,288,354,,
8/13/2013,"060012","WATONGA PUBLIC SCHOOLS",50601,"PROPOSITION NO. 2  WATONGA PUBLIC SCHOOLS",,7,7,2,"AGAINST THE PROPOSITION - NO",,6,18,171,195,,
8/13/2013,"060012","WATONGA PUBLIC SCHOOLS",50602,"PROPOSITION NO. 1  WATONGA PUBLIC SCHOOLS",,7,7,1,"FOR THE PROPOSITION - YES",,5,60,268,333,,
8/13/2013,"060012","WATONGA PUBLIC SCHOOLS",50602,"PROPOSITION NO. 1  WATONGA PUBLIC SCHOOLS",,7,7,2,"AGAINST THE PROPOSITION - NO",,6,20,189,215,,
8/13/2013,"060016","WATONGA PUBLIC SCHOOLS",50601,"PROPOSITION NO. 2  WATONGA PUBLIC SCHOOLS",,7,7,1,"FOR THE PROPOSITION - YES",,0,3,0,3,,
8/13/2013,"060016","WATONGA PUBLIC SCHOOLS",50601,"PROPOSITION NO. 2  WATONGA PUBLIC SCHOOLS",,7,7,2,"AGAINST THE PROPOSITION - NO",,0,1,0,1,,
8/13/2013,"060016","WATONGA PUBLIC SCHOOLS",50602,"PROPOSITION NO. 1  WATONGA PUBLIC SCHOOLS",,7,7,1,"FOR THE PROPOSITION - YES",,0,3,0,3,,
8/13/2013,"060016","WATONGA PUBLIC SCHOOLS",50602,"PROPOSITION NO. 1  WATONGA PUBLIC SCHOOLS",,7,7,2,"AGAINST THE PROPOSITION - NO",,0,1,0,1,,
8/13/2013,"060022","WATONGA PUBLIC SCHOOLS",50601,"PROPOSITION NO. 2  WATONGA PUBLIC SCHOOLS",,7,7,1,"FOR THE PROPOSITION - YES",,0,0,0,0,,
8/13/2013,"060022","WATONGA PUBLIC SCHOOLS",50601,"PROPOSITION NO. 2  WATONGA PUBLIC SCHOOLS",,7,7,2,"AGAINST THE PROPOSITION - NO",,0,2,0,2,,
8/13/2013,"060022","WATONGA PUBLIC SCHOOLS",50602,"PROPOSITION NO. 1  WATONGA PUBLIC SCHOOLS",,7,7,1,"FOR THE PROPOSITION - YES",,0,0,0,0,,
8/13/2013,"060022","WATONGA PUBLIC SCHOOLS",50602,"PROPOSITION NO. 1  WATONGA PUBLIC SCHOOLS",,7,7,2,"AGAINST THE PROPOSITION - NO",,0,2,0,2,,
8/13/2013,"090503","CITY OF PIEDMONT",40901,"FOR COUNCILMEMBER WARD 2 (UNEXPIRED TERM)  CITY OF PIEDMONT",,3,3,1,"BOBBY WILLIAMSON",,1,0,34,35,,
8/13/2013,"090503","CITY OF PIEDMONT",40901,"FOR COUNCILMEMBER WARD 2 (UNEXPIRED TERM)  CITY OF PIEDMONT",,3,3,2,"DONOVAN L. RUBLEY",,0,0,1,1,,
8/13/2013,"090503","CITY OF PIEDMONT",40901,"FOR COUNCILMEMBER WARD 2 (UNEXPIRED TERM)  CITY OF PIEDMONT",,3,3,3,"VERNON WOODS",,0,0,17,17,,
8/13/2013,"090504","CITY OF PIEDMONT",40901,"FOR COUNCILMEMBER WARD 2 (UNEXPIRED TERM)  CITY OF PIEDMONT",,3,3,1,"BOBBY WILLIAMSON",,0,1,105,106,,
8/13/2013,"090504","CITY OF PIEDMONT",40901,"FOR COUNCILMEMBER WARD 2 (UNEXPIRED TERM)  CITY OF PIEDMONT",,3,3,2,"DONOVAN L. RUBLEY",,1,0,23,24,,
8/13/2013,"090504","CITY OF PIEDMONT",40901,"FOR COUNCILMEMBER WARD 2 (UNEXPIRED TERM)  CITY OF PIEDMONT",,3,3,3,"VERNON WOODS",,2,0,73,75,,
8/13/2013,"110018","SKELLY PUBLIC SCHOOL",50101,"PROPOSITION  SKELLY PUBLIC SCHOOL",,4,4,1,"FOR THE PROPOSITION - YES",,0,0,0,0,,
8/13/2013,"110018","SKELLY PUBLIC SCHOOL",50101,"PROPOSITION  SKELLY PUBLIC SCHOOL",,4,4,2,"AGAINST THE PROPOSITION - NO",,0,0,2,2,,
8/13/2013,"300303","HARPER COUNTY",20301,"FOR COUNTY COMMISSIONER DISTRICT NO. 3 (UNEXPIRED TERM)",,2,2,1,"STEVE D. MYATT",DEM,4,3,47,54,HARPER
8/13/2013,"300303","HARPER COUNTY",20301,"FOR COUNTY COMMISSIONER DISTRICT NO. 3 (UNEXPIRED TERM)",,2,2,2,"JAMES LEONARD",REP,0,0,11,11,HARPER
8/13/2013,"300402","HARPER COUNTY",20301,"FOR COUNTY COMMISSIONER DISTRICT NO. 3 (UNEXPIRED TERM)",,2,2,1,"STEVE D. MYATT",DEM,4,18,112,134,HARPER
8/13/2013,"300402","HARPER COUNTY",20301,"FOR COUNTY COMMISSIONER DISTRICT NO. 3 (UNEXPIRED TERM)",,2,2,2,"JAMES LEONARD",REP,2,4,25,31,HARPER
8/13/2013,"330001","CITY OF ALTUS",43301,"PROPOSITION  CITY OF ALTUS",,8,8,1,"FOR THE PROPOSITION - YES",,0,6,25,31,,
8/13/2013,"330001","CITY OF ALTUS",43301,"PROPOSITION  CITY OF ALTUS",,8,8,2,"AGAINST THE PROPOSITION - NO",,3,0,2,5,,
8/13/2013,"330002","CITY OF ALTUS",43301,"PROPOSITION  CITY OF ALTUS",,8,8,1,"FOR THE PROPOSITION - YES",,0,7,14,21,,
8/13/2013,"330002","CITY OF ALTUS",43301,"PROPOSITION  CITY OF ALTUS",,8,8,2,"AGAINST THE PROPOSITION - NO",,0,0,4,4,,
8/13/2013,"330003","CITY OF ALTUS",43301,"PROPOSITION  CITY OF ALTUS",,8,8,1,"FOR THE PROPOSITION - YES",,0,0,13,13,,
8/13/2013,"330003","CITY OF ALTUS",43301,"PROPOSITION  CITY OF ALTUS",,8,8,2,"AGAINST THE PROPOSITION - NO",,0,1,2,3,,
8/13/2013,"330006","CITY OF ALTUS",43301,"PROPOSITION  CITY OF ALTUS",,8,8,1,"FOR THE PROPOSITION - YES",,4,8,29,41,,
8/13/2013,"330006","CITY OF ALTUS",43301,"PROPOSITION  CITY OF ALTUS",,8,8,2,"AGAINST THE PROPOSITION - NO",,0,1,8,9,,
8/13/2013,"330007","CITY OF ALTUS",43301,"PROPOSITION  CITY OF ALTUS",,8,8,1,"FOR THE PROPOSITION - YES",,0,2,8,10,,
8/13/2013,"330007","CITY OF ALTUS",43301,"PROPOSITION  CITY OF ALTUS",,8,8,2,"AGAINST THE PROPOSITION - NO",,0,0,0,0,,
8/13/2013,"330010","CITY OF ALTUS",43301,"PROPOSITION  CITY OF ALTUS",,8,8,1,"FOR THE PROPOSITION - YES",,2,2,12,16,,
8/13/2013,"330010","CITY OF ALTUS",43301,"PROPOSITION  CITY OF ALTUS",,8,8,2,"AGAINST THE PROPOSITION - NO",,1,1,4,6,,
8/13/2013,"330014","CITY OF ALTUS",43301,"PROPOSITION  CITY OF ALTUS",,8,8,1,"FOR THE PROPOSITION - YES",,3,11,26,40,,
8/13/2013,"330014","CITY OF ALTUS",43301,"PROPOSITION  CITY OF ALTUS",,8,8,2,"AGAINST THE PROPOSITION - NO",,0,0,5,5,,
8/13/2013,"330023","CITY OF ALTUS",43301,"PROPOSITION  CITY OF ALTUS",,8,8,1,"FOR THE PROPOSITION - YES",,0,0,0,0,,
8/13/2013,"330023","CITY OF ALTUS",43301,"PROPOSITION  CITY OF ALTUS",,8,8,2,"AGAINST THE PROPOSITION - NO",,0,0,0,0,,
8/13/2013,"370103","CITY OF PIEDMONT",40901,"FOR COUNCILMEMBER WARD 2 (UNEXPIRED TERM)  CITY OF PIEDMONT",,3,3,1,"BOBBY WILLIAMSON",,0,0,0,0,,
8/13/2013,"370103","CITY OF PIEDMONT",40901,"FOR COUNCILMEMBER WARD 2 (UNEXPIRED TERM)  CITY OF PIEDMONT",,3,3,2,"DONOVAN L. RUBLEY",,0,0,0,0,,
8/13/2013,"370103","CITY OF PIEDMONT",40901,"FOR COUNCILMEMBER WARD 2 (UNEXPIRED TERM)  CITY OF PIEDMONT",,3,3,3,"VERNON WOODS",,0,0,0,0,,
8/13/2013,"420303","CITY OF CRESCENT",44201,"PROPOSITION  CITY OF CRESCENT",,1,1,1,"FOR THE PROPOSITION - YES",,1,0,40,41,,
8/13/2013,"420303","CITY OF CRESCENT",44201,"PROPOSITION  CITY OF CRESCENT",,1,1,2,"AGAINST THE PROPOSITION - NO",,0,0,0,0,,
8/13/2013,"600201","CITY OF YALE",46001,"PROPOSITION  CITY OF YALE",,1,1,1,"FOR THE PROPOSITION - YES",,1,0,61,62,,
8/13/2013,"600201","CITY OF YALE",46001,"PROPOSITION  CITY OF YALE",,1,1,2,"AGAINST THE PROPOSITION - NO",,1,0,16,17,,
8/13/2013,"610001","CITY OF MCALESTER",46101,"PROPOSITION   CITY OF MCALESTER",,16,16,1,"FOR THE PROPOSITION - YES",,0,0,0,0,,
8/13/2013,"610001","CITY OF MCALESTER",46101,"PROPOSITION   CITY OF MCALESTER",,16,16,2,"AGAINST THE PROPOSITION - NO",,0,0,0,0,,
8/13/2013,"610003","CITY OF MCALESTER",46101,"PROPOSITION   CITY OF MCALESTER",,16,16,1,"FOR THE PROPOSITION - YES",,1,1,8,10,,
8/13/2013,"610003","CITY OF MCALESTER",46101,"PROPOSITION   CITY OF MCALESTER",,16,16,2,"AGAINST THE PROPOSITION - NO",,1,0,0,1,,
8/13/2013,"610004","CITY OF MCALESTER",46101,"PROPOSITION   CITY OF MCALESTER",,16,16,1,"FOR THE PROPOSITION - YES",,0,2,13,15,,
8/13/2013,"610004","CITY OF MCALESTER",46101,"PROPOSITION   CITY OF MCALESTER",,16,16,2,"AGAINST THE PROPOSITION - NO",,1,0,4,5,,
8/13/2013,"610005","CITY OF MCALESTER",46101,"PROPOSITION   CITY OF MCALESTER",,16,16,1,"FOR THE PROPOSITION - YES",,0,3,6,9,,
8/13/2013,"610005","CITY OF MCALESTER",46101,"PROPOSITION   CITY OF MCALESTER",,16,16,2,"AGAINST THE PROPOSITION - NO",,0,0,1,1,,
8/13/2013,"610006","CITY OF MCALESTER",46101,"PROPOSITION   CITY OF MCALESTER",,16,16,1,"FOR THE PROPOSITION - YES",,3,0,8,11,,
8/13/2013,"610006","CITY OF MCALESTER",46101,"PROPOSITION   CITY OF MCALESTER",,16,16,2,"AGAINST THE PROPOSITION - NO",,0,0,0,0,,
8/13/2013,"610007","CITY OF MCALESTER",46101,"PROPOSITION   CITY OF MCALESTER",,16,16,1,"FOR THE PROPOSITION - YES",,0,2,10,12,,
8/13/2013,"610007","CITY OF MCALESTER",46101,"PROPOSITION   CITY OF MCALESTER",,16,16,2,"AGAINST THE PROPOSITION - NO",,0,0,0,0,,
8/13/2013,"610008","CITY OF MCALESTER",46101,"PROPOSITION   CITY OF MCALESTER",,16,16,1,"FOR THE PROPOSITION - YES",,2,1,1,4,,
8/13/2013,"610008","CITY OF MCALESTER",46101,"PROPOSITION   CITY OF MCALESTER",,16,16,2,"AGAINST THE PROPOSITION - NO",,0,0,0,0,,
8/13/2013,"610011","CITY OF MCALESTER",46101,"PROPOSITION   CITY OF MCALESTER",,16,16,1,"FOR THE PROPOSITION - YES",,11,2,13,26,,
8/13/2013,"610011","CITY OF MCALESTER",46101,"PROPOSITION   CITY OF MCALESTER",,16,16,2,"AGAINST THE PROPOSITION - NO",,3,0,2,5,,
8/13/2013,"610014","CITY OF MCALESTER",46101,"PROPOSITION   CITY OF MCALESTER",,16,16,1,"FOR THE PROPOSITION - YES",,1,0,6,7,,
8/13/2013,"610014","CITY OF MCALESTER",46101,"PROPOSITION   CITY OF MCALESTER",,16,16,2,"AGAINST THE PROPOSITION - NO",,0,0,2,2,,
8/13/2013,"610015","CITY OF MCALESTER",46101,"PROPOSITION   CITY OF MCALESTER",,16,16,1,"FOR THE PROPOSITION - YES",,0,0,0,0,,
8/13/2013,"610015","CITY OF MCALESTER",46101,"PROPOSITION   CITY OF MCALESTER",,16,16,2,"AGAINST THE PROPOSITION - NO",,0,0,1,1,,
8/13/2013,"610032","CITY OF MCALESTER",46101,"PROPOSITION   CITY OF MCALESTER",,16,16,1,"FOR THE PROPOSITION - YES",,1,3,8,12,,
8/13/2013,"610032","CITY OF MCALESTER",46101,"PROPOSITION   CITY OF MCALESTER",,16,16,2,"AGAINST THE PROPOSITION - NO",,0,0,1,1,,
8/13/2013,"610036","CITY OF MCALESTER",46101,"PROPOSITION   CITY OF MCALESTER",,16,16,1,"FOR THE PROPOSITION - YES",,0,0,0,0,,
8/13/2013,"610036","CITY OF MCALESTER",46101,"PROPOSITION   CITY OF MCALESTER",,16,16,2,"AGAINST THE PROPOSITION - NO",,0,0,0,0,,
8/13/2013,"610040","CITY OF MCALESTER",46101,"PROPOSITION   CITY OF MCALESTER",,16,16,1,"FOR THE PROPOSITION - YES",,0,0,0,0,,
8/13/2013,"610040","CITY OF MCALESTER",46101,"PROPOSITION   CITY OF MCALESTER",,16,16,2,"AGAINST THE PROPOSITION - NO",,0,0,0,0,,
8/13/2013,"610041","CITY OF MCALESTER",46101,"PROPOSITION   CITY OF MCALESTER",,16,16,1,"FOR THE PROPOSITION - YES",,0,0,0,0,,
8/13/2013,"610041","CITY OF MCALESTER",46101,"PROPOSITION   CITY OF MCALESTER",,16,16,2,"AGAINST THE PROPOSITION - NO",,0,0,0,0,,
8/13/2013,"610042","CITY OF MCALESTER",46101,"PROPOSITION   CITY OF MCALESTER",,16,16,1,"FOR THE PROPOSITION - YES",,0,0,0,0,,
8/13/2013,"610042","CITY OF MCALESTER",46101,"PROPOSITION   CITY OF MCALESTER",,16,16,2,"AGAINST THE PROPOSITION - NO",,0,0,0,0,,
8/13/2013,"610046","CITY OF MCALESTER",46101,"PROPOSITION   CITY OF MCALESTER",,16,16,1,"FOR THE PROPOSITION - YES",,0,0,0,0,,
8/13/2013,"610046","CITY OF MCALESTER",46101,"PROPOSITION   CITY OF MCALESTER",,16,16,2,"AGAINST THE PROPOSITION - NO",,0,0,0,0,,
8/13/2013,"620013","CITY OF ADA",46201,"PROPOSITION  CITY OF ADA",,8,8,1,"FOR THE PROPOSITION - YES",,5,6,14,25,,
8/13/2013,"620013","CITY OF ADA",46201,"PROPOSITION  CITY OF ADA",,8,8,2,"AGAINST THE PROPOSITION - NO",,0,2,2,4,,
8/13/2013,"620016","CITY OF ADA",46201,"PROPOSITION  CITY OF ADA",,8,8,1,"FOR THE PROPOSITION - YES",,5,2,7,14,,
8/13/2013,"620016","CITY OF ADA",46201,"PROPOSITION  CITY OF ADA",,8,8,2,"AGAINST THE PROPOSITION - NO",,3,0,0,3,,
8/13/2013,"620022","CITY OF ADA",46201,"PROPOSITION  CITY OF ADA",,8,8,1,"FOR THE PROPOSITION - YES",,2,1,15,18,,
8/13/2013,"620022","CITY OF ADA",46201,"PROPOSITION  CITY OF ADA",,8,8,2,"AGAINST THE PROPOSITION - NO",,1,0,4,5,,
8/13/2013,"620025","CITY OF ADA",46201,"PROPOSITION  CITY OF ADA",,8,8,1,"FOR THE PROPOSITION - YES",,3,0,6,9,,
8/13/2013,"620025","CITY OF ADA",46201,"PROPOSITION  CITY OF ADA",,8,8,2,"AGAINST THE PROPOSITION - NO",,0,0,0,0,,
8/13/2013,"620031","CITY OF ADA",46201,"PROPOSITION  CITY OF ADA",,8,8,1,"FOR THE PROPOSITION - YES",,5,0,15,20,,
8/13/2013,"620031","CITY OF ADA",46201,"PROPOSITION  CITY OF ADA",,8,8,2,"AGAINST THE PROPOSITION - NO",,1,1,2,4,,
8/13/2013,"620052","CITY OF ADA",46201,"PROPOSITION  CITY OF ADA",,8,8,1,"FOR THE PROPOSITION - YES",,0,0,3,3,,
8/13/2013,"620052","CITY OF ADA",46201,"PROPOSITION  CITY OF ADA",,8,8,2,"AGAINST THE PROPOSITION - NO",,0,0,1,1,,
8/13/2013,"620053","CITY OF ADA",46201,"PROPOSITION  CITY OF ADA",,8,8,1,"FOR THE PROPOSITION - YES",,7,0,12,19,,
8/13/2013,"620053","CITY OF ADA",46201,"PROPOSITION  CITY OF ADA",,8,8,2,"AGAINST THE PROPOSITION - NO",,0,0,4,4,,
8/13/2013,"620055","CITY OF ADA",46201,"PROPOSITION  CITY OF ADA",,8,8,1,"FOR THE PROPOSITION - YES",,0,0,0,0,,
8/13/2013,"620055","CITY OF ADA",46201,"PROPOSITION  CITY OF ADA",,8,8,2,"AGAINST THE PROPOSITION - NO",,0,0,0,0,,
8/13/2013,"660001","ROGERS COUNTY",30001,"PROPOSITION",,36,36,1,"FOR THE PROPOSITION - YES",,15,15,68,98,ROGERS
8/13/2013,"660001","ROGERS COUNTY",30001,"PROPOSITION",,36,36,2,"AGAINST THE PROPOSITION - NO",,7,14,56,77,ROGERS
8/13/2013,"660002","ROGERS COUNTY",30001,"PROPOSITION",,36,36,1,"FOR THE PROPOSITION - YES",,0,8,11,19,ROGERS
8/13/2013,"660002","ROGERS COUNTY",30001,"PROPOSITION",,36,36,2,"AGAINST THE PROPOSITION - NO",,4,6,47,57,ROGERS
8/13/2013,"660003","ROGERS COUNTY",30001,"PROPOSITION",,36,36,1,"FOR THE PROPOSITION - YES",,4,3,34,41,ROGERS
8/13/2013,"660003","ROGERS COUNTY",30001,"PROPOSITION",,36,36,2,"AGAINST THE PROPOSITION - NO",,1,11,36,48,ROGERS
8/13/2013,"660004","ROGERS COUNTY",30001,"PROPOSITION",,36,36,1,"FOR THE PROPOSITION - YES",,5,6,102,113,ROGERS
8/13/2013,"660004","ROGERS COUNTY",30001,"PROPOSITION",,36,36,2,"AGAINST THE PROPOSITION - NO",,6,10,117,133,ROGERS
8/13/2013,"660005","ROGERS COUNTY",30001,"PROPOSITION",,36,36,1,"FOR THE PROPOSITION - YES",,4,5,40,49,ROGERS
8/13/2013,"660005","ROGERS COUNTY",30001,"PROPOSITION",,36,36,2,"AGAINST THE PROPOSITION - NO",,0,16,23,39,ROGERS
8/13/2013,"660006","ROGERS COUNTY",30001,"PROPOSITION",,36,36,1,"FOR THE PROPOSITION - YES",,5,1,32,38,ROGERS
8/13/2013,"660006","ROGERS COUNTY",30001,"PROPOSITION",,36,36,2,"AGAINST THE PROPOSITION - NO",,2,0,2,4,ROGERS
8/13/2013,"660007","ROGERS COUNTY",30001,"PROPOSITION",,36,36,1,"FOR THE PROPOSITION - YES",,1,8,48,57,ROGERS
8/13/2013,"660007","ROGERS COUNTY",30001,"PROPOSITION",,36,36,2,"AGAINST THE PROPOSITION - NO",,3,7,51,61,ROGERS
8/13/2013,"660008","ROGERS COUNTY",30001,"PROPOSITION",,36,36,1,"FOR THE PROPOSITION - YES",,18,5,45,68,ROGERS
8/13/2013,"660008","ROGERS COUNTY",30001,"PROPOSITION",,36,36,2,"AGAINST THE PROPOSITION - NO",,4,9,40,53,ROGERS
8/13/2013,"660009","ROGERS COUNTY",30001,"PROPOSITION",,36,36,1,"FOR THE PROPOSITION - YES",,0,7,33,40,ROGERS
8/13/2013,"660009","ROGERS COUNTY",30001,"PROPOSITION",,36,36,2,"AGAINST THE PROPOSITION - NO",,2,4,15,21,ROGERS
8/13/2013,"660010","ROGERS COUNTY",30001,"PROPOSITION",,36,36,1,"FOR THE PROPOSITION - YES",,8,0,70,78,ROGERS
8/13/2013,"660010","ROGERS COUNTY",30001,"PROPOSITION",,36,36,2,"AGAINST THE PROPOSITION - NO",,4,0,26,30,ROGERS
8/13/2013,"660011","ROGERS COUNTY",30001,"PROPOSITION",,36,36,1,"FOR THE PROPOSITION - YES",,1,3,108,112,ROGERS
8/13/2013,"660011","ROGERS COUNTY",30001,"PROPOSITION",,36,36,2,"AGAINST THE PROPOSITION - NO",,3,6,59,68,ROGERS
8/13/2013,"660012","ROGERS COUNTY",30001,"PROPOSITION",,36,36,1,"FOR THE PROPOSITION - YES",,0,2,24,26,ROGERS
8/13/2013,"660012","ROGERS COUNTY",30001,"PROPOSITION",,36,36,2,"AGAINST THE PROPOSITION - NO",,0,0,25,25,ROGERS
8/13/2013,"660013","ROGERS COUNTY",30001,"PROPOSITION",,36,36,1,"FOR THE PROPOSITION - YES",,3,3,32,38,ROGERS
8/13/2013,"660013","ROGERS COUNTY",30001,"PROPOSITION",,36,36,2,"AGAINST THE PROPOSITION - NO",,1,6,58,65,ROGERS
8/13/2013,"660014","ROGERS COUNTY",30001,"PROPOSITION",,36,36,1,"FOR THE PROPOSITION - YES",,6,2,68,76,ROGERS
8/13/2013,"660014","ROGERS COUNTY",30001,"PROPOSITION",,36,36,2,"AGAINST THE PROPOSITION - NO",,1,8,54,63,ROGERS
8/13/2013,"660015","ROGERS COUNTY",30001,"PROPOSITION",,36,36,1,"FOR THE PROPOSITION - YES",,6,0,121,127,ROGERS
8/13/2013,"660015","ROGERS COUNTY",30001,"PROPOSITION",,36,36,2,"AGAINST THE PROPOSITION - NO",,1,1,40,42,ROGERS
8/13/2013,"660017","ROGERS COUNTY",30001,"PROPOSITION",,36,36,1,"FOR THE PROPOSITION - YES",,0,3,48,51,ROGERS
8/13/2013,"660017","ROGERS COUNTY",30001,"PROPOSITION",,36,36,2,"AGAINST THE PROPOSITION - NO",,1,0,13,14,ROGERS
8/13/2013,"660018","ROGERS COUNTY",30001,"PROPOSITION",,36,36,1,"FOR THE PROPOSITION - YES",,3,8,62,73,ROGERS
8/13/2013,"660018","ROGERS COUNTY",30001,"PROPOSITION",,36,36,2,"AGAINST THE PROPOSITION - NO",,6,17,72,95,ROGERS
8/13/2013,"660019","ROGERS COUNTY",30001,"PROPOSITION",,36,36,1,"FOR THE PROPOSITION - YES",,3,0,75,78,ROGERS
8/13/2013,"660019","ROGERS COUNTY",30001,"PROPOSITION",,36,36,2,"AGAINST THE PROPOSITION - NO",,0,5,37,42,ROGERS
8/13/2013,"660020","ROGERS COUNTY",30001,"PROPOSITION",,36,36,1,"FOR THE PROPOSITION - YES",,2,7,84,93,ROGERS
8/13/2013,"660020","ROGERS COUNTY",30001,"PROPOSITION",,36,36,2,"AGAINST THE PROPOSITION - NO",,2,6,51,59,ROGERS
8/13/2013,"660021","ROGERS COUNTY",30001,"PROPOSITION",,36,36,1,"FOR THE PROPOSITION - YES",,0,0,4,4,ROGERS
8/13/2013,"660021","ROGERS COUNTY",30001,"PROPOSITION",,36,36,2,"AGAINST THE PROPOSITION - NO",,4,0,1,5,ROGERS
8/13/2013,"660022","ROGERS COUNTY",30001,"PROPOSITION",,36,36,1,"FOR THE PROPOSITION - YES",,3,12,69,84,ROGERS
8/13/2013,"660022","ROGERS COUNTY",30001,"PROPOSITION",,36,36,2,"AGAINST THE PROPOSITION - NO",,3,2,52,57,ROGERS
8/13/2013,"660023","ROGERS COUNTY",30001,"PROPOSITION",,36,36,1,"FOR THE PROPOSITION - YES",,2,8,215,225,ROGERS
8/13/2013,"660023","ROGERS COUNTY",30001,"PROPOSITION",,36,36,2,"AGAINST THE PROPOSITION - NO",,0,1,47,48,ROGERS
8/13/2013,"660024","ROGERS COUNTY",30001,"PROPOSITION",,36,36,1,"FOR THE PROPOSITION - YES",,3,6,35,44,ROGERS
8/13/2013,"660024","ROGERS COUNTY",30001,"PROPOSITION",,36,36,2,"AGAINST THE PROPOSITION - NO",,0,0,14,14,ROGERS
8/13/2013,"660025","ROGERS COUNTY",30001,"PROPOSITION",,36,36,1,"FOR THE PROPOSITION - YES",,0,0,21,21,ROGERS
8/13/2013,"660025","ROGERS COUNTY",30001,"PROPOSITION",,36,36,2,"AGAINST THE PROPOSITION - NO",,0,0,3,3,ROGERS
8/13/2013,"660026","ROGERS COUNTY",30001,"PROPOSITION",,36,36,1,"FOR THE PROPOSITION - YES",,16,5,206,227,ROGERS
8/13/2013,"660026","ROGERS COUNTY",30001,"PROPOSITION",,36,36,2,"AGAINST THE PROPOSITION - NO",,5,2,35,42,ROGERS
8/13/2013,"660027","ROGERS COUNTY",30001,"PROPOSITION",,36,36,1,"FOR THE PROPOSITION - YES",,0,2,106,108,ROGERS
8/13/2013,"660027","ROGERS COUNTY",30001,"PROPOSITION",,36,36,2,"AGAINST THE PROPOSITION - NO",,2,1,12,15,ROGERS
8/13/2013,"660029","ROGERS COUNTY",30001,"PROPOSITION",,36,36,1,"FOR THE PROPOSITION - YES",,5,2,28,35,ROGERS
8/13/2013,"660029","ROGERS COUNTY",30001,"PROPOSITION",,36,36,2,"AGAINST THE PROPOSITION - NO",,0,2,30,32,ROGERS
8/13/2013,"660030","ROGERS COUNTY",30001,"PROPOSITION",,36,36,1,"FOR THE PROPOSITION - YES",,14,0,42,56,ROGERS
8/13/2013,"660030","ROGERS COUNTY",30001,"PROPOSITION",,36,36,2,"AGAINST THE PROPOSITION - NO",,5,0,18,23,ROGERS
8/13/2013,"660031","ROGERS COUNTY",30001,"PROPOSITION",,36,36,1,"FOR THE PROPOSITION - YES",,5,2,34,41,ROGERS
8/13/2013,"660031","ROGERS COUNTY",30001,"PROPOSITION",,36,36,2,"AGAINST THE PROPOSITION - NO",,2,0,7,9,ROGERS
8/13/2013,"660032","ROGERS COUNTY",30001,"PROPOSITION",,36,36,1,"FOR THE PROPOSITION - YES",,5,0,17,22,ROGERS
8/13/2013,"660032","ROGERS COUNTY",30001,"PROPOSITION",,36,36,2,"AGAINST THE PROPOSITION - NO",,5,0,9,14,ROGERS
8/13/2013,"660033","ROGERS COUNTY",30001,"PROPOSITION",,36,36,1,"FOR THE PROPOSITION - YES",,2,0,21,23,ROGERS
8/13/2013,"660033","ROGERS COUNTY",30001,"PROPOSITION",,36,36,2,"AGAINST THE PROPOSITION - NO",,0,0,8,8,ROGERS
8/13/2013,"660110","ROGERS COUNTY",30001,"PROPOSITION",,36,36,1,"FOR THE PROPOSITION - YES",,3,0,41,44,ROGERS
8/13/2013,"660110","ROGERS COUNTY",30001,"PROPOSITION",,36,36,2,"AGAINST THE PROPOSITION - NO",,0,1,19,20,ROGERS
8/13/2013,"660116","ROGERS COUNTY",30001,"PROPOSITION",,36,36,1,"FOR THE PROPOSITION - YES",,1,0,36,37,ROGERS
8/13/2013,"660116","ROGERS COUNTY",30001,"PROPOSITION",,36,36,2,"AGAINST THE PROPOSITION - NO",,1,0,27,28,ROGERS
8/13/2013,"660120","ROGERS COUNTY",30001,"PROPOSITION",,36,36,1,"FOR THE PROPOSITION - YES",,5,3,47,55,ROGERS
8/13/2013,"660120","ROGERS COUNTY",30001,"PROPOSITION",,36,36,2,"AGAINST THE PROPOSITION - NO",,5,2,32,39,ROGERS
8/13/2013,"660128","ROGERS COUNTY",30001,"PROPOSITION",,36,36,1,"FOR THE PROPOSITION - YES",,0,3,53,56,ROGERS
8/13/2013,"660128","ROGERS COUNTY",30001,"PROPOSITION",,36,36,2,"AGAINST THE PROPOSITION - NO",,0,0,18,18,ROGERS
8/13/2013,"660130","ROGERS COUNTY",30001,"PROPOSITION",,36,36,1,"FOR THE PROPOSITION - YES",,9,3,51,63,ROGERS
8/13/2013,"660130","ROGERS COUNTY",30001,"PROPOSITION",,36,36,2,"AGAINST THE PROPOSITION - NO",,5,2,17,24,ROGERS
8/13/2013,"680203","SALLISAW PUBLIC SCHOOLS",56801,"FOR INDEPENDENT SCHOOL BOARD MEMBER OFFICE NO. 5 (UNEXPIRED TERM)  SALLISAW PUBLIC SCHOOLS",,12,12,1,"JUSTIN McGREW",,0,0,0,0,,
8/13/2013,"680203","SALLISAW PUBLIC SCHOOLS",56801,"FOR INDEPENDENT SCHOOL BOARD MEMBER OFFICE NO. 5 (UNEXPIRED TERM)  SALLISAW PUBLIC SCHOOLS",,12,12,2,"BOB SIVILS",,0,0,0,0,,
8/13/2013,"680204","SALLISAW PUBLIC SCHOOLS",56801,"FOR INDEPENDENT SCHOOL BOARD MEMBER OFFICE NO. 5 (UNEXPIRED TERM)  SALLISAW PUBLIC SCHOOLS",,12,12,1,"JUSTIN McGREW",,0,1,9,10,,
8/13/2013,"680204","SALLISAW PUBLIC SCHOOLS",56801,"FOR INDEPENDENT SCHOOL BOARD MEMBER OFFICE NO. 5 (UNEXPIRED TERM)  SALLISAW PUBLIC SCHOOLS",,12,12,2,"BOB SIVILS",,0,0,9,9,,
8/13/2013,"680205","SALLISAW PUBLIC SCHOOLS",56801,"FOR INDEPENDENT SCHOOL BOARD MEMBER OFFICE NO. 5 (UNEXPIRED TERM)  SALLISAW PUBLIC SCHOOLS",,12,12,1,"JUSTIN McGREW",,0,5,49,54,,
8/13/2013,"680205","SALLISAW PUBLIC SCHOOLS",56801,"FOR INDEPENDENT SCHOOL BOARD MEMBER OFFICE NO. 5 (UNEXPIRED TERM)  SALLISAW PUBLIC SCHOOLS",,12,12,2,"BOB SIVILS",,0,7,51,58,,
8/13/2013,"680206","SALLISAW PUBLIC SCHOOLS",56801,"FOR INDEPENDENT SCHOOL BOARD MEMBER OFFICE NO. 5 (UNEXPIRED TERM)  SALLISAW PUBLIC SCHOOLS",,12,12,1,"JUSTIN McGREW",,0,4,13,17,,
8/13/2013,"680206","SALLISAW PUBLIC SCHOOLS",56801,"FOR INDEPENDENT SCHOOL BOARD MEMBER OFFICE NO. 5 (UNEXPIRED TERM)  SALLISAW PUBLIC SCHOOLS",,12,12,2,"BOB SIVILS",,0,6,7,13,,
8/13/2013,"680207","SALLISAW PUBLIC SCHOOLS",56801,"FOR INDEPENDENT SCHOOL BOARD MEMBER OFFICE NO. 5 (UNEXPIRED TERM)  SALLISAW PUBLIC SCHOOLS",,12,12,1,"JUSTIN McGREW",,0,0,0,0,,
8/13/2013,"680207","SALLISAW PUBLIC SCHOOLS",56801,"FOR INDEPENDENT SCHOOL BOARD MEMBER OFFICE NO. 5 (UNEXPIRED TERM)  SALLISAW PUBLIC SCHOOLS",,12,12,2,"BOB SIVILS",,0,0,0,0,,
8/13/2013,"680301","SALLISAW PUBLIC SCHOOLS",56801,"FOR INDEPENDENT SCHOOL BOARD MEMBER OFFICE NO. 5 (UNEXPIRED TERM)  SALLISAW PUBLIC SCHOOLS",,12,12,1,"JUSTIN McGREW",,0,11,87,98,,
8/13/2013,"680301","SALLISAW PUBLIC SCHOOLS",56801,"FOR INDEPENDENT SCHOOL BOARD MEMBER OFFICE NO. 5 (UNEXPIRED TERM)  SALLISAW PUBLIC SCHOOLS",,12,12,2,"BOB SIVILS",,1,3,77,81,,
8/13/2013,"680302","SALLISAW PUBLIC SCHOOLS",56801,"FOR INDEPENDENT SCHOOL BOARD MEMBER OFFICE NO. 5 (UNEXPIRED TERM)  SALLISAW PUBLIC SCHOOLS",,12,12,1,"JUSTIN McGREW",,0,5,33,38,,
8/13/2013,"680302","SALLISAW PUBLIC SCHOOLS",56801,"FOR INDEPENDENT SCHOOL BOARD MEMBER OFFICE NO. 5 (UNEXPIRED TERM)  SALLISAW PUBLIC SCHOOLS",,12,12,2,"BOB SIVILS",,0,2,26,28,,
8/13/2013,"680303","SALLISAW PUBLIC SCHOOLS",56801,"FOR INDEPENDENT SCHOOL BOARD MEMBER OFFICE NO. 5 (UNEXPIRED TERM)  SALLISAW PUBLIC SCHOOLS",,12,12,1,"JUSTIN McGREW",,1,14,98,113,,
8/13/2013,"680303","SALLISAW PUBLIC SCHOOLS",56801,"FOR INDEPENDENT SCHOOL BOARD MEMBER OFFICE NO. 5 (UNEXPIRED TERM)  SALLISAW PUBLIC SCHOOLS",,12,12,2,"BOB SIVILS",,0,10,85,95,,
8/13/2013,"680304","SALLISAW PUBLIC SCHOOLS",56801,"FOR INDEPENDENT SCHOOL BOARD MEMBER OFFICE NO. 5 (UNEXPIRED TERM)  SALLISAW PUBLIC SCHOOLS",,12,12,1,"JUSTIN McGREW",,0,1,7,8,,
8/13/2013,"680304","SALLISAW PUBLIC SCHOOLS",56801,"FOR INDEPENDENT SCHOOL BOARD MEMBER OFFICE NO. 5 (UNEXPIRED TERM)  SALLISAW PUBLIC SCHOOLS",,12,12,2,"BOB SIVILS",,0,0,22,22,,
8/13/2013,"680306","SALLISAW PUBLIC SCHOOLS",56801,"FOR INDEPENDENT SCHOOL BOARD MEMBER OFFICE NO. 5 (UNEXPIRED TERM)  SALLISAW PUBLIC SCHOOLS",,12,12,1,"JUSTIN McGREW",,0,1,5,6,,
8/13/2013,"680306","SALLISAW PUBLIC SCHOOLS",56801,"FOR INDEPENDENT SCHOOL BOARD MEMBER OFFICE NO. 5 (UNEXPIRED TERM)  SALLISAW PUBLIC SCHOOLS",,12,12,2,"BOB SIVILS",,0,0,2,2,,
8/13/2013,"680307","SALLISAW PUBLIC SCHOOLS",56801,"FOR INDEPENDENT SCHOOL BOARD MEMBER OFFICE NO. 5 (UNEXPIRED TERM)  SALLISAW PUBLIC SCHOOLS",,12,12,1,"JUSTIN McGREW",,0,2,14,16,,
8/13/2013,"680307","SALLISAW PUBLIC SCHOOLS",56801,"FOR INDEPENDENT SCHOOL BOARD MEMBER OFFICE NO. 5 (UNEXPIRED TERM)  SALLISAW PUBLIC SCHOOLS",,12,12,2,"BOB SIVILS",,0,0,16,16,,
8/13/2013,"680308","SALLISAW PUBLIC SCHOOLS",56801,"FOR INDEPENDENT SCHOOL BOARD MEMBER OFFICE NO. 5 (UNEXPIRED TERM)  SALLISAW PUBLIC SCHOOLS",,12,12,1,"JUSTIN McGREW",,0,0,0,0,,
8/13/2013,"680308","SALLISAW PUBLIC SCHOOLS",56801,"FOR INDEPENDENT SCHOOL BOARD MEMBER OFFICE NO. 5 (UNEXPIRED TERM)  SALLISAW PUBLIC SCHOOLS",,12,12,2,"BOB SIVILS",,0,0,3,3,,
8/13/2013,"720072","TULSA COUNTY",20721,"FOR COUNTY COMMISSIONER DISTRICT NO. 3 (UNEXPIRED TERM)",,95,95,1,"JOHN BOMAR",DEM,0,0,12,12,TULSA
8/13/2013,"720072","TULSA COUNTY",20721,"FOR COUNTY COMMISSIONER DISTRICT NO. 3 (UNEXPIRED TERM)",,95,95,2,"RON PETERS",REP,0,0,50,50,TULSA
8/13/2013,"720073","TULSA COUNTY",20721,"FOR COUNTY COMMISSIONER DISTRICT NO. 3 (UNEXPIRED TERM)",,95,95,1,"JOHN BOMAR",DEM,0,0,12,12,TULSA
8/13/2013,"720073","TULSA COUNTY",20721,"FOR COUNTY COMMISSIONER DISTRICT NO. 3 (UNEXPIRED TERM)",,95,95,2,"RON PETERS",REP,0,0,40,40,TULSA
8/13/2013,"720074","TULSA COUNTY",20721,"FOR COUNTY COMMISSIONER DISTRICT NO. 3 (UNEXPIRED TERM)",,95,95,1,"JOHN BOMAR",DEM,0,0,16,16,TULSA
8/13/2013,"720074","TULSA COUNTY",20721,"FOR COUNTY COMMISSIONER DISTRICT NO. 3 (UNEXPIRED TERM)",,95,95,2,"RON PETERS",REP,0,0,68,68,TULSA
8/13/2013,"720080","TULSA COUNTY",20721,"FOR COUNTY COMMISSIONER DISTRICT NO. 3 (UNEXPIRED TERM)",,95,95,1,"JOHN BOMAR",DEM,0,0,2,2,TULSA
8/13/2013,"720080","TULSA COUNTY",20721,"FOR COUNTY COMMISSIONER DISTRICT NO. 3 (UNEXPIRED TERM)",,95,95,2,"RON PETERS",REP,0,0,6,6,TULSA
8/13/2013,"720081","TULSA COUNTY",20721,"FOR COUNTY COMMISSIONER DISTRICT NO. 3 (UNEXPIRED TERM)",,95,95,1,"JOHN BOMAR",DEM,0,0,24,24,TULSA
8/13/2013,"720081","TULSA COUNTY",20721,"FOR COUNTY COMMISSIONER DISTRICT NO. 3 (UNEXPIRED TERM)",,95,95,2,"RON PETERS",REP,0,0,82,82,TULSA
8/13/2013,"720082","TULSA COUNTY",20721,"FOR COUNTY COMMISSIONER DISTRICT NO. 3 (UNEXPIRED TERM)",,95,95,1,"JOHN BOMAR",DEM,0,0,13,13,TULSA
8/13/2013,"720082","TULSA COUNTY",20721,"FOR COUNTY COMMISSIONER DISTRICT NO. 3 (UNEXPIRED TERM)",,95,95,2,"RON PETERS",REP,0,0,47,47,TULSA
8/13/2013,"720083","TULSA COUNTY",20721,"FOR COUNTY COMMISSIONER DISTRICT NO. 3 (UNEXPIRED TERM)",,95,95,1,"JOHN BOMAR",DEM,0,0,4,4,TULSA
8/13/2013,"720083","TULSA COUNTY",20721,"FOR COUNTY COMMISSIONER DISTRICT NO. 3 (UNEXPIRED TERM)",,95,95,2,"RON PETERS",REP,0,0,16,16,TULSA
8/13/2013,"720084","TULSA COUNTY",20721,"FOR COUNTY COMMISSIONER DISTRICT NO. 3 (UNEXPIRED TERM)",,95,95,1,"JOHN BOMAR",DEM,0,0,7,7,TULSA
8/13/2013,"720084","TULSA COUNTY",20721,"FOR COUNTY COMMISSIONER DISTRICT NO. 3 (UNEXPIRED TERM)",,95,95,2,"RON PETERS",REP,0,0,47,47,TULSA
8/13/2013,"720086","TULSA COUNTY",20721,"FOR COUNTY COMMISSIONER DISTRICT NO. 3 (UNEXPIRED TERM)",,95,95,1,"JOHN BOMAR",DEM,0,0,1,1,TULSA
8/13/2013,"720086","TULSA COUNTY",20721,"FOR COUNTY COMMISSIONER DISTRICT NO. 3 (UNEXPIRED TERM)",,95,95,2,"RON PETERS",REP,0,0,19,19,TULSA
8/13/2013,"720087","TULSA COUNTY",20721,"FOR COUNTY COMMISSIONER DISTRICT NO. 3 (UNEXPIRED TERM)",,95,95,1,"JOHN BOMAR",DEM,0,0,14,14,TULSA
8/13/2013,"720087","TULSA COUNTY",20721,"FOR COUNTY COMMISSIONER DISTRICT NO. 3 (UNEXPIRED TERM)",,95,95,2,"RON PETERS",REP,0,0,49,49,TULSA
8/13/2013,"720088","TULSA COUNTY",20721,"FOR COUNTY COMMISSIONER DISTRICT NO. 3 (UNEXPIRED TERM)",,95,95,1,"JOHN BOMAR",DEM,0,0,2,2,TULSA
8/13/2013,"720088","TULSA COUNTY",20721,"FOR COUNTY COMMISSIONER DISTRICT NO. 3 (UNEXPIRED TERM)",,95,95,2,"RON PETERS",REP,0,0,9,9,TULSA
8/13/2013,"720091","TULSA COUNTY",20721,"FOR COUNTY COMMISSIONER DISTRICT NO. 3 (UNEXPIRED TERM)",,95,95,1,"JOHN BOMAR",DEM,0,0,6,6,TULSA
8/13/2013,"720091","TULSA COUNTY",20721,"FOR COUNTY COMMISSIONER DISTRICT NO. 3 (UNEXPIRED TERM)",,95,95,2,"RON PETERS",REP,0,0,16,16,TULSA
8/13/2013,"720093","TULSA COUNTY",20721,"FOR COUNTY COMMISSIONER DISTRICT NO. 3 (UNEXPIRED TERM)",,95,95,1,"JOHN BOMAR",DEM,0,0,5,5,TULSA
8/13/2013,"720093","TULSA COUNTY",20721,"FOR COUNTY COMMISSIONER DISTRICT NO. 3 (UNEXPIRED TERM)",,95,95,2,"RON PETERS",REP,0,0,18,18,TULSA
8/13/2013,"720094","TULSA COUNTY",20721,"FOR COUNTY COMMISSIONER DISTRICT NO. 3 (UNEXPIRED TERM)",,95,95,1,"JOHN BOMAR",DEM,0,0,8,8,TULSA
8/13/2013,"720094","TULSA COUNTY",20721,"FOR COUNTY COMMISSIONER DISTRICT NO. 3 (UNEXPIRED TERM)",,95,95,2,"RON PETERS",REP,0,0,35,35,TULSA
8/13/2013,"720095","TULSA COUNTY",20721,"FOR COUNTY COMMISSIONER DISTRICT NO. 3 (UNEXPIRED TERM)",,95,95,1,"JOHN BOMAR",DEM,0,0,6,6,TULSA
8/13/2013,"720095","TULSA COUNTY",20721,"FOR COUNTY COMMISSIONER DISTRICT NO. 3 (UNEXPIRED TERM)",,95,95,2,"RON PETERS",REP,0,0,37,37,TULSA
8/13/2013,"720096","TULSA COUNTY",20721,"FOR COUNTY COMMISSIONER DISTRICT NO. 3 (UNEXPIRED TERM)",,95,95,1,"JOHN BOMAR",DEM,0,0,11,11,TULSA
8/13/2013,"720096","TULSA COUNTY",20721,"FOR COUNTY COMMISSIONER DISTRICT NO. 3 (UNEXPIRED TERM)",,95,95,2,"RON PETERS",REP,0,0,32,32,TULSA
8/13/2013,"720113","TULSA COUNTY",20721,"FOR COUNTY COMMISSIONER DISTRICT NO. 3 (UNEXPIRED TERM)",,95,95,1,"JOHN BOMAR",DEM,0,0,9,9,TULSA
8/13/2013,"720113","TULSA COUNTY",20721,"FOR COUNTY COMMISSIONER DISTRICT NO. 3 (UNEXPIRED TERM)",,95,95,2,"RON PETERS",REP,0,0,47,47,TULSA
8/13/2013,"720114","TULSA COUNTY",20721,"FOR COUNTY COMMISSIONER DISTRICT NO. 3 (UNEXPIRED TERM)",,95,95,1,"JOHN BOMAR",DEM,0,0,7,7,TULSA
8/13/2013,"720114","TULSA COUNTY",20721,"FOR COUNTY COMMISSIONER DISTRICT NO. 3 (UNEXPIRED TERM)",,95,95,2,"RON PETERS",REP,0,0,27,27,TULSA
8/13/2013,"720115","TULSA COUNTY",20721,"FOR COUNTY COMMISSIONER DISTRICT NO. 3 (UNEXPIRED TERM)",,95,95,1,"JOHN BOMAR",DEM,0,0,6,6,TULSA
8/13/2013,"720115","TULSA COUNTY",20721,"FOR COUNTY COMMISSIONER DISTRICT NO. 3 (UNEXPIRED TERM)",,95,95,2,"RON PETERS",REP,0,0,37,37,TULSA
8/13/2013,"720116","TULSA COUNTY",20721,"FOR COUNTY COMMISSIONER DISTRICT NO. 3 (UNEXPIRED TERM)",,95,95,1,"JOHN BOMAR",DEM,0,0,11,11,TULSA
8/13/2013,"720116","TULSA COUNTY",20721,"FOR COUNTY COMMISSIONER DISTRICT NO. 3 (UNEXPIRED TERM)",,95,95,2,"RON PETERS",REP,0,0,61,61,TULSA
8/13/2013,"720117","TULSA COUNTY",20721,"FOR COUNTY COMMISSIONER DISTRICT NO. 3 (UNEXPIRED TERM)",,95,95,1,"JOHN BOMAR",DEM,0,0,16,16,TULSA
8/13/2013,"720117","TULSA COUNTY",20721,"FOR COUNTY COMMISSIONER DISTRICT NO. 3 (UNEXPIRED TERM)",,95,95,2,"RON PETERS",REP,0,0,59,59,TULSA
8/13/2013,"720118","TULSA COUNTY",20721,"FOR COUNTY COMMISSIONER DISTRICT NO. 3 (UNEXPIRED TERM)",,95,95,1,"JOHN BOMAR",DEM,0,0,11,11,TULSA
8/13/2013,"720118","TULSA COUNTY",20721,"FOR COUNTY COMMISSIONER DISTRICT NO. 3 (UNEXPIRED TERM)",,95,95,2,"RON PETERS",REP,0,0,41,41,TULSA
8/13/2013,"720119","TULSA COUNTY",20721,"FOR COUNTY COMMISSIONER DISTRICT NO. 3 (UNEXPIRED TERM)",,95,95,1,"JOHN BOMAR",DEM,0,0,6,6,TULSA
8/13/2013,"720119","TULSA COUNTY",20721,"FOR COUNTY COMMISSIONER DISTRICT NO. 3 (UNEXPIRED TERM)",,95,95,2,"RON PETERS",REP,0,0,41,41,TULSA
8/13/2013,"720120","TULSA COUNTY",20721,"FOR COUNTY COMMISSIONER DISTRICT NO. 3 (UNEXPIRED TERM)",,95,95,1,"JOHN BOMAR",DEM,0,0,3,3,TULSA
8/13/2013,"720120","TULSA COUNTY",20721,"FOR COUNTY COMMISSIONER DISTRICT NO. 3 (UNEXPIRED TERM)",,95,95,2,"RON PETERS",REP,0,0,18,18,TULSA
8/13/2013,"720121","TULSA COUNTY",20721,"FOR COUNTY COMMISSIONER DISTRICT NO. 3 (UNEXPIRED TERM)",,95,95,1,"JOHN BOMAR",DEM,0,0,25,25,TULSA
8/13/2013,"720121","TULSA COUNTY",20721,"FOR COUNTY COMMISSIONER DISTRICT NO. 3 (UNEXPIRED TERM)",,95,95,2,"RON PETERS",REP,0,0,53,53,TULSA
8/13/2013,"720122","TULSA COUNTY",20721,"FOR COUNTY COMMISSIONER DISTRICT NO. 3 (UNEXPIRED TERM)",,95,95,1,"JOHN BOMAR",DEM,0,0,1,1,TULSA
8/13/2013,"720122","TULSA COUNTY",20721,"FOR COUNTY COMMISSIONER DISTRICT NO. 3 (UNEXPIRED TERM)",,95,95,2,"RON PETERS",REP,0,0,19,19,TULSA
8/13/2013,"720123","TULSA COUNTY",20721,"FOR COUNTY COMMISSIONER DISTRICT NO. 3 (UNEXPIRED TERM)",,95,95,1,"JOHN BOMAR",DEM,0,0,11,11,TULSA
8/13/2013,"720123","TULSA COUNTY",20721,"FOR COUNTY COMMISSIONER DISTRICT NO. 3 (UNEXPIRED TERM)",,95,95,2,"RON PETERS",REP,0,0,81,81,TULSA
8/13/2013,"720124","TULSA COUNTY",20721,"FOR COUNTY COMMISSIONER DISTRICT NO. 3 (UNEXPIRED TERM)",,95,95,1,"JOHN BOMAR",DEM,0,0,13,13,TULSA
8/13/2013,"720124","TULSA COUNTY",20721,"FOR COUNTY COMMISSIONER DISTRICT NO. 3 (UNEXPIRED TERM)",,95,95,2,"RON PETERS",REP,0,0,52,52,TULSA
8/13/2013,"720125","TULSA COUNTY",20721,"FOR COUNTY COMMISSIONER DISTRICT NO. 3 (UNEXPIRED TERM)",,95,95,1,"JOHN BOMAR",DEM,0,0,9,9,TULSA
8/13/2013,"720125","TULSA COUNTY",20721,"FOR COUNTY COMMISSIONER DISTRICT NO. 3 (UNEXPIRED TERM)",,95,95,2,"RON PETERS",REP,0,0,57,57,TULSA
8/13/2013,"720126","TULSA COUNTY",20721,"FOR COUNTY COMMISSIONER DISTRICT NO. 3 (UNEXPIRED TERM)",,95,95,1,"JOHN BOMAR",DEM,0,0,10,10,TULSA
8/13/2013,"720126","TULSA COUNTY",20721,"FOR COUNTY COMMISSIONER DISTRICT NO. 3 (UNEXPIRED TERM)",,95,95,2,"RON PETERS",REP,0,0,63,63,TULSA
8/13/2013,"720127","TULSA COUNTY",20721,"FOR COUNTY COMMISSIONER DISTRICT NO. 3 (UNEXPIRED TERM)",,95,95,1,"JOHN BOMAR",DEM,0,0,3,3,TULSA
8/13/2013,"720127","TULSA COUNTY",20721,"FOR COUNTY COMMISSIONER DISTRICT NO. 3 (UNEXPIRED TERM)",,95,95,2,"RON PETERS",REP,0,0,29,29,TULSA
8/13/2013,"720128","TULSA COUNTY",20721,"FOR COUNTY COMMISSIONER DISTRICT NO. 3 (UNEXPIRED TERM)",,95,95,1,"JOHN BOMAR",DEM,0,0,15,15,TULSA
8/13/2013,"720128","TULSA COUNTY",20721,"FOR COUNTY COMMISSIONER DISTRICT NO. 3 (UNEXPIRED TERM)",,95,95,2,"RON PETERS",REP,0,0,47,47,TULSA
8/13/2013,"720129","TULSA COUNTY",20721,"FOR COUNTY COMMISSIONER DISTRICT NO. 3 (UNEXPIRED TERM)",,95,95,1,"JOHN BOMAR",DEM,0,0,10,10,TULSA
8/13/2013,"720129","TULSA COUNTY",20721,"FOR COUNTY COMMISSIONER DISTRICT NO. 3 (UNEXPIRED TERM)",,95,95,2,"RON PETERS",REP,0,0,67,67,TULSA
8/13/2013,"720130","TULSA COUNTY",20721,"FOR COUNTY COMMISSIONER DISTRICT NO. 3 (UNEXPIRED TERM)",,95,95,1,"JOHN BOMAR",DEM,0,0,9,9,TULSA
8/13/2013,"720130","TULSA COUNTY",20721,"FOR COUNTY COMMISSIONER DISTRICT NO. 3 (UNEXPIRED TERM)",,95,95,2,"RON PETERS",REP,0,0,55,55,TULSA
8/13/2013,"720132","TULSA COUNTY",20721,"FOR COUNTY COMMISSIONER DISTRICT NO. 3 (UNEXPIRED TERM)",,95,95,1,"JOHN BOMAR",DEM,0,0,22,22,TULSA
8/13/2013,"720132","TULSA COUNTY",20721,"FOR COUNTY COMMISSIONER DISTRICT NO. 3 (UNEXPIRED TERM)",,95,95,2,"RON PETERS",REP,0,0,66,66,TULSA
8/13/2013,"720133","TULSA COUNTY",20721,"FOR COUNTY COMMISSIONER DISTRICT NO. 3 (UNEXPIRED TERM)",,95,95,1,"JOHN BOMAR",DEM,0,0,10,10,TULSA
8/13/2013,"720133","TULSA COUNTY",20721,"FOR COUNTY COMMISSIONER DISTRICT NO. 3 (UNEXPIRED TERM)",,95,95,2,"RON PETERS",REP,0,0,53,53,TULSA
8/13/2013,"720134","TULSA COUNTY",20721,"FOR COUNTY COMMISSIONER DISTRICT NO. 3 (UNEXPIRED TERM)",,95,95,1,"JOHN BOMAR",DEM,0,0,9,9,TULSA
8/13/2013,"720134","TULSA COUNTY",20721,"FOR COUNTY COMMISSIONER DISTRICT NO. 3 (UNEXPIRED TERM)",,95,95,2,"RON PETERS",REP,0,0,51,51,TULSA
8/13/2013,"720135","TULSA COUNTY",20721,"FOR COUNTY COMMISSIONER DISTRICT NO. 3 (UNEXPIRED TERM)",,95,95,1,"JOHN BOMAR",DEM,0,0,9,9,TULSA
8/13/2013,"720135","TULSA COUNTY",20721,"FOR COUNTY COMMISSIONER DISTRICT NO. 3 (UNEXPIRED TERM)",,95,95,2,"RON PETERS",REP,0,0,42,42,TULSA
8/13/2013,"720136","TULSA COUNTY",20721,"FOR COUNTY COMMISSIONER DISTRICT NO. 3 (UNEXPIRED TERM)",,95,95,1,"JOHN BOMAR",DEM,0,0,3,3,TULSA
8/13/2013,"720136","TULSA COUNTY",20721,"FOR COUNTY COMMISSIONER DISTRICT NO. 3 (UNEXPIRED TERM)",,95,95,2,"RON PETERS",REP,0,0,22,22,TULSA
8/13/2013,"720137","TULSA COUNTY",20721,"FOR COUNTY COMMISSIONER DISTRICT NO. 3 (UNEXPIRED TERM)",,95,95,1,"JOHN BOMAR",DEM,0,0,4,4,TULSA
8/13/2013,"720137","TULSA COUNTY",20721,"FOR COUNTY COMMISSIONER DISTRICT NO. 3 (UNEXPIRED TERM)",,95,95,2,"RON PETERS",REP,0,0,13,13,TULSA
8/13/2013,"720153","TULSA COUNTY",20721,"FOR COUNTY COMMISSIONER DISTRICT NO. 3 (UNEXPIRED TERM)",,95,95,1,"JOHN BOMAR",DEM,0,0,8,8,TULSA
8/13/2013,"720153","TULSA COUNTY",20721,"FOR COUNTY COMMISSIONER DISTRICT NO. 3 (UNEXPIRED TERM)",,95,95,2,"RON PETERS",REP,0,0,16,16,TULSA
8/13/2013,"720154","TULSA COUNTY",20721,"FOR COUNTY COMMISSIONER DISTRICT NO. 3 (UNEXPIRED TERM)",,95,95,1,"JOHN BOMAR",DEM,0,0,11,11,TULSA
8/13/2013,"720154","TULSA COUNTY",20721,"FOR COUNTY COMMISSIONER DISTRICT NO. 3 (UNEXPIRED TERM)",,95,95,2,"RON PETERS",REP,0,0,49,49,TULSA
8/13/2013,"720155","TULSA COUNTY",20721,"FOR COUNTY COMMISSIONER DISTRICT NO. 3 (UNEXPIRED TERM)",,95,95,1,"JOHN BOMAR",DEM,0,0,12,12,TULSA
8/13/2013,"720155","TULSA COUNTY",20721,"FOR COUNTY COMMISSIONER DISTRICT NO. 3 (UNEXPIRED TERM)",,95,95,2,"RON PETERS",REP,0,0,73,73,TULSA
8/13/2013,"720156","TULSA COUNTY",20721,"FOR COUNTY COMMISSIONER DISTRICT NO. 3 (UNEXPIRED TERM)",,95,95,1,"JOHN BOMAR",DEM,0,0,1,1,TULSA
8/13/2013,"720156","TULSA COUNTY",20721,"FOR COUNTY COMMISSIONER DISTRICT NO. 3 (UNEXPIRED TERM)",,95,95,2,"RON PETERS",REP,0,0,2,2,TULSA
8/13/2013,"720157","TULSA COUNTY",20721,"FOR COUNTY COMMISSIONER DISTRICT NO. 3 (UNEXPIRED TERM)",,95,95,1,"JOHN BOMAR",DEM,0,0,14,14,TULSA
8/13/2013,"720157","TULSA COUNTY",20721,"FOR COUNTY COMMISSIONER DISTRICT NO. 3 (UNEXPIRED TERM)",,95,95,2,"RON PETERS",REP,0,0,70,70,TULSA
8/13/2013,"720158","TULSA COUNTY",20721,"FOR COUNTY COMMISSIONER DISTRICT NO. 3 (UNEXPIRED TERM)",,95,95,1,"JOHN BOMAR",DEM,0,0,2,2,TULSA
8/13/2013,"720158","TULSA COUNTY",20721,"FOR COUNTY COMMISSIONER DISTRICT NO. 3 (UNEXPIRED TERM)",,95,95,2,"RON PETERS",REP,0,0,23,23,TULSA
8/13/2013,"720159","TULSA COUNTY",20721,"FOR COUNTY COMMISSIONER DISTRICT NO. 3 (UNEXPIRED TERM)",,95,95,1,"JOHN BOMAR",DEM,0,0,5,5,TULSA
8/13/2013,"720159","TULSA COUNTY",20721,"FOR COUNTY COMMISSIONER DISTRICT NO. 3 (UNEXPIRED TERM)",,95,95,2,"RON PETERS",REP,0,0,30,30,TULSA
8/13/2013,"720160","TULSA COUNTY",20721,"FOR COUNTY COMMISSIONER DISTRICT NO. 3 (UNEXPIRED TERM)",,95,95,1,"JOHN BOMAR",DEM,0,0,10,10,TULSA
8/13/2013,"720160","TULSA COUNTY",20721,"FOR COUNTY COMMISSIONER DISTRICT NO. 3 (UNEXPIRED TERM)",,95,95,2,"RON PETERS",REP,0,0,71,71,TULSA
8/13/2013,"720162","TULSA COUNTY",20721,"FOR COUNTY COMMISSIONER DISTRICT NO. 3 (UNEXPIRED TERM)",,95,95,1,"JOHN BOMAR",DEM,0,0,0,0,TULSA
8/13/2013,"720162","TULSA COUNTY",20721,"FOR COUNTY COMMISSIONER DISTRICT NO. 3 (UNEXPIRED TERM)",,95,95,2,"RON PETERS",REP,0,0,5,5,TULSA
8/13/2013,"720163","TULSA COUNTY",20721,"FOR COUNTY COMMISSIONER DISTRICT NO. 3 (UNEXPIRED TERM)",,95,95,1,"JOHN BOMAR",DEM,0,0,10,10,TULSA
8/13/2013,"720163","TULSA COUNTY",20721,"FOR COUNTY COMMISSIONER DISTRICT NO. 3 (UNEXPIRED TERM)",,95,95,2,"RON PETERS",REP,0,0,67,67,TULSA
8/13/2013,"720164","TULSA COUNTY",20721,"FOR COUNTY COMMISSIONER DISTRICT NO. 3 (UNEXPIRED TERM)",,95,95,1,"JOHN BOMAR",DEM,0,0,10,10,TULSA
8/13/2013,"720164","TULSA COUNTY",20721,"FOR COUNTY COMMISSIONER DISTRICT NO. 3 (UNEXPIRED TERM)",,95,95,2,"RON PETERS",REP,0,0,20,20,TULSA
8/13/2013,"720165","TULSA COUNTY",20721,"FOR COUNTY COMMISSIONER DISTRICT NO. 3 (UNEXPIRED TERM)",,95,95,1,"JOHN BOMAR",DEM,0,0,3,3,TULSA
8/13/2013,"720165","TULSA COUNTY",20721,"FOR COUNTY COMMISSIONER DISTRICT NO. 3 (UNEXPIRED TERM)",,95,95,2,"RON PETERS",REP,0,0,43,43,TULSA
8/13/2013,"720166","TULSA COUNTY",20721,"FOR COUNTY COMMISSIONER DISTRICT NO. 3 (UNEXPIRED TERM)",,95,95,1,"JOHN BOMAR",DEM,0,0,14,14,TULSA
8/13/2013,"720166","TULSA COUNTY",20721,"FOR COUNTY COMMISSIONER DISTRICT NO. 3 (UNEXPIRED TERM)",,95,95,2,"RON PETERS",REP,0,0,55,55,TULSA
8/13/2013,"720167","TULSA COUNTY",20721,"FOR COUNTY COMMISSIONER DISTRICT NO. 3 (UNEXPIRED TERM)",,95,95,1,"JOHN BOMAR",DEM,0,0,10,10,TULSA
8/13/2013,"720167","TULSA COUNTY",20721,"FOR COUNTY COMMISSIONER DISTRICT NO. 3 (UNEXPIRED TERM)",,95,95,2,"RON PETERS",REP,0,0,40,40,TULSA
8/13/2013,"720168","TULSA COUNTY",20721,"FOR COUNTY COMMISSIONER DISTRICT NO. 3 (UNEXPIRED TERM)",,95,95,1,"JOHN BOMAR",DEM,0,0,18,18,TULSA
8/13/2013,"720168","TULSA COUNTY",20721,"FOR COUNTY COMMISSIONER DISTRICT NO. 3 (UNEXPIRED TERM)",,95,95,2,"RON PETERS",REP,0,0,51,51,TULSA
8/13/2013,"720169","TULSA COUNTY",20721,"FOR COUNTY COMMISSIONER DISTRICT NO. 3 (UNEXPIRED TERM)",,95,95,1,"JOHN BOMAR",DEM,0,0,15,15,TULSA
8/13/2013,"720169","TULSA COUNTY",20721,"FOR COUNTY COMMISSIONER DISTRICT NO. 3 (UNEXPIRED TERM)",,95,95,2,"RON PETERS",REP,0,0,60,60,TULSA
8/13/2013,"720170","TULSA COUNTY",20721,"FOR COUNTY COMMISSIONER DISTRICT NO. 3 (UNEXPIRED TERM)",,95,95,1,"JOHN BOMAR",DEM,0,0,5,5,TULSA
8/13/2013,"720170","TULSA COUNTY",20721,"FOR COUNTY COMMISSIONER DISTRICT NO. 3 (UNEXPIRED TERM)",,95,95,2,"RON PETERS",REP,0,0,27,27,TULSA
8/13/2013,"720171","TULSA COUNTY",20721,"FOR COUNTY COMMISSIONER DISTRICT NO. 3 (UNEXPIRED TERM)",,95,95,1,"JOHN BOMAR",DEM,0,0,8,8,TULSA
8/13/2013,"720171","TULSA COUNTY",20721,"FOR COUNTY COMMISSIONER DISTRICT NO. 3 (UNEXPIRED TERM)",,95,95,2,"RON PETERS",REP,0,0,16,16,TULSA
8/13/2013,"720172","TULSA COUNTY",20721,"FOR COUNTY COMMISSIONER DISTRICT NO. 3 (UNEXPIRED TERM)",,95,95,1,"JOHN BOMAR",DEM,0,0,16,16,TULSA
8/13/2013,"720172","TULSA COUNTY",20721,"FOR COUNTY COMMISSIONER DISTRICT NO. 3 (UNEXPIRED TERM)",,95,95,2,"RON PETERS",REP,0,0,39,39,TULSA
8/13/2013,"720173","TULSA COUNTY",20721,"FOR COUNTY COMMISSIONER DISTRICT NO. 3 (UNEXPIRED TERM)",,95,95,1,"JOHN BOMAR",DEM,0,0,14,14,TULSA
8/13/2013,"720173","TULSA COUNTY",20721,"FOR COUNTY COMMISSIONER DISTRICT NO. 3 (UNEXPIRED TERM)",,95,95,2,"RON PETERS",REP,0,0,36,36,TULSA
8/13/2013,"720351","TULSA COUNTY",20721,"FOR COUNTY COMMISSIONER DISTRICT NO. 3 (UNEXPIRED TERM)",,95,95,1,"JOHN BOMAR",DEM,0,0,14,14,TULSA
8/13/2013,"720351","TULSA COUNTY",20721,"FOR COUNTY COMMISSIONER DISTRICT NO. 3 (UNEXPIRED TERM)",,95,95,2,"RON PETERS",REP,0,0,44,44,TULSA
8/13/2013,"720352","TULSA COUNTY",20721,"FOR COUNTY COMMISSIONER DISTRICT NO. 3 (UNEXPIRED TERM)",,95,95,1,"JOHN BOMAR",DEM,0,0,9,9,TULSA
8/13/2013,"720352","TULSA COUNTY",20721,"FOR COUNTY COMMISSIONER DISTRICT NO. 3 (UNEXPIRED TERM)",,95,95,2,"RON PETERS",REP,0,0,33,33,TULSA
8/13/2013,"720353","TULSA COUNTY",20721,"FOR COUNTY COMMISSIONER DISTRICT NO. 3 (UNEXPIRED TERM)",,95,95,1,"JOHN BOMAR",DEM,0,0,4,4,TULSA
8/13/2013,"720353","TULSA COUNTY",20721,"FOR COUNTY COMMISSIONER DISTRICT NO. 3 (UNEXPIRED TERM)",,95,95,2,"RON PETERS",REP,0,0,9,9,TULSA
8/13/2013,"720354","TULSA COUNTY",20721,"FOR COUNTY COMMISSIONER DISTRICT NO. 3 (UNEXPIRED TERM)",,95,95,1,"JOHN BOMAR",DEM,0,0,9,9,TULSA
8/13/2013,"720354","TULSA COUNTY",20721,"FOR COUNTY COMMISSIONER DISTRICT NO. 3 (UNEXPIRED TERM)",,95,95,2,"RON PETERS",REP,0,0,7,7,TULSA
8/13/2013,"720355","TULSA COUNTY",20721,"FOR COUNTY COMMISSIONER DISTRICT NO. 3 (UNEXPIRED TERM)",,95,95,1,"JOHN BOMAR",DEM,0,0,2,2,TULSA
8/13/2013,"720355","TULSA COUNTY",20721,"FOR COUNTY COMMISSIONER DISTRICT NO. 3 (UNEXPIRED TERM)",,95,95,2,"RON PETERS",REP,0,0,0,0,TULSA
8/13/2013,"720356","TULSA COUNTY",20721,"FOR COUNTY COMMISSIONER DISTRICT NO. 3 (UNEXPIRED TERM)",,95,95,1,"JOHN BOMAR",DEM,0,0,0,0,TULSA
8/13/2013,"720356","TULSA COUNTY",20721,"FOR COUNTY COMMISSIONER DISTRICT NO. 3 (UNEXPIRED TERM)",,95,95,2,"RON PETERS",REP,0,0,8,8,TULSA
8/13/2013,"720400","TULSA COUNTY",20721,"FOR COUNTY COMMISSIONER DISTRICT NO. 3 (UNEXPIRED TERM)",,95,95,1,"JOHN BOMAR",DEM,0,0,5,5,TULSA
8/13/2013,"720400","TULSA COUNTY",20721,"FOR COUNTY COMMISSIONER DISTRICT NO. 3 (UNEXPIRED TERM)",,95,95,2,"RON PETERS",REP,0,0,35,35,TULSA
8/13/2013,"720401","TULSA COUNTY",20721,"FOR COUNTY COMMISSIONER DISTRICT NO. 3 (UNEXPIRED TERM)",,95,95,1,"JOHN BOMAR",DEM,0,0,10,10,TULSA
8/13/2013,"720401","TULSA COUNTY",20721,"FOR COUNTY COMMISSIONER DISTRICT NO. 3 (UNEXPIRED TERM)",,95,95,2,"RON PETERS",REP,0,0,45,45,TULSA
8/13/2013,"720402","TULSA COUNTY",20721,"FOR COUNTY COMMISSIONER DISTRICT NO. 3 (UNEXPIRED TERM)",,95,95,1,"JOHN BOMAR",DEM,0,0,4,4,TULSA
8/13/2013,"720402","TULSA COUNTY",20721,"FOR COUNTY COMMISSIONER DISTRICT NO. 3 (UNEXPIRED TERM)",,95,95,2,"RON PETERS",REP,0,0,16,16,TULSA
8/13/2013,"720403","TULSA COUNTY",20721,"FOR COUNTY COMMISSIONER DISTRICT NO. 3 (UNEXPIRED TERM)",,95,95,1,"JOHN BOMAR",DEM,0,0,14,14,TULSA
8/13/2013,"720403","TULSA COUNTY",20721,"FOR COUNTY COMMISSIONER DISTRICT NO. 3 (UNEXPIRED TERM)",,95,95,2,"RON PETERS",REP,0,0,34,34,TULSA
8/13/2013,"720404","TULSA COUNTY",20721,"FOR COUNTY COMMISSIONER DISTRICT NO. 3 (UNEXPIRED TERM)",,95,95,1,"JOHN BOMAR",DEM,0,0,9,9,TULSA
8/13/2013,"720404","TULSA COUNTY",20721,"FOR COUNTY COMMISSIONER DISTRICT NO. 3 (UNEXPIRED TERM)",,95,95,2,"RON PETERS",REP,0,0,53,53,TULSA
8/13/2013,"720405","TULSA COUNTY",20721,"FOR COUNTY COMMISSIONER DISTRICT NO. 3 (UNEXPIRED TERM)",,95,95,1,"JOHN BOMAR",DEM,0,0,0,0,TULSA
8/13/2013,"720405","TULSA COUNTY",20721,"FOR COUNTY COMMISSIONER DISTRICT NO. 3 (UNEXPIRED TERM)",,95,95,2,"RON PETERS",REP,0,0,0,0,TULSA
8/13/2013,"720406","TULSA COUNTY",20721,"FOR COUNTY COMMISSIONER DISTRICT NO. 3 (UNEXPIRED TERM)",,95,95,1,"JOHN BOMAR",DEM,0,0,11,11,TULSA
8/13/2013,"720406","TULSA COUNTY",20721,"FOR COUNTY COMMISSIONER DISTRICT NO. 3 (UNEXPIRED TERM)",,95,95,2,"RON PETERS",REP,0,0,44,44,TULSA
8/13/2013,"720407","TULSA COUNTY",20721,"FOR COUNTY COMMISSIONER DISTRICT NO. 3 (UNEXPIRED TERM)",,95,95,1,"JOHN BOMAR",DEM,0,0,9,9,TULSA
8/13/2013,"720407","TULSA COUNTY",20721,"FOR COUNTY COMMISSIONER DISTRICT NO. 3 (UNEXPIRED TERM)",,95,95,2,"RON PETERS",REP,0,0,40,40,TULSA
8/13/2013,"720408","TULSA COUNTY",20721,"FOR COUNTY COMMISSIONER DISTRICT NO. 3 (UNEXPIRED TERM)",,95,95,1,"JOHN BOMAR",DEM,0,0,9,9,TULSA
8/13/2013,"720408","TULSA COUNTY",20721,"FOR COUNTY COMMISSIONER DISTRICT NO. 3 (UNEXPIRED TERM)",,95,95,2,"RON PETERS",REP,0,0,36,36,TULSA
8/13/2013,"720409","TULSA COUNTY",20721,"FOR COUNTY COMMISSIONER DISTRICT NO. 3 (UNEXPIRED TERM)",,95,95,1,"JOHN BOMAR",DEM,0,0,10,10,TULSA
8/13/2013,"720409","TULSA COUNTY",20721,"FOR COUNTY COMMISSIONER DISTRICT NO. 3 (UNEXPIRED TERM)",,95,95,2,"RON PETERS",REP,0,0,40,40,TULSA
8/13/2013,"720410","TULSA COUNTY",20721,"FOR COUNTY COMMISSIONER DISTRICT NO. 3 (UNEXPIRED TERM)",,95,95,1,"JOHN BOMAR",DEM,0,0,1,1,TULSA
8/13/2013,"720410","TULSA COUNTY",20721,"FOR COUNTY COMMISSIONER DISTRICT NO. 3 (UNEXPIRED TERM)",,95,95,2,"RON PETERS",REP,0,0,5,5,TULSA
8/13/2013,"720411","TULSA COUNTY",20721,"FOR COUNTY COMMISSIONER DISTRICT NO. 3 (UNEXPIRED TERM)",,95,95,1,"JOHN BOMAR",DEM,0,0,1,1,TULSA
8/13/2013,"720411","TULSA COUNTY",20721,"FOR COUNTY COMMISSIONER DISTRICT NO. 3 (UNEXPIRED TERM)",,95,95,2,"RON PETERS",REP,0,0,10,10,TULSA
8/13/2013,"720458","TULSA COUNTY",20721,"FOR COUNTY COMMISSIONER DISTRICT NO. 3 (UNEXPIRED TERM)",,95,95,1,"JOHN BOMAR",DEM,0,0,7,7,TULSA
8/13/2013,"720458","TULSA COUNTY",20721,"FOR COUNTY COMMISSIONER DISTRICT NO. 3 (UNEXPIRED TERM)",,95,95,2,"RON PETERS",REP,0,0,35,35,TULSA
8/13/2013,"720459","TULSA COUNTY",20721,"FOR COUNTY COMMISSIONER DISTRICT NO. 3 (UNEXPIRED TERM)",,95,95,1,"JOHN BOMAR",DEM,0,0,6,6,TULSA
8/13/2013,"720459","TULSA COUNTY",20721,"FOR COUNTY COMMISSIONER DISTRICT NO. 3 (UNEXPIRED TERM)",,95,95,2,"RON PETERS",REP,0,0,11,11,TULSA
8/13/2013,"720460","TULSA COUNTY",20721,"FOR COUNTY COMMISSIONER DISTRICT NO. 3 (UNEXPIRED TERM)",,95,95,1,"JOHN BOMAR",DEM,0,0,6,6,TULSA
8/13/2013,"720460","TULSA COUNTY",20721,"FOR COUNTY COMMISSIONER DISTRICT NO. 3 (UNEXPIRED TERM)",,95,95,2,"RON PETERS",REP,0,0,23,23,TULSA
8/13/2013,"720461","TULSA COUNTY",20721,"FOR COUNTY COMMISSIONER DISTRICT NO. 3 (UNEXPIRED TERM)",,95,95,1,"JOHN BOMAR",DEM,0,0,6,6,TULSA
8/13/2013,"720461","TULSA COUNTY",20721,"FOR COUNTY COMMISSIONER DISTRICT NO. 3 (UNEXPIRED TERM)",,95,95,2,"RON PETERS",REP,0,0,19,19,TULSA
8/13/2013,"720462","TULSA COUNTY",20721,"FOR COUNTY COMMISSIONER DISTRICT NO. 3 (UNEXPIRED TERM)",,95,95,1,"JOHN BOMAR",DEM,0,0,7,7,TULSA
8/13/2013,"720462","TULSA COUNTY",20721,"FOR COUNTY COMMISSIONER DISTRICT NO. 3 (UNEXPIRED TERM)",,95,95,2,"RON PETERS",REP,0,0,18,18,TULSA
8/13/2013,"720464","TULSA COUNTY",20721,"FOR COUNTY COMMISSIONER DISTRICT NO. 3 (UNEXPIRED TERM)",,95,95,1,"JOHN BOMAR",DEM,0,0,11,11,TULSA
8/13/2013,"720464","TULSA COUNTY",20721,"FOR COUNTY COMMISSIONER DISTRICT NO. 3 (UNEXPIRED TERM)",,95,95,2,"RON PETERS",REP,0,0,30,30,TULSA
8/13/2013,"720467","TULSA COUNTY",20721,"FOR COUNTY COMMISSIONER DISTRICT NO. 3 (UNEXPIRED TERM)",,95,95,1,"JOHN BOMAR",DEM,0,0,1,1,TULSA
8/13/2013,"720467","TULSA COUNTY",20721,"FOR COUNTY COMMISSIONER DISTRICT NO. 3 (UNEXPIRED TERM)",,95,95,2,"RON PETERS",REP,0,0,1,1,TULSA
8/13/2013,"720471","TULSA COUNTY",20721,"FOR COUNTY COMMISSIONER DISTRICT NO. 3 (UNEXPIRED TERM)",,95,95,1,"JOHN BOMAR",DEM,0,0,0,0,TULSA
8/13/2013,"720471","TULSA COUNTY",20721,"FOR COUNTY COMMISSIONER DISTRICT NO. 3 (UNEXPIRED TERM)",,95,95,2,"RON PETERS",REP,0,0,15,15,TULSA
8/13/2013,"720472","TULSA COUNTY",20721,"FOR COUNTY COMMISSIONER DISTRICT NO. 3 (UNEXPIRED TERM)",,95,95,1,"JOHN BOMAR",DEM,0,0,6,6,TULSA
8/13/2013,"720472","TULSA COUNTY",20721,"FOR COUNTY COMMISSIONER DISTRICT NO. 3 (UNEXPIRED TERM)",,95,95,2,"RON PETERS",REP,0,0,20,20,TULSA
8/13/2013,"720473","TULSA COUNTY",20721,"FOR COUNTY COMMISSIONER DISTRICT NO. 3 (UNEXPIRED TERM)",,95,95,1,"JOHN BOMAR",DEM,0,0,1,1,TULSA
8/13/2013,"720473","TULSA COUNTY",20721,"FOR COUNTY COMMISSIONER DISTRICT NO. 3 (UNEXPIRED TERM)",,95,95,2,"RON PETERS",REP,0,0,13,13,TULSA
8/13/2013,"720476","TULSA COUNTY",20721,"FOR COUNTY COMMISSIONER DISTRICT NO. 3 (UNEXPIRED TERM)",,95,95,1,"JOHN BOMAR",DEM,0,0,0,0,TULSA
8/13/2013,"720476","TULSA COUNTY",20721,"FOR COUNTY COMMISSIONER DISTRICT NO. 3 (UNEXPIRED TERM)",,95,95,2,"RON PETERS",REP,0,0,6,6,TULSA
8/13/2013,"720704","TULSA COUNTY",20721,"FOR COUNTY COMMISSIONER DISTRICT NO. 3 (UNEXPIRED TERM)",,95,95,1,"JOHN BOMAR",DEM,0,0,8,8,TULSA
8/13/2013,"720704","TULSA COUNTY",20721,"FOR COUNTY COMMISSIONER DISTRICT NO. 3 (UNEXPIRED TERM)",,95,95,2,"RON PETERS",REP,0,0,22,22,TULSA
8/13/2013,"720705","TULSA COUNTY",20721,"FOR COUNTY COMMISSIONER DISTRICT NO. 3 (UNEXPIRED TERM)",,95,95,1,"JOHN BOMAR",DEM,0,0,14,14,TULSA
8/13/2013,"720705","TULSA COUNTY",20721,"FOR COUNTY COMMISSIONER DISTRICT NO. 3 (UNEXPIRED TERM)",,95,95,2,"RON PETERS",REP,0,0,22,22,TULSA
8/13/2013,"720706","TULSA COUNTY",20721,"FOR COUNTY COMMISSIONER DISTRICT NO. 3 (UNEXPIRED TERM)",,95,95,1,"JOHN BOMAR",DEM,0,0,15,15,TULSA
8/13/2013,"720706","TULSA COUNTY",20721,"FOR COUNTY COMMISSIONER DISTRICT NO. 3 (UNEXPIRED TERM)",,95,95,2,"RON PETERS",REP,0,0,24,24,TULSA
8/13/2013,"720707","TULSA COUNTY",20721,"FOR COUNTY COMMISSIONER DISTRICT NO. 3 (UNEXPIRED TERM)",,95,95,1,"JOHN BOMAR",DEM,0,0,1,1,TULSA
8/13/2013,"720707","TULSA COUNTY",20721,"FOR COUNTY COMMISSIONER DISTRICT NO. 3 (UNEXPIRED TERM)",,95,95,2,"RON PETERS",REP,0,0,8,8,TULSA
8/13/2013,"720708","TULSA COUNTY",20721,"FOR COUNTY COMMISSIONER DISTRICT NO. 3 (UNEXPIRED TERM)",,95,95,1,"JOHN BOMAR",DEM,0,0,15,15,TULSA
8/13/2013,"720708","TULSA COUNTY",20721,"FOR COUNTY COMMISSIONER DISTRICT NO. 3 (UNEXPIRED TERM)",,95,95,2,"RON PETERS",REP,0,0,11,11,TULSA
8/13/2013,"720710","TULSA COUNTY",20721,"FOR COUNTY COMMISSIONER DISTRICT NO. 3 (UNEXPIRED TERM)",,95,95,1,"JOHN BOMAR",DEM,0,0,2,2,TULSA
8/13/2013,"720710","TULSA COUNTY",20721,"FOR COUNTY COMMISSIONER DISTRICT NO. 3 (UNEXPIRED TERM)",,95,95,2,"RON PETERS",REP,0,0,13,13,TULSA
8/13/2013,"729999","TULSA COUNTY",20721,"FOR COUNTY COMMISSIONER DISTRICT NO. 3 (UNEXPIRED TERM)",,95,95,1,"JOHN BOMAR",DEM,232,18,0,250,TULSA
8/13/2013,"729999","TULSA COUNTY",20721,"FOR COUNTY COMMISSIONER DISTRICT NO. 3 (UNEXPIRED TERM)",,95,95,2,"RON PETERS",REP,493,56,0,549,TULSA
8/13/2013,"770101","CITY OF WOODWARD",47701,"PROPOSITION NO. 1  CITY OF WOODWARD",,8,8,1,"FOR THE PROPOSITION - YES",,3,7,57,67,,
8/13/2013,"770101","CITY OF WOODWARD",47701,"PROPOSITION NO. 1  CITY OF WOODWARD",,8,8,2,"AGAINST THE PROPOSITION - NO",,0,9,58,67,,
8/13/2013,"770101","CITY OF WOODWARD",47702,"PROPOSITION NO. 2  CITY OF WOODWARD",,8,8,1,"FOR THE PROPOSITION - YES",,3,7,58,68,,
8/13/2013,"770101","CITY OF WOODWARD",47702,"PROPOSITION NO. 2  CITY OF WOODWARD",,8,8,2,"AGAINST THE PROPOSITION - NO",,0,10,57,67,,
8/13/2013,"770102","CITY OF WOODWARD",47701,"PROPOSITION NO. 1  CITY OF WOODWARD",,8,8,1,"FOR THE PROPOSITION - YES",,1,7,40,48,,
8/13/2013,"770102","CITY OF WOODWARD",47701,"PROPOSITION NO. 1  CITY OF WOODWARD",,8,8,2,"AGAINST THE PROPOSITION - NO",,0,3,32,35,,
8/13/2013,"770102","CITY OF WOODWARD",47702,"PROPOSITION NO. 2  CITY OF WOODWARD",,8,8,1,"FOR THE PROPOSITION - YES",,1,4,36,41,,
8/13/2013,"770102","CITY OF WOODWARD",47702,"PROPOSITION NO. 2  CITY OF WOODWARD",,8,8,2,"AGAINST THE PROPOSITION - NO",,0,6,36,42,,
8/13/2013,"770201","CITY OF WOODWARD",47701,"PROPOSITION NO. 1  CITY OF WOODWARD",,8,8,1,"FOR THE PROPOSITION - YES",,2,13,132,147,,
8/13/2013,"770201","CITY OF WOODWARD",47701,"PROPOSITION NO. 1  CITY OF WOODWARD",,8,8,2,"AGAINST THE PROPOSITION - NO",,2,9,69,80,,
8/13/2013,"770201","CITY OF WOODWARD",47702,"PROPOSITION NO. 2  CITY OF WOODWARD",,8,8,1,"FOR THE PROPOSITION - YES",,2,14,123,139,,
8/13/2013,"770201","CITY OF WOODWARD",47702,"PROPOSITION NO. 2  CITY OF WOODWARD",,8,8,2,"AGAINST THE PROPOSITION - NO",,2,8,78,88,,
8/13/2013,"770202","CITY OF WOODWARD",47701,"PROPOSITION NO. 1  CITY OF WOODWARD",,8,8,1,"FOR THE PROPOSITION - YES",,4,17,209,230,,
8/13/2013,"770202","CITY OF WOODWARD",47701,"PROPOSITION NO. 1  CITY OF WOODWARD",,8,8,2,"AGAINST THE PROPOSITION - NO",,2,13,101,116,,
8/13/2013,"770202","CITY OF WOODWARD",47702,"PROPOSITION NO. 2  CITY OF WOODWARD",,8,8,1,"FOR THE PROPOSITION - YES",,4,15,198,217,,
8/13/2013,"770202","CITY OF WOODWARD",47702,"PROPOSITION NO. 2  CITY OF WOODWARD",,8,8,2,"AGAINST THE PROPOSITION - NO",,2,15,111,128,,
8/13/2013,"770301","CITY OF WOODWARD",47701,"PROPOSITION NO. 1  CITY OF WOODWARD",,8,8,1,"FOR THE PROPOSITION - YES",,1,1,41,43,,
8/13/2013,"770301","CITY OF WOODWARD",47701,"PROPOSITION NO. 1  CITY OF WOODWARD",,8,8,2,"AGAINST THE PROPOSITION - NO",,0,0,24,24,,
8/13/2013,"770301","CITY OF WOODWARD",47702,"PROPOSITION NO. 2  CITY OF WOODWARD",,8,8,1,"FOR THE PROPOSITION - YES",,1,1,37,39,,
8/13/2013,"770301","CITY OF WOODWARD",47702,"PROPOSITION NO. 2  CITY OF WOODWARD",,8,8,2,"AGAINST THE PROPOSITION - NO",,0,0,27,27,,
8/13/2013,"770302","CITY OF WOODWARD",47701,"PROPOSITION NO. 1  CITY OF WOODWARD",,8,8,1,"FOR THE PROPOSITION - YES",,0,0,0,0,,
8/13/2013,"770302","CITY OF WOODWARD",47701,"PROPOSITION NO. 1  CITY OF WOODWARD",,8,8,2,"AGAINST THE PROPOSITION - NO",,0,0,0,0,,
8/13/2013,"770302","CITY OF WOODWARD",47702,"PROPOSITION NO. 2  CITY OF WOODWARD",,8,8,1,"FOR THE PROPOSITION - YES",,0,0,0,0,,
8/13/2013,"770302","CITY OF WOODWARD",47702,"PROPOSITION NO. 2  CITY OF WOODWARD",,8,8,2,"AGAINST THE PROPOSITION - NO",,0,0,0,0,,
8/13/2013,"770304","CITY OF WOODWARD",47701,"PROPOSITION NO. 1  CITY OF WOODWARD",,8,8,1,"FOR THE PROPOSITION - YES",,0,0,12,12,,
8/13/2013,"770304","CITY OF WOODWARD",47701,"PROPOSITION NO. 1  CITY OF WOODWARD",,8,8,2,"AGAINST THE PROPOSITION - NO",,0,0,12,12,,
8/13/2013,"770304","CITY OF WOODWARD",47702,"PROPOSITION NO. 2  CITY OF WOODWARD",,8,8,1,"FOR THE PROPOSITION - YES",,0,0,5,5,,
8/13/2013,"770304","CITY OF WOODWARD",47702,"PROPOSITION NO. 2  CITY OF WOODWARD",,8,8,2,"AGAINST THE PROPOSITION - NO",,0,0,19,19,,
8/13/2013,"770306","CITY OF WOODWARD",47701,"PROPOSITION NO. 1  CITY OF WOODWARD",,8,8,1,"FOR THE PROPOSITION - YES",,3,11,67,81,,
8/13/2013,"770306","CITY OF WOODWARD",47701,"PROPOSITION NO. 1  CITY OF WOODWARD",,8,8,2,"AGAINST THE PROPOSITION - NO",,0,3,44,47,,
8/13/2013,"770306","CITY OF WOODWARD",47702,"PROPOSITION NO. 2  CITY OF WOODWARD",,8,8,1,"FOR THE PROPOSITION - YES",,3,11,63,77,,
8/13/2013,"770306","CITY OF WOODWARD",47702,"PROPOSITION NO. 2  CITY OF WOODWARD",,8,8,2,"AGAINST THE PROPOSITION - NO",,0,3,49,52,,
