elec_date,precinct,entity_description,race_number,race_description,race_party,tot_race_prec,race_prec_reporting,cand_number,cand_name,cand_party,cand_absmail_votes,cand_early_votes,cand_elecday_votes,cand_tot_votes,race_county_owner
1/14/2014,"120101","CHOCTAW COUNTY",30001,"PROPOSITION",,17,17,1,"FOR THE PROPOSITION - YES",,0,0,36,36,CHOCTAW
1/14/2014,"120101","CHOCTAW COUNTY",30001,"PROPOSITION",,17,17,2,"AGAINST THE PROPOSITION - NO",,3,3,64,70,CHOCTAW
1/14/2014,"120104","CHOCTAW COUNTY",30001,"PROPOSITION",,17,17,1,"FOR THE PROPOSITION - YES",,0,8,68,76,CHOCTAW
1/14/2014,"120104","CHOCTAW COUNTY",30001,"PROPOSITION",,17,17,2,"AGAINST THE PROPOSITION - NO",,0,1,43,44,CHOCTAW
1/14/2014,"120104","GRANT PUBLIC SCHOOL",51201,"PROPOSITION NO. 1  GRANT PUBLIC SCHOOL",,5,5,1,"FOR THE PROPOSITION - YES",,0,5,0,5,,
1/14/2014,"120104","GRANT PUBLIC SCHOOL",51201,"PROPOSITION NO. 1  GRANT PUBLIC SCHOOL",,5,5,2,"AGAINST THE PROPOSITION - NO",,0,5,0,5,,
1/14/2014,"120104","GRANT PUBLIC SCHOOL",51202,"PROPOSITION NO. 2  GRANT PUBLIC SCHOOL",,5,5,1,"FOR THE PROPOSITION - YES",,0,5,0,5,,
1/14/2014,"120104","GRANT PUBLIC SCHOOL",51202,"PROPOSITION NO. 2  GRANT PUBLIC SCHOOL",,5,5,2,"AGAINST THE PROPOSITION - NO",,0,5,0,5,,
1/14/2014,"120105","CHOCTAW COUNTY",30001,"PROPOSITION",,17,17,1,"FOR THE PROPOSITION - YES",,0,2,14,16,CHOCTAW
1/14/2014,"120105","CHOCTAW COUNTY",30001,"PROPOSITION",,17,17,2,"AGAINST THE PROPOSITION - NO",,0,2,12,14,CHOCTAW
1/14/2014,"120106","CHOCTAW COUNTY",30001,"PROPOSITION",,17,17,1,"FOR THE PROPOSITION - YES",,0,4,37,41,CHOCTAW
1/14/2014,"120106","CHOCTAW COUNTY",30001,"PROPOSITION",,17,17,2,"AGAINST THE PROPOSITION - NO",,0,1,31,32,CHOCTAW
1/14/2014,"120207","CHOCTAW COUNTY",30001,"PROPOSITION",,17,17,1,"FOR THE PROPOSITION - YES",,0,1,10,11,CHOCTAW
1/14/2014,"120207","CHOCTAW COUNTY",30001,"PROPOSITION",,17,17,2,"AGAINST THE PROPOSITION - NO",,0,0,11,11,CHOCTAW
1/14/2014,"120207","GRANT PUBLIC SCHOOL",51201,"PROPOSITION NO. 1  GRANT PUBLIC SCHOOL",,5,5,1,"FOR THE PROPOSITION - YES",,0,0,3,3,,
1/14/2014,"120207","GRANT PUBLIC SCHOOL",51201,"PROPOSITION NO. 1  GRANT PUBLIC SCHOOL",,5,5,2,"AGAINST THE PROPOSITION - NO",,0,0,11,11,,
1/14/2014,"120207","GRANT PUBLIC SCHOOL",51202,"PROPOSITION NO. 2  GRANT PUBLIC SCHOOL",,5,5,1,"FOR THE PROPOSITION - YES",,0,0,4,4,,
1/14/2014,"120207","GRANT PUBLIC SCHOOL",51202,"PROPOSITION NO. 2  GRANT PUBLIC SCHOOL",,5,5,2,"AGAINST THE PROPOSITION - NO",,0,0,10,10,,
1/14/2014,"120208","CHOCTAW COUNTY",30001,"PROPOSITION",,17,17,1,"FOR THE PROPOSITION - YES",,0,21,41,62,CHOCTAW
1/14/2014,"120208","CHOCTAW COUNTY",30001,"PROPOSITION",,17,17,2,"AGAINST THE PROPOSITION - NO",,0,1,40,41,CHOCTAW
1/14/2014,"120208","GRANT PUBLIC SCHOOL",51201,"PROPOSITION NO. 1  GRANT PUBLIC SCHOOL",,5,5,1,"FOR THE PROPOSITION - YES",,0,0,14,14,,
1/14/2014,"120208","GRANT PUBLIC SCHOOL",51201,"PROPOSITION NO. 1  GRANT PUBLIC SCHOOL",,5,5,2,"AGAINST THE PROPOSITION - NO",,0,0,13,13,,
1/14/2014,"120208","GRANT PUBLIC SCHOOL",51202,"PROPOSITION NO. 2  GRANT PUBLIC SCHOOL",,5,5,1,"FOR THE PROPOSITION - YES",,0,0,15,15,,
1/14/2014,"120208","GRANT PUBLIC SCHOOL",51202,"PROPOSITION NO. 2  GRANT PUBLIC SCHOOL",,5,5,2,"AGAINST THE PROPOSITION - NO",,0,0,11,11,,
1/14/2014,"120209","CHOCTAW COUNTY",30001,"PROPOSITION",,17,17,1,"FOR THE PROPOSITION - YES",,0,2,24,26,CHOCTAW
1/14/2014,"120209","CHOCTAW COUNTY",30001,"PROPOSITION",,17,17,2,"AGAINST THE PROPOSITION - NO",,0,0,16,16,CHOCTAW
1/14/2014,"120209","GRANT PUBLIC SCHOOL",51201,"PROPOSITION NO. 1  GRANT PUBLIC SCHOOL",,5,5,1,"FOR THE PROPOSITION - YES",,0,0,18,18,,
1/14/2014,"120209","GRANT PUBLIC SCHOOL",51201,"PROPOSITION NO. 1  GRANT PUBLIC SCHOOL",,5,5,2,"AGAINST THE PROPOSITION - NO",,0,0,22,22,,
1/14/2014,"120209","GRANT PUBLIC SCHOOL",51202,"PROPOSITION NO. 2  GRANT PUBLIC SCHOOL",,5,5,1,"FOR THE PROPOSITION - YES",,0,0,15,15,,
1/14/2014,"120209","GRANT PUBLIC SCHOOL",51202,"PROPOSITION NO. 2  GRANT PUBLIC SCHOOL",,5,5,2,"AGAINST THE PROPOSITION - NO",,0,0,24,24,,
1/14/2014,"120210","CHOCTAW COUNTY",30001,"PROPOSITION",,17,17,1,"FOR THE PROPOSITION - YES",,1,23,75,99,CHOCTAW
1/14/2014,"120210","CHOCTAW COUNTY",30001,"PROPOSITION",,17,17,2,"AGAINST THE PROPOSITION - NO",,0,2,45,47,CHOCTAW
1/14/2014,"120210","GRANT PUBLIC SCHOOL",51201,"PROPOSITION NO. 1  GRANT PUBLIC SCHOOL",,5,5,1,"FOR THE PROPOSITION - YES",,0,0,3,3,,
1/14/2014,"120210","GRANT PUBLIC SCHOOL",51201,"PROPOSITION NO. 1  GRANT PUBLIC SCHOOL",,5,5,2,"AGAINST THE PROPOSITION - NO",,0,0,12,12,,
1/14/2014,"120210","GRANT PUBLIC SCHOOL",51202,"PROPOSITION NO. 2  GRANT PUBLIC SCHOOL",,5,5,1,"FOR THE PROPOSITION - YES",,0,0,3,3,,
1/14/2014,"120210","GRANT PUBLIC SCHOOL",51202,"PROPOSITION NO. 2  GRANT PUBLIC SCHOOL",,5,5,2,"AGAINST THE PROPOSITION - NO",,0,0,12,12,,
1/14/2014,"120211","CHOCTAW COUNTY",30001,"PROPOSITION",,17,17,1,"FOR THE PROPOSITION - YES",,0,0,11,11,CHOCTAW
1/14/2014,"120211","CHOCTAW COUNTY",30001,"PROPOSITION",,17,17,2,"AGAINST THE PROPOSITION - NO",,0,0,5,5,CHOCTAW
1/14/2014,"120214","CHOCTAW COUNTY",30001,"PROPOSITION",,17,17,1,"FOR THE PROPOSITION - YES",,1,11,30,42,CHOCTAW
1/14/2014,"120214","CHOCTAW COUNTY",30001,"PROPOSITION",,17,17,2,"AGAINST THE PROPOSITION - NO",,0,1,40,41,CHOCTAW
1/14/2014,"120215","CHOCTAW COUNTY",30001,"PROPOSITION",,17,17,1,"FOR THE PROPOSITION - YES",,2,11,19,32,CHOCTAW
1/14/2014,"120215","CHOCTAW COUNTY",30001,"PROPOSITION",,17,17,2,"AGAINST THE PROPOSITION - NO",,0,2,25,27,CHOCTAW
1/14/2014,"120316","CHOCTAW COUNTY",30001,"PROPOSITION",,17,17,1,"FOR THE PROPOSITION - YES",,5,23,70,98,CHOCTAW
1/14/2014,"120316","CHOCTAW COUNTY",30001,"PROPOSITION",,17,17,2,"AGAINST THE PROPOSITION - NO",,2,7,58,67,CHOCTAW
1/14/2014,"120318","CHOCTAW COUNTY",30001,"PROPOSITION",,17,17,1,"FOR THE PROPOSITION - YES",,0,15,24,39,CHOCTAW
1/14/2014,"120318","CHOCTAW COUNTY",30001,"PROPOSITION",,17,17,2,"AGAINST THE PROPOSITION - NO",,0,6,34,40,CHOCTAW
1/14/2014,"120319","CHOCTAW COUNTY",30001,"PROPOSITION",,17,17,1,"FOR THE PROPOSITION - YES",,1,5,25,31,CHOCTAW
1/14/2014,"120319","CHOCTAW COUNTY",30001,"PROPOSITION",,17,17,2,"AGAINST THE PROPOSITION - NO",,0,0,15,15,CHOCTAW
1/14/2014,"120320","CHOCTAW COUNTY",30001,"PROPOSITION",,17,17,1,"FOR THE PROPOSITION - YES",,0,1,11,12,CHOCTAW
1/14/2014,"120320","CHOCTAW COUNTY",30001,"PROPOSITION",,17,17,2,"AGAINST THE PROPOSITION - NO",,0,2,11,13,CHOCTAW
1/14/2014,"120321","CHOCTAW COUNTY",30001,"PROPOSITION",,17,17,1,"FOR THE PROPOSITION - YES",,2,6,47,55,CHOCTAW
1/14/2014,"120321","CHOCTAW COUNTY",30001,"PROPOSITION",,17,17,2,"AGAINST THE PROPOSITION - NO",,0,3,26,29,CHOCTAW
1/14/2014,"120322","CHOCTAW COUNTY",30001,"PROPOSITION",,17,17,1,"FOR THE PROPOSITION - YES",,0,2,7,9,CHOCTAW
1/14/2014,"120322","CHOCTAW COUNTY",30001,"PROPOSITION",,17,17,2,"AGAINST THE PROPOSITION - NO",,0,1,4,5,CHOCTAW
1/14/2014,"230006","FORT SUPPLY PUBLIC SCHOOLS",57701,"PROPOSITION  FORT SUPPLY PUBLIC SCHOOLS",,10,10,1,"FOR THE PROPOSITION - YES",,0,0,0,0,,
1/14/2014,"230006","FORT SUPPLY PUBLIC SCHOOLS",57701,"PROPOSITION  FORT SUPPLY PUBLIC SCHOOLS",,10,10,2,"AGAINST THE PROPOSITION - NO",,0,0,0,0,,
1/14/2014,"230007","FORT SUPPLY PUBLIC SCHOOLS",57701,"PROPOSITION  FORT SUPPLY PUBLIC SCHOOLS",,10,10,1,"FOR THE PROPOSITION - YES",,0,0,0,0,,
1/14/2014,"230007","FORT SUPPLY PUBLIC SCHOOLS",57701,"PROPOSITION  FORT SUPPLY PUBLIC SCHOOLS",,10,10,2,"AGAINST THE PROPOSITION - NO",,0,0,0,0,,
1/14/2014,"230008","FORT SUPPLY PUBLIC SCHOOLS",57701,"PROPOSITION  FORT SUPPLY PUBLIC SCHOOLS",,10,10,1,"FOR THE PROPOSITION - YES",,0,0,7,7,,
1/14/2014,"230008","FORT SUPPLY PUBLIC SCHOOLS",57701,"PROPOSITION  FORT SUPPLY PUBLIC SCHOOLS",,10,10,2,"AGAINST THE PROPOSITION - NO",,0,0,0,0,,
1/14/2014,"240210","POND CREEK-HUNTER SCHOOLS",52701,"PROPOSITION  POND CREEK-HUNTER SCHOOLS",,6,6,1,"FOR THE PROPOSITION - YES",,0,0,1,1,,
1/14/2014,"240210","POND CREEK-HUNTER SCHOOLS",52701,"PROPOSITION  POND CREEK-HUNTER SCHOOLS",,6,6,2,"AGAINST THE PROPOSITION - NO",,1,0,0,1,,
1/14/2014,"240212","POND CREEK-HUNTER SCHOOLS",52701,"PROPOSITION  POND CREEK-HUNTER SCHOOLS",,6,6,1,"FOR THE PROPOSITION - YES",,1,0,13,14,,
1/14/2014,"240212","POND CREEK-HUNTER SCHOOLS",52701,"PROPOSITION  POND CREEK-HUNTER SCHOOLS",,6,6,2,"AGAINST THE PROPOSITION - NO",,5,0,4,9,,
1/14/2014,"270017","POND CREEK-HUNTER SCHOOLS",52701,"PROPOSITION  POND CREEK-HUNTER SCHOOLS",,6,6,1,"FOR THE PROPOSITION - YES",,1,0,1,2,,
1/14/2014,"270017","POND CREEK-HUNTER SCHOOLS",52701,"PROPOSITION  POND CREEK-HUNTER SCHOOLS",,6,6,2,"AGAINST THE PROPOSITION - NO",,3,0,0,3,,
1/14/2014,"270023","POND CREEK-HUNTER SCHOOLS",52701,"PROPOSITION  POND CREEK-HUNTER SCHOOLS",,6,6,1,"FOR THE PROPOSITION - YES",,0,5,252,257,,
1/14/2014,"270023","POND CREEK-HUNTER SCHOOLS",52701,"PROPOSITION  POND CREEK-HUNTER SCHOOLS",,6,6,2,"AGAINST THE PROPOSITION - NO",,6,2,63,71,,
1/14/2014,"270026","POND CREEK-HUNTER SCHOOLS",52701,"PROPOSITION  POND CREEK-HUNTER SCHOOLS",,6,6,1,"FOR THE PROPOSITION - YES",,0,0,1,1,,
1/14/2014,"270026","POND CREEK-HUNTER SCHOOLS",52701,"PROPOSITION  POND CREEK-HUNTER SCHOOLS",,6,6,2,"AGAINST THE PROPOSITION - NO",,0,4,0,4,,
1/14/2014,"270029","POND CREEK-HUNTER SCHOOLS",52701,"PROPOSITION  POND CREEK-HUNTER SCHOOLS",,6,6,1,"FOR THE PROPOSITION - YES",,0,0,0,0,,
1/14/2014,"270029","POND CREEK-HUNTER SCHOOLS",52701,"PROPOSITION  POND CREEK-HUNTER SCHOOLS",,6,6,2,"AGAINST THE PROPOSITION - NO",,0,0,0,0,,
1/14/2014,"280106","DUKE PUBLIC SCHOOLS",53301,"PROPOSITION NO. 1  DUKE PUBLIC SCHOOLS",,3,3,1,"FOR THE PROPOSITION - YES",,0,2,0,2,,
1/14/2014,"280106","DUKE PUBLIC SCHOOLS",53301,"PROPOSITION NO. 1  DUKE PUBLIC SCHOOLS",,3,3,2,"AGAINST THE PROPOSITION - NO",,0,2,0,2,,
1/14/2014,"280106","DUKE PUBLIC SCHOOLS",53302,"PROPOSITION NO. 2  DUKE PUBLIC SCHOOLS",,3,3,1,"FOR THE PROPOSITION - YES",,0,2,0,2,,
1/14/2014,"280106","DUKE PUBLIC SCHOOLS",53302,"PROPOSITION NO. 2  DUKE PUBLIC SCHOOLS",,3,3,2,"AGAINST THE PROPOSITION - NO",,0,2,0,2,,
1/14/2014,"300201","FORT SUPPLY PUBLIC SCHOOLS",57701,"PROPOSITION  FORT SUPPLY PUBLIC SCHOOLS",,10,10,1,"FOR THE PROPOSITION - YES",,0,0,0,0,,
1/14/2014,"300201","FORT SUPPLY PUBLIC SCHOOLS",57701,"PROPOSITION  FORT SUPPLY PUBLIC SCHOOLS",,10,10,2,"AGAINST THE PROPOSITION - NO",,0,0,0,0,,
1/14/2014,"300301","FORT SUPPLY PUBLIC SCHOOLS",57701,"PROPOSITION  FORT SUPPLY PUBLIC SCHOOLS",,10,10,1,"FOR THE PROPOSITION - YES",,0,0,2,2,,
1/14/2014,"300301","FORT SUPPLY PUBLIC SCHOOLS",57701,"PROPOSITION  FORT SUPPLY PUBLIC SCHOOLS",,10,10,2,"AGAINST THE PROPOSITION - NO",,0,0,0,0,,
1/14/2014,"300302","FORT SUPPLY PUBLIC SCHOOLS",57701,"PROPOSITION  FORT SUPPLY PUBLIC SCHOOLS",,10,10,1,"FOR THE PROPOSITION - YES",,0,0,17,17,,
1/14/2014,"300302","FORT SUPPLY PUBLIC SCHOOLS",57701,"PROPOSITION  FORT SUPPLY PUBLIC SCHOOLS",,10,10,2,"AGAINST THE PROPOSITION - NO",,0,0,1,1,,
1/14/2014,"300303","FORT SUPPLY PUBLIC SCHOOLS",57701,"PROPOSITION  FORT SUPPLY PUBLIC SCHOOLS",,10,10,1,"FOR THE PROPOSITION - YES",,0,0,12,12,,
1/14/2014,"300303","FORT SUPPLY PUBLIC SCHOOLS",57701,"PROPOSITION  FORT SUPPLY PUBLIC SCHOOLS",,10,10,2,"AGAINST THE PROPOSITION - NO",,0,0,0,0,,
1/14/2014,"330007","JACKSON COUNTY",21331,"FOR COUNTY COMMISSIONER DISTRICT NO. 2 (UNEXPIRED TERM)",DEM,5,5,1,"ROBERT G. BOB TUCKER",DEM,0,1,18,19,JACKSON
1/14/2014,"330007","JACKSON COUNTY",21331,"FOR COUNTY COMMISSIONER DISTRICT NO. 2 (UNEXPIRED TERM)",DEM,5,5,2,"BRENT SOUTHALL",DEM,0,2,32,34,JACKSON
1/14/2014,"330007","JACKSON COUNTY",22331,"FOR COUNTY COMMISSIONER DISTRICT NO. 2 (UNEXPIRED TERM)",REP,5,5,1,"WAYNE CAIN",REP,0,3,8,11,JACKSON
1/14/2014,"330007","JACKSON COUNTY",22331,"FOR COUNTY COMMISSIONER DISTRICT NO. 2 (UNEXPIRED TERM)",REP,5,5,2,"KIRK BUTLER",REP,0,1,21,22,JACKSON
1/14/2014,"330007","JACKSON COUNTY",22331,"FOR COUNTY COMMISSIONER DISTRICT NO. 2 (UNEXPIRED TERM)",REP,5,5,3,"LACY SCOTT",REP,0,1,2,3,JACKSON
1/14/2014,"330010","JACKSON COUNTY",21331,"FOR COUNTY COMMISSIONER DISTRICT NO. 2 (UNEXPIRED TERM)",DEM,5,5,1,"ROBERT G. BOB TUCKER",DEM,0,2,14,16,JACKSON
1/14/2014,"330010","JACKSON COUNTY",21331,"FOR COUNTY COMMISSIONER DISTRICT NO. 2 (UNEXPIRED TERM)",DEM,5,5,2,"BRENT SOUTHALL",DEM,0,5,4,9,JACKSON
1/14/2014,"330010","JACKSON COUNTY",22331,"FOR COUNTY COMMISSIONER DISTRICT NO. 2 (UNEXPIRED TERM)",REP,5,5,1,"WAYNE CAIN",REP,0,1,9,10,JACKSON
1/14/2014,"330010","JACKSON COUNTY",22331,"FOR COUNTY COMMISSIONER DISTRICT NO. 2 (UNEXPIRED TERM)",REP,5,5,2,"KIRK BUTLER",REP,0,0,7,7,JACKSON
1/14/2014,"330010","JACKSON COUNTY",22331,"FOR COUNTY COMMISSIONER DISTRICT NO. 2 (UNEXPIRED TERM)",REP,5,5,3,"LACY SCOTT",REP,0,0,6,6,JACKSON
1/14/2014,"330014","JACKSON COUNTY",21331,"FOR COUNTY COMMISSIONER DISTRICT NO. 2 (UNEXPIRED TERM)",DEM,5,5,1,"ROBERT G. BOB TUCKER",DEM,1,3,28,32,JACKSON
1/14/2014,"330014","JACKSON COUNTY",21331,"FOR COUNTY COMMISSIONER DISTRICT NO. 2 (UNEXPIRED TERM)",DEM,5,5,2,"BRENT SOUTHALL",DEM,1,4,32,37,JACKSON
1/14/2014,"330014","JACKSON COUNTY",22331,"FOR COUNTY COMMISSIONER DISTRICT NO. 2 (UNEXPIRED TERM)",REP,5,5,1,"WAYNE CAIN",REP,0,4,23,27,JACKSON
1/14/2014,"330014","JACKSON COUNTY",22331,"FOR COUNTY COMMISSIONER DISTRICT NO. 2 (UNEXPIRED TERM)",REP,5,5,2,"KIRK BUTLER",REP,2,3,19,24,JACKSON
1/14/2014,"330014","JACKSON COUNTY",22331,"FOR COUNTY COMMISSIONER DISTRICT NO. 2 (UNEXPIRED TERM)",REP,5,5,3,"LACY SCOTT",REP,0,3,20,23,JACKSON
1/14/2014,"330017","DUKE PUBLIC SCHOOLS",53301,"PROPOSITION NO. 1  DUKE PUBLIC SCHOOLS",,3,3,1,"FOR THE PROPOSITION - YES",,1,4,117,122,,
1/14/2014,"330017","DUKE PUBLIC SCHOOLS",53301,"PROPOSITION NO. 1  DUKE PUBLIC SCHOOLS",,3,3,2,"AGAINST THE PROPOSITION - NO",,2,3,88,93,,
1/14/2014,"330017","DUKE PUBLIC SCHOOLS",53302,"PROPOSITION NO. 2  DUKE PUBLIC SCHOOLS",,3,3,1,"FOR THE PROPOSITION - YES",,1,4,142,147,,
1/14/2014,"330017","DUKE PUBLIC SCHOOLS",53302,"PROPOSITION NO. 2  DUKE PUBLIC SCHOOLS",,3,3,2,"AGAINST THE PROPOSITION - NO",,2,3,62,67,,
1/14/2014,"330019","JACKSON COUNTY",21331,"FOR COUNTY COMMISSIONER DISTRICT NO. 2 (UNEXPIRED TERM)",DEM,5,5,1,"ROBERT G. BOB TUCKER",DEM,0,3,32,35,JACKSON
1/14/2014,"330019","JACKSON COUNTY",21331,"FOR COUNTY COMMISSIONER DISTRICT NO. 2 (UNEXPIRED TERM)",DEM,5,5,2,"BRENT SOUTHALL",DEM,0,1,7,8,JACKSON
1/14/2014,"330019","JACKSON COUNTY",22331,"FOR COUNTY COMMISSIONER DISTRICT NO. 2 (UNEXPIRED TERM)",REP,5,5,1,"WAYNE CAIN",REP,0,0,1,1,JACKSON
1/14/2014,"330019","JACKSON COUNTY",22331,"FOR COUNTY COMMISSIONER DISTRICT NO. 2 (UNEXPIRED TERM)",REP,5,5,2,"KIRK BUTLER",REP,0,0,39,39,JACKSON
1/14/2014,"330019","JACKSON COUNTY",22331,"FOR COUNTY COMMISSIONER DISTRICT NO. 2 (UNEXPIRED TERM)",REP,5,5,3,"LACY SCOTT",REP,0,0,2,2,JACKSON
1/14/2014,"330021","JACKSON COUNTY",21331,"FOR COUNTY COMMISSIONER DISTRICT NO. 2 (UNEXPIRED TERM)",DEM,5,5,1,"ROBERT G. BOB TUCKER",DEM,0,0,15,15,JACKSON
1/14/2014,"330021","JACKSON COUNTY",21331,"FOR COUNTY COMMISSIONER DISTRICT NO. 2 (UNEXPIRED TERM)",DEM,5,5,2,"BRENT SOUTHALL",DEM,0,0,14,14,JACKSON
1/14/2014,"330021","JACKSON COUNTY",22331,"FOR COUNTY COMMISSIONER DISTRICT NO. 2 (UNEXPIRED TERM)",REP,5,5,1,"WAYNE CAIN",REP,0,1,12,13,JACKSON
1/14/2014,"330021","JACKSON COUNTY",22331,"FOR COUNTY COMMISSIONER DISTRICT NO. 2 (UNEXPIRED TERM)",REP,5,5,2,"KIRK BUTLER",REP,0,0,4,4,JACKSON
1/14/2014,"330021","JACKSON COUNTY",22331,"FOR COUNTY COMMISSIONER DISTRICT NO. 2 (UNEXPIRED TERM)",REP,5,5,3,"LACY SCOTT",REP,0,0,2,2,JACKSON
1/14/2014,"330023","DUKE PUBLIC SCHOOLS",53301,"PROPOSITION NO. 1  DUKE PUBLIC SCHOOLS",,3,3,1,"FOR THE PROPOSITION - YES",,0,0,1,1,,
1/14/2014,"330023","DUKE PUBLIC SCHOOLS",53301,"PROPOSITION NO. 1  DUKE PUBLIC SCHOOLS",,3,3,2,"AGAINST THE PROPOSITION - NO",,0,2,3,5,,
1/14/2014,"330023","DUKE PUBLIC SCHOOLS",53302,"PROPOSITION NO. 2  DUKE PUBLIC SCHOOLS",,3,3,1,"FOR THE PROPOSITION - YES",,0,0,1,1,,
1/14/2014,"330023","DUKE PUBLIC SCHOOLS",53302,"PROPOSITION NO. 2  DUKE PUBLIC SCHOOLS",,3,3,2,"AGAINST THE PROPOSITION - NO",,0,2,3,5,,
1/14/2014,"360001","KAY COUNTY",22361,"FOR COUNTY COMMISSIONER DISTRICT NO. 2 (UNEXPIRED TERM)",REP,8,8,1,"JIM THOMAS",REP,1,10,95,106,KAY
1/14/2014,"360001","KAY COUNTY",22361,"FOR COUNTY COMMISSIONER DISTRICT NO. 2 (UNEXPIRED TERM)",REP,8,8,2,"JASON SHANKS",REP,0,22,101,123,KAY
1/14/2014,"360401","KAY COUNTY",22361,"FOR COUNTY COMMISSIONER DISTRICT NO. 2 (UNEXPIRED TERM)",REP,8,8,1,"JIM THOMAS",REP,0,0,1,1,KAY
1/14/2014,"360401","KAY COUNTY",22361,"FOR COUNTY COMMISSIONER DISTRICT NO. 2 (UNEXPIRED TERM)",REP,8,8,2,"JASON SHANKS",REP,0,6,11,17,KAY
1/14/2014,"360403","KAY COUNTY",22361,"FOR COUNTY COMMISSIONER DISTRICT NO. 2 (UNEXPIRED TERM)",REP,8,8,1,"JIM THOMAS",REP,0,5,55,60,KAY
1/14/2014,"360403","KAY COUNTY",22361,"FOR COUNTY COMMISSIONER DISTRICT NO. 2 (UNEXPIRED TERM)",REP,8,8,2,"JASON SHANKS",REP,0,13,40,53,KAY
1/14/2014,"360404","KAY COUNTY",22361,"FOR COUNTY COMMISSIONER DISTRICT NO. 2 (UNEXPIRED TERM)",REP,8,8,1,"JIM THOMAS",REP,0,2,20,22,KAY
1/14/2014,"360404","KAY COUNTY",22361,"FOR COUNTY COMMISSIONER DISTRICT NO. 2 (UNEXPIRED TERM)",REP,8,8,2,"JASON SHANKS",REP,0,0,16,16,KAY
1/14/2014,"360503","KAY COUNTY",22361,"FOR COUNTY COMMISSIONER DISTRICT NO. 2 (UNEXPIRED TERM)",REP,8,8,1,"JIM THOMAS",REP,0,0,3,3,KAY
1/14/2014,"360503","KAY COUNTY",22361,"FOR COUNTY COMMISSIONER DISTRICT NO. 2 (UNEXPIRED TERM)",REP,8,8,2,"JASON SHANKS",REP,2,1,18,21,KAY
1/14/2014,"360507","KAY COUNTY",22361,"FOR COUNTY COMMISSIONER DISTRICT NO. 2 (UNEXPIRED TERM)",REP,8,8,1,"JIM THOMAS",REP,0,0,3,3,KAY
1/14/2014,"360507","KAY COUNTY",22361,"FOR COUNTY COMMISSIONER DISTRICT NO. 2 (UNEXPIRED TERM)",REP,8,8,2,"JASON SHANKS",REP,0,0,7,7,KAY
1/14/2014,"360516","KAY COUNTY",22361,"FOR COUNTY COMMISSIONER DISTRICT NO. 2 (UNEXPIRED TERM)",REP,8,8,1,"JIM THOMAS",REP,0,0,3,3,KAY
1/14/2014,"360516","KAY COUNTY",22361,"FOR COUNTY COMMISSIONER DISTRICT NO. 2 (UNEXPIRED TERM)",REP,8,8,2,"JASON SHANKS",REP,0,0,0,0,KAY
1/14/2014,"360527","KAY COUNTY",22361,"FOR COUNTY COMMISSIONER DISTRICT NO. 2 (UNEXPIRED TERM)",REP,8,8,1,"JIM THOMAS",REP,0,0,19,19,KAY
1/14/2014,"360527","KAY COUNTY",22361,"FOR COUNTY COMMISSIONER DISTRICT NO. 2 (UNEXPIRED TERM)",REP,8,8,2,"JASON SHANKS",REP,0,0,23,23,KAY
1/14/2014,"370201","TOWN OF HENNESSEY",43701,"PROPOSITION  TOWN OF HENNESSEY",,1,1,1,"FOR THE PROPOSITION - YES",,0,0,69,69,,
1/14/2014,"370201","TOWN OF HENNESSEY",43701,"PROPOSITION  TOWN OF HENNESSEY",,1,1,2,"AGAINST THE PROPOSITION - NO",,0,0,5,5,,
1/14/2014,"400111","TOWN OF SHADY POINT",44001,"FOR BOARD OF TRUSTEES (UNEXPIRED TERM)  TOWN OF SHADY POINT",,1,1,1,"BECKY SMITH",,0,0,23,23,,
1/14/2014,"400111","TOWN OF SHADY POINT",44001,"FOR BOARD OF TRUSTEES (UNEXPIRED TERM)  TOWN OF SHADY POINT",,1,1,2,"LEROY SMITH",,0,0,19,19,,
1/14/2014,"400111","TOWN OF SHADY POINT",44001,"FOR BOARD OF TRUSTEES (UNEXPIRED TERM)  TOWN OF SHADY POINT",,1,1,3,"DERRALL BUD KILLION",,1,0,19,20,,
1/14/2014,"400111","TOWN OF SHADY POINT",44001,"FOR BOARD OF TRUSTEES (UNEXPIRED TERM)  TOWN OF SHADY POINT",,1,1,4,"HENRY  WELLS",,0,0,2,2,,
1/14/2014,"450002","MCCURTAIN COUNTY",30003,"PROPOSITION",,30,30,1,"FOR THE PROPOSITION - YES",,0,2,55,57,MCCURTAIN
1/14/2014,"450002","MCCURTAIN COUNTY",30003,"PROPOSITION",,30,30,2,"AGAINST THE PROPOSITION - NO",,0,0,14,14,MCCURTAIN
1/14/2014,"450004","MCCURTAIN COUNTY",30003,"PROPOSITION",,30,30,1,"FOR THE PROPOSITION - YES",,1,15,217,233,MCCURTAIN
1/14/2014,"450004","MCCURTAIN COUNTY",30003,"PROPOSITION",,30,30,2,"AGAINST THE PROPOSITION - NO",,2,1,27,30,MCCURTAIN
1/14/2014,"450005","MCCURTAIN COUNTY",30003,"PROPOSITION",,30,30,1,"FOR THE PROPOSITION - YES",,2,2,47,51,MCCURTAIN
1/14/2014,"450005","MCCURTAIN COUNTY",30003,"PROPOSITION",,30,30,2,"AGAINST THE PROPOSITION - NO",,1,0,8,9,MCCURTAIN
1/14/2014,"450006","MCCURTAIN COUNTY",30003,"PROPOSITION",,30,30,1,"FOR THE PROPOSITION - YES",,4,7,187,198,MCCURTAIN
1/14/2014,"450006","MCCURTAIN COUNTY",30003,"PROPOSITION",,30,30,2,"AGAINST THE PROPOSITION - NO",,1,6,32,39,MCCURTAIN
1/14/2014,"450008","MCCURTAIN COUNTY",30003,"PROPOSITION",,30,30,1,"FOR THE PROPOSITION - YES",,1,14,146,161,MCCURTAIN
1/14/2014,"450008","MCCURTAIN COUNTY",30003,"PROPOSITION",,30,30,2,"AGAINST THE PROPOSITION - NO",,0,0,27,27,MCCURTAIN
1/14/2014,"450009","MCCURTAIN COUNTY",30003,"PROPOSITION",,30,30,1,"FOR THE PROPOSITION - YES",,3,4,173,180,MCCURTAIN
1/14/2014,"450009","MCCURTAIN COUNTY",30003,"PROPOSITION",,30,30,2,"AGAINST THE PROPOSITION - NO",,0,3,26,29,MCCURTAIN
1/14/2014,"450011","MCCURTAIN COUNTY",30003,"PROPOSITION",,30,30,1,"FOR THE PROPOSITION - YES",,0,3,33,36,MCCURTAIN
1/14/2014,"450011","MCCURTAIN COUNTY",30003,"PROPOSITION",,30,30,2,"AGAINST THE PROPOSITION - NO",,0,1,12,13,MCCURTAIN
1/14/2014,"450012","MCCURTAIN COUNTY",30003,"PROPOSITION",,30,30,1,"FOR THE PROPOSITION - YES",,0,1,20,21,MCCURTAIN
1/14/2014,"450012","MCCURTAIN COUNTY",30003,"PROPOSITION",,30,30,2,"AGAINST THE PROPOSITION - NO",,0,1,2,3,MCCURTAIN
1/14/2014,"450013","MCCURTAIN COUNTY",30003,"PROPOSITION",,30,30,1,"FOR THE PROPOSITION - YES",,0,4,75,79,MCCURTAIN
1/14/2014,"450013","MCCURTAIN COUNTY",30003,"PROPOSITION",,30,30,2,"AGAINST THE PROPOSITION - NO",,0,0,14,14,MCCURTAIN
1/14/2014,"450014","MCCURTAIN COUNTY",30003,"PROPOSITION",,30,30,1,"FOR THE PROPOSITION - YES",,0,1,55,56,MCCURTAIN
1/14/2014,"450014","MCCURTAIN COUNTY",30003,"PROPOSITION",,30,30,2,"AGAINST THE PROPOSITION - NO",,1,0,7,8,MCCURTAIN
1/14/2014,"450015","MCCURTAIN COUNTY",30003,"PROPOSITION",,30,30,1,"FOR THE PROPOSITION - YES",,0,1,44,45,MCCURTAIN
1/14/2014,"450015","MCCURTAIN COUNTY",30003,"PROPOSITION",,30,30,2,"AGAINST THE PROPOSITION - NO",,0,0,13,13,MCCURTAIN
1/14/2014,"450017","MCCURTAIN COUNTY",30003,"PROPOSITION",,30,30,1,"FOR THE PROPOSITION - YES",,0,4,82,86,MCCURTAIN
1/14/2014,"450017","MCCURTAIN COUNTY",30003,"PROPOSITION",,30,30,2,"AGAINST THE PROPOSITION - NO",,0,0,23,23,MCCURTAIN
1/14/2014,"450018","MCCURTAIN COUNTY",30003,"PROPOSITION",,30,30,1,"FOR THE PROPOSITION - YES",,2,2,156,160,MCCURTAIN
1/14/2014,"450018","MCCURTAIN COUNTY",30003,"PROPOSITION",,30,30,2,"AGAINST THE PROPOSITION - NO",,0,1,45,46,MCCURTAIN
1/14/2014,"450019","MCCURTAIN COUNTY",30003,"PROPOSITION",,30,30,1,"FOR THE PROPOSITION - YES",,0,1,116,117,MCCURTAIN
1/14/2014,"450019","MCCURTAIN COUNTY",30003,"PROPOSITION",,30,30,2,"AGAINST THE PROPOSITION - NO",,0,0,21,21,MCCURTAIN
1/14/2014,"450020","MCCURTAIN COUNTY",30003,"PROPOSITION",,30,30,1,"FOR THE PROPOSITION - YES",,0,4,97,101,MCCURTAIN
1/14/2014,"450020","MCCURTAIN COUNTY",30003,"PROPOSITION",,30,30,2,"AGAINST THE PROPOSITION - NO",,0,0,30,30,MCCURTAIN
1/14/2014,"450022","MCCURTAIN COUNTY",30003,"PROPOSITION",,30,30,1,"FOR THE PROPOSITION - YES",,3,1,71,75,MCCURTAIN
1/14/2014,"450022","MCCURTAIN COUNTY",30003,"PROPOSITION",,30,30,2,"AGAINST THE PROPOSITION - NO",,3,1,18,22,MCCURTAIN
1/14/2014,"450023","MCCURTAIN COUNTY",30003,"PROPOSITION",,30,30,1,"FOR THE PROPOSITION - YES",,0,1,43,44,MCCURTAIN
1/14/2014,"450023","MCCURTAIN COUNTY",30003,"PROPOSITION",,30,30,2,"AGAINST THE PROPOSITION - NO",,0,0,20,20,MCCURTAIN
1/14/2014,"450024","MCCURTAIN COUNTY",30003,"PROPOSITION",,30,30,1,"FOR THE PROPOSITION - YES",,0,0,25,25,MCCURTAIN
1/14/2014,"450024","MCCURTAIN COUNTY",30003,"PROPOSITION",,30,30,2,"AGAINST THE PROPOSITION - NO",,0,0,6,6,MCCURTAIN
1/14/2014,"450025","MCCURTAIN COUNTY",30003,"PROPOSITION",,30,30,1,"FOR THE PROPOSITION - YES",,0,0,15,15,MCCURTAIN
1/14/2014,"450025","MCCURTAIN COUNTY",30003,"PROPOSITION",,30,30,2,"AGAINST THE PROPOSITION - NO",,0,0,14,14,MCCURTAIN
1/14/2014,"450026","MCCURTAIN COUNTY",30003,"PROPOSITION",,30,30,1,"FOR THE PROPOSITION - YES",,0,0,11,11,MCCURTAIN
1/14/2014,"450026","MCCURTAIN COUNTY",30003,"PROPOSITION",,30,30,2,"AGAINST THE PROPOSITION - NO",,0,0,18,18,MCCURTAIN
1/14/2014,"450027","MCCURTAIN COUNTY",30003,"PROPOSITION",,30,30,1,"FOR THE PROPOSITION - YES",,0,2,18,20,MCCURTAIN
1/14/2014,"450027","MCCURTAIN COUNTY",30003,"PROPOSITION",,30,30,2,"AGAINST THE PROPOSITION - NO",,0,0,10,10,MCCURTAIN
1/14/2014,"450028","MCCURTAIN COUNTY",30003,"PROPOSITION",,30,30,1,"FOR THE PROPOSITION - YES",,0,0,20,20,MCCURTAIN
1/14/2014,"450028","MCCURTAIN COUNTY",30003,"PROPOSITION",,30,30,2,"AGAINST THE PROPOSITION - NO",,0,0,9,9,MCCURTAIN
1/14/2014,"450029","MCCURTAIN COUNTY",30003,"PROPOSITION",,30,30,1,"FOR THE PROPOSITION - YES",,0,2,48,50,MCCURTAIN
1/14/2014,"450029","MCCURTAIN COUNTY",30003,"PROPOSITION",,30,30,2,"AGAINST THE PROPOSITION - NO",,0,0,35,35,MCCURTAIN
1/14/2014,"450031","MCCURTAIN COUNTY",30003,"PROPOSITION",,30,30,1,"FOR THE PROPOSITION - YES",,1,5,74,80,MCCURTAIN
1/14/2014,"450031","MCCURTAIN COUNTY",30003,"PROPOSITION",,30,30,2,"AGAINST THE PROPOSITION - NO",,0,4,30,34,MCCURTAIN
1/14/2014,"450033","MCCURTAIN COUNTY",30003,"PROPOSITION",,30,30,1,"FOR THE PROPOSITION - YES",,0,5,80,85,MCCURTAIN
1/14/2014,"450033","MCCURTAIN COUNTY",30003,"PROPOSITION",,30,30,2,"AGAINST THE PROPOSITION - NO",,0,1,24,25,MCCURTAIN
1/14/2014,"450034","MCCURTAIN COUNTY",30003,"PROPOSITION",,30,30,1,"FOR THE PROPOSITION - YES",,0,6,66,72,MCCURTAIN
1/14/2014,"450034","MCCURTAIN COUNTY",30003,"PROPOSITION",,30,30,2,"AGAINST THE PROPOSITION - NO",,0,0,44,44,MCCURTAIN
1/14/2014,"450035","MCCURTAIN COUNTY",30003,"PROPOSITION",,30,30,1,"FOR THE PROPOSITION - YES",,0,2,141,143,MCCURTAIN
1/14/2014,"450035","MCCURTAIN COUNTY",30003,"PROPOSITION",,30,30,2,"AGAINST THE PROPOSITION - NO",,0,0,32,32,MCCURTAIN
1/14/2014,"450036","MCCURTAIN COUNTY",30003,"PROPOSITION",,30,30,1,"FOR THE PROPOSITION - YES",,0,2,79,81,MCCURTAIN
1/14/2014,"450036","MCCURTAIN COUNTY",30003,"PROPOSITION",,30,30,2,"AGAINST THE PROPOSITION - NO",,0,1,31,32,MCCURTAIN
1/14/2014,"450037","MCCURTAIN COUNTY",30003,"PROPOSITION",,30,30,1,"FOR THE PROPOSITION - YES",,0,0,25,25,MCCURTAIN
1/14/2014,"450037","MCCURTAIN COUNTY",30003,"PROPOSITION",,30,30,2,"AGAINST THE PROPOSITION - NO",,0,0,5,5,MCCURTAIN
1/14/2014,"450038","MCCURTAIN COUNTY",30003,"PROPOSITION",,30,30,1,"FOR THE PROPOSITION - YES",,0,3,147,150,MCCURTAIN
1/14/2014,"450038","MCCURTAIN COUNTY",30003,"PROPOSITION",,30,30,2,"AGAINST THE PROPOSITION - NO",,0,0,32,32,MCCURTAIN
1/14/2014,"470002","MAJOR COUNTY",30004,"PROPOSITION",,8,8,1,"FOR THE PROPOSITION - YES",,8,5,164,177,MAJOR
1/14/2014,"470002","MAJOR COUNTY",30004,"PROPOSITION",,8,8,2,"AGAINST THE PROPOSITION - NO",,0,1,14,15,MAJOR
1/14/2014,"470004","MAJOR COUNTY",30004,"PROPOSITION",,8,8,1,"FOR THE PROPOSITION - YES",,0,1,31,32,MAJOR
1/14/2014,"470004","MAJOR COUNTY",30004,"PROPOSITION",,8,8,2,"AGAINST THE PROPOSITION - NO",,0,0,4,4,MAJOR
1/14/2014,"470009","MAJOR COUNTY",30004,"PROPOSITION",,8,8,1,"FOR THE PROPOSITION - YES",,1,0,9,10,MAJOR
1/14/2014,"470009","MAJOR COUNTY",30004,"PROPOSITION",,8,8,2,"AGAINST THE PROPOSITION - NO",,0,0,3,3,MAJOR
1/14/2014,"470010","MAJOR COUNTY",30004,"PROPOSITION",,8,8,1,"FOR THE PROPOSITION - YES",,3,2,15,20,MAJOR
1/14/2014,"470010","MAJOR COUNTY",30004,"PROPOSITION",,8,8,2,"AGAINST THE PROPOSITION - NO",,3,0,23,26,MAJOR
1/14/2014,"470015","MAJOR COUNTY",30004,"PROPOSITION",,8,8,1,"FOR THE PROPOSITION - YES",,2,1,38,41,MAJOR
1/14/2014,"470015","MAJOR COUNTY",30004,"PROPOSITION",,8,8,2,"AGAINST THE PROPOSITION - NO",,0,0,9,9,MAJOR
1/14/2014,"470016","MAJOR COUNTY",30004,"PROPOSITION",,8,8,1,"FOR THE PROPOSITION - YES",,0,1,11,12,MAJOR
1/14/2014,"470016","MAJOR COUNTY",30004,"PROPOSITION",,8,8,2,"AGAINST THE PROPOSITION - NO",,0,0,10,10,MAJOR
1/14/2014,"470020","MAJOR COUNTY",30004,"PROPOSITION",,8,8,1,"FOR THE PROPOSITION - YES",,27,27,84,138,MAJOR
1/14/2014,"470020","MAJOR COUNTY",30004,"PROPOSITION",,8,8,2,"AGAINST THE PROPOSITION - NO",,3,6,66,75,MAJOR
1/14/2014,"470022","MAJOR COUNTY",30004,"PROPOSITION",,8,8,1,"FOR THE PROPOSITION - YES",,5,31,62,98,MAJOR
1/14/2014,"470022","MAJOR COUNTY",30004,"PROPOSITION",,8,8,2,"AGAINST THE PROPOSITION - NO",,3,11,32,46,MAJOR
1/14/2014,"510005","CITY OF MUSKOGEE",45102,"FOR CITY COUNCIL WARD 1  CITY OF MUSKOGEE",,3,3,1,"DAVID PAUL JONES",,0,3,24,27,,
1/14/2014,"510005","CITY OF MUSKOGEE",45102,"FOR CITY COUNCIL WARD 1  CITY OF MUSKOGEE",,3,3,2,"JOHN MARK LOWRIMORE",,0,2,5,7,,
1/14/2014,"510005","CITY OF MUSKOGEE",45105,"FOR CITY COUNCIL WARD 4  CITY OF MUSKOGEE",,4,4,1,"MARLON JOSEPH COLEMAN",,2,2,19,23,,
1/14/2014,"510005","CITY OF MUSKOGEE",45105,"FOR CITY COUNCIL WARD 4  CITY OF MUSKOGEE",,4,4,2,"ARNOLD DEAN SWAN",,0,2,6,8,,
1/14/2014,"510005","CITY OF MUSKOGEE",45105,"FOR CITY COUNCIL WARD 4  CITY OF MUSKOGEE",,4,4,3,"CLARESSA DIONNE VEALY-DYER",,1,0,1,2,,
1/14/2014,"510007","CITY OF MUSKOGEE",45102,"FOR CITY COUNCIL WARD 1  CITY OF MUSKOGEE",,3,3,1,"DAVID PAUL JONES",,0,10,123,133,,
1/14/2014,"510007","CITY OF MUSKOGEE",45102,"FOR CITY COUNCIL WARD 1  CITY OF MUSKOGEE",,3,3,2,"JOHN MARK LOWRIMORE",,0,3,23,26,,
1/14/2014,"510009","CITY OF MUSKOGEE",45103,"FOR CITY COUNCIL WARD 2  CITY OF MUSKOGEE",,4,4,1,"MICHELLE JEAN GREEN",,1,1,47,49,,
1/14/2014,"510009","CITY OF MUSKOGEE",45103,"FOR CITY COUNCIL WARD 2  CITY OF MUSKOGEE",,4,4,2,"JAMES ROBERT GULLEY",,0,7,69,76,,
1/14/2014,"510011","CITY OF MUSKOGEE",45104,"FOR CITY COUNCIL WARD 3  CITY OF MUSKOGEE",,5,5,1,"RANDALL RANDY KEITH HOWARD",,0,1,9,10,,
1/14/2014,"510011","CITY OF MUSKOGEE",45104,"FOR CITY COUNCIL WARD 3  CITY OF MUSKOGEE",,5,5,2,"IVORY LEWIS VANN",,0,0,27,27,,
1/14/2014,"510013","CITY OF MUSKOGEE",45103,"FOR CITY COUNCIL WARD 2  CITY OF MUSKOGEE",,4,4,1,"MICHELLE JEAN GREEN",,0,1,12,13,,
1/14/2014,"510013","CITY OF MUSKOGEE",45103,"FOR CITY COUNCIL WARD 2  CITY OF MUSKOGEE",,4,4,2,"JAMES ROBERT GULLEY",,2,1,18,21,,
1/14/2014,"510017","CITY OF MUSKOGEE",45104,"FOR CITY COUNCIL WARD 3  CITY OF MUSKOGEE",,5,5,1,"RANDALL RANDY KEITH HOWARD",,0,2,16,18,,
1/14/2014,"510017","CITY OF MUSKOGEE",45104,"FOR CITY COUNCIL WARD 3  CITY OF MUSKOGEE",,5,5,2,"IVORY LEWIS VANN",,0,1,61,62,,
1/14/2014,"510021","CITY OF MUSKOGEE",45104,"FOR CITY COUNCIL WARD 3  CITY OF MUSKOGEE",,5,5,1,"RANDALL RANDY KEITH HOWARD",,0,0,35,35,,
1/14/2014,"510021","CITY OF MUSKOGEE",45104,"FOR CITY COUNCIL WARD 3  CITY OF MUSKOGEE",,5,5,2,"IVORY LEWIS VANN",,0,6,64,70,,
1/14/2014,"510022","CITY OF MUSKOGEE",45105,"FOR CITY COUNCIL WARD 4  CITY OF MUSKOGEE",,4,4,1,"MARLON JOSEPH COLEMAN",,2,10,102,114,,
1/14/2014,"510022","CITY OF MUSKOGEE",45105,"FOR CITY COUNCIL WARD 4  CITY OF MUSKOGEE",,4,4,2,"ARNOLD DEAN SWAN",,2,0,9,11,,
1/14/2014,"510022","CITY OF MUSKOGEE",45105,"FOR CITY COUNCIL WARD 4  CITY OF MUSKOGEE",,4,4,3,"CLARESSA DIONNE VEALY-DYER",,1,0,11,12,,
1/14/2014,"510023","CITY OF MUSKOGEE",45105,"FOR CITY COUNCIL WARD 4  CITY OF MUSKOGEE",,4,4,1,"MARLON JOSEPH COLEMAN",,0,14,182,196,,
1/14/2014,"510023","CITY OF MUSKOGEE",45105,"FOR CITY COUNCIL WARD 4  CITY OF MUSKOGEE",,4,4,2,"ARNOLD DEAN SWAN",,0,2,9,11,,
1/14/2014,"510023","CITY OF MUSKOGEE",45105,"FOR CITY COUNCIL WARD 4  CITY OF MUSKOGEE",,4,4,3,"CLARESSA DIONNE VEALY-DYER",,0,0,8,8,,
1/14/2014,"510028","CITY OF MUSKOGEE",45105,"FOR CITY COUNCIL WARD 4  CITY OF MUSKOGEE",,4,4,1,"MARLON JOSEPH COLEMAN",,0,2,33,35,,
1/14/2014,"510028","CITY OF MUSKOGEE",45105,"FOR CITY COUNCIL WARD 4  CITY OF MUSKOGEE",,4,4,2,"ARNOLD DEAN SWAN",,0,0,2,2,,
1/14/2014,"510028","CITY OF MUSKOGEE",45105,"FOR CITY COUNCIL WARD 4  CITY OF MUSKOGEE",,4,4,3,"CLARESSA DIONNE VEALY-DYER",,0,0,1,1,,
1/14/2014,"510037","CITY OF MUSKOGEE",45104,"FOR CITY COUNCIL WARD 3  CITY OF MUSKOGEE",,5,5,1,"RANDALL RANDY KEITH HOWARD",,1,0,5,6,,
1/14/2014,"510037","CITY OF MUSKOGEE",45104,"FOR CITY COUNCIL WARD 3  CITY OF MUSKOGEE",,5,5,2,"IVORY LEWIS VANN",,0,0,2,2,,
1/14/2014,"510038","CITY OF MUSKOGEE",45102,"FOR CITY COUNCIL WARD 1  CITY OF MUSKOGEE",,3,3,1,"DAVID PAUL JONES",,0,12,143,155,,
1/14/2014,"510038","CITY OF MUSKOGEE",45102,"FOR CITY COUNCIL WARD 1  CITY OF MUSKOGEE",,3,3,2,"JOHN MARK LOWRIMORE",,0,1,10,11,,
1/14/2014,"510046","CITY OF MUSKOGEE",45103,"FOR CITY COUNCIL WARD 2  CITY OF MUSKOGEE",,4,4,1,"MICHELLE JEAN GREEN",,0,1,23,24,,
1/14/2014,"510046","CITY OF MUSKOGEE",45103,"FOR CITY COUNCIL WARD 2  CITY OF MUSKOGEE",,4,4,2,"JAMES ROBERT GULLEY",,0,2,39,41,,
1/14/2014,"510047","CITY OF MUSKOGEE",45104,"FOR CITY COUNCIL WARD 3  CITY OF MUSKOGEE",,5,5,1,"RANDALL RANDY KEITH HOWARD",,0,2,33,35,,
1/14/2014,"510047","CITY OF MUSKOGEE",45104,"FOR CITY COUNCIL WARD 3  CITY OF MUSKOGEE",,5,5,2,"IVORY LEWIS VANN",,0,2,22,24,,
1/14/2014,"510055","CITY OF MUSKOGEE",45103,"FOR CITY COUNCIL WARD 2  CITY OF MUSKOGEE",,4,4,1,"MICHELLE JEAN GREEN",,0,1,4,5,,
1/14/2014,"510055","CITY OF MUSKOGEE",45103,"FOR CITY COUNCIL WARD 2  CITY OF MUSKOGEE",,4,4,2,"JAMES ROBERT GULLEY",,0,3,14,17,,
1/14/2014,"550076","TOWN OF LUTHER",45501,"FOR BOARD OF TRUSTEES (UNEXPIRED TERM)  TOWN OF LUTHER",,1,1,1,"ALLEN PARRISH",,0,0,31,31,,
1/14/2014,"550076","TOWN OF LUTHER",45501,"FOR BOARD OF TRUSTEES (UNEXPIRED TERM)  TOWN OF LUTHER",,1,1,2,"LEA ANN JACKSON",,0,0,43,43,,
1/14/2014,"550076","TOWN OF LUTHER",45501,"FOR BOARD OF TRUSTEES (UNEXPIRED TERM)  TOWN OF LUTHER",,1,1,3,"RONALD JOHNSON",,0,0,7,7,,
1/14/2014,"550076","TOWN OF LUTHER",45501,"FOR BOARD OF TRUSTEES (UNEXPIRED TERM)  TOWN OF LUTHER",,1,1,4,"GERALD McCAULEY",,0,0,4,4,,
1/14/2014,"559999","TOWN OF LUTHER",45501,"FOR BOARD OF TRUSTEES (UNEXPIRED TERM)  TOWN OF LUTHER",,1,1,1,"ALLEN PARRISH",,0,0,0,0,,
1/14/2014,"559999","TOWN OF LUTHER",45501,"FOR BOARD OF TRUSTEES (UNEXPIRED TERM)  TOWN OF LUTHER",,1,1,2,"LEA ANN JACKSON",,0,0,0,0,,
1/14/2014,"559999","TOWN OF LUTHER",45501,"FOR BOARD OF TRUSTEES (UNEXPIRED TERM)  TOWN OF LUTHER",,1,1,3,"RONALD JOHNSON",,4,0,0,4,,
1/14/2014,"559999","TOWN OF LUTHER",45501,"FOR BOARD OF TRUSTEES (UNEXPIRED TERM)  TOWN OF LUTHER",,1,1,4,"GERALD McCAULEY",,0,0,0,0,,
1/14/2014,"660020","VERDIGRIS PUBLIC SCHOOLS",56601,"PROPOSITION NO. 1  VERDIGRIS PUBLIC SCHOOLS",,3,3,1,"FOR THE PROPOSITION - YES",,1,1,143,145,,
1/14/2014,"660020","VERDIGRIS PUBLIC SCHOOLS",56601,"PROPOSITION NO. 1  VERDIGRIS PUBLIC SCHOOLS",,3,3,2,"AGAINST THE PROPOSITION - NO",,0,1,13,14,,
1/14/2014,"660020","VERDIGRIS PUBLIC SCHOOLS",56602,"PROPOSITION NO. 2  VERDIGRIS PUBLIC SCHOOLS",,3,3,1,"FOR THE PROPOSITION - YES",,1,1,148,150,,
1/14/2014,"660020","VERDIGRIS PUBLIC SCHOOLS",56602,"PROPOSITION NO. 2  VERDIGRIS PUBLIC SCHOOLS",,3,3,2,"AGAINST THE PROPOSITION - NO",,0,1,10,11,,
1/14/2014,"660110","VERDIGRIS PUBLIC SCHOOLS",56601,"PROPOSITION NO. 1  VERDIGRIS PUBLIC SCHOOLS",,3,3,1,"FOR THE PROPOSITION - YES",,0,0,132,132,,
1/14/2014,"660110","VERDIGRIS PUBLIC SCHOOLS",56601,"PROPOSITION NO. 1  VERDIGRIS PUBLIC SCHOOLS",,3,3,2,"AGAINST THE PROPOSITION - NO",,2,0,20,22,,
1/14/2014,"660110","VERDIGRIS PUBLIC SCHOOLS",56602,"PROPOSITION NO. 2  VERDIGRIS PUBLIC SCHOOLS",,3,3,1,"FOR THE PROPOSITION - YES",,0,0,132,132,,
1/14/2014,"660110","VERDIGRIS PUBLIC SCHOOLS",56602,"PROPOSITION NO. 2  VERDIGRIS PUBLIC SCHOOLS",,3,3,2,"AGAINST THE PROPOSITION - NO",,2,0,22,24,,
1/14/2014,"660120","VERDIGRIS PUBLIC SCHOOLS",56601,"PROPOSITION NO. 1  VERDIGRIS PUBLIC SCHOOLS",,3,3,1,"FOR THE PROPOSITION - YES",,2,1,137,140,,
1/14/2014,"660120","VERDIGRIS PUBLIC SCHOOLS",56601,"PROPOSITION NO. 1  VERDIGRIS PUBLIC SCHOOLS",,3,3,2,"AGAINST THE PROPOSITION - NO",,1,0,12,13,,
1/14/2014,"660120","VERDIGRIS PUBLIC SCHOOLS",56602,"PROPOSITION NO. 2  VERDIGRIS PUBLIC SCHOOLS",,3,3,1,"FOR THE PROPOSITION - YES",,2,1,138,141,,
1/14/2014,"660120","VERDIGRIS PUBLIC SCHOOLS",56602,"PROPOSITION NO. 2  VERDIGRIS PUBLIC SCHOOLS",,3,3,2,"AGAINST THE PROPOSITION - NO",,2,0,11,13,,
1/14/2014,"670014","CITY OF KONAWA",46701,"FOR WARD 3  CITY OF KONAWA",,1,1,1,"FRANK SHIRLEY",,0,0,56,56,,
1/14/2014,"670014","CITY OF KONAWA",46701,"FOR WARD 3  CITY OF KONAWA",,1,1,2,"LATRELLE DAVIS",,0,0,21,21,,
1/14/2014,"670014","CITY OF KONAWA",46702,"FOR WARD 4  CITY OF KONAWA",,1,1,1,"JAMES M. BLACKWOOD",,0,0,46,46,,
1/14/2014,"670014","CITY OF KONAWA",46702,"FOR WARD 4  CITY OF KONAWA",,1,1,2,"MICHAEL O. TENNEY",,0,0,32,32,,
1/14/2014,"670014","CITY OF KONAWA",46703,"PROPOSITION  CITY OF KONAWA",,1,1,1,"FOR THE PROPOSITION - YES",,0,0,40,40,,
1/14/2014,"670014","CITY OF KONAWA",46703,"PROPOSITION  CITY OF KONAWA",,1,1,2,"AGAINST THE PROPOSITION - NO",,0,0,32,32,,
1/14/2014,"670034","CITY OF WEWOKA",46706,"PROPOSITION NO. 1  CITY OF WEWOKA",,1,1,1,"FOR THE PROPOSITION - YES",,0,12,161,173,,
1/14/2014,"670034","CITY OF WEWOKA",46706,"PROPOSITION NO. 1  CITY OF WEWOKA",,1,1,2,"AGAINST THE PROPOSITION - NO",,0,1,10,11,,
1/14/2014,"670034","CITY OF WEWOKA",46707,"PROPOSITION NO. 2  CITY OF WEWOKA",,1,1,1,"FOR THE PROPOSITION - YES",,0,13,142,155,,
1/14/2014,"670034","CITY OF WEWOKA",46707,"PROPOSITION NO. 2  CITY OF WEWOKA",,1,1,2,"AGAINST THE PROPOSITION - NO",,0,1,29,30,,
1/14/2014,"670034","CITY OF WEWOKA",46708,"PROPOSITION NO. 3  CITY OF WEWOKA",,1,1,1,"FOR THE PROPOSITION - YES",,0,14,147,161,,
1/14/2014,"670034","CITY OF WEWOKA",46708,"PROPOSITION NO. 3  CITY OF WEWOKA",,1,1,2,"AGAINST THE PROPOSITION - NO",,0,0,24,24,,
1/14/2014,"760002","CITY OF WAYNOKA",47601,"PROPOSITION  CITY OF WAYNOKA",,1,1,1,"FOR THE PROPOSITION - YES",,1,1,26,28,,
1/14/2014,"760002","CITY OF WAYNOKA",47601,"PROPOSITION  CITY OF WAYNOKA",,1,1,2,"AGAINST THE PROPOSITION - NO",,0,0,7,7,,
1/14/2014,"770302","FORT SUPPLY PUBLIC SCHOOLS",57701,"PROPOSITION  FORT SUPPLY PUBLIC SCHOOLS",,10,10,1,"FOR THE PROPOSITION - YES",,0,0,1,1,,
1/14/2014,"770302","FORT SUPPLY PUBLIC SCHOOLS",57701,"PROPOSITION  FORT SUPPLY PUBLIC SCHOOLS",,10,10,2,"AGAINST THE PROPOSITION - NO",,0,0,0,0,,
1/14/2014,"770306","FORT SUPPLY PUBLIC SCHOOLS",57701,"PROPOSITION  FORT SUPPLY PUBLIC SCHOOLS",,10,10,1,"FOR THE PROPOSITION - YES",,2,0,11,13,,
1/14/2014,"770306","FORT SUPPLY PUBLIC SCHOOLS",57701,"PROPOSITION  FORT SUPPLY PUBLIC SCHOOLS",,10,10,2,"AGAINST THE PROPOSITION - NO",,0,0,0,0,,
1/14/2014,"770307","FORT SUPPLY PUBLIC SCHOOLS",57701,"PROPOSITION  FORT SUPPLY PUBLIC SCHOOLS",,10,10,1,"FOR THE PROPOSITION - YES",,0,0,61,61,,
1/14/2014,"770307","FORT SUPPLY PUBLIC SCHOOLS",57701,"PROPOSITION  FORT SUPPLY PUBLIC SCHOOLS",,10,10,2,"AGAINST THE PROPOSITION - NO",,0,0,6,6,,
