elec_date,precinct,entity_description,race_number,race_description,race_party,tot_race_prec,race_prec_reporting,cand_number,cand_name,cand_party,cand_absmail_votes,cand_early_votes,cand_elecday_votes,cand_tot_votes,race_county_owner
9/14/2021,"030001","ATOKA PUBLIC SCHOOLS INDEPENDENT SCHOOL DISTRICT NO. 015",50301,"PROPOSITION  ATOKA PUBLIC SCHOOLS",,12,12,1,"FOR THE PROPOSITION - YES",,0,13,44,57,,
9/14/2021,"030001","ATOKA PUBLIC SCHOOLS INDEPENDENT SCHOOL DISTRICT NO. 015",50301,"PROPOSITION  ATOKA PUBLIC SCHOOLS",,12,12,2,"AGAINST THE PROPOSITION - NO",,5,13,89,107,,
9/14/2021,"030002","ATOKA PUBLIC SCHOOLS INDEPENDENT SCHOOL DISTRICT NO. 015",50301,"PROPOSITION  ATOKA PUBLIC SCHOOLS",,12,12,1,"FOR THE PROPOSITION - YES",,4,14,70,88,,
9/14/2021,"030002","ATOKA PUBLIC SCHOOLS INDEPENDENT SCHOOL DISTRICT NO. 015",50301,"PROPOSITION  ATOKA PUBLIC SCHOOLS",,12,12,2,"AGAINST THE PROPOSITION - NO",,2,7,69,78,,
9/14/2021,"030003","ATOKA PUBLIC SCHOOLS INDEPENDENT SCHOOL DISTRICT NO. 015",50301,"PROPOSITION  ATOKA PUBLIC SCHOOLS",,12,12,1,"FOR THE PROPOSITION - YES",,4,9,40,53,,
9/14/2021,"030003","ATOKA PUBLIC SCHOOLS INDEPENDENT SCHOOL DISTRICT NO. 015",50301,"PROPOSITION  ATOKA PUBLIC SCHOOLS",,12,12,2,"AGAINST THE PROPOSITION - NO",,0,10,43,53,,
9/14/2021,"030006","ATOKA PUBLIC SCHOOLS INDEPENDENT SCHOOL DISTRICT NO. 015",50301,"PROPOSITION  ATOKA PUBLIC SCHOOLS",,12,12,1,"FOR THE PROPOSITION - YES",,0,4,2,6,,
9/14/2021,"030006","ATOKA PUBLIC SCHOOLS INDEPENDENT SCHOOL DISTRICT NO. 015",50301,"PROPOSITION  ATOKA PUBLIC SCHOOLS",,12,12,2,"AGAINST THE PROPOSITION - NO",,2,0,22,24,,
9/14/2021,"030007","ATOKA PUBLIC SCHOOLS INDEPENDENT SCHOOL DISTRICT NO. 015",50301,"PROPOSITION  ATOKA PUBLIC SCHOOLS",,12,12,1,"FOR THE PROPOSITION - YES",,0,1,3,4,,
9/14/2021,"030007","ATOKA PUBLIC SCHOOLS INDEPENDENT SCHOOL DISTRICT NO. 015",50301,"PROPOSITION  ATOKA PUBLIC SCHOOLS",,12,12,2,"AGAINST THE PROPOSITION - NO",,1,0,6,7,,
9/14/2021,"030009","ATOKA PUBLIC SCHOOLS INDEPENDENT SCHOOL DISTRICT NO. 015",50301,"PROPOSITION  ATOKA PUBLIC SCHOOLS",,12,12,1,"FOR THE PROPOSITION - YES",,0,0,0,0,,
9/14/2021,"030009","ATOKA PUBLIC SCHOOLS INDEPENDENT SCHOOL DISTRICT NO. 015",50301,"PROPOSITION  ATOKA PUBLIC SCHOOLS",,12,12,2,"AGAINST THE PROPOSITION - NO",,0,0,0,0,,
9/14/2021,"030011","ATOKA PUBLIC SCHOOLS INDEPENDENT SCHOOL DISTRICT NO. 015",50301,"PROPOSITION  ATOKA PUBLIC SCHOOLS",,12,12,1,"FOR THE PROPOSITION - YES",,0,0,0,0,,
9/14/2021,"030011","ATOKA PUBLIC SCHOOLS INDEPENDENT SCHOOL DISTRICT NO. 015",50301,"PROPOSITION  ATOKA PUBLIC SCHOOLS",,12,12,2,"AGAINST THE PROPOSITION - NO",,0,0,11,11,,
9/14/2021,"030012","ATOKA PUBLIC SCHOOLS INDEPENDENT SCHOOL DISTRICT NO. 015",50301,"PROPOSITION  ATOKA PUBLIC SCHOOLS",,12,12,1,"FOR THE PROPOSITION - YES",,0,0,0,0,,
9/14/2021,"030012","ATOKA PUBLIC SCHOOLS INDEPENDENT SCHOOL DISTRICT NO. 015",50301,"PROPOSITION  ATOKA PUBLIC SCHOOLS",,12,12,2,"AGAINST THE PROPOSITION - NO",,0,0,0,0,,
9/14/2021,"030013","ATOKA PUBLIC SCHOOLS INDEPENDENT SCHOOL DISTRICT NO. 015",50301,"PROPOSITION  ATOKA PUBLIC SCHOOLS",,12,12,1,"FOR THE PROPOSITION - YES",,0,0,0,0,,
9/14/2021,"030013","ATOKA PUBLIC SCHOOLS INDEPENDENT SCHOOL DISTRICT NO. 015",50301,"PROPOSITION  ATOKA PUBLIC SCHOOLS",,12,12,2,"AGAINST THE PROPOSITION - NO",,0,0,0,0,,
9/14/2021,"030015","ATOKA PUBLIC SCHOOLS INDEPENDENT SCHOOL DISTRICT NO. 015",50301,"PROPOSITION  ATOKA PUBLIC SCHOOLS",,12,12,1,"FOR THE PROPOSITION - YES",,0,0,0,0,,
9/14/2021,"030015","ATOKA PUBLIC SCHOOLS INDEPENDENT SCHOOL DISTRICT NO. 015",50301,"PROPOSITION  ATOKA PUBLIC SCHOOLS",,12,12,2,"AGAINST THE PROPOSITION - NO",,0,0,0,0,,
9/14/2021,"030017","ATOKA PUBLIC SCHOOLS INDEPENDENT SCHOOL DISTRICT NO. 015",50301,"PROPOSITION  ATOKA PUBLIC SCHOOLS",,12,12,1,"FOR THE PROPOSITION - YES",,0,0,0,0,,
9/14/2021,"030017","ATOKA PUBLIC SCHOOLS INDEPENDENT SCHOOL DISTRICT NO. 015",50301,"PROPOSITION  ATOKA PUBLIC SCHOOLS",,12,12,2,"AGAINST THE PROPOSITION - NO",,0,0,0,0,,
9/14/2021,"070008","SILO PUBLIC SCHOOLS INDEPENDENT SCHOOL DISTRICT NO. 001",50701,"PROPOSITION  SILO PUBLIC SCHOOLS",,7,7,1,"FOR THE PROPOSITION - YES",,0,0,0,0,,
9/14/2021,"070008","SILO PUBLIC SCHOOLS INDEPENDENT SCHOOL DISTRICT NO. 001",50701,"PROPOSITION  SILO PUBLIC SCHOOLS",,7,7,2,"AGAINST THE PROPOSITION - NO",,0,0,0,0,,
9/14/2021,"070021","SILO PUBLIC SCHOOLS INDEPENDENT SCHOOL DISTRICT NO. 001",50701,"PROPOSITION  SILO PUBLIC SCHOOLS",,7,7,1,"FOR THE PROPOSITION - YES",,2,0,48,50,,
9/14/2021,"070021","SILO PUBLIC SCHOOLS INDEPENDENT SCHOOL DISTRICT NO. 001",50701,"PROPOSITION  SILO PUBLIC SCHOOLS",,7,7,2,"AGAINST THE PROPOSITION - NO",,4,3,165,172,,
9/14/2021,"070025","SILO PUBLIC SCHOOLS INDEPENDENT SCHOOL DISTRICT NO. 001",50701,"PROPOSITION  SILO PUBLIC SCHOOLS",,7,7,1,"FOR THE PROPOSITION - YES",,4,0,103,107,,
9/14/2021,"070025","SILO PUBLIC SCHOOLS INDEPENDENT SCHOOL DISTRICT NO. 001",50701,"PROPOSITION  SILO PUBLIC SCHOOLS",,7,7,2,"AGAINST THE PROPOSITION - NO",,16,6,216,238,,
9/14/2021,"070026","SILO PUBLIC SCHOOLS INDEPENDENT SCHOOL DISTRICT NO. 001",50701,"PROPOSITION  SILO PUBLIC SCHOOLS",,7,7,1,"FOR THE PROPOSITION - YES",,0,0,0,0,,
9/14/2021,"070026","SILO PUBLIC SCHOOLS INDEPENDENT SCHOOL DISTRICT NO. 001",50701,"PROPOSITION  SILO PUBLIC SCHOOLS",,7,7,2,"AGAINST THE PROPOSITION - NO",,0,0,0,0,,
9/14/2021,"070027","SILO PUBLIC SCHOOLS INDEPENDENT SCHOOL DISTRICT NO. 001",50701,"PROPOSITION  SILO PUBLIC SCHOOLS",,7,7,1,"FOR THE PROPOSITION - YES",,0,0,0,0,,
9/14/2021,"070027","SILO PUBLIC SCHOOLS INDEPENDENT SCHOOL DISTRICT NO. 001",50701,"PROPOSITION  SILO PUBLIC SCHOOLS",,7,7,2,"AGAINST THE PROPOSITION - NO",,0,0,0,0,,
9/14/2021,"070028","SILO PUBLIC SCHOOLS INDEPENDENT SCHOOL DISTRICT NO. 001",50701,"PROPOSITION  SILO PUBLIC SCHOOLS",,7,7,1,"FOR THE PROPOSITION - YES",,3,2,121,126,,
9/14/2021,"070028","SILO PUBLIC SCHOOLS INDEPENDENT SCHOOL DISTRICT NO. 001",50701,"PROPOSITION  SILO PUBLIC SCHOOLS",,7,7,2,"AGAINST THE PROPOSITION - NO",,4,7,167,178,,
9/14/2021,"070033","SILO PUBLIC SCHOOLS INDEPENDENT SCHOOL DISTRICT NO. 001",50701,"PROPOSITION  SILO PUBLIC SCHOOLS",,7,7,1,"FOR THE PROPOSITION - YES",,11,5,104,120,,
9/14/2021,"070033","SILO PUBLIC SCHOOLS INDEPENDENT SCHOOL DISTRICT NO. 001",50701,"PROPOSITION  SILO PUBLIC SCHOOLS",,7,7,2,"AGAINST THE PROPOSITION - NO",,15,9,265,289,,
9/14/2021,"080012","CADDO COUNTY",10001,"FOR COUNTY COMMISSIONER DISTRICT NO. 2 (UNEXPIRED TERM)",,7,7,1,"BELITA JO LEE BYRD",REP,0,0,0,0,CADDO
9/14/2021,"080012","CADDO COUNTY",10001,"FOR COUNTY COMMISSIONER DISTRICT NO. 2 (UNEXPIRED TERM)",,7,7,2,"JEFF BOREN",DEM,1,1,5,7,CADDO
9/14/2021,"080031","CADDO COUNTY",10001,"FOR COUNTY COMMISSIONER DISTRICT NO. 2 (UNEXPIRED TERM)",,7,7,1,"BELITA JO LEE BYRD",REP,0,0,1,1,CADDO
9/14/2021,"080031","CADDO COUNTY",10001,"FOR COUNTY COMMISSIONER DISTRICT NO. 2 (UNEXPIRED TERM)",,7,7,2,"JEFF BOREN",DEM,1,4,4,9,CADDO
9/14/2021,"080041","CADDO COUNTY",10001,"FOR COUNTY COMMISSIONER DISTRICT NO. 2 (UNEXPIRED TERM)",,7,7,1,"BELITA JO LEE BYRD",REP,2,0,2,4,CADDO
9/14/2021,"080041","CADDO COUNTY",10001,"FOR COUNTY COMMISSIONER DISTRICT NO. 2 (UNEXPIRED TERM)",,7,7,2,"JEFF BOREN",DEM,8,10,31,49,CADDO
9/14/2021,"080509","CADDO COUNTY",10001,"FOR COUNTY COMMISSIONER DISTRICT NO. 2 (UNEXPIRED TERM)",,7,7,1,"BELITA JO LEE BYRD",REP,0,0,1,1,CADDO
9/14/2021,"080509","CADDO COUNTY",10001,"FOR COUNTY COMMISSIONER DISTRICT NO. 2 (UNEXPIRED TERM)",,7,7,2,"JEFF BOREN",DEM,2,1,23,26,CADDO
9/14/2021,"080510","CADDO COUNTY",10001,"FOR COUNTY COMMISSIONER DISTRICT NO. 2 (UNEXPIRED TERM)",,7,7,1,"BELITA JO LEE BYRD",REP,1,0,2,3,CADDO
9/14/2021,"080510","CADDO COUNTY",10001,"FOR COUNTY COMMISSIONER DISTRICT NO. 2 (UNEXPIRED TERM)",,7,7,2,"JEFF BOREN",DEM,2,3,31,36,CADDO
9/14/2021,"080811","CADDO COUNTY",10001,"FOR COUNTY COMMISSIONER DISTRICT NO. 2 (UNEXPIRED TERM)",,7,7,1,"BELITA JO LEE BYRD",REP,0,0,3,3,CADDO
9/14/2021,"080811","CADDO COUNTY",10001,"FOR COUNTY COMMISSIONER DISTRICT NO. 2 (UNEXPIRED TERM)",,7,7,2,"JEFF BOREN",DEM,6,1,56,63,CADDO
9/14/2021,"081009","CADDO COUNTY",10001,"FOR COUNTY COMMISSIONER DISTRICT NO. 2 (UNEXPIRED TERM)",,7,7,1,"BELITA JO LEE BYRD",REP,0,0,7,7,CADDO
9/14/2021,"081009","CADDO COUNTY",10001,"FOR COUNTY COMMISSIONER DISTRICT NO. 2 (UNEXPIRED TERM)",,7,7,2,"JEFF BOREN",DEM,3,4,34,41,CADDO
9/14/2021,"120104","HUGO PUBLIC SCHOOLS INDEPENDENT SCHOOL DISTRICT NO. 039",51201,"PROPOSITION  HUGO PUBLIC SCHOOLS",,11,11,1,"FOR THE PROPOSITION - YES",,0,0,0,0,,
9/14/2021,"120104","HUGO PUBLIC SCHOOLS INDEPENDENT SCHOOL DISTRICT NO. 039",51201,"PROPOSITION  HUGO PUBLIC SCHOOLS",,11,11,2,"AGAINST THE PROPOSITION - NO",,0,0,0,0,,
9/14/2021,"120105","HUGO PUBLIC SCHOOLS INDEPENDENT SCHOOL DISTRICT NO. 039",51201,"PROPOSITION  HUGO PUBLIC SCHOOLS",,11,11,1,"FOR THE PROPOSITION - YES",,0,2,17,19,,
9/14/2021,"120105","HUGO PUBLIC SCHOOLS INDEPENDENT SCHOOL DISTRICT NO. 039",51201,"PROPOSITION  HUGO PUBLIC SCHOOLS",,11,11,2,"AGAINST THE PROPOSITION - NO",,0,0,3,3,,
9/14/2021,"120106","HUGO PUBLIC SCHOOLS INDEPENDENT SCHOOL DISTRICT NO. 039",51201,"PROPOSITION  HUGO PUBLIC SCHOOLS",,11,11,1,"FOR THE PROPOSITION - YES",,1,3,16,20,,
9/14/2021,"120106","HUGO PUBLIC SCHOOLS INDEPENDENT SCHOOL DISTRICT NO. 039",51201,"PROPOSITION  HUGO PUBLIC SCHOOLS",,11,11,2,"AGAINST THE PROPOSITION - NO",,1,0,7,8,,
9/14/2021,"120207","HUGO PUBLIC SCHOOLS INDEPENDENT SCHOOL DISTRICT NO. 039",51201,"PROPOSITION  HUGO PUBLIC SCHOOLS",,11,11,1,"FOR THE PROPOSITION - YES",,0,0,1,1,,
9/14/2021,"120207","HUGO PUBLIC SCHOOLS INDEPENDENT SCHOOL DISTRICT NO. 039",51201,"PROPOSITION  HUGO PUBLIC SCHOOLS",,11,11,2,"AGAINST THE PROPOSITION - NO",,0,0,2,2,,
9/14/2021,"120208","HUGO PUBLIC SCHOOLS INDEPENDENT SCHOOL DISTRICT NO. 039",51201,"PROPOSITION  HUGO PUBLIC SCHOOLS",,11,11,1,"FOR THE PROPOSITION - YES",,0,8,25,33,,
9/14/2021,"120208","HUGO PUBLIC SCHOOLS INDEPENDENT SCHOOL DISTRICT NO. 039",51201,"PROPOSITION  HUGO PUBLIC SCHOOLS",,11,11,2,"AGAINST THE PROPOSITION - NO",,4,1,12,17,,
9/14/2021,"120209","HUGO PUBLIC SCHOOLS INDEPENDENT SCHOOL DISTRICT NO. 039",51201,"PROPOSITION  HUGO PUBLIC SCHOOLS",,11,11,1,"FOR THE PROPOSITION - YES",,0,1,0,1,,
9/14/2021,"120209","HUGO PUBLIC SCHOOLS INDEPENDENT SCHOOL DISTRICT NO. 039",51201,"PROPOSITION  HUGO PUBLIC SCHOOLS",,11,11,2,"AGAINST THE PROPOSITION - NO",,0,0,0,0,,
9/14/2021,"120210","HUGO PUBLIC SCHOOLS INDEPENDENT SCHOOL DISTRICT NO. 039",51201,"PROPOSITION  HUGO PUBLIC SCHOOLS",,11,11,1,"FOR THE PROPOSITION - YES",,2,10,32,44,,
9/14/2021,"120210","HUGO PUBLIC SCHOOLS INDEPENDENT SCHOOL DISTRICT NO. 039",51201,"PROPOSITION  HUGO PUBLIC SCHOOLS",,11,11,2,"AGAINST THE PROPOSITION - NO",,0,0,19,19,,
9/14/2021,"120214","HUGO PUBLIC SCHOOLS INDEPENDENT SCHOOL DISTRICT NO. 039",51201,"PROPOSITION  HUGO PUBLIC SCHOOLS",,11,11,1,"FOR THE PROPOSITION - YES",,0,5,17,22,,
9/14/2021,"120214","HUGO PUBLIC SCHOOLS INDEPENDENT SCHOOL DISTRICT NO. 039",51201,"PROPOSITION  HUGO PUBLIC SCHOOLS",,11,11,2,"AGAINST THE PROPOSITION - NO",,0,0,5,5,,
9/14/2021,"120215","HUGO PUBLIC SCHOOLS INDEPENDENT SCHOOL DISTRICT NO. 039",51201,"PROPOSITION  HUGO PUBLIC SCHOOLS",,11,11,1,"FOR THE PROPOSITION - YES",,1,5,14,20,,
9/14/2021,"120215","HUGO PUBLIC SCHOOLS INDEPENDENT SCHOOL DISTRICT NO. 039",51201,"PROPOSITION  HUGO PUBLIC SCHOOLS",,11,11,2,"AGAINST THE PROPOSITION - NO",,0,3,6,9,,
9/14/2021,"120316","HUGO PUBLIC SCHOOLS INDEPENDENT SCHOOL DISTRICT NO. 039",51201,"PROPOSITION  HUGO PUBLIC SCHOOLS",,11,11,1,"FOR THE PROPOSITION - YES",,3,9,56,68,,
9/14/2021,"120316","HUGO PUBLIC SCHOOLS INDEPENDENT SCHOOL DISTRICT NO. 039",51201,"PROPOSITION  HUGO PUBLIC SCHOOLS",,11,11,2,"AGAINST THE PROPOSITION - NO",,1,1,13,15,,
9/14/2021,"120318","HUGO PUBLIC SCHOOLS INDEPENDENT SCHOOL DISTRICT NO. 039",51201,"PROPOSITION  HUGO PUBLIC SCHOOLS",,11,11,1,"FOR THE PROPOSITION - YES",,0,5,16,21,,
9/14/2021,"120318","HUGO PUBLIC SCHOOLS INDEPENDENT SCHOOL DISTRICT NO. 039",51201,"PROPOSITION  HUGO PUBLIC SCHOOLS",,11,11,2,"AGAINST THE PROPOSITION - NO",,0,0,8,8,,
9/14/2021,"120322","VALLIANT PUBLIC SCHOOLS INDEPENDENT SCHOOL DISTRICT NO. 011",54501,"PROPOSITION  VALLIANT PUBLIC SCHOOLS",,7,7,1,"FOR THE PROPOSITION - YES",,0,0,0,0,,
9/14/2021,"120322","VALLIANT PUBLIC SCHOOLS INDEPENDENT SCHOOL DISTRICT NO. 011",54501,"PROPOSITION  VALLIANT PUBLIC SCHOOLS",,7,7,2,"AGAINST THE PROPOSITION - NO",,0,0,0,0,,
9/14/2021,"150011","ATOKA PUBLIC SCHOOLS INDEPENDENT SCHOOL DISTRICT NO. 015",50301,"PROPOSITION  ATOKA PUBLIC SCHOOLS",,12,12,1,"FOR THE PROPOSITION - YES",,0,0,0,0,,
9/14/2021,"150011","ATOKA PUBLIC SCHOOLS INDEPENDENT SCHOOL DISTRICT NO. 015",50301,"PROPOSITION  ATOKA PUBLIC SCHOOLS",,12,12,2,"AGAINST THE PROPOSITION - NO",,0,0,0,0,,
9/14/2021,"160001","CITY OF LAWTON",41601,"FOR MAYOR  CITY OF LAWTON",,28,28,1,"PALMER L MOORE",,1,0,12,13,,
9/14/2021,"160001","CITY OF LAWTON",41601,"FOR MAYOR  CITY OF LAWTON",,28,28,2,"STAN BOOKER",,14,3,191,208,,
9/14/2021,"160001","CITY OF LAWTON",41601,"FOR MAYOR  CITY OF LAWTON",,28,28,3,"SHERENE L. WILLIAMS",,6,0,74,80,,
9/14/2021,"160002","CITY OF LAWTON",41601,"FOR MAYOR  CITY OF LAWTON",,28,28,1,"PALMER L MOORE",,1,1,9,11,,
9/14/2021,"160002","CITY OF LAWTON",41601,"FOR MAYOR  CITY OF LAWTON",,28,28,2,"STAN BOOKER",,8,12,96,116,,
9/14/2021,"160002","CITY OF LAWTON",41601,"FOR MAYOR  CITY OF LAWTON",,28,28,3,"SHERENE L. WILLIAMS",,2,4,46,52,,
9/14/2021,"160003","CITY OF LAWTON",41601,"FOR MAYOR  CITY OF LAWTON",,28,28,1,"PALMER L MOORE",,0,0,7,7,,
9/14/2021,"160003","CITY OF LAWTON",41601,"FOR MAYOR  CITY OF LAWTON",,28,28,2,"STAN BOOKER",,6,4,78,88,,
9/14/2021,"160003","CITY OF LAWTON",41601,"FOR MAYOR  CITY OF LAWTON",,28,28,3,"SHERENE L. WILLIAMS",,2,0,45,47,,
9/14/2021,"160007","CITY OF LAWTON",41601,"FOR MAYOR  CITY OF LAWTON",,28,28,1,"PALMER L MOORE",,0,1,1,2,,
9/14/2021,"160007","CITY OF LAWTON",41601,"FOR MAYOR  CITY OF LAWTON",,28,28,2,"STAN BOOKER",,10,8,91,109,,
9/14/2021,"160007","CITY OF LAWTON",41601,"FOR MAYOR  CITY OF LAWTON",,28,28,3,"SHERENE L. WILLIAMS",,1,1,56,58,,
9/14/2021,"160008","CITY OF LAWTON",41601,"FOR MAYOR  CITY OF LAWTON",,28,28,1,"PALMER L MOORE",,0,0,13,13,,
9/14/2021,"160008","CITY OF LAWTON",41601,"FOR MAYOR  CITY OF LAWTON",,28,28,2,"STAN BOOKER",,10,23,153,186,,
9/14/2021,"160008","CITY OF LAWTON",41601,"FOR MAYOR  CITY OF LAWTON",,28,28,3,"SHERENE L. WILLIAMS",,3,6,76,85,,
9/14/2021,"160009","CITY OF LAWTON",41601,"FOR MAYOR  CITY OF LAWTON",,28,28,1,"PALMER L MOORE",,0,1,12,13,,
9/14/2021,"160009","CITY OF LAWTON",41601,"FOR MAYOR  CITY OF LAWTON",,28,28,2,"STAN BOOKER",,5,7,128,140,,
9/14/2021,"160009","CITY OF LAWTON",41601,"FOR MAYOR  CITY OF LAWTON",,28,28,3,"SHERENE L. WILLIAMS",,5,4,72,81,,
9/14/2021,"160011","CITY OF LAWTON",41601,"FOR MAYOR  CITY OF LAWTON",,28,28,1,"PALMER L MOORE",,1,0,15,16,,
9/14/2021,"160011","CITY OF LAWTON",41601,"FOR MAYOR  CITY OF LAWTON",,28,28,2,"STAN BOOKER",,8,5,114,127,,
9/14/2021,"160011","CITY OF LAWTON",41601,"FOR MAYOR  CITY OF LAWTON",,28,28,3,"SHERENE L. WILLIAMS",,4,10,96,110,,
9/14/2021,"160013","CITY OF LAWTON",41601,"FOR MAYOR  CITY OF LAWTON",,28,28,1,"PALMER L MOORE",,1,1,12,14,,
9/14/2021,"160013","CITY OF LAWTON",41601,"FOR MAYOR  CITY OF LAWTON",,28,28,2,"STAN BOOKER",,8,14,116,138,,
9/14/2021,"160013","CITY OF LAWTON",41601,"FOR MAYOR  CITY OF LAWTON",,28,28,3,"SHERENE L. WILLIAMS",,5,2,76,83,,
9/14/2021,"160013","CITY OF LAWTON",41603,"FOR COUNCIL MEMBER WARD 2  CITY OF LAWTON",,6,6,1,"MARK T MALONE",,4,8,58,70,,
9/14/2021,"160013","CITY OF LAWTON",41603,"FOR COUNCIL MEMBER WARD 2  CITY OF LAWTON",,6,6,2,"SHELLI FOX",,4,3,33,40,,
9/14/2021,"160013","CITY OF LAWTON",41603,"FOR COUNCIL MEMBER WARD 2  CITY OF LAWTON",,6,6,3,"KELLY HARRIS",,3,3,49,55,,
9/14/2021,"160013","CITY OF LAWTON",41603,"FOR COUNCIL MEMBER WARD 2  CITY OF LAWTON",,6,6,4,"JUSTIN HACKNEY",,2,2,46,50,,
9/14/2021,"160013","CITY OF LAWTON",41603,"FOR COUNCIL MEMBER WARD 2  CITY OF LAWTON",,6,6,5,"RICHARD STRICKLAND",,0,1,19,20,,
9/14/2021,"160014","CITY OF LAWTON",41601,"FOR MAYOR  CITY OF LAWTON",,28,28,1,"PALMER L MOORE",,0,0,0,0,,
9/14/2021,"160014","CITY OF LAWTON",41601,"FOR MAYOR  CITY OF LAWTON",,28,28,2,"STAN BOOKER",,1,0,3,4,,
9/14/2021,"160014","CITY OF LAWTON",41601,"FOR MAYOR  CITY OF LAWTON",,28,28,3,"SHERENE L. WILLIAMS",,0,0,0,0,,
9/14/2021,"160014","CITY OF LAWTON",41603,"FOR COUNCIL MEMBER WARD 2  CITY OF LAWTON",,6,6,1,"MARK T MALONE",,0,0,0,0,,
9/14/2021,"160014","CITY OF LAWTON",41603,"FOR COUNCIL MEMBER WARD 2  CITY OF LAWTON",,6,6,2,"SHELLI FOX",,0,0,0,0,,
9/14/2021,"160014","CITY OF LAWTON",41603,"FOR COUNCIL MEMBER WARD 2  CITY OF LAWTON",,6,6,3,"KELLY HARRIS",,0,0,2,2,,
9/14/2021,"160014","CITY OF LAWTON",41603,"FOR COUNCIL MEMBER WARD 2  CITY OF LAWTON",,6,6,4,"JUSTIN HACKNEY",,1,0,0,1,,
9/14/2021,"160014","CITY OF LAWTON",41603,"FOR COUNCIL MEMBER WARD 2  CITY OF LAWTON",,6,6,5,"RICHARD STRICKLAND",,0,0,0,0,,
9/14/2021,"160015","CITY OF LAWTON",41601,"FOR MAYOR  CITY OF LAWTON",,28,28,1,"PALMER L MOORE",,1,0,10,11,,
9/14/2021,"160015","CITY OF LAWTON",41601,"FOR MAYOR  CITY OF LAWTON",,28,28,2,"STAN BOOKER",,12,12,87,111,,
9/14/2021,"160015","CITY OF LAWTON",41601,"FOR MAYOR  CITY OF LAWTON",,28,28,3,"SHERENE L. WILLIAMS",,7,1,61,69,,
9/14/2021,"160017","CITY OF LAWTON",41601,"FOR MAYOR  CITY OF LAWTON",,28,28,1,"PALMER L MOORE",,3,0,12,15,,
9/14/2021,"160017","CITY OF LAWTON",41601,"FOR MAYOR  CITY OF LAWTON",,28,28,2,"STAN BOOKER",,10,17,142,169,,
9/14/2021,"160017","CITY OF LAWTON",41601,"FOR MAYOR  CITY OF LAWTON",,28,28,3,"SHERENE L. WILLIAMS",,4,3,48,55,,
9/14/2021,"160019","CITY OF LAWTON",41601,"FOR MAYOR  CITY OF LAWTON",,28,28,1,"PALMER L MOORE",,1,1,17,19,,
9/14/2021,"160019","CITY OF LAWTON",41601,"FOR MAYOR  CITY OF LAWTON",,28,28,2,"STAN BOOKER",,3,9,118,130,,
9/14/2021,"160019","CITY OF LAWTON",41601,"FOR MAYOR  CITY OF LAWTON",,28,28,3,"SHERENE L. WILLIAMS",,2,4,64,70,,
9/14/2021,"160019","CITY OF LAWTON",41603,"FOR COUNCIL MEMBER WARD 2  CITY OF LAWTON",,6,6,1,"MARK T MALONE",,2,5,25,32,,
9/14/2021,"160019","CITY OF LAWTON",41603,"FOR COUNCIL MEMBER WARD 2  CITY OF LAWTON",,6,6,2,"SHELLI FOX",,0,0,9,9,,
9/14/2021,"160019","CITY OF LAWTON",41603,"FOR COUNCIL MEMBER WARD 2  CITY OF LAWTON",,6,6,3,"KELLY HARRIS",,0,7,90,97,,
9/14/2021,"160019","CITY OF LAWTON",41603,"FOR COUNCIL MEMBER WARD 2  CITY OF LAWTON",,6,6,4,"JUSTIN HACKNEY",,2,2,64,68,,
9/14/2021,"160019","CITY OF LAWTON",41603,"FOR COUNCIL MEMBER WARD 2  CITY OF LAWTON",,6,6,5,"RICHARD STRICKLAND",,1,0,11,12,,
9/14/2021,"160020","CITY OF LAWTON",41601,"FOR MAYOR  CITY OF LAWTON",,28,28,1,"PALMER L MOORE",,0,2,8,10,,
9/14/2021,"160020","CITY OF LAWTON",41601,"FOR MAYOR  CITY OF LAWTON",,28,28,2,"STAN BOOKER",,9,5,52,66,,
9/14/2021,"160020","CITY OF LAWTON",41601,"FOR MAYOR  CITY OF LAWTON",,28,28,3,"SHERENE L. WILLIAMS",,2,0,42,44,,
9/14/2021,"160021","CITY OF LAWTON",41601,"FOR MAYOR  CITY OF LAWTON",,28,28,1,"PALMER L MOORE",,0,2,7,9,,
9/14/2021,"160021","CITY OF LAWTON",41601,"FOR MAYOR  CITY OF LAWTON",,28,28,2,"STAN BOOKER",,3,1,52,56,,
9/14/2021,"160021","CITY OF LAWTON",41601,"FOR MAYOR  CITY OF LAWTON",,28,28,3,"SHERENE L. WILLIAMS",,0,3,24,27,,
9/14/2021,"160025","CITY OF LAWTON",41601,"FOR MAYOR  CITY OF LAWTON",,28,28,1,"PALMER L MOORE",,1,1,3,5,,
9/14/2021,"160025","CITY OF LAWTON",41601,"FOR MAYOR  CITY OF LAWTON",,28,28,2,"STAN BOOKER",,1,2,16,19,,
9/14/2021,"160025","CITY OF LAWTON",41601,"FOR MAYOR  CITY OF LAWTON",,28,28,3,"SHERENE L. WILLIAMS",,1,5,71,77,,
9/14/2021,"160026","CITY OF LAWTON",41601,"FOR MAYOR  CITY OF LAWTON",,28,28,1,"PALMER L MOORE",,0,0,4,4,,
9/14/2021,"160026","CITY OF LAWTON",41601,"FOR MAYOR  CITY OF LAWTON",,28,28,2,"STAN BOOKER",,2,0,31,33,,
9/14/2021,"160026","CITY OF LAWTON",41601,"FOR MAYOR  CITY OF LAWTON",,28,28,3,"SHERENE L. WILLIAMS",,0,0,33,33,,
9/14/2021,"160027","CITY OF LAWTON",41601,"FOR MAYOR  CITY OF LAWTON",,28,28,1,"PALMER L MOORE",,1,0,8,9,,
9/14/2021,"160027","CITY OF LAWTON",41601,"FOR MAYOR  CITY OF LAWTON",,28,28,2,"STAN BOOKER",,2,1,28,31,,
9/14/2021,"160027","CITY OF LAWTON",41601,"FOR MAYOR  CITY OF LAWTON",,28,28,3,"SHERENE L. WILLIAMS",,1,1,15,17,,
9/14/2021,"160029","CITY OF LAWTON",41601,"FOR MAYOR  CITY OF LAWTON",,28,28,1,"PALMER L MOORE",,1,0,8,9,,
9/14/2021,"160029","CITY OF LAWTON",41601,"FOR MAYOR  CITY OF LAWTON",,28,28,2,"STAN BOOKER",,3,4,15,22,,
9/14/2021,"160029","CITY OF LAWTON",41601,"FOR MAYOR  CITY OF LAWTON",,28,28,3,"SHERENE L. WILLIAMS",,0,1,34,35,,
9/14/2021,"160030","CITY OF LAWTON",41601,"FOR MAYOR  CITY OF LAWTON",,28,28,1,"PALMER L MOORE",,0,1,3,4,,
9/14/2021,"160030","CITY OF LAWTON",41601,"FOR MAYOR  CITY OF LAWTON",,28,28,2,"STAN BOOKER",,3,3,29,35,,
9/14/2021,"160030","CITY OF LAWTON",41601,"FOR MAYOR  CITY OF LAWTON",,28,28,3,"SHERENE L. WILLIAMS",,0,3,23,26,,
9/14/2021,"160030","CITY OF LAWTON",41603,"FOR COUNCIL MEMBER WARD 2  CITY OF LAWTON",,6,6,1,"MARK T MALONE",,1,3,13,17,,
9/14/2021,"160030","CITY OF LAWTON",41603,"FOR COUNCIL MEMBER WARD 2  CITY OF LAWTON",,6,6,2,"SHELLI FOX",,0,1,8,9,,
9/14/2021,"160030","CITY OF LAWTON",41603,"FOR COUNCIL MEMBER WARD 2  CITY OF LAWTON",,6,6,3,"KELLY HARRIS",,0,1,17,18,,
9/14/2021,"160030","CITY OF LAWTON",41603,"FOR COUNCIL MEMBER WARD 2  CITY OF LAWTON",,6,6,4,"JUSTIN HACKNEY",,1,0,16,17,,
9/14/2021,"160030","CITY OF LAWTON",41603,"FOR COUNCIL MEMBER WARD 2  CITY OF LAWTON",,6,6,5,"RICHARD STRICKLAND",,1,2,1,4,,
9/14/2021,"160031","CITY OF LAWTON",41601,"FOR MAYOR  CITY OF LAWTON",,28,28,1,"PALMER L MOORE",,1,4,13,18,,
9/14/2021,"160031","CITY OF LAWTON",41601,"FOR MAYOR  CITY OF LAWTON",,28,28,2,"STAN BOOKER",,23,46,258,327,,
9/14/2021,"160031","CITY OF LAWTON",41601,"FOR MAYOR  CITY OF LAWTON",,28,28,3,"SHERENE L. WILLIAMS",,6,17,66,89,,
9/14/2021,"160031","CITY OF LAWTON",41603,"FOR COUNCIL MEMBER WARD 2  CITY OF LAWTON",,6,6,1,"MARK T MALONE",,3,10,50,63,,
9/14/2021,"160031","CITY OF LAWTON",41603,"FOR COUNCIL MEMBER WARD 2  CITY OF LAWTON",,6,6,2,"SHELLI FOX",,0,0,7,7,,
9/14/2021,"160031","CITY OF LAWTON",41603,"FOR COUNCIL MEMBER WARD 2  CITY OF LAWTON",,6,6,3,"KELLY HARRIS",,3,2,36,41,,
9/14/2021,"160031","CITY OF LAWTON",41603,"FOR COUNCIL MEMBER WARD 2  CITY OF LAWTON",,6,6,4,"JUSTIN HACKNEY",,0,2,9,11,,
9/14/2021,"160031","CITY OF LAWTON",41603,"FOR COUNCIL MEMBER WARD 2  CITY OF LAWTON",,6,6,5,"RICHARD STRICKLAND",,1,0,14,15,,
9/14/2021,"160032","CITY OF LAWTON",41601,"FOR MAYOR  CITY OF LAWTON",,28,28,1,"PALMER L MOORE",,0,1,1,2,,
9/14/2021,"160032","CITY OF LAWTON",41601,"FOR MAYOR  CITY OF LAWTON",,28,28,2,"STAN BOOKER",,0,0,11,11,,
9/14/2021,"160032","CITY OF LAWTON",41601,"FOR MAYOR  CITY OF LAWTON",,28,28,3,"SHERENE L. WILLIAMS",,0,0,8,8,,
9/14/2021,"160032","CITY OF LAWTON",41603,"FOR COUNCIL MEMBER WARD 2  CITY OF LAWTON",,6,6,1,"MARK T MALONE",,0,0,0,0,,
9/14/2021,"160032","CITY OF LAWTON",41603,"FOR COUNCIL MEMBER WARD 2  CITY OF LAWTON",,6,6,2,"SHELLI FOX",,0,0,0,0,,
9/14/2021,"160032","CITY OF LAWTON",41603,"FOR COUNCIL MEMBER WARD 2  CITY OF LAWTON",,6,6,3,"KELLY HARRIS",,0,0,0,0,,
9/14/2021,"160032","CITY OF LAWTON",41603,"FOR COUNCIL MEMBER WARD 2  CITY OF LAWTON",,6,6,4,"JUSTIN HACKNEY",,0,0,0,0,,
9/14/2021,"160032","CITY OF LAWTON",41603,"FOR COUNCIL MEMBER WARD 2  CITY OF LAWTON",,6,6,5,"RICHARD STRICKLAND",,0,0,0,0,,
9/14/2021,"160033","CITY OF LAWTON",41601,"FOR MAYOR  CITY OF LAWTON",,28,28,1,"PALMER L MOORE",,0,0,2,2,,
9/14/2021,"160033","CITY OF LAWTON",41601,"FOR MAYOR  CITY OF LAWTON",,28,28,2,"STAN BOOKER",,3,0,27,30,,
9/14/2021,"160033","CITY OF LAWTON",41601,"FOR MAYOR  CITY OF LAWTON",,28,28,3,"SHERENE L. WILLIAMS",,5,1,13,19,,
9/14/2021,"160034","CITY OF LAWTON",41601,"FOR MAYOR  CITY OF LAWTON",,28,28,1,"PALMER L MOORE",,1,2,16,19,,
9/14/2021,"160034","CITY OF LAWTON",41601,"FOR MAYOR  CITY OF LAWTON",,28,28,2,"STAN BOOKER",,5,6,146,157,,
9/14/2021,"160034","CITY OF LAWTON",41601,"FOR MAYOR  CITY OF LAWTON",,28,28,3,"SHERENE L. WILLIAMS",,2,10,75,87,,
9/14/2021,"160042","CITY OF LAWTON",41601,"FOR MAYOR  CITY OF LAWTON",,28,28,1,"PALMER L MOORE",,0,0,0,0,,
9/14/2021,"160042","CITY OF LAWTON",41601,"FOR MAYOR  CITY OF LAWTON",,28,28,2,"STAN BOOKER",,0,0,0,0,,
9/14/2021,"160042","CITY OF LAWTON",41601,"FOR MAYOR  CITY OF LAWTON",,28,28,3,"SHERENE L. WILLIAMS",,0,0,0,0,,
9/14/2021,"160043","CITY OF LAWTON",41601,"FOR MAYOR  CITY OF LAWTON",,28,28,1,"PALMER L MOORE",,0,0,1,1,,
9/14/2021,"160043","CITY OF LAWTON",41601,"FOR MAYOR  CITY OF LAWTON",,28,28,2,"STAN BOOKER",,0,0,20,20,,
9/14/2021,"160043","CITY OF LAWTON",41601,"FOR MAYOR  CITY OF LAWTON",,28,28,3,"SHERENE L. WILLIAMS",,0,0,4,4,,
9/14/2021,"160045","CITY OF LAWTON",41601,"FOR MAYOR  CITY OF LAWTON",,28,28,1,"PALMER L MOORE",,0,0,0,0,,
9/14/2021,"160045","CITY OF LAWTON",41601,"FOR MAYOR  CITY OF LAWTON",,28,28,2,"STAN BOOKER",,3,7,32,42,,
9/14/2021,"160045","CITY OF LAWTON",41601,"FOR MAYOR  CITY OF LAWTON",,28,28,3,"SHERENE L. WILLIAMS",,2,5,5,12,,
9/14/2021,"160050","CITY OF LAWTON",41601,"FOR MAYOR  CITY OF LAWTON",,28,28,1,"PALMER L MOORE",,0,1,10,11,,
9/14/2021,"160050","CITY OF LAWTON",41601,"FOR MAYOR  CITY OF LAWTON",,28,28,2,"STAN BOOKER",,16,19,252,287,,
9/14/2021,"160050","CITY OF LAWTON",41601,"FOR MAYOR  CITY OF LAWTON",,28,28,3,"SHERENE L. WILLIAMS",,1,3,50,54,,
9/14/2021,"160051","CITY OF LAWTON",41601,"FOR MAYOR  CITY OF LAWTON",,28,28,1,"PALMER L MOORE",,0,0,0,0,,
9/14/2021,"160051","CITY OF LAWTON",41601,"FOR MAYOR  CITY OF LAWTON",,28,28,2,"STAN BOOKER",,0,0,0,0,,
9/14/2021,"160051","CITY OF LAWTON",41601,"FOR MAYOR  CITY OF LAWTON",,28,28,3,"SHERENE L. WILLIAMS",,0,0,0,0,,
9/14/2021,"190111","CREEK COUNTY",10003,"FOR COUNTY COMMISSIONER DISTRICT NO. 3 (UNEXPIRED TERM)",,14,14,1,"H. CHRIS ROOT",DEM,1,1,5,7,CREEK
9/14/2021,"190111","CREEK COUNTY",10003,"FOR COUNTY COMMISSIONER DISTRICT NO. 3 (UNEXPIRED TERM)",,14,14,2,"JARROD WHITEHOUSE",REP,5,1,32,38,CREEK
9/14/2021,"190131","CREEK COUNTY",10003,"FOR COUNTY COMMISSIONER DISTRICT NO. 3 (UNEXPIRED TERM)",,14,14,1,"H. CHRIS ROOT",DEM,2,0,4,6,CREEK
9/14/2021,"190131","CREEK COUNTY",10003,"FOR COUNTY COMMISSIONER DISTRICT NO. 3 (UNEXPIRED TERM)",,14,14,2,"JARROD WHITEHOUSE",REP,3,0,16,19,CREEK
9/14/2021,"190132","CREEK COUNTY",10003,"FOR COUNTY COMMISSIONER DISTRICT NO. 3 (UNEXPIRED TERM)",,14,14,1,"H. CHRIS ROOT",DEM,4,0,3,7,CREEK
9/14/2021,"190132","CREEK COUNTY",10003,"FOR COUNTY COMMISSIONER DISTRICT NO. 3 (UNEXPIRED TERM)",,14,14,2,"JARROD WHITEHOUSE",REP,7,8,37,52,CREEK
9/14/2021,"190211","CREEK COUNTY",10003,"FOR COUNTY COMMISSIONER DISTRICT NO. 3 (UNEXPIRED TERM)",,14,14,1,"H. CHRIS ROOT",DEM,2,0,13,15,CREEK
9/14/2021,"190211","CREEK COUNTY",10003,"FOR COUNTY COMMISSIONER DISTRICT NO. 3 (UNEXPIRED TERM)",,14,14,2,"JARROD WHITEHOUSE",REP,14,0,40,54,CREEK
9/14/2021,"190221","CREEK COUNTY",10003,"FOR COUNTY COMMISSIONER DISTRICT NO. 3 (UNEXPIRED TERM)",,14,14,1,"H. CHRIS ROOT",DEM,0,0,10,10,CREEK
9/14/2021,"190221","CREEK COUNTY",10003,"FOR COUNTY COMMISSIONER DISTRICT NO. 3 (UNEXPIRED TERM)",,14,14,2,"JARROD WHITEHOUSE",REP,2,0,33,35,CREEK
9/14/2021,"190231","CREEK COUNTY",10003,"FOR COUNTY COMMISSIONER DISTRICT NO. 3 (UNEXPIRED TERM)",,14,14,1,"H. CHRIS ROOT",DEM,1,0,21,22,CREEK
9/14/2021,"190231","CREEK COUNTY",10003,"FOR COUNTY COMMISSIONER DISTRICT NO. 3 (UNEXPIRED TERM)",,14,14,2,"JARROD WHITEHOUSE",REP,8,2,40,50,CREEK
9/14/2021,"190241","CREEK COUNTY",10003,"FOR COUNTY COMMISSIONER DISTRICT NO. 3 (UNEXPIRED TERM)",,14,14,1,"H. CHRIS ROOT",DEM,3,0,35,38,CREEK
9/14/2021,"190241","CREEK COUNTY",10003,"FOR COUNTY COMMISSIONER DISTRICT NO. 3 (UNEXPIRED TERM)",,14,14,2,"JARROD WHITEHOUSE",REP,3,0,55,58,CREEK
9/14/2021,"190409","CREEK COUNTY",10003,"FOR COUNTY COMMISSIONER DISTRICT NO. 3 (UNEXPIRED TERM)",,14,14,1,"H. CHRIS ROOT",DEM,1,0,56,57,CREEK
9/14/2021,"190409","CREEK COUNTY",10003,"FOR COUNTY COMMISSIONER DISTRICT NO. 3 (UNEXPIRED TERM)",,14,14,2,"JARROD WHITEHOUSE",REP,3,0,101,104,CREEK
9/14/2021,"190410","CREEK COUNTY",10003,"FOR COUNTY COMMISSIONER DISTRICT NO. 3 (UNEXPIRED TERM)",,14,14,1,"H. CHRIS ROOT",DEM,0,0,10,10,CREEK
9/14/2021,"190410","CREEK COUNTY",10003,"FOR COUNTY COMMISSIONER DISTRICT NO. 3 (UNEXPIRED TERM)",,14,14,2,"JARROD WHITEHOUSE",REP,1,0,46,47,CREEK
9/14/2021,"190411","CREEK COUNTY",10003,"FOR COUNTY COMMISSIONER DISTRICT NO. 3 (UNEXPIRED TERM)",,14,14,1,"H. CHRIS ROOT",DEM,0,0,21,21,CREEK
9/14/2021,"190411","CREEK COUNTY",10003,"FOR COUNTY COMMISSIONER DISTRICT NO. 3 (UNEXPIRED TERM)",,14,14,2,"JARROD WHITEHOUSE",REP,2,1,41,44,CREEK
9/14/2021,"190412","CREEK COUNTY",10003,"FOR COUNTY COMMISSIONER DISTRICT NO. 3 (UNEXPIRED TERM)",,14,14,1,"H. CHRIS ROOT",DEM,3,0,19,22,CREEK
9/14/2021,"190412","CREEK COUNTY",10003,"FOR COUNTY COMMISSIONER DISTRICT NO. 3 (UNEXPIRED TERM)",,14,14,2,"JARROD WHITEHOUSE",REP,9,0,78,87,CREEK
9/14/2021,"190413","CREEK COUNTY",10003,"FOR COUNTY COMMISSIONER DISTRICT NO. 3 (UNEXPIRED TERM)",,14,14,1,"H. CHRIS ROOT",DEM,0,0,50,50,CREEK
9/14/2021,"190413","CREEK COUNTY",10003,"FOR COUNTY COMMISSIONER DISTRICT NO. 3 (UNEXPIRED TERM)",,14,14,2,"JARROD WHITEHOUSE",REP,13,5,182,200,CREEK
9/14/2021,"190414","CREEK COUNTY",10003,"FOR COUNTY COMMISSIONER DISTRICT NO. 3 (UNEXPIRED TERM)",,14,14,1,"H. CHRIS ROOT",DEM,3,3,19,25,CREEK
9/14/2021,"190414","CREEK COUNTY",10003,"FOR COUNTY COMMISSIONER DISTRICT NO. 3 (UNEXPIRED TERM)",,14,14,2,"JARROD WHITEHOUSE",REP,8,8,118,134,CREEK
9/14/2021,"190422","CREEK COUNTY",10003,"FOR COUNTY COMMISSIONER DISTRICT NO. 3 (UNEXPIRED TERM)",,14,14,1,"H. CHRIS ROOT",DEM,0,0,18,18,CREEK
9/14/2021,"190422","CREEK COUNTY",10003,"FOR COUNTY COMMISSIONER DISTRICT NO. 3 (UNEXPIRED TERM)",,14,14,2,"JARROD WHITEHOUSE",REP,13,1,50,64,CREEK
9/14/2021,"240311","TOWN OF WAUKOMIS",42401,"FOR BOARD OF TRUSTEES, OFFICE NO. 2  TOWN OF WAUKOMIS",,1,1,1,"BRIAN WADE ROBINETTE",,1,0,39,40,,
9/14/2021,"240311","TOWN OF WAUKOMIS",42401,"FOR BOARD OF TRUSTEES, OFFICE NO. 2  TOWN OF WAUKOMIS",,1,1,2,"GREG BURT",,1,0,24,25,,
9/14/2021,"250001","GARVIN COUNTY",10002,"FOR COUNTY COMMISSIONER DISTRICT NO. 1 (UNEXPIRED TERM)",,7,7,1,"RANDY CHANDLER",REP,4,0,147,151,GARVIN
9/14/2021,"250001","GARVIN COUNTY",10002,"FOR COUNTY COMMISSIONER DISTRICT NO. 1 (UNEXPIRED TERM)",,7,7,2,"KEVIN FORAKER",DEM,2,0,79,81,GARVIN
9/14/2021,"250001","CITY OF LINDSAY",42501,"FOR COUNCILMEMBER (UNEXPIRED TERM)  CITY OF LINDSAY",,2,2,1,"ROBERT E. BROOKS",,1,0,63,64,,
9/14/2021,"250001","CITY OF LINDSAY",42501,"FOR COUNCILMEMBER (UNEXPIRED TERM)  CITY OF LINDSAY",,2,2,2,"AARON APRILL",,0,0,50,50,,
9/14/2021,"250001","CITY OF LINDSAY",42501,"FOR COUNCILMEMBER (UNEXPIRED TERM)  CITY OF LINDSAY",,2,2,3,"GREG HENDERSON",,2,0,74,76,,
9/14/2021,"250001","CITY OF LINDSAY",42501,"FOR COUNCILMEMBER (UNEXPIRED TERM)  CITY OF LINDSAY",,2,2,4,"ANGEL WILBOURN",,2,0,33,35,,
9/14/2021,"250001","LINDSAY PUBLIC SCHOOLS INDEPENDENT SCHOOL DISTRICT NO. 009",52501,"PROPOSITION NO. 1  LINDSAY PUBLIC SCHOOLS",,8,8,1,"FOR THE PROPOSITION - YES",,0,0,138,138,,
9/14/2021,"250001","LINDSAY PUBLIC SCHOOLS INDEPENDENT SCHOOL DISTRICT NO. 009",52501,"PROPOSITION NO. 1  LINDSAY PUBLIC SCHOOLS",,8,8,2,"AGAINST THE PROPOSITION - NO",,6,0,88,94,,
9/14/2021,"250001","LINDSAY PUBLIC SCHOOLS INDEPENDENT SCHOOL DISTRICT NO. 009",52502,"PROPOSITION NO. 2  LINDSAY PUBLIC SCHOOLS",,8,8,1,"FOR THE PROPOSITION - YES",,0,0,143,143,,
9/14/2021,"250001","LINDSAY PUBLIC SCHOOLS INDEPENDENT SCHOOL DISTRICT NO. 009",52502,"PROPOSITION NO. 2  LINDSAY PUBLIC SCHOOLS",,8,8,2,"AGAINST THE PROPOSITION - NO",,6,0,80,86,,
9/14/2021,"250002","GARVIN COUNTY",10002,"FOR COUNTY COMMISSIONER DISTRICT NO. 1 (UNEXPIRED TERM)",,7,7,1,"RANDY CHANDLER",REP,6,0,160,166,GARVIN
9/14/2021,"250002","GARVIN COUNTY",10002,"FOR COUNTY COMMISSIONER DISTRICT NO. 1 (UNEXPIRED TERM)",,7,7,2,"KEVIN FORAKER",DEM,3,0,74,77,GARVIN
9/14/2021,"250002","CITY OF LINDSAY",42501,"FOR COUNCILMEMBER (UNEXPIRED TERM)  CITY OF LINDSAY",,2,2,1,"ROBERT E. BROOKS",,1,0,77,78,,
9/14/2021,"250002","CITY OF LINDSAY",42501,"FOR COUNCILMEMBER (UNEXPIRED TERM)  CITY OF LINDSAY",,2,2,2,"AARON APRILL",,1,0,31,32,,
9/14/2021,"250002","CITY OF LINDSAY",42501,"FOR COUNCILMEMBER (UNEXPIRED TERM)  CITY OF LINDSAY",,2,2,3,"GREG HENDERSON",,2,0,78,80,,
9/14/2021,"250002","CITY OF LINDSAY",42501,"FOR COUNCILMEMBER (UNEXPIRED TERM)  CITY OF LINDSAY",,2,2,4,"ANGEL WILBOURN",,1,0,27,28,,
9/14/2021,"250002","LINDSAY PUBLIC SCHOOLS INDEPENDENT SCHOOL DISTRICT NO. 009",52501,"PROPOSITION NO. 1  LINDSAY PUBLIC SCHOOLS",,8,8,1,"FOR THE PROPOSITION - YES",,7,0,149,156,,
9/14/2021,"250002","LINDSAY PUBLIC SCHOOLS INDEPENDENT SCHOOL DISTRICT NO. 009",52501,"PROPOSITION NO. 1  LINDSAY PUBLIC SCHOOLS",,8,8,2,"AGAINST THE PROPOSITION - NO",,2,0,81,83,,
9/14/2021,"250002","LINDSAY PUBLIC SCHOOLS INDEPENDENT SCHOOL DISTRICT NO. 009",52502,"PROPOSITION NO. 2  LINDSAY PUBLIC SCHOOLS",,8,8,1,"FOR THE PROPOSITION - YES",,7,0,154,161,,
9/14/2021,"250002","LINDSAY PUBLIC SCHOOLS INDEPENDENT SCHOOL DISTRICT NO. 009",52502,"PROPOSITION NO. 2  LINDSAY PUBLIC SCHOOLS",,8,8,2,"AGAINST THE PROPOSITION - NO",,2,0,76,78,,
9/14/2021,"250002","MAYSVILLE PUBLIC SCHOOLS INDEPENDENT SCHOOL DISTRICT NO. 007",52503,"PROPOSITION  MAYSVILLE PUBLIC SCHOOLS",,4,4,1,"FOR THE PROPOSITION - YES",,0,0,0,0,,
9/14/2021,"250002","MAYSVILLE PUBLIC SCHOOLS INDEPENDENT SCHOOL DISTRICT NO. 007",52503,"PROPOSITION  MAYSVILLE PUBLIC SCHOOLS",,4,4,2,"AGAINST THE PROPOSITION - NO",,0,0,0,0,,
9/14/2021,"250003","GARVIN COUNTY",10002,"FOR COUNTY COMMISSIONER DISTRICT NO. 1 (UNEXPIRED TERM)",,7,7,1,"RANDY CHANDLER",REP,1,0,196,197,GARVIN
9/14/2021,"250003","GARVIN COUNTY",10002,"FOR COUNTY COMMISSIONER DISTRICT NO. 1 (UNEXPIRED TERM)",,7,7,2,"KEVIN FORAKER",DEM,0,0,59,59,GARVIN
9/14/2021,"250003","LINDSAY PUBLIC SCHOOLS INDEPENDENT SCHOOL DISTRICT NO. 009",52501,"PROPOSITION NO. 1  LINDSAY PUBLIC SCHOOLS",,8,8,1,"FOR THE PROPOSITION - YES",,1,0,159,160,,
9/14/2021,"250003","LINDSAY PUBLIC SCHOOLS INDEPENDENT SCHOOL DISTRICT NO. 009",52501,"PROPOSITION NO. 1  LINDSAY PUBLIC SCHOOLS",,8,8,2,"AGAINST THE PROPOSITION - NO",,0,0,88,88,,
9/14/2021,"250003","LINDSAY PUBLIC SCHOOLS INDEPENDENT SCHOOL DISTRICT NO. 009",52502,"PROPOSITION NO. 2  LINDSAY PUBLIC SCHOOLS",,8,8,1,"FOR THE PROPOSITION - YES",,1,0,163,164,,
9/14/2021,"250003","LINDSAY PUBLIC SCHOOLS INDEPENDENT SCHOOL DISTRICT NO. 009",52502,"PROPOSITION NO. 2  LINDSAY PUBLIC SCHOOLS",,8,8,2,"AGAINST THE PROPOSITION - NO",,0,0,83,83,,
9/14/2021,"250005","GARVIN COUNTY",10002,"FOR COUNTY COMMISSIONER DISTRICT NO. 1 (UNEXPIRED TERM)",,7,7,1,"RANDY CHANDLER",REP,4,8,136,148,GARVIN
9/14/2021,"250005","GARVIN COUNTY",10002,"FOR COUNTY COMMISSIONER DISTRICT NO. 1 (UNEXPIRED TERM)",,7,7,2,"KEVIN FORAKER",DEM,5,4,186,195,GARVIN
9/14/2021,"250005","LINDSAY PUBLIC SCHOOLS INDEPENDENT SCHOOL DISTRICT NO. 009",52501,"PROPOSITION NO. 1  LINDSAY PUBLIC SCHOOLS",,8,8,1,"FOR THE PROPOSITION - YES",,1,1,13,15,,
9/14/2021,"250005","LINDSAY PUBLIC SCHOOLS INDEPENDENT SCHOOL DISTRICT NO. 009",52501,"PROPOSITION NO. 1  LINDSAY PUBLIC SCHOOLS",,8,8,2,"AGAINST THE PROPOSITION - NO",,0,2,6,8,,
9/14/2021,"250005","LINDSAY PUBLIC SCHOOLS INDEPENDENT SCHOOL DISTRICT NO. 009",52502,"PROPOSITION NO. 2  LINDSAY PUBLIC SCHOOLS",,8,8,1,"FOR THE PROPOSITION - YES",,1,1,12,14,,
9/14/2021,"250005","LINDSAY PUBLIC SCHOOLS INDEPENDENT SCHOOL DISTRICT NO. 009",52502,"PROPOSITION NO. 2  LINDSAY PUBLIC SCHOOLS",,8,8,2,"AGAINST THE PROPOSITION - NO",,0,2,7,9,,
9/14/2021,"250005","MAYSVILLE PUBLIC SCHOOLS INDEPENDENT SCHOOL DISTRICT NO. 007",52503,"PROPOSITION  MAYSVILLE PUBLIC SCHOOLS",,4,4,1,"FOR THE PROPOSITION - YES",,6,9,257,272,,
9/14/2021,"250005","MAYSVILLE PUBLIC SCHOOLS INDEPENDENT SCHOOL DISTRICT NO. 007",52503,"PROPOSITION  MAYSVILLE PUBLIC SCHOOLS",,4,4,2,"AGAINST THE PROPOSITION - NO",,0,0,43,43,,
9/14/2021,"250006","GARVIN COUNTY",10002,"FOR COUNTY COMMISSIONER DISTRICT NO. 1 (UNEXPIRED TERM)",,7,7,1,"RANDY CHANDLER",REP,0,3,14,17,GARVIN
9/14/2021,"250006","GARVIN COUNTY",10002,"FOR COUNTY COMMISSIONER DISTRICT NO. 1 (UNEXPIRED TERM)",,7,7,2,"KEVIN FORAKER",DEM,0,1,34,35,GARVIN
9/14/2021,"250007","GARVIN COUNTY",10002,"FOR COUNTY COMMISSIONER DISTRICT NO. 1 (UNEXPIRED TERM)",,7,7,1,"RANDY CHANDLER",REP,3,8,27,38,GARVIN
9/14/2021,"250007","GARVIN COUNTY",10002,"FOR COUNTY COMMISSIONER DISTRICT NO. 1 (UNEXPIRED TERM)",,7,7,2,"KEVIN FORAKER",DEM,1,0,21,22,GARVIN
9/14/2021,"250021","GARVIN COUNTY",10002,"FOR COUNTY COMMISSIONER DISTRICT NO. 1 (UNEXPIRED TERM)",,7,7,1,"RANDY CHANDLER",REP,0,0,0,0,GARVIN
9/14/2021,"250021","GARVIN COUNTY",10002,"FOR COUNTY COMMISSIONER DISTRICT NO. 1 (UNEXPIRED TERM)",,7,7,2,"KEVIN FORAKER",DEM,0,0,0,0,GARVIN
9/14/2021,"260016","LINDSAY PUBLIC SCHOOLS INDEPENDENT SCHOOL DISTRICT NO. 009",52501,"PROPOSITION NO. 1  LINDSAY PUBLIC SCHOOLS",,8,8,1,"FOR THE PROPOSITION - YES",,0,0,0,0,,
9/14/2021,"260016","LINDSAY PUBLIC SCHOOLS INDEPENDENT SCHOOL DISTRICT NO. 009",52501,"PROPOSITION NO. 1  LINDSAY PUBLIC SCHOOLS",,8,8,2,"AGAINST THE PROPOSITION - NO",,0,0,0,0,,
9/14/2021,"260016","LINDSAY PUBLIC SCHOOLS INDEPENDENT SCHOOL DISTRICT NO. 009",52502,"PROPOSITION NO. 2  LINDSAY PUBLIC SCHOOLS",,8,8,1,"FOR THE PROPOSITION - YES",,0,0,0,0,,
9/14/2021,"260016","LINDSAY PUBLIC SCHOOLS INDEPENDENT SCHOOL DISTRICT NO. 009",52502,"PROPOSITION NO. 2  LINDSAY PUBLIC SCHOOLS",,8,8,2,"AGAINST THE PROPOSITION - NO",,0,0,0,0,,
9/14/2021,"260026","LINDSAY PUBLIC SCHOOLS INDEPENDENT SCHOOL DISTRICT NO. 009",52501,"PROPOSITION NO. 1  LINDSAY PUBLIC SCHOOLS",,8,8,1,"FOR THE PROPOSITION - YES",,0,0,9,9,,
9/14/2021,"260026","LINDSAY PUBLIC SCHOOLS INDEPENDENT SCHOOL DISTRICT NO. 009",52501,"PROPOSITION NO. 1  LINDSAY PUBLIC SCHOOLS",,8,8,2,"AGAINST THE PROPOSITION - NO",,0,0,1,1,,
9/14/2021,"260026","LINDSAY PUBLIC SCHOOLS INDEPENDENT SCHOOL DISTRICT NO. 009",52502,"PROPOSITION NO. 2  LINDSAY PUBLIC SCHOOLS",,8,8,1,"FOR THE PROPOSITION - YES",,0,0,9,9,,
9/14/2021,"260026","LINDSAY PUBLIC SCHOOLS INDEPENDENT SCHOOL DISTRICT NO. 009",52502,"PROPOSITION NO. 2  LINDSAY PUBLIC SCHOOLS",,8,8,2,"AGAINST THE PROPOSITION - NO",,0,0,1,1,,
9/14/2021,"300303","FREEDOM PUBLIC SCHOOLS INDEPENDENT SCHOOL DISTRICT NO. 006",57601,"PROPOSITION  FREEDOM PUBLIC SCHOOLS",,4,4,1,"FOR THE PROPOSITION - YES",,0,0,0,0,,
9/14/2021,"300303","FREEDOM PUBLIC SCHOOLS INDEPENDENT SCHOOL DISTRICT NO. 006",57601,"PROPOSITION  FREEDOM PUBLIC SCHOOLS",,4,4,2,"AGAINST THE PROPOSITION - NO",,0,0,0,0,,
9/14/2021,"310023","QUINTON PUBLIC SCHOOLS INDEPENDENT SCHOOL DISTRICT NO. 017",56101,"PROPOSITION  QUINTON PUBLIC SCHOOLS",,5,5,1,"FOR THE PROPOSITION - YES",,4,0,43,47,,
9/14/2021,"310023","QUINTON PUBLIC SCHOOLS INDEPENDENT SCHOOL DISTRICT NO. 017",56101,"PROPOSITION  QUINTON PUBLIC SCHOOLS",,5,5,2,"AGAINST THE PROPOSITION - NO",,0,0,35,35,,
9/14/2021,"320016","WETUMKA PUBLIC SCHOOLS INDEPENDENT SCHOOL DISTRICT NO. 005",53201,"PROPOSITION  WETUMKA PUBLIC SCHOOLS",,5,5,1,"FOR THE PROPOSITION - YES",,2,2,0,4,,
9/14/2021,"320016","WETUMKA PUBLIC SCHOOLS INDEPENDENT SCHOOL DISTRICT NO. 005",53201,"PROPOSITION  WETUMKA PUBLIC SCHOOLS",,5,5,2,"AGAINST THE PROPOSITION - NO",,2,0,0,2,,
9/14/2021,"320020","WETUMKA PUBLIC SCHOOLS INDEPENDENT SCHOOL DISTRICT NO. 005",53201,"PROPOSITION  WETUMKA PUBLIC SCHOOLS",,5,5,1,"FOR THE PROPOSITION - YES",,1,0,86,87,,
9/14/2021,"320020","WETUMKA PUBLIC SCHOOLS INDEPENDENT SCHOOL DISTRICT NO. 005",53201,"PROPOSITION  WETUMKA PUBLIC SCHOOLS",,5,5,2,"AGAINST THE PROPOSITION - NO",,0,0,21,21,,
9/14/2021,"320022","WETUMKA PUBLIC SCHOOLS INDEPENDENT SCHOOL DISTRICT NO. 005",53201,"PROPOSITION  WETUMKA PUBLIC SCHOOLS",,5,5,1,"FOR THE PROPOSITION - YES",,0,0,0,0,,
9/14/2021,"320022","WETUMKA PUBLIC SCHOOLS INDEPENDENT SCHOOL DISTRICT NO. 005",53201,"PROPOSITION  WETUMKA PUBLIC SCHOOLS",,5,5,2,"AGAINST THE PROPOSITION - NO",,0,0,0,0,,
9/14/2021,"320022","GRAHAM-DUSTIN PUBLIC SCHOOLS INDEPENDENT SCHOOL DISTRICT NO. 054",55401,"PROPOSITION NO. 1  GRAHAM-DUSTIN PUBLIC SCHOOLS",,8,8,1,"FOR THE PROPOSITION - YES",,1,0,28,29,,
9/14/2021,"320022","GRAHAM-DUSTIN PUBLIC SCHOOLS INDEPENDENT SCHOOL DISTRICT NO. 054",55401,"PROPOSITION NO. 1  GRAHAM-DUSTIN PUBLIC SCHOOLS",,8,8,2,"AGAINST THE PROPOSITION - NO",,0,0,14,14,,
9/14/2021,"320022","GRAHAM-DUSTIN PUBLIC SCHOOLS INDEPENDENT SCHOOL DISTRICT NO. 054",55402,"PROPOSITION NO. 2  GRAHAM-DUSTIN PUBLIC SCHOOLS",,8,8,1,"FOR THE PROPOSITION - YES",,1,0,29,30,,
9/14/2021,"320022","GRAHAM-DUSTIN PUBLIC SCHOOLS INDEPENDENT SCHOOL DISTRICT NO. 054",55402,"PROPOSITION NO. 2  GRAHAM-DUSTIN PUBLIC SCHOOLS",,8,8,2,"AGAINST THE PROPOSITION - NO",,0,0,14,14,,
9/14/2021,"320023","WETUMKA PUBLIC SCHOOLS INDEPENDENT SCHOOL DISTRICT NO. 005",53201,"PROPOSITION  WETUMKA PUBLIC SCHOOLS",,5,5,1,"FOR THE PROPOSITION - YES",,0,0,0,0,,
9/14/2021,"320023","WETUMKA PUBLIC SCHOOLS INDEPENDENT SCHOOL DISTRICT NO. 005",53201,"PROPOSITION  WETUMKA PUBLIC SCHOOLS",,5,5,2,"AGAINST THE PROPOSITION - NO",,1,2,0,3,,
9/14/2021,"320023","GRAHAM-DUSTIN PUBLIC SCHOOLS INDEPENDENT SCHOOL DISTRICT NO. 054",55401,"PROPOSITION NO. 1  GRAHAM-DUSTIN PUBLIC SCHOOLS",,8,8,1,"FOR THE PROPOSITION - YES",,0,0,0,0,,
9/14/2021,"320023","GRAHAM-DUSTIN PUBLIC SCHOOLS INDEPENDENT SCHOOL DISTRICT NO. 054",55401,"PROPOSITION NO. 1  GRAHAM-DUSTIN PUBLIC SCHOOLS",,8,8,2,"AGAINST THE PROPOSITION - NO",,0,0,0,0,,
9/14/2021,"320023","GRAHAM-DUSTIN PUBLIC SCHOOLS INDEPENDENT SCHOOL DISTRICT NO. 054",55402,"PROPOSITION NO. 2  GRAHAM-DUSTIN PUBLIC SCHOOLS",,8,8,1,"FOR THE PROPOSITION - YES",,0,0,0,0,,
9/14/2021,"320023","GRAHAM-DUSTIN PUBLIC SCHOOLS INDEPENDENT SCHOOL DISTRICT NO. 054",55402,"PROPOSITION NO. 2  GRAHAM-DUSTIN PUBLIC SCHOOLS",,8,8,2,"AGAINST THE PROPOSITION - NO",,0,0,0,0,,
9/14/2021,"350001","TISHOMINGO PUBLIC SCHOOLS INDEPENDENT SCHOOL DISTRICT NO. 020",53501,"PROPOSITION  TISHOMINGO PUBLIC SCHOOLS",,9,9,1,"FOR THE PROPOSITION - YES",,0,10,64,74,,
9/14/2021,"350001","TISHOMINGO PUBLIC SCHOOLS INDEPENDENT SCHOOL DISTRICT NO. 020",53501,"PROPOSITION  TISHOMINGO PUBLIC SCHOOLS",,9,9,2,"AGAINST THE PROPOSITION - NO",,3,5,32,40,,
9/14/2021,"350002","TISHOMINGO PUBLIC SCHOOLS INDEPENDENT SCHOOL DISTRICT NO. 020",53501,"PROPOSITION  TISHOMINGO PUBLIC SCHOOLS",,9,9,1,"FOR THE PROPOSITION - YES",,0,7,45,52,,
9/14/2021,"350002","TISHOMINGO PUBLIC SCHOOLS INDEPENDENT SCHOOL DISTRICT NO. 020",53501,"PROPOSITION  TISHOMINGO PUBLIC SCHOOLS",,9,9,2,"AGAINST THE PROPOSITION - NO",,0,3,28,31,,
9/14/2021,"350003","TISHOMINGO PUBLIC SCHOOLS INDEPENDENT SCHOOL DISTRICT NO. 020",53501,"PROPOSITION  TISHOMINGO PUBLIC SCHOOLS",,9,9,1,"FOR THE PROPOSITION - YES",,0,6,32,38,,
9/14/2021,"350003","TISHOMINGO PUBLIC SCHOOLS INDEPENDENT SCHOOL DISTRICT NO. 020",53501,"PROPOSITION  TISHOMINGO PUBLIC SCHOOLS",,9,9,2,"AGAINST THE PROPOSITION - NO",,1,0,22,23,,
9/14/2021,"350004","TISHOMINGO PUBLIC SCHOOLS INDEPENDENT SCHOOL DISTRICT NO. 020",53501,"PROPOSITION  TISHOMINGO PUBLIC SCHOOLS",,9,9,1,"FOR THE PROPOSITION - YES",,1,20,111,132,,
9/14/2021,"350004","TISHOMINGO PUBLIC SCHOOLS INDEPENDENT SCHOOL DISTRICT NO. 020",53501,"PROPOSITION  TISHOMINGO PUBLIC SCHOOLS",,9,9,2,"AGAINST THE PROPOSITION - NO",,4,8,58,70,,
9/14/2021,"350005","TISHOMINGO PUBLIC SCHOOLS INDEPENDENT SCHOOL DISTRICT NO. 020",53501,"PROPOSITION  TISHOMINGO PUBLIC SCHOOLS",,9,9,1,"FOR THE PROPOSITION - YES",,0,0,6,6,,
9/14/2021,"350005","TISHOMINGO PUBLIC SCHOOLS INDEPENDENT SCHOOL DISTRICT NO. 020",53501,"PROPOSITION  TISHOMINGO PUBLIC SCHOOLS",,9,9,2,"AGAINST THE PROPOSITION - NO",,0,0,20,20,,
9/14/2021,"350006","TISHOMINGO PUBLIC SCHOOLS INDEPENDENT SCHOOL DISTRICT NO. 020",53501,"PROPOSITION  TISHOMINGO PUBLIC SCHOOLS",,9,9,1,"FOR THE PROPOSITION - YES",,0,0,0,0,,
9/14/2021,"350006","TISHOMINGO PUBLIC SCHOOLS INDEPENDENT SCHOOL DISTRICT NO. 020",53501,"PROPOSITION  TISHOMINGO PUBLIC SCHOOLS",,9,9,2,"AGAINST THE PROPOSITION - NO",,0,0,8,8,,
9/14/2021,"350009","TISHOMINGO PUBLIC SCHOOLS INDEPENDENT SCHOOL DISTRICT NO. 020",53501,"PROPOSITION  TISHOMINGO PUBLIC SCHOOLS",,9,9,1,"FOR THE PROPOSITION - YES",,0,1,10,11,,
9/14/2021,"350009","TISHOMINGO PUBLIC SCHOOLS INDEPENDENT SCHOOL DISTRICT NO. 020",53501,"PROPOSITION  TISHOMINGO PUBLIC SCHOOLS",,9,9,2,"AGAINST THE PROPOSITION - NO",,0,3,4,7,,
9/14/2021,"350013","TISHOMINGO PUBLIC SCHOOLS INDEPENDENT SCHOOL DISTRICT NO. 020",53501,"PROPOSITION  TISHOMINGO PUBLIC SCHOOLS",,9,9,1,"FOR THE PROPOSITION - YES",,0,2,13,15,,
9/14/2021,"350013","TISHOMINGO PUBLIC SCHOOLS INDEPENDENT SCHOOL DISTRICT NO. 020",53501,"PROPOSITION  TISHOMINGO PUBLIC SCHOOLS",,9,9,2,"AGAINST THE PROPOSITION - NO",,0,0,8,8,,
9/14/2021,"350014","TISHOMINGO PUBLIC SCHOOLS INDEPENDENT SCHOOL DISTRICT NO. 020",53501,"PROPOSITION  TISHOMINGO PUBLIC SCHOOLS",,9,9,1,"FOR THE PROPOSITION - YES",,0,0,5,5,,
9/14/2021,"350014","TISHOMINGO PUBLIC SCHOOLS INDEPENDENT SCHOOL DISTRICT NO. 020",53501,"PROPOSITION  TISHOMINGO PUBLIC SCHOOLS",,9,9,2,"AGAINST THE PROPOSITION - NO",,0,0,7,7,,
9/14/2021,"370101","CITY OF KINGFISHER",43701,"FOR CITY COMMISSIONER  CITY OF KINGFISHER",,3,3,1,"GEOFF COVALT",,3,8,47,58,,
9/14/2021,"370101","CITY OF KINGFISHER",43701,"FOR CITY COMMISSIONER  CITY OF KINGFISHER",,3,3,2,"KACI FARRAR",,5,2,28,35,,
9/14/2021,"370103","CITY OF KINGFISHER",43701,"FOR CITY COMMISSIONER  CITY OF KINGFISHER",,3,3,1,"GEOFF COVALT",,0,0,0,0,,
9/14/2021,"370103","CITY OF KINGFISHER",43701,"FOR CITY COMMISSIONER  CITY OF KINGFISHER",,3,3,2,"KACI FARRAR",,0,0,0,0,,
9/14/2021,"370301","CITY OF KINGFISHER",43701,"FOR CITY COMMISSIONER  CITY OF KINGFISHER",,3,3,1,"GEOFF COVALT",,1,12,83,96,,
9/14/2021,"370301","CITY OF KINGFISHER",43701,"FOR CITY COMMISSIONER  CITY OF KINGFISHER",,3,3,2,"KACI FARRAR",,1,3,32,36,,
9/14/2021,"400202","TOWN OF WISTER",44001,"PROPOSITION  TOWN OF WISTER",,2,2,1,"FOR THE PROPOSITION - YES",,0,0,0,0,,
9/14/2021,"400202","TOWN OF WISTER",44001,"PROPOSITION  TOWN OF WISTER",,2,2,2,"AGAINST THE PROPOSITION - NO",,0,0,0,0,,
9/14/2021,"400212","TOWN OF WISTER",44001,"PROPOSITION  TOWN OF WISTER",,2,2,1,"FOR THE PROPOSITION - YES",,0,0,18,18,,
9/14/2021,"400212","TOWN OF WISTER",44001,"PROPOSITION  TOWN OF WISTER",,2,2,2,"AGAINST THE PROPOSITION - NO",,0,0,0,0,,
9/14/2021,"410004","OAK GROVE PUBLIC SCHOOL ELEMENTARY SCHOOL DISTRICT NO. 104",56001,"PROPOSITION  OAK GROVE PUBLIC SCHOOL",,2,2,1,"FOR THE PROPOSITION - YES",,0,0,0,0,,
9/14/2021,"410004","OAK GROVE PUBLIC SCHOOL ELEMENTARY SCHOOL DISTRICT NO. 104",56001,"PROPOSITION  OAK GROVE PUBLIC SCHOOL",,2,2,2,"AGAINST THE PROPOSITION - NO",,0,0,0,0,,
9/14/2021,"410005","TOWN OF AGRA",44101,"PROPOSITION  TOWN OF AGRA",,1,1,1,"FOR THE PROPOSITION - YES",,0,0,7,7,,
9/14/2021,"410005","TOWN OF AGRA",44101,"PROPOSITION  TOWN OF AGRA",,1,1,2,"AGAINST THE PROPOSITION - NO",,0,0,2,2,,
9/14/2021,"440005","LINDSAY PUBLIC SCHOOLS INDEPENDENT SCHOOL DISTRICT NO. 009",52501,"PROPOSITION NO. 1  LINDSAY PUBLIC SCHOOLS",,8,8,1,"FOR THE PROPOSITION - YES",,2,0,44,46,,
9/14/2021,"440005","LINDSAY PUBLIC SCHOOLS INDEPENDENT SCHOOL DISTRICT NO. 009",52501,"PROPOSITION NO. 1  LINDSAY PUBLIC SCHOOLS",,8,8,2,"AGAINST THE PROPOSITION - NO",,3,0,10,13,,
9/14/2021,"440005","LINDSAY PUBLIC SCHOOLS INDEPENDENT SCHOOL DISTRICT NO. 009",52502,"PROPOSITION NO. 2  LINDSAY PUBLIC SCHOOLS",,8,8,1,"FOR THE PROPOSITION - YES",,0,0,46,46,,
9/14/2021,"440005","LINDSAY PUBLIC SCHOOLS INDEPENDENT SCHOOL DISTRICT NO. 009",52502,"PROPOSITION NO. 2  LINDSAY PUBLIC SCHOOLS",,8,8,2,"AGAINST THE PROPOSITION - NO",,5,0,8,13,,
9/14/2021,"440005","MAYSVILLE PUBLIC SCHOOLS INDEPENDENT SCHOOL DISTRICT NO. 007",52503,"PROPOSITION  MAYSVILLE PUBLIC SCHOOLS",,4,4,1,"FOR THE PROPOSITION - YES",,4,0,0,4,,
9/14/2021,"440005","MAYSVILLE PUBLIC SCHOOLS INDEPENDENT SCHOOL DISTRICT NO. 007",52503,"PROPOSITION  MAYSVILLE PUBLIC SCHOOLS",,4,4,2,"AGAINST THE PROPOSITION - NO",,0,0,0,0,,
9/14/2021,"440007","MAYSVILLE PUBLIC SCHOOLS INDEPENDENT SCHOOL DISTRICT NO. 007",52503,"PROPOSITION  MAYSVILLE PUBLIC SCHOOLS",,4,4,1,"FOR THE PROPOSITION - YES",,0,0,6,6,,
9/14/2021,"440007","MAYSVILLE PUBLIC SCHOOLS INDEPENDENT SCHOOL DISTRICT NO. 007",52503,"PROPOSITION  MAYSVILLE PUBLIC SCHOOLS",,4,4,2,"AGAINST THE PROPOSITION - NO",,0,0,0,0,,
9/14/2021,"440010","LINDSAY PUBLIC SCHOOLS INDEPENDENT SCHOOL DISTRICT NO. 009",52501,"PROPOSITION NO. 1  LINDSAY PUBLIC SCHOOLS",,8,8,1,"FOR THE PROPOSITION - YES",,0,0,0,0,,
9/14/2021,"440010","LINDSAY PUBLIC SCHOOLS INDEPENDENT SCHOOL DISTRICT NO. 009",52501,"PROPOSITION NO. 1  LINDSAY PUBLIC SCHOOLS",,8,8,2,"AGAINST THE PROPOSITION - NO",,0,0,0,0,,
9/14/2021,"440010","LINDSAY PUBLIC SCHOOLS INDEPENDENT SCHOOL DISTRICT NO. 009",52502,"PROPOSITION NO. 2  LINDSAY PUBLIC SCHOOLS",,8,8,1,"FOR THE PROPOSITION - YES",,0,0,0,0,,
9/14/2021,"440010","LINDSAY PUBLIC SCHOOLS INDEPENDENT SCHOOL DISTRICT NO. 009",52502,"PROPOSITION NO. 2  LINDSAY PUBLIC SCHOOLS",,8,8,2,"AGAINST THE PROPOSITION - NO",,0,0,0,0,,
9/14/2021,"450029","VALLIANT PUBLIC SCHOOLS INDEPENDENT SCHOOL DISTRICT NO. 011",54501,"PROPOSITION  VALLIANT PUBLIC SCHOOLS",,7,7,1,"FOR THE PROPOSITION - YES",,0,0,0,0,,
9/14/2021,"450029","VALLIANT PUBLIC SCHOOLS INDEPENDENT SCHOOL DISTRICT NO. 011",54501,"PROPOSITION  VALLIANT PUBLIC SCHOOLS",,7,7,2,"AGAINST THE PROPOSITION - NO",,0,0,0,0,,
9/14/2021,"450033","VALLIANT PUBLIC SCHOOLS INDEPENDENT SCHOOL DISTRICT NO. 011",54501,"PROPOSITION  VALLIANT PUBLIC SCHOOLS",,7,7,1,"FOR THE PROPOSITION - YES",,0,0,1,1,,
9/14/2021,"450033","VALLIANT PUBLIC SCHOOLS INDEPENDENT SCHOOL DISTRICT NO. 011",54501,"PROPOSITION  VALLIANT PUBLIC SCHOOLS",,7,7,2,"AGAINST THE PROPOSITION - NO",,0,0,1,1,,
9/14/2021,"450034","VALLIANT PUBLIC SCHOOLS INDEPENDENT SCHOOL DISTRICT NO. 011",54501,"PROPOSITION  VALLIANT PUBLIC SCHOOLS",,7,7,1,"FOR THE PROPOSITION - YES",,0,4,45,49,,
9/14/2021,"450034","VALLIANT PUBLIC SCHOOLS INDEPENDENT SCHOOL DISTRICT NO. 011",54501,"PROPOSITION  VALLIANT PUBLIC SCHOOLS",,7,7,2,"AGAINST THE PROPOSITION - NO",,1,0,19,20,,
9/14/2021,"450035","VALLIANT PUBLIC SCHOOLS INDEPENDENT SCHOOL DISTRICT NO. 011",54501,"PROPOSITION  VALLIANT PUBLIC SCHOOLS",,7,7,1,"FOR THE PROPOSITION - YES",,5,1,141,147,,
9/14/2021,"450035","VALLIANT PUBLIC SCHOOLS INDEPENDENT SCHOOL DISTRICT NO. 011",54501,"PROPOSITION  VALLIANT PUBLIC SCHOOLS",,7,7,2,"AGAINST THE PROPOSITION - NO",,2,0,26,28,,
9/14/2021,"450036","VALLIANT PUBLIC SCHOOLS INDEPENDENT SCHOOL DISTRICT NO. 011",54501,"PROPOSITION  VALLIANT PUBLIC SCHOOLS",,7,7,1,"FOR THE PROPOSITION - YES",,0,1,105,106,,
9/14/2021,"450036","VALLIANT PUBLIC SCHOOLS INDEPENDENT SCHOOL DISTRICT NO. 011",54501,"PROPOSITION  VALLIANT PUBLIC SCHOOLS",,7,7,2,"AGAINST THE PROPOSITION - NO",,1,0,18,19,,
9/14/2021,"450037","VALLIANT PUBLIC SCHOOLS INDEPENDENT SCHOOL DISTRICT NO. 011",54501,"PROPOSITION  VALLIANT PUBLIC SCHOOLS",,7,7,1,"FOR THE PROPOSITION - YES",,0,0,19,19,,
9/14/2021,"450037","VALLIANT PUBLIC SCHOOLS INDEPENDENT SCHOOL DISTRICT NO. 011",54501,"PROPOSITION  VALLIANT PUBLIC SCHOOLS",,7,7,2,"AGAINST THE PROPOSITION - NO",,2,0,7,9,,
9/14/2021,"460102","CHECOTAH PUBLIC SCHOOLS INDEPENDENT SCHOOL DISTRICT NO. 019",54601,"PROPOSITION  CHECOTAH PUBLIC SCHOOLS",,9,9,1,"FOR THE PROPOSITION - YES",,4,2,96,102,,
9/14/2021,"460102","CHECOTAH PUBLIC SCHOOLS INDEPENDENT SCHOOL DISTRICT NO. 019",54601,"PROPOSITION  CHECOTAH PUBLIC SCHOOLS",,9,9,2,"AGAINST THE PROPOSITION - NO",,2,2,58,62,,
9/14/2021,"460103","CHECOTAH PUBLIC SCHOOLS INDEPENDENT SCHOOL DISTRICT NO. 019",54601,"PROPOSITION  CHECOTAH PUBLIC SCHOOLS",,9,9,1,"FOR THE PROPOSITION - YES",,5,1,221,227,,
9/14/2021,"460103","CHECOTAH PUBLIC SCHOOLS INDEPENDENT SCHOOL DISTRICT NO. 019",54601,"PROPOSITION  CHECOTAH PUBLIC SCHOOLS",,9,9,2,"AGAINST THE PROPOSITION - NO",,2,1,53,56,,
9/14/2021,"460104","CHECOTAH PUBLIC SCHOOLS INDEPENDENT SCHOOL DISTRICT NO. 019",54601,"PROPOSITION  CHECOTAH PUBLIC SCHOOLS",,9,9,1,"FOR THE PROPOSITION - YES",,1,1,58,60,,
9/14/2021,"460104","CHECOTAH PUBLIC SCHOOLS INDEPENDENT SCHOOL DISTRICT NO. 019",54601,"PROPOSITION  CHECOTAH PUBLIC SCHOOLS",,9,9,2,"AGAINST THE PROPOSITION - NO",,4,0,60,64,,
9/14/2021,"460205","CHECOTAH PUBLIC SCHOOLS INDEPENDENT SCHOOL DISTRICT NO. 019",54601,"PROPOSITION  CHECOTAH PUBLIC SCHOOLS",,9,9,1,"FOR THE PROPOSITION - YES",,2,1,9,12,,
9/14/2021,"460205","CHECOTAH PUBLIC SCHOOLS INDEPENDENT SCHOOL DISTRICT NO. 019",54601,"PROPOSITION  CHECOTAH PUBLIC SCHOOLS",,9,9,2,"AGAINST THE PROPOSITION - NO",,6,0,17,23,,
9/14/2021,"460310","GRAHAM-DUSTIN PUBLIC SCHOOLS INDEPENDENT SCHOOL DISTRICT NO. 054",55401,"PROPOSITION NO. 1  GRAHAM-DUSTIN PUBLIC SCHOOLS",,8,8,1,"FOR THE PROPOSITION - YES",,0,0,0,0,,
9/14/2021,"460310","GRAHAM-DUSTIN PUBLIC SCHOOLS INDEPENDENT SCHOOL DISTRICT NO. 054",55401,"PROPOSITION NO. 1  GRAHAM-DUSTIN PUBLIC SCHOOLS",,8,8,2,"AGAINST THE PROPOSITION - NO",,0,0,0,0,,
9/14/2021,"460310","GRAHAM-DUSTIN PUBLIC SCHOOLS INDEPENDENT SCHOOL DISTRICT NO. 054",55402,"PROPOSITION NO. 2  GRAHAM-DUSTIN PUBLIC SCHOOLS",,8,8,1,"FOR THE PROPOSITION - YES",,0,0,0,0,,
9/14/2021,"460310","GRAHAM-DUSTIN PUBLIC SCHOOLS INDEPENDENT SCHOOL DISTRICT NO. 054",55402,"PROPOSITION NO. 2  GRAHAM-DUSTIN PUBLIC SCHOOLS",,8,8,2,"AGAINST THE PROPOSITION - NO",,0,0,0,0,,
9/14/2021,"460312","GRAHAM-DUSTIN PUBLIC SCHOOLS INDEPENDENT SCHOOL DISTRICT NO. 054",55401,"PROPOSITION NO. 1  GRAHAM-DUSTIN PUBLIC SCHOOLS",,8,8,1,"FOR THE PROPOSITION - YES",,0,0,0,0,,
9/14/2021,"460312","GRAHAM-DUSTIN PUBLIC SCHOOLS INDEPENDENT SCHOOL DISTRICT NO. 054",55401,"PROPOSITION NO. 1  GRAHAM-DUSTIN PUBLIC SCHOOLS",,8,8,2,"AGAINST THE PROPOSITION - NO",,0,0,0,0,,
9/14/2021,"460312","GRAHAM-DUSTIN PUBLIC SCHOOLS INDEPENDENT SCHOOL DISTRICT NO. 054",55402,"PROPOSITION NO. 2  GRAHAM-DUSTIN PUBLIC SCHOOLS",,8,8,1,"FOR THE PROPOSITION - YES",,0,0,0,0,,
9/14/2021,"460312","GRAHAM-DUSTIN PUBLIC SCHOOLS INDEPENDENT SCHOOL DISTRICT NO. 054",55402,"PROPOSITION NO. 2  GRAHAM-DUSTIN PUBLIC SCHOOLS",,8,8,2,"AGAINST THE PROPOSITION - NO",,0,0,0,0,,
9/14/2021,"460313","CHECOTAH PUBLIC SCHOOLS INDEPENDENT SCHOOL DISTRICT NO. 019",54601,"PROPOSITION  CHECOTAH PUBLIC SCHOOLS",,9,9,1,"FOR THE PROPOSITION - YES",,0,0,1,1,,
9/14/2021,"460313","CHECOTAH PUBLIC SCHOOLS INDEPENDENT SCHOOL DISTRICT NO. 019",54601,"PROPOSITION  CHECOTAH PUBLIC SCHOOLS",,9,9,2,"AGAINST THE PROPOSITION - NO",,0,0,4,4,,
9/14/2021,"460314","CHECOTAH PUBLIC SCHOOLS INDEPENDENT SCHOOL DISTRICT NO. 019",54601,"PROPOSITION  CHECOTAH PUBLIC SCHOOLS",,9,9,1,"FOR THE PROPOSITION - YES",,0,4,38,42,,
9/14/2021,"460314","CHECOTAH PUBLIC SCHOOLS INDEPENDENT SCHOOL DISTRICT NO. 019",54601,"PROPOSITION  CHECOTAH PUBLIC SCHOOLS",,9,9,2,"AGAINST THE PROPOSITION - NO",,0,1,6,7,,
9/14/2021,"460316","CHECOTAH PUBLIC SCHOOLS INDEPENDENT SCHOOL DISTRICT NO. 019",54601,"PROPOSITION  CHECOTAH PUBLIC SCHOOLS",,9,9,1,"FOR THE PROPOSITION - YES",,2,0,45,47,,
9/14/2021,"460316","CHECOTAH PUBLIC SCHOOLS INDEPENDENT SCHOOL DISTRICT NO. 019",54601,"PROPOSITION  CHECOTAH PUBLIC SCHOOLS",,9,9,2,"AGAINST THE PROPOSITION - NO",,0,0,21,21,,
9/14/2021,"490022","INOLA PUBLIC SCHOOLS INDEPENDENT SCHOOL DISTRICT NO. 005",56601,"PROPOSITION  INOLA PUBLIC SCHOOLS",,7,7,1,"FOR THE PROPOSITION - YES",,0,0,0,0,,
9/14/2021,"490022","INOLA PUBLIC SCHOOLS INDEPENDENT SCHOOL DISTRICT NO. 005",56601,"PROPOSITION  INOLA PUBLIC SCHOOLS",,7,7,2,"AGAINST THE PROPOSITION - NO",,0,0,0,0,,
9/14/2021,"490024","INOLA PUBLIC SCHOOLS INDEPENDENT SCHOOL DISTRICT NO. 005",56601,"PROPOSITION  INOLA PUBLIC SCHOOLS",,7,7,1,"FOR THE PROPOSITION - YES",,0,0,0,0,,
9/14/2021,"490024","INOLA PUBLIC SCHOOLS INDEPENDENT SCHOOL DISTRICT NO. 005",56601,"PROPOSITION  INOLA PUBLIC SCHOOLS",,7,7,2,"AGAINST THE PROPOSITION - NO",,0,0,0,0,,
9/14/2021,"510053","TOWN OF OKTAHA",45101,"FOR BOARD OF TRUSTEES, OFFICE NO. 2 (UNEXPIRED TERM)  TOWN OF OKTAHA",,1,1,1,"ARLA STOUT",,0,0,29,29,,
9/14/2021,"510053","TOWN OF OKTAHA",45101,"FOR BOARD OF TRUSTEES, OFFICE NO. 2 (UNEXPIRED TERM)  TOWN OF OKTAHA",,1,1,2,"NATHAN REHEARD",,0,1,13,14,,
9/14/2021,"510053","TOWN OF OKTAHA",45102,"FOR BOARD OF TRUSTEES, OFFICE NO. 5 (UNEXPIRED TERM)  TOWN OF OKTAHA",,1,1,1,"JODI HAMMONS",,0,0,19,19,,
9/14/2021,"510053","TOWN OF OKTAHA",45102,"FOR BOARD OF TRUSTEES, OFFICE NO. 5 (UNEXPIRED TERM)  TOWN OF OKTAHA",,1,1,2,"DAVID WALKER JR.",,0,0,4,4,,
9/14/2021,"510053","TOWN OF OKTAHA",45102,"FOR BOARD OF TRUSTEES, OFFICE NO. 5 (UNEXPIRED TERM)  TOWN OF OKTAHA",,1,1,3,"TANA SPRING",,0,1,20,21,,
9/14/2021,"510053","TOWN OF OKTAHA",45102,"FOR BOARD OF TRUSTEES, OFFICE NO. 5 (UNEXPIRED TERM)  TOWN OF OKTAHA",,1,1,4,"DYLAN GRADY",,0,0,0,0,,
9/14/2021,"510053","CHECOTAH PUBLIC SCHOOLS INDEPENDENT SCHOOL DISTRICT NO. 019",54601,"PROPOSITION  CHECOTAH PUBLIC SCHOOLS",,9,9,1,"FOR THE PROPOSITION - YES",,0,0,0,0,,
9/14/2021,"510053","CHECOTAH PUBLIC SCHOOLS INDEPENDENT SCHOOL DISTRICT NO. 019",54601,"PROPOSITION  CHECOTAH PUBLIC SCHOOLS",,9,9,2,"AGAINST THE PROPOSITION - NO",,0,0,0,0,,
9/14/2021,"520301","NOBLE COUNTY",11003,"FOR COUNTY COMMISSIONER DISTRICT NO. 3 (UNEXPIRED TERM)",REP,3,3,1,"NICK HUGHES",REP,2,20,80,102,NOBLE
9/14/2021,"520301","NOBLE COUNTY",11003,"FOR COUNTY COMMISSIONER DISTRICT NO. 3 (UNEXPIRED TERM)",REP,3,3,2,"ELDON R. CINNAMON",REP,1,1,11,13,NOBLE
9/14/2021,"520301","NOBLE COUNTY",11003,"FOR COUNTY COMMISSIONER DISTRICT NO. 3 (UNEXPIRED TERM)",REP,3,3,3,"CHRIS RIDGE",REP,0,3,2,5,NOBLE
9/14/2021,"520301","NOBLE COUNTY",11003,"FOR COUNTY COMMISSIONER DISTRICT NO. 3 (UNEXPIRED TERM)",REP,3,3,4,"ROBERT McCLURE",REP,0,0,0,0,NOBLE
9/14/2021,"520301","NOBLE COUNTY",11003,"FOR COUNTY COMMISSIONER DISTRICT NO. 3 (UNEXPIRED TERM)",REP,3,3,5,"JEFF DAY",REP,0,2,23,25,NOBLE
9/14/2021,"520305","NOBLE COUNTY",11003,"FOR COUNTY COMMISSIONER DISTRICT NO. 3 (UNEXPIRED TERM)",REP,3,3,1,"NICK HUGHES",REP,4,4,79,87,NOBLE
9/14/2021,"520305","NOBLE COUNTY",11003,"FOR COUNTY COMMISSIONER DISTRICT NO. 3 (UNEXPIRED TERM)",REP,3,3,2,"ELDON R. CINNAMON",REP,0,0,2,2,NOBLE
9/14/2021,"520305","NOBLE COUNTY",11003,"FOR COUNTY COMMISSIONER DISTRICT NO. 3 (UNEXPIRED TERM)",REP,3,3,3,"CHRIS RIDGE",REP,1,2,54,57,NOBLE
9/14/2021,"520305","NOBLE COUNTY",11003,"FOR COUNTY COMMISSIONER DISTRICT NO. 3 (UNEXPIRED TERM)",REP,3,3,4,"ROBERT McCLURE",REP,1,0,68,69,NOBLE
9/14/2021,"520305","NOBLE COUNTY",11003,"FOR COUNTY COMMISSIONER DISTRICT NO. 3 (UNEXPIRED TERM)",REP,3,3,5,"JEFF DAY",REP,0,1,7,8,NOBLE
9/14/2021,"520307","NOBLE COUNTY",11003,"FOR COUNTY COMMISSIONER DISTRICT NO. 3 (UNEXPIRED TERM)",REP,3,3,1,"NICK HUGHES",REP,14,34,135,183,NOBLE
9/14/2021,"520307","NOBLE COUNTY",11003,"FOR COUNTY COMMISSIONER DISTRICT NO. 3 (UNEXPIRED TERM)",REP,3,3,2,"ELDON R. CINNAMON",REP,2,0,0,2,NOBLE
9/14/2021,"520307","NOBLE COUNTY",11003,"FOR COUNTY COMMISSIONER DISTRICT NO. 3 (UNEXPIRED TERM)",REP,3,3,3,"CHRIS RIDGE",REP,0,0,5,5,NOBLE
9/14/2021,"520307","NOBLE COUNTY",11003,"FOR COUNTY COMMISSIONER DISTRICT NO. 3 (UNEXPIRED TERM)",REP,3,3,4,"ROBERT McCLURE",REP,0,6,4,10,NOBLE
9/14/2021,"520307","NOBLE COUNTY",11003,"FOR COUNTY COMMISSIONER DISTRICT NO. 3 (UNEXPIRED TERM)",REP,3,3,5,"JEFF DAY",REP,0,9,17,26,NOBLE
9/14/2021,"540311","GRAHAM-DUSTIN PUBLIC SCHOOLS INDEPENDENT SCHOOL DISTRICT NO. 054",55401,"PROPOSITION NO. 1  GRAHAM-DUSTIN PUBLIC SCHOOLS",,8,8,1,"FOR THE PROPOSITION - YES",,0,0,0,0,,
9/14/2021,"540311","GRAHAM-DUSTIN PUBLIC SCHOOLS INDEPENDENT SCHOOL DISTRICT NO. 054",55401,"PROPOSITION NO. 1  GRAHAM-DUSTIN PUBLIC SCHOOLS",,8,8,2,"AGAINST THE PROPOSITION - NO",,0,0,0,0,,
9/14/2021,"540311","GRAHAM-DUSTIN PUBLIC SCHOOLS INDEPENDENT SCHOOL DISTRICT NO. 054",55402,"PROPOSITION NO. 2  GRAHAM-DUSTIN PUBLIC SCHOOLS",,8,8,1,"FOR THE PROPOSITION - YES",,0,0,0,0,,
9/14/2021,"540311","GRAHAM-DUSTIN PUBLIC SCHOOLS INDEPENDENT SCHOOL DISTRICT NO. 054",55402,"PROPOSITION NO. 2  GRAHAM-DUSTIN PUBLIC SCHOOLS",,8,8,2,"AGAINST THE PROPOSITION - NO",,0,0,0,0,,
9/14/2021,"540312","WETUMKA PUBLIC SCHOOLS INDEPENDENT SCHOOL DISTRICT NO. 005",53201,"PROPOSITION  WETUMKA PUBLIC SCHOOLS",,5,5,1,"FOR THE PROPOSITION - YES",,0,0,0,0,,
9/14/2021,"540312","WETUMKA PUBLIC SCHOOLS INDEPENDENT SCHOOL DISTRICT NO. 005",53201,"PROPOSITION  WETUMKA PUBLIC SCHOOLS",,5,5,2,"AGAINST THE PROPOSITION - NO",,0,0,0,0,,
9/14/2021,"540312","GRAHAM-DUSTIN PUBLIC SCHOOLS INDEPENDENT SCHOOL DISTRICT NO. 054",55401,"PROPOSITION NO. 1  GRAHAM-DUSTIN PUBLIC SCHOOLS",,8,8,1,"FOR THE PROPOSITION - YES",,0,0,0,0,,
9/14/2021,"540312","GRAHAM-DUSTIN PUBLIC SCHOOLS INDEPENDENT SCHOOL DISTRICT NO. 054",55401,"PROPOSITION NO. 1  GRAHAM-DUSTIN PUBLIC SCHOOLS",,8,8,2,"AGAINST THE PROPOSITION - NO",,0,3,0,3,,
9/14/2021,"540312","GRAHAM-DUSTIN PUBLIC SCHOOLS INDEPENDENT SCHOOL DISTRICT NO. 054",55402,"PROPOSITION NO. 2  GRAHAM-DUSTIN PUBLIC SCHOOLS",,8,8,1,"FOR THE PROPOSITION - YES",,0,0,0,0,,
9/14/2021,"540312","GRAHAM-DUSTIN PUBLIC SCHOOLS INDEPENDENT SCHOOL DISTRICT NO. 054",55402,"PROPOSITION NO. 2  GRAHAM-DUSTIN PUBLIC SCHOOLS",,8,8,2,"AGAINST THE PROPOSITION - NO",,0,3,0,3,,
9/14/2021,"540313","GRAHAM-DUSTIN PUBLIC SCHOOLS INDEPENDENT SCHOOL DISTRICT NO. 054",55401,"PROPOSITION NO. 1  GRAHAM-DUSTIN PUBLIC SCHOOLS",,8,8,1,"FOR THE PROPOSITION - YES",,0,0,10,10,,
9/14/2021,"540313","GRAHAM-DUSTIN PUBLIC SCHOOLS INDEPENDENT SCHOOL DISTRICT NO. 054",55401,"PROPOSITION NO. 1  GRAHAM-DUSTIN PUBLIC SCHOOLS",,8,8,2,"AGAINST THE PROPOSITION - NO",,0,0,11,11,,
9/14/2021,"540313","GRAHAM-DUSTIN PUBLIC SCHOOLS INDEPENDENT SCHOOL DISTRICT NO. 054",55402,"PROPOSITION NO. 2  GRAHAM-DUSTIN PUBLIC SCHOOLS",,8,8,1,"FOR THE PROPOSITION - YES",,0,0,11,11,,
9/14/2021,"540313","GRAHAM-DUSTIN PUBLIC SCHOOLS INDEPENDENT SCHOOL DISTRICT NO. 054",55402,"PROPOSITION NO. 2  GRAHAM-DUSTIN PUBLIC SCHOOLS",,8,8,2,"AGAINST THE PROPOSITION - NO",,0,0,10,10,,
9/14/2021,"560013","OKMULGEE COUNTY",11001,"FOR COUNTY COMMISSIONER DISTRICT NO. 3 (UNEXPIRED TERM)",REP,10,10,1,"DAVID BERRY",REP,0,0,1,1,OKMULGEE
9/14/2021,"560013","OKMULGEE COUNTY",11001,"FOR COUNTY COMMISSIONER DISTRICT NO. 3 (UNEXPIRED TERM)",REP,10,10,2,"KATHY GEORGE SPEARS",REP,0,0,8,8,OKMULGEE
9/14/2021,"560013","OKMULGEE COUNTY",11001,"FOR COUNTY COMMISSIONER DISTRICT NO. 3 (UNEXPIRED TERM)",REP,10,10,3,"MATT RICHARDSON",REP,1,0,13,14,OKMULGEE
9/14/2021,"560013","OKMULGEE COUNTY",13001,"FOR COUNTY COMMISSIONER DISTRICT NO. 3 (UNEXPIRED TERM)",DEM,10,10,1,"MICHAEL A. WALLACE",DEM,0,0,6,6,OKMULGEE
9/14/2021,"560013","OKMULGEE COUNTY",13001,"FOR COUNTY COMMISSIONER DISTRICT NO. 3 (UNEXPIRED TERM)",DEM,10,10,2,"GERALD KENT BARDIN",DEM,0,0,13,13,OKMULGEE
9/14/2021,"560013","OKMULGEE COUNTY",13001,"FOR COUNTY COMMISSIONER DISTRICT NO. 3 (UNEXPIRED TERM)",DEM,10,10,3,"DAN ARTUSSEE",DEM,3,1,39,43,OKMULGEE
9/14/2021,"560014","OKMULGEE COUNTY",11001,"FOR COUNTY COMMISSIONER DISTRICT NO. 3 (UNEXPIRED TERM)",REP,10,10,1,"DAVID BERRY",REP,0,0,5,5,OKMULGEE
9/14/2021,"560014","OKMULGEE COUNTY",11001,"FOR COUNTY COMMISSIONER DISTRICT NO. 3 (UNEXPIRED TERM)",REP,10,10,2,"KATHY GEORGE SPEARS",REP,0,0,8,8,OKMULGEE
9/14/2021,"560014","OKMULGEE COUNTY",11001,"FOR COUNTY COMMISSIONER DISTRICT NO. 3 (UNEXPIRED TERM)",REP,10,10,3,"MATT RICHARDSON",REP,0,0,4,4,OKMULGEE
9/14/2021,"560014","OKMULGEE COUNTY",13001,"FOR COUNTY COMMISSIONER DISTRICT NO. 3 (UNEXPIRED TERM)",DEM,10,10,1,"MICHAEL A. WALLACE",DEM,0,0,3,3,OKMULGEE
9/14/2021,"560014","OKMULGEE COUNTY",13001,"FOR COUNTY COMMISSIONER DISTRICT NO. 3 (UNEXPIRED TERM)",DEM,10,10,2,"GERALD KENT BARDIN",DEM,0,0,4,4,OKMULGEE
9/14/2021,"560014","OKMULGEE COUNTY",13001,"FOR COUNTY COMMISSIONER DISTRICT NO. 3 (UNEXPIRED TERM)",DEM,10,10,3,"DAN ARTUSSEE",DEM,0,2,10,12,OKMULGEE
9/14/2021,"560015","OKMULGEE COUNTY",11001,"FOR COUNTY COMMISSIONER DISTRICT NO. 3 (UNEXPIRED TERM)",REP,10,10,1,"DAVID BERRY",REP,1,0,13,14,OKMULGEE
9/14/2021,"560015","OKMULGEE COUNTY",11001,"FOR COUNTY COMMISSIONER DISTRICT NO. 3 (UNEXPIRED TERM)",REP,10,10,2,"KATHY GEORGE SPEARS",REP,2,0,5,7,OKMULGEE
9/14/2021,"560015","OKMULGEE COUNTY",11001,"FOR COUNTY COMMISSIONER DISTRICT NO. 3 (UNEXPIRED TERM)",REP,10,10,3,"MATT RICHARDSON",REP,1,1,25,27,OKMULGEE
9/14/2021,"560015","OKMULGEE COUNTY",13001,"FOR COUNTY COMMISSIONER DISTRICT NO. 3 (UNEXPIRED TERM)",DEM,10,10,1,"MICHAEL A. WALLACE",DEM,3,0,8,11,OKMULGEE
9/14/2021,"560015","OKMULGEE COUNTY",13001,"FOR COUNTY COMMISSIONER DISTRICT NO. 3 (UNEXPIRED TERM)",DEM,10,10,2,"GERALD KENT BARDIN",DEM,0,0,5,5,OKMULGEE
9/14/2021,"560015","OKMULGEE COUNTY",13001,"FOR COUNTY COMMISSIONER DISTRICT NO. 3 (UNEXPIRED TERM)",DEM,10,10,3,"DAN ARTUSSEE",DEM,8,1,49,58,OKMULGEE
9/14/2021,"560016","OKMULGEE COUNTY",11001,"FOR COUNTY COMMISSIONER DISTRICT NO. 3 (UNEXPIRED TERM)",REP,10,10,1,"DAVID BERRY",REP,0,0,6,6,OKMULGEE
9/14/2021,"560016","OKMULGEE COUNTY",11001,"FOR COUNTY COMMISSIONER DISTRICT NO. 3 (UNEXPIRED TERM)",REP,10,10,2,"KATHY GEORGE SPEARS",REP,0,1,9,10,OKMULGEE
9/14/2021,"560016","OKMULGEE COUNTY",11001,"FOR COUNTY COMMISSIONER DISTRICT NO. 3 (UNEXPIRED TERM)",REP,10,10,3,"MATT RICHARDSON",REP,1,0,25,26,OKMULGEE
9/14/2021,"560016","OKMULGEE COUNTY",13001,"FOR COUNTY COMMISSIONER DISTRICT NO. 3 (UNEXPIRED TERM)",DEM,10,10,1,"MICHAEL A. WALLACE",DEM,2,0,4,6,OKMULGEE
9/14/2021,"560016","OKMULGEE COUNTY",13001,"FOR COUNTY COMMISSIONER DISTRICT NO. 3 (UNEXPIRED TERM)",DEM,10,10,2,"GERALD KENT BARDIN",DEM,0,0,11,11,OKMULGEE
9/14/2021,"560016","OKMULGEE COUNTY",13001,"FOR COUNTY COMMISSIONER DISTRICT NO. 3 (UNEXPIRED TERM)",DEM,10,10,3,"DAN ARTUSSEE",DEM,8,1,48,57,OKMULGEE
9/14/2021,"560018","OKMULGEE COUNTY",11001,"FOR COUNTY COMMISSIONER DISTRICT NO. 3 (UNEXPIRED TERM)",REP,10,10,1,"DAVID BERRY",REP,0,0,5,5,OKMULGEE
9/14/2021,"560018","OKMULGEE COUNTY",11001,"FOR COUNTY COMMISSIONER DISTRICT NO. 3 (UNEXPIRED TERM)",REP,10,10,2,"KATHY GEORGE SPEARS",REP,0,2,14,16,OKMULGEE
9/14/2021,"560018","OKMULGEE COUNTY",11001,"FOR COUNTY COMMISSIONER DISTRICT NO. 3 (UNEXPIRED TERM)",REP,10,10,3,"MATT RICHARDSON",REP,0,2,5,7,OKMULGEE
9/14/2021,"560018","OKMULGEE COUNTY",13001,"FOR COUNTY COMMISSIONER DISTRICT NO. 3 (UNEXPIRED TERM)",DEM,10,10,1,"MICHAEL A. WALLACE",DEM,3,0,5,8,OKMULGEE
9/14/2021,"560018","OKMULGEE COUNTY",13001,"FOR COUNTY COMMISSIONER DISTRICT NO. 3 (UNEXPIRED TERM)",DEM,10,10,2,"GERALD KENT BARDIN",DEM,0,0,4,4,OKMULGEE
9/14/2021,"560018","OKMULGEE COUNTY",13001,"FOR COUNTY COMMISSIONER DISTRICT NO. 3 (UNEXPIRED TERM)",DEM,10,10,3,"DAN ARTUSSEE",DEM,4,1,37,42,OKMULGEE
9/14/2021,"560018","CHECOTAH PUBLIC SCHOOLS INDEPENDENT SCHOOL DISTRICT NO. 019",54601,"PROPOSITION  CHECOTAH PUBLIC SCHOOLS",,9,9,1,"FOR THE PROPOSITION - YES",,0,0,4,4,,
9/14/2021,"560018","CHECOTAH PUBLIC SCHOOLS INDEPENDENT SCHOOL DISTRICT NO. 019",54601,"PROPOSITION  CHECOTAH PUBLIC SCHOOLS",,9,9,2,"AGAINST THE PROPOSITION - NO",,0,0,0,0,,
9/14/2021,"560018","GRAHAM-DUSTIN PUBLIC SCHOOLS INDEPENDENT SCHOOL DISTRICT NO. 054",55401,"PROPOSITION NO. 1  GRAHAM-DUSTIN PUBLIC SCHOOLS",,8,8,1,"FOR THE PROPOSITION - YES",,0,2,5,7,,
9/14/2021,"560018","GRAHAM-DUSTIN PUBLIC SCHOOLS INDEPENDENT SCHOOL DISTRICT NO. 054",55401,"PROPOSITION NO. 1  GRAHAM-DUSTIN PUBLIC SCHOOLS",,8,8,2,"AGAINST THE PROPOSITION - NO",,0,0,5,5,,
9/14/2021,"560018","GRAHAM-DUSTIN PUBLIC SCHOOLS INDEPENDENT SCHOOL DISTRICT NO. 054",55402,"PROPOSITION NO. 2  GRAHAM-DUSTIN PUBLIC SCHOOLS",,8,8,1,"FOR THE PROPOSITION - YES",,0,2,5,7,,
9/14/2021,"560018","GRAHAM-DUSTIN PUBLIC SCHOOLS INDEPENDENT SCHOOL DISTRICT NO. 054",55402,"PROPOSITION NO. 2  GRAHAM-DUSTIN PUBLIC SCHOOLS",,8,8,2,"AGAINST THE PROPOSITION - NO",,0,0,5,5,,
9/14/2021,"560019","OKMULGEE COUNTY",11001,"FOR COUNTY COMMISSIONER DISTRICT NO. 3 (UNEXPIRED TERM)",REP,10,10,1,"DAVID BERRY",REP,0,0,1,1,OKMULGEE
9/14/2021,"560019","OKMULGEE COUNTY",11001,"FOR COUNTY COMMISSIONER DISTRICT NO. 3 (UNEXPIRED TERM)",REP,10,10,2,"KATHY GEORGE SPEARS",REP,0,0,3,3,OKMULGEE
9/14/2021,"560019","OKMULGEE COUNTY",11001,"FOR COUNTY COMMISSIONER DISTRICT NO. 3 (UNEXPIRED TERM)",REP,10,10,3,"MATT RICHARDSON",REP,0,1,11,12,OKMULGEE
9/14/2021,"560019","OKMULGEE COUNTY",13001,"FOR COUNTY COMMISSIONER DISTRICT NO. 3 (UNEXPIRED TERM)",DEM,10,10,1,"MICHAEL A. WALLACE",DEM,0,0,5,5,OKMULGEE
9/14/2021,"560019","OKMULGEE COUNTY",13001,"FOR COUNTY COMMISSIONER DISTRICT NO. 3 (UNEXPIRED TERM)",DEM,10,10,2,"GERALD KENT BARDIN",DEM,1,0,2,3,OKMULGEE
9/14/2021,"560019","OKMULGEE COUNTY",13001,"FOR COUNTY COMMISSIONER DISTRICT NO. 3 (UNEXPIRED TERM)",DEM,10,10,3,"DAN ARTUSSEE",DEM,4,0,30,34,OKMULGEE
9/14/2021,"560020","CITY OF BEGGS",45601,"FOR COUNCILMEMBER, WARD NO. 4 (UNEXPIRED TERM)  CITY OF BEGGS",,3,3,1,"DONALD W GOSWICK",,0,0,11,11,,
9/14/2021,"560020","CITY OF BEGGS",45601,"FOR COUNCILMEMBER, WARD NO. 4 (UNEXPIRED TERM)  CITY OF BEGGS",,3,3,2,"RICK MITCHELL",,1,0,61,62,,
9/14/2021,"560020","CITY OF BEGGS",45601,"FOR COUNCILMEMBER, WARD NO. 4 (UNEXPIRED TERM)  CITY OF BEGGS",,3,3,3,"BECKY K WILSON - HOLDEN",,0,0,95,95,,
9/14/2021,"560020","BEGGS PUBLIC SCHOOLS INDEPENDENT SCHOOL DISTRICT NO. 004",55601,"PROPOSITION NO. 1  BEGGS PUBLIC SCHOOLS",,5,5,1,"FOR THE PROPOSITION - YES",,9,1,232,242,,
9/14/2021,"560020","BEGGS PUBLIC SCHOOLS INDEPENDENT SCHOOL DISTRICT NO. 004",55601,"PROPOSITION NO. 1  BEGGS PUBLIC SCHOOLS",,5,5,2,"AGAINST THE PROPOSITION - NO",,8,1,51,60,,
9/14/2021,"560020","BEGGS PUBLIC SCHOOLS INDEPENDENT SCHOOL DISTRICT NO. 004",55602,"PROPOSITION NO. 2  BEGGS PUBLIC SCHOOLS",,5,5,1,"FOR THE PROPOSITION - YES",,9,2,227,238,,
9/14/2021,"560020","BEGGS PUBLIC SCHOOLS INDEPENDENT SCHOOL DISTRICT NO. 004",55602,"PROPOSITION NO. 2  BEGGS PUBLIC SCHOOLS",,5,5,2,"AGAINST THE PROPOSITION - NO",,8,0,56,64,,
9/14/2021,"560021","OKMULGEE COUNTY",11001,"FOR COUNTY COMMISSIONER DISTRICT NO. 3 (UNEXPIRED TERM)",REP,10,10,1,"DAVID BERRY",REP,0,0,0,0,OKMULGEE
9/14/2021,"560021","OKMULGEE COUNTY",11001,"FOR COUNTY COMMISSIONER DISTRICT NO. 3 (UNEXPIRED TERM)",REP,10,10,2,"KATHY GEORGE SPEARS",REP,0,0,6,6,OKMULGEE
9/14/2021,"560021","OKMULGEE COUNTY",11001,"FOR COUNTY COMMISSIONER DISTRICT NO. 3 (UNEXPIRED TERM)",REP,10,10,3,"MATT RICHARDSON",REP,0,0,4,4,OKMULGEE
9/14/2021,"560021","OKMULGEE COUNTY",13001,"FOR COUNTY COMMISSIONER DISTRICT NO. 3 (UNEXPIRED TERM)",DEM,10,10,1,"MICHAEL A. WALLACE",DEM,0,1,41,42,OKMULGEE
9/14/2021,"560021","OKMULGEE COUNTY",13001,"FOR COUNTY COMMISSIONER DISTRICT NO. 3 (UNEXPIRED TERM)",DEM,10,10,2,"GERALD KENT BARDIN",DEM,1,0,3,4,OKMULGEE
9/14/2021,"560021","OKMULGEE COUNTY",13001,"FOR COUNTY COMMISSIONER DISTRICT NO. 3 (UNEXPIRED TERM)",DEM,10,10,3,"DAN ARTUSSEE",DEM,0,0,19,19,OKMULGEE
9/14/2021,"560026","OKMULGEE COUNTY",11001,"FOR COUNTY COMMISSIONER DISTRICT NO. 3 (UNEXPIRED TERM)",REP,10,10,1,"DAVID BERRY",REP,0,1,3,4,OKMULGEE
9/14/2021,"560026","OKMULGEE COUNTY",11001,"FOR COUNTY COMMISSIONER DISTRICT NO. 3 (UNEXPIRED TERM)",REP,10,10,2,"KATHY GEORGE SPEARS",REP,0,1,35,36,OKMULGEE
9/14/2021,"560026","OKMULGEE COUNTY",11001,"FOR COUNTY COMMISSIONER DISTRICT NO. 3 (UNEXPIRED TERM)",REP,10,10,3,"MATT RICHARDSON",REP,1,3,15,19,OKMULGEE
9/14/2021,"560026","OKMULGEE COUNTY",13001,"FOR COUNTY COMMISSIONER DISTRICT NO. 3 (UNEXPIRED TERM)",DEM,10,10,1,"MICHAEL A. WALLACE",DEM,1,0,32,33,OKMULGEE
9/14/2021,"560026","OKMULGEE COUNTY",13001,"FOR COUNTY COMMISSIONER DISTRICT NO. 3 (UNEXPIRED TERM)",DEM,10,10,2,"GERALD KENT BARDIN",DEM,0,2,6,8,OKMULGEE
9/14/2021,"560026","OKMULGEE COUNTY",13001,"FOR COUNTY COMMISSIONER DISTRICT NO. 3 (UNEXPIRED TERM)",DEM,10,10,3,"DAN ARTUSSEE",DEM,0,0,7,7,OKMULGEE
9/14/2021,"560029","CITY OF BEGGS",45601,"FOR COUNCILMEMBER, WARD NO. 4 (UNEXPIRED TERM)  CITY OF BEGGS",,3,3,1,"DONALD W GOSWICK",,0,0,0,0,,
9/14/2021,"560029","CITY OF BEGGS",45601,"FOR COUNCILMEMBER, WARD NO. 4 (UNEXPIRED TERM)  CITY OF BEGGS",,3,3,2,"RICK MITCHELL",,0,0,0,0,,
9/14/2021,"560029","CITY OF BEGGS",45601,"FOR COUNCILMEMBER, WARD NO. 4 (UNEXPIRED TERM)  CITY OF BEGGS",,3,3,3,"BECKY K WILSON - HOLDEN",,1,0,0,1,,
9/14/2021,"560029","BEGGS PUBLIC SCHOOLS INDEPENDENT SCHOOL DISTRICT NO. 004",55601,"PROPOSITION NO. 1  BEGGS PUBLIC SCHOOLS",,5,5,1,"FOR THE PROPOSITION - YES",,2,0,20,22,,
9/14/2021,"560029","BEGGS PUBLIC SCHOOLS INDEPENDENT SCHOOL DISTRICT NO. 004",55601,"PROPOSITION NO. 1  BEGGS PUBLIC SCHOOLS",,5,5,2,"AGAINST THE PROPOSITION - NO",,6,0,16,22,,
9/14/2021,"560029","BEGGS PUBLIC SCHOOLS INDEPENDENT SCHOOL DISTRICT NO. 004",55602,"PROPOSITION NO. 2  BEGGS PUBLIC SCHOOLS",,5,5,1,"FOR THE PROPOSITION - YES",,2,0,25,27,,
9/14/2021,"560029","BEGGS PUBLIC SCHOOLS INDEPENDENT SCHOOL DISTRICT NO. 004",55602,"PROPOSITION NO. 2  BEGGS PUBLIC SCHOOLS",,5,5,2,"AGAINST THE PROPOSITION - NO",,6,0,10,16,,
9/14/2021,"560031","BEGGS PUBLIC SCHOOLS INDEPENDENT SCHOOL DISTRICT NO. 004",55601,"PROPOSITION NO. 1  BEGGS PUBLIC SCHOOLS",,5,5,1,"FOR THE PROPOSITION - YES",,0,0,9,9,,
9/14/2021,"560031","BEGGS PUBLIC SCHOOLS INDEPENDENT SCHOOL DISTRICT NO. 004",55601,"PROPOSITION NO. 1  BEGGS PUBLIC SCHOOLS",,5,5,2,"AGAINST THE PROPOSITION - NO",,0,0,7,7,,
9/14/2021,"560031","BEGGS PUBLIC SCHOOLS INDEPENDENT SCHOOL DISTRICT NO. 004",55602,"PROPOSITION NO. 2  BEGGS PUBLIC SCHOOLS",,5,5,1,"FOR THE PROPOSITION - YES",,0,0,9,9,,
9/14/2021,"560031","BEGGS PUBLIC SCHOOLS INDEPENDENT SCHOOL DISTRICT NO. 004",55602,"PROPOSITION NO. 2  BEGGS PUBLIC SCHOOLS",,5,5,2,"AGAINST THE PROPOSITION - NO",,0,0,7,7,,
9/14/2021,"560032","BEGGS PUBLIC SCHOOLS INDEPENDENT SCHOOL DISTRICT NO. 004",55601,"PROPOSITION NO. 1  BEGGS PUBLIC SCHOOLS",,5,5,1,"FOR THE PROPOSITION - YES",,0,0,2,2,,
9/14/2021,"560032","BEGGS PUBLIC SCHOOLS INDEPENDENT SCHOOL DISTRICT NO. 004",55601,"PROPOSITION NO. 1  BEGGS PUBLIC SCHOOLS",,5,5,2,"AGAINST THE PROPOSITION - NO",,0,0,0,0,,
9/14/2021,"560032","BEGGS PUBLIC SCHOOLS INDEPENDENT SCHOOL DISTRICT NO. 004",55602,"PROPOSITION NO. 2  BEGGS PUBLIC SCHOOLS",,5,5,1,"FOR THE PROPOSITION - YES",,0,0,2,2,,
9/14/2021,"560032","BEGGS PUBLIC SCHOOLS INDEPENDENT SCHOOL DISTRICT NO. 004",55602,"PROPOSITION NO. 2  BEGGS PUBLIC SCHOOLS",,5,5,2,"AGAINST THE PROPOSITION - NO",,0,0,0,0,,
9/14/2021,"560033","CITY OF BEGGS",45601,"FOR COUNCILMEMBER, WARD NO. 4 (UNEXPIRED TERM)  CITY OF BEGGS",,3,3,1,"DONALD W GOSWICK",,0,0,1,1,,
9/14/2021,"560033","CITY OF BEGGS",45601,"FOR COUNCILMEMBER, WARD NO. 4 (UNEXPIRED TERM)  CITY OF BEGGS",,3,3,2,"RICK MITCHELL",,0,0,2,2,,
9/14/2021,"560033","CITY OF BEGGS",45601,"FOR COUNCILMEMBER, WARD NO. 4 (UNEXPIRED TERM)  CITY OF BEGGS",,3,3,3,"BECKY K WILSON - HOLDEN",,0,0,7,7,,
9/14/2021,"560033","BEGGS PUBLIC SCHOOLS INDEPENDENT SCHOOL DISTRICT NO. 004",55601,"PROPOSITION NO. 1  BEGGS PUBLIC SCHOOLS",,5,5,1,"FOR THE PROPOSITION - YES",,0,0,7,7,,
9/14/2021,"560033","BEGGS PUBLIC SCHOOLS INDEPENDENT SCHOOL DISTRICT NO. 004",55601,"PROPOSITION NO. 1  BEGGS PUBLIC SCHOOLS",,5,5,2,"AGAINST THE PROPOSITION - NO",,0,0,2,2,,
9/14/2021,"560033","BEGGS PUBLIC SCHOOLS INDEPENDENT SCHOOL DISTRICT NO. 004",55602,"PROPOSITION NO. 2  BEGGS PUBLIC SCHOOLS",,5,5,1,"FOR THE PROPOSITION - YES",,0,0,8,8,,
9/14/2021,"560033","BEGGS PUBLIC SCHOOLS INDEPENDENT SCHOOL DISTRICT NO. 004",55602,"PROPOSITION NO. 2  BEGGS PUBLIC SCHOOLS",,5,5,2,"AGAINST THE PROPOSITION - NO",,0,0,2,2,,
9/14/2021,"560035","OKMULGEE COUNTY",11001,"FOR COUNTY COMMISSIONER DISTRICT NO. 3 (UNEXPIRED TERM)",REP,10,10,1,"DAVID BERRY",REP,0,0,3,3,OKMULGEE
9/14/2021,"560035","OKMULGEE COUNTY",11001,"FOR COUNTY COMMISSIONER DISTRICT NO. 3 (UNEXPIRED TERM)",REP,10,10,2,"KATHY GEORGE SPEARS",REP,0,2,28,30,OKMULGEE
9/14/2021,"560035","OKMULGEE COUNTY",11001,"FOR COUNTY COMMISSIONER DISTRICT NO. 3 (UNEXPIRED TERM)",REP,10,10,3,"MATT RICHARDSON",REP,0,0,12,12,OKMULGEE
9/14/2021,"560035","OKMULGEE COUNTY",13001,"FOR COUNTY COMMISSIONER DISTRICT NO. 3 (UNEXPIRED TERM)",DEM,10,10,1,"MICHAEL A. WALLACE",DEM,0,0,7,7,OKMULGEE
9/14/2021,"560035","OKMULGEE COUNTY",13001,"FOR COUNTY COMMISSIONER DISTRICT NO. 3 (UNEXPIRED TERM)",DEM,10,10,2,"GERALD KENT BARDIN",DEM,0,0,6,6,OKMULGEE
9/14/2021,"560035","OKMULGEE COUNTY",13001,"FOR COUNTY COMMISSIONER DISTRICT NO. 3 (UNEXPIRED TERM)",DEM,10,10,3,"DAN ARTUSSEE",DEM,1,0,30,31,OKMULGEE
9/14/2021,"560038","OKMULGEE COUNTY",11001,"FOR COUNTY COMMISSIONER DISTRICT NO. 3 (UNEXPIRED TERM)",REP,10,10,1,"DAVID BERRY",REP,0,0,2,2,OKMULGEE
9/14/2021,"560038","OKMULGEE COUNTY",11001,"FOR COUNTY COMMISSIONER DISTRICT NO. 3 (UNEXPIRED TERM)",REP,10,10,2,"KATHY GEORGE SPEARS",REP,0,2,13,15,OKMULGEE
9/14/2021,"560038","OKMULGEE COUNTY",11001,"FOR COUNTY COMMISSIONER DISTRICT NO. 3 (UNEXPIRED TERM)",REP,10,10,3,"MATT RICHARDSON",REP,0,0,7,7,OKMULGEE
9/14/2021,"560038","OKMULGEE COUNTY",13001,"FOR COUNTY COMMISSIONER DISTRICT NO. 3 (UNEXPIRED TERM)",DEM,10,10,1,"MICHAEL A. WALLACE",DEM,0,0,2,2,OKMULGEE
9/14/2021,"560038","OKMULGEE COUNTY",13001,"FOR COUNTY COMMISSIONER DISTRICT NO. 3 (UNEXPIRED TERM)",DEM,10,10,2,"GERALD KENT BARDIN",DEM,0,0,2,2,OKMULGEE
9/14/2021,"560038","OKMULGEE COUNTY",13001,"FOR COUNTY COMMISSIONER DISTRICT NO. 3 (UNEXPIRED TERM)",DEM,10,10,3,"DAN ARTUSSEE",DEM,1,0,18,19,OKMULGEE
9/14/2021,"590104","PAWNEE PUBLIC SCHOOLS INDEPENDENT SCHOOL DISTRICT NO. 001",55901,"PROPOSITION  PAWNEE PUBLIC SCHOOLS",,3,3,1,"FOR THE PROPOSITION - YES",,4,36,123,163,,
9/14/2021,"590104","PAWNEE PUBLIC SCHOOLS INDEPENDENT SCHOOL DISTRICT NO. 001",55901,"PROPOSITION  PAWNEE PUBLIC SCHOOLS",,3,3,2,"AGAINST THE PROPOSITION - NO",,0,5,49,54,,
9/14/2021,"590202","CITY OF PAWNEE",45901,"FOR MAYOR (UNEXPIRED TERM)  CITY OF PAWNEE",,1,1,1,"MARK BRUMFIELD",,6,29,165,200,,
9/14/2021,"590202","CITY OF PAWNEE",45901,"FOR MAYOR (UNEXPIRED TERM)  CITY OF PAWNEE",,1,1,2,"ALICE ELIZABETH COTTLE",,3,48,226,277,,
9/14/2021,"590202","PAWNEE PUBLIC SCHOOLS INDEPENDENT SCHOOL DISTRICT NO. 001",55901,"PROPOSITION  PAWNEE PUBLIC SCHOOLS",,3,3,1,"FOR THE PROPOSITION - YES",,9,86,423,518,,
9/14/2021,"590202","PAWNEE PUBLIC SCHOOLS INDEPENDENT SCHOOL DISTRICT NO. 001",55901,"PROPOSITION  PAWNEE PUBLIC SCHOOLS",,3,3,2,"AGAINST THE PROPOSITION - NO",,5,20,146,171,,
9/14/2021,"590215","PAWNEE PUBLIC SCHOOLS INDEPENDENT SCHOOL DISTRICT NO. 001",55901,"PROPOSITION  PAWNEE PUBLIC SCHOOLS",,3,3,1,"FOR THE PROPOSITION - YES",,0,2,2,4,,
9/14/2021,"590215","PAWNEE PUBLIC SCHOOLS INDEPENDENT SCHOOL DISTRICT NO. 001",55901,"PROPOSITION  PAWNEE PUBLIC SCHOOLS",,3,3,2,"AGAINST THE PROPOSITION - NO",,0,0,1,1,,
9/14/2021,"590307","PAWNEE COUNTY",11002,"FOR COUNTY COMMISSIONER DISTRICT NO. 3 (UNEXPIRED TERM)",REP,3,3,1,"BARRY DONNELLY",REP,0,2,40,42,PAWNEE
9/14/2021,"590307","PAWNEE COUNTY",11002,"FOR COUNTY COMMISSIONER DISTRICT NO. 3 (UNEXPIRED TERM)",REP,3,3,2,"RAYMOND LEACH",REP,0,0,31,31,PAWNEE
9/14/2021,"590309","PAWNEE COUNTY",11002,"FOR COUNTY COMMISSIONER DISTRICT NO. 3 (UNEXPIRED TERM)",REP,3,3,1,"BARRY DONNELLY",REP,0,1,11,12,PAWNEE
9/14/2021,"590309","PAWNEE COUNTY",11002,"FOR COUNTY COMMISSIONER DISTRICT NO. 3 (UNEXPIRED TERM)",REP,3,3,2,"RAYMOND LEACH",REP,0,0,19,19,PAWNEE
9/14/2021,"590314","PAWNEE COUNTY",11002,"FOR COUNTY COMMISSIONER DISTRICT NO. 3 (UNEXPIRED TERM)",REP,3,3,1,"BARRY DONNELLY",REP,0,2,45,47,PAWNEE
9/14/2021,"590314","PAWNEE COUNTY",11002,"FOR COUNTY COMMISSIONER DISTRICT NO. 3 (UNEXPIRED TERM)",REP,3,3,2,"RAYMOND LEACH",REP,0,0,45,45,PAWNEE
9/14/2021,"600104","OAK GROVE PUBLIC SCHOOL ELEMENTARY SCHOOL DISTRICT NO. 104",56001,"PROPOSITION  OAK GROVE PUBLIC SCHOOL",,2,2,1,"FOR THE PROPOSITION - YES",,0,0,57,57,,
9/14/2021,"600104","OAK GROVE PUBLIC SCHOOL ELEMENTARY SCHOOL DISTRICT NO. 104",56001,"PROPOSITION  OAK GROVE PUBLIC SCHOOL",,2,2,2,"AGAINST THE PROPOSITION - NO",,0,0,1,1,,
9/14/2021,"610008","CITY OF MCALESTER",46103,"FOR COUNCILMAN WARD 4 (UNEXPIRED TERM)  CITY OF MCALESTER",,5,5,1,"LANCE YELEY",,0,0,1,1,,
9/14/2021,"610008","CITY OF MCALESTER",46103,"FOR COUNCILMAN WARD 4 (UNEXPIRED TERM)  CITY OF MCALESTER",,5,5,2,"RANDY RODEN",,1,0,15,16,,
9/14/2021,"610011","CITY OF MCALESTER",46103,"FOR COUNCILMAN WARD 4 (UNEXPIRED TERM)  CITY OF MCALESTER",,5,5,1,"LANCE YELEY",,0,0,49,49,,
9/14/2021,"610011","CITY OF MCALESTER",46103,"FOR COUNCILMAN WARD 4 (UNEXPIRED TERM)  CITY OF MCALESTER",,5,5,2,"RANDY RODEN",,4,6,100,110,,
9/14/2021,"610020","CITY OF HARTSHORNE",46101,"FOR COUNCILMEMBER, WARD NO. 2 (UNEXPIRED TERM)  CITY OF HARTSHORNE",,4,4,1,"BARNEY ROSSO",,0,0,0,0,,
9/14/2021,"610020","CITY OF HARTSHORNE",46101,"FOR COUNCILMEMBER, WARD NO. 2 (UNEXPIRED TERM)  CITY OF HARTSHORNE",,4,4,2,"CODY WILSON",,0,0,0,0,,
9/14/2021,"610026","QUINTON PUBLIC SCHOOLS INDEPENDENT SCHOOL DISTRICT NO. 017",56101,"PROPOSITION  QUINTON PUBLIC SCHOOLS",,5,5,1,"FOR THE PROPOSITION - YES",,0,0,2,2,,
9/14/2021,"610026","QUINTON PUBLIC SCHOOLS INDEPENDENT SCHOOL DISTRICT NO. 017",56101,"PROPOSITION  QUINTON PUBLIC SCHOOLS",,5,5,2,"AGAINST THE PROPOSITION - NO",,0,0,2,2,,
9/14/2021,"610027","QUINTON PUBLIC SCHOOLS INDEPENDENT SCHOOL DISTRICT NO. 017",56101,"PROPOSITION  QUINTON PUBLIC SCHOOLS",,5,5,1,"FOR THE PROPOSITION - YES",,0,0,3,3,,
9/14/2021,"610027","QUINTON PUBLIC SCHOOLS INDEPENDENT SCHOOL DISTRICT NO. 017",56101,"PROPOSITION  QUINTON PUBLIC SCHOOLS",,5,5,2,"AGAINST THE PROPOSITION - NO",,0,0,10,10,,
9/14/2021,"610033","CITY OF HARTSHORNE",46101,"FOR COUNCILMEMBER, WARD NO. 2 (UNEXPIRED TERM)  CITY OF HARTSHORNE",,4,4,1,"BARNEY ROSSO",,0,0,0,0,,
9/14/2021,"610033","CITY OF HARTSHORNE",46101,"FOR COUNCILMEMBER, WARD NO. 2 (UNEXPIRED TERM)  CITY OF HARTSHORNE",,4,4,2,"CODY WILSON",,0,0,0,0,,
9/14/2021,"610034","CITY OF HARTSHORNE",46101,"FOR COUNCILMEMBER, WARD NO. 2 (UNEXPIRED TERM)  CITY OF HARTSHORNE",,4,4,1,"BARNEY ROSSO",,0,0,12,12,,
9/14/2021,"610034","CITY OF HARTSHORNE",46101,"FOR COUNCILMEMBER, WARD NO. 2 (UNEXPIRED TERM)  CITY OF HARTSHORNE",,4,4,2,"CODY WILSON",,0,0,47,47,,
9/14/2021,"610035","CITY OF HARTSHORNE",46101,"FOR COUNCILMEMBER, WARD NO. 2 (UNEXPIRED TERM)  CITY OF HARTSHORNE",,4,4,1,"BARNEY ROSSO",,3,0,29,32,,
9/14/2021,"610035","CITY OF HARTSHORNE",46101,"FOR COUNCILMEMBER, WARD NO. 2 (UNEXPIRED TERM)  CITY OF HARTSHORNE",,4,4,2,"CODY WILSON",,0,4,51,55,,
9/14/2021,"610036","CITY OF MCALESTER",46103,"FOR COUNCILMAN WARD 4 (UNEXPIRED TERM)  CITY OF MCALESTER",,5,5,1,"LANCE YELEY",,1,0,1,2,,
9/14/2021,"610036","CITY OF MCALESTER",46103,"FOR COUNCILMAN WARD 4 (UNEXPIRED TERM)  CITY OF MCALESTER",,5,5,2,"RANDY RODEN",,0,0,0,0,,
9/14/2021,"610040","CITY OF MCALESTER",46103,"FOR COUNCILMAN WARD 4 (UNEXPIRED TERM)  CITY OF MCALESTER",,5,5,1,"LANCE YELEY",,0,0,0,0,,
9/14/2021,"610040","CITY OF MCALESTER",46103,"FOR COUNCILMAN WARD 4 (UNEXPIRED TERM)  CITY OF MCALESTER",,5,5,2,"RANDY RODEN",,0,0,0,0,,
9/14/2021,"610044","QUINTON PUBLIC SCHOOLS INDEPENDENT SCHOOL DISTRICT NO. 017",56101,"PROPOSITION  QUINTON PUBLIC SCHOOLS",,5,5,1,"FOR THE PROPOSITION - YES",,3,0,135,138,,
9/14/2021,"610044","QUINTON PUBLIC SCHOOLS INDEPENDENT SCHOOL DISTRICT NO. 017",56101,"PROPOSITION  QUINTON PUBLIC SCHOOLS",,5,5,2,"AGAINST THE PROPOSITION - NO",,4,3,84,91,,
9/14/2021,"610045","CITY OF MCALESTER",46103,"FOR COUNCILMAN WARD 4 (UNEXPIRED TERM)  CITY OF MCALESTER",,5,5,1,"LANCE YELEY",,0,0,0,0,,
9/14/2021,"610045","CITY OF MCALESTER",46103,"FOR COUNCILMAN WARD 4 (UNEXPIRED TERM)  CITY OF MCALESTER",,5,5,2,"RANDY RODEN",,0,0,0,0,,
9/14/2021,"610052","QUINTON PUBLIC SCHOOLS INDEPENDENT SCHOOL DISTRICT NO. 017",56101,"PROPOSITION  QUINTON PUBLIC SCHOOLS",,5,5,1,"FOR THE PROPOSITION - YES",,0,0,10,10,,
9/14/2021,"610052","QUINTON PUBLIC SCHOOLS INDEPENDENT SCHOOL DISTRICT NO. 017",56101,"PROPOSITION  QUINTON PUBLIC SCHOOLS",,5,5,2,"AGAINST THE PROPOSITION - NO",,0,0,2,2,,
9/14/2021,"620013","ADA PUBLIC SCHOOLS INDEPENDENT SCHOOL DISTRICT NO. 019",56201,"PROPOSITION NO. 1  ADA PUBLIC SCHOOLS",,8,8,1,"FOR THE PROPOSITION - YES",,2,1,135,138,,
9/14/2021,"620013","ADA PUBLIC SCHOOLS INDEPENDENT SCHOOL DISTRICT NO. 019",56201,"PROPOSITION NO. 1  ADA PUBLIC SCHOOLS",,8,8,2,"AGAINST THE PROPOSITION - NO",,4,1,67,72,,
9/14/2021,"620013","ADA PUBLIC SCHOOLS INDEPENDENT SCHOOL DISTRICT NO. 019",56202,"PROPOSITION NO. 2  ADA PUBLIC SCHOOLS",,8,8,1,"FOR THE PROPOSITION - YES",,2,1,140,143,,
9/14/2021,"620013","ADA PUBLIC SCHOOLS INDEPENDENT SCHOOL DISTRICT NO. 019",56202,"PROPOSITION NO. 2  ADA PUBLIC SCHOOLS",,8,8,2,"AGAINST THE PROPOSITION - NO",,4,1,63,68,,
9/14/2021,"620016","ADA PUBLIC SCHOOLS INDEPENDENT SCHOOL DISTRICT NO. 019",56201,"PROPOSITION NO. 1  ADA PUBLIC SCHOOLS",,8,8,1,"FOR THE PROPOSITION - YES",,5,2,87,94,,
9/14/2021,"620016","ADA PUBLIC SCHOOLS INDEPENDENT SCHOOL DISTRICT NO. 019",56201,"PROPOSITION NO. 1  ADA PUBLIC SCHOOLS",,8,8,2,"AGAINST THE PROPOSITION - NO",,1,0,31,32,,
9/14/2021,"620016","ADA PUBLIC SCHOOLS INDEPENDENT SCHOOL DISTRICT NO. 019",56202,"PROPOSITION NO. 2  ADA PUBLIC SCHOOLS",,8,8,1,"FOR THE PROPOSITION - YES",,5,2,93,100,,
9/14/2021,"620016","ADA PUBLIC SCHOOLS INDEPENDENT SCHOOL DISTRICT NO. 019",56202,"PROPOSITION NO. 2  ADA PUBLIC SCHOOLS",,8,8,2,"AGAINST THE PROPOSITION - NO",,1,0,28,29,,
9/14/2021,"620022","ADA PUBLIC SCHOOLS INDEPENDENT SCHOOL DISTRICT NO. 019",56201,"PROPOSITION NO. 1  ADA PUBLIC SCHOOLS",,8,8,1,"FOR THE PROPOSITION - YES",,4,0,89,93,,
9/14/2021,"620022","ADA PUBLIC SCHOOLS INDEPENDENT SCHOOL DISTRICT NO. 019",56201,"PROPOSITION NO. 1  ADA PUBLIC SCHOOLS",,8,8,2,"AGAINST THE PROPOSITION - NO",,3,2,28,33,,
9/14/2021,"620022","ADA PUBLIC SCHOOLS INDEPENDENT SCHOOL DISTRICT NO. 019",56202,"PROPOSITION NO. 2  ADA PUBLIC SCHOOLS",,8,8,1,"FOR THE PROPOSITION - YES",,4,0,92,96,,
9/14/2021,"620022","ADA PUBLIC SCHOOLS INDEPENDENT SCHOOL DISTRICT NO. 019",56202,"PROPOSITION NO. 2  ADA PUBLIC SCHOOLS",,8,8,2,"AGAINST THE PROPOSITION - NO",,3,2,27,32,,
9/14/2021,"620025","ADA PUBLIC SCHOOLS INDEPENDENT SCHOOL DISTRICT NO. 019",56201,"PROPOSITION NO. 1  ADA PUBLIC SCHOOLS",,8,8,1,"FOR THE PROPOSITION - YES",,3,0,14,17,,
9/14/2021,"620025","ADA PUBLIC SCHOOLS INDEPENDENT SCHOOL DISTRICT NO. 019",56201,"PROPOSITION NO. 1  ADA PUBLIC SCHOOLS",,8,8,2,"AGAINST THE PROPOSITION - NO",,0,0,4,4,,
9/14/2021,"620025","ADA PUBLIC SCHOOLS INDEPENDENT SCHOOL DISTRICT NO. 019",56202,"PROPOSITION NO. 2  ADA PUBLIC SCHOOLS",,8,8,1,"FOR THE PROPOSITION - YES",,3,0,14,17,,
9/14/2021,"620025","ADA PUBLIC SCHOOLS INDEPENDENT SCHOOL DISTRICT NO. 019",56202,"PROPOSITION NO. 2  ADA PUBLIC SCHOOLS",,8,8,2,"AGAINST THE PROPOSITION - NO",,0,0,6,6,,
9/14/2021,"620031","ADA PUBLIC SCHOOLS INDEPENDENT SCHOOL DISTRICT NO. 019",56201,"PROPOSITION NO. 1  ADA PUBLIC SCHOOLS",,8,8,1,"FOR THE PROPOSITION - YES",,1,1,68,70,,
9/14/2021,"620031","ADA PUBLIC SCHOOLS INDEPENDENT SCHOOL DISTRICT NO. 019",56201,"PROPOSITION NO. 1  ADA PUBLIC SCHOOLS",,8,8,2,"AGAINST THE PROPOSITION - NO",,4,0,39,43,,
9/14/2021,"620031","ADA PUBLIC SCHOOLS INDEPENDENT SCHOOL DISTRICT NO. 019",56202,"PROPOSITION NO. 2  ADA PUBLIC SCHOOLS",,8,8,1,"FOR THE PROPOSITION - YES",,1,1,71,73,,
9/14/2021,"620031","ADA PUBLIC SCHOOLS INDEPENDENT SCHOOL DISTRICT NO. 019",56202,"PROPOSITION NO. 2  ADA PUBLIC SCHOOLS",,8,8,2,"AGAINST THE PROPOSITION - NO",,4,0,36,40,,
9/14/2021,"620052","ADA PUBLIC SCHOOLS INDEPENDENT SCHOOL DISTRICT NO. 019",56201,"PROPOSITION NO. 1  ADA PUBLIC SCHOOLS",,8,8,1,"FOR THE PROPOSITION - YES",,0,1,0,1,,
9/14/2021,"620052","ADA PUBLIC SCHOOLS INDEPENDENT SCHOOL DISTRICT NO. 019",56201,"PROPOSITION NO. 1  ADA PUBLIC SCHOOLS",,8,8,2,"AGAINST THE PROPOSITION - NO",,0,0,0,0,,
9/14/2021,"620052","ADA PUBLIC SCHOOLS INDEPENDENT SCHOOL DISTRICT NO. 019",56202,"PROPOSITION NO. 2  ADA PUBLIC SCHOOLS",,8,8,1,"FOR THE PROPOSITION - YES",,0,1,1,2,,
9/14/2021,"620052","ADA PUBLIC SCHOOLS INDEPENDENT SCHOOL DISTRICT NO. 019",56202,"PROPOSITION NO. 2  ADA PUBLIC SCHOOLS",,8,8,2,"AGAINST THE PROPOSITION - NO",,0,0,0,0,,
9/14/2021,"620053","ADA PUBLIC SCHOOLS INDEPENDENT SCHOOL DISTRICT NO. 019",56201,"PROPOSITION NO. 1  ADA PUBLIC SCHOOLS",,8,8,1,"FOR THE PROPOSITION - YES",,8,5,135,148,,
9/14/2021,"620053","ADA PUBLIC SCHOOLS INDEPENDENT SCHOOL DISTRICT NO. 019",56201,"PROPOSITION NO. 1  ADA PUBLIC SCHOOLS",,8,8,2,"AGAINST THE PROPOSITION - NO",,5,3,45,53,,
9/14/2021,"620053","ADA PUBLIC SCHOOLS INDEPENDENT SCHOOL DISTRICT NO. 019",56202,"PROPOSITION NO. 2  ADA PUBLIC SCHOOLS",,8,8,1,"FOR THE PROPOSITION - YES",,10,6,137,153,,
9/14/2021,"620053","ADA PUBLIC SCHOOLS INDEPENDENT SCHOOL DISTRICT NO. 019",56202,"PROPOSITION NO. 2  ADA PUBLIC SCHOOLS",,8,8,2,"AGAINST THE PROPOSITION - NO",,4,3,43,50,,
9/14/2021,"620058","ADA PUBLIC SCHOOLS INDEPENDENT SCHOOL DISTRICT NO. 019",56201,"PROPOSITION NO. 1  ADA PUBLIC SCHOOLS",,8,8,1,"FOR THE PROPOSITION - YES",,0,0,0,0,,
9/14/2021,"620058","ADA PUBLIC SCHOOLS INDEPENDENT SCHOOL DISTRICT NO. 019",56201,"PROPOSITION NO. 1  ADA PUBLIC SCHOOLS",,8,8,2,"AGAINST THE PROPOSITION - NO",,0,0,0,0,,
9/14/2021,"620058","ADA PUBLIC SCHOOLS INDEPENDENT SCHOOL DISTRICT NO. 019",56202,"PROPOSITION NO. 2  ADA PUBLIC SCHOOLS",,8,8,1,"FOR THE PROPOSITION - YES",,0,0,0,0,,
9/14/2021,"620058","ADA PUBLIC SCHOOLS INDEPENDENT SCHOOL DISTRICT NO. 019",56202,"PROPOSITION NO. 2  ADA PUBLIC SCHOOLS",,8,8,2,"AGAINST THE PROPOSITION - NO",,0,0,0,0,,
9/14/2021,"630002","TOWN OF BETHEL ACRES",46301,"PROPOSITION  TOWN OF BETHEL ACRES",,4,4,1,"FOR THE PROPOSITION - YES",,2,0,0,2,,
9/14/2021,"630002","TOWN OF BETHEL ACRES",46301,"PROPOSITION  TOWN OF BETHEL ACRES",,4,4,2,"AGAINST THE PROPOSITION - NO",,1,0,0,1,,
9/14/2021,"630009","TOWN OF BETHEL ACRES",46301,"PROPOSITION  TOWN OF BETHEL ACRES",,4,4,1,"FOR THE PROPOSITION - YES",,1,0,0,1,,
9/14/2021,"630009","TOWN OF BETHEL ACRES",46301,"PROPOSITION  TOWN OF BETHEL ACRES",,4,4,2,"AGAINST THE PROPOSITION - NO",,2,0,0,2,,
9/14/2021,"630022","TOWN OF BETHEL ACRES",46301,"PROPOSITION  TOWN OF BETHEL ACRES",,4,4,1,"FOR THE PROPOSITION - YES",,8,0,34,42,,
9/14/2021,"630022","TOWN OF BETHEL ACRES",46301,"PROPOSITION  TOWN OF BETHEL ACRES",,4,4,2,"AGAINST THE PROPOSITION - NO",,6,0,0,6,,
9/14/2021,"630026","TOWN OF BETHEL ACRES",46301,"PROPOSITION  TOWN OF BETHEL ACRES",,4,4,1,"FOR THE PROPOSITION - YES",,5,0,74,79,,
9/14/2021,"630026","TOWN OF BETHEL ACRES",46301,"PROPOSITION  TOWN OF BETHEL ACRES",,4,4,2,"AGAINST THE PROPOSITION - NO",,9,1,7,17,,
9/14/2021,"630041","TOWN OF ASHER",46302,"FOR BOARD OF TRUSTEES (UNEXPIRED TERM)  TOWN OF ASHER",,2,2,1,"ROBBY MOSLEY",,0,0,6,6,,
9/14/2021,"630041","TOWN OF ASHER",46302,"FOR BOARD OF TRUSTEES (UNEXPIRED TERM)  TOWN OF ASHER",,2,2,2,"WESLEY CULWELL JR",,0,0,5,5,,
9/14/2021,"630041","TOWN OF ASHER",46302,"FOR BOARD OF TRUSTEES (UNEXPIRED TERM)  TOWN OF ASHER",,2,2,3,"KENNY TAYLOR",,0,0,0,0,,
9/14/2021,"630042","TOWN OF ASHER",46302,"FOR BOARD OF TRUSTEES (UNEXPIRED TERM)  TOWN OF ASHER",,2,2,1,"ROBBY MOSLEY",,0,0,0,0,,
9/14/2021,"630042","TOWN OF ASHER",46302,"FOR BOARD OF TRUSTEES (UNEXPIRED TERM)  TOWN OF ASHER",,2,2,2,"WESLEY CULWELL JR",,0,0,0,0,,
9/14/2021,"630042","TOWN OF ASHER",46302,"FOR BOARD OF TRUSTEES (UNEXPIRED TERM)  TOWN OF ASHER",,2,2,3,"KENNY TAYLOR",,0,0,0,0,,
9/14/2021,"660006","COLLINSVILLE PUBLIC SCHOOLS INDEPENDENT SCHOOL DISTRICT NO. 006",57201,"PROPOSITION  COLLINSVILLE PUBLIC SCHOOLS",,9,9,1,"FOR THE PROPOSITION - YES",,4,0,4,8,,
9/14/2021,"660006","COLLINSVILLE PUBLIC SCHOOLS INDEPENDENT SCHOOL DISTRICT NO. 006",57201,"PROPOSITION  COLLINSVILLE PUBLIC SCHOOLS",,9,9,2,"AGAINST THE PROPOSITION - NO",,4,0,7,11,,
9/14/2021,"660019","INOLA PUBLIC SCHOOLS INDEPENDENT SCHOOL DISTRICT NO. 005",56601,"PROPOSITION  INOLA PUBLIC SCHOOLS",,7,7,1,"FOR THE PROPOSITION - YES",,2,0,17,19,,
9/14/2021,"660019","INOLA PUBLIC SCHOOLS INDEPENDENT SCHOOL DISTRICT NO. 005",56601,"PROPOSITION  INOLA PUBLIC SCHOOLS",,7,7,2,"AGAINST THE PROPOSITION - NO",,0,0,1,1,,
9/14/2021,"660026","INOLA PUBLIC SCHOOLS INDEPENDENT SCHOOL DISTRICT NO. 005",56601,"PROPOSITION  INOLA PUBLIC SCHOOLS",,7,7,1,"FOR THE PROPOSITION - YES",,3,0,179,182,,
9/14/2021,"660026","INOLA PUBLIC SCHOOLS INDEPENDENT SCHOOL DISTRICT NO. 005",56601,"PROPOSITION  INOLA PUBLIC SCHOOLS",,7,7,2,"AGAINST THE PROPOSITION - NO",,3,0,18,21,,
9/14/2021,"660027","INOLA PUBLIC SCHOOLS INDEPENDENT SCHOOL DISTRICT NO. 005",56601,"PROPOSITION  INOLA PUBLIC SCHOOLS",,7,7,1,"FOR THE PROPOSITION - YES",,9,0,70,79,,
9/14/2021,"660027","INOLA PUBLIC SCHOOLS INDEPENDENT SCHOOL DISTRICT NO. 005",56601,"PROPOSITION  INOLA PUBLIC SCHOOLS",,7,7,2,"AGAINST THE PROPOSITION - NO",,0,0,13,13,,
9/14/2021,"660032","COLLINSVILLE PUBLIC SCHOOLS INDEPENDENT SCHOOL DISTRICT NO. 006",57201,"PROPOSITION  COLLINSVILLE PUBLIC SCHOOLS",,9,9,1,"FOR THE PROPOSITION - YES",,8,0,41,49,,
9/14/2021,"660032","COLLINSVILLE PUBLIC SCHOOLS INDEPENDENT SCHOOL DISTRICT NO. 006",57201,"PROPOSITION  COLLINSVILLE PUBLIC SCHOOLS",,9,9,2,"AGAINST THE PROPOSITION - NO",,9,0,1,10,,
9/14/2021,"700107","TOWN OF HARDESTY",47001,"FOR BOARD OF TRUSTEES  TOWN OF HARDESTY",,1,1,1,"BRUCE WOOD",,0,0,8,8,,
9/14/2021,"700107","TOWN OF HARDESTY",47001,"FOR BOARD OF TRUSTEES  TOWN OF HARDESTY",,1,1,2,"JASON COLPETZER",,0,0,11,11,,
9/14/2021,"710007","CITY OF GRANDFIELD",47101,"PROPOSITION  CITY OF GRANDFIELD",,1,1,1,"FOR THE PROPOSITION - YES",,0,0,19,19,,
9/14/2021,"710007","CITY OF GRANDFIELD",47101,"PROPOSITION  CITY OF GRANDFIELD",,1,1,2,"AGAINST THE PROPOSITION - NO",,0,0,4,4,,
9/14/2021,"720501","COLLINSVILLE PUBLIC SCHOOLS INDEPENDENT SCHOOL DISTRICT NO. 006",57201,"PROPOSITION  COLLINSVILLE PUBLIC SCHOOLS",,9,9,1,"FOR THE PROPOSITION - YES",,0,0,111,111,,
9/14/2021,"720501","COLLINSVILLE PUBLIC SCHOOLS INDEPENDENT SCHOOL DISTRICT NO. 006",57201,"PROPOSITION  COLLINSVILLE PUBLIC SCHOOLS",,9,9,2,"AGAINST THE PROPOSITION - NO",,0,0,17,17,,
9/14/2021,"720502","COLLINSVILLE PUBLIC SCHOOLS INDEPENDENT SCHOOL DISTRICT NO. 006",57201,"PROPOSITION  COLLINSVILLE PUBLIC SCHOOLS",,9,9,1,"FOR THE PROPOSITION - YES",,0,0,153,153,,
9/14/2021,"720502","COLLINSVILLE PUBLIC SCHOOLS INDEPENDENT SCHOOL DISTRICT NO. 006",57201,"PROPOSITION  COLLINSVILLE PUBLIC SCHOOLS",,9,9,2,"AGAINST THE PROPOSITION - NO",,0,0,8,8,,
9/14/2021,"720503","COLLINSVILLE PUBLIC SCHOOLS INDEPENDENT SCHOOL DISTRICT NO. 006",57201,"PROPOSITION  COLLINSVILLE PUBLIC SCHOOLS",,9,9,1,"FOR THE PROPOSITION - YES",,0,0,98,98,,
9/14/2021,"720503","COLLINSVILLE PUBLIC SCHOOLS INDEPENDENT SCHOOL DISTRICT NO. 006",57201,"PROPOSITION  COLLINSVILLE PUBLIC SCHOOLS",,9,9,2,"AGAINST THE PROPOSITION - NO",,0,0,5,5,,
9/14/2021,"720504","COLLINSVILLE PUBLIC SCHOOLS INDEPENDENT SCHOOL DISTRICT NO. 006",57201,"PROPOSITION  COLLINSVILLE PUBLIC SCHOOLS",,9,9,1,"FOR THE PROPOSITION - YES",,0,0,168,168,,
9/14/2021,"720504","COLLINSVILLE PUBLIC SCHOOLS INDEPENDENT SCHOOL DISTRICT NO. 006",57201,"PROPOSITION  COLLINSVILLE PUBLIC SCHOOLS",,9,9,2,"AGAINST THE PROPOSITION - NO",,0,0,7,7,,
9/14/2021,"720752","COLLINSVILLE PUBLIC SCHOOLS INDEPENDENT SCHOOL DISTRICT NO. 006",57201,"PROPOSITION  COLLINSVILLE PUBLIC SCHOOLS",,9,9,1,"FOR THE PROPOSITION - YES",,0,0,16,16,,
9/14/2021,"720752","COLLINSVILLE PUBLIC SCHOOLS INDEPENDENT SCHOOL DISTRICT NO. 006",57201,"PROPOSITION  COLLINSVILLE PUBLIC SCHOOLS",,9,9,2,"AGAINST THE PROPOSITION - NO",,0,0,1,1,,
9/14/2021,"720900","COLLINSVILLE PUBLIC SCHOOLS INDEPENDENT SCHOOL DISTRICT NO. 006",57201,"PROPOSITION  COLLINSVILLE PUBLIC SCHOOLS",,9,9,1,"FOR THE PROPOSITION - YES",,0,0,15,15,,
9/14/2021,"720900","COLLINSVILLE PUBLIC SCHOOLS INDEPENDENT SCHOOL DISTRICT NO. 006",57201,"PROPOSITION  COLLINSVILLE PUBLIC SCHOOLS",,9,9,2,"AGAINST THE PROPOSITION - NO",,0,0,1,1,,
9/14/2021,"729999","COLLINSVILLE PUBLIC SCHOOLS INDEPENDENT SCHOOL DISTRICT NO. 006",57201,"PROPOSITION  COLLINSVILLE PUBLIC SCHOOLS",,9,9,1,"FOR THE PROPOSITION - YES",,42,0,0,42,,
9/14/2021,"729999","COLLINSVILLE PUBLIC SCHOOLS INDEPENDENT SCHOOL DISTRICT NO. 006",57201,"PROPOSITION  COLLINSVILLE PUBLIC SCHOOLS",,9,9,2,"AGAINST THE PROPOSITION - NO",,16,0,0,16,,
9/14/2021,"730109","INOLA PUBLIC SCHOOLS INDEPENDENT SCHOOL DISTRICT NO. 005",56601,"PROPOSITION  INOLA PUBLIC SCHOOLS",,7,7,1,"FOR THE PROPOSITION - YES",,0,0,0,0,,
9/14/2021,"730109","INOLA PUBLIC SCHOOLS INDEPENDENT SCHOOL DISTRICT NO. 005",56601,"PROPOSITION  INOLA PUBLIC SCHOOLS",,7,7,2,"AGAINST THE PROPOSITION - NO",,0,0,0,0,,
9/14/2021,"730201","CITY OF COWETA",47301,"PROPOSITION  CITY OF COWETA",,5,5,1,"FOR THE PROPOSITION - YES",,10,0,102,112,,
9/14/2021,"730201","CITY OF COWETA",47301,"PROPOSITION  CITY OF COWETA",,5,5,2,"AGAINST THE PROPOSITION - NO",,2,1,31,34,,
9/14/2021,"730202","CITY OF COWETA",47301,"PROPOSITION  CITY OF COWETA",,5,5,1,"FOR THE PROPOSITION - YES",,11,0,106,117,,
9/14/2021,"730202","CITY OF COWETA",47301,"PROPOSITION  CITY OF COWETA",,5,5,2,"AGAINST THE PROPOSITION - NO",,2,2,45,49,,
9/14/2021,"730203","INOLA PUBLIC SCHOOLS INDEPENDENT SCHOOL DISTRICT NO. 005",56601,"PROPOSITION  INOLA PUBLIC SCHOOLS",,7,7,1,"FOR THE PROPOSITION - YES",,0,0,3,3,,
9/14/2021,"730203","INOLA PUBLIC SCHOOLS INDEPENDENT SCHOOL DISTRICT NO. 005",56601,"PROPOSITION  INOLA PUBLIC SCHOOLS",,7,7,2,"AGAINST THE PROPOSITION - NO",,0,0,0,0,,
9/14/2021,"730306","CITY OF COWETA",47301,"PROPOSITION  CITY OF COWETA",,5,5,1,"FOR THE PROPOSITION - YES",,0,0,2,2,,
9/14/2021,"730306","CITY OF COWETA",47301,"PROPOSITION  CITY OF COWETA",,5,5,2,"AGAINST THE PROPOSITION - NO",,0,0,2,2,,
9/14/2021,"730308","CITY OF COWETA",47301,"PROPOSITION  CITY OF COWETA",,5,5,1,"FOR THE PROPOSITION - YES",,1,0,49,50,,
9/14/2021,"730308","CITY OF COWETA",47301,"PROPOSITION  CITY OF COWETA",,5,5,2,"AGAINST THE PROPOSITION - NO",,1,1,7,9,,
9/14/2021,"730309","CITY OF COWETA",47301,"PROPOSITION  CITY OF COWETA",,5,5,1,"FOR THE PROPOSITION - YES",,0,2,97,99,,
9/14/2021,"730309","CITY OF COWETA",47301,"PROPOSITION  CITY OF COWETA",,5,5,2,"AGAINST THE PROPOSITION - NO",,1,0,46,47,,
9/14/2021,"740077","COLLINSVILLE PUBLIC SCHOOLS INDEPENDENT SCHOOL DISTRICT NO. 006",57201,"PROPOSITION  COLLINSVILLE PUBLIC SCHOOLS",,9,9,1,"FOR THE PROPOSITION - YES",,0,0,3,3,,
9/14/2021,"740077","COLLINSVILLE PUBLIC SCHOOLS INDEPENDENT SCHOOL DISTRICT NO. 006",57201,"PROPOSITION  COLLINSVILLE PUBLIC SCHOOLS",,9,9,2,"AGAINST THE PROPOSITION - NO",,0,0,0,0,,
9/14/2021,"760002","FREEDOM PUBLIC SCHOOLS INDEPENDENT SCHOOL DISTRICT NO. 006",57601,"PROPOSITION  FREEDOM PUBLIC SCHOOLS",,4,4,1,"FOR THE PROPOSITION - YES",,0,0,0,0,,
9/14/2021,"760002","FREEDOM PUBLIC SCHOOLS INDEPENDENT SCHOOL DISTRICT NO. 006",57601,"PROPOSITION  FREEDOM PUBLIC SCHOOLS",,4,4,2,"AGAINST THE PROPOSITION - NO",,0,0,0,0,,
9/14/2021,"760008","TOWN OF FREEDOM",47601,"FOR BOARD OF TRUSTEES, OFFICE NO. 3  TOWN OF FREEDOM",,1,1,1,"MICHELLE SHELITE",,1,3,42,46,,
9/14/2021,"760008","TOWN OF FREEDOM",47601,"FOR BOARD OF TRUSTEES, OFFICE NO. 3  TOWN OF FREEDOM",,1,1,2,"SHAD BRACKIN",,1,0,40,41,,
9/14/2021,"760008","FREEDOM PUBLIC SCHOOLS INDEPENDENT SCHOOL DISTRICT NO. 006",57601,"PROPOSITION  FREEDOM PUBLIC SCHOOLS",,4,4,1,"FOR THE PROPOSITION - YES",,3,3,84,90,,
9/14/2021,"760008","FREEDOM PUBLIC SCHOOLS INDEPENDENT SCHOOL DISTRICT NO. 006",57601,"PROPOSITION  FREEDOM PUBLIC SCHOOLS",,4,4,2,"AGAINST THE PROPOSITION - NO",,2,2,60,64,,
9/14/2021,"770105","FREEDOM PUBLIC SCHOOLS INDEPENDENT SCHOOL DISTRICT NO. 006",57601,"PROPOSITION  FREEDOM PUBLIC SCHOOLS",,4,4,1,"FOR THE PROPOSITION - YES",,0,0,4,4,,
9/14/2021,"770105","FREEDOM PUBLIC SCHOOLS INDEPENDENT SCHOOL DISTRICT NO. 006",57601,"PROPOSITION  FREEDOM PUBLIC SCHOOLS",,4,4,2,"AGAINST THE PROPOSITION - NO",,0,0,4,4,,
