elec_date,precinct,entity_description,race_number,race_description,race_party,tot_race_prec,race_prec_reporting,cand_number,cand_name,cand_party,cand_absmail_votes,cand_early_votes,cand_elecday_votes,cand_tot_votes,race_county_owner
6/11/2019,"060010","CITY OF WATONGA",40601,"PROPOSITION  CITY OF WATONGA",,3,3,1,"FOR THE PROPOSITION - YES",,0,0,7,7,,
6/11/2019,"060010","CITY OF WATONGA",40601,"PROPOSITION  CITY OF WATONGA",,3,3,2,"AGAINST THE PROPOSITION - NO",,1,2,9,12,,
6/11/2019,"060011","CITY OF WATONGA",40601,"PROPOSITION  CITY OF WATONGA",,3,3,1,"FOR THE PROPOSITION - YES",,0,2,31,33,,
6/11/2019,"060011","CITY OF WATONGA",40601,"PROPOSITION  CITY OF WATONGA",,3,3,2,"AGAINST THE PROPOSITION - NO",,1,0,19,20,,
6/11/2019,"060012","CITY OF WATONGA",40601,"PROPOSITION  CITY OF WATONGA",,3,3,1,"FOR THE PROPOSITION - YES",,10,13,95,118,,
6/11/2019,"060012","CITY OF WATONGA",40601,"PROPOSITION  CITY OF WATONGA",,3,3,2,"AGAINST THE PROPOSITION - NO",,3,5,52,60,,
6/11/2019,"220001","COMMUNITY AMBULANCE SERVICE",60221,"PROPOSITION  COMMUNITY AMBULANCE SERVICE",,5,5,1,"FOR THE PROPOSITION - YES",,0,2,7,9,,
6/11/2019,"220001","COMMUNITY AMBULANCE SERVICE",60221,"PROPOSITION  COMMUNITY AMBULANCE SERVICE",,5,5,2,"AGAINST THE PROPOSITION - NO",,0,0,0,0,,
6/11/2019,"220001","TALOGA AMBULANCE DISTRICT",60222,"PROPOSITION  TALOGA AMBULANCE DISTRICT",,6,6,1,"FOR THE PROPOSITION - YES",,3,8,74,85,,
6/11/2019,"220001","TALOGA AMBULANCE DISTRICT",60222,"PROPOSITION  TALOGA AMBULANCE DISTRICT",,6,6,2,"AGAINST THE PROPOSITION - NO",,1,1,34,36,,
6/11/2019,"220002","TALOGA AMBULANCE DISTRICT",60222,"PROPOSITION  TALOGA AMBULANCE DISTRICT",,6,6,1,"FOR THE PROPOSITION - YES",,0,0,8,8,,
6/11/2019,"220002","TALOGA AMBULANCE DISTRICT",60222,"PROPOSITION  TALOGA AMBULANCE DISTRICT",,6,6,2,"AGAINST THE PROPOSITION - NO",,0,0,7,7,,
6/11/2019,"220004","TALOGA AMBULANCE DISTRICT",60222,"PROPOSITION  TALOGA AMBULANCE DISTRICT",,6,6,1,"FOR THE PROPOSITION - YES",,0,0,0,0,,
6/11/2019,"220004","TALOGA AMBULANCE DISTRICT",60222,"PROPOSITION  TALOGA AMBULANCE DISTRICT",,6,6,2,"AGAINST THE PROPOSITION - NO",,0,0,0,0,,
6/11/2019,"220005","COMMUNITY AMBULANCE SERVICE",60221,"PROPOSITION  COMMUNITY AMBULANCE SERVICE",,5,5,1,"FOR THE PROPOSITION - YES",,2,5,3,10,,
6/11/2019,"220005","COMMUNITY AMBULANCE SERVICE",60221,"PROPOSITION  COMMUNITY AMBULANCE SERVICE",,5,5,2,"AGAINST THE PROPOSITION - NO",,0,0,0,0,,
6/11/2019,"220005","TALOGA AMBULANCE DISTRICT",60222,"PROPOSITION  TALOGA AMBULANCE DISTRICT",,6,6,1,"FOR THE PROPOSITION - YES",,0,7,0,7,,
6/11/2019,"220005","TALOGA AMBULANCE DISTRICT",60222,"PROPOSITION  TALOGA AMBULANCE DISTRICT",,6,6,2,"AGAINST THE PROPOSITION - NO",,0,0,0,0,,
6/11/2019,"220007","COMMUNITY AMBULANCE SERVICE",60221,"PROPOSITION  COMMUNITY AMBULANCE SERVICE",,5,5,1,"FOR THE PROPOSITION - YES",,0,1,26,27,,
6/11/2019,"220007","COMMUNITY AMBULANCE SERVICE",60221,"PROPOSITION  COMMUNITY AMBULANCE SERVICE",,5,5,2,"AGAINST THE PROPOSITION - NO",,0,0,1,1,,
6/11/2019,"220008","COMMUNITY AMBULANCE SERVICE",60221,"PROPOSITION  COMMUNITY AMBULANCE SERVICE",,5,5,1,"FOR THE PROPOSITION - YES",,9,7,45,61,,
6/11/2019,"220008","COMMUNITY AMBULANCE SERVICE",60221,"PROPOSITION  COMMUNITY AMBULANCE SERVICE",,5,5,2,"AGAINST THE PROPOSITION - NO",,0,0,6,6,,
6/11/2019,"220009","COMMUNITY AMBULANCE SERVICE",60221,"PROPOSITION  COMMUNITY AMBULANCE SERVICE",,5,5,1,"FOR THE PROPOSITION - YES",,0,1,2,3,,
6/11/2019,"220009","COMMUNITY AMBULANCE SERVICE",60221,"PROPOSITION  COMMUNITY AMBULANCE SERVICE",,5,5,2,"AGAINST THE PROPOSITION - NO",,0,0,0,0,,
6/11/2019,"220009","TALOGA AMBULANCE DISTRICT",60222,"PROPOSITION  TALOGA AMBULANCE DISTRICT",,6,6,1,"FOR THE PROPOSITION - YES",,0,1,11,12,,
6/11/2019,"220009","TALOGA AMBULANCE DISTRICT",60222,"PROPOSITION  TALOGA AMBULANCE DISTRICT",,6,6,2,"AGAINST THE PROPOSITION - NO",,0,0,7,7,,
6/11/2019,"220010","TALOGA AMBULANCE DISTRICT",60222,"PROPOSITION  TALOGA AMBULANCE DISTRICT",,6,6,1,"FOR THE PROPOSITION - YES",,0,0,0,0,,
6/11/2019,"220010","TALOGA AMBULANCE DISTRICT",60222,"PROPOSITION  TALOGA AMBULANCE DISTRICT",,6,6,2,"AGAINST THE PROPOSITION - NO",,0,0,0,0,,
6/11/2019,"260001","CITY OF CHICKASHA",42601,"PROPOSITION  CITY OF CHICKASHA",,13,13,1,"FOR THE PROPOSITION - YES",,5,1,45,51,,
6/11/2019,"260001","CITY OF CHICKASHA",42601,"PROPOSITION  CITY OF CHICKASHA",,13,13,2,"AGAINST THE PROPOSITION - NO",,1,0,1,2,,
6/11/2019,"260002","CITY OF CHICKASHA",42601,"PROPOSITION  CITY OF CHICKASHA",,13,13,1,"FOR THE PROPOSITION - YES",,7,6,32,45,,
6/11/2019,"260002","CITY OF CHICKASHA",42601,"PROPOSITION  CITY OF CHICKASHA",,13,13,2,"AGAINST THE PROPOSITION - NO",,1,0,4,5,,
6/11/2019,"260003","CITY OF CHICKASHA",42601,"PROPOSITION  CITY OF CHICKASHA",,13,13,1,"FOR THE PROPOSITION - YES",,4,1,26,31,,
6/11/2019,"260003","CITY OF CHICKASHA",42601,"PROPOSITION  CITY OF CHICKASHA",,13,13,2,"AGAINST THE PROPOSITION - NO",,2,0,4,6,,
6/11/2019,"260005","CITY OF CHICKASHA",42601,"PROPOSITION  CITY OF CHICKASHA",,13,13,1,"FOR THE PROPOSITION - YES",,4,1,15,20,,
6/11/2019,"260005","CITY OF CHICKASHA",42601,"PROPOSITION  CITY OF CHICKASHA",,13,13,2,"AGAINST THE PROPOSITION - NO",,4,1,0,5,,
6/11/2019,"260006","CITY OF CHICKASHA",42601,"PROPOSITION  CITY OF CHICKASHA",,13,13,1,"FOR THE PROPOSITION - YES",,0,1,12,13,,
6/11/2019,"260006","CITY OF CHICKASHA",42601,"PROPOSITION  CITY OF CHICKASHA",,13,13,2,"AGAINST THE PROPOSITION - NO",,0,0,4,4,,
6/11/2019,"260008","CITY OF CHICKASHA",42601,"PROPOSITION  CITY OF CHICKASHA",,13,13,1,"FOR THE PROPOSITION - YES",,1,0,23,24,,
6/11/2019,"260008","CITY OF CHICKASHA",42601,"PROPOSITION  CITY OF CHICKASHA",,13,13,2,"AGAINST THE PROPOSITION - NO",,2,0,4,6,,
6/11/2019,"260009","CITY OF CHICKASHA",42601,"PROPOSITION  CITY OF CHICKASHA",,13,13,1,"FOR THE PROPOSITION - YES",,9,6,47,62,,
6/11/2019,"260009","CITY OF CHICKASHA",42601,"PROPOSITION  CITY OF CHICKASHA",,13,13,2,"AGAINST THE PROPOSITION - NO",,6,1,2,9,,
6/11/2019,"260011","CITY OF CHICKASHA",42601,"PROPOSITION  CITY OF CHICKASHA",,13,13,1,"FOR THE PROPOSITION - YES",,0,1,2,3,,
6/11/2019,"260011","CITY OF CHICKASHA",42601,"PROPOSITION  CITY OF CHICKASHA",,13,13,2,"AGAINST THE PROPOSITION - NO",,0,0,0,0,,
6/11/2019,"260021","CITY OF CHICKASHA",42601,"PROPOSITION  CITY OF CHICKASHA",,13,13,1,"FOR THE PROPOSITION - YES",,0,0,0,0,,
6/11/2019,"260021","CITY OF CHICKASHA",42601,"PROPOSITION  CITY OF CHICKASHA",,13,13,2,"AGAINST THE PROPOSITION - NO",,0,0,0,0,,
6/11/2019,"260025","CITY OF CHICKASHA",42601,"PROPOSITION  CITY OF CHICKASHA",,13,13,1,"FOR THE PROPOSITION - YES",,0,0,0,0,,
6/11/2019,"260025","CITY OF CHICKASHA",42601,"PROPOSITION  CITY OF CHICKASHA",,13,13,2,"AGAINST THE PROPOSITION - NO",,0,0,0,0,,
6/11/2019,"260027","CITY OF CHICKASHA",42601,"PROPOSITION  CITY OF CHICKASHA",,13,13,1,"FOR THE PROPOSITION - YES",,0,0,0,0,,
6/11/2019,"260027","CITY OF CHICKASHA",42601,"PROPOSITION  CITY OF CHICKASHA",,13,13,2,"AGAINST THE PROPOSITION - NO",,0,0,0,0,,
6/11/2019,"260032","CITY OF CHICKASHA",42601,"PROPOSITION  CITY OF CHICKASHA",,13,13,1,"FOR THE PROPOSITION - YES",,0,0,0,0,,
6/11/2019,"260032","CITY OF CHICKASHA",42601,"PROPOSITION  CITY OF CHICKASHA",,13,13,2,"AGAINST THE PROPOSITION - NO",,0,0,0,0,,
6/11/2019,"260033","CITY OF CHICKASHA",42601,"PROPOSITION  CITY OF CHICKASHA",,13,13,1,"FOR THE PROPOSITION - YES",,0,0,0,0,,
6/11/2019,"260033","CITY OF CHICKASHA",42601,"PROPOSITION  CITY OF CHICKASHA",,13,13,2,"AGAINST THE PROPOSITION - NO",,0,0,0,0,,
6/11/2019,"360411","CITY OF PONCA CITY",43601,"PROPOSITION  CITY OF PONCA CITY",,14,14,1,"FOR THE PROPOSITION - YES",,0,0,0,0,,
6/11/2019,"360411","CITY OF PONCA CITY",43601,"PROPOSITION  CITY OF PONCA CITY",,14,14,2,"AGAINST THE PROPOSITION - NO",,0,0,0,0,,
6/11/2019,"360413","CITY OF PONCA CITY",43601,"PROPOSITION  CITY OF PONCA CITY",,14,14,1,"FOR THE PROPOSITION - YES",,2,1,32,35,,
6/11/2019,"360413","CITY OF PONCA CITY",43601,"PROPOSITION  CITY OF PONCA CITY",,14,14,2,"AGAINST THE PROPOSITION - NO",,4,2,6,12,,
6/11/2019,"360419","CITY OF PONCA CITY",43601,"PROPOSITION  CITY OF PONCA CITY",,14,14,1,"FOR THE PROPOSITION - YES",,0,2,13,15,,
6/11/2019,"360419","CITY OF PONCA CITY",43601,"PROPOSITION  CITY OF PONCA CITY",,14,14,2,"AGAINST THE PROPOSITION - NO",,1,0,16,17,,
6/11/2019,"360420","CITY OF PONCA CITY",43601,"PROPOSITION  CITY OF PONCA CITY",,14,14,1,"FOR THE PROPOSITION - YES",,0,0,0,0,,
6/11/2019,"360420","CITY OF PONCA CITY",43601,"PROPOSITION  CITY OF PONCA CITY",,14,14,2,"AGAINST THE PROPOSITION - NO",,0,0,0,0,,
6/11/2019,"360503","CITY OF PONCA CITY",43601,"PROPOSITION  CITY OF PONCA CITY",,14,14,1,"FOR THE PROPOSITION - YES",,0,5,85,90,,
6/11/2019,"360503","CITY OF PONCA CITY",43601,"PROPOSITION  CITY OF PONCA CITY",,14,14,2,"AGAINST THE PROPOSITION - NO",,1,1,38,40,,
6/11/2019,"360507","CITY OF PONCA CITY",43601,"PROPOSITION  CITY OF PONCA CITY",,14,14,1,"FOR THE PROPOSITION - YES",,0,0,32,32,,
6/11/2019,"360507","CITY OF PONCA CITY",43601,"PROPOSITION  CITY OF PONCA CITY",,14,14,2,"AGAINST THE PROPOSITION - NO",,3,3,21,27,,
6/11/2019,"360516","CITY OF PONCA CITY",43601,"PROPOSITION  CITY OF PONCA CITY",,14,14,1,"FOR THE PROPOSITION - YES",,0,0,28,28,,
6/11/2019,"360516","CITY OF PONCA CITY",43601,"PROPOSITION  CITY OF PONCA CITY",,14,14,2,"AGAINST THE PROPOSITION - NO",,1,0,26,27,,
6/11/2019,"360517","CITY OF PONCA CITY",43601,"PROPOSITION  CITY OF PONCA CITY",,14,14,1,"FOR THE PROPOSITION - YES",,0,3,44,47,,
6/11/2019,"360517","CITY OF PONCA CITY",43601,"PROPOSITION  CITY OF PONCA CITY",,14,14,2,"AGAINST THE PROPOSITION - NO",,0,0,26,26,,
6/11/2019,"360527","CITY OF PONCA CITY",43601,"PROPOSITION  CITY OF PONCA CITY",,14,14,1,"FOR THE PROPOSITION - YES",,3,3,72,78,,
6/11/2019,"360527","CITY OF PONCA CITY",43601,"PROPOSITION  CITY OF PONCA CITY",,14,14,2,"AGAINST THE PROPOSITION - NO",,0,1,24,25,,
6/11/2019,"360530","CITY OF PONCA CITY",43601,"PROPOSITION  CITY OF PONCA CITY",,14,14,1,"FOR THE PROPOSITION - YES",,1,4,59,64,,
6/11/2019,"360530","CITY OF PONCA CITY",43601,"PROPOSITION  CITY OF PONCA CITY",,14,14,2,"AGAINST THE PROPOSITION - NO",,1,0,34,35,,
6/11/2019,"360532","CITY OF PONCA CITY",43601,"PROPOSITION  CITY OF PONCA CITY",,14,14,1,"FOR THE PROPOSITION - YES",,0,3,122,125,,
6/11/2019,"360532","CITY OF PONCA CITY",43601,"PROPOSITION  CITY OF PONCA CITY",,14,14,2,"AGAINST THE PROPOSITION - NO",,0,1,34,35,,
6/11/2019,"360533","CITY OF PONCA CITY",43601,"PROPOSITION  CITY OF PONCA CITY",,14,14,1,"FOR THE PROPOSITION - YES",,0,0,77,77,,
6/11/2019,"360533","CITY OF PONCA CITY",43601,"PROPOSITION  CITY OF PONCA CITY",,14,14,2,"AGAINST THE PROPOSITION - NO",,0,0,34,34,,
6/11/2019,"360534","CITY OF PONCA CITY",43601,"PROPOSITION  CITY OF PONCA CITY",,14,14,1,"FOR THE PROPOSITION - YES",,1,4,144,149,,
6/11/2019,"360534","CITY OF PONCA CITY",43601,"PROPOSITION  CITY OF PONCA CITY",,14,14,2,"AGAINST THE PROPOSITION - NO",,0,1,48,49,,
6/11/2019,"360535","CITY OF PONCA CITY",43601,"PROPOSITION  CITY OF PONCA CITY",,14,14,1,"FOR THE PROPOSITION - YES",,2,4,133,139,,
6/11/2019,"360535","CITY OF PONCA CITY",43601,"PROPOSITION  CITY OF PONCA CITY",,14,14,2,"AGAINST THE PROPOSITION - NO",,0,2,48,50,,
6/11/2019,"550077","CITY OF MIDWEST CITY",45501,"PROPOSITION  CITY OF MIDWEST CITY",,24,24,1,"FOR THE PROPOSITION - YES",,0,0,0,0,,
6/11/2019,"550077","CITY OF MIDWEST CITY",45501,"PROPOSITION  CITY OF MIDWEST CITY",,24,24,2,"AGAINST THE PROPOSITION - NO",,0,0,0,0,,
6/11/2019,"550078","CITY OF MIDWEST CITY",45501,"PROPOSITION  CITY OF MIDWEST CITY",,24,24,1,"FOR THE PROPOSITION - YES",,0,0,0,0,,
6/11/2019,"550078","CITY OF MIDWEST CITY",45501,"PROPOSITION  CITY OF MIDWEST CITY",,24,24,2,"AGAINST THE PROPOSITION - NO",,0,0,0,0,,
6/11/2019,"550079","CITY OF MIDWEST CITY",45501,"PROPOSITION  CITY OF MIDWEST CITY",,24,24,1,"FOR THE PROPOSITION - YES",,0,0,3,3,,
6/11/2019,"550079","CITY OF MIDWEST CITY",45501,"PROPOSITION  CITY OF MIDWEST CITY",,24,24,2,"AGAINST THE PROPOSITION - NO",,0,0,6,6,,
6/11/2019,"550080","CITY OF MIDWEST CITY",45501,"PROPOSITION  CITY OF MIDWEST CITY",,24,24,1,"FOR THE PROPOSITION - YES",,0,0,23,23,,
6/11/2019,"550080","CITY OF MIDWEST CITY",45501,"PROPOSITION  CITY OF MIDWEST CITY",,24,24,2,"AGAINST THE PROPOSITION - NO",,0,0,2,2,,
6/11/2019,"550081","CITY OF MIDWEST CITY",45501,"PROPOSITION  CITY OF MIDWEST CITY",,24,24,1,"FOR THE PROPOSITION - YES",,0,0,14,14,,
6/11/2019,"550081","CITY OF MIDWEST CITY",45501,"PROPOSITION  CITY OF MIDWEST CITY",,24,24,2,"AGAINST THE PROPOSITION - NO",,0,0,2,2,,
6/11/2019,"550082","CITY OF MIDWEST CITY",45501,"PROPOSITION  CITY OF MIDWEST CITY",,24,24,1,"FOR THE PROPOSITION - YES",,0,0,7,7,,
6/11/2019,"550082","CITY OF MIDWEST CITY",45501,"PROPOSITION  CITY OF MIDWEST CITY",,24,24,2,"AGAINST THE PROPOSITION - NO",,0,0,0,0,,
6/11/2019,"550083","CITY OF MIDWEST CITY",45501,"PROPOSITION  CITY OF MIDWEST CITY",,24,24,1,"FOR THE PROPOSITION - YES",,0,0,11,11,,
6/11/2019,"550083","CITY OF MIDWEST CITY",45501,"PROPOSITION  CITY OF MIDWEST CITY",,24,24,2,"AGAINST THE PROPOSITION - NO",,0,0,1,1,,
6/11/2019,"550084","CITY OF MIDWEST CITY",45501,"PROPOSITION  CITY OF MIDWEST CITY",,24,24,1,"FOR THE PROPOSITION - YES",,0,0,14,14,,
6/11/2019,"550084","CITY OF MIDWEST CITY",45501,"PROPOSITION  CITY OF MIDWEST CITY",,24,24,2,"AGAINST THE PROPOSITION - NO",,0,0,5,5,,
6/11/2019,"550085","CITY OF MIDWEST CITY",45501,"PROPOSITION  CITY OF MIDWEST CITY",,24,24,1,"FOR THE PROPOSITION - YES",,0,0,17,17,,
6/11/2019,"550085","CITY OF MIDWEST CITY",45501,"PROPOSITION  CITY OF MIDWEST CITY",,24,24,2,"AGAINST THE PROPOSITION - NO",,0,0,5,5,,
6/11/2019,"550086","CITY OF MIDWEST CITY",45501,"PROPOSITION  CITY OF MIDWEST CITY",,24,24,1,"FOR THE PROPOSITION - YES",,0,0,28,28,,
6/11/2019,"550086","CITY OF MIDWEST CITY",45501,"PROPOSITION  CITY OF MIDWEST CITY",,24,24,2,"AGAINST THE PROPOSITION - NO",,0,0,11,11,,
6/11/2019,"550087","CITY OF MIDWEST CITY",45501,"PROPOSITION  CITY OF MIDWEST CITY",,24,24,1,"FOR THE PROPOSITION - YES",,0,0,9,9,,
6/11/2019,"550087","CITY OF MIDWEST CITY",45501,"PROPOSITION  CITY OF MIDWEST CITY",,24,24,2,"AGAINST THE PROPOSITION - NO",,0,0,1,1,,
6/11/2019,"550088","CITY OF MIDWEST CITY",45501,"PROPOSITION  CITY OF MIDWEST CITY",,24,24,1,"FOR THE PROPOSITION - YES",,0,0,2,2,,
6/11/2019,"550088","CITY OF MIDWEST CITY",45501,"PROPOSITION  CITY OF MIDWEST CITY",,24,24,2,"AGAINST THE PROPOSITION - NO",,0,0,6,6,,
6/11/2019,"550089","CITY OF MIDWEST CITY",45501,"PROPOSITION  CITY OF MIDWEST CITY",,24,24,1,"FOR THE PROPOSITION - YES",,0,0,8,8,,
6/11/2019,"550089","CITY OF MIDWEST CITY",45501,"PROPOSITION  CITY OF MIDWEST CITY",,24,24,2,"AGAINST THE PROPOSITION - NO",,0,0,6,6,,
6/11/2019,"550090","CITY OF MIDWEST CITY",45501,"PROPOSITION  CITY OF MIDWEST CITY",,24,24,1,"FOR THE PROPOSITION - YES",,0,0,2,2,,
6/11/2019,"550090","CITY OF MIDWEST CITY",45501,"PROPOSITION  CITY OF MIDWEST CITY",,24,24,2,"AGAINST THE PROPOSITION - NO",,0,0,3,3,,
6/11/2019,"550091","CITY OF MIDWEST CITY",45501,"PROPOSITION  CITY OF MIDWEST CITY",,24,24,1,"FOR THE PROPOSITION - YES",,0,0,2,2,,
6/11/2019,"550091","CITY OF MIDWEST CITY",45501,"PROPOSITION  CITY OF MIDWEST CITY",,24,24,2,"AGAINST THE PROPOSITION - NO",,0,0,0,0,,
6/11/2019,"550092","CITY OF MIDWEST CITY",45501,"PROPOSITION  CITY OF MIDWEST CITY",,24,24,1,"FOR THE PROPOSITION - YES",,0,0,19,19,,
6/11/2019,"550092","CITY OF MIDWEST CITY",45501,"PROPOSITION  CITY OF MIDWEST CITY",,24,24,2,"AGAINST THE PROPOSITION - NO",,0,0,8,8,,
6/11/2019,"550093","CITY OF MIDWEST CITY",45501,"PROPOSITION  CITY OF MIDWEST CITY",,24,24,1,"FOR THE PROPOSITION - YES",,0,0,11,11,,
6/11/2019,"550093","CITY OF MIDWEST CITY",45501,"PROPOSITION  CITY OF MIDWEST CITY",,24,24,2,"AGAINST THE PROPOSITION - NO",,0,0,2,2,,
6/11/2019,"550094","CITY OF MIDWEST CITY",45501,"PROPOSITION  CITY OF MIDWEST CITY",,24,24,1,"FOR THE PROPOSITION - YES",,0,0,17,17,,
6/11/2019,"550094","CITY OF MIDWEST CITY",45501,"PROPOSITION  CITY OF MIDWEST CITY",,24,24,2,"AGAINST THE PROPOSITION - NO",,0,0,5,5,,
6/11/2019,"550095","CITY OF MIDWEST CITY",45501,"PROPOSITION  CITY OF MIDWEST CITY",,24,24,1,"FOR THE PROPOSITION - YES",,0,0,13,13,,
6/11/2019,"550095","CITY OF MIDWEST CITY",45501,"PROPOSITION  CITY OF MIDWEST CITY",,24,24,2,"AGAINST THE PROPOSITION - NO",,0,0,4,4,,
6/11/2019,"550096","CITY OF MIDWEST CITY",45501,"PROPOSITION  CITY OF MIDWEST CITY",,24,24,1,"FOR THE PROPOSITION - YES",,0,0,20,20,,
6/11/2019,"550096","CITY OF MIDWEST CITY",45501,"PROPOSITION  CITY OF MIDWEST CITY",,24,24,2,"AGAINST THE PROPOSITION - NO",,0,0,6,6,,
6/11/2019,"550097","CITY OF MIDWEST CITY",45501,"PROPOSITION  CITY OF MIDWEST CITY",,24,24,1,"FOR THE PROPOSITION - YES",,0,0,26,26,,
6/11/2019,"550097","CITY OF MIDWEST CITY",45501,"PROPOSITION  CITY OF MIDWEST CITY",,24,24,2,"AGAINST THE PROPOSITION - NO",,0,0,6,6,,
6/11/2019,"550098","CITY OF MIDWEST CITY",45501,"PROPOSITION  CITY OF MIDWEST CITY",,24,24,1,"FOR THE PROPOSITION - YES",,0,0,13,13,,
6/11/2019,"550098","CITY OF MIDWEST CITY",45501,"PROPOSITION  CITY OF MIDWEST CITY",,24,24,2,"AGAINST THE PROPOSITION - NO",,0,0,7,7,,
6/11/2019,"550244","CITY OF MIDWEST CITY",45501,"PROPOSITION  CITY OF MIDWEST CITY",,24,24,1,"FOR THE PROPOSITION - YES",,0,0,0,0,,
6/11/2019,"550244","CITY OF MIDWEST CITY",45501,"PROPOSITION  CITY OF MIDWEST CITY",,24,24,2,"AGAINST THE PROPOSITION - NO",,0,0,0,0,,
6/11/2019,"550251","CITY OF MIDWEST CITY",45501,"PROPOSITION  CITY OF MIDWEST CITY",,24,24,1,"FOR THE PROPOSITION - YES",,0,0,0,0,,
6/11/2019,"550251","CITY OF MIDWEST CITY",45501,"PROPOSITION  CITY OF MIDWEST CITY",,24,24,2,"AGAINST THE PROPOSITION - NO",,0,0,0,0,,
6/11/2019,"559999","CITY OF MIDWEST CITY",45501,"PROPOSITION  CITY OF MIDWEST CITY",,24,24,1,"FOR THE PROPOSITION - YES",,93,0,0,93,,
6/11/2019,"559999","CITY OF MIDWEST CITY",45501,"PROPOSITION  CITY OF MIDWEST CITY",,24,24,2,"AGAINST THE PROPOSITION - NO",,30,0,0,30,,
6/11/2019,"770101","CITY OF WOODWARD",47701,"PROPOSITION  CITY OF WOODWARD",,7,7,1,"FOR THE PROPOSITION - YES",,2,1,5,8,,
6/11/2019,"770101","CITY OF WOODWARD",47701,"PROPOSITION  CITY OF WOODWARD",,7,7,2,"AGAINST THE PROPOSITION - NO",,0,0,3,3,,
6/11/2019,"770102","CITY OF WOODWARD",47701,"PROPOSITION  CITY OF WOODWARD",,7,7,1,"FOR THE PROPOSITION - YES",,1,2,10,13,,
6/11/2019,"770102","CITY OF WOODWARD",47701,"PROPOSITION  CITY OF WOODWARD",,7,7,2,"AGAINST THE PROPOSITION - NO",,0,0,5,5,,
6/11/2019,"770201","CITY OF WOODWARD",47701,"PROPOSITION  CITY OF WOODWARD",,7,7,1,"FOR THE PROPOSITION - YES",,9,4,11,24,,
6/11/2019,"770201","CITY OF WOODWARD",47701,"PROPOSITION  CITY OF WOODWARD",,7,7,2,"AGAINST THE PROPOSITION - NO",,1,0,3,4,,
6/11/2019,"770202","CITY OF WOODWARD",47701,"PROPOSITION  CITY OF WOODWARD",,7,7,1,"FOR THE PROPOSITION - YES",,7,3,31,41,,
6/11/2019,"770202","CITY OF WOODWARD",47701,"PROPOSITION  CITY OF WOODWARD",,7,7,2,"AGAINST THE PROPOSITION - NO",,1,1,8,10,,
6/11/2019,"770301","CITY OF WOODWARD",47701,"PROPOSITION  CITY OF WOODWARD",,7,7,1,"FOR THE PROPOSITION - YES",,3,0,1,4,,
6/11/2019,"770301","CITY OF WOODWARD",47701,"PROPOSITION  CITY OF WOODWARD",,7,7,2,"AGAINST THE PROPOSITION - NO",,0,0,0,0,,
6/11/2019,"770304","CITY OF WOODWARD",47701,"PROPOSITION  CITY OF WOODWARD",,7,7,1,"FOR THE PROPOSITION - YES",,0,0,4,4,,
6/11/2019,"770304","CITY OF WOODWARD",47701,"PROPOSITION  CITY OF WOODWARD",,7,7,2,"AGAINST THE PROPOSITION - NO",,0,0,3,3,,
6/11/2019,"770306","CITY OF WOODWARD",47701,"PROPOSITION  CITY OF WOODWARD",,7,7,1,"FOR THE PROPOSITION - YES",,2,1,1,4,,
6/11/2019,"770306","CITY OF WOODWARD",47701,"PROPOSITION  CITY OF WOODWARD",,7,7,2,"AGAINST THE PROPOSITION - NO",,0,0,0,0,,
