elec_date,precinct,entity_description,race_number,race_description,race_party,tot_race_prec,race_prec_reporting,cand_number,cand_name,cand_party,cand_absmail_votes,cand_early_votes,cand_elecday_votes,cand_tot_votes,race_county_owner
8/10/2021,"220005","SHARON-MUTUAL PUBLIC SCHOOLS INDEPENDENT SCHOOL DISTRICT NO. 003",57701,"PROPOSITION  SHARON-MUTUAL PUBLIC SCHOOLS",,7,7,1,"FOR THE PROPOSITION - YES",,0,0,0,0,,
8/10/2021,"220005","SHARON-MUTUAL PUBLIC SCHOOLS INDEPENDENT SCHOOL DISTRICT NO. 003",57701,"PROPOSITION  SHARON-MUTUAL PUBLIC SCHOOLS",,7,7,2,"AGAINST THE PROPOSITION - NO",,0,0,0,0,,
8/10/2021,"350001","CITY OF TISHOMINGO",43501,"PROPOSITION  CITY OF TISHOMINGO",,4,4,1,"FOR THE PROPOSITION - YES",,0,0,0,0,,
8/10/2021,"350001","CITY OF TISHOMINGO",43501,"PROPOSITION  CITY OF TISHOMINGO",,4,4,2,"AGAINST THE PROPOSITION - NO",,0,1,0,1,,
8/10/2021,"350002","CITY OF TISHOMINGO",43501,"PROPOSITION  CITY OF TISHOMINGO",,4,4,1,"FOR THE PROPOSITION - YES",,0,3,24,27,,
8/10/2021,"350002","CITY OF TISHOMINGO",43501,"PROPOSITION  CITY OF TISHOMINGO",,4,4,2,"AGAINST THE PROPOSITION - NO",,0,5,23,28,,
8/10/2021,"350003","CITY OF TISHOMINGO",43501,"PROPOSITION  CITY OF TISHOMINGO",,4,4,1,"FOR THE PROPOSITION - YES",,0,1,25,26,,
8/10/2021,"350003","CITY OF TISHOMINGO",43501,"PROPOSITION  CITY OF TISHOMINGO",,4,4,2,"AGAINST THE PROPOSITION - NO",,1,6,24,31,,
8/10/2021,"350004","CITY OF TISHOMINGO",43501,"PROPOSITION  CITY OF TISHOMINGO",,4,4,1,"FOR THE PROPOSITION - YES",,1,6,33,40,,
8/10/2021,"350004","CITY OF TISHOMINGO",43501,"PROPOSITION  CITY OF TISHOMINGO",,4,4,2,"AGAINST THE PROPOSITION - NO",,0,9,45,54,,
8/10/2021,"550028","CITY OF DEL CITY",45501,"PROPOSITION  CITY OF DEL CITY",,6,6,1,"FOR THE PROPOSITION - YES",,0,0,14,14,,
8/10/2021,"550028","CITY OF DEL CITY",45501,"PROPOSITION  CITY OF DEL CITY",,6,6,2,"AGAINST THE PROPOSITION - NO",,0,0,2,2,,
8/10/2021,"550029","CITY OF DEL CITY",45501,"PROPOSITION  CITY OF DEL CITY",,6,6,1,"FOR THE PROPOSITION - YES",,0,0,20,20,,
8/10/2021,"550029","CITY OF DEL CITY",45501,"PROPOSITION  CITY OF DEL CITY",,6,6,2,"AGAINST THE PROPOSITION - NO",,0,0,9,9,,
8/10/2021,"550030","CITY OF DEL CITY",45501,"PROPOSITION  CITY OF DEL CITY",,6,6,1,"FOR THE PROPOSITION - YES",,0,0,19,19,,
8/10/2021,"550030","CITY OF DEL CITY",45501,"PROPOSITION  CITY OF DEL CITY",,6,6,2,"AGAINST THE PROPOSITION - NO",,0,0,3,3,,
8/10/2021,"550031","CITY OF DEL CITY",45501,"PROPOSITION  CITY OF DEL CITY",,6,6,1,"FOR THE PROPOSITION - YES",,0,0,15,15,,
8/10/2021,"550031","CITY OF DEL CITY",45501,"PROPOSITION  CITY OF DEL CITY",,6,6,2,"AGAINST THE PROPOSITION - NO",,0,0,3,3,,
8/10/2021,"550032","CITY OF DEL CITY",45501,"PROPOSITION  CITY OF DEL CITY",,6,6,1,"FOR THE PROPOSITION - YES",,0,0,24,24,,
8/10/2021,"550032","CITY OF DEL CITY",45501,"PROPOSITION  CITY OF DEL CITY",,6,6,2,"AGAINST THE PROPOSITION - NO",,0,0,7,7,,
8/10/2021,"550033","CITY OF DEL CITY",45501,"PROPOSITION  CITY OF DEL CITY",,6,6,1,"FOR THE PROPOSITION - YES",,0,0,79,79,,
8/10/2021,"550033","CITY OF DEL CITY",45501,"PROPOSITION  CITY OF DEL CITY",,6,6,2,"AGAINST THE PROPOSITION - NO",,0,0,12,12,,
8/10/2021,"559999","CITY OF DEL CITY",45501,"PROPOSITION  CITY OF DEL CITY",,6,6,1,"FOR THE PROPOSITION - YES",,35,1,0,36,,
8/10/2021,"559999","CITY OF DEL CITY",45501,"PROPOSITION  CITY OF DEL CITY",,6,6,2,"AGAINST THE PROPOSITION - NO",,1,0,0,1,,
8/10/2021,"570102","BARTLESVILLE PUBLIC SCHOOLS INDEPENDENT SCHOOL DISTRICT NO. 030",57401,"PROPOSITION NO. 1  BARTLESVILLE PUBLIC SCHOOLS",,19,19,1,"FOR THE PROPOSITION - YES",,0,0,0,0,,
8/10/2021,"570102","BARTLESVILLE PUBLIC SCHOOLS INDEPENDENT SCHOOL DISTRICT NO. 030",57401,"PROPOSITION NO. 1  BARTLESVILLE PUBLIC SCHOOLS",,19,19,2,"AGAINST THE PROPOSITION - NO",,0,0,0,0,,
8/10/2021,"570102","BARTLESVILLE PUBLIC SCHOOLS INDEPENDENT SCHOOL DISTRICT NO. 030",57402,"PROPOSITION NO. 2  BARTLESVILLE PUBLIC SCHOOLS",,19,19,1,"FOR THE PROPOSITION - YES",,0,0,0,0,,
8/10/2021,"570102","BARTLESVILLE PUBLIC SCHOOLS INDEPENDENT SCHOOL DISTRICT NO. 030",57402,"PROPOSITION NO. 2  BARTLESVILLE PUBLIC SCHOOLS",,19,19,2,"AGAINST THE PROPOSITION - NO",,0,0,0,0,,
8/10/2021,"570109","BARTLESVILLE PUBLIC SCHOOLS INDEPENDENT SCHOOL DISTRICT NO. 030",57401,"PROPOSITION NO. 1  BARTLESVILLE PUBLIC SCHOOLS",,19,19,1,"FOR THE PROPOSITION - YES",,0,0,6,6,,
8/10/2021,"570109","BARTLESVILLE PUBLIC SCHOOLS INDEPENDENT SCHOOL DISTRICT NO. 030",57401,"PROPOSITION NO. 1  BARTLESVILLE PUBLIC SCHOOLS",,19,19,2,"AGAINST THE PROPOSITION - NO",,0,0,0,0,,
8/10/2021,"570109","BARTLESVILLE PUBLIC SCHOOLS INDEPENDENT SCHOOL DISTRICT NO. 030",57402,"PROPOSITION NO. 2  BARTLESVILLE PUBLIC SCHOOLS",,19,19,1,"FOR THE PROPOSITION - YES",,0,0,6,6,,
8/10/2021,"570109","BARTLESVILLE PUBLIC SCHOOLS INDEPENDENT SCHOOL DISTRICT NO. 030",57402,"PROPOSITION NO. 2  BARTLESVILLE PUBLIC SCHOOLS",,19,19,2,"AGAINST THE PROPOSITION - NO",,0,0,0,0,,
8/10/2021,"670010","SEMINOLE COUNTY",30001,"PROPOSITION NO. 1 SEMINOLE COUNTY FIRE DEPARTMENT'S 40% OF 1/4 CENT",,14,14,1,"FOR THE PROPOSITION - YES",,5,3,34,42,SEMINOLE
8/10/2021,"670010","SEMINOLE COUNTY",30001,"PROPOSITION NO. 1 SEMINOLE COUNTY FIRE DEPARTMENT'S 40% OF 1/4 CENT",,14,14,2,"AGAINST THE PROPOSITION - NO",,2,2,48,52,SEMINOLE
8/10/2021,"670010","SEMINOLE COUNTY",30002,"PROPOSITION NO. 2 SEMINOLE COUNTY AMBULANCE SERVICE 30% OF 1/4 CENT",,14,14,1,"FOR THE PROPOSITION - YES",,5,2,20,27,SEMINOLE
8/10/2021,"670010","SEMINOLE COUNTY",30002,"PROPOSITION NO. 2 SEMINOLE COUNTY AMBULANCE SERVICE 30% OF 1/4 CENT",,14,14,2,"AGAINST THE PROPOSITION - NO",,2,3,62,67,SEMINOLE
8/10/2021,"670010","SEMINOLE COUNTY",30003,"PROPOSITION NO. 3 COUNTY WIDE 911 SERVICE 30% OF 1/4 CENT",,14,14,1,"FOR THE PROPOSITION - YES",,6,4,39,49,SEMINOLE
8/10/2021,"670010","SEMINOLE COUNTY",30003,"PROPOSITION NO. 3 COUNTY WIDE 911 SERVICE 30% OF 1/4 CENT",,14,14,2,"AGAINST THE PROPOSITION - NO",,1,1,43,45,SEMINOLE
8/10/2021,"670012","SEMINOLE COUNTY",30001,"PROPOSITION NO. 1 SEMINOLE COUNTY FIRE DEPARTMENT'S 40% OF 1/4 CENT",,14,14,1,"FOR THE PROPOSITION - YES",,0,0,10,10,SEMINOLE
8/10/2021,"670012","SEMINOLE COUNTY",30001,"PROPOSITION NO. 1 SEMINOLE COUNTY FIRE DEPARTMENT'S 40% OF 1/4 CENT",,14,14,2,"AGAINST THE PROPOSITION - NO",,0,0,2,2,SEMINOLE
8/10/2021,"670012","SEMINOLE COUNTY",30002,"PROPOSITION NO. 2 SEMINOLE COUNTY AMBULANCE SERVICE 30% OF 1/4 CENT",,14,14,1,"FOR THE PROPOSITION - YES",,0,0,9,9,SEMINOLE
8/10/2021,"670012","SEMINOLE COUNTY",30002,"PROPOSITION NO. 2 SEMINOLE COUNTY AMBULANCE SERVICE 30% OF 1/4 CENT",,14,14,2,"AGAINST THE PROPOSITION - NO",,0,0,3,3,SEMINOLE
8/10/2021,"670012","SEMINOLE COUNTY",30003,"PROPOSITION NO. 3 COUNTY WIDE 911 SERVICE 30% OF 1/4 CENT",,14,14,1,"FOR THE PROPOSITION - YES",,0,0,9,9,SEMINOLE
8/10/2021,"670012","SEMINOLE COUNTY",30003,"PROPOSITION NO. 3 COUNTY WIDE 911 SERVICE 30% OF 1/4 CENT",,14,14,2,"AGAINST THE PROPOSITION - NO",,0,0,3,3,SEMINOLE
8/10/2021,"670014","SEMINOLE COUNTY",30001,"PROPOSITION NO. 1 SEMINOLE COUNTY FIRE DEPARTMENT'S 40% OF 1/4 CENT",,14,14,1,"FOR THE PROPOSITION - YES",,3,0,93,96,SEMINOLE
8/10/2021,"670014","SEMINOLE COUNTY",30001,"PROPOSITION NO. 1 SEMINOLE COUNTY FIRE DEPARTMENT'S 40% OF 1/4 CENT",,14,14,2,"AGAINST THE PROPOSITION - NO",,3,0,12,15,SEMINOLE
8/10/2021,"670014","SEMINOLE COUNTY",30002,"PROPOSITION NO. 2 SEMINOLE COUNTY AMBULANCE SERVICE 30% OF 1/4 CENT",,14,14,1,"FOR THE PROPOSITION - YES",,4,0,92,96,SEMINOLE
8/10/2021,"670014","SEMINOLE COUNTY",30002,"PROPOSITION NO. 2 SEMINOLE COUNTY AMBULANCE SERVICE 30% OF 1/4 CENT",,14,14,2,"AGAINST THE PROPOSITION - NO",,2,0,13,15,SEMINOLE
8/10/2021,"670014","SEMINOLE COUNTY",30003,"PROPOSITION NO. 3 COUNTY WIDE 911 SERVICE 30% OF 1/4 CENT",,14,14,1,"FOR THE PROPOSITION - YES",,3,0,93,96,SEMINOLE
8/10/2021,"670014","SEMINOLE COUNTY",30003,"PROPOSITION NO. 3 COUNTY WIDE 911 SERVICE 30% OF 1/4 CENT",,14,14,2,"AGAINST THE PROPOSITION - NO",,3,0,12,15,SEMINOLE
8/10/2021,"670015","SEMINOLE COUNTY",30001,"PROPOSITION NO. 1 SEMINOLE COUNTY FIRE DEPARTMENT'S 40% OF 1/4 CENT",,14,14,1,"FOR THE PROPOSITION - YES",,2,1,43,46,SEMINOLE
8/10/2021,"670015","SEMINOLE COUNTY",30001,"PROPOSITION NO. 1 SEMINOLE COUNTY FIRE DEPARTMENT'S 40% OF 1/4 CENT",,14,14,2,"AGAINST THE PROPOSITION - NO",,0,0,2,2,SEMINOLE
8/10/2021,"670015","SEMINOLE COUNTY",30002,"PROPOSITION NO. 2 SEMINOLE COUNTY AMBULANCE SERVICE 30% OF 1/4 CENT",,14,14,1,"FOR THE PROPOSITION - YES",,2,0,40,42,SEMINOLE
8/10/2021,"670015","SEMINOLE COUNTY",30002,"PROPOSITION NO. 2 SEMINOLE COUNTY AMBULANCE SERVICE 30% OF 1/4 CENT",,14,14,2,"AGAINST THE PROPOSITION - NO",,0,0,5,5,SEMINOLE
8/10/2021,"670015","SEMINOLE COUNTY",30003,"PROPOSITION NO. 3 COUNTY WIDE 911 SERVICE 30% OF 1/4 CENT",,14,14,1,"FOR THE PROPOSITION - YES",,2,0,38,40,SEMINOLE
8/10/2021,"670015","SEMINOLE COUNTY",30003,"PROPOSITION NO. 3 COUNTY WIDE 911 SERVICE 30% OF 1/4 CENT",,14,14,2,"AGAINST THE PROPOSITION - NO",,0,0,7,7,SEMINOLE
8/10/2021,"670020","SEMINOLE COUNTY",30001,"PROPOSITION NO. 1 SEMINOLE COUNTY FIRE DEPARTMENT'S 40% OF 1/4 CENT",,14,14,1,"FOR THE PROPOSITION - YES",,2,0,75,77,SEMINOLE
8/10/2021,"670020","SEMINOLE COUNTY",30001,"PROPOSITION NO. 1 SEMINOLE COUNTY FIRE DEPARTMENT'S 40% OF 1/4 CENT",,14,14,2,"AGAINST THE PROPOSITION - NO",,2,0,19,21,SEMINOLE
8/10/2021,"670020","SEMINOLE COUNTY",30002,"PROPOSITION NO. 2 SEMINOLE COUNTY AMBULANCE SERVICE 30% OF 1/4 CENT",,14,14,1,"FOR THE PROPOSITION - YES",,2,0,65,67,SEMINOLE
8/10/2021,"670020","SEMINOLE COUNTY",30002,"PROPOSITION NO. 2 SEMINOLE COUNTY AMBULANCE SERVICE 30% OF 1/4 CENT",,14,14,2,"AGAINST THE PROPOSITION - NO",,2,0,29,31,SEMINOLE
8/10/2021,"670020","SEMINOLE COUNTY",30003,"PROPOSITION NO. 3 COUNTY WIDE 911 SERVICE 30% OF 1/4 CENT",,14,14,1,"FOR THE PROPOSITION - YES",,2,0,79,81,SEMINOLE
8/10/2021,"670020","SEMINOLE COUNTY",30003,"PROPOSITION NO. 3 COUNTY WIDE 911 SERVICE 30% OF 1/4 CENT",,14,14,2,"AGAINST THE PROPOSITION - NO",,2,0,15,17,SEMINOLE
8/10/2021,"670022","SEMINOLE COUNTY",30001,"PROPOSITION NO. 1 SEMINOLE COUNTY FIRE DEPARTMENT'S 40% OF 1/4 CENT",,14,14,1,"FOR THE PROPOSITION - YES",,8,1,22,31,SEMINOLE
8/10/2021,"670022","SEMINOLE COUNTY",30001,"PROPOSITION NO. 1 SEMINOLE COUNTY FIRE DEPARTMENT'S 40% OF 1/4 CENT",,14,14,2,"AGAINST THE PROPOSITION - NO",,0,0,35,35,SEMINOLE
8/10/2021,"670022","SEMINOLE COUNTY",30002,"PROPOSITION NO. 2 SEMINOLE COUNTY AMBULANCE SERVICE 30% OF 1/4 CENT",,14,14,1,"FOR THE PROPOSITION - YES",,8,1,18,27,SEMINOLE
8/10/2021,"670022","SEMINOLE COUNTY",30002,"PROPOSITION NO. 2 SEMINOLE COUNTY AMBULANCE SERVICE 30% OF 1/4 CENT",,14,14,2,"AGAINST THE PROPOSITION - NO",,0,0,39,39,SEMINOLE
8/10/2021,"670022","SEMINOLE COUNTY",30003,"PROPOSITION NO. 3 COUNTY WIDE 911 SERVICE 30% OF 1/4 CENT",,14,14,1,"FOR THE PROPOSITION - YES",,8,1,31,40,SEMINOLE
8/10/2021,"670022","SEMINOLE COUNTY",30003,"PROPOSITION NO. 3 COUNTY WIDE 911 SERVICE 30% OF 1/4 CENT",,14,14,2,"AGAINST THE PROPOSITION - NO",,0,0,26,26,SEMINOLE
8/10/2021,"670023","SEMINOLE COUNTY",30001,"PROPOSITION NO. 1 SEMINOLE COUNTY FIRE DEPARTMENT'S 40% OF 1/4 CENT",,14,14,1,"FOR THE PROPOSITION - YES",,8,1,41,50,SEMINOLE
8/10/2021,"670023","SEMINOLE COUNTY",30001,"PROPOSITION NO. 1 SEMINOLE COUNTY FIRE DEPARTMENT'S 40% OF 1/4 CENT",,14,14,2,"AGAINST THE PROPOSITION - NO",,1,3,51,55,SEMINOLE
8/10/2021,"670023","SEMINOLE COUNTY",30002,"PROPOSITION NO. 2 SEMINOLE COUNTY AMBULANCE SERVICE 30% OF 1/4 CENT",,14,14,1,"FOR THE PROPOSITION - YES",,8,1,24,33,SEMINOLE
8/10/2021,"670023","SEMINOLE COUNTY",30002,"PROPOSITION NO. 2 SEMINOLE COUNTY AMBULANCE SERVICE 30% OF 1/4 CENT",,14,14,2,"AGAINST THE PROPOSITION - NO",,1,3,68,72,SEMINOLE
8/10/2021,"670023","SEMINOLE COUNTY",30003,"PROPOSITION NO. 3 COUNTY WIDE 911 SERVICE 30% OF 1/4 CENT",,14,14,1,"FOR THE PROPOSITION - YES",,9,1,42,52,SEMINOLE
8/10/2021,"670023","SEMINOLE COUNTY",30003,"PROPOSITION NO. 3 COUNTY WIDE 911 SERVICE 30% OF 1/4 CENT",,14,14,2,"AGAINST THE PROPOSITION - NO",,0,3,50,53,SEMINOLE
8/10/2021,"670024","SEMINOLE COUNTY",30001,"PROPOSITION NO. 1 SEMINOLE COUNTY FIRE DEPARTMENT'S 40% OF 1/4 CENT",,14,14,1,"FOR THE PROPOSITION - YES",,5,0,33,38,SEMINOLE
8/10/2021,"670024","SEMINOLE COUNTY",30001,"PROPOSITION NO. 1 SEMINOLE COUNTY FIRE DEPARTMENT'S 40% OF 1/4 CENT",,14,14,2,"AGAINST THE PROPOSITION - NO",,1,0,16,17,SEMINOLE
8/10/2021,"670024","SEMINOLE COUNTY",30002,"PROPOSITION NO. 2 SEMINOLE COUNTY AMBULANCE SERVICE 30% OF 1/4 CENT",,14,14,1,"FOR THE PROPOSITION - YES",,5,0,25,30,SEMINOLE
8/10/2021,"670024","SEMINOLE COUNTY",30002,"PROPOSITION NO. 2 SEMINOLE COUNTY AMBULANCE SERVICE 30% OF 1/4 CENT",,14,14,2,"AGAINST THE PROPOSITION - NO",,1,0,24,25,SEMINOLE
8/10/2021,"670024","SEMINOLE COUNTY",30003,"PROPOSITION NO. 3 COUNTY WIDE 911 SERVICE 30% OF 1/4 CENT",,14,14,1,"FOR THE PROPOSITION - YES",,5,0,33,38,SEMINOLE
8/10/2021,"670024","SEMINOLE COUNTY",30003,"PROPOSITION NO. 3 COUNTY WIDE 911 SERVICE 30% OF 1/4 CENT",,14,14,2,"AGAINST THE PROPOSITION - NO",,1,0,16,17,SEMINOLE
8/10/2021,"670025","SEMINOLE COUNTY",30001,"PROPOSITION NO. 1 SEMINOLE COUNTY FIRE DEPARTMENT'S 40% OF 1/4 CENT",,14,14,1,"FOR THE PROPOSITION - YES",,2,0,5,7,SEMINOLE
8/10/2021,"670025","SEMINOLE COUNTY",30001,"PROPOSITION NO. 1 SEMINOLE COUNTY FIRE DEPARTMENT'S 40% OF 1/4 CENT",,14,14,2,"AGAINST THE PROPOSITION - NO",,0,0,4,4,SEMINOLE
8/10/2021,"670025","SEMINOLE COUNTY",30002,"PROPOSITION NO. 2 SEMINOLE COUNTY AMBULANCE SERVICE 30% OF 1/4 CENT",,14,14,1,"FOR THE PROPOSITION - YES",,2,0,3,5,SEMINOLE
8/10/2021,"670025","SEMINOLE COUNTY",30002,"PROPOSITION NO. 2 SEMINOLE COUNTY AMBULANCE SERVICE 30% OF 1/4 CENT",,14,14,2,"AGAINST THE PROPOSITION - NO",,0,0,6,6,SEMINOLE
8/10/2021,"670025","SEMINOLE COUNTY",30003,"PROPOSITION NO. 3 COUNTY WIDE 911 SERVICE 30% OF 1/4 CENT",,14,14,1,"FOR THE PROPOSITION - YES",,2,0,5,7,SEMINOLE
8/10/2021,"670025","SEMINOLE COUNTY",30003,"PROPOSITION NO. 3 COUNTY WIDE 911 SERVICE 30% OF 1/4 CENT",,14,14,2,"AGAINST THE PROPOSITION - NO",,0,0,4,4,SEMINOLE
8/10/2021,"670030","SEMINOLE COUNTY",30001,"PROPOSITION NO. 1 SEMINOLE COUNTY FIRE DEPARTMENT'S 40% OF 1/4 CENT",,14,14,1,"FOR THE PROPOSITION - YES",,0,0,10,10,SEMINOLE
8/10/2021,"670030","SEMINOLE COUNTY",30001,"PROPOSITION NO. 1 SEMINOLE COUNTY FIRE DEPARTMENT'S 40% OF 1/4 CENT",,14,14,2,"AGAINST THE PROPOSITION - NO",,0,0,0,0,SEMINOLE
8/10/2021,"670030","SEMINOLE COUNTY",30002,"PROPOSITION NO. 2 SEMINOLE COUNTY AMBULANCE SERVICE 30% OF 1/4 CENT",,14,14,1,"FOR THE PROPOSITION - YES",,0,0,9,9,SEMINOLE
8/10/2021,"670030","SEMINOLE COUNTY",30002,"PROPOSITION NO. 2 SEMINOLE COUNTY AMBULANCE SERVICE 30% OF 1/4 CENT",,14,14,2,"AGAINST THE PROPOSITION - NO",,0,0,1,1,SEMINOLE
8/10/2021,"670030","SEMINOLE COUNTY",30003,"PROPOSITION NO. 3 COUNTY WIDE 911 SERVICE 30% OF 1/4 CENT",,14,14,1,"FOR THE PROPOSITION - YES",,0,0,10,10,SEMINOLE
8/10/2021,"670030","SEMINOLE COUNTY",30003,"PROPOSITION NO. 3 COUNTY WIDE 911 SERVICE 30% OF 1/4 CENT",,14,14,2,"AGAINST THE PROPOSITION - NO",,0,0,0,0,SEMINOLE
8/10/2021,"670032","SEMINOLE COUNTY",30001,"PROPOSITION NO. 1 SEMINOLE COUNTY FIRE DEPARTMENT'S 40% OF 1/4 CENT",,14,14,1,"FOR THE PROPOSITION - YES",,0,4,22,26,SEMINOLE
8/10/2021,"670032","SEMINOLE COUNTY",30001,"PROPOSITION NO. 1 SEMINOLE COUNTY FIRE DEPARTMENT'S 40% OF 1/4 CENT",,14,14,2,"AGAINST THE PROPOSITION - NO",,0,0,8,8,SEMINOLE
8/10/2021,"670032","SEMINOLE COUNTY",30002,"PROPOSITION NO. 2 SEMINOLE COUNTY AMBULANCE SERVICE 30% OF 1/4 CENT",,14,14,1,"FOR THE PROPOSITION - YES",,0,4,18,22,SEMINOLE
8/10/2021,"670032","SEMINOLE COUNTY",30002,"PROPOSITION NO. 2 SEMINOLE COUNTY AMBULANCE SERVICE 30% OF 1/4 CENT",,14,14,2,"AGAINST THE PROPOSITION - NO",,0,0,12,12,SEMINOLE
8/10/2021,"670032","SEMINOLE COUNTY",30003,"PROPOSITION NO. 3 COUNTY WIDE 911 SERVICE 30% OF 1/4 CENT",,14,14,1,"FOR THE PROPOSITION - YES",,0,4,22,26,SEMINOLE
8/10/2021,"670032","SEMINOLE COUNTY",30003,"PROPOSITION NO. 3 COUNTY WIDE 911 SERVICE 30% OF 1/4 CENT",,14,14,2,"AGAINST THE PROPOSITION - NO",,0,0,8,8,SEMINOLE
8/10/2021,"670033","SEMINOLE COUNTY",30001,"PROPOSITION NO. 1 SEMINOLE COUNTY FIRE DEPARTMENT'S 40% OF 1/4 CENT",,14,14,1,"FOR THE PROPOSITION - YES",,2,0,0,2,SEMINOLE
8/10/2021,"670033","SEMINOLE COUNTY",30001,"PROPOSITION NO. 1 SEMINOLE COUNTY FIRE DEPARTMENT'S 40% OF 1/4 CENT",,14,14,2,"AGAINST THE PROPOSITION - NO",,0,0,0,0,SEMINOLE
8/10/2021,"670033","SEMINOLE COUNTY",30002,"PROPOSITION NO. 2 SEMINOLE COUNTY AMBULANCE SERVICE 30% OF 1/4 CENT",,14,14,1,"FOR THE PROPOSITION - YES",,2,0,0,2,SEMINOLE
8/10/2021,"670033","SEMINOLE COUNTY",30002,"PROPOSITION NO. 2 SEMINOLE COUNTY AMBULANCE SERVICE 30% OF 1/4 CENT",,14,14,2,"AGAINST THE PROPOSITION - NO",,0,0,0,0,SEMINOLE
8/10/2021,"670033","SEMINOLE COUNTY",30003,"PROPOSITION NO. 3 COUNTY WIDE 911 SERVICE 30% OF 1/4 CENT",,14,14,1,"FOR THE PROPOSITION - YES",,2,0,0,2,SEMINOLE
8/10/2021,"670033","SEMINOLE COUNTY",30003,"PROPOSITION NO. 3 COUNTY WIDE 911 SERVICE 30% OF 1/4 CENT",,14,14,2,"AGAINST THE PROPOSITION - NO",,0,0,0,0,SEMINOLE
8/10/2021,"670034","SEMINOLE COUNTY",30001,"PROPOSITION NO. 1 SEMINOLE COUNTY FIRE DEPARTMENT'S 40% OF 1/4 CENT",,14,14,1,"FOR THE PROPOSITION - YES",,6,12,28,46,SEMINOLE
8/10/2021,"670034","SEMINOLE COUNTY",30001,"PROPOSITION NO. 1 SEMINOLE COUNTY FIRE DEPARTMENT'S 40% OF 1/4 CENT",,14,14,2,"AGAINST THE PROPOSITION - NO",,1,0,11,12,SEMINOLE
8/10/2021,"670034","SEMINOLE COUNTY",30002,"PROPOSITION NO. 2 SEMINOLE COUNTY AMBULANCE SERVICE 30% OF 1/4 CENT",,14,14,1,"FOR THE PROPOSITION - YES",,6,12,29,47,SEMINOLE
8/10/2021,"670034","SEMINOLE COUNTY",30002,"PROPOSITION NO. 2 SEMINOLE COUNTY AMBULANCE SERVICE 30% OF 1/4 CENT",,14,14,2,"AGAINST THE PROPOSITION - NO",,1,0,10,11,SEMINOLE
8/10/2021,"670034","SEMINOLE COUNTY",30003,"PROPOSITION NO. 3 COUNTY WIDE 911 SERVICE 30% OF 1/4 CENT",,14,14,1,"FOR THE PROPOSITION - YES",,6,12,28,46,SEMINOLE
8/10/2021,"670034","SEMINOLE COUNTY",30003,"PROPOSITION NO. 3 COUNTY WIDE 911 SERVICE 30% OF 1/4 CENT",,14,14,2,"AGAINST THE PROPOSITION - NO",,1,0,11,12,SEMINOLE
8/10/2021,"670035","SEMINOLE COUNTY",30001,"PROPOSITION NO. 1 SEMINOLE COUNTY FIRE DEPARTMENT'S 40% OF 1/4 CENT",,14,14,1,"FOR THE PROPOSITION - YES",,4,2,22,28,SEMINOLE
8/10/2021,"670035","SEMINOLE COUNTY",30001,"PROPOSITION NO. 1 SEMINOLE COUNTY FIRE DEPARTMENT'S 40% OF 1/4 CENT",,14,14,2,"AGAINST THE PROPOSITION - NO",,2,0,9,11,SEMINOLE
8/10/2021,"670035","SEMINOLE COUNTY",30002,"PROPOSITION NO. 2 SEMINOLE COUNTY AMBULANCE SERVICE 30% OF 1/4 CENT",,14,14,1,"FOR THE PROPOSITION - YES",,3,2,20,25,SEMINOLE
8/10/2021,"670035","SEMINOLE COUNTY",30002,"PROPOSITION NO. 2 SEMINOLE COUNTY AMBULANCE SERVICE 30% OF 1/4 CENT",,14,14,2,"AGAINST THE PROPOSITION - NO",,3,0,11,14,SEMINOLE
8/10/2021,"670035","SEMINOLE COUNTY",30003,"PROPOSITION NO. 3 COUNTY WIDE 911 SERVICE 30% OF 1/4 CENT",,14,14,1,"FOR THE PROPOSITION - YES",,3,2,23,28,SEMINOLE
8/10/2021,"670035","SEMINOLE COUNTY",30003,"PROPOSITION NO. 3 COUNTY WIDE 911 SERVICE 30% OF 1/4 CENT",,14,14,2,"AGAINST THE PROPOSITION - NO",,3,0,8,11,SEMINOLE
8/10/2021,"710001","CITY OF FREDERICK",47101,"PROPOSITION  CITY OF FREDERICK",,4,4,1,"FOR THE PROPOSITION - YES",,4,4,33,41,,
8/10/2021,"710001","CITY OF FREDERICK",47101,"PROPOSITION  CITY OF FREDERICK",,4,4,2,"AGAINST THE PROPOSITION - NO",,0,0,0,0,,
8/10/2021,"710002","CITY OF FREDERICK",47101,"PROPOSITION  CITY OF FREDERICK",,4,4,1,"FOR THE PROPOSITION - YES",,1,2,7,10,,
8/10/2021,"710002","CITY OF FREDERICK",47101,"PROPOSITION  CITY OF FREDERICK",,4,4,2,"AGAINST THE PROPOSITION - NO",,0,0,0,0,,
8/10/2021,"710003","CITY OF FREDERICK",47101,"PROPOSITION  CITY OF FREDERICK",,4,4,1,"FOR THE PROPOSITION - YES",,0,1,0,1,,
8/10/2021,"710003","CITY OF FREDERICK",47101,"PROPOSITION  CITY OF FREDERICK",,4,4,2,"AGAINST THE PROPOSITION - NO",,0,0,0,0,,
8/10/2021,"710004","CITY OF FREDERICK",47101,"PROPOSITION  CITY OF FREDERICK",,4,4,1,"FOR THE PROPOSITION - YES",,0,2,7,9,,
8/10/2021,"710004","CITY OF FREDERICK",47101,"PROPOSITION  CITY OF FREDERICK",,4,4,2,"AGAINST THE PROPOSITION - NO",,0,0,0,0,,
8/10/2021,"740011","BARTLESVILLE PUBLIC SCHOOLS INDEPENDENT SCHOOL DISTRICT NO. 030",57401,"PROPOSITION NO. 1  BARTLESVILLE PUBLIC SCHOOLS",,19,19,1,"FOR THE PROPOSITION - YES",,6,11,130,147,,
8/10/2021,"740011","BARTLESVILLE PUBLIC SCHOOLS INDEPENDENT SCHOOL DISTRICT NO. 030",57401,"PROPOSITION NO. 1  BARTLESVILLE PUBLIC SCHOOLS",,19,19,2,"AGAINST THE PROPOSITION - NO",,0,0,37,37,,
8/10/2021,"740011","BARTLESVILLE PUBLIC SCHOOLS INDEPENDENT SCHOOL DISTRICT NO. 030",57402,"PROPOSITION NO. 2  BARTLESVILLE PUBLIC SCHOOLS",,19,19,1,"FOR THE PROPOSITION - YES",,6,11,132,149,,
8/10/2021,"740011","BARTLESVILLE PUBLIC SCHOOLS INDEPENDENT SCHOOL DISTRICT NO. 030",57402,"PROPOSITION NO. 2  BARTLESVILLE PUBLIC SCHOOLS",,19,19,2,"AGAINST THE PROPOSITION - NO",,0,0,35,35,,
8/10/2021,"740012","BARTLESVILLE PUBLIC SCHOOLS INDEPENDENT SCHOOL DISTRICT NO. 030",57401,"PROPOSITION NO. 1  BARTLESVILLE PUBLIC SCHOOLS",,19,19,1,"FOR THE PROPOSITION - YES",,4,0,28,32,,
8/10/2021,"740012","BARTLESVILLE PUBLIC SCHOOLS INDEPENDENT SCHOOL DISTRICT NO. 030",57401,"PROPOSITION NO. 1  BARTLESVILLE PUBLIC SCHOOLS",,19,19,2,"AGAINST THE PROPOSITION - NO",,0,0,3,3,,
8/10/2021,"740012","BARTLESVILLE PUBLIC SCHOOLS INDEPENDENT SCHOOL DISTRICT NO. 030",57402,"PROPOSITION NO. 2  BARTLESVILLE PUBLIC SCHOOLS",,19,19,1,"FOR THE PROPOSITION - YES",,4,0,28,32,,
8/10/2021,"740012","BARTLESVILLE PUBLIC SCHOOLS INDEPENDENT SCHOOL DISTRICT NO. 030",57402,"PROPOSITION NO. 2  BARTLESVILLE PUBLIC SCHOOLS",,19,19,2,"AGAINST THE PROPOSITION - NO",,0,0,3,3,,
8/10/2021,"740013","BARTLESVILLE PUBLIC SCHOOLS INDEPENDENT SCHOOL DISTRICT NO. 030",57401,"PROPOSITION NO. 1  BARTLESVILLE PUBLIC SCHOOLS",,19,19,1,"FOR THE PROPOSITION - YES",,3,6,63,72,,
8/10/2021,"740013","BARTLESVILLE PUBLIC SCHOOLS INDEPENDENT SCHOOL DISTRICT NO. 030",57401,"PROPOSITION NO. 1  BARTLESVILLE PUBLIC SCHOOLS",,19,19,2,"AGAINST THE PROPOSITION - NO",,3,1,24,28,,
8/10/2021,"740013","BARTLESVILLE PUBLIC SCHOOLS INDEPENDENT SCHOOL DISTRICT NO. 030",57402,"PROPOSITION NO. 2  BARTLESVILLE PUBLIC SCHOOLS",,19,19,1,"FOR THE PROPOSITION - YES",,2,6,63,71,,
8/10/2021,"740013","BARTLESVILLE PUBLIC SCHOOLS INDEPENDENT SCHOOL DISTRICT NO. 030",57402,"PROPOSITION NO. 2  BARTLESVILLE PUBLIC SCHOOLS",,19,19,2,"AGAINST THE PROPOSITION - NO",,4,1,24,29,,
8/10/2021,"740015","BARTLESVILLE PUBLIC SCHOOLS INDEPENDENT SCHOOL DISTRICT NO. 030",57401,"PROPOSITION NO. 1  BARTLESVILLE PUBLIC SCHOOLS",,19,19,1,"FOR THE PROPOSITION - YES",,3,6,75,84,,
8/10/2021,"740015","BARTLESVILLE PUBLIC SCHOOLS INDEPENDENT SCHOOL DISTRICT NO. 030",57401,"PROPOSITION NO. 1  BARTLESVILLE PUBLIC SCHOOLS",,19,19,2,"AGAINST THE PROPOSITION - NO",,0,2,37,39,,
8/10/2021,"740015","BARTLESVILLE PUBLIC SCHOOLS INDEPENDENT SCHOOL DISTRICT NO. 030",57402,"PROPOSITION NO. 2  BARTLESVILLE PUBLIC SCHOOLS",,19,19,1,"FOR THE PROPOSITION - YES",,3,7,74,84,,
8/10/2021,"740015","BARTLESVILLE PUBLIC SCHOOLS INDEPENDENT SCHOOL DISTRICT NO. 030",57402,"PROPOSITION NO. 2  BARTLESVILLE PUBLIC SCHOOLS",,19,19,2,"AGAINST THE PROPOSITION - NO",,0,1,38,39,,
8/10/2021,"740022","BARTLESVILLE PUBLIC SCHOOLS INDEPENDENT SCHOOL DISTRICT NO. 030",57401,"PROPOSITION NO. 1  BARTLESVILLE PUBLIC SCHOOLS",,19,19,1,"FOR THE PROPOSITION - YES",,13,44,301,358,,
8/10/2021,"740022","BARTLESVILLE PUBLIC SCHOOLS INDEPENDENT SCHOOL DISTRICT NO. 030",57401,"PROPOSITION NO. 1  BARTLESVILLE PUBLIC SCHOOLS",,19,19,2,"AGAINST THE PROPOSITION - NO",,4,6,98,108,,
8/10/2021,"740022","BARTLESVILLE PUBLIC SCHOOLS INDEPENDENT SCHOOL DISTRICT NO. 030",57402,"PROPOSITION NO. 2  BARTLESVILLE PUBLIC SCHOOLS",,19,19,1,"FOR THE PROPOSITION - YES",,14,43,307,364,,
8/10/2021,"740022","BARTLESVILLE PUBLIC SCHOOLS INDEPENDENT SCHOOL DISTRICT NO. 030",57402,"PROPOSITION NO. 2  BARTLESVILLE PUBLIC SCHOOLS",,19,19,2,"AGAINST THE PROPOSITION - NO",,3,7,92,102,,
8/10/2021,"740027","BARTLESVILLE PUBLIC SCHOOLS INDEPENDENT SCHOOL DISTRICT NO. 030",57401,"PROPOSITION NO. 1  BARTLESVILLE PUBLIC SCHOOLS",,19,19,1,"FOR THE PROPOSITION - YES",,1,9,28,38,,
8/10/2021,"740027","BARTLESVILLE PUBLIC SCHOOLS INDEPENDENT SCHOOL DISTRICT NO. 030",57401,"PROPOSITION NO. 1  BARTLESVILLE PUBLIC SCHOOLS",,19,19,2,"AGAINST THE PROPOSITION - NO",,0,0,10,10,,
8/10/2021,"740027","BARTLESVILLE PUBLIC SCHOOLS INDEPENDENT SCHOOL DISTRICT NO. 030",57402,"PROPOSITION NO. 2  BARTLESVILLE PUBLIC SCHOOLS",,19,19,1,"FOR THE PROPOSITION - YES",,1,9,30,40,,
8/10/2021,"740027","BARTLESVILLE PUBLIC SCHOOLS INDEPENDENT SCHOOL DISTRICT NO. 030",57402,"PROPOSITION NO. 2  BARTLESVILLE PUBLIC SCHOOLS",,19,19,2,"AGAINST THE PROPOSITION - NO",,0,0,8,8,,
8/10/2021,"740028","BARTLESVILLE PUBLIC SCHOOLS INDEPENDENT SCHOOL DISTRICT NO. 030",57401,"PROPOSITION NO. 1  BARTLESVILLE PUBLIC SCHOOLS",,19,19,1,"FOR THE PROPOSITION - YES",,15,30,249,294,,
8/10/2021,"740028","BARTLESVILLE PUBLIC SCHOOLS INDEPENDENT SCHOOL DISTRICT NO. 030",57401,"PROPOSITION NO. 1  BARTLESVILLE PUBLIC SCHOOLS",,19,19,2,"AGAINST THE PROPOSITION - NO",,1,4,74,79,,
8/10/2021,"740028","BARTLESVILLE PUBLIC SCHOOLS INDEPENDENT SCHOOL DISTRICT NO. 030",57402,"PROPOSITION NO. 2  BARTLESVILLE PUBLIC SCHOOLS",,19,19,1,"FOR THE PROPOSITION - YES",,17,30,258,305,,
8/10/2021,"740028","BARTLESVILLE PUBLIC SCHOOLS INDEPENDENT SCHOOL DISTRICT NO. 030",57402,"PROPOSITION NO. 2  BARTLESVILLE PUBLIC SCHOOLS",,19,19,2,"AGAINST THE PROPOSITION - NO",,0,4,65,69,,
8/10/2021,"740031","BARTLESVILLE PUBLIC SCHOOLS INDEPENDENT SCHOOL DISTRICT NO. 030",57401,"PROPOSITION NO. 1  BARTLESVILLE PUBLIC SCHOOLS",,19,19,1,"FOR THE PROPOSITION - YES",,9,15,174,198,,
8/10/2021,"740031","BARTLESVILLE PUBLIC SCHOOLS INDEPENDENT SCHOOL DISTRICT NO. 030",57401,"PROPOSITION NO. 1  BARTLESVILLE PUBLIC SCHOOLS",,19,19,2,"AGAINST THE PROPOSITION - NO",,3,6,45,54,,
8/10/2021,"740031","BARTLESVILLE PUBLIC SCHOOLS INDEPENDENT SCHOOL DISTRICT NO. 030",57402,"PROPOSITION NO. 2  BARTLESVILLE PUBLIC SCHOOLS",,19,19,1,"FOR THE PROPOSITION - YES",,9,16,176,201,,
8/10/2021,"740031","BARTLESVILLE PUBLIC SCHOOLS INDEPENDENT SCHOOL DISTRICT NO. 030",57402,"PROPOSITION NO. 2  BARTLESVILLE PUBLIC SCHOOLS",,19,19,2,"AGAINST THE PROPOSITION - NO",,2,5,45,52,,
8/10/2021,"740033","BARTLESVILLE PUBLIC SCHOOLS INDEPENDENT SCHOOL DISTRICT NO. 030",57401,"PROPOSITION NO. 1  BARTLESVILLE PUBLIC SCHOOLS",,19,19,1,"FOR THE PROPOSITION - YES",,1,1,14,16,,
8/10/2021,"740033","BARTLESVILLE PUBLIC SCHOOLS INDEPENDENT SCHOOL DISTRICT NO. 030",57401,"PROPOSITION NO. 1  BARTLESVILLE PUBLIC SCHOOLS",,19,19,2,"AGAINST THE PROPOSITION - NO",,2,0,8,10,,
8/10/2021,"740033","BARTLESVILLE PUBLIC SCHOOLS INDEPENDENT SCHOOL DISTRICT NO. 030",57402,"PROPOSITION NO. 2  BARTLESVILLE PUBLIC SCHOOLS",,19,19,1,"FOR THE PROPOSITION - YES",,1,1,16,18,,
8/10/2021,"740033","BARTLESVILLE PUBLIC SCHOOLS INDEPENDENT SCHOOL DISTRICT NO. 030",57402,"PROPOSITION NO. 2  BARTLESVILLE PUBLIC SCHOOLS",,19,19,2,"AGAINST THE PROPOSITION - NO",,2,0,6,8,,
8/10/2021,"740046","BARTLESVILLE PUBLIC SCHOOLS INDEPENDENT SCHOOL DISTRICT NO. 030",57401,"PROPOSITION NO. 1  BARTLESVILLE PUBLIC SCHOOLS",,19,19,1,"FOR THE PROPOSITION - YES",,0,1,18,19,,
8/10/2021,"740046","BARTLESVILLE PUBLIC SCHOOLS INDEPENDENT SCHOOL DISTRICT NO. 030",57401,"PROPOSITION NO. 1  BARTLESVILLE PUBLIC SCHOOLS",,19,19,2,"AGAINST THE PROPOSITION - NO",,0,2,27,29,,
8/10/2021,"740046","BARTLESVILLE PUBLIC SCHOOLS INDEPENDENT SCHOOL DISTRICT NO. 030",57402,"PROPOSITION NO. 2  BARTLESVILLE PUBLIC SCHOOLS",,19,19,1,"FOR THE PROPOSITION - YES",,0,1,18,19,,
8/10/2021,"740046","BARTLESVILLE PUBLIC SCHOOLS INDEPENDENT SCHOOL DISTRICT NO. 030",57402,"PROPOSITION NO. 2  BARTLESVILLE PUBLIC SCHOOLS",,19,19,2,"AGAINST THE PROPOSITION - NO",,0,2,27,29,,
8/10/2021,"740048","BARTLESVILLE PUBLIC SCHOOLS INDEPENDENT SCHOOL DISTRICT NO. 030",57401,"PROPOSITION NO. 1  BARTLESVILLE PUBLIC SCHOOLS",,19,19,1,"FOR THE PROPOSITION - YES",,6,3,29,38,,
8/10/2021,"740048","BARTLESVILLE PUBLIC SCHOOLS INDEPENDENT SCHOOL DISTRICT NO. 030",57401,"PROPOSITION NO. 1  BARTLESVILLE PUBLIC SCHOOLS",,19,19,2,"AGAINST THE PROPOSITION - NO",,0,0,18,18,,
8/10/2021,"740048","BARTLESVILLE PUBLIC SCHOOLS INDEPENDENT SCHOOL DISTRICT NO. 030",57402,"PROPOSITION NO. 2  BARTLESVILLE PUBLIC SCHOOLS",,19,19,1,"FOR THE PROPOSITION - YES",,5,3,31,39,,
8/10/2021,"740048","BARTLESVILLE PUBLIC SCHOOLS INDEPENDENT SCHOOL DISTRICT NO. 030",57402,"PROPOSITION NO. 2  BARTLESVILLE PUBLIC SCHOOLS",,19,19,2,"AGAINST THE PROPOSITION - NO",,1,0,15,16,,
8/10/2021,"740051","BARTLESVILLE PUBLIC SCHOOLS INDEPENDENT SCHOOL DISTRICT NO. 030",57401,"PROPOSITION NO. 1  BARTLESVILLE PUBLIC SCHOOLS",,19,19,1,"FOR THE PROPOSITION - YES",,6,12,142,160,,
8/10/2021,"740051","BARTLESVILLE PUBLIC SCHOOLS INDEPENDENT SCHOOL DISTRICT NO. 030",57401,"PROPOSITION NO. 1  BARTLESVILLE PUBLIC SCHOOLS",,19,19,2,"AGAINST THE PROPOSITION - NO",,3,0,53,56,,
8/10/2021,"740051","BARTLESVILLE PUBLIC SCHOOLS INDEPENDENT SCHOOL DISTRICT NO. 030",57402,"PROPOSITION NO. 2  BARTLESVILLE PUBLIC SCHOOLS",,19,19,1,"FOR THE PROPOSITION - YES",,5,12,149,166,,
8/10/2021,"740051","BARTLESVILLE PUBLIC SCHOOLS INDEPENDENT SCHOOL DISTRICT NO. 030",57402,"PROPOSITION NO. 2  BARTLESVILLE PUBLIC SCHOOLS",,19,19,2,"AGAINST THE PROPOSITION - NO",,4,0,46,50,,
8/10/2021,"740054","BARTLESVILLE PUBLIC SCHOOLS INDEPENDENT SCHOOL DISTRICT NO. 030",57401,"PROPOSITION NO. 1  BARTLESVILLE PUBLIC SCHOOLS",,19,19,1,"FOR THE PROPOSITION - YES",,21,10,141,172,,
8/10/2021,"740054","BARTLESVILLE PUBLIC SCHOOLS INDEPENDENT SCHOOL DISTRICT NO. 030",57401,"PROPOSITION NO. 1  BARTLESVILLE PUBLIC SCHOOLS",,19,19,2,"AGAINST THE PROPOSITION - NO",,5,4,42,51,,
8/10/2021,"740054","BARTLESVILLE PUBLIC SCHOOLS INDEPENDENT SCHOOL DISTRICT NO. 030",57402,"PROPOSITION NO. 2  BARTLESVILLE PUBLIC SCHOOLS",,19,19,1,"FOR THE PROPOSITION - YES",,21,10,142,173,,
8/10/2021,"740054","BARTLESVILLE PUBLIC SCHOOLS INDEPENDENT SCHOOL DISTRICT NO. 030",57402,"PROPOSITION NO. 2  BARTLESVILLE PUBLIC SCHOOLS",,19,19,2,"AGAINST THE PROPOSITION - NO",,5,4,41,50,,
8/10/2021,"740074","BARTLESVILLE PUBLIC SCHOOLS INDEPENDENT SCHOOL DISTRICT NO. 030",57401,"PROPOSITION NO. 1  BARTLESVILLE PUBLIC SCHOOLS",,19,19,1,"FOR THE PROPOSITION - YES",,0,2,3,5,,
8/10/2021,"740074","BARTLESVILLE PUBLIC SCHOOLS INDEPENDENT SCHOOL DISTRICT NO. 030",57401,"PROPOSITION NO. 1  BARTLESVILLE PUBLIC SCHOOLS",,19,19,2,"AGAINST THE PROPOSITION - NO",,0,0,1,1,,
8/10/2021,"740074","BARTLESVILLE PUBLIC SCHOOLS INDEPENDENT SCHOOL DISTRICT NO. 030",57402,"PROPOSITION NO. 2  BARTLESVILLE PUBLIC SCHOOLS",,19,19,1,"FOR THE PROPOSITION - YES",,0,2,3,5,,
8/10/2021,"740074","BARTLESVILLE PUBLIC SCHOOLS INDEPENDENT SCHOOL DISTRICT NO. 030",57402,"PROPOSITION NO. 2  BARTLESVILLE PUBLIC SCHOOLS",,19,19,2,"AGAINST THE PROPOSITION - NO",,0,0,1,1,,
8/10/2021,"740075","BARTLESVILLE PUBLIC SCHOOLS INDEPENDENT SCHOOL DISTRICT NO. 030",57401,"PROPOSITION NO. 1  BARTLESVILLE PUBLIC SCHOOLS",,19,19,1,"FOR THE PROPOSITION - YES",,4,5,48,57,,
8/10/2021,"740075","BARTLESVILLE PUBLIC SCHOOLS INDEPENDENT SCHOOL DISTRICT NO. 030",57401,"PROPOSITION NO. 1  BARTLESVILLE PUBLIC SCHOOLS",,19,19,2,"AGAINST THE PROPOSITION - NO",,0,0,14,14,,
8/10/2021,"740075","BARTLESVILLE PUBLIC SCHOOLS INDEPENDENT SCHOOL DISTRICT NO. 030",57402,"PROPOSITION NO. 2  BARTLESVILLE PUBLIC SCHOOLS",,19,19,1,"FOR THE PROPOSITION - YES",,4,5,48,57,,
8/10/2021,"740075","BARTLESVILLE PUBLIC SCHOOLS INDEPENDENT SCHOOL DISTRICT NO. 030",57402,"PROPOSITION NO. 2  BARTLESVILLE PUBLIC SCHOOLS",,19,19,2,"AGAINST THE PROPOSITION - NO",,0,0,14,14,,
8/10/2021,"740076","BARTLESVILLE PUBLIC SCHOOLS INDEPENDENT SCHOOL DISTRICT NO. 030",57401,"PROPOSITION NO. 1  BARTLESVILLE PUBLIC SCHOOLS",,19,19,1,"FOR THE PROPOSITION - YES",,0,0,5,5,,
8/10/2021,"740076","BARTLESVILLE PUBLIC SCHOOLS INDEPENDENT SCHOOL DISTRICT NO. 030",57401,"PROPOSITION NO. 1  BARTLESVILLE PUBLIC SCHOOLS",,19,19,2,"AGAINST THE PROPOSITION - NO",,0,0,1,1,,
8/10/2021,"740076","BARTLESVILLE PUBLIC SCHOOLS INDEPENDENT SCHOOL DISTRICT NO. 030",57402,"PROPOSITION NO. 2  BARTLESVILLE PUBLIC SCHOOLS",,19,19,1,"FOR THE PROPOSITION - YES",,0,0,5,5,,
8/10/2021,"740076","BARTLESVILLE PUBLIC SCHOOLS INDEPENDENT SCHOOL DISTRICT NO. 030",57402,"PROPOSITION NO. 2  BARTLESVILLE PUBLIC SCHOOLS",,19,19,2,"AGAINST THE PROPOSITION - NO",,0,0,1,1,,
8/10/2021,"740711","BARTLESVILLE PUBLIC SCHOOLS INDEPENDENT SCHOOL DISTRICT NO. 030",57401,"PROPOSITION NO. 1  BARTLESVILLE PUBLIC SCHOOLS",,19,19,1,"FOR THE PROPOSITION - YES",,0,5,23,28,,
8/10/2021,"740711","BARTLESVILLE PUBLIC SCHOOLS INDEPENDENT SCHOOL DISTRICT NO. 030",57401,"PROPOSITION NO. 1  BARTLESVILLE PUBLIC SCHOOLS",,19,19,2,"AGAINST THE PROPOSITION - NO",,0,2,2,4,,
8/10/2021,"740711","BARTLESVILLE PUBLIC SCHOOLS INDEPENDENT SCHOOL DISTRICT NO. 030",57402,"PROPOSITION NO. 2  BARTLESVILLE PUBLIC SCHOOLS",,19,19,1,"FOR THE PROPOSITION - YES",,0,5,24,29,,
8/10/2021,"740711","BARTLESVILLE PUBLIC SCHOOLS INDEPENDENT SCHOOL DISTRICT NO. 030",57402,"PROPOSITION NO. 2  BARTLESVILLE PUBLIC SCHOOLS",,19,19,2,"AGAINST THE PROPOSITION - NO",,0,2,2,4,,
8/10/2021,"770104","SHARON-MUTUAL PUBLIC SCHOOLS INDEPENDENT SCHOOL DISTRICT NO. 003",57701,"PROPOSITION  SHARON-MUTUAL PUBLIC SCHOOLS",,7,7,1,"FOR THE PROPOSITION - YES",,0,0,0,0,,
8/10/2021,"770104","SHARON-MUTUAL PUBLIC SCHOOLS INDEPENDENT SCHOOL DISTRICT NO. 003",57701,"PROPOSITION  SHARON-MUTUAL PUBLIC SCHOOLS",,7,7,2,"AGAINST THE PROPOSITION - NO",,2,0,0,2,,
8/10/2021,"770106","SHARON-MUTUAL PUBLIC SCHOOLS INDEPENDENT SCHOOL DISTRICT NO. 003",57701,"PROPOSITION  SHARON-MUTUAL PUBLIC SCHOOLS",,7,7,1,"FOR THE PROPOSITION - YES",,1,0,0,1,,
8/10/2021,"770106","SHARON-MUTUAL PUBLIC SCHOOLS INDEPENDENT SCHOOL DISTRICT NO. 003",57701,"PROPOSITION  SHARON-MUTUAL PUBLIC SCHOOLS",,7,7,2,"AGAINST THE PROPOSITION - NO",,0,0,0,0,,
8/10/2021,"770201","SHARON-MUTUAL PUBLIC SCHOOLS INDEPENDENT SCHOOL DISTRICT NO. 003",57701,"PROPOSITION  SHARON-MUTUAL PUBLIC SCHOOLS",,7,7,1,"FOR THE PROPOSITION - YES",,0,0,0,0,,
8/10/2021,"770201","SHARON-MUTUAL PUBLIC SCHOOLS INDEPENDENT SCHOOL DISTRICT NO. 003",57701,"PROPOSITION  SHARON-MUTUAL PUBLIC SCHOOLS",,7,7,2,"AGAINST THE PROPOSITION - NO",,0,0,0,0,,
8/10/2021,"770203","SHARON-MUTUAL PUBLIC SCHOOLS INDEPENDENT SCHOOL DISTRICT NO. 003",57701,"PROPOSITION  SHARON-MUTUAL PUBLIC SCHOOLS",,7,7,1,"FOR THE PROPOSITION - YES",,0,5,65,70,,
8/10/2021,"770203","SHARON-MUTUAL PUBLIC SCHOOLS INDEPENDENT SCHOOL DISTRICT NO. 003",57701,"PROPOSITION  SHARON-MUTUAL PUBLIC SCHOOLS",,7,7,2,"AGAINST THE PROPOSITION - NO",,1,2,55,58,,
8/10/2021,"770204","SHARON-MUTUAL PUBLIC SCHOOLS INDEPENDENT SCHOOL DISTRICT NO. 003",57701,"PROPOSITION  SHARON-MUTUAL PUBLIC SCHOOLS",,7,7,1,"FOR THE PROPOSITION - YES",,0,0,25,25,,
8/10/2021,"770204","SHARON-MUTUAL PUBLIC SCHOOLS INDEPENDENT SCHOOL DISTRICT NO. 003",57701,"PROPOSITION  SHARON-MUTUAL PUBLIC SCHOOLS",,7,7,2,"AGAINST THE PROPOSITION - NO",,1,3,49,53,,
8/10/2021,"770306","SHARON-MUTUAL PUBLIC SCHOOLS INDEPENDENT SCHOOL DISTRICT NO. 003",57701,"PROPOSITION  SHARON-MUTUAL PUBLIC SCHOOLS",,7,7,1,"FOR THE PROPOSITION - YES",,2,5,11,18,,
8/10/2021,"770306","SHARON-MUTUAL PUBLIC SCHOOLS INDEPENDENT SCHOOL DISTRICT NO. 003",57701,"PROPOSITION  SHARON-MUTUAL PUBLIC SCHOOLS",,7,7,2,"AGAINST THE PROPOSITION - NO",,0,0,6,6,,
