elec_date,precinct,entity_description,race_number,race_description,race_party,tot_race_prec,race_prec_reporting,cand_number,cand_name,cand_party,cand_absmail_votes,cand_early_votes,cand_elecday_votes,cand_tot_votes,race_county_owner
9/8/2015,"030008","ROCK CREEK PUBLIC SCHOOLS INDEPENDENT SCHOOL DISTRICT NO. 002",50704,"PROPOSITION  ROCK CREEK PUBLIC SCHOOLS",,11,11,1,"FOR THE PROPOSITION - YES",,0,0,0,0,,
9/8/2015,"030008","ROCK CREEK PUBLIC SCHOOLS INDEPENDENT SCHOOL DISTRICT NO. 002",50704,"PROPOSITION  ROCK CREEK PUBLIC SCHOOLS",,11,11,2,"AGAINST THE PROPOSITION - NO",,0,0,0,0,,
9/8/2015,"030016","ROCK CREEK PUBLIC SCHOOLS INDEPENDENT SCHOOL DISTRICT NO. 002",50704,"PROPOSITION  ROCK CREEK PUBLIC SCHOOLS",,11,11,1,"FOR THE PROPOSITION - YES",,0,0,0,0,,
9/8/2015,"030016","ROCK CREEK PUBLIC SCHOOLS INDEPENDENT SCHOOL DISTRICT NO. 002",50704,"PROPOSITION  ROCK CREEK PUBLIC SCHOOLS",,11,11,2,"AGAINST THE PROPOSITION - NO",,0,0,0,0,,
9/8/2015,"050111","SAYRE PUBLIC SCHOOLS INDEPENDENT SCHOOL DISTRICT NO. 031",50501,"PROPOSITION NO. 1  SAYRE PUBLIC SCHOOLS",,11,11,1,"FOR THE PROPOSITION - YES",,6,10,152,168,,
9/8/2015,"050111","SAYRE PUBLIC SCHOOLS INDEPENDENT SCHOOL DISTRICT NO. 031",50501,"PROPOSITION NO. 1  SAYRE PUBLIC SCHOOLS",,11,11,2,"AGAINST THE PROPOSITION - NO",,1,3,42,46,,
9/8/2015,"050111","SAYRE PUBLIC SCHOOLS INDEPENDENT SCHOOL DISTRICT NO. 031",50502,"PROPOSITION NO. 2  SAYRE PUBLIC SCHOOLS",,11,11,1,"FOR THE PROPOSITION - YES",,6,11,153,170,,
9/8/2015,"050111","SAYRE PUBLIC SCHOOLS INDEPENDENT SCHOOL DISTRICT NO. 031",50502,"PROPOSITION NO. 2  SAYRE PUBLIC SCHOOLS",,11,11,2,"AGAINST THE PROPOSITION - NO",,1,2,42,45,,
9/8/2015,"050112","SAYRE PUBLIC SCHOOLS INDEPENDENT SCHOOL DISTRICT NO. 031",50501,"PROPOSITION NO. 1  SAYRE PUBLIC SCHOOLS",,11,11,1,"FOR THE PROPOSITION - YES",,1,4,47,52,,
9/8/2015,"050112","SAYRE PUBLIC SCHOOLS INDEPENDENT SCHOOL DISTRICT NO. 031",50501,"PROPOSITION NO. 1  SAYRE PUBLIC SCHOOLS",,11,11,2,"AGAINST THE PROPOSITION - NO",,2,0,29,31,,
9/8/2015,"050112","SAYRE PUBLIC SCHOOLS INDEPENDENT SCHOOL DISTRICT NO. 031",50502,"PROPOSITION NO. 2  SAYRE PUBLIC SCHOOLS",,11,11,1,"FOR THE PROPOSITION - YES",,1,5,54,60,,
9/8/2015,"050112","SAYRE PUBLIC SCHOOLS INDEPENDENT SCHOOL DISTRICT NO. 031",50502,"PROPOSITION NO. 2  SAYRE PUBLIC SCHOOLS",,11,11,2,"AGAINST THE PROPOSITION - NO",,2,0,22,24,,
9/8/2015,"050115","SAYRE PUBLIC SCHOOLS INDEPENDENT SCHOOL DISTRICT NO. 031",50501,"PROPOSITION NO. 1  SAYRE PUBLIC SCHOOLS",,11,11,1,"FOR THE PROPOSITION - YES",,0,1,17,18,,
9/8/2015,"050115","SAYRE PUBLIC SCHOOLS INDEPENDENT SCHOOL DISTRICT NO. 031",50501,"PROPOSITION NO. 1  SAYRE PUBLIC SCHOOLS",,11,11,2,"AGAINST THE PROPOSITION - NO",,0,2,5,7,,
9/8/2015,"050115","SAYRE PUBLIC SCHOOLS INDEPENDENT SCHOOL DISTRICT NO. 031",50502,"PROPOSITION NO. 2  SAYRE PUBLIC SCHOOLS",,11,11,1,"FOR THE PROPOSITION - YES",,0,1,18,19,,
9/8/2015,"050115","SAYRE PUBLIC SCHOOLS INDEPENDENT SCHOOL DISTRICT NO. 031",50502,"PROPOSITION NO. 2  SAYRE PUBLIC SCHOOLS",,11,11,2,"AGAINST THE PROPOSITION - NO",,0,2,4,6,,
9/8/2015,"050235","SAYRE PUBLIC SCHOOLS INDEPENDENT SCHOOL DISTRICT NO. 031",50501,"PROPOSITION NO. 1  SAYRE PUBLIC SCHOOLS",,11,11,1,"FOR THE PROPOSITION - YES",,0,0,0,0,,
9/8/2015,"050235","SAYRE PUBLIC SCHOOLS INDEPENDENT SCHOOL DISTRICT NO. 031",50501,"PROPOSITION NO. 1  SAYRE PUBLIC SCHOOLS",,11,11,2,"AGAINST THE PROPOSITION - NO",,0,0,0,0,,
9/8/2015,"050235","SAYRE PUBLIC SCHOOLS INDEPENDENT SCHOOL DISTRICT NO. 031",50502,"PROPOSITION NO. 2  SAYRE PUBLIC SCHOOLS",,11,11,1,"FOR THE PROPOSITION - YES",,0,0,0,0,,
9/8/2015,"050235","SAYRE PUBLIC SCHOOLS INDEPENDENT SCHOOL DISTRICT NO. 031",50502,"PROPOSITION NO. 2  SAYRE PUBLIC SCHOOLS",,11,11,2,"AGAINST THE PROPOSITION - NO",,0,0,0,0,,
9/8/2015,"050242","SAYRE PUBLIC SCHOOLS INDEPENDENT SCHOOL DISTRICT NO. 031",50501,"PROPOSITION NO. 1  SAYRE PUBLIC SCHOOLS",,11,11,1,"FOR THE PROPOSITION - YES",,2,2,4,8,,
9/8/2015,"050242","SAYRE PUBLIC SCHOOLS INDEPENDENT SCHOOL DISTRICT NO. 031",50501,"PROPOSITION NO. 1  SAYRE PUBLIC SCHOOLS",,11,11,2,"AGAINST THE PROPOSITION - NO",,0,1,1,2,,
9/8/2015,"050242","SAYRE PUBLIC SCHOOLS INDEPENDENT SCHOOL DISTRICT NO. 031",50502,"PROPOSITION NO. 2  SAYRE PUBLIC SCHOOLS",,11,11,1,"FOR THE PROPOSITION - YES",,2,2,4,8,,
9/8/2015,"050242","SAYRE PUBLIC SCHOOLS INDEPENDENT SCHOOL DISTRICT NO. 031",50502,"PROPOSITION NO. 2  SAYRE PUBLIC SCHOOLS",,11,11,2,"AGAINST THE PROPOSITION - NO",,0,2,1,3,,
9/8/2015,"050320","SAYRE PUBLIC SCHOOLS INDEPENDENT SCHOOL DISTRICT NO. 031",50501,"PROPOSITION NO. 1  SAYRE PUBLIC SCHOOLS",,11,11,1,"FOR THE PROPOSITION - YES",,0,0,0,0,,
9/8/2015,"050320","SAYRE PUBLIC SCHOOLS INDEPENDENT SCHOOL DISTRICT NO. 031",50501,"PROPOSITION NO. 1  SAYRE PUBLIC SCHOOLS",,11,11,2,"AGAINST THE PROPOSITION - NO",,0,0,0,0,,
9/8/2015,"050320","SAYRE PUBLIC SCHOOLS INDEPENDENT SCHOOL DISTRICT NO. 031",50502,"PROPOSITION NO. 2  SAYRE PUBLIC SCHOOLS",,11,11,1,"FOR THE PROPOSITION - YES",,0,0,0,0,,
9/8/2015,"050320","SAYRE PUBLIC SCHOOLS INDEPENDENT SCHOOL DISTRICT NO. 031",50502,"PROPOSITION NO. 2  SAYRE PUBLIC SCHOOLS",,11,11,2,"AGAINST THE PROPOSITION - NO",,0,0,0,0,,
9/8/2015,"050330","SAYRE PUBLIC SCHOOLS INDEPENDENT SCHOOL DISTRICT NO. 031",50501,"PROPOSITION NO. 1  SAYRE PUBLIC SCHOOLS",,11,11,1,"FOR THE PROPOSITION - YES",,0,1,0,1,,
9/8/2015,"050330","SAYRE PUBLIC SCHOOLS INDEPENDENT SCHOOL DISTRICT NO. 031",50501,"PROPOSITION NO. 1  SAYRE PUBLIC SCHOOLS",,11,11,2,"AGAINST THE PROPOSITION - NO",,0,0,0,0,,
9/8/2015,"050330","SAYRE PUBLIC SCHOOLS INDEPENDENT SCHOOL DISTRICT NO. 031",50502,"PROPOSITION NO. 2  SAYRE PUBLIC SCHOOLS",,11,11,1,"FOR THE PROPOSITION - YES",,0,1,0,1,,
9/8/2015,"050330","SAYRE PUBLIC SCHOOLS INDEPENDENT SCHOOL DISTRICT NO. 031",50502,"PROPOSITION NO. 2  SAYRE PUBLIC SCHOOLS",,11,11,2,"AGAINST THE PROPOSITION - NO",,0,0,0,0,,
9/8/2015,"050343","SAYRE PUBLIC SCHOOLS INDEPENDENT SCHOOL DISTRICT NO. 031",50501,"PROPOSITION NO. 1  SAYRE PUBLIC SCHOOLS",,11,11,1,"FOR THE PROPOSITION - YES",,0,3,1,4,,
9/8/2015,"050343","SAYRE PUBLIC SCHOOLS INDEPENDENT SCHOOL DISTRICT NO. 031",50501,"PROPOSITION NO. 1  SAYRE PUBLIC SCHOOLS",,11,11,2,"AGAINST THE PROPOSITION - NO",,1,2,2,5,,
9/8/2015,"050343","SAYRE PUBLIC SCHOOLS INDEPENDENT SCHOOL DISTRICT NO. 031",50502,"PROPOSITION NO. 2  SAYRE PUBLIC SCHOOLS",,11,11,1,"FOR THE PROPOSITION - YES",,1,3,2,6,,
9/8/2015,"050343","SAYRE PUBLIC SCHOOLS INDEPENDENT SCHOOL DISTRICT NO. 031",50502,"PROPOSITION NO. 2  SAYRE PUBLIC SCHOOLS",,11,11,2,"AGAINST THE PROPOSITION - NO",,0,2,2,4,,
9/8/2015,"070003","DURANT PUBLIC SCHOOLS INDEPENDENT SCHOOL DISTRICT NO. 072",50702,"PROPOSITION NO. 1  DURANT PUBLIC SCHOOLS",,11,11,1,"FOR THE PROPOSITION - YES",,2,4,72,78,,
9/8/2015,"070003","DURANT PUBLIC SCHOOLS INDEPENDENT SCHOOL DISTRICT NO. 072",50702,"PROPOSITION NO. 1  DURANT PUBLIC SCHOOLS",,11,11,2,"AGAINST THE PROPOSITION - NO",,0,1,19,20,,
9/8/2015,"070003","DURANT PUBLIC SCHOOLS INDEPENDENT SCHOOL DISTRICT NO. 072",50703,"PROPOSITION NO. 2  DURANT PUBLIC SCHOOLS",,11,11,1,"FOR THE PROPOSITION - YES",,2,5,74,81,,
9/8/2015,"070003","DURANT PUBLIC SCHOOLS INDEPENDENT SCHOOL DISTRICT NO. 072",50703,"PROPOSITION NO. 2  DURANT PUBLIC SCHOOLS",,11,11,2,"AGAINST THE PROPOSITION - NO",,0,0,19,19,,
9/8/2015,"070004","DURANT PUBLIC SCHOOLS INDEPENDENT SCHOOL DISTRICT NO. 072",50702,"PROPOSITION NO. 1  DURANT PUBLIC SCHOOLS",,11,11,1,"FOR THE PROPOSITION - YES",,3,2,68,73,,
9/8/2015,"070004","DURANT PUBLIC SCHOOLS INDEPENDENT SCHOOL DISTRICT NO. 072",50702,"PROPOSITION NO. 1  DURANT PUBLIC SCHOOLS",,11,11,2,"AGAINST THE PROPOSITION - NO",,2,1,21,24,,
9/8/2015,"070004","DURANT PUBLIC SCHOOLS INDEPENDENT SCHOOL DISTRICT NO. 072",50703,"PROPOSITION NO. 2  DURANT PUBLIC SCHOOLS",,11,11,1,"FOR THE PROPOSITION - YES",,3,2,70,75,,
9/8/2015,"070004","DURANT PUBLIC SCHOOLS INDEPENDENT SCHOOL DISTRICT NO. 072",50703,"PROPOSITION NO. 2  DURANT PUBLIC SCHOOLS",,11,11,2,"AGAINST THE PROPOSITION - NO",,2,1,23,26,,
9/8/2015,"070004","ROCK CREEK PUBLIC SCHOOLS INDEPENDENT SCHOOL DISTRICT NO. 002",50704,"PROPOSITION  ROCK CREEK PUBLIC SCHOOLS",,11,11,1,"FOR THE PROPOSITION - YES",,0,0,0,0,,
9/8/2015,"070004","ROCK CREEK PUBLIC SCHOOLS INDEPENDENT SCHOOL DISTRICT NO. 002",50704,"PROPOSITION  ROCK CREEK PUBLIC SCHOOLS",,11,11,2,"AGAINST THE PROPOSITION - NO",,0,0,0,0,,
9/8/2015,"070005","DURANT PUBLIC SCHOOLS INDEPENDENT SCHOOL DISTRICT NO. 072",50702,"PROPOSITION NO. 1  DURANT PUBLIC SCHOOLS",,11,11,1,"FOR THE PROPOSITION - YES",,6,7,91,104,,
9/8/2015,"070005","DURANT PUBLIC SCHOOLS INDEPENDENT SCHOOL DISTRICT NO. 072",50702,"PROPOSITION NO. 1  DURANT PUBLIC SCHOOLS",,11,11,2,"AGAINST THE PROPOSITION - NO",,4,2,29,35,,
9/8/2015,"070005","DURANT PUBLIC SCHOOLS INDEPENDENT SCHOOL DISTRICT NO. 072",50703,"PROPOSITION NO. 2  DURANT PUBLIC SCHOOLS",,11,11,1,"FOR THE PROPOSITION - YES",,6,7,94,107,,
9/8/2015,"070005","DURANT PUBLIC SCHOOLS INDEPENDENT SCHOOL DISTRICT NO. 072",50703,"PROPOSITION NO. 2  DURANT PUBLIC SCHOOLS",,11,11,2,"AGAINST THE PROPOSITION - NO",,5,2,27,34,,
9/8/2015,"070008","DURANT PUBLIC SCHOOLS INDEPENDENT SCHOOL DISTRICT NO. 072",50702,"PROPOSITION NO. 1  DURANT PUBLIC SCHOOLS",,11,11,1,"FOR THE PROPOSITION - YES",,4,10,105,119,,
9/8/2015,"070008","DURANT PUBLIC SCHOOLS INDEPENDENT SCHOOL DISTRICT NO. 072",50702,"PROPOSITION NO. 1  DURANT PUBLIC SCHOOLS",,11,11,2,"AGAINST THE PROPOSITION - NO",,2,1,26,29,,
9/8/2015,"070008","DURANT PUBLIC SCHOOLS INDEPENDENT SCHOOL DISTRICT NO. 072",50703,"PROPOSITION NO. 2  DURANT PUBLIC SCHOOLS",,11,11,1,"FOR THE PROPOSITION - YES",,4,10,105,119,,
9/8/2015,"070008","DURANT PUBLIC SCHOOLS INDEPENDENT SCHOOL DISTRICT NO. 072",50703,"PROPOSITION NO. 2  DURANT PUBLIC SCHOOLS",,11,11,2,"AGAINST THE PROPOSITION - NO",,2,1,28,31,,
9/8/2015,"070010","ACHILLE PUBLIC SCHOOLS INDEPENDENT SCHOOL DISTRICT NO. 003",50701,"PROPOSITION  ACHILLE PUBLIC SCHOOLS",,4,4,1,"FOR THE PROPOSITION - YES",,0,0,73,73,,
9/8/2015,"070010","ACHILLE PUBLIC SCHOOLS INDEPENDENT SCHOOL DISTRICT NO. 003",50701,"PROPOSITION  ACHILLE PUBLIC SCHOOLS",,4,4,2,"AGAINST THE PROPOSITION - NO",,0,0,27,27,,
9/8/2015,"070010","ROCK CREEK PUBLIC SCHOOLS INDEPENDENT SCHOOL DISTRICT NO. 002",50704,"PROPOSITION  ROCK CREEK PUBLIC SCHOOLS",,11,11,1,"FOR THE PROPOSITION - YES",,0,1,9,10,,
9/8/2015,"070010","ROCK CREEK PUBLIC SCHOOLS INDEPENDENT SCHOOL DISTRICT NO. 002",50704,"PROPOSITION  ROCK CREEK PUBLIC SCHOOLS",,11,11,2,"AGAINST THE PROPOSITION - NO",,0,0,0,0,,
9/8/2015,"070011","ACHILLE PUBLIC SCHOOLS INDEPENDENT SCHOOL DISTRICT NO. 003",50701,"PROPOSITION  ACHILLE PUBLIC SCHOOLS",,4,4,1,"FOR THE PROPOSITION - YES",,0,0,31,31,,
9/8/2015,"070011","ACHILLE PUBLIC SCHOOLS INDEPENDENT SCHOOL DISTRICT NO. 003",50701,"PROPOSITION  ACHILLE PUBLIC SCHOOLS",,4,4,2,"AGAINST THE PROPOSITION - NO",,0,0,4,4,,
9/8/2015,"070011","ROCK CREEK PUBLIC SCHOOLS INDEPENDENT SCHOOL DISTRICT NO. 002",50704,"PROPOSITION  ROCK CREEK PUBLIC SCHOOLS",,11,11,1,"FOR THE PROPOSITION - YES",,0,0,10,10,,
9/8/2015,"070011","ROCK CREEK PUBLIC SCHOOLS INDEPENDENT SCHOOL DISTRICT NO. 002",50704,"PROPOSITION  ROCK CREEK PUBLIC SCHOOLS",,11,11,2,"AGAINST THE PROPOSITION - NO",,0,0,3,3,,
9/8/2015,"070013","ROCK CREEK PUBLIC SCHOOLS INDEPENDENT SCHOOL DISTRICT NO. 002",50704,"PROPOSITION  ROCK CREEK PUBLIC SCHOOLS",,11,11,1,"FOR THE PROPOSITION - YES",,0,0,0,0,,
9/8/2015,"070013","ROCK CREEK PUBLIC SCHOOLS INDEPENDENT SCHOOL DISTRICT NO. 002",50704,"PROPOSITION  ROCK CREEK PUBLIC SCHOOLS",,11,11,2,"AGAINST THE PROPOSITION - NO",,0,0,0,0,,
9/8/2015,"070014","DURANT PUBLIC SCHOOLS INDEPENDENT SCHOOL DISTRICT NO. 072",50702,"PROPOSITION NO. 1  DURANT PUBLIC SCHOOLS",,11,11,1,"FOR THE PROPOSITION - YES",,0,0,0,0,,
9/8/2015,"070014","DURANT PUBLIC SCHOOLS INDEPENDENT SCHOOL DISTRICT NO. 072",50702,"PROPOSITION NO. 1  DURANT PUBLIC SCHOOLS",,11,11,2,"AGAINST THE PROPOSITION - NO",,0,0,0,0,,
9/8/2015,"070014","DURANT PUBLIC SCHOOLS INDEPENDENT SCHOOL DISTRICT NO. 072",50703,"PROPOSITION NO. 2  DURANT PUBLIC SCHOOLS",,11,11,1,"FOR THE PROPOSITION - YES",,0,0,0,0,,
9/8/2015,"070014","DURANT PUBLIC SCHOOLS INDEPENDENT SCHOOL DISTRICT NO. 072",50703,"PROPOSITION NO. 2  DURANT PUBLIC SCHOOLS",,11,11,2,"AGAINST THE PROPOSITION - NO",,0,0,0,0,,
9/8/2015,"070014","ROCK CREEK PUBLIC SCHOOLS INDEPENDENT SCHOOL DISTRICT NO. 002",50704,"PROPOSITION  ROCK CREEK PUBLIC SCHOOLS",,11,11,1,"FOR THE PROPOSITION - YES",,1,1,31,33,,
9/8/2015,"070014","ROCK CREEK PUBLIC SCHOOLS INDEPENDENT SCHOOL DISTRICT NO. 002",50704,"PROPOSITION  ROCK CREEK PUBLIC SCHOOLS",,11,11,2,"AGAINST THE PROPOSITION - NO",,0,0,5,5,,
9/8/2015,"070015","ROCK CREEK PUBLIC SCHOOLS INDEPENDENT SCHOOL DISTRICT NO. 002",50704,"PROPOSITION  ROCK CREEK PUBLIC SCHOOLS",,11,11,1,"FOR THE PROPOSITION - YES",,1,0,101,102,,
9/8/2015,"070015","ROCK CREEK PUBLIC SCHOOLS INDEPENDENT SCHOOL DISTRICT NO. 002",50704,"PROPOSITION  ROCK CREEK PUBLIC SCHOOLS",,11,11,2,"AGAINST THE PROPOSITION - NO",,1,2,44,47,,
9/8/2015,"070018","DURANT PUBLIC SCHOOLS INDEPENDENT SCHOOL DISTRICT NO. 072",50702,"PROPOSITION NO. 1  DURANT PUBLIC SCHOOLS",,11,11,1,"FOR THE PROPOSITION - YES",,0,0,0,0,,
9/8/2015,"070018","DURANT PUBLIC SCHOOLS INDEPENDENT SCHOOL DISTRICT NO. 072",50702,"PROPOSITION NO. 1  DURANT PUBLIC SCHOOLS",,11,11,2,"AGAINST THE PROPOSITION - NO",,0,0,0,0,,
9/8/2015,"070018","DURANT PUBLIC SCHOOLS INDEPENDENT SCHOOL DISTRICT NO. 072",50703,"PROPOSITION NO. 2  DURANT PUBLIC SCHOOLS",,11,11,1,"FOR THE PROPOSITION - YES",,0,0,0,0,,
9/8/2015,"070018","DURANT PUBLIC SCHOOLS INDEPENDENT SCHOOL DISTRICT NO. 072",50703,"PROPOSITION NO. 2  DURANT PUBLIC SCHOOLS",,11,11,2,"AGAINST THE PROPOSITION - NO",,0,0,0,0,,
9/8/2015,"070019","DURANT PUBLIC SCHOOLS INDEPENDENT SCHOOL DISTRICT NO. 072",50702,"PROPOSITION NO. 1  DURANT PUBLIC SCHOOLS",,11,11,1,"FOR THE PROPOSITION - YES",,0,0,3,3,,
9/8/2015,"070019","DURANT PUBLIC SCHOOLS INDEPENDENT SCHOOL DISTRICT NO. 072",50702,"PROPOSITION NO. 1  DURANT PUBLIC SCHOOLS",,11,11,2,"AGAINST THE PROPOSITION - NO",,0,0,0,0,,
9/8/2015,"070019","DURANT PUBLIC SCHOOLS INDEPENDENT SCHOOL DISTRICT NO. 072",50703,"PROPOSITION NO. 2  DURANT PUBLIC SCHOOLS",,11,11,1,"FOR THE PROPOSITION - YES",,0,0,3,3,,
9/8/2015,"070019","DURANT PUBLIC SCHOOLS INDEPENDENT SCHOOL DISTRICT NO. 072",50703,"PROPOSITION NO. 2  DURANT PUBLIC SCHOOLS",,11,11,2,"AGAINST THE PROPOSITION - NO",,0,0,0,0,,
9/8/2015,"070019","ROCK CREEK PUBLIC SCHOOLS INDEPENDENT SCHOOL DISTRICT NO. 002",50704,"PROPOSITION  ROCK CREEK PUBLIC SCHOOLS",,11,11,1,"FOR THE PROPOSITION - YES",,0,0,4,4,,
9/8/2015,"070019","ROCK CREEK PUBLIC SCHOOLS INDEPENDENT SCHOOL DISTRICT NO. 002",50704,"PROPOSITION  ROCK CREEK PUBLIC SCHOOLS",,11,11,2,"AGAINST THE PROPOSITION - NO",,0,0,0,0,,
9/8/2015,"070021","DURANT PUBLIC SCHOOLS INDEPENDENT SCHOOL DISTRICT NO. 072",50702,"PROPOSITION NO. 1  DURANT PUBLIC SCHOOLS",,11,11,1,"FOR THE PROPOSITION - YES",,0,0,0,0,,
9/8/2015,"070021","DURANT PUBLIC SCHOOLS INDEPENDENT SCHOOL DISTRICT NO. 072",50702,"PROPOSITION NO. 1  DURANT PUBLIC SCHOOLS",,11,11,2,"AGAINST THE PROPOSITION - NO",,0,0,0,0,,
9/8/2015,"070021","DURANT PUBLIC SCHOOLS INDEPENDENT SCHOOL DISTRICT NO. 072",50703,"PROPOSITION NO. 2  DURANT PUBLIC SCHOOLS",,11,11,1,"FOR THE PROPOSITION - YES",,0,0,0,0,,
9/8/2015,"070021","DURANT PUBLIC SCHOOLS INDEPENDENT SCHOOL DISTRICT NO. 072",50703,"PROPOSITION NO. 2  DURANT PUBLIC SCHOOLS",,11,11,2,"AGAINST THE PROPOSITION - NO",,0,0,0,0,,
9/8/2015,"070022","ACHILLE PUBLIC SCHOOLS INDEPENDENT SCHOOL DISTRICT NO. 003",50701,"PROPOSITION  ACHILLE PUBLIC SCHOOLS",,4,4,1,"FOR THE PROPOSITION - YES",,0,0,0,0,,
9/8/2015,"070022","ACHILLE PUBLIC SCHOOLS INDEPENDENT SCHOOL DISTRICT NO. 003",50701,"PROPOSITION  ACHILLE PUBLIC SCHOOLS",,4,4,2,"AGAINST THE PROPOSITION - NO",,0,0,0,0,,
9/8/2015,"070023","ACHILLE PUBLIC SCHOOLS INDEPENDENT SCHOOL DISTRICT NO. 003",50701,"PROPOSITION  ACHILLE PUBLIC SCHOOLS",,4,4,1,"FOR THE PROPOSITION - YES",,0,0,94,94,,
9/8/2015,"070023","ACHILLE PUBLIC SCHOOLS INDEPENDENT SCHOOL DISTRICT NO. 003",50701,"PROPOSITION  ACHILLE PUBLIC SCHOOLS",,4,4,2,"AGAINST THE PROPOSITION - NO",,0,0,21,21,,
9/8/2015,"070026","DURANT PUBLIC SCHOOLS INDEPENDENT SCHOOL DISTRICT NO. 072",50702,"PROPOSITION NO. 1  DURANT PUBLIC SCHOOLS",,11,11,1,"FOR THE PROPOSITION - YES",,1,9,43,53,,
9/8/2015,"070026","DURANT PUBLIC SCHOOLS INDEPENDENT SCHOOL DISTRICT NO. 072",50702,"PROPOSITION NO. 1  DURANT PUBLIC SCHOOLS",,11,11,2,"AGAINST THE PROPOSITION - NO",,1,1,11,13,,
9/8/2015,"070026","DURANT PUBLIC SCHOOLS INDEPENDENT SCHOOL DISTRICT NO. 072",50703,"PROPOSITION NO. 2  DURANT PUBLIC SCHOOLS",,11,11,1,"FOR THE PROPOSITION - YES",,1,9,45,55,,
9/8/2015,"070026","DURANT PUBLIC SCHOOLS INDEPENDENT SCHOOL DISTRICT NO. 072",50703,"PROPOSITION NO. 2  DURANT PUBLIC SCHOOLS",,11,11,2,"AGAINST THE PROPOSITION - NO",,1,1,11,13,,
9/8/2015,"070026","ROCK CREEK PUBLIC SCHOOLS INDEPENDENT SCHOOL DISTRICT NO. 002",50704,"PROPOSITION  ROCK CREEK PUBLIC SCHOOLS",,11,11,1,"FOR THE PROPOSITION - YES",,0,0,0,0,,
9/8/2015,"070026","ROCK CREEK PUBLIC SCHOOLS INDEPENDENT SCHOOL DISTRICT NO. 002",50704,"PROPOSITION  ROCK CREEK PUBLIC SCHOOLS",,11,11,2,"AGAINST THE PROPOSITION - NO",,0,0,0,0,,
9/8/2015,"070027","DURANT PUBLIC SCHOOLS INDEPENDENT SCHOOL DISTRICT NO. 072",50702,"PROPOSITION NO. 1  DURANT PUBLIC SCHOOLS",,11,11,1,"FOR THE PROPOSITION - YES",,3,10,93,106,,
9/8/2015,"070027","DURANT PUBLIC SCHOOLS INDEPENDENT SCHOOL DISTRICT NO. 072",50702,"PROPOSITION NO. 1  DURANT PUBLIC SCHOOLS",,11,11,2,"AGAINST THE PROPOSITION - NO",,0,4,25,29,,
9/8/2015,"070027","DURANT PUBLIC SCHOOLS INDEPENDENT SCHOOL DISTRICT NO. 072",50703,"PROPOSITION NO. 2  DURANT PUBLIC SCHOOLS",,11,11,1,"FOR THE PROPOSITION - YES",,3,9,97,109,,
9/8/2015,"070027","DURANT PUBLIC SCHOOLS INDEPENDENT SCHOOL DISTRICT NO. 072",50703,"PROPOSITION NO. 2  DURANT PUBLIC SCHOOLS",,11,11,2,"AGAINST THE PROPOSITION - NO",,0,4,27,31,,
9/8/2015,"070029","ROCK CREEK PUBLIC SCHOOLS INDEPENDENT SCHOOL DISTRICT NO. 002",50704,"PROPOSITION  ROCK CREEK PUBLIC SCHOOLS",,11,11,1,"FOR THE PROPOSITION - YES",,1,0,25,26,,
9/8/2015,"070029","ROCK CREEK PUBLIC SCHOOLS INDEPENDENT SCHOOL DISTRICT NO. 002",50704,"PROPOSITION  ROCK CREEK PUBLIC SCHOOLS",,11,11,2,"AGAINST THE PROPOSITION - NO",,0,0,11,11,,
9/8/2015,"070033","DURANT PUBLIC SCHOOLS INDEPENDENT SCHOOL DISTRICT NO. 072",50702,"PROPOSITION NO. 1  DURANT PUBLIC SCHOOLS",,11,11,1,"FOR THE PROPOSITION - YES",,0,2,59,61,,
9/8/2015,"070033","DURANT PUBLIC SCHOOLS INDEPENDENT SCHOOL DISTRICT NO. 072",50702,"PROPOSITION NO. 1  DURANT PUBLIC SCHOOLS",,11,11,2,"AGAINST THE PROPOSITION - NO",,3,2,21,26,,
9/8/2015,"070033","DURANT PUBLIC SCHOOLS INDEPENDENT SCHOOL DISTRICT NO. 072",50703,"PROPOSITION NO. 2  DURANT PUBLIC SCHOOLS",,11,11,1,"FOR THE PROPOSITION - YES",,0,2,60,62,,
9/8/2015,"070033","DURANT PUBLIC SCHOOLS INDEPENDENT SCHOOL DISTRICT NO. 072",50703,"PROPOSITION NO. 2  DURANT PUBLIC SCHOOLS",,11,11,2,"AGAINST THE PROPOSITION - NO",,3,2,21,26,,
9/8/2015,"090100","BANNER PUBLIC SCHOOLS ELEMENTARY SCHOOL DISTRICT NO. 031",50901,"PROPOSITION  BANNER PUBLIC SCHOOLS",,8,8,1,"FOR THE PROPOSITION - YES",,0,4,7,11,,
9/8/2015,"090100","BANNER PUBLIC SCHOOLS ELEMENTARY SCHOOL DISTRICT NO. 031",50901,"PROPOSITION  BANNER PUBLIC SCHOOLS",,8,8,2,"AGAINST THE PROPOSITION - NO",,0,0,0,0,,
9/8/2015,"090114","BANNER PUBLIC SCHOOLS ELEMENTARY SCHOOL DISTRICT NO. 031",50901,"PROPOSITION  BANNER PUBLIC SCHOOLS",,8,8,1,"FOR THE PROPOSITION - YES",,0,1,10,11,,
9/8/2015,"090114","BANNER PUBLIC SCHOOLS ELEMENTARY SCHOOL DISTRICT NO. 031",50901,"PROPOSITION  BANNER PUBLIC SCHOOLS",,8,8,2,"AGAINST THE PROPOSITION - NO",,0,0,0,0,,
9/8/2015,"090201","BANNER PUBLIC SCHOOLS ELEMENTARY SCHOOL DISTRICT NO. 031",50901,"PROPOSITION  BANNER PUBLIC SCHOOLS",,8,8,1,"FOR THE PROPOSITION - YES",,0,1,4,5,,
9/8/2015,"090201","BANNER PUBLIC SCHOOLS ELEMENTARY SCHOOL DISTRICT NO. 031",50901,"PROPOSITION  BANNER PUBLIC SCHOOLS",,8,8,2,"AGAINST THE PROPOSITION - NO",,0,0,0,0,,
9/8/2015,"090210","BANNER PUBLIC SCHOOLS ELEMENTARY SCHOOL DISTRICT NO. 031",50901,"PROPOSITION  BANNER PUBLIC SCHOOLS",,8,8,1,"FOR THE PROPOSITION - YES",,2,0,16,18,,
9/8/2015,"090210","BANNER PUBLIC SCHOOLS ELEMENTARY SCHOOL DISTRICT NO. 031",50901,"PROPOSITION  BANNER PUBLIC SCHOOLS",,8,8,2,"AGAINST THE PROPOSITION - NO",,0,0,2,2,,
9/8/2015,"090211","BANNER PUBLIC SCHOOLS ELEMENTARY SCHOOL DISTRICT NO. 031",50901,"PROPOSITION  BANNER PUBLIC SCHOOLS",,8,8,1,"FOR THE PROPOSITION - YES",,0,0,0,0,,
9/8/2015,"090211","BANNER PUBLIC SCHOOLS ELEMENTARY SCHOOL DISTRICT NO. 031",50901,"PROPOSITION  BANNER PUBLIC SCHOOLS",,8,8,2,"AGAINST THE PROPOSITION - NO",,0,0,0,0,,
9/8/2015,"090226","BANNER PUBLIC SCHOOLS ELEMENTARY SCHOOL DISTRICT NO. 031",50901,"PROPOSITION  BANNER PUBLIC SCHOOLS",,8,8,1,"FOR THE PROPOSITION - YES",,0,0,20,20,,
9/8/2015,"090226","BANNER PUBLIC SCHOOLS ELEMENTARY SCHOOL DISTRICT NO. 031",50901,"PROPOSITION  BANNER PUBLIC SCHOOLS",,8,8,2,"AGAINST THE PROPOSITION - NO",,5,0,1,6,,
9/8/2015,"090308","BANNER PUBLIC SCHOOLS ELEMENTARY SCHOOL DISTRICT NO. 031",50901,"PROPOSITION  BANNER PUBLIC SCHOOLS",,8,8,1,"FOR THE PROPOSITION - YES",,0,0,0,0,,
9/8/2015,"090308","BANNER PUBLIC SCHOOLS ELEMENTARY SCHOOL DISTRICT NO. 031",50901,"PROPOSITION  BANNER PUBLIC SCHOOLS",,8,8,2,"AGAINST THE PROPOSITION - NO",,0,0,0,0,,
9/8/2015,"090400","BANNER PUBLIC SCHOOLS ELEMENTARY SCHOOL DISTRICT NO. 031",50901,"PROPOSITION  BANNER PUBLIC SCHOOLS",,8,8,1,"FOR THE PROPOSITION - YES",,0,1,14,15,,
9/8/2015,"090400","BANNER PUBLIC SCHOOLS ELEMENTARY SCHOOL DISTRICT NO. 031",50901,"PROPOSITION  BANNER PUBLIC SCHOOLS",,8,8,2,"AGAINST THE PROPOSITION - NO",,0,0,1,1,,
9/8/2015,"100015","DICKSON PUBLIC SCHOOLS INDEPENDENT SCHOOL DISTRICT NO. 077",51001,"PROPOSITION  DICKSON PUBLIC SCHOOLS",,4,4,1,"FOR THE PROPOSITION - YES",,2,5,40,47,,
9/8/2015,"100015","DICKSON PUBLIC SCHOOLS INDEPENDENT SCHOOL DISTRICT NO. 077",51001,"PROPOSITION  DICKSON PUBLIC SCHOOLS",,4,4,2,"AGAINST THE PROPOSITION - NO",,0,2,36,38,,
9/8/2015,"100026","DICKSON PUBLIC SCHOOLS INDEPENDENT SCHOOL DISTRICT NO. 077",51001,"PROPOSITION  DICKSON PUBLIC SCHOOLS",,4,4,1,"FOR THE PROPOSITION - YES",,0,0,6,6,,
9/8/2015,"100026","DICKSON PUBLIC SCHOOLS INDEPENDENT SCHOOL DISTRICT NO. 077",51001,"PROPOSITION  DICKSON PUBLIC SCHOOLS",,4,4,2,"AGAINST THE PROPOSITION - NO",,0,0,7,7,,
9/8/2015,"100062","DICKSON PUBLIC SCHOOLS INDEPENDENT SCHOOL DISTRICT NO. 077",51001,"PROPOSITION  DICKSON PUBLIC SCHOOLS",,4,4,1,"FOR THE PROPOSITION - YES",,0,3,56,59,,
9/8/2015,"100062","DICKSON PUBLIC SCHOOLS INDEPENDENT SCHOOL DISTRICT NO. 077",51001,"PROPOSITION  DICKSON PUBLIC SCHOOLS",,4,4,2,"AGAINST THE PROPOSITION - NO",,1,2,26,29,,
9/8/2015,"100063","DICKSON PUBLIC SCHOOLS INDEPENDENT SCHOOL DISTRICT NO. 077",51001,"PROPOSITION  DICKSON PUBLIC SCHOOLS",,4,4,1,"FOR THE PROPOSITION - YES",,0,1,84,85,,
9/8/2015,"100063","DICKSON PUBLIC SCHOOLS INDEPENDENT SCHOOL DISTRICT NO. 077",51001,"PROPOSITION  DICKSON PUBLIC SCHOOLS",,4,4,2,"AGAINST THE PROPOSITION - NO",,0,9,56,65,,
9/8/2015,"190406","CITY OF OILTON",41901,"PROPOSITION  CITY OF OILTON",,1,1,1,"FOR THE PROPOSITION - YES",,1,0,59,60,,
9/8/2015,"190406","CITY OF OILTON",41901,"PROPOSITION  CITY OF OILTON",,1,1,2,"AGAINST THE PROPOSITION - NO",,0,0,5,5,,
9/8/2015,"190408","DEPEW PUBLIC SCHOOLS INDEPENDENT SCHOOL DISTRICT NO. 021",51901,"PROPOSITION  DEPEW PUBLIC SCHOOLS",,5,5,1,"FOR THE PROPOSITION - YES",,2,0,11,13,,
9/8/2015,"190408","DEPEW PUBLIC SCHOOLS INDEPENDENT SCHOOL DISTRICT NO. 021",51901,"PROPOSITION  DEPEW PUBLIC SCHOOLS",,5,5,2,"AGAINST THE PROPOSITION - NO",,0,0,8,8,,
9/8/2015,"190409","DEPEW PUBLIC SCHOOLS INDEPENDENT SCHOOL DISTRICT NO. 021",51901,"PROPOSITION  DEPEW PUBLIC SCHOOLS",,5,5,1,"FOR THE PROPOSITION - YES",,0,0,5,5,,
9/8/2015,"190409","DEPEW PUBLIC SCHOOLS INDEPENDENT SCHOOL DISTRICT NO. 021",51901,"PROPOSITION  DEPEW PUBLIC SCHOOLS",,5,5,2,"AGAINST THE PROPOSITION - NO",,0,0,3,3,,
9/8/2015,"190410","DEPEW PUBLIC SCHOOLS INDEPENDENT SCHOOL DISTRICT NO. 021",51901,"PROPOSITION  DEPEW PUBLIC SCHOOLS",,5,5,1,"FOR THE PROPOSITION - YES",,0,0,11,11,,
9/8/2015,"190410","DEPEW PUBLIC SCHOOLS INDEPENDENT SCHOOL DISTRICT NO. 021",51901,"PROPOSITION  DEPEW PUBLIC SCHOOLS",,5,5,2,"AGAINST THE PROPOSITION - NO",,0,0,48,48,,
9/8/2015,"190411","DEPEW PUBLIC SCHOOLS INDEPENDENT SCHOOL DISTRICT NO. 021",51901,"PROPOSITION  DEPEW PUBLIC SCHOOLS",,5,5,1,"FOR THE PROPOSITION - YES",,1,0,107,108,,
9/8/2015,"190411","DEPEW PUBLIC SCHOOLS INDEPENDENT SCHOOL DISTRICT NO. 021",51901,"PROPOSITION  DEPEW PUBLIC SCHOOLS",,5,5,2,"AGAINST THE PROPOSITION - NO",,0,0,64,64,,
9/8/2015,"190413","DEPEW PUBLIC SCHOOLS INDEPENDENT SCHOOL DISTRICT NO. 021",51901,"PROPOSITION  DEPEW PUBLIC SCHOOLS",,5,5,1,"FOR THE PROPOSITION - YES",,0,0,0,0,,
9/8/2015,"190413","DEPEW PUBLIC SCHOOLS INDEPENDENT SCHOOL DISTRICT NO. 021",51901,"PROPOSITION  DEPEW PUBLIC SCHOOLS",,5,5,2,"AGAINST THE PROPOSITION - NO",,0,0,0,0,,
9/8/2015,"190416","TOWN OF MOUNDS",41902,"PROPOSITION  TOWN OF MOUNDS",,1,1,1,"FOR THE PROPOSITION - YES",,1,0,23,24,,
9/8/2015,"190416","TOWN OF MOUNDS",41902,"PROPOSITION  TOWN OF MOUNDS",,1,1,2,"AGAINST THE PROPOSITION - NO",,0,0,4,4,,
9/8/2015,"240310","DRUMMOND PUBLIC SCHOOLS INDEPENDENT SCHOOL DISTRICT NO. 085",52401,"PROPOSITION  DRUMMOND PUBLIC SCHOOLS",,3,3,1,"FOR THE PROPOSITION - YES",,4,0,76,80,,
9/8/2015,"240310","DRUMMOND PUBLIC SCHOOLS INDEPENDENT SCHOOL DISTRICT NO. 085",52401,"PROPOSITION  DRUMMOND PUBLIC SCHOOLS",,3,3,2,"AGAINST THE PROPOSITION - NO",,5,0,8,13,,
9/8/2015,"250001","LINDSAY PUBLIC SCHOOLS INDEPENDENT SCHOOL DISTRICT NO. 009",52501,"PROPOSITION  LINDSAY PUBLIC SCHOOLS",,9,9,1,"FOR THE PROPOSITION - YES",,4,0,148,152,,
9/8/2015,"250001","LINDSAY PUBLIC SCHOOLS INDEPENDENT SCHOOL DISTRICT NO. 009",52501,"PROPOSITION  LINDSAY PUBLIC SCHOOLS",,9,9,2,"AGAINST THE PROPOSITION - NO",,0,0,85,85,,
9/8/2015,"250002","LINDSAY PUBLIC SCHOOLS INDEPENDENT SCHOOL DISTRICT NO. 009",52501,"PROPOSITION  LINDSAY PUBLIC SCHOOLS",,9,9,1,"FOR THE PROPOSITION - YES",,2,3,213,218,,
9/8/2015,"250002","LINDSAY PUBLIC SCHOOLS INDEPENDENT SCHOOL DISTRICT NO. 009",52501,"PROPOSITION  LINDSAY PUBLIC SCHOOLS",,9,9,2,"AGAINST THE PROPOSITION - NO",,1,1,74,76,,
9/8/2015,"250003","LINDSAY PUBLIC SCHOOLS INDEPENDENT SCHOOL DISTRICT NO. 009",52501,"PROPOSITION  LINDSAY PUBLIC SCHOOLS",,9,9,1,"FOR THE PROPOSITION - YES",,4,2,180,186,,
9/8/2015,"250003","LINDSAY PUBLIC SCHOOLS INDEPENDENT SCHOOL DISTRICT NO. 009",52501,"PROPOSITION  LINDSAY PUBLIC SCHOOLS",,9,9,2,"AGAINST THE PROPOSITION - NO",,1,0,99,100,,
9/8/2015,"250005","LINDSAY PUBLIC SCHOOLS INDEPENDENT SCHOOL DISTRICT NO. 009",52501,"PROPOSITION  LINDSAY PUBLIC SCHOOLS",,9,9,1,"FOR THE PROPOSITION - YES",,0,1,8,9,,
9/8/2015,"250005","LINDSAY PUBLIC SCHOOLS INDEPENDENT SCHOOL DISTRICT NO. 009",52501,"PROPOSITION  LINDSAY PUBLIC SCHOOLS",,9,9,2,"AGAINST THE PROPOSITION - NO",,0,0,3,3,,
9/8/2015,"250016","WYNNEWOOD PUBLIC SCHOOLS INDEPENDENT SCHOOL DISTRICT NO. 038",52502,"PROPOSITION  WYNNEWOOD PUBLIC SCHOOLS",,6,6,1,"FOR THE PROPOSITION - YES",,4,7,73,84,,
9/8/2015,"250016","WYNNEWOOD PUBLIC SCHOOLS INDEPENDENT SCHOOL DISTRICT NO. 038",52502,"PROPOSITION  WYNNEWOOD PUBLIC SCHOOLS",,6,6,2,"AGAINST THE PROPOSITION - NO",,2,7,97,106,,
9/8/2015,"250018","WYNNEWOOD PUBLIC SCHOOLS INDEPENDENT SCHOOL DISTRICT NO. 038",52502,"PROPOSITION  WYNNEWOOD PUBLIC SCHOOLS",,6,6,1,"FOR THE PROPOSITION - YES",,3,4,20,27,,
9/8/2015,"250018","WYNNEWOOD PUBLIC SCHOOLS INDEPENDENT SCHOOL DISTRICT NO. 038",52502,"PROPOSITION  WYNNEWOOD PUBLIC SCHOOLS",,6,6,2,"AGAINST THE PROPOSITION - NO",,2,4,22,28,,
9/8/2015,"250020","WYNNEWOOD PUBLIC SCHOOLS INDEPENDENT SCHOOL DISTRICT NO. 038",52502,"PROPOSITION  WYNNEWOOD PUBLIC SCHOOLS",,6,6,1,"FOR THE PROPOSITION - YES",,17,19,412,448,,
9/8/2015,"250020","WYNNEWOOD PUBLIC SCHOOLS INDEPENDENT SCHOOL DISTRICT NO. 038",52502,"PROPOSITION  WYNNEWOOD PUBLIC SCHOOLS",,6,6,2,"AGAINST THE PROPOSITION - NO",,10,8,250,268,,
9/8/2015,"250025","WYNNEWOOD PUBLIC SCHOOLS INDEPENDENT SCHOOL DISTRICT NO. 038",52502,"PROPOSITION  WYNNEWOOD PUBLIC SCHOOLS",,6,6,1,"FOR THE PROPOSITION - YES",,3,8,32,43,,
9/8/2015,"250025","WYNNEWOOD PUBLIC SCHOOLS INDEPENDENT SCHOOL DISTRICT NO. 038",52502,"PROPOSITION  WYNNEWOOD PUBLIC SCHOOLS",,6,6,2,"AGAINST THE PROPOSITION - NO",,1,0,20,21,,
9/8/2015,"260016","LINDSAY PUBLIC SCHOOLS INDEPENDENT SCHOOL DISTRICT NO. 009",52501,"PROPOSITION  LINDSAY PUBLIC SCHOOLS",,9,9,1,"FOR THE PROPOSITION - YES",,0,0,0,0,,
9/8/2015,"260016","LINDSAY PUBLIC SCHOOLS INDEPENDENT SCHOOL DISTRICT NO. 009",52501,"PROPOSITION  LINDSAY PUBLIC SCHOOLS",,9,9,2,"AGAINST THE PROPOSITION - NO",,0,0,0,0,,
9/8/2015,"260026","LINDSAY PUBLIC SCHOOLS INDEPENDENT SCHOOL DISTRICT NO. 009",52501,"PROPOSITION  LINDSAY PUBLIC SCHOOLS",,9,9,1,"FOR THE PROPOSITION - YES",,0,0,13,13,,
9/8/2015,"260026","LINDSAY PUBLIC SCHOOLS INDEPENDENT SCHOOL DISTRICT NO. 009",52501,"PROPOSITION  LINDSAY PUBLIC SCHOOLS",,9,9,2,"AGAINST THE PROPOSITION - NO",,0,0,3,3,,
9/8/2015,"280105","OKLAHOMA DEPT. OF CAREER AND TECHNOLOGY EDUCATION",52901,"PROPOSITION  OKLAHOMA DEPT. OF CAREER",,10,10,1,"FOR THE PROPOSITION - YES",,0,0,0,0,,
9/8/2015,"280105","OKLAHOMA DEPT. OF CAREER AND TECHNOLOGY EDUCATION",52901,"PROPOSITION  OKLAHOMA DEPT. OF CAREER",,10,10,2,"AGAINST THE PROPOSITION - NO",,0,0,0,0,,
9/8/2015,"280106","OKLAHOMA DEPT. OF CAREER AND TECHNOLOGY EDUCATION",52901,"PROPOSITION  OKLAHOMA DEPT. OF CAREER",,10,10,1,"FOR THE PROPOSITION - YES",,0,0,0,0,,
9/8/2015,"280106","OKLAHOMA DEPT. OF CAREER AND TECHNOLOGY EDUCATION",52901,"PROPOSITION  OKLAHOMA DEPT. OF CAREER",,10,10,2,"AGAINST THE PROPOSITION - NO",,0,0,0,0,,
9/8/2015,"280106","DUKE PUBLIC SCHOOLS INDEPENDENT SCHOOL DISTRICT NO. 014",53301,"PROPOSITION  DUKE PUBLIC SCHOOLS",,3,3,1,"FOR THE PROPOSITION - YES",,0,1,0,1,,
9/8/2015,"280106","DUKE PUBLIC SCHOOLS INDEPENDENT SCHOOL DISTRICT NO. 014",53301,"PROPOSITION  DUKE PUBLIC SCHOOLS",,3,3,2,"AGAINST THE PROPOSITION - NO",,0,0,0,0,,
9/8/2015,"280106","NAVAJO PUBLIC SCHOOLS INDEPENDENT SCHOOL DISTRICT NO. 001",53302,"PROPOSITION  NAVAJO PUBLIC SCHOOLS",,6,6,1,"FOR THE PROPOSITION - YES",,0,0,0,0,,
9/8/2015,"280106","NAVAJO PUBLIC SCHOOLS INDEPENDENT SCHOOL DISTRICT NO. 001",53302,"PROPOSITION  NAVAJO PUBLIC SCHOOLS",,6,6,2,"AGAINST THE PROPOSITION - NO",,0,0,0,0,,
9/8/2015,"280202","NAVAJO PUBLIC SCHOOLS INDEPENDENT SCHOOL DISTRICT NO. 001",53302,"PROPOSITION  NAVAJO PUBLIC SCHOOLS",,6,6,1,"FOR THE PROPOSITION - YES",,0,0,0,0,,
9/8/2015,"280202","NAVAJO PUBLIC SCHOOLS INDEPENDENT SCHOOL DISTRICT NO. 001",53302,"PROPOSITION  NAVAJO PUBLIC SCHOOLS",,6,6,2,"AGAINST THE PROPOSITION - NO",,0,0,0,0,,
9/8/2015,"280203","SAYRE PUBLIC SCHOOLS INDEPENDENT SCHOOL DISTRICT NO. 031",50501,"PROPOSITION NO. 1  SAYRE PUBLIC SCHOOLS",,11,11,1,"FOR THE PROPOSITION - YES",,0,0,0,0,,
9/8/2015,"280203","SAYRE PUBLIC SCHOOLS INDEPENDENT SCHOOL DISTRICT NO. 031",50501,"PROPOSITION NO. 1  SAYRE PUBLIC SCHOOLS",,11,11,2,"AGAINST THE PROPOSITION - NO",,0,0,0,0,,
9/8/2015,"280203","SAYRE PUBLIC SCHOOLS INDEPENDENT SCHOOL DISTRICT NO. 031",50502,"PROPOSITION NO. 2  SAYRE PUBLIC SCHOOLS",,11,11,1,"FOR THE PROPOSITION - YES",,0,0,0,0,,
9/8/2015,"280203","SAYRE PUBLIC SCHOOLS INDEPENDENT SCHOOL DISTRICT NO. 031",50502,"PROPOSITION NO. 2  SAYRE PUBLIC SCHOOLS",,11,11,2,"AGAINST THE PROPOSITION - NO",,0,0,0,0,,
9/8/2015,"280302","SAYRE PUBLIC SCHOOLS INDEPENDENT SCHOOL DISTRICT NO. 031",50501,"PROPOSITION NO. 1  SAYRE PUBLIC SCHOOLS",,11,11,1,"FOR THE PROPOSITION - YES",,0,0,0,0,,
9/8/2015,"280302","SAYRE PUBLIC SCHOOLS INDEPENDENT SCHOOL DISTRICT NO. 031",50501,"PROPOSITION NO. 1  SAYRE PUBLIC SCHOOLS",,11,11,2,"AGAINST THE PROPOSITION - NO",,0,0,0,0,,
9/8/2015,"280302","SAYRE PUBLIC SCHOOLS INDEPENDENT SCHOOL DISTRICT NO. 031",50502,"PROPOSITION NO. 2  SAYRE PUBLIC SCHOOLS",,11,11,1,"FOR THE PROPOSITION - YES",,0,0,0,0,,
9/8/2015,"280302","SAYRE PUBLIC SCHOOLS INDEPENDENT SCHOOL DISTRICT NO. 031",50502,"PROPOSITION NO. 2  SAYRE PUBLIC SCHOOLS",,11,11,2,"AGAINST THE PROPOSITION - NO",,0,0,0,0,,
9/8/2015,"280302","OKLAHOMA DEPT. OF CAREER AND TECHNOLOGY EDUCATION",52901,"PROPOSITION  OKLAHOMA DEPT. OF CAREER",,10,10,1,"FOR THE PROPOSITION - YES",,0,0,0,0,,
9/8/2015,"280302","OKLAHOMA DEPT. OF CAREER AND TECHNOLOGY EDUCATION",52901,"PROPOSITION  OKLAHOMA DEPT. OF CAREER",,10,10,2,"AGAINST THE PROPOSITION - NO",,0,0,0,0,,
9/8/2015,"290101","OKLAHOMA DEPT. OF CAREER AND TECHNOLOGY EDUCATION",52901,"PROPOSITION  OKLAHOMA DEPT. OF CAREER",,10,10,1,"FOR THE PROPOSITION - YES",,0,0,4,4,,
9/8/2015,"290101","OKLAHOMA DEPT. OF CAREER AND TECHNOLOGY EDUCATION",52901,"PROPOSITION  OKLAHOMA DEPT. OF CAREER",,10,10,2,"AGAINST THE PROPOSITION - NO",,0,0,8,8,,
9/8/2015,"290102","OKLAHOMA DEPT. OF CAREER AND TECHNOLOGY EDUCATION",52901,"PROPOSITION  OKLAHOMA DEPT. OF CAREER",,10,10,1,"FOR THE PROPOSITION - YES",,3,5,106,114,,
9/8/2015,"290102","OKLAHOMA DEPT. OF CAREER AND TECHNOLOGY EDUCATION",52901,"PROPOSITION  OKLAHOMA DEPT. OF CAREER",,10,10,2,"AGAINST THE PROPOSITION - NO",,0,5,32,37,,
9/8/2015,"290201","OKLAHOMA DEPT. OF CAREER AND TECHNOLOGY EDUCATION",52901,"PROPOSITION  OKLAHOMA DEPT. OF CAREER",,10,10,1,"FOR THE PROPOSITION - YES",,3,3,51,57,,
9/8/2015,"290201","OKLAHOMA DEPT. OF CAREER AND TECHNOLOGY EDUCATION",52901,"PROPOSITION  OKLAHOMA DEPT. OF CAREER",,10,10,2,"AGAINST THE PROPOSITION - NO",,0,5,13,18,,
9/8/2015,"290203","OKLAHOMA DEPT. OF CAREER AND TECHNOLOGY EDUCATION",52901,"PROPOSITION  OKLAHOMA DEPT. OF CAREER",,10,10,1,"FOR THE PROPOSITION - YES",,1,1,1,3,,
9/8/2015,"290203","OKLAHOMA DEPT. OF CAREER AND TECHNOLOGY EDUCATION",52901,"PROPOSITION  OKLAHOMA DEPT. OF CAREER",,10,10,2,"AGAINST THE PROPOSITION - NO",,0,0,7,7,,
9/8/2015,"290204","OKLAHOMA DEPT. OF CAREER AND TECHNOLOGY EDUCATION",52901,"PROPOSITION  OKLAHOMA DEPT. OF CAREER",,10,10,1,"FOR THE PROPOSITION - YES",,0,0,6,6,,
9/8/2015,"290204","OKLAHOMA DEPT. OF CAREER AND TECHNOLOGY EDUCATION",52901,"PROPOSITION  OKLAHOMA DEPT. OF CAREER",,10,10,2,"AGAINST THE PROPOSITION - NO",,0,1,7,8,,
9/8/2015,"290301","OKLAHOMA DEPT. OF CAREER AND TECHNOLOGY EDUCATION",52901,"PROPOSITION  OKLAHOMA DEPT. OF CAREER",,10,10,1,"FOR THE PROPOSITION - YES",,3,4,36,43,,
9/8/2015,"290301","OKLAHOMA DEPT. OF CAREER AND TECHNOLOGY EDUCATION",52901,"PROPOSITION  OKLAHOMA DEPT. OF CAREER",,10,10,2,"AGAINST THE PROPOSITION - NO",,0,0,12,12,,
9/8/2015,"290302","OKLAHOMA DEPT. OF CAREER AND TECHNOLOGY EDUCATION",52901,"PROPOSITION  OKLAHOMA DEPT. OF CAREER",,10,10,1,"FOR THE PROPOSITION - YES",,0,0,33,33,,
9/8/2015,"290302","OKLAHOMA DEPT. OF CAREER AND TECHNOLOGY EDUCATION",52901,"PROPOSITION  OKLAHOMA DEPT. OF CAREER",,10,10,2,"AGAINST THE PROPOSITION - NO",,0,0,9,9,,
9/8/2015,"330001","NAVAJO PUBLIC SCHOOLS INDEPENDENT SCHOOL DISTRICT NO. 001",53302,"PROPOSITION  NAVAJO PUBLIC SCHOOLS",,6,6,1,"FOR THE PROPOSITION - YES",,0,0,14,14,,
9/8/2015,"330001","NAVAJO PUBLIC SCHOOLS INDEPENDENT SCHOOL DISTRICT NO. 001",53302,"PROPOSITION  NAVAJO PUBLIC SCHOOLS",,6,6,2,"AGAINST THE PROPOSITION - NO",,1,0,3,4,,
9/8/2015,"330017","DUKE PUBLIC SCHOOLS INDEPENDENT SCHOOL DISTRICT NO. 014",53301,"PROPOSITION  DUKE PUBLIC SCHOOLS",,3,3,1,"FOR THE PROPOSITION - YES",,2,1,131,134,,
9/8/2015,"330017","DUKE PUBLIC SCHOOLS INDEPENDENT SCHOOL DISTRICT NO. 014",53301,"PROPOSITION  DUKE PUBLIC SCHOOLS",,3,3,2,"AGAINST THE PROPOSITION - NO",,0,1,48,49,,
9/8/2015,"330020","NAVAJO PUBLIC SCHOOLS INDEPENDENT SCHOOL DISTRICT NO. 001",53302,"PROPOSITION  NAVAJO PUBLIC SCHOOLS",,6,6,1,"FOR THE PROPOSITION - YES",,0,7,93,100,,
9/8/2015,"330020","NAVAJO PUBLIC SCHOOLS INDEPENDENT SCHOOL DISTRICT NO. 001",53302,"PROPOSITION  NAVAJO PUBLIC SCHOOLS",,6,6,2,"AGAINST THE PROPOSITION - NO",,2,7,26,35,,
9/8/2015,"330021","NAVAJO PUBLIC SCHOOLS INDEPENDENT SCHOOL DISTRICT NO. 001",53302,"PROPOSITION  NAVAJO PUBLIC SCHOOLS",,6,6,1,"FOR THE PROPOSITION - YES",,0,1,13,14,,
9/8/2015,"330021","NAVAJO PUBLIC SCHOOLS INDEPENDENT SCHOOL DISTRICT NO. 001",53302,"PROPOSITION  NAVAJO PUBLIC SCHOOLS",,6,6,2,"AGAINST THE PROPOSITION - NO",,0,0,0,0,,
9/8/2015,"330023","DUKE PUBLIC SCHOOLS INDEPENDENT SCHOOL DISTRICT NO. 014",53301,"PROPOSITION  DUKE PUBLIC SCHOOLS",,3,3,1,"FOR THE PROPOSITION - YES",,0,0,1,1,,
9/8/2015,"330023","DUKE PUBLIC SCHOOLS INDEPENDENT SCHOOL DISTRICT NO. 014",53301,"PROPOSITION  DUKE PUBLIC SCHOOLS",,3,3,2,"AGAINST THE PROPOSITION - NO",,0,0,2,2,,
9/8/2015,"330023","NAVAJO PUBLIC SCHOOLS INDEPENDENT SCHOOL DISTRICT NO. 001",53302,"PROPOSITION  NAVAJO PUBLIC SCHOOLS",,6,6,1,"FOR THE PROPOSITION - YES",,1,2,26,29,,
9/8/2015,"330023","NAVAJO PUBLIC SCHOOLS INDEPENDENT SCHOOL DISTRICT NO. 001",53302,"PROPOSITION  NAVAJO PUBLIC SCHOOLS",,6,6,2,"AGAINST THE PROPOSITION - NO",,0,0,4,4,,
9/8/2015,"370201","DRUMMOND PUBLIC SCHOOLS INDEPENDENT SCHOOL DISTRICT NO. 085",52401,"PROPOSITION  DRUMMOND PUBLIC SCHOOLS",,3,3,1,"FOR THE PROPOSITION - YES",,0,0,0,0,,
9/8/2015,"370201","DRUMMOND PUBLIC SCHOOLS INDEPENDENT SCHOOL DISTRICT NO. 085",52401,"PROPOSITION  DRUMMOND PUBLIC SCHOOLS",,3,3,2,"AGAINST THE PROPOSITION - NO",,0,0,0,0,,
9/8/2015,"400107","CAMERON PUBLIC SCHOOLS INDEPENDENT SCHOOL DISTRICT NO. 017",54001,"PROPOSITION 1  CAMERON PUBLIC SCHOOLS",,4,4,1,"FOR THE PROPOSITION - YES",,0,0,0,0,,
9/8/2015,"400107","CAMERON PUBLIC SCHOOLS INDEPENDENT SCHOOL DISTRICT NO. 017",54001,"PROPOSITION 1  CAMERON PUBLIC SCHOOLS",,4,4,2,"AGAINST THE PROPOSITION - NO",,0,0,0,0,,
9/8/2015,"400107","CAMERON PUBLIC SCHOOLS INDEPENDENT SCHOOL DISTRICT NO. 017",54002,"PROPOSITION 2  CAMERON PUBLIC SCHOOLS",,4,4,1,"FOR THE PROPOSITION - YES",,0,0,0,0,,
9/8/2015,"400107","CAMERON PUBLIC SCHOOLS INDEPENDENT SCHOOL DISTRICT NO. 017",54002,"PROPOSITION 2  CAMERON PUBLIC SCHOOLS",,4,4,2,"AGAINST THE PROPOSITION - NO",,0,0,0,0,,
9/8/2015,"400109","CAMERON PUBLIC SCHOOLS INDEPENDENT SCHOOL DISTRICT NO. 017",54001,"PROPOSITION 1  CAMERON PUBLIC SCHOOLS",,4,4,1,"FOR THE PROPOSITION - YES",,0,1,40,41,,
9/8/2015,"400109","CAMERON PUBLIC SCHOOLS INDEPENDENT SCHOOL DISTRICT NO. 017",54001,"PROPOSITION 1  CAMERON PUBLIC SCHOOLS",,4,4,2,"AGAINST THE PROPOSITION - NO",,0,0,36,36,,
9/8/2015,"400109","CAMERON PUBLIC SCHOOLS INDEPENDENT SCHOOL DISTRICT NO. 017",54002,"PROPOSITION 2  CAMERON PUBLIC SCHOOLS",,4,4,1,"FOR THE PROPOSITION - YES",,0,1,41,42,,
9/8/2015,"400109","CAMERON PUBLIC SCHOOLS INDEPENDENT SCHOOL DISTRICT NO. 017",54002,"PROPOSITION 2  CAMERON PUBLIC SCHOOLS",,4,4,2,"AGAINST THE PROPOSITION - NO",,0,0,35,35,,
9/8/2015,"400204","CAMERON PUBLIC SCHOOLS INDEPENDENT SCHOOL DISTRICT NO. 017",54001,"PROPOSITION 1  CAMERON PUBLIC SCHOOLS",,4,4,1,"FOR THE PROPOSITION - YES",,0,0,2,2,,
9/8/2015,"400204","CAMERON PUBLIC SCHOOLS INDEPENDENT SCHOOL DISTRICT NO. 017",54001,"PROPOSITION 1  CAMERON PUBLIC SCHOOLS",,4,4,2,"AGAINST THE PROPOSITION - NO",,0,0,0,0,,
9/8/2015,"400204","CAMERON PUBLIC SCHOOLS INDEPENDENT SCHOOL DISTRICT NO. 017",54002,"PROPOSITION 2  CAMERON PUBLIC SCHOOLS",,4,4,1,"FOR THE PROPOSITION - YES",,0,0,2,2,,
9/8/2015,"400204","CAMERON PUBLIC SCHOOLS INDEPENDENT SCHOOL DISTRICT NO. 017",54002,"PROPOSITION 2  CAMERON PUBLIC SCHOOLS",,4,4,2,"AGAINST THE PROPOSITION - NO",,0,0,0,0,,
9/8/2015,"400210","CAMERON PUBLIC SCHOOLS INDEPENDENT SCHOOL DISTRICT NO. 017",54001,"PROPOSITION 1  CAMERON PUBLIC SCHOOLS",,4,4,1,"FOR THE PROPOSITION - YES",,0,0,5,5,,
9/8/2015,"400210","CAMERON PUBLIC SCHOOLS INDEPENDENT SCHOOL DISTRICT NO. 017",54001,"PROPOSITION 1  CAMERON PUBLIC SCHOOLS",,4,4,2,"AGAINST THE PROPOSITION - NO",,0,0,4,4,,
9/8/2015,"400210","CAMERON PUBLIC SCHOOLS INDEPENDENT SCHOOL DISTRICT NO. 017",54002,"PROPOSITION 2  CAMERON PUBLIC SCHOOLS",,4,4,1,"FOR THE PROPOSITION - YES",,0,0,5,5,,
9/8/2015,"400210","CAMERON PUBLIC SCHOOLS INDEPENDENT SCHOOL DISTRICT NO. 017",54002,"PROPOSITION 2  CAMERON PUBLIC SCHOOLS",,4,4,2,"AGAINST THE PROPOSITION - NO",,0,0,4,4,,
9/8/2015,"440005","LINDSAY PUBLIC SCHOOLS INDEPENDENT SCHOOL DISTRICT NO. 009",52501,"PROPOSITION  LINDSAY PUBLIC SCHOOLS",,9,9,1,"FOR THE PROPOSITION - YES",,2,1,80,83,,
9/8/2015,"440005","LINDSAY PUBLIC SCHOOLS INDEPENDENT SCHOOL DISTRICT NO. 009",52501,"PROPOSITION  LINDSAY PUBLIC SCHOOLS",,9,9,2,"AGAINST THE PROPOSITION - NO",,3,0,31,34,,
9/8/2015,"440010","LINDSAY PUBLIC SCHOOLS INDEPENDENT SCHOOL DISTRICT NO. 009",52501,"PROPOSITION  LINDSAY PUBLIC SCHOOLS",,9,9,1,"FOR THE PROPOSITION - YES",,0,0,1,1,,
9/8/2015,"440010","LINDSAY PUBLIC SCHOOLS INDEPENDENT SCHOOL DISTRICT NO. 009",52501,"PROPOSITION  LINDSAY PUBLIC SCHOOLS",,9,9,2,"AGAINST THE PROPOSITION - NO",,0,0,2,2,,
9/8/2015,"440011","LINDSAY PUBLIC SCHOOLS INDEPENDENT SCHOOL DISTRICT NO. 009",52501,"PROPOSITION  LINDSAY PUBLIC SCHOOLS",,9,9,1,"FOR THE PROPOSITION - YES",,0,0,0,0,,
9/8/2015,"440011","LINDSAY PUBLIC SCHOOLS INDEPENDENT SCHOOL DISTRICT NO. 009",52501,"PROPOSITION  LINDSAY PUBLIC SCHOOLS",,9,9,2,"AGAINST THE PROPOSITION - NO",,0,0,0,0,,
9/8/2015,"450011","HAWORTH PUBLIC SCHOOLS INDEPENDENT SCHOOL DISTRICT NO. 006",54501,"PROPOSITION  HAWORTH PUBLIC SCHOOLS",,5,5,1,"FOR THE PROPOSITION - YES",,0,3,38,41,,
9/8/2015,"450011","HAWORTH PUBLIC SCHOOLS INDEPENDENT SCHOOL DISTRICT NO. 006",54501,"PROPOSITION  HAWORTH PUBLIC SCHOOLS",,5,5,2,"AGAINST THE PROPOSITION - NO",,3,0,41,44,,
9/8/2015,"450012","HAWORTH PUBLIC SCHOOLS INDEPENDENT SCHOOL DISTRICT NO. 006",54501,"PROPOSITION  HAWORTH PUBLIC SCHOOLS",,5,5,1,"FOR THE PROPOSITION - YES",,0,0,39,39,,
9/8/2015,"450012","HAWORTH PUBLIC SCHOOLS INDEPENDENT SCHOOL DISTRICT NO. 006",54501,"PROPOSITION  HAWORTH PUBLIC SCHOOLS",,5,5,2,"AGAINST THE PROPOSITION - NO",,0,0,19,19,,
9/8/2015,"450013","HAWORTH PUBLIC SCHOOLS INDEPENDENT SCHOOL DISTRICT NO. 006",54501,"PROPOSITION  HAWORTH PUBLIC SCHOOLS",,5,5,1,"FOR THE PROPOSITION - YES",,0,3,62,65,,
9/8/2015,"450013","HAWORTH PUBLIC SCHOOLS INDEPENDENT SCHOOL DISTRICT NO. 006",54501,"PROPOSITION  HAWORTH PUBLIC SCHOOLS",,5,5,2,"AGAINST THE PROPOSITION - NO",,2,3,95,100,,
9/8/2015,"450014","HAWORTH PUBLIC SCHOOLS INDEPENDENT SCHOOL DISTRICT NO. 006",54501,"PROPOSITION  HAWORTH PUBLIC SCHOOLS",,5,5,1,"FOR THE PROPOSITION - YES",,2,0,45,47,,
9/8/2015,"450014","HAWORTH PUBLIC SCHOOLS INDEPENDENT SCHOOL DISTRICT NO. 006",54501,"PROPOSITION  HAWORTH PUBLIC SCHOOLS",,5,5,2,"AGAINST THE PROPOSITION - NO",,0,0,31,31,,
9/8/2015,"450015","HAWORTH PUBLIC SCHOOLS INDEPENDENT SCHOOL DISTRICT NO. 006",54501,"PROPOSITION  HAWORTH PUBLIC SCHOOLS",,5,5,1,"FOR THE PROPOSITION - YES",,0,0,42,42,,
9/8/2015,"450015","HAWORTH PUBLIC SCHOOLS INDEPENDENT SCHOOL DISTRICT NO. 006",54501,"PROPOSITION  HAWORTH PUBLIC SCHOOLS",,5,5,2,"AGAINST THE PROPOSITION - NO",,0,0,65,65,,
9/8/2015,"470015","DRUMMOND PUBLIC SCHOOLS INDEPENDENT SCHOOL DISTRICT NO. 085",52401,"PROPOSITION  DRUMMOND PUBLIC SCHOOLS",,3,3,1,"FOR THE PROPOSITION - YES",,0,0,0,0,,
9/8/2015,"470015","DRUMMOND PUBLIC SCHOOLS INDEPENDENT SCHOOL DISTRICT NO. 085",52401,"PROPOSITION  DRUMMOND PUBLIC SCHOOLS",,3,3,2,"AGAINST THE PROPOSITION - NO",,0,0,0,0,,
9/8/2015,"500005","WYNNEWOOD PUBLIC SCHOOLS INDEPENDENT SCHOOL DISTRICT NO. 038",52502,"PROPOSITION  WYNNEWOOD PUBLIC SCHOOLS",,6,6,1,"FOR THE PROPOSITION - YES",,1,0,7,8,,
9/8/2015,"500005","WYNNEWOOD PUBLIC SCHOOLS INDEPENDENT SCHOOL DISTRICT NO. 038",52502,"PROPOSITION  WYNNEWOOD PUBLIC SCHOOLS",,6,6,2,"AGAINST THE PROPOSITION - NO",,0,0,13,13,,
9/8/2015,"500012","WYNNEWOOD PUBLIC SCHOOLS INDEPENDENT SCHOOL DISTRICT NO. 038",52502,"PROPOSITION  WYNNEWOOD PUBLIC SCHOOLS",,6,6,1,"FOR THE PROPOSITION - YES",,5,1,68,74,,
9/8/2015,"500012","WYNNEWOOD PUBLIC SCHOOLS INDEPENDENT SCHOOL DISTRICT NO. 038",52502,"PROPOSITION  WYNNEWOOD PUBLIC SCHOOLS",,6,6,2,"AGAINST THE PROPOSITION - NO",,2,0,55,57,,
9/8/2015,"550016","FEDERAL, STATE AND COUNTY",10002,"FOR STATE REPRESENTATIVE DISTRICT 85 (UNEXPIRED TERM)",,16,16,1,"CYNDI MUNSON",DEM,0,0,22,22,,
9/8/2015,"550016","FEDERAL, STATE AND COUNTY",10002,"FOR STATE REPRESENTATIVE DISTRICT 85 (UNEXPIRED TERM)",,16,16,2,"CHIP CARTER",REP,0,0,34,34,,
9/8/2015,"550017","FEDERAL, STATE AND COUNTY",10002,"FOR STATE REPRESENTATIVE DISTRICT 85 (UNEXPIRED TERM)",,16,16,1,"CYNDI MUNSON",DEM,0,0,0,0,,
9/8/2015,"550017","FEDERAL, STATE AND COUNTY",10002,"FOR STATE REPRESENTATIVE DISTRICT 85 (UNEXPIRED TERM)",,16,16,2,"CHIP CARTER",REP,0,0,0,0,,
9/8/2015,"550028","CITY OF DEL CITY",45501,"PROPOSITION  CITY OF DEL CITY",,6,6,1,"FOR THE PROPOSITION - YES",,0,0,64,64,,
9/8/2015,"550028","CITY OF DEL CITY",45501,"PROPOSITION  CITY OF DEL CITY",,6,6,2,"AGAINST THE PROPOSITION - NO",,0,0,26,26,,
9/8/2015,"550029","CITY OF DEL CITY",45501,"PROPOSITION  CITY OF DEL CITY",,6,6,1,"FOR THE PROPOSITION - YES",,0,0,97,97,,
9/8/2015,"550029","CITY OF DEL CITY",45501,"PROPOSITION  CITY OF DEL CITY",,6,6,2,"AGAINST THE PROPOSITION - NO",,0,0,98,98,,
9/8/2015,"550030","CITY OF DEL CITY",45501,"PROPOSITION  CITY OF DEL CITY",,6,6,1,"FOR THE PROPOSITION - YES",,0,0,68,68,,
9/8/2015,"550030","CITY OF DEL CITY",45501,"PROPOSITION  CITY OF DEL CITY",,6,6,2,"AGAINST THE PROPOSITION - NO",,0,0,48,48,,
9/8/2015,"550031","CITY OF DEL CITY",45501,"PROPOSITION  CITY OF DEL CITY",,6,6,1,"FOR THE PROPOSITION - YES",,0,0,90,90,,
9/8/2015,"550031","CITY OF DEL CITY",45501,"PROPOSITION  CITY OF DEL CITY",,6,6,2,"AGAINST THE PROPOSITION - NO",,0,0,54,54,,
9/8/2015,"550032","CITY OF DEL CITY",45501,"PROPOSITION  CITY OF DEL CITY",,6,6,1,"FOR THE PROPOSITION - YES",,0,0,89,89,,
9/8/2015,"550032","CITY OF DEL CITY",45501,"PROPOSITION  CITY OF DEL CITY",,6,6,2,"AGAINST THE PROPOSITION - NO",,0,0,61,61,,
9/8/2015,"550033","CITY OF DEL CITY",45501,"PROPOSITION  CITY OF DEL CITY",,6,6,1,"FOR THE PROPOSITION - YES",,0,0,204,204,,
9/8/2015,"550033","CITY OF DEL CITY",45501,"PROPOSITION  CITY OF DEL CITY",,6,6,2,"AGAINST THE PROPOSITION - NO",,0,0,77,77,,
9/8/2015,"550099","FEDERAL, STATE AND COUNTY",10002,"FOR STATE REPRESENTATIVE DISTRICT 85 (UNEXPIRED TERM)",,16,16,1,"CYNDI MUNSON",DEM,0,0,167,167,,
9/8/2015,"550099","FEDERAL, STATE AND COUNTY",10002,"FOR STATE REPRESENTATIVE DISTRICT 85 (UNEXPIRED TERM)",,16,16,2,"CHIP CARTER",REP,0,0,183,183,,
9/8/2015,"550102","FEDERAL, STATE AND COUNTY",10002,"FOR STATE REPRESENTATIVE DISTRICT 85 (UNEXPIRED TERM)",,16,16,1,"CYNDI MUNSON",DEM,0,0,158,158,,
9/8/2015,"550102","FEDERAL, STATE AND COUNTY",10002,"FOR STATE REPRESENTATIVE DISTRICT 85 (UNEXPIRED TERM)",,16,16,2,"CHIP CARTER",REP,0,0,219,219,,
9/8/2015,"550106","FEDERAL, STATE AND COUNTY",10002,"FOR STATE REPRESENTATIVE DISTRICT 85 (UNEXPIRED TERM)",,16,16,1,"CYNDI MUNSON",DEM,0,0,171,171,,
9/8/2015,"550106","FEDERAL, STATE AND COUNTY",10002,"FOR STATE REPRESENTATIVE DISTRICT 85 (UNEXPIRED TERM)",,16,16,2,"CHIP CARTER",REP,0,0,156,156,,
9/8/2015,"550146","FEDERAL, STATE AND COUNTY",10002,"FOR STATE REPRESENTATIVE DISTRICT 85 (UNEXPIRED TERM)",,16,16,1,"CYNDI MUNSON",DEM,0,0,169,169,,
9/8/2015,"550146","FEDERAL, STATE AND COUNTY",10002,"FOR STATE REPRESENTATIVE DISTRICT 85 (UNEXPIRED TERM)",,16,16,2,"CHIP CARTER",REP,0,0,265,265,,
9/8/2015,"550147","FEDERAL, STATE AND COUNTY",10002,"FOR STATE REPRESENTATIVE DISTRICT 85 (UNEXPIRED TERM)",,16,16,1,"CYNDI MUNSON",DEM,0,0,63,63,,
9/8/2015,"550147","FEDERAL, STATE AND COUNTY",10002,"FOR STATE REPRESENTATIVE DISTRICT 85 (UNEXPIRED TERM)",,16,16,2,"CHIP CARTER",REP,0,0,47,47,,
9/8/2015,"550154","FEDERAL, STATE AND COUNTY",10002,"FOR STATE REPRESENTATIVE DISTRICT 85 (UNEXPIRED TERM)",,16,16,1,"CYNDI MUNSON",DEM,0,0,248,248,,
9/8/2015,"550154","FEDERAL, STATE AND COUNTY",10002,"FOR STATE REPRESENTATIVE DISTRICT 85 (UNEXPIRED TERM)",,16,16,2,"CHIP CARTER",REP,0,0,249,249,,
9/8/2015,"550155","FEDERAL, STATE AND COUNTY",10002,"FOR STATE REPRESENTATIVE DISTRICT 85 (UNEXPIRED TERM)",,16,16,1,"CYNDI MUNSON",DEM,0,0,44,44,,
9/8/2015,"550155","FEDERAL, STATE AND COUNTY",10002,"FOR STATE REPRESENTATIVE DISTRICT 85 (UNEXPIRED TERM)",,16,16,2,"CHIP CARTER",REP,0,0,51,51,,
9/8/2015,"550156","FEDERAL, STATE AND COUNTY",10002,"FOR STATE REPRESENTATIVE DISTRICT 85 (UNEXPIRED TERM)",,16,16,1,"CYNDI MUNSON",DEM,0,0,179,179,,
9/8/2015,"550156","FEDERAL, STATE AND COUNTY",10002,"FOR STATE REPRESENTATIVE DISTRICT 85 (UNEXPIRED TERM)",,16,16,2,"CHIP CARTER",REP,0,0,183,183,,
9/8/2015,"550179","FEDERAL, STATE AND COUNTY",10002,"FOR STATE REPRESENTATIVE DISTRICT 85 (UNEXPIRED TERM)",,16,16,1,"CYNDI MUNSON",DEM,0,0,160,160,,
9/8/2015,"550179","FEDERAL, STATE AND COUNTY",10002,"FOR STATE REPRESENTATIVE DISTRICT 85 (UNEXPIRED TERM)",,16,16,2,"CHIP CARTER",REP,0,0,136,136,,
9/8/2015,"550180","FEDERAL, STATE AND COUNTY",10002,"FOR STATE REPRESENTATIVE DISTRICT 85 (UNEXPIRED TERM)",,16,16,1,"CYNDI MUNSON",DEM,0,0,113,113,,
9/8/2015,"550180","FEDERAL, STATE AND COUNTY",10002,"FOR STATE REPRESENTATIVE DISTRICT 85 (UNEXPIRED TERM)",,16,16,2,"CHIP CARTER",REP,0,0,66,66,,
9/8/2015,"550181","FEDERAL, STATE AND COUNTY",10002,"FOR STATE REPRESENTATIVE DISTRICT 85 (UNEXPIRED TERM)",,16,16,1,"CYNDI MUNSON",DEM,0,0,47,47,,
9/8/2015,"550181","FEDERAL, STATE AND COUNTY",10002,"FOR STATE REPRESENTATIVE DISTRICT 85 (UNEXPIRED TERM)",,16,16,2,"CHIP CARTER",REP,0,0,48,48,,
9/8/2015,"550196","FEDERAL, STATE AND COUNTY",10002,"FOR STATE REPRESENTATIVE DISTRICT 85 (UNEXPIRED TERM)",,16,16,1,"CYNDI MUNSON",DEM,0,0,318,318,,
9/8/2015,"550196","FEDERAL, STATE AND COUNTY",10002,"FOR STATE REPRESENTATIVE DISTRICT 85 (UNEXPIRED TERM)",,16,16,2,"CHIP CARTER",REP,0,0,243,243,,
9/8/2015,"550198","FEDERAL, STATE AND COUNTY",10002,"FOR STATE REPRESENTATIVE DISTRICT 85 (UNEXPIRED TERM)",,16,16,1,"CYNDI MUNSON",DEM,0,0,199,199,,
9/8/2015,"550198","FEDERAL, STATE AND COUNTY",10002,"FOR STATE REPRESENTATIVE DISTRICT 85 (UNEXPIRED TERM)",,16,16,2,"CHIP CARTER",REP,0,0,56,56,,
9/8/2015,"550199","FEDERAL, STATE AND COUNTY",10002,"FOR STATE REPRESENTATIVE DISTRICT 85 (UNEXPIRED TERM)",,16,16,1,"CYNDI MUNSON",DEM,0,0,250,250,,
9/8/2015,"550199","FEDERAL, STATE AND COUNTY",10002,"FOR STATE REPRESENTATIVE DISTRICT 85 (UNEXPIRED TERM)",,16,16,2,"CHIP CARTER",REP,0,0,63,63,,
9/8/2015,"559999","FEDERAL, STATE AND COUNTY",10002,"FOR STATE REPRESENTATIVE DISTRICT 85 (UNEXPIRED TERM)",,16,16,1,"CYNDI MUNSON",DEM,270,63,0,333,,
9/8/2015,"559999","FEDERAL, STATE AND COUNTY",10002,"FOR STATE REPRESENTATIVE DISTRICT 85 (UNEXPIRED TERM)",,16,16,2,"CHIP CARTER",REP,245,28,0,273,,
9/8/2015,"559999","CITY OF DEL CITY",45501,"PROPOSITION  CITY OF DEL CITY",,6,6,1,"FOR THE PROPOSITION - YES",,35,4,0,39,,
9/8/2015,"559999","CITY OF DEL CITY",45501,"PROPOSITION  CITY OF DEL CITY",,6,6,2,"AGAINST THE PROPOSITION - NO",,34,0,0,34,,
9/8/2015,"610003","CITY OF KREBS",46101,"PROPOSITION  CITY OF KREBS",,6,6,1,"FOR THE PROPOSITION - YES",,0,0,0,0,,
9/8/2015,"610003","CITY OF KREBS",46101,"PROPOSITION  CITY OF KREBS",,6,6,2,"AGAINST THE PROPOSITION - NO",,0,0,0,0,,
9/8/2015,"610014","CITY OF KREBS",46101,"PROPOSITION  CITY OF KREBS",,6,6,1,"FOR THE PROPOSITION - YES",,0,1,0,1,,
9/8/2015,"610014","CITY OF KREBS",46101,"PROPOSITION  CITY OF KREBS",,6,6,2,"AGAINST THE PROPOSITION - NO",,0,0,0,0,,
9/8/2015,"610019","CITY OF KREBS",46101,"PROPOSITION  CITY OF KREBS",,6,6,1,"FOR THE PROPOSITION - YES",,0,0,2,2,,
9/8/2015,"610019","CITY OF KREBS",46101,"PROPOSITION  CITY OF KREBS",,6,6,2,"AGAINST THE PROPOSITION - NO",,0,0,3,3,,
9/8/2015,"610032","CITY OF KREBS",46101,"PROPOSITION  CITY OF KREBS",,6,6,1,"FOR THE PROPOSITION - YES",,0,2,0,2,,
9/8/2015,"610032","CITY OF KREBS",46101,"PROPOSITION  CITY OF KREBS",,6,6,2,"AGAINST THE PROPOSITION - NO",,0,0,0,0,,
9/8/2015,"610041","CITY OF KREBS",46101,"PROPOSITION  CITY OF KREBS",,6,6,1,"FOR THE PROPOSITION - YES",,1,2,57,60,,
9/8/2015,"610041","CITY OF KREBS",46101,"PROPOSITION  CITY OF KREBS",,6,6,2,"AGAINST THE PROPOSITION - NO",,2,2,53,57,,
9/8/2015,"610042","CITY OF KREBS",46101,"PROPOSITION  CITY OF KREBS",,6,6,1,"FOR THE PROPOSITION - YES",,0,0,0,0,,
9/8/2015,"610042","CITY OF KREBS",46101,"PROPOSITION  CITY OF KREBS",,6,6,2,"AGAINST THE PROPOSITION - NO",,0,0,0,0,,
9/8/2015,"620059","VANOSS PUBLIC SCHOOLS INDEPENDENT SCHOOL DISTRICT NO. 009",56201,"PROPOSITION  VANOSS PUBLIC SCHOOLS",,4,4,1,"FOR THE PROPOSITION - YES",,0,0,65,65,,
9/8/2015,"620059","VANOSS PUBLIC SCHOOLS INDEPENDENT SCHOOL DISTRICT NO. 009",56201,"PROPOSITION  VANOSS PUBLIC SCHOOLS",,4,4,2,"AGAINST THE PROPOSITION - NO",,0,6,38,44,,
9/8/2015,"620062","VANOSS PUBLIC SCHOOLS INDEPENDENT SCHOOL DISTRICT NO. 009",56201,"PROPOSITION  VANOSS PUBLIC SCHOOLS",,4,4,1,"FOR THE PROPOSITION - YES",,2,0,65,67,,
9/8/2015,"620062","VANOSS PUBLIC SCHOOLS INDEPENDENT SCHOOL DISTRICT NO. 009",56201,"PROPOSITION  VANOSS PUBLIC SCHOOLS",,4,4,2,"AGAINST THE PROPOSITION - NO",,0,0,27,27,,
9/8/2015,"620066","VANOSS PUBLIC SCHOOLS INDEPENDENT SCHOOL DISTRICT NO. 009",56201,"PROPOSITION  VANOSS PUBLIC SCHOOLS",,4,4,1,"FOR THE PROPOSITION - YES",,0,3,16,19,,
9/8/2015,"620066","VANOSS PUBLIC SCHOOLS INDEPENDENT SCHOOL DISTRICT NO. 009",56201,"PROPOSITION  VANOSS PUBLIC SCHOOLS",,4,4,2,"AGAINST THE PROPOSITION - NO",,0,0,5,5,,
9/8/2015,"620067","VANOSS PUBLIC SCHOOLS INDEPENDENT SCHOOL DISTRICT NO. 009",56201,"PROPOSITION  VANOSS PUBLIC SCHOOLS",,4,4,1,"FOR THE PROPOSITION - YES",,1,1,73,75,,
9/8/2015,"620067","VANOSS PUBLIC SCHOOLS INDEPENDENT SCHOOL DISTRICT NO. 009",56201,"PROPOSITION  VANOSS PUBLIC SCHOOLS",,4,4,2,"AGAINST THE PROPOSITION - NO",,2,0,58,60,,
9/8/2015,"630018","PLEASANT GROVE PUBLIC SCHOOL ELEMENTARY SCHOOL DISTRICT NO. 029",56303,"PROPOSITION  PLEASANT GROVE PUBLIC SCHOOL",,1,1,1,"FOR THE PROPOSITION - YES",,0,0,9,9,,
9/8/2015,"630018","PLEASANT GROVE PUBLIC SCHOOL ELEMENTARY SCHOOL DISTRICT NO. 029",56303,"PROPOSITION  PLEASANT GROVE PUBLIC SCHOOL",,1,1,2,"AGAINST THE PROPOSITION - NO",,0,0,11,11,,
9/8/2015,"630027","MACOMB PUBLIC SCHOOLS INDEPENDENT SCHOOL DISTRICT NO. 004",56301,"PROPOSITION NO. 1  MACOMB PUBLIC SCHOOLS",,4,4,1,"FOR THE PROPOSITION - YES",,0,1,22,23,,
9/8/2015,"630027","MACOMB PUBLIC SCHOOLS INDEPENDENT SCHOOL DISTRICT NO. 004",56301,"PROPOSITION NO. 1  MACOMB PUBLIC SCHOOLS",,4,4,2,"AGAINST THE PROPOSITION - NO",,0,0,26,26,,
9/8/2015,"630027","MACOMB PUBLIC SCHOOLS INDEPENDENT SCHOOL DISTRICT NO. 004",56302,"PROPOSITION NO. 2  MACOMB PUBLIC SCHOOLS",,4,4,1,"FOR THE PROPOSITION - YES",,0,1,24,25,,
9/8/2015,"630027","MACOMB PUBLIC SCHOOLS INDEPENDENT SCHOOL DISTRICT NO. 004",56302,"PROPOSITION NO. 2  MACOMB PUBLIC SCHOOLS",,4,4,2,"AGAINST THE PROPOSITION - NO",,0,0,24,24,,
9/8/2015,"630029","MACOMB PUBLIC SCHOOLS INDEPENDENT SCHOOL DISTRICT NO. 004",56301,"PROPOSITION NO. 1  MACOMB PUBLIC SCHOOLS",,4,4,1,"FOR THE PROPOSITION - YES",,0,1,7,8,,
9/8/2015,"630029","MACOMB PUBLIC SCHOOLS INDEPENDENT SCHOOL DISTRICT NO. 004",56301,"PROPOSITION NO. 1  MACOMB PUBLIC SCHOOLS",,4,4,2,"AGAINST THE PROPOSITION - NO",,0,0,3,3,,
9/8/2015,"630029","MACOMB PUBLIC SCHOOLS INDEPENDENT SCHOOL DISTRICT NO. 004",56302,"PROPOSITION NO. 2  MACOMB PUBLIC SCHOOLS",,4,4,1,"FOR THE PROPOSITION - YES",,0,1,7,8,,
9/8/2015,"630029","MACOMB PUBLIC SCHOOLS INDEPENDENT SCHOOL DISTRICT NO. 004",56302,"PROPOSITION NO. 2  MACOMB PUBLIC SCHOOLS",,4,4,2,"AGAINST THE PROPOSITION - NO",,0,0,3,3,,
9/8/2015,"630037","MACOMB PUBLIC SCHOOLS INDEPENDENT SCHOOL DISTRICT NO. 004",56301,"PROPOSITION NO. 1  MACOMB PUBLIC SCHOOLS",,4,4,1,"FOR THE PROPOSITION - YES",,0,0,28,28,,
9/8/2015,"630037","MACOMB PUBLIC SCHOOLS INDEPENDENT SCHOOL DISTRICT NO. 004",56301,"PROPOSITION NO. 1  MACOMB PUBLIC SCHOOLS",,4,4,2,"AGAINST THE PROPOSITION - NO",,0,0,24,24,,
9/8/2015,"630037","MACOMB PUBLIC SCHOOLS INDEPENDENT SCHOOL DISTRICT NO. 004",56302,"PROPOSITION NO. 2  MACOMB PUBLIC SCHOOLS",,4,4,1,"FOR THE PROPOSITION - YES",,0,0,30,30,,
9/8/2015,"630037","MACOMB PUBLIC SCHOOLS INDEPENDENT SCHOOL DISTRICT NO. 004",56302,"PROPOSITION NO. 2  MACOMB PUBLIC SCHOOLS",,4,4,2,"AGAINST THE PROPOSITION - NO",,0,0,23,23,,
9/8/2015,"630038","MACOMB PUBLIC SCHOOLS INDEPENDENT SCHOOL DISTRICT NO. 004",56301,"PROPOSITION NO. 1  MACOMB PUBLIC SCHOOLS",,4,4,1,"FOR THE PROPOSITION - YES",,1,1,23,25,,
9/8/2015,"630038","MACOMB PUBLIC SCHOOLS INDEPENDENT SCHOOL DISTRICT NO. 004",56301,"PROPOSITION NO. 1  MACOMB PUBLIC SCHOOLS",,4,4,2,"AGAINST THE PROPOSITION - NO",,0,2,25,27,,
9/8/2015,"630038","MACOMB PUBLIC SCHOOLS INDEPENDENT SCHOOL DISTRICT NO. 004",56302,"PROPOSITION NO. 2  MACOMB PUBLIC SCHOOLS",,4,4,1,"FOR THE PROPOSITION - YES",,1,1,27,29,,
9/8/2015,"630038","MACOMB PUBLIC SCHOOLS INDEPENDENT SCHOOL DISTRICT NO. 004",56302,"PROPOSITION NO. 2  MACOMB PUBLIC SCHOOLS",,4,4,2,"AGAINST THE PROPOSITION - NO",,0,2,21,23,,
9/8/2015,"650102","SAYRE PUBLIC SCHOOLS INDEPENDENT SCHOOL DISTRICT NO. 031",50501,"PROPOSITION NO. 1  SAYRE PUBLIC SCHOOLS",,11,11,1,"FOR THE PROPOSITION - YES",,0,0,0,0,,
9/8/2015,"650102","SAYRE PUBLIC SCHOOLS INDEPENDENT SCHOOL DISTRICT NO. 031",50501,"PROPOSITION NO. 1  SAYRE PUBLIC SCHOOLS",,11,11,2,"AGAINST THE PROPOSITION - NO",,0,0,0,0,,
9/8/2015,"650102","SAYRE PUBLIC SCHOOLS INDEPENDENT SCHOOL DISTRICT NO. 031",50502,"PROPOSITION NO. 2  SAYRE PUBLIC SCHOOLS",,11,11,1,"FOR THE PROPOSITION - YES",,0,0,0,0,,
9/8/2015,"650102","SAYRE PUBLIC SCHOOLS INDEPENDENT SCHOOL DISTRICT NO. 031",50502,"PROPOSITION NO. 2  SAYRE PUBLIC SCHOOLS",,11,11,2,"AGAINST THE PROPOSITION - NO",,0,0,0,0,,
