elec_date,county,entity_description,race_number,race_description,race_party,tot_race_prec,race_prec_reporting,cand_number,cand_name,cand_party,cand_absmail_votes,cand_early_votes,cand_elecday_votes,cand_tot_votes,race_county_owner
6/9/2015,"CANADIAN","MAPLE PUBLIC SCHOOL ELEMENTARY SCHOOL DISTRICT NO. 162",50901,"PROPOSITION  MAPLE PUBLIC SCHOOL",,5,5,1,"FOR THE PROPOSITION - YES",,2,2,58,62,,
6/9/2015,"CANADIAN","MAPLE PUBLIC SCHOOL ELEMENTARY SCHOOL DISTRICT NO. 162",50901,"PROPOSITION  MAPLE PUBLIC SCHOOL",,5,5,2,"AGAINST THE PROPOSITION - NO",,2,1,38,41,,
6/9/2015,"COMANCHE","CITY OF LAWTON",41601,"FOR MAYOR  CITY OF LAWTON",,28,28,1,"SHERENE L. WILLIAMS",,46,155,1826,2027,COMANCHE
6/9/2015,"COMANCHE","CITY OF LAWTON",41601,"FOR MAYOR  CITY OF LAWTON",,28,28,2,"FRED FITCH",,76,200,2363,2639,COMANCHE
6/9/2015,"COMANCHE","CITY OF LAWTON",41602,"FOR COUNCIL MEMBER WARD 1  CITY OF LAWTON",,4,4,1,"LARRY WALLS",,1,8,100,109,COMANCHE
6/9/2015,"COMANCHE","CITY OF LAWTON",41602,"FOR COUNCIL MEMBER WARD 1  CITY OF LAWTON",,4,4,2,"ROBERT BOYD MORFORD, III",,11,16,235,262,COMANCHE
6/9/2015,"COMANCHE","CITY OF LAWTON",41602,"FOR COUNCIL MEMBER WARD 1  CITY OF LAWTON",,4,4,3,"ANDREW HAYES",,2,9,116,127,COMANCHE
6/9/2015,"COMANCHE","CITY OF LAWTON",41603,"FOR COUNCIL MEMBER WARD 2  CITY OF LAWTON",,6,6,1,"KEITH JACKSON",,12,27,447,486,COMANCHE
6/9/2015,"COMANCHE","CITY OF LAWTON",41603,"FOR COUNCIL MEMBER WARD 2  CITY OF LAWTON",,6,6,2,"MARK MALONE",,8,18,196,222,COMANCHE
6/9/2015,"CUSTER","CITY OF WEATHERFORD",42001,"PROPOSITION  CITY OF WEATHERFORD",,4,4,1,"FOR THE PROPOSITION - YES",,20,3,55,78,,
6/9/2015,"CUSTER","CITY OF WEATHERFORD",42001,"PROPOSITION  CITY OF WEATHERFORD",,4,4,2,"AGAINST THE PROPOSITION - NO",,3,0,59,62,,
6/9/2015,"GRANT","GRANT COUNTY",30001,"PROPOSITION",,7,7,1,"FOR THE PROPOSITION - YES",,8,12,147,167,,
6/9/2015,"GRANT","GRANT COUNTY",30001,"PROPOSITION",,7,7,2,"AGAINST THE PROPOSITION - NO",,13,12,84,109,,
6/9/2015,"HUGHES","CITY OF HOLDENVILLE",43201,"PROPOSITION  CITY OF HOLDENVILLE",,4,4,1,"FOR THE PROPOSITION - YES",,14,20,244,278,,
6/9/2015,"HUGHES","CITY OF HOLDENVILLE",43201,"PROPOSITION  CITY OF HOLDENVILLE",,4,4,2,"AGAINST THE PROPOSITION - NO",,2,2,28,32,,
6/9/2015,"JEFFERSON","TOWN OF RYAN",43401,"FOR BOARD OF TRUSTEES  TOWN OF RYAN",,1,1,1,"DAVID JACKSON",,0,2,74,76,JEFFERSON
6/9/2015,"JEFFERSON","TOWN OF RYAN",43401,"FOR BOARD OF TRUSTEES  TOWN OF RYAN",,1,1,2,"BILL McMANUS",,0,0,22,22,JEFFERSON
6/9/2015,"JEFFERSON","TOWN OF RYAN",43401,"FOR BOARD OF TRUSTEES  TOWN OF RYAN",,1,1,3,"TAMMY WALLACE HUSKEY",,0,0,11,11,JEFFERSON
6/9/2015,"JEFFERSON","TOWN OF RYAN",43401,"FOR BOARD OF TRUSTEES  TOWN OF RYAN",,1,1,4,"TERRY GRANTHAM",,2,1,62,65,JEFFERSON
6/9/2015,"JEFFERSON","TOWN OF RYAN",43401,"FOR BOARD OF TRUSTEES  TOWN OF RYAN",,1,1,5,"ELMER HELLOMS",,0,0,42,42,JEFFERSON
6/9/2015,"JEFFERSON","TOWN OF RYAN",43401,"FOR BOARD OF TRUSTEES  TOWN OF RYAN",,1,1,6,"JERRY G. DALTON",,1,0,58,59,JEFFERSON
6/9/2015,"JEFFERSON","TOWN OF RYAN",43402,"FOR BOARD OF TRUSTEES (UNEXPIRED TERM)  TOWN OF RYAN",,1,1,1,"BRENDA L ADEN",,0,1,46,47,JEFFERSON
6/9/2015,"JEFFERSON","TOWN OF RYAN",43402,"FOR BOARD OF TRUSTEES (UNEXPIRED TERM)  TOWN OF RYAN",,1,1,2,"TAMMY COTTON",,0,1,56,57,JEFFERSON
6/9/2015,"JEFFERSON","TOWN OF RYAN",43402,"FOR BOARD OF TRUSTEES (UNEXPIRED TERM)  TOWN OF RYAN",,1,1,3,"JAMES TERRY",,0,0,24,24,JEFFERSON
6/9/2015,"JEFFERSON","TOWN OF RYAN",43402,"FOR BOARD OF TRUSTEES (UNEXPIRED TERM)  TOWN OF RYAN",,1,1,4,"MAX WELDON THOMAS",,2,0,10,12,JEFFERSON
6/9/2015,"LEFLORE","TOWN OF PANAMA",44001,"FOR BOARD OF TRUSTEES  TOWN OF PANAMA",,3,3,1,"LLOYD MICKEY HALE",,15,6,176,197,LEFLORE
6/9/2015,"LEFLORE","TOWN OF PANAMA",44001,"FOR BOARD OF TRUSTEES  TOWN OF PANAMA",,3,3,2,"DON MURPHY",,0,1,185,186,LEFLORE
6/9/2015,"LEFLORE","TOWN OF PANAMA",44001,"FOR BOARD OF TRUSTEES  TOWN OF PANAMA",,3,3,3,"HARLAN HALE",,14,6,184,204,LEFLORE
6/9/2015,"LEFLORE","TOWN OF PANAMA",44001,"FOR BOARD OF TRUSTEES  TOWN OF PANAMA",,3,3,4,"CHARLES PIERCE",,1,0,7,8,LEFLORE
6/9/2015,"LEFLORE","TOWN OF PANAMA",44001,"FOR BOARD OF TRUSTEES  TOWN OF PANAMA",,3,3,5,"BOBBY DUKE WHITEAKER",,0,1,182,183,LEFLORE
6/9/2015,"MUSKOGEE","CITY OF MUSKOGEE",45101,"PROPOSITION  CITY OF MUSKOGEE",,15,15,1,"FOR THE PROPOSITION - YES",,18,15,138,171,,
6/9/2015,"MUSKOGEE","CITY OF MUSKOGEE",45101,"PROPOSITION  CITY OF MUSKOGEE",,15,15,2,"AGAINST THE PROPOSITION - NO",,3,1,7,11,,
6/9/2015,"OKLAHOMA","CITY OF BETHANY",45501,"PROPOSITION  CITY OF BETHANY",,11,11,1,"FOR THE PROPOSITION - YES",,28,2,345,375,,
6/9/2015,"OKLAHOMA","CITY OF BETHANY",45501,"PROPOSITION  CITY OF BETHANY",,11,11,2,"AGAINST THE PROPOSITION - NO",,67,3,851,921,,
6/9/2015,"OKLAHOMA","OKLAHOMA DEPT OF CAREER AND TECHNOLOGY EDUCATION",55501,"PROPOSITION  OKLA DEPT OF CAREER",,6,6,1,"FOR THE PROPOSITION - YES",,11,2,181,194,,
6/9/2015,"OKLAHOMA","OKLAHOMA DEPT OF CAREER AND TECHNOLOGY EDUCATION",55501,"PROPOSITION  OKLA DEPT OF CAREER",,6,6,2,"AGAINST THE PROPOSITION - NO",,7,0,4,11,,
6/9/2015,"OKMULGEE","CITY OF HENRYETTA",45601,"PROPOSITION  CITY OF HENRYETTA",,8,8,1,"FOR THE PROPOSITION - YES",,18,3,87,108,,
6/9/2015,"OKMULGEE","CITY OF HENRYETTA",45601,"PROPOSITION  CITY OF HENRYETTA",,8,8,2,"AGAINST THE PROPOSITION - NO",,5,2,6,13,,
6/9/2015,"OSAGE","SAND SPRINGS PUBLIC SCHOOLS INDEPENDENT SCHOOL DISTRICT NO. 002",57201,"PROPOSITION NO. 1  SAND SPRINGS PUBLIC SCHOOLS",,6,6,1,"FOR THE PROPOSITION - YES",,6,0,35,41,,
6/9/2015,"OSAGE","SAND SPRINGS PUBLIC SCHOOLS INDEPENDENT SCHOOL DISTRICT NO. 002",57201,"PROPOSITION NO. 1  SAND SPRINGS PUBLIC SCHOOLS",,6,6,2,"AGAINST THE PROPOSITION - NO",,6,0,6,12,,
6/9/2015,"OSAGE","SAND SPRINGS PUBLIC SCHOOLS INDEPENDENT SCHOOL DISTRICT NO. 002",57202,"PROPOSITION NO. 2  SAND SPRINGS PUBLIC SCHOOLS",,6,6,1,"FOR THE PROPOSITION - YES",,7,0,37,44,,
6/9/2015,"OSAGE","SAND SPRINGS PUBLIC SCHOOLS INDEPENDENT SCHOOL DISTRICT NO. 002",57202,"PROPOSITION NO. 2  SAND SPRINGS PUBLIC SCHOOLS",,6,6,2,"AGAINST THE PROPOSITION - NO",,5,0,5,10,,
6/9/2015,"STEPHENS","CITY OF MARLOW",46901,"PROPOSITION NO. 1  CITY OF MARLOW",,3,3,1,"FOR THE PROPOSITION - YES",,4,5,192,201,,
6/9/2015,"STEPHENS","CITY OF MARLOW",46901,"PROPOSITION NO. 1  CITY OF MARLOW",,3,3,2,"AGAINST THE PROPOSITION - NO",,0,1,8,9,,
6/9/2015,"STEPHENS","CITY OF MARLOW",46902,"PROPOSITION NO. 2  CITY OF MARLOW",,3,3,1,"FOR THE PROPOSITION - YES",,4,6,185,195,,
6/9/2015,"STEPHENS","CITY OF MARLOW",46902,"PROPOSITION NO. 2  CITY OF MARLOW",,3,3,2,"AGAINST THE PROPOSITION - NO",,0,0,14,14,,
6/9/2015,"TULSA","SAND SPRINGS PUBLIC SCHOOLS INDEPENDENT SCHOOL DISTRICT NO. 002",57201,"PROPOSITION NO. 1  SAND SPRINGS PUBLIC SCHOOLS",,11,11,1,"FOR THE PROPOSITION - YES",,27,27,929,983,,
6/9/2015,"TULSA","SAND SPRINGS PUBLIC SCHOOLS INDEPENDENT SCHOOL DISTRICT NO. 002",57201,"PROPOSITION NO. 1  SAND SPRINGS PUBLIC SCHOOLS",,11,11,2,"AGAINST THE PROPOSITION - NO",,11,1,81,93,,
6/9/2015,"TULSA","SAND SPRINGS PUBLIC SCHOOLS INDEPENDENT SCHOOL DISTRICT NO. 002",57202,"PROPOSITION NO. 2  SAND SPRINGS PUBLIC SCHOOLS",,11,11,1,"FOR THE PROPOSITION - YES",,28,28,921,977,,
6/9/2015,"TULSA","SAND SPRINGS PUBLIC SCHOOLS INDEPENDENT SCHOOL DISTRICT NO. 002",57202,"PROPOSITION NO. 2  SAND SPRINGS PUBLIC SCHOOLS",,11,11,2,"AGAINST THE PROPOSITION - NO",,12,1,87,100,,
