elec_date,county,entity_description,race_number,race_description,race_party,tot_race_prec,race_prec_reporting,cand_number,cand_name,cand_party,cand_absmail_votes,cand_early_votes,cand_elecday_votes,cand_tot_votes,race_county_owner
6/13/2017,"BECKHAM","CITY OF ERICK",40501,"PROPOSITION  CITY OF ERICK",,1,1,1,"FOR THE PROPOSITION - YES",,1,0,38,39,,
6/13/2017,"BECKHAM","CITY OF ERICK",40501,"PROPOSITION  CITY OF ERICK",,1,1,2,"AGAINST THE PROPOSITION - NO",,0,0,34,34,,
6/13/2017,"CADDO","CADDO COUNTY",30002,"COUNTY QUESTION",,20,20,1,"FOR THE PROPOSITION - YES",,48,42,857,947,,
6/13/2017,"CADDO","CADDO COUNTY",30002,"COUNTY QUESTION",,20,20,2,"AGAINST THE PROPOSITION - NO",,28,3,48,79,,
6/13/2017,"CADDO","TOWN OF GRACEMONT",40801,"PROPOSITION  TOWN OF GRACEMONT",,2,2,1,"FOR THE PROPOSITION - YES",,0,1,30,31,,
6/13/2017,"CADDO","TOWN OF GRACEMONT",40801,"PROPOSITION  TOWN OF GRACEMONT",,2,2,2,"AGAINST THE PROPOSITION - NO",,0,0,2,2,,
6/13/2017,"COMANCHE","TOWN OF MEDICINE PARK",41601,"PROPOSITION  TOWN OF MEDICINE PARK",,2,2,1,"FOR THE PROPOSITION - YES",,2,5,68,75,,
6/13/2017,"COMANCHE","TOWN OF MEDICINE PARK",41601,"PROPOSITION  TOWN OF MEDICINE PARK",,2,2,2,"AGAINST THE PROPOSITION - NO",,2,2,45,49,,
6/13/2017,"LEFLORE","TOWN OF PANAMA",44001,"PROPOSITION  TOWN OF PANAMA",,3,3,1,"FOR THE PROPOSITION - YES",,0,0,70,70,,
6/13/2017,"LEFLORE","TOWN OF PANAMA",44001,"PROPOSITION  TOWN OF PANAMA",,3,3,2,"AGAINST THE PROPOSITION - NO",,0,0,3,3,,
6/13/2017,"MUSKOGEE","MUSKOGEE COUNTY",30003,"COUNTY QUESTION",,33,33,1,"FOR THE PROPOSITION - YES",,19,133,1218,1370,,
6/13/2017,"MUSKOGEE","MUSKOGEE COUNTY",30003,"COUNTY QUESTION",,33,33,2,"AGAINST THE PROPOSITION - NO",,5,18,235,258,,
6/13/2017,"OSAGE","TOWN OF WEBB CITY",45701,"PROPOSITION  TOWN OF WEBB CITY",,1,1,1,"FOR THE PROPOSITION - YES",,0,0,9,9,,
6/13/2017,"OSAGE","TOWN OF WEBB CITY",45701,"PROPOSITION  TOWN OF WEBB CITY",,1,1,2,"AGAINST THE PROPOSITION - NO",,0,0,0,0,,
6/13/2017,"SEQUOYAH","CITY OF SALLISAW",46801,"PROPOSITION  CITY OF SALLISAW",,6,6,1,"FOR THE PROPOSITION - YES",,3,2,61,66,,
6/13/2017,"SEQUOYAH","CITY OF SALLISAW",46801,"PROPOSITION  CITY OF SALLISAW",,6,6,2,"AGAINST THE PROPOSITION - NO",,0,0,6,6,,
6/13/2017,"SEQUOYAH","TOWN OF MULDROW",46802,"PROPOSITION  TOWN OF MULDROW",,4,4,1,"FOR THE PROPOSITION - YES",,0,0,17,17,,
6/13/2017,"SEQUOYAH","TOWN OF MULDROW",46802,"PROPOSITION  TOWN OF MULDROW",,4,4,2,"AGAINST THE PROPOSITION - NO",,0,0,3,3,,
6/13/2017,"TILLMAN","TILLMAN COUNTY",30001,"COUNTY QUESTION",,9,9,1,"FOR THE PROPOSITION - YES",,15,101,674,790,,
6/13/2017,"TILLMAN","TILLMAN COUNTY",30001,"COUNTY QUESTION",,9,9,2,"AGAINST THE PROPOSITION - NO",,6,13,126,145,,
