elec_date,county,entity_description,race_number,race_description,race_party,tot_race_prec,race_prec_reporting,cand_number,cand_name,cand_party,cand_absmail_votes,cand_early_votes,cand_elecday_votes,cand_tot_votes,race_county_owner
1/12/2021,"BECKHAM","HAMMON PUBLIC SCHOOLS INDEPENDENT SCHOOL DISTRICT NO. 066",56501,"PROPOSITION  HAMMON PUBLIC SCHOOLS",,1,1,1,"FOR THE PROPOSITION - YES",,0,0,0,0,,
1/12/2021,"BECKHAM","HAMMON PUBLIC SCHOOLS INDEPENDENT SCHOOL DISTRICT NO. 066",56501,"PROPOSITION  HAMMON PUBLIC SCHOOLS",,1,1,2,"AGAINST THE PROPOSITION - NO",,0,0,0,0,,
1/12/2021,"CANADIAN","CITY OF PIEDMONT",40901,"PROPOSITION  CITY OF PIEDMONT",,3,3,1,"FOR THE PROPOSITION - YES",,6,0,219,225,,
1/12/2021,"CANADIAN","CITY OF PIEDMONT",40901,"PROPOSITION  CITY OF PIEDMONT",,3,3,2,"AGAINST THE PROPOSITION - NO",,18,4,966,988,,
1/12/2021,"CREEK","CITY OF SAPULPA",41901,"PROPOSITION  CITY OF SAPULPA",,20,20,1,"FOR THE PROPOSITION - YES",,10,68,243,321,,
1/12/2021,"CREEK","CITY OF SAPULPA",41901,"PROPOSITION  CITY OF SAPULPA",,20,20,2,"AGAINST THE PROPOSITION - NO",,4,4,114,122,,
1/12/2021,"CUSTER","TOWN OF ARAPAHO",42001,"PROPOSITION  TOWN OF ARAPAHO",,1,1,1,"FOR THE PROPOSITION - YES",,0,2,21,23,,
1/12/2021,"CUSTER","TOWN OF ARAPAHO",42001,"PROPOSITION  TOWN OF ARAPAHO",,1,1,2,"AGAINST THE PROPOSITION - NO",,0,0,0,0,,
1/12/2021,"CUSTER","HAMMON PUBLIC SCHOOLS INDEPENDENT SCHOOL DISTRICT NO. 066",56501,"PROPOSITION  HAMMON PUBLIC SCHOOLS",,1,1,1,"FOR THE PROPOSITION - YES",,0,0,16,16,,
1/12/2021,"CUSTER","HAMMON PUBLIC SCHOOLS INDEPENDENT SCHOOL DISTRICT NO. 066",56501,"PROPOSITION  HAMMON PUBLIC SCHOOLS",,1,1,2,"AGAINST THE PROPOSITION - NO",,2,0,8,10,,
1/12/2021,"GARFIELD","TOWN OF FAIRMONT",42401,"PROPOSITION  TOWN OF FAIRMONT",,1,1,1,"FOR THE PROPOSITION - YES",,0,0,20,20,,
1/12/2021,"GARFIELD","TOWN OF FAIRMONT",42401,"PROPOSITION  TOWN OF FAIRMONT",,1,1,2,"AGAINST THE PROPOSITION - NO",,0,0,1,1,,
1/12/2021,"GARFIELD","KREMLIN-HILLSDALE SCHOOLS INDEPENDENT SCHOOL DISTRICT NO. 018",52401,"PROPOSITION  KREMLIN-HILLSDALE SCHOOLS",,5,5,1,"FOR THE PROPOSITION - YES",,2,1,140,143,,
1/12/2021,"GARFIELD","KREMLIN-HILLSDALE SCHOOLS INDEPENDENT SCHOOL DISTRICT NO. 018",52401,"PROPOSITION  KREMLIN-HILLSDALE SCHOOLS",,5,5,2,"AGAINST THE PROPOSITION - NO",,5,0,27,32,,
1/12/2021,"GRANT","KREMLIN-HILLSDALE SCHOOLS INDEPENDENT SCHOOL DISTRICT NO. 018",52401,"PROPOSITION  KREMLIN-HILLSDALE SCHOOLS",,1,1,1,"FOR THE PROPOSITION - YES",,0,0,5,5,,
1/12/2021,"GRANT","KREMLIN-HILLSDALE SCHOOLS INDEPENDENT SCHOOL DISTRICT NO. 018",52401,"PROPOSITION  KREMLIN-HILLSDALE SCHOOLS",,1,1,2,"AGAINST THE PROPOSITION - NO",,0,0,0,0,,
1/12/2021,"HUGHES","HUGHES COUNTY",30001,"PROPOSITION",,16,16,1,"FOR THE PROPOSITION - YES",,16,6,392,414,,
1/12/2021,"HUGHES","HUGHES COUNTY",30001,"PROPOSITION",,16,16,2,"AGAINST THE PROPOSITION - NO",,2,4,137,143,,
1/12/2021,"JEFFERSON","TOWN OF TERRAL",43401,"PROPOSITION  TOWN OF TERRAL",,1,1,1,"FOR THE PROPOSITION - YES",,1,0,27,28,,
1/12/2021,"JEFFERSON","TOWN OF TERRAL",43401,"PROPOSITION  TOWN OF TERRAL",,1,1,2,"AGAINST THE PROPOSITION - NO",,0,0,0,0,,
1/12/2021,"KINGFISHER","CITY OF PIEDMONT",40901,"PROPOSITION  CITY OF PIEDMONT",,1,1,1,"FOR THE PROPOSITION - YES",,0,0,0,0,,
1/12/2021,"KINGFISHER","CITY OF PIEDMONT",40901,"PROPOSITION  CITY OF PIEDMONT",,1,1,2,"AGAINST THE PROPOSITION - NO",,0,0,0,0,,
1/12/2021,"LINCOLN","EASTERN OKLAHOMA TECH CENTER DISTRICT NO. 23",55501,"PROPOSITION  EASTERN OKLAHOMA TECH CENTER",,3,3,1,"FOR THE PROPOSITION - YES",,2,0,6,8,,
1/12/2021,"LINCOLN","EASTERN OKLAHOMA TECH CENTER DISTRICT NO. 23",55501,"PROPOSITION  EASTERN OKLAHOMA TECH CENTER",,3,3,2,"AGAINST THE PROPOSITION - NO",,0,0,0,0,,
1/12/2021,"LOGAN","EASTERN OKLAHOMA TECH CENTER DISTRICT NO. 23",55501,"PROPOSITION  EASTERN OKLAHOMA TECH CENTER",,2,2,1,"FOR THE PROPOSITION - YES",,0,0,2,2,,
1/12/2021,"LOGAN","EASTERN OKLAHOMA TECH CENTER DISTRICT NO. 23",55501,"PROPOSITION  EASTERN OKLAHOMA TECH CENTER",,2,2,2,"AGAINST THE PROPOSITION - NO",,0,0,2,2,,
1/12/2021,"MARSHALL","TOWN OF KINGSTON",44801,"PROPOSITION  TOWN OF KINGSTON",,3,3,1,"FOR THE PROPOSITION - YES",,0,0,20,20,,
1/12/2021,"MARSHALL","TOWN OF KINGSTON",44801,"PROPOSITION  TOWN OF KINGSTON",,3,3,2,"AGAINST THE PROPOSITION - NO",,3,1,0,4,,
1/12/2021,"MUSKOGEE","TOWN OF WEBBERS FALLS",45101,"PROPOSITION  TOWN OF WEBBERS FALLS",,1,1,1,"FOR THE PROPOSITION - YES",,0,0,10,10,,
1/12/2021,"MUSKOGEE","TOWN OF WEBBERS FALLS",45101,"PROPOSITION  TOWN OF WEBBERS FALLS",,1,1,2,"AGAINST THE PROPOSITION - NO",,0,0,0,0,,
1/12/2021,"OKLAHOMA","EASTERN OKLAHOMA TECH CENTER DISTRICT NO. 23",55501,"PROPOSITION  EASTERN OKLAHOMA TECH CENTER",,34,34,1,"FOR THE PROPOSITION - YES",,25,4,928,957,,
1/12/2021,"OKLAHOMA","EASTERN OKLAHOMA TECH CENTER DISTRICT NO. 23",55501,"PROPOSITION  EASTERN OKLAHOMA TECH CENTER",,34,34,2,"AGAINST THE PROPOSITION - NO",,13,3,239,255,,
1/12/2021,"OSAGE","CITY OF PAWHUSKA",45701,"PROPOSITIONS  CITY OF PAWHUSKA",,2,2,1,"FOR THE PROPOSITION - YES",,17,19,217,253,,
1/12/2021,"OSAGE","CITY OF PAWHUSKA",45701,"PROPOSITIONS  CITY OF PAWHUSKA",,2,2,2,"AGAINST THE PROPOSITION - NO",,3,14,102,119,,
1/12/2021,"POTTAWATOMIE","CITY OF SHAWNEE",46301,"PROPOSITION  CITY OF SHAWNEE",,16,16,1,"FOR THE PROPOSITION - YES",,38,11,218,267,,
1/12/2021,"POTTAWATOMIE","CITY OF SHAWNEE",46301,"PROPOSITION  CITY OF SHAWNEE",,16,16,2,"AGAINST THE PROPOSITION - NO",,8,5,42,55,,
1/12/2021,"POTTAWATOMIE","EASTERN OKLAHOMA TECH CENTER DISTRICT NO. 23",55501,"PROPOSITION  EASTERN OKLAHOMA TECH CENTER",,1,1,1,"FOR THE PROPOSITION - YES",,1,0,1,2,,
1/12/2021,"POTTAWATOMIE","EASTERN OKLAHOMA TECH CENTER DISTRICT NO. 23",55501,"PROPOSITION  EASTERN OKLAHOMA TECH CENTER",,1,1,2,"AGAINST THE PROPOSITION - NO",,2,0,0,2,,
1/12/2021,"ROGER MILLS","HAMMON PUBLIC SCHOOLS INDEPENDENT SCHOOL DISTRICT NO. 066",56501,"PROPOSITION  HAMMON PUBLIC SCHOOLS",,3,3,1,"FOR THE PROPOSITION - YES",,1,5,110,116,,
1/12/2021,"ROGER MILLS","HAMMON PUBLIC SCHOOLS INDEPENDENT SCHOOL DISTRICT NO. 066",56501,"PROPOSITION  HAMMON PUBLIC SCHOOLS",,3,3,2,"AGAINST THE PROPOSITION - NO",,5,1,49,55,,
1/12/2021,"SEMINOLE","CITY OF WEWOKA",46701,"PROPOSITION  CITY OF WEWOKA",,1,1,1,"FOR THE PROPOSITION - YES",,4,5,20,29,,
1/12/2021,"SEMINOLE","CITY OF WEWOKA",46701,"PROPOSITION  CITY OF WEWOKA",,1,1,2,"AGAINST THE PROPOSITION - NO",,0,0,0,0,,
1/12/2021,"SEQUOYAH","TOWN OF MULDROW",46801,"PROPOSITION  TOWN OF MULDROW",,4,4,1,"FOR THE PROPOSITION - YES",,0,1,28,29,,
1/12/2021,"SEQUOYAH","TOWN OF MULDROW",46801,"PROPOSITION  TOWN OF MULDROW",,4,4,2,"AGAINST THE PROPOSITION - NO",,0,0,0,0,,
1/12/2021,"TULSA","CITY OF SAPULPA",41901,"PROPOSITION  CITY OF SAPULPA",,2,2,1,"FOR THE PROPOSITION - YES",,0,0,0,0,,
1/12/2021,"TULSA","CITY OF SAPULPA",41901,"PROPOSITION  CITY OF SAPULPA",,2,2,2,"AGAINST THE PROPOSITION - NO",,0,0,2,2,,
1/12/2021,"WASHITA","TOWN OF BURNS FLAT",47501,"PROPOSITION  TOWN OF BURNS FLAT",,2,2,1,"FOR THE PROPOSITION - YES",,2,1,57,60,,
1/12/2021,"WASHITA","TOWN OF BURNS FLAT",47501,"PROPOSITION  TOWN OF BURNS FLAT",,2,2,2,"AGAINST THE PROPOSITION - NO",,0,0,2,2,,
