elec_date,county,entity_description,race_number,race_description,race_party,tot_race_prec,race_prec_reporting,cand_number,cand_name,cand_party,cand_absmail_votes,cand_early_votes,cand_elecday_votes,cand_tot_votes,race_county_owner
3/7/2017,"ATOKA","STRINGTOWN PUBLIC SCHOOLS INDEPENDENT SCHOOL DISTRICT NO. 007",50301,"PROPOSITION  STRINGTOWN PUBLIC SCHOOLS",,3,3,1,"FOR THE PROPOSITION - YES",,1,4,148,153,,
3/7/2017,"ATOKA","STRINGTOWN PUBLIC SCHOOLS INDEPENDENT SCHOOL DISTRICT NO. 007",50301,"PROPOSITION  STRINGTOWN PUBLIC SCHOOLS",,3,3,2,"AGAINST THE PROPOSITION - NO",,0,7,82,89,,
3/7/2017,"CANADIAN","CITY OF YUKON",40901,"PROPOSITION  CITY OF YUKON",,12,12,1,"FOR THE PROPOSITION - YES",,29,8,857,894,,
3/7/2017,"CANADIAN","CITY OF YUKON",40901,"PROPOSITION  CITY OF YUKON",,12,12,2,"AGAINST THE PROPOSITION - NO",,67,21,2361,2449,,
3/7/2017,"CHOCTAW","TOWN OF FORT TOWSON",41201,"PROPOSITION  TOWN OF FORT TOWSON",,2,2,1,"FOR THE PROPOSITION - YES",,4,2,59,65,,
3/7/2017,"CHOCTAW","TOWN OF FORT TOWSON",41201,"PROPOSITION  TOWN OF FORT TOWSON",,2,2,2,"AGAINST THE PROPOSITION - NO",,0,0,1,1,,
3/7/2017,"CLEVELAND","NOBLE PUBLIC SCHOOLS INDEPENDENT SCHOOL DISTRICT NO. 040",51401,"PROPOSITION NO. 1  NOBLE PUBLIC SCHOOLS",,9,9,1,"FOR THE PROPOSITION - YES",,35,4,873,912,,
3/7/2017,"CLEVELAND","NOBLE PUBLIC SCHOOLS INDEPENDENT SCHOOL DISTRICT NO. 040",51401,"PROPOSITION NO. 1  NOBLE PUBLIC SCHOOLS",,9,9,2,"AGAINST THE PROPOSITION - NO",,31,3,349,383,,
3/7/2017,"CLEVELAND","NOBLE PUBLIC SCHOOLS INDEPENDENT SCHOOL DISTRICT NO. 040",51402,"PROPOSITION NO. 2  NOBLE PUBLIC SCHOOLS",,9,9,1,"FOR THE PROPOSITION - YES",,36,4,917,957,,
3/7/2017,"CLEVELAND","NOBLE PUBLIC SCHOOLS INDEPENDENT SCHOOL DISTRICT NO. 040",51402,"PROPOSITION NO. 2  NOBLE PUBLIC SCHOOLS",,9,9,2,"AGAINST THE PROPOSITION - NO",,29,3,309,341,,
3/7/2017,"COMANCHE","ELGIN PUBLIC SCHOOLS INDEPENDENT SCHOOL DISTRICT NO. 016",51601,"PROPOSITION  ELGIN PUBLIC SCHOOLS",,8,8,1,"FOR THE PROPOSITION - YES",,20,15,688,723,,
3/7/2017,"COMANCHE","ELGIN PUBLIC SCHOOLS INDEPENDENT SCHOOL DISTRICT NO. 016",51601,"PROPOSITION  ELGIN PUBLIC SCHOOLS",,8,8,2,"AGAINST THE PROPOSITION - NO",,22,7,425,454,,
3/7/2017,"DELAWARE","GROVE PUBLIC SCHOOLS INDEPENDENT SCHOOL DISTRICT NO. 002",52101,"PROPOSITON  GROVE PUBLIC SCHOOLS",,9,9,1,"FOR THE PROPOSITION - YES",,26,4,395,425,,
3/7/2017,"DELAWARE","GROVE PUBLIC SCHOOLS INDEPENDENT SCHOOL DISTRICT NO. 002",52101,"PROPOSITON  GROVE PUBLIC SCHOOLS",,9,9,2,"AGAINST THE PROPOSITION - NO",,35,0,322,357,,
3/7/2017,"GARVIN","PAULS VALLEY PUBLIC SCHOOLS INDEPENDENT SCHOOL DISTRICT NO. 018",52501,"PROPOSITION  PAULS VALLEY PUBLIC SCHOOLS",,5,5,1,"FOR THE PROPOSITION - YES",,5,20,390,415,,
3/7/2017,"GARVIN","PAULS VALLEY PUBLIC SCHOOLS INDEPENDENT SCHOOL DISTRICT NO. 018",52501,"PROPOSITION  PAULS VALLEY PUBLIC SCHOOLS",,5,5,2,"AGAINST THE PROPOSITION - NO",,5,26,304,335,,
3/7/2017,"GRANT","DEER CREEK-LAMONT SCHOOLS INDEPENDENT SCHOOL DISTRICT NO. 095",52701,"PROPOSITION  DEER CREEK-LAMONT SCHOOLS",,5,5,1,"FOR THE PROPOSITION - YES",,0,0,146,146,,
3/7/2017,"GRANT","DEER CREEK-LAMONT SCHOOLS INDEPENDENT SCHOOL DISTRICT NO. 095",52701,"PROPOSITION  DEER CREEK-LAMONT SCHOOLS",,5,5,2,"AGAINST THE PROPOSITION - NO",,1,1,18,20,,
3/7/2017,"HARMON","ELDORADO PUBLIC SCHOOLS INDEPENDENT SCHOOL DISTRICT NO. 025",53301,"PROPOSED CONSOLIDATION  ELDORADO PUBLIC SCHOOLS",,2,2,1,"FOR THE CONSOLIDATION - YES",,1,0,5,6,,
3/7/2017,"HARMON","ELDORADO PUBLIC SCHOOLS INDEPENDENT SCHOOL DISTRICT NO. 025",53301,"PROPOSED CONSOLIDATION  ELDORADO PUBLIC SCHOOLS",,2,2,2,"AGAINST THE CONSOLIDATION - NO",,0,0,0,0,,
3/7/2017,"HARMON","ELDORADO PUBLIC SCHOOLS INDEPENDENT SCHOOL DISTRICT NO. 025",53302,"PROPOSED CONSOLIDATION PLAN  ELDORADO PUBLIC SCHOOLS",,2,2,1,"FOR THE CONSOLIDATION - YES",,1,0,4,5,,
3/7/2017,"HARMON","ELDORADO PUBLIC SCHOOLS INDEPENDENT SCHOOL DISTRICT NO. 025",53302,"PROPOSED CONSOLIDATION PLAN  ELDORADO PUBLIC SCHOOLS",,2,2,2,"AGAINST THE CONSOLIDATION - NO",,0,0,1,1,,
3/7/2017,"JACKSON","ELDORADO PUBLIC SCHOOLS INDEPENDENT SCHOOL DISTRICT NO. 025",53301,"PROPOSED CONSOLIDATION  ELDORADO PUBLIC SCHOOLS",,3,3,1,"FOR THE CONSOLIDATION - YES",,0,1,116,117,,
3/7/2017,"JACKSON","ELDORADO PUBLIC SCHOOLS INDEPENDENT SCHOOL DISTRICT NO. 025",53301,"PROPOSED CONSOLIDATION  ELDORADO PUBLIC SCHOOLS",,3,3,2,"AGAINST THE CONSOLIDATION - NO",,0,2,4,6,,
3/7/2017,"JACKSON","ELDORADO PUBLIC SCHOOLS INDEPENDENT SCHOOL DISTRICT NO. 025",53302,"PROPOSED CONSOLIDATION PLAN  ELDORADO PUBLIC SCHOOLS",,3,3,1,"FOR THE CONSOLIDATION - YES",,1,1,112,114,,
3/7/2017,"JACKSON","ELDORADO PUBLIC SCHOOLS INDEPENDENT SCHOOL DISTRICT NO. 025",53302,"PROPOSED CONSOLIDATION PLAN  ELDORADO PUBLIC SCHOOLS",,3,3,2,"AGAINST THE CONSOLIDATION - NO",,0,2,5,7,,
3/7/2017,"JACKSON","OLUSTEE PUBLIC SCHOOLS INDEPENDENT SCHOOL DISTRICT NO. 035",53303,"PROPOSED CONSOLIDATION  OLUSTEE PUBLIC SCHOOLS",,3,3,1,"FOR THE CONSOLIDATION - YES",,4,0,141,145,,
3/7/2017,"JACKSON","OLUSTEE PUBLIC SCHOOLS INDEPENDENT SCHOOL DISTRICT NO. 035",53303,"PROPOSED CONSOLIDATION  OLUSTEE PUBLIC SCHOOLS",,3,3,2,"AGAINST THE CONSOLIDATION - NO",,0,0,6,6,,
3/7/2017,"JACKSON","OLUSTEE PUBLIC SCHOOLS INDEPENDENT SCHOOL DISTRICT NO. 035",53304,"PROPOSED CONSOLIDATION PLAN  OLUSTEE PUBLIC SCHOOLS",,3,3,1,"FOR THE CONSOLIDATION - YES",,4,0,139,143,,
3/7/2017,"JACKSON","OLUSTEE PUBLIC SCHOOLS INDEPENDENT SCHOOL DISTRICT NO. 035",53304,"PROPOSED CONSOLIDATION PLAN  OLUSTEE PUBLIC SCHOOLS",,3,3,2,"AGAINST THE CONSOLIDATION - NO",,0,0,6,6,,
3/7/2017,"KAY","DEER CREEK-LAMONT SCHOOLS INDEPENDENT SCHOOL DISTRICT NO. 095",52701,"PROPOSITION  DEER CREEK-LAMONT SCHOOLS",,2,2,1,"FOR THE PROPOSITION - YES",,0,0,1,1,,
3/7/2017,"KAY","DEER CREEK-LAMONT SCHOOLS INDEPENDENT SCHOOL DISTRICT NO. 095",52701,"PROPOSITION  DEER CREEK-LAMONT SCHOOLS",,2,2,2,"AGAINST THE PROPOSITION - NO",,0,0,0,0,,
3/7/2017,"KAY","BLACKWELL PUBLIC SCHOOLS INDEPENDENT SCHOOL DISTRICT NO. 045",53601,"PROPOSITION NO. 1  BLACKWELL PUBLIC SCHOOLS",,8,8,1,"FOR THE PROPOSITION - YES",,14,6,514,534,,
3/7/2017,"KAY","BLACKWELL PUBLIC SCHOOLS INDEPENDENT SCHOOL DISTRICT NO. 045",53601,"PROPOSITION NO. 1  BLACKWELL PUBLIC SCHOOLS",,8,8,2,"AGAINST THE PROPOSITION - NO",,3,4,234,241,,
3/7/2017,"KAY","BLACKWELL PUBLIC SCHOOLS INDEPENDENT SCHOOL DISTRICT NO. 045",53602,"PROPOSITION NO. 2  BLACKWELL PUBLIC SCHOOLS",,8,8,1,"FOR THE PROPOSITION - YES",,17,5,533,555,,
3/7/2017,"KAY","BLACKWELL PUBLIC SCHOOLS INDEPENDENT SCHOOL DISTRICT NO. 045",53602,"PROPOSITION NO. 2  BLACKWELL PUBLIC SCHOOLS",,8,8,2,"AGAINST THE PROPOSITION - NO",,2,5,224,231,,
3/7/2017,"LINCOLN","CUSHING PUBLIC SCHOOLS INDEPENDENT SCHOOL DISTRICT NO. 067",56001,"PROPOSITION  CUSHING PUBLIC SCHOOLS",,2,2,1,"FOR THE PROPOSITION - YES",,0,0,0,0,,
3/7/2017,"LINCOLN","CUSHING PUBLIC SCHOOLS INDEPENDENT SCHOOL DISTRICT NO. 067",56001,"PROPOSITION  CUSHING PUBLIC SCHOOLS",,2,2,2,"AGAINST THE PROPOSITION - NO",,0,0,1,1,,
3/7/2017,"LINCOLN","OAK GROVE PUBLIC SCHOOL ELEMENTARY SCHOOL DISTRICT NO. 104",56002,"PROPOSITION NO. 1  OAK GROVE PUBLIC SCHOOL",,1,1,1,"FOR THE PROPOSITION - YES",,0,0,0,0,,
3/7/2017,"LINCOLN","OAK GROVE PUBLIC SCHOOL ELEMENTARY SCHOOL DISTRICT NO. 104",56002,"PROPOSITION NO. 1  OAK GROVE PUBLIC SCHOOL",,1,1,2,"AGAINST THE PROPOSITION - NO",,0,0,0,0,,
3/7/2017,"LINCOLN","OAK GROVE PUBLIC SCHOOL ELEMENTARY SCHOOL DISTRICT NO. 104",56003,"PROPOSITION NO. 2  OAK GROVE PUBLIC SCHOOL",,1,1,1,"FOR THE PROPOSITION - YES",,0,0,0,0,,
3/7/2017,"LINCOLN","OAK GROVE PUBLIC SCHOOL ELEMENTARY SCHOOL DISTRICT NO. 104",56003,"PROPOSITION NO. 2  OAK GROVE PUBLIC SCHOOL",,1,1,2,"AGAINST THE PROPOSITION - NO",,0,0,0,0,,
3/7/2017,"LOVE","MARIETTA PUBLIC SCHOOLS INDEPENDENT SCHOOL DISTRICT NO. 016",54301,"PROPOSITION  MARIETTA PUBLIC SCHOOLS",,5,5,1,"FOR THE PROPOSITION - YES",,5,9,180,194,,
3/7/2017,"LOVE","MARIETTA PUBLIC SCHOOLS INDEPENDENT SCHOOL DISTRICT NO. 016",54301,"PROPOSITION  MARIETTA PUBLIC SCHOOLS",,5,5,2,"AGAINST THE PROPOSITION - NO",,0,3,17,20,,
3/7/2017,"MUSKOGEE","HILLDALE PUBLIC SCHOOLS INDEPENDENT SCHOOL DISTRICT NO. 029",55101,"PROPOSITION 1  HILLDALE PUBLIC SCHOOLS",,8,8,1,"FOR THE PROPOSITION - YES",,4,29,400,433,,
3/7/2017,"MUSKOGEE","HILLDALE PUBLIC SCHOOLS INDEPENDENT SCHOOL DISTRICT NO. 029",55101,"PROPOSITION 1  HILLDALE PUBLIC SCHOOLS",,8,8,2,"AGAINST THE PROPOSITION - NO",,2,29,291,322,,
3/7/2017,"MUSKOGEE","HILLDALE PUBLIC SCHOOLS INDEPENDENT SCHOOL DISTRICT NO. 029",55102,"PROPOSITION 2  HILLDALE PUBLIC SCHOOLS",,8,8,1,"FOR THE PROPOSITION - YES",,4,29,426,459,,
3/7/2017,"MUSKOGEE","HILLDALE PUBLIC SCHOOLS INDEPENDENT SCHOOL DISTRICT NO. 029",55102,"PROPOSITION 2  HILLDALE PUBLIC SCHOOLS",,8,8,2,"AGAINST THE PROPOSITION - NO",,2,29,275,306,,
3/7/2017,"OKMULGEE","CITY OF BEGGS",45601,"PROPOSITION  CITY OF BEGGS",,3,3,1,"FOR THE PROPOSITION - YES",,0,0,36,36,,
3/7/2017,"OKMULGEE","CITY OF BEGGS",45601,"PROPOSITION  CITY OF BEGGS",,3,3,2,"AGAINST THE PROPOSITION - NO",,1,0,1,2,,
3/7/2017,"OKMULGEE","LIBERTY PUBLIC SCHOOLS INDEPENDENT SCHOOL DISTRICT NO. 014",57203,"PROPOSITION  LIBERTY PUBLIC SCHOOLS",,2,2,1,"FOR THE PROPOSITION - YES",,2,0,19,21,,
3/7/2017,"OKMULGEE","LIBERTY PUBLIC SCHOOLS INDEPENDENT SCHOOL DISTRICT NO. 014",57203,"PROPOSITION  LIBERTY PUBLIC SCHOOLS",,2,2,2,"AGAINST THE PROPOSITION - NO",,1,0,1,2,,
3/7/2017,"OSAGE","TOWN OF WYNONA",45701,"PROPOSITION  TOWN OF WYNONA",,1,1,1,"FOR THE PROPOSITION - YES",,0,0,51,51,,
3/7/2017,"OSAGE","TOWN OF WYNONA",45701,"PROPOSITION  TOWN OF WYNONA",,1,1,2,"AGAINST THE PROPOSITION - NO",,0,0,2,2,,
3/7/2017,"OSAGE","BARNSDALL PUBLIC SCHOOLS INDEPENDENT SCHOOL DISTRICT NO. 029",55701,"PROPOSITION  BARNSDALL PUBLIC SCHOOLS",,4,4,1,"FOR THE PROPOSITION - YES",,10,2,122,134,,
3/7/2017,"OSAGE","BARNSDALL PUBLIC SCHOOLS INDEPENDENT SCHOOL DISTRICT NO. 029",55701,"PROPOSITION  BARNSDALL PUBLIC SCHOOLS",,4,4,2,"AGAINST THE PROPOSITION - NO",,6,1,89,96,,
3/7/2017,"OSAGE","WYNONA PUBLIC SCHOOLS INDEPENDENT SCHOOL DISTRICT NO. 030",55702,"PROPOSITION  WYNONA PUBLIC SCHOOLS",,4,4,1,"FOR THE PROPOSITION - YES",,0,2,69,71,,
3/7/2017,"OSAGE","WYNONA PUBLIC SCHOOLS INDEPENDENT SCHOOL DISTRICT NO. 030",55702,"PROPOSITION  WYNONA PUBLIC SCHOOLS",,4,4,2,"AGAINST THE PROPOSITION - NO",,0,1,13,14,,
3/7/2017,"PAYNE","CUSHING PUBLIC SCHOOLS INDEPENDENT SCHOOL DISTRICT NO. 067",56001,"PROPOSITION  CUSHING PUBLIC SCHOOLS",,5,5,1,"FOR THE PROPOSITION - YES",,1,2,273,276,,
3/7/2017,"PAYNE","CUSHING PUBLIC SCHOOLS INDEPENDENT SCHOOL DISTRICT NO. 067",56001,"PROPOSITION  CUSHING PUBLIC SCHOOLS",,5,5,2,"AGAINST THE PROPOSITION - NO",,10,0,59,69,,
3/7/2017,"PAYNE","OAK GROVE PUBLIC SCHOOL ELEMENTARY SCHOOL DISTRICT NO. 104",56002,"PROPOSITION NO. 1  OAK GROVE PUBLIC SCHOOL",,1,1,1,"FOR THE PROPOSITION - YES",,1,0,40,41,,
3/7/2017,"PAYNE","OAK GROVE PUBLIC SCHOOL ELEMENTARY SCHOOL DISTRICT NO. 104",56002,"PROPOSITION NO. 1  OAK GROVE PUBLIC SCHOOL",,1,1,2,"AGAINST THE PROPOSITION - NO",,1,0,13,14,,
3/7/2017,"PAYNE","OAK GROVE PUBLIC SCHOOL ELEMENTARY SCHOOL DISTRICT NO. 104",56003,"PROPOSITION NO. 2  OAK GROVE PUBLIC SCHOOL",,1,1,1,"FOR THE PROPOSITION - YES",,1,0,41,42,,
3/7/2017,"PAYNE","OAK GROVE PUBLIC SCHOOL ELEMENTARY SCHOOL DISTRICT NO. 104",56003,"PROPOSITION NO. 2  OAK GROVE PUBLIC SCHOOL",,1,1,2,"AGAINST THE PROPOSITION - NO",,1,0,13,14,,
3/7/2017,"POTTAWATOMIE","POTTAWATOMIE COUNTY",11001,"FOR STATE REPRESENTATIVE DISTRICT 28 (UNEXPIRED TERM)",REP,3,3,1,"ZACK TAYLOR",REP,9,1,109,119,,
3/7/2017,"POTTAWATOMIE","POTTAWATOMIE COUNTY",11001,"FOR STATE REPRESENTATIVE DISTRICT 28 (UNEXPIRED TERM)",REP,3,3,2,"MIKE MATLOCK",REP,7,0,89,96,,
3/7/2017,"POTTAWATOMIE","POTTAWATOMIE COUNTY",11001,"FOR STATE REPRESENTATIVE DISTRICT 28 (UNEXPIRED TERM)",REP,3,3,3,"DANIEL J. MATTHEWS",REP,9,10,103,122,,
3/7/2017,"POTTAWATOMIE","POTTAWATOMIE COUNTY",11001,"FOR STATE REPRESENTATIVE DISTRICT 28 (UNEXPIRED TERM)",REP,3,3,4,"BILLY CHOATE",REP,0,0,2,2,,
3/7/2017,"POTTAWATOMIE","POTTAWATOMIE COUNTY",13001,"FOR STATE REPRESENTATIVE DISTRICT 28 (UNEXPIRED TERM)",DEM,3,3,1,"BLAKE CUMMINGS",DEM,3,0,13,16,,
3/7/2017,"POTTAWATOMIE","POTTAWATOMIE COUNTY",13001,"FOR STATE REPRESENTATIVE DISTRICT 28 (UNEXPIRED TERM)",DEM,3,3,2,"MARILYN RAINWATER",DEM,3,1,34,38,,
3/7/2017,"POTTAWATOMIE","POTTAWATOMIE COUNTY",13001,"FOR STATE REPRESENTATIVE DISTRICT 28 (UNEXPIRED TERM)",DEM,3,3,3,"JASON LEONARD",DEM,3,0,8,11,,
3/7/2017,"POTTAWATOMIE","POTTAWATOMIE COUNTY",13001,"FOR STATE REPRESENTATIVE DISTRICT 28 (UNEXPIRED TERM)",DEM,3,3,4,"STEVE BARNES",DEM,3,2,37,42,,
3/7/2017,"POTTAWATOMIE","POTTAWATOMIE COUNTY",13001,"FOR STATE REPRESENTATIVE DISTRICT 28 (UNEXPIRED TERM)",DEM,3,3,5,"YASMINDA CHOATE",DEM,0,0,22,22,,
3/7/2017,"POTTAWATOMIE","STROTHER PUBLIC SCHOOLS INDEPENDENT SCHOOL DISTRICT NO. 014",56701,"PROPOSITION  STROTHER PUBLIC SCHOOLS",,1,1,1,"FOR THE PROPOSITION - YES",,0,0,5,5,,
3/7/2017,"POTTAWATOMIE","STROTHER PUBLIC SCHOOLS INDEPENDENT SCHOOL DISTRICT NO. 014",56701,"PROPOSITION  STROTHER PUBLIC SCHOOLS",,1,1,2,"AGAINST THE PROPOSITION - NO",,0,0,4,4,,
3/7/2017,"SEMINOLE","SEMINOLE COUNTY",11001,"FOR STATE REPRESENTATIVE DISTRICT 28 (UNEXPIRED TERM)",REP,14,14,1,"ZACK TAYLOR",REP,21,42,512,575,,
3/7/2017,"SEMINOLE","SEMINOLE COUNTY",11001,"FOR STATE REPRESENTATIVE DISTRICT 28 (UNEXPIRED TERM)",REP,14,14,2,"MIKE MATLOCK",REP,9,4,135,148,,
3/7/2017,"SEMINOLE","SEMINOLE COUNTY",11001,"FOR STATE REPRESENTATIVE DISTRICT 28 (UNEXPIRED TERM)",REP,14,14,3,"DANIEL J. MATTHEWS",REP,2,5,82,89,,
3/7/2017,"SEMINOLE","SEMINOLE COUNTY",11001,"FOR STATE REPRESENTATIVE DISTRICT 28 (UNEXPIRED TERM)",REP,14,14,4,"BILLY CHOATE",REP,8,5,49,62,,
3/7/2017,"SEMINOLE","SEMINOLE COUNTY",13001,"FOR STATE REPRESENTATIVE DISTRICT 28 (UNEXPIRED TERM)",DEM,14,14,1,"BLAKE CUMMINGS",DEM,2,7,53,62,,
3/7/2017,"SEMINOLE","SEMINOLE COUNTY",13001,"FOR STATE REPRESENTATIVE DISTRICT 28 (UNEXPIRED TERM)",DEM,14,14,2,"MARILYN RAINWATER",DEM,6,16,303,325,,
3/7/2017,"SEMINOLE","SEMINOLE COUNTY",13001,"FOR STATE REPRESENTATIVE DISTRICT 28 (UNEXPIRED TERM)",DEM,14,14,3,"JASON LEONARD",DEM,2,1,77,80,,
3/7/2017,"SEMINOLE","SEMINOLE COUNTY",13001,"FOR STATE REPRESENTATIVE DISTRICT 28 (UNEXPIRED TERM)",DEM,14,14,4,"STEVE BARNES",DEM,10,41,348,399,,
3/7/2017,"SEMINOLE","SEMINOLE COUNTY",13001,"FOR STATE REPRESENTATIVE DISTRICT 28 (UNEXPIRED TERM)",DEM,14,14,5,"YASMINDA CHOATE",DEM,2,3,73,78,,
3/7/2017,"SEMINOLE","STROTHER PUBLIC SCHOOLS INDEPENDENT SCHOOL DISTRICT NO. 014",56701,"PROPOSITION  STROTHER PUBLIC SCHOOLS",,4,4,1,"FOR THE PROPOSITION - YES",,3,4,206,213,,
3/7/2017,"SEMINOLE","STROTHER PUBLIC SCHOOLS INDEPENDENT SCHOOL DISTRICT NO. 014",56701,"PROPOSITION  STROTHER PUBLIC SCHOOLS",,4,4,2,"AGAINST THE PROPOSITION - NO",,3,3,115,121,,
3/7/2017,"TULSA","GLENPOOL PUBLIC SCHOOLS INDEPENDENT SCHOOL DISTRICT NO. 013",57201,"PROPOSITION 1  GLENPOOL PUBLIC SCHOOLS",,4,4,1,"FOR THE PROPOSITION - YES",,6,3,551,560,,
3/7/2017,"TULSA","GLENPOOL PUBLIC SCHOOLS INDEPENDENT SCHOOL DISTRICT NO. 013",57201,"PROPOSITION 1  GLENPOOL PUBLIC SCHOOLS",,4,4,2,"AGAINST THE PROPOSITION - NO",,7,2,110,119,,
3/7/2017,"TULSA","GLENPOOL PUBLIC SCHOOLS INDEPENDENT SCHOOL DISTRICT NO. 013",57202,"PROPOSITION 2  GLENPOOL PUBLIC SCHOOLS",,4,4,1,"FOR THE PROPOSITION - YES",,7,3,549,559,,
3/7/2017,"TULSA","GLENPOOL PUBLIC SCHOOLS INDEPENDENT SCHOOL DISTRICT NO. 013",57202,"PROPOSITION 2  GLENPOOL PUBLIC SCHOOLS",,4,4,2,"AGAINST THE PROPOSITION - NO",,6,2,117,125,,
3/7/2017,"TULSA","LIBERTY PUBLIC SCHOOLS INDEPENDENT SCHOOL DISTRICT NO. 014",57203,"PROPOSITION  LIBERTY PUBLIC SCHOOLS",,3,3,1,"FOR THE PROPOSITION - YES",,0,0,25,25,,
3/7/2017,"TULSA","LIBERTY PUBLIC SCHOOLS INDEPENDENT SCHOOL DISTRICT NO. 014",57203,"PROPOSITION  LIBERTY PUBLIC SCHOOLS",,3,3,2,"AGAINST THE PROPOSITION - NO",,1,0,5,6,,
3/7/2017,"WAGONER","PORTER CONSOLIDATED SCHOOLS INDEPENDENT SCHOOL DISTRICT NO. 365",57301,"PROPOSITION NO. 1  PORTER CONSOLIDATED SCHOOLS",,6,6,1,"FOR THE PROPOSITION - YES",,1,6,193,200,,
3/7/2017,"WAGONER","PORTER CONSOLIDATED SCHOOLS INDEPENDENT SCHOOL DISTRICT NO. 365",57301,"PROPOSITION NO. 1  PORTER CONSOLIDATED SCHOOLS",,6,6,2,"AGAINST THE PROPOSITION - NO",,0,4,104,108,,
3/7/2017,"WAGONER","PORTER CONSOLIDATED SCHOOLS INDEPENDENT SCHOOL DISTRICT NO. 365",57302,"PROPOSITION NO. 2  PORTER CONSOLIDATED SCHOOLS",,6,6,1,"FOR THE PROPOSITION - YES",,1,8,221,230,,
3/7/2017,"WAGONER","PORTER CONSOLIDATED SCHOOLS INDEPENDENT SCHOOL DISTRICT NO. 365",57302,"PROPOSITION NO. 2  PORTER CONSOLIDATED SCHOOLS",,6,6,2,"AGAINST THE PROPOSITION - NO",,0,3,77,80,,
