elec_date,county,entity_description,race_number,race_description,race_party,tot_race_prec,race_prec_reporting,cand_number,cand_name,cand_party,cand_absmail_votes,cand_early_votes,cand_elecday_votes,cand_tot_votes,race_county_owner
5/14/2019,"CHOCTAW","SWINK PUBLIC SCHOOL ELEMENTARY SCHOOL DISTRICT NO. 021",51201,"PROPOSITION PROPOSED ANNEXATION  SWINK PUBLIC SCHOOL",,1,1,1,"FOR THE PROPOSITION - YES",,0,0,36,36,,
5/14/2019,"CHOCTAW","SWINK PUBLIC SCHOOL ELEMENTARY SCHOOL DISTRICT NO. 021",51201,"PROPOSITION PROPOSED ANNEXATION  SWINK PUBLIC SCHOOL",,1,1,2,"AGAINST THE PROPOSITION - NO",,2,5,77,84,,
5/14/2019,"CREEK","TOWN OF MANNFORD",41901,"PROPOSITION  TOWN OF MANNFORD",,2,2,1,"FOR THE PROPOSITION - YES",,6,0,43,49,,
5/14/2019,"CREEK","TOWN OF MANNFORD",41901,"PROPOSITION  TOWN OF MANNFORD",,2,2,2,"AGAINST THE PROPOSITION - NO",,2,0,7,9,,
5/14/2019,"CREEK","DRUMRIGHT PUBLIC SCHOOLS INDEPENDENT SCHOOL DISTRICT NO. 039",51901,"PROPOSITION NO. 1  DRUMRIGHT PUBLIC SCHOOLS",,5,5,1,"FOR THE PROPOSITION - YES",,4,0,98,102,,
5/14/2019,"CREEK","DRUMRIGHT PUBLIC SCHOOLS INDEPENDENT SCHOOL DISTRICT NO. 039",51901,"PROPOSITION NO. 1  DRUMRIGHT PUBLIC SCHOOLS",,5,5,2,"AGAINST THE PROPOSITION - NO",,1,0,9,10,,
5/14/2019,"CREEK","DRUMRIGHT PUBLIC SCHOOLS INDEPENDENT SCHOOL DISTRICT NO. 039",51902,"PROPOSITION NO. 2  DRUMRIGHT PUBLIC SCHOOLS",,5,5,1,"FOR THE PROPOSITION - YES",,4,0,97,101,,
5/14/2019,"CREEK","DRUMRIGHT PUBLIC SCHOOLS INDEPENDENT SCHOOL DISTRICT NO. 039",51902,"PROPOSITION NO. 2  DRUMRIGHT PUBLIC SCHOOLS",,5,5,2,"AGAINST THE PROPOSITION - NO",,1,0,9,10,,
5/14/2019,"DELAWARE","JAY PUBLIC SCHOOLS INDEPENDENT SCHOOL DISTRICT NO. 001",52101,"PROPOSITION NO. 1  JAY PUBLIC SCHOOLS",,10,10,1,"FOR THE PROPOSITION - YES",,38,247,580,865,,
5/14/2019,"DELAWARE","JAY PUBLIC SCHOOLS INDEPENDENT SCHOOL DISTRICT NO. 001",52101,"PROPOSITION NO. 1  JAY PUBLIC SCHOOLS",,10,10,2,"AGAINST THE PROPOSITION - NO",,25,87,640,752,,
5/14/2019,"DELAWARE","JAY PUBLIC SCHOOLS INDEPENDENT SCHOOL DISTRICT NO. 001",52102,"PROPOSITION NO. 2  JAY PUBLIC SCHOOLS",,10,10,1,"FOR THE PROPOSITION - YES",,39,258,595,892,,
5/14/2019,"DELAWARE","JAY PUBLIC SCHOOLS INDEPENDENT SCHOOL DISTRICT NO. 001",52102,"PROPOSITION NO. 2  JAY PUBLIC SCHOOLS",,10,10,2,"AGAINST THE PROPOSITION - NO",,23,80,632,735,,
5/14/2019,"ELLIS","SHATTUCK PUBLIC SCHOOLS INDEPENDENT SCHOOL DISTRICT NO. 042",52301,"PROPOSITION  SHATTUCK PUBLIC SCHOOLS",,5,5,1,"FOR THE PROPOSITION - YES",,0,3,118,121,,
5/14/2019,"ELLIS","SHATTUCK PUBLIC SCHOOLS INDEPENDENT SCHOOL DISTRICT NO. 042",52301,"PROPOSITION  SHATTUCK PUBLIC SCHOOLS",,5,5,2,"AGAINST THE PROPOSITION - NO",,6,2,104,112,,
5/14/2019,"GARFIELD","TOWN OF COVINGTON",42401,"PROPOSITION  TOWN OF COVINGTON",,1,1,1,"FOR THE PROPOSITION - YES",,1,0,17,18,,
5/14/2019,"GARFIELD","TOWN OF COVINGTON",42401,"PROPOSITION  TOWN OF COVINGTON",,1,1,2,"AGAINST THE PROPOSITION - NO",,1,0,4,5,,
5/14/2019,"GRADY","RUSH SPRINGS PUBLIC SCHOOLS INDEPENDENT SCHOOL DISTRICT NO. 068",52601,"PROPOSITION  RUSH SPRINGS PUBLIC SCHOOLS",,4,4,1,"FOR THE PROPOSITION - YES",,18,0,357,375,,
5/14/2019,"GRADY","RUSH SPRINGS PUBLIC SCHOOLS INDEPENDENT SCHOOL DISTRICT NO. 068",52601,"PROPOSITION  RUSH SPRINGS PUBLIC SCHOOLS",,4,4,2,"AGAINST THE PROPOSITION - NO",,16,13,320,349,,
5/14/2019,"GRADY","TUTTLE PUBLIC SCHOOLS INDEPENDENT SCHOOL DISTRICT NO. 097",52602,"PROPOSITION  TUTTLE PUBLIC SCHOOLS",,6,6,1,"FOR THE PROPOSITION - YES",,24,1,510,535,,
5/14/2019,"GRADY","TUTTLE PUBLIC SCHOOLS INDEPENDENT SCHOOL DISTRICT NO. 097",52602,"PROPOSITION  TUTTLE PUBLIC SCHOOLS",,6,6,2,"AGAINST THE PROPOSITION - NO",,48,0,70,118,,
5/14/2019,"HARPER","FREEDOM PUBLIC SCHOOLS INDEPENDENT SCHOOL DISTRICT NO. 006",57601,"PROPOSITION  FREEDOM PUBLIC SCHOOLS",,1,1,1,"FOR THE PROPOSITION - YES",,0,0,0,0,,
5/14/2019,"HARPER","FREEDOM PUBLIC SCHOOLS INDEPENDENT SCHOOL DISTRICT NO. 006",57601,"PROPOSITION  FREEDOM PUBLIC SCHOOLS",,1,1,2,"AGAINST THE PROPOSITION - NO",,0,0,0,0,,
5/14/2019,"JOHNSTON","TOWN OF WAPANUCKA",43501,"PROPOSITION  TOWN OF WAPANUCKA",,1,1,1,"FOR THE PROPOSITION - YES",,0,0,48,48,,
5/14/2019,"JOHNSTON","TOWN OF WAPANUCKA",43501,"PROPOSITION  TOWN OF WAPANUCKA",,1,1,2,"AGAINST THE PROPOSITION - NO",,0,0,29,29,,
5/14/2019,"JOHNSTON","MILBURN PUBLIC SCHOOLS INDEPENDENT SCHOOL DISTRICT NO. 029",53501,"PROPOSITION  MILBURN PUBLIC SCHOOLS",,3,3,1,"FOR THE PROPOSITION - YES",,0,2,62,64,,
5/14/2019,"JOHNSTON","MILBURN PUBLIC SCHOOLS INDEPENDENT SCHOOL DISTRICT NO. 029",53501,"PROPOSITION  MILBURN PUBLIC SCHOOLS",,3,3,2,"AGAINST THE PROPOSITION - NO",,0,0,15,15,,
5/14/2019,"LINCOLN","DAVENPORT PUBLIC SCHOOLS INDEPENDENT SCHOOL DISTRICT NO. 003",54101,"PROPOSITION NO. 1  DAVENPORT PUBLIC SCHOOLS",,5,5,1,"FOR THE PROPOSITION - YES",,3,5,102,110,,
5/14/2019,"LINCOLN","DAVENPORT PUBLIC SCHOOLS INDEPENDENT SCHOOL DISTRICT NO. 003",54101,"PROPOSITION NO. 1  DAVENPORT PUBLIC SCHOOLS",,5,5,2,"AGAINST THE PROPOSITION - NO",,1,0,13,14,,
5/14/2019,"LINCOLN","DAVENPORT PUBLIC SCHOOLS INDEPENDENT SCHOOL DISTRICT NO. 003",54102,"PROPOSITION NO. 2  DAVENPORT PUBLIC SCHOOLS",,5,5,1,"FOR THE PROPOSITION - YES",,3,4,97,104,,
5/14/2019,"LINCOLN","DAVENPORT PUBLIC SCHOOLS INDEPENDENT SCHOOL DISTRICT NO. 003",54102,"PROPOSITION NO. 2  DAVENPORT PUBLIC SCHOOLS",,5,5,2,"AGAINST THE PROPOSITION - NO",,1,0,20,21,,
5/14/2019,"LOGAN","TOWN OF CEDAR VALLEY",44201,"PROPOSITION  TOWN OF CEDAR VALLEY",,1,1,1,"FOR THE PROPOSITION - YES",,3,2,60,65,,
5/14/2019,"LOGAN","TOWN OF CEDAR VALLEY",44201,"PROPOSITION  TOWN OF CEDAR VALLEY",,1,1,2,"AGAINST THE PROPOSITION - NO",,0,0,2,2,,
5/14/2019,"MAYES","JAY PUBLIC SCHOOLS INDEPENDENT SCHOOL DISTRICT NO. 001",52101,"PROPOSITION NO. 1  JAY PUBLIC SCHOOLS",,2,2,1,"FOR THE PROPOSITION - YES",,0,0,15,15,,
5/14/2019,"MAYES","JAY PUBLIC SCHOOLS INDEPENDENT SCHOOL DISTRICT NO. 001",52101,"PROPOSITION NO. 1  JAY PUBLIC SCHOOLS",,2,2,2,"AGAINST THE PROPOSITION - NO",,0,1,43,44,,
5/14/2019,"MAYES","JAY PUBLIC SCHOOLS INDEPENDENT SCHOOL DISTRICT NO. 001",52102,"PROPOSITION NO. 2  JAY PUBLIC SCHOOLS",,2,2,1,"FOR THE PROPOSITION - YES",,0,0,15,15,,
5/14/2019,"MAYES","JAY PUBLIC SCHOOLS INDEPENDENT SCHOOL DISTRICT NO. 001",52102,"PROPOSITION NO. 2  JAY PUBLIC SCHOOLS",,2,2,2,"AGAINST THE PROPOSITION - NO",,0,2,43,45,,
5/14/2019,"MAYES","OSAGE PUBLIC SCHOOL ELEMENTARY SCHOOL DISTRICT NO. 043",54901,"PROPOSITION NO. 1  OSAGE PUBLIC SCHOOL",,3,3,1,"FOR THE PROPOSITION - YES",,2,2,37,41,,
5/14/2019,"MAYES","OSAGE PUBLIC SCHOOL ELEMENTARY SCHOOL DISTRICT NO. 043",54901,"PROPOSITION NO. 1  OSAGE PUBLIC SCHOOL",,3,3,2,"AGAINST THE PROPOSITION - NO",,2,1,16,19,,
5/14/2019,"MAYES","OSAGE PUBLIC SCHOOL ELEMENTARY SCHOOL DISTRICT NO. 043",54902,"PROPOSITION NO. 2  OSAGE PUBLIC SCHOOL",,3,3,1,"FOR THE PROPOSITION - YES",,0,2,38,40,,
5/14/2019,"MAYES","OSAGE PUBLIC SCHOOL ELEMENTARY SCHOOL DISTRICT NO. 043",54902,"PROPOSITION NO. 2  OSAGE PUBLIC SCHOOL",,3,3,2,"AGAINST THE PROPOSITION - NO",,4,1,15,20,,
5/14/2019,"MUSKOGEE","CITY OF MUSKOGEE",45101,"PROPOSITION NO. 1  CITY OF MUSKOGEE",,15,15,1,"FOR THE PROPOSITION - YES",,20,134,1342,1496,,
5/14/2019,"MUSKOGEE","CITY OF MUSKOGEE",45101,"PROPOSITION NO. 1  CITY OF MUSKOGEE",,15,15,2,"AGAINST THE PROPOSITION - NO",,7,23,312,342,,
5/14/2019,"MUSKOGEE","CITY OF MUSKOGEE",45102,"PROPOSITION NO. 2  CITY OF MUSKOGEE",,15,15,1,"FOR THE PROPOSITION - YES",,20,127,1269,1416,,
5/14/2019,"MUSKOGEE","CITY OF MUSKOGEE",45102,"PROPOSITION NO. 2  CITY OF MUSKOGEE",,15,15,2,"AGAINST THE PROPOSITION - NO",,7,29,390,426,,
5/14/2019,"OTTAWA","FAIRLAND PUBLIC SCHOOLS INDEPENDENT SCHOOL DISTRICT NO. 031",55801,"PROPOSITION  FAIRLAND PUBLIC SCHOOLS",,1,1,1,"FOR THE PROPOSITION - YES",,2,6,190,198,,
5/14/2019,"OTTAWA","FAIRLAND PUBLIC SCHOOLS INDEPENDENT SCHOOL DISTRICT NO. 031",55801,"PROPOSITION  FAIRLAND PUBLIC SCHOOLS",,1,1,2,"AGAINST THE PROPOSITION - NO",,3,3,194,200,,
5/14/2019,"OTTAWA","MIAMI PUBLIC SCHOOLS INDEPENDENT SCHOOL DISTRICT NO. 023",55802,"PROPOSITION NO. 1  MIAMI PUBLIC SCHOOLS",,11,11,1,"FOR THE PROPOSITION - YES",,19,54,707,780,,
5/14/2019,"OTTAWA","MIAMI PUBLIC SCHOOLS INDEPENDENT SCHOOL DISTRICT NO. 023",55802,"PROPOSITION NO. 1  MIAMI PUBLIC SCHOOLS",,11,11,2,"AGAINST THE PROPOSITION - NO",,19,24,370,413,,
5/14/2019,"OTTAWA","MIAMI PUBLIC SCHOOLS INDEPENDENT SCHOOL DISTRICT NO. 023",55803,"PROPOSITION NO. 2  MIAMI PUBLIC SCHOOLS",,11,11,1,"FOR THE PROPOSITION - YES",,22,52,699,773,,
5/14/2019,"OTTAWA","MIAMI PUBLIC SCHOOLS INDEPENDENT SCHOOL DISTRICT NO. 023",55803,"PROPOSITION NO. 2  MIAMI PUBLIC SCHOOLS",,11,11,2,"AGAINST THE PROPOSITION - NO",,15,27,389,431,,
5/14/2019,"PAYNE","DRUMRIGHT PUBLIC SCHOOLS INDEPENDENT SCHOOL DISTRICT NO. 039",51901,"PROPOSITION NO. 1  DRUMRIGHT PUBLIC SCHOOLS",,1,1,1,"FOR THE PROPOSITION - YES",,0,0,0,0,,
5/14/2019,"PAYNE","DRUMRIGHT PUBLIC SCHOOLS INDEPENDENT SCHOOL DISTRICT NO. 039",51901,"PROPOSITION NO. 1  DRUMRIGHT PUBLIC SCHOOLS",,1,1,2,"AGAINST THE PROPOSITION - NO",,0,0,0,0,,
5/14/2019,"PAYNE","DRUMRIGHT PUBLIC SCHOOLS INDEPENDENT SCHOOL DISTRICT NO. 039",51902,"PROPOSITION NO. 2  DRUMRIGHT PUBLIC SCHOOLS",,1,1,1,"FOR THE PROPOSITION - YES",,0,0,0,0,,
5/14/2019,"PAYNE","DRUMRIGHT PUBLIC SCHOOLS INDEPENDENT SCHOOL DISTRICT NO. 039",51902,"PROPOSITION NO. 2  DRUMRIGHT PUBLIC SCHOOLS",,1,1,2,"AGAINST THE PROPOSITION - NO",,0,0,0,0,,
5/14/2019,"PONTOTOC","BYNG PUBLIC SCHOOLS INDEPENDENT SCHOOL DISTRICT NO. 016",56201,"PROPOSITION NO. 1  BYNG PUBLIC SCHOOLS",,8,8,1,"FOR THE PROPOSITION - YES",,10,5,260,275,,
5/14/2019,"PONTOTOC","BYNG PUBLIC SCHOOLS INDEPENDENT SCHOOL DISTRICT NO. 016",56201,"PROPOSITION NO. 1  BYNG PUBLIC SCHOOLS",,8,8,2,"AGAINST THE PROPOSITION - NO",,1,1,25,27,,
5/14/2019,"PONTOTOC","BYNG PUBLIC SCHOOLS INDEPENDENT SCHOOL DISTRICT NO. 016",56202,"PROPOSITION NO. 2  BYNG PUBLIC SCHOOLS",,8,8,1,"FOR THE PROPOSITION - YES",,10,5,261,276,,
5/14/2019,"PONTOTOC","BYNG PUBLIC SCHOOLS INDEPENDENT SCHOOL DISTRICT NO. 016",56202,"PROPOSITION NO. 2  BYNG PUBLIC SCHOOLS",,8,8,2,"AGAINST THE PROPOSITION - NO",,1,1,26,28,,
5/14/2019,"POTTAWATOMIE","SHAWNEE PUBLIC SCHOOLS INDEPENDENT SCHOOL DISTRICT NO. 093",56301,"PROPOSITION NO. 1  SHAWNEE PUBLIC SCHOOLS",,14,14,1,"FOR THE PROPOSITION - YES",,63,5,261,329,,
5/14/2019,"POTTAWATOMIE","SHAWNEE PUBLIC SCHOOLS INDEPENDENT SCHOOL DISTRICT NO. 093",56301,"PROPOSITION NO. 1  SHAWNEE PUBLIC SCHOOLS",,14,14,2,"AGAINST THE PROPOSITION - NO",,48,11,199,258,,
5/14/2019,"POTTAWATOMIE","SHAWNEE PUBLIC SCHOOLS INDEPENDENT SCHOOL DISTRICT NO. 093",56302,"PROPOSITION NO. 2  SHAWNEE PUBLIC SCHOOLS",,14,14,1,"FOR THE PROPOSITION - YES",,62,5,262,329,,
5/14/2019,"POTTAWATOMIE","SHAWNEE PUBLIC SCHOOLS INDEPENDENT SCHOOL DISTRICT NO. 093",56302,"PROPOSITION NO. 2  SHAWNEE PUBLIC SCHOOLS",,14,14,2,"AGAINST THE PROPOSITION - NO",,48,11,200,259,,
5/14/2019,"SEQUOYAH","TOWN OF GORE",46801,"PROPOSITION  TOWN OF GORE",,2,2,1,"FOR THE PROPOSITION - YES",,0,0,40,40,,
5/14/2019,"SEQUOYAH","TOWN OF GORE",46801,"PROPOSITION  TOWN OF GORE",,2,2,2,"AGAINST THE PROPOSITION - NO",,0,0,1,1,,
5/14/2019,"WAGONER","WAGONER PUBLIC SCHOOLS INDEPENDENT SCHOOL DISTRICT NO. 019",57301,"PROPOSITION  WAGONER PUBLIC SCHOOLS",,9,9,1,"FOR THE PROPOSITION - YES",,4,102,927,1033,,
5/14/2019,"WAGONER","WAGONER PUBLIC SCHOOLS INDEPENDENT SCHOOL DISTRICT NO. 019",57301,"PROPOSITION  WAGONER PUBLIC SCHOOLS",,9,9,2,"AGAINST THE PROPOSITION - NO",,3,51,588,642,,
5/14/2019,"WASHINGTON","CITY OF DEWEY",47401,"PROPOSITION  CITY OF DEWEY",,3,3,1,"FOR THE PROPOSITION - YES",,1,0,128,129,,
5/14/2019,"WASHINGTON","CITY OF DEWEY",47401,"PROPOSITION  CITY OF DEWEY",,3,3,2,"AGAINST THE PROPOSITION - NO",,0,1,25,26,,
5/14/2019,"WOODS","FREEDOM PUBLIC SCHOOLS INDEPENDENT SCHOOL DISTRICT NO. 006",57601,"PROPOSITION  FREEDOM PUBLIC SCHOOLS",,1,1,1,"FOR THE PROPOSITION - YES",,4,0,67,71,,
5/14/2019,"WOODS","FREEDOM PUBLIC SCHOOLS INDEPENDENT SCHOOL DISTRICT NO. 006",57601,"PROPOSITION  FREEDOM PUBLIC SCHOOLS",,1,1,2,"AGAINST THE PROPOSITION - NO",,4,3,62,69,,
5/14/2019,"WOODWARD","FREEDOM PUBLIC SCHOOLS INDEPENDENT SCHOOL DISTRICT NO. 006",57601,"PROPOSITION  FREEDOM PUBLIC SCHOOLS",,1,1,1,"FOR THE PROPOSITION - YES",,0,0,5,5,,
5/14/2019,"WOODWARD","FREEDOM PUBLIC SCHOOLS INDEPENDENT SCHOOL DISTRICT NO. 006",57601,"PROPOSITION  FREEDOM PUBLIC SCHOOLS",,1,1,2,"AGAINST THE PROPOSITION - NO",,0,0,4,4,,
