elec_date,precinct,entity_description,race_number,race_description,race_party,tot_race_prec,race_prec_reporting,cand_number,cand_name,cand_party,cand_absmail_votes,cand_early_votes,cand_elecday_votes,cand_tot_votes,race_county_owner
8/8/2017,"010001","STILWELL PUBLIC SCHOOLS INDEPENDENT SCHOOL DISTRICT NO. 025",50101,"PROPOSITION  STILWELL PUBLIC SCHOOLS",,10,10,1,"FOR THE PROPOSITION - YES",,0,0,0,0,,
8/8/2017,"010001","STILWELL PUBLIC SCHOOLS INDEPENDENT SCHOOL DISTRICT NO. 025",50101,"PROPOSITION  STILWELL PUBLIC SCHOOLS",,10,10,2,"AGAINST THE PROPOSITION - NO",,0,0,0,0,,
8/8/2017,"010004","STILWELL PUBLIC SCHOOLS INDEPENDENT SCHOOL DISTRICT NO. 025",50101,"PROPOSITION  STILWELL PUBLIC SCHOOLS",,10,10,1,"FOR THE PROPOSITION - YES",,0,1,18,19,,
8/8/2017,"010004","STILWELL PUBLIC SCHOOLS INDEPENDENT SCHOOL DISTRICT NO. 025",50101,"PROPOSITION  STILWELL PUBLIC SCHOOLS",,10,10,2,"AGAINST THE PROPOSITION - NO",,2,0,14,16,,
8/8/2017,"010006","STILWELL PUBLIC SCHOOLS INDEPENDENT SCHOOL DISTRICT NO. 025",50101,"PROPOSITION  STILWELL PUBLIC SCHOOLS",,10,10,1,"FOR THE PROPOSITION - YES",,0,0,7,7,,
8/8/2017,"010006","STILWELL PUBLIC SCHOOLS INDEPENDENT SCHOOL DISTRICT NO. 025",50101,"PROPOSITION  STILWELL PUBLIC SCHOOLS",,10,10,2,"AGAINST THE PROPOSITION - NO",,0,0,5,5,,
8/8/2017,"010007","STILWELL PUBLIC SCHOOLS INDEPENDENT SCHOOL DISTRICT NO. 025",50101,"PROPOSITION  STILWELL PUBLIC SCHOOLS",,10,10,1,"FOR THE PROPOSITION - YES",,0,0,46,46,,
8/8/2017,"010007","STILWELL PUBLIC SCHOOLS INDEPENDENT SCHOOL DISTRICT NO. 025",50101,"PROPOSITION  STILWELL PUBLIC SCHOOLS",,10,10,2,"AGAINST THE PROPOSITION - NO",,0,3,31,34,,
8/8/2017,"010008","STILWELL PUBLIC SCHOOLS INDEPENDENT SCHOOL DISTRICT NO. 025",50101,"PROPOSITION  STILWELL PUBLIC SCHOOLS",,10,10,1,"FOR THE PROPOSITION - YES",,0,0,11,11,,
8/8/2017,"010008","STILWELL PUBLIC SCHOOLS INDEPENDENT SCHOOL DISTRICT NO. 025",50101,"PROPOSITION  STILWELL PUBLIC SCHOOLS",,10,10,2,"AGAINST THE PROPOSITION - NO",,0,0,7,7,,
8/8/2017,"010010","STILWELL PUBLIC SCHOOLS INDEPENDENT SCHOOL DISTRICT NO. 025",50101,"PROPOSITION  STILWELL PUBLIC SCHOOLS",,10,10,1,"FOR THE PROPOSITION - YES",,0,0,0,0,,
8/8/2017,"010010","STILWELL PUBLIC SCHOOLS INDEPENDENT SCHOOL DISTRICT NO. 025",50101,"PROPOSITION  STILWELL PUBLIC SCHOOLS",,10,10,2,"AGAINST THE PROPOSITION - NO",,0,0,8,8,,
8/8/2017,"010011","STILWELL PUBLIC SCHOOLS INDEPENDENT SCHOOL DISTRICT NO. 025",50101,"PROPOSITION  STILWELL PUBLIC SCHOOLS",,10,10,1,"FOR THE PROPOSITION - YES",,0,0,2,2,,
8/8/2017,"010011","STILWELL PUBLIC SCHOOLS INDEPENDENT SCHOOL DISTRICT NO. 025",50101,"PROPOSITION  STILWELL PUBLIC SCHOOLS",,10,10,2,"AGAINST THE PROPOSITION - NO",,0,1,4,5,,
8/8/2017,"010012","STILWELL PUBLIC SCHOOLS INDEPENDENT SCHOOL DISTRICT NO. 025",50101,"PROPOSITION  STILWELL PUBLIC SCHOOLS",,10,10,1,"FOR THE PROPOSITION - YES",,0,0,16,16,,
8/8/2017,"010012","STILWELL PUBLIC SCHOOLS INDEPENDENT SCHOOL DISTRICT NO. 025",50101,"PROPOSITION  STILWELL PUBLIC SCHOOLS",,10,10,2,"AGAINST THE PROPOSITION - NO",,0,2,51,53,,
8/8/2017,"010013","STILWELL PUBLIC SCHOOLS INDEPENDENT SCHOOL DISTRICT NO. 025",50101,"PROPOSITION  STILWELL PUBLIC SCHOOLS",,10,10,1,"FOR THE PROPOSITION - YES",,8,3,33,44,,
8/8/2017,"010013","STILWELL PUBLIC SCHOOLS INDEPENDENT SCHOOL DISTRICT NO. 025",50101,"PROPOSITION  STILWELL PUBLIC SCHOOLS",,10,10,2,"AGAINST THE PROPOSITION - NO",,0,1,21,22,,
8/8/2017,"010014","STILWELL PUBLIC SCHOOLS INDEPENDENT SCHOOL DISTRICT NO. 025",50101,"PROPOSITION  STILWELL PUBLIC SCHOOLS",,10,10,1,"FOR THE PROPOSITION - YES",,2,4,53,59,,
8/8/2017,"010014","STILWELL PUBLIC SCHOOLS INDEPENDENT SCHOOL DISTRICT NO. 025",50101,"PROPOSITION  STILWELL PUBLIC SCHOOLS",,10,10,2,"AGAINST THE PROPOSITION - NO",,0,3,47,50,,
8/8/2017,"090211","FEDERAL, STATE AND COUNTY",11001,"FOR STATE SENATOR DISTRICT 45 (UNEXPIRED TERM)",REP,26,26,1,"SCOTT HARRIS",REP,0,0,17,17,,
8/8/2017,"090211","FEDERAL, STATE AND COUNTY",11001,"FOR STATE SENATOR DISTRICT 45 (UNEXPIRED TERM)",REP,26,26,2,"PAUL ROSINO",REP,2,0,12,14,,
8/8/2017,"090211","FEDERAL, STATE AND COUNTY",11001,"FOR STATE SENATOR DISTRICT 45 (UNEXPIRED TERM)",REP,26,26,3,"DUANE SMITH",REP,0,0,2,2,,
8/8/2017,"090211","FEDERAL, STATE AND COUNTY",11001,"FOR STATE SENATOR DISTRICT 45 (UNEXPIRED TERM)",REP,26,26,4,"MATHEW HAMRICK",REP,0,0,3,3,,
8/8/2017,"090211","FEDERAL, STATE AND COUNTY",11001,"FOR STATE SENATOR DISTRICT 45 (UNEXPIRED TERM)",REP,26,26,5,"DIANE MEANS",REP,0,1,8,9,,
8/8/2017,"090211","FEDERAL, STATE AND COUNTY",11001,"FOR STATE SENATOR DISTRICT 45 (UNEXPIRED TERM)",REP,26,26,6,"BRIAN WALTERS",REP,3,0,21,24,,
8/8/2017,"090211","FEDERAL, STATE AND COUNTY",11001,"FOR STATE SENATOR DISTRICT 45 (UNEXPIRED TERM)",REP,26,26,7,"KERRY PETTINGILL",REP,0,0,8,8,,
8/8/2017,"090211","FEDERAL, STATE AND COUNTY",12001,"FOR STATE SENATOR DISTRICT 45 (UNEXPIRED TERM)",DEM,26,26,1,"STEVEN VINCENT",DEM,1,0,18,19,,
8/8/2017,"090211","FEDERAL, STATE AND COUNTY",12001,"FOR STATE SENATOR DISTRICT 45 (UNEXPIRED TERM)",DEM,26,26,2,"NOAH S. YNCLAN",DEM,0,0,0,0,,
8/8/2017,"090215","FEDERAL, STATE AND COUNTY",11001,"FOR STATE SENATOR DISTRICT 45 (UNEXPIRED TERM)",REP,26,26,1,"SCOTT HARRIS",REP,4,0,17,21,,
8/8/2017,"090215","FEDERAL, STATE AND COUNTY",11001,"FOR STATE SENATOR DISTRICT 45 (UNEXPIRED TERM)",REP,26,26,2,"PAUL ROSINO",REP,2,0,22,24,,
8/8/2017,"090215","FEDERAL, STATE AND COUNTY",11001,"FOR STATE SENATOR DISTRICT 45 (UNEXPIRED TERM)",REP,26,26,3,"DUANE SMITH",REP,0,0,5,5,,
8/8/2017,"090215","FEDERAL, STATE AND COUNTY",11001,"FOR STATE SENATOR DISTRICT 45 (UNEXPIRED TERM)",REP,26,26,4,"MATHEW HAMRICK",REP,0,0,6,6,,
8/8/2017,"090215","FEDERAL, STATE AND COUNTY",11001,"FOR STATE SENATOR DISTRICT 45 (UNEXPIRED TERM)",REP,26,26,5,"DIANE MEANS",REP,1,0,55,56,,
8/8/2017,"090215","FEDERAL, STATE AND COUNTY",11001,"FOR STATE SENATOR DISTRICT 45 (UNEXPIRED TERM)",REP,26,26,6,"BRIAN WALTERS",REP,5,0,45,50,,
8/8/2017,"090215","FEDERAL, STATE AND COUNTY",11001,"FOR STATE SENATOR DISTRICT 45 (UNEXPIRED TERM)",REP,26,26,7,"KERRY PETTINGILL",REP,0,0,13,13,,
8/8/2017,"090215","FEDERAL, STATE AND COUNTY",12001,"FOR STATE SENATOR DISTRICT 45 (UNEXPIRED TERM)",DEM,26,26,1,"STEVEN VINCENT",DEM,3,0,41,44,,
8/8/2017,"090215","FEDERAL, STATE AND COUNTY",12001,"FOR STATE SENATOR DISTRICT 45 (UNEXPIRED TERM)",DEM,26,26,2,"NOAH S. YNCLAN",DEM,0,0,2,2,,
8/8/2017,"090221","FEDERAL, STATE AND COUNTY",11001,"FOR STATE SENATOR DISTRICT 45 (UNEXPIRED TERM)",REP,26,26,1,"SCOTT HARRIS",REP,1,0,18,19,,
8/8/2017,"090221","FEDERAL, STATE AND COUNTY",11001,"FOR STATE SENATOR DISTRICT 45 (UNEXPIRED TERM)",REP,26,26,2,"PAUL ROSINO",REP,2,0,10,12,,
8/8/2017,"090221","FEDERAL, STATE AND COUNTY",11001,"FOR STATE SENATOR DISTRICT 45 (UNEXPIRED TERM)",REP,26,26,3,"DUANE SMITH",REP,0,0,4,4,,
8/8/2017,"090221","FEDERAL, STATE AND COUNTY",11001,"FOR STATE SENATOR DISTRICT 45 (UNEXPIRED TERM)",REP,26,26,4,"MATHEW HAMRICK",REP,0,0,4,4,,
8/8/2017,"090221","FEDERAL, STATE AND COUNTY",11001,"FOR STATE SENATOR DISTRICT 45 (UNEXPIRED TERM)",REP,26,26,5,"DIANE MEANS",REP,4,0,27,31,,
8/8/2017,"090221","FEDERAL, STATE AND COUNTY",11001,"FOR STATE SENATOR DISTRICT 45 (UNEXPIRED TERM)",REP,26,26,6,"BRIAN WALTERS",REP,2,0,16,18,,
8/8/2017,"090221","FEDERAL, STATE AND COUNTY",11001,"FOR STATE SENATOR DISTRICT 45 (UNEXPIRED TERM)",REP,26,26,7,"KERRY PETTINGILL",REP,0,0,6,6,,
8/8/2017,"090221","FEDERAL, STATE AND COUNTY",12001,"FOR STATE SENATOR DISTRICT 45 (UNEXPIRED TERM)",DEM,26,26,1,"STEVEN VINCENT",DEM,4,0,33,37,,
8/8/2017,"090221","FEDERAL, STATE AND COUNTY",12001,"FOR STATE SENATOR DISTRICT 45 (UNEXPIRED TERM)",DEM,26,26,2,"NOAH S. YNCLAN",DEM,0,0,4,4,,
8/8/2017,"090223","FEDERAL, STATE AND COUNTY",11001,"FOR STATE SENATOR DISTRICT 45 (UNEXPIRED TERM)",REP,26,26,1,"SCOTT HARRIS",REP,1,0,12,13,,
8/8/2017,"090223","FEDERAL, STATE AND COUNTY",11001,"FOR STATE SENATOR DISTRICT 45 (UNEXPIRED TERM)",REP,26,26,2,"PAUL ROSINO",REP,0,0,17,17,,
8/8/2017,"090223","FEDERAL, STATE AND COUNTY",11001,"FOR STATE SENATOR DISTRICT 45 (UNEXPIRED TERM)",REP,26,26,3,"DUANE SMITH",REP,3,0,4,7,,
8/8/2017,"090223","FEDERAL, STATE AND COUNTY",11001,"FOR STATE SENATOR DISTRICT 45 (UNEXPIRED TERM)",REP,26,26,4,"MATHEW HAMRICK",REP,0,0,5,5,,
8/8/2017,"090223","FEDERAL, STATE AND COUNTY",11001,"FOR STATE SENATOR DISTRICT 45 (UNEXPIRED TERM)",REP,26,26,5,"DIANE MEANS",REP,3,0,45,48,,
8/8/2017,"090223","FEDERAL, STATE AND COUNTY",11001,"FOR STATE SENATOR DISTRICT 45 (UNEXPIRED TERM)",REP,26,26,6,"BRIAN WALTERS",REP,2,2,31,35,,
8/8/2017,"090223","FEDERAL, STATE AND COUNTY",11001,"FOR STATE SENATOR DISTRICT 45 (UNEXPIRED TERM)",REP,26,26,7,"KERRY PETTINGILL",REP,0,0,36,36,,
8/8/2017,"090223","FEDERAL, STATE AND COUNTY",12001,"FOR STATE SENATOR DISTRICT 45 (UNEXPIRED TERM)",DEM,26,26,1,"STEVEN VINCENT",DEM,2,0,53,55,,
8/8/2017,"090223","FEDERAL, STATE AND COUNTY",12001,"FOR STATE SENATOR DISTRICT 45 (UNEXPIRED TERM)",DEM,26,26,2,"NOAH S. YNCLAN",DEM,1,0,2,3,,
8/8/2017,"090300","FEDERAL, STATE AND COUNTY",11001,"FOR STATE SENATOR DISTRICT 45 (UNEXPIRED TERM)",REP,26,26,1,"SCOTT HARRIS",REP,0,0,16,16,,
8/8/2017,"090300","FEDERAL, STATE AND COUNTY",11001,"FOR STATE SENATOR DISTRICT 45 (UNEXPIRED TERM)",REP,26,26,2,"PAUL ROSINO",REP,11,0,63,74,,
8/8/2017,"090300","FEDERAL, STATE AND COUNTY",11001,"FOR STATE SENATOR DISTRICT 45 (UNEXPIRED TERM)",REP,26,26,3,"DUANE SMITH",REP,0,0,18,18,,
8/8/2017,"090300","FEDERAL, STATE AND COUNTY",11001,"FOR STATE SENATOR DISTRICT 45 (UNEXPIRED TERM)",REP,26,26,4,"MATHEW HAMRICK",REP,1,0,4,5,,
8/8/2017,"090300","FEDERAL, STATE AND COUNTY",11001,"FOR STATE SENATOR DISTRICT 45 (UNEXPIRED TERM)",REP,26,26,5,"DIANE MEANS",REP,2,0,37,39,,
8/8/2017,"090300","FEDERAL, STATE AND COUNTY",11001,"FOR STATE SENATOR DISTRICT 45 (UNEXPIRED TERM)",REP,26,26,6,"BRIAN WALTERS",REP,1,1,23,25,,
8/8/2017,"090300","FEDERAL, STATE AND COUNTY",11001,"FOR STATE SENATOR DISTRICT 45 (UNEXPIRED TERM)",REP,26,26,7,"KERRY PETTINGILL",REP,0,2,28,30,,
8/8/2017,"090300","FEDERAL, STATE AND COUNTY",12001,"FOR STATE SENATOR DISTRICT 45 (UNEXPIRED TERM)",DEM,26,26,1,"STEVEN VINCENT",DEM,0,0,42,42,,
8/8/2017,"090300","FEDERAL, STATE AND COUNTY",12001,"FOR STATE SENATOR DISTRICT 45 (UNEXPIRED TERM)",DEM,26,26,2,"NOAH S. YNCLAN",DEM,1,0,1,2,,
8/8/2017,"090301","FEDERAL, STATE AND COUNTY",11001,"FOR STATE SENATOR DISTRICT 45 (UNEXPIRED TERM)",REP,26,26,1,"SCOTT HARRIS",REP,5,0,16,21,,
8/8/2017,"090301","FEDERAL, STATE AND COUNTY",11001,"FOR STATE SENATOR DISTRICT 45 (UNEXPIRED TERM)",REP,26,26,2,"PAUL ROSINO",REP,4,1,48,53,,
8/8/2017,"090301","FEDERAL, STATE AND COUNTY",11001,"FOR STATE SENATOR DISTRICT 45 (UNEXPIRED TERM)",REP,26,26,3,"DUANE SMITH",REP,3,0,33,36,,
8/8/2017,"090301","FEDERAL, STATE AND COUNTY",11001,"FOR STATE SENATOR DISTRICT 45 (UNEXPIRED TERM)",REP,26,26,4,"MATHEW HAMRICK",REP,0,0,1,1,,
8/8/2017,"090301","FEDERAL, STATE AND COUNTY",11001,"FOR STATE SENATOR DISTRICT 45 (UNEXPIRED TERM)",REP,26,26,5,"DIANE MEANS",REP,7,0,52,59,,
8/8/2017,"090301","FEDERAL, STATE AND COUNTY",11001,"FOR STATE SENATOR DISTRICT 45 (UNEXPIRED TERM)",REP,26,26,6,"BRIAN WALTERS",REP,0,1,55,56,,
8/8/2017,"090301","FEDERAL, STATE AND COUNTY",11001,"FOR STATE SENATOR DISTRICT 45 (UNEXPIRED TERM)",REP,26,26,7,"KERRY PETTINGILL",REP,3,0,9,12,,
8/8/2017,"090301","FEDERAL, STATE AND COUNTY",12001,"FOR STATE SENATOR DISTRICT 45 (UNEXPIRED TERM)",DEM,26,26,1,"STEVEN VINCENT",DEM,8,0,56,64,,
8/8/2017,"090301","FEDERAL, STATE AND COUNTY",12001,"FOR STATE SENATOR DISTRICT 45 (UNEXPIRED TERM)",DEM,26,26,2,"NOAH S. YNCLAN",DEM,1,0,2,3,,
8/8/2017,"090302","FEDERAL, STATE AND COUNTY",11001,"FOR STATE SENATOR DISTRICT 45 (UNEXPIRED TERM)",REP,26,26,1,"SCOTT HARRIS",REP,2,0,14,16,,
8/8/2017,"090302","FEDERAL, STATE AND COUNTY",11001,"FOR STATE SENATOR DISTRICT 45 (UNEXPIRED TERM)",REP,26,26,2,"PAUL ROSINO",REP,4,0,40,44,,
8/8/2017,"090302","FEDERAL, STATE AND COUNTY",11001,"FOR STATE SENATOR DISTRICT 45 (UNEXPIRED TERM)",REP,26,26,3,"DUANE SMITH",REP,0,0,9,9,,
8/8/2017,"090302","FEDERAL, STATE AND COUNTY",11001,"FOR STATE SENATOR DISTRICT 45 (UNEXPIRED TERM)",REP,26,26,4,"MATHEW HAMRICK",REP,0,0,3,3,,
8/8/2017,"090302","FEDERAL, STATE AND COUNTY",11001,"FOR STATE SENATOR DISTRICT 45 (UNEXPIRED TERM)",REP,26,26,5,"DIANE MEANS",REP,2,0,23,25,,
8/8/2017,"090302","FEDERAL, STATE AND COUNTY",11001,"FOR STATE SENATOR DISTRICT 45 (UNEXPIRED TERM)",REP,26,26,6,"BRIAN WALTERS",REP,1,0,32,33,,
8/8/2017,"090302","FEDERAL, STATE AND COUNTY",11001,"FOR STATE SENATOR DISTRICT 45 (UNEXPIRED TERM)",REP,26,26,7,"KERRY PETTINGILL",REP,0,0,16,16,,
8/8/2017,"090302","FEDERAL, STATE AND COUNTY",12001,"FOR STATE SENATOR DISTRICT 45 (UNEXPIRED TERM)",DEM,26,26,1,"STEVEN VINCENT",DEM,4,0,41,45,,
8/8/2017,"090302","FEDERAL, STATE AND COUNTY",12001,"FOR STATE SENATOR DISTRICT 45 (UNEXPIRED TERM)",DEM,26,26,2,"NOAH S. YNCLAN",DEM,0,0,6,6,,
8/8/2017,"090303","FEDERAL, STATE AND COUNTY",11001,"FOR STATE SENATOR DISTRICT 45 (UNEXPIRED TERM)",REP,26,26,1,"SCOTT HARRIS",REP,1,0,36,37,,
8/8/2017,"090303","FEDERAL, STATE AND COUNTY",11001,"FOR STATE SENATOR DISTRICT 45 (UNEXPIRED TERM)",REP,26,26,2,"PAUL ROSINO",REP,1,0,36,37,,
8/8/2017,"090303","FEDERAL, STATE AND COUNTY",11001,"FOR STATE SENATOR DISTRICT 45 (UNEXPIRED TERM)",REP,26,26,3,"DUANE SMITH",REP,3,0,17,20,,
8/8/2017,"090303","FEDERAL, STATE AND COUNTY",11001,"FOR STATE SENATOR DISTRICT 45 (UNEXPIRED TERM)",REP,26,26,4,"MATHEW HAMRICK",REP,0,0,0,0,,
8/8/2017,"090303","FEDERAL, STATE AND COUNTY",11001,"FOR STATE SENATOR DISTRICT 45 (UNEXPIRED TERM)",REP,26,26,5,"DIANE MEANS",REP,3,0,13,16,,
8/8/2017,"090303","FEDERAL, STATE AND COUNTY",11001,"FOR STATE SENATOR DISTRICT 45 (UNEXPIRED TERM)",REP,26,26,6,"BRIAN WALTERS",REP,3,1,36,40,,
8/8/2017,"090303","FEDERAL, STATE AND COUNTY",11001,"FOR STATE SENATOR DISTRICT 45 (UNEXPIRED TERM)",REP,26,26,7,"KERRY PETTINGILL",REP,3,0,22,25,,
8/8/2017,"090303","FEDERAL, STATE AND COUNTY",12001,"FOR STATE SENATOR DISTRICT 45 (UNEXPIRED TERM)",DEM,26,26,1,"STEVEN VINCENT",DEM,3,0,47,50,,
8/8/2017,"090303","FEDERAL, STATE AND COUNTY",12001,"FOR STATE SENATOR DISTRICT 45 (UNEXPIRED TERM)",DEM,26,26,2,"NOAH S. YNCLAN",DEM,1,0,2,3,,
8/8/2017,"090304","FEDERAL, STATE AND COUNTY",11001,"FOR STATE SENATOR DISTRICT 45 (UNEXPIRED TERM)",REP,26,26,1,"SCOTT HARRIS",REP,4,0,12,16,,
8/8/2017,"090304","FEDERAL, STATE AND COUNTY",11001,"FOR STATE SENATOR DISTRICT 45 (UNEXPIRED TERM)",REP,26,26,2,"PAUL ROSINO",REP,3,0,60,63,,
8/8/2017,"090304","FEDERAL, STATE AND COUNTY",11001,"FOR STATE SENATOR DISTRICT 45 (UNEXPIRED TERM)",REP,26,26,3,"DUANE SMITH",REP,0,0,24,24,,
8/8/2017,"090304","FEDERAL, STATE AND COUNTY",11001,"FOR STATE SENATOR DISTRICT 45 (UNEXPIRED TERM)",REP,26,26,4,"MATHEW HAMRICK",REP,0,0,1,1,,
8/8/2017,"090304","FEDERAL, STATE AND COUNTY",11001,"FOR STATE SENATOR DISTRICT 45 (UNEXPIRED TERM)",REP,26,26,5,"DIANE MEANS",REP,3,0,45,48,,
8/8/2017,"090304","FEDERAL, STATE AND COUNTY",11001,"FOR STATE SENATOR DISTRICT 45 (UNEXPIRED TERM)",REP,26,26,6,"BRIAN WALTERS",REP,0,0,28,28,,
8/8/2017,"090304","FEDERAL, STATE AND COUNTY",11001,"FOR STATE SENATOR DISTRICT 45 (UNEXPIRED TERM)",REP,26,26,7,"KERRY PETTINGILL",REP,2,0,10,12,,
8/8/2017,"090304","FEDERAL, STATE AND COUNTY",12001,"FOR STATE SENATOR DISTRICT 45 (UNEXPIRED TERM)",DEM,26,26,1,"STEVEN VINCENT",DEM,0,0,40,40,,
8/8/2017,"090304","FEDERAL, STATE AND COUNTY",12001,"FOR STATE SENATOR DISTRICT 45 (UNEXPIRED TERM)",DEM,26,26,2,"NOAH S. YNCLAN",DEM,0,0,1,1,,
8/8/2017,"090306","FEDERAL, STATE AND COUNTY",11001,"FOR STATE SENATOR DISTRICT 45 (UNEXPIRED TERM)",REP,26,26,1,"SCOTT HARRIS",REP,2,0,45,47,,
8/8/2017,"090306","FEDERAL, STATE AND COUNTY",11001,"FOR STATE SENATOR DISTRICT 45 (UNEXPIRED TERM)",REP,26,26,2,"PAUL ROSINO",REP,9,0,83,92,,
8/8/2017,"090306","FEDERAL, STATE AND COUNTY",11001,"FOR STATE SENATOR DISTRICT 45 (UNEXPIRED TERM)",REP,26,26,3,"DUANE SMITH",REP,2,0,16,18,,
8/8/2017,"090306","FEDERAL, STATE AND COUNTY",11001,"FOR STATE SENATOR DISTRICT 45 (UNEXPIRED TERM)",REP,26,26,4,"MATHEW HAMRICK",REP,1,0,4,5,,
8/8/2017,"090306","FEDERAL, STATE AND COUNTY",11001,"FOR STATE SENATOR DISTRICT 45 (UNEXPIRED TERM)",REP,26,26,5,"DIANE MEANS",REP,2,3,71,76,,
8/8/2017,"090306","FEDERAL, STATE AND COUNTY",11001,"FOR STATE SENATOR DISTRICT 45 (UNEXPIRED TERM)",REP,26,26,6,"BRIAN WALTERS",REP,1,0,55,56,,
8/8/2017,"090306","FEDERAL, STATE AND COUNTY",11001,"FOR STATE SENATOR DISTRICT 45 (UNEXPIRED TERM)",REP,26,26,7,"KERRY PETTINGILL",REP,2,0,48,50,,
8/8/2017,"090306","FEDERAL, STATE AND COUNTY",12001,"FOR STATE SENATOR DISTRICT 45 (UNEXPIRED TERM)",DEM,26,26,1,"STEVEN VINCENT",DEM,3,1,63,67,,
8/8/2017,"090306","FEDERAL, STATE AND COUNTY",12001,"FOR STATE SENATOR DISTRICT 45 (UNEXPIRED TERM)",DEM,26,26,2,"NOAH S. YNCLAN",DEM,0,0,2,2,,
8/8/2017,"140004","FEDERAL, STATE AND COUNTY",11001,"FOR STATE SENATOR DISTRICT 45 (UNEXPIRED TERM)",REP,26,26,1,"SCOTT HARRIS",REP,6,1,5,12,,
8/8/2017,"140004","FEDERAL, STATE AND COUNTY",11001,"FOR STATE SENATOR DISTRICT 45 (UNEXPIRED TERM)",REP,26,26,2,"PAUL ROSINO",REP,9,3,151,163,,
8/8/2017,"140004","FEDERAL, STATE AND COUNTY",11001,"FOR STATE SENATOR DISTRICT 45 (UNEXPIRED TERM)",REP,26,26,3,"DUANE SMITH",REP,2,0,14,16,,
8/8/2017,"140004","FEDERAL, STATE AND COUNTY",11001,"FOR STATE SENATOR DISTRICT 45 (UNEXPIRED TERM)",REP,26,26,4,"MATHEW HAMRICK",REP,2,0,2,4,,
8/8/2017,"140004","FEDERAL, STATE AND COUNTY",11001,"FOR STATE SENATOR DISTRICT 45 (UNEXPIRED TERM)",REP,26,26,5,"DIANE MEANS",REP,11,0,44,55,,
8/8/2017,"140004","FEDERAL, STATE AND COUNTY",11001,"FOR STATE SENATOR DISTRICT 45 (UNEXPIRED TERM)",REP,26,26,6,"BRIAN WALTERS",REP,7,0,79,86,,
8/8/2017,"140004","FEDERAL, STATE AND COUNTY",11001,"FOR STATE SENATOR DISTRICT 45 (UNEXPIRED TERM)",REP,26,26,7,"KERRY PETTINGILL",REP,1,0,11,12,,
8/8/2017,"140004","FEDERAL, STATE AND COUNTY",12001,"FOR STATE SENATOR DISTRICT 45 (UNEXPIRED TERM)",DEM,26,26,1,"STEVEN VINCENT",DEM,12,0,75,87,,
8/8/2017,"140004","FEDERAL, STATE AND COUNTY",12001,"FOR STATE SENATOR DISTRICT 45 (UNEXPIRED TERM)",DEM,26,26,2,"NOAH S. YNCLAN",DEM,2,0,12,14,,
8/8/2017,"140007","FEDERAL, STATE AND COUNTY",11001,"FOR STATE SENATOR DISTRICT 45 (UNEXPIRED TERM)",REP,26,26,1,"SCOTT HARRIS",REP,0,0,5,5,,
8/8/2017,"140007","FEDERAL, STATE AND COUNTY",11001,"FOR STATE SENATOR DISTRICT 45 (UNEXPIRED TERM)",REP,26,26,2,"PAUL ROSINO",REP,4,0,32,36,,
8/8/2017,"140007","FEDERAL, STATE AND COUNTY",11001,"FOR STATE SENATOR DISTRICT 45 (UNEXPIRED TERM)",REP,26,26,3,"DUANE SMITH",REP,0,0,8,8,,
8/8/2017,"140007","FEDERAL, STATE AND COUNTY",11001,"FOR STATE SENATOR DISTRICT 45 (UNEXPIRED TERM)",REP,26,26,4,"MATHEW HAMRICK",REP,0,0,2,2,,
8/8/2017,"140007","FEDERAL, STATE AND COUNTY",11001,"FOR STATE SENATOR DISTRICT 45 (UNEXPIRED TERM)",REP,26,26,5,"DIANE MEANS",REP,0,0,12,12,,
8/8/2017,"140007","FEDERAL, STATE AND COUNTY",11001,"FOR STATE SENATOR DISTRICT 45 (UNEXPIRED TERM)",REP,26,26,6,"BRIAN WALTERS",REP,2,0,28,30,,
8/8/2017,"140007","FEDERAL, STATE AND COUNTY",11001,"FOR STATE SENATOR DISTRICT 45 (UNEXPIRED TERM)",REP,26,26,7,"KERRY PETTINGILL",REP,0,0,13,13,,
8/8/2017,"140007","FEDERAL, STATE AND COUNTY",12001,"FOR STATE SENATOR DISTRICT 45 (UNEXPIRED TERM)",DEM,26,26,1,"STEVEN VINCENT",DEM,6,0,28,34,,
8/8/2017,"140007","FEDERAL, STATE AND COUNTY",12001,"FOR STATE SENATOR DISTRICT 45 (UNEXPIRED TERM)",DEM,26,26,2,"NOAH S. YNCLAN",DEM,1,0,2,3,,
8/8/2017,"140010","FEDERAL, STATE AND COUNTY",11001,"FOR STATE SENATOR DISTRICT 45 (UNEXPIRED TERM)",REP,26,26,1,"SCOTT HARRIS",REP,0,0,8,8,,
8/8/2017,"140010","FEDERAL, STATE AND COUNTY",11001,"FOR STATE SENATOR DISTRICT 45 (UNEXPIRED TERM)",REP,26,26,2,"PAUL ROSINO",REP,2,0,18,20,,
8/8/2017,"140010","FEDERAL, STATE AND COUNTY",11001,"FOR STATE SENATOR DISTRICT 45 (UNEXPIRED TERM)",REP,26,26,3,"DUANE SMITH",REP,0,0,0,0,,
8/8/2017,"140010","FEDERAL, STATE AND COUNTY",11001,"FOR STATE SENATOR DISTRICT 45 (UNEXPIRED TERM)",REP,26,26,4,"MATHEW HAMRICK",REP,0,0,1,1,,
8/8/2017,"140010","FEDERAL, STATE AND COUNTY",11001,"FOR STATE SENATOR DISTRICT 45 (UNEXPIRED TERM)",REP,26,26,5,"DIANE MEANS",REP,8,0,31,39,,
8/8/2017,"140010","FEDERAL, STATE AND COUNTY",11001,"FOR STATE SENATOR DISTRICT 45 (UNEXPIRED TERM)",REP,26,26,6,"BRIAN WALTERS",REP,3,0,40,43,,
8/8/2017,"140010","FEDERAL, STATE AND COUNTY",11001,"FOR STATE SENATOR DISTRICT 45 (UNEXPIRED TERM)",REP,26,26,7,"KERRY PETTINGILL",REP,2,0,7,9,,
8/8/2017,"140010","FEDERAL, STATE AND COUNTY",12001,"FOR STATE SENATOR DISTRICT 45 (UNEXPIRED TERM)",DEM,26,26,1,"STEVEN VINCENT",DEM,3,0,37,40,,
8/8/2017,"140010","FEDERAL, STATE AND COUNTY",12001,"FOR STATE SENATOR DISTRICT 45 (UNEXPIRED TERM)",DEM,26,26,2,"NOAH S. YNCLAN",DEM,1,0,1,2,,
8/8/2017,"140040","FEDERAL, STATE AND COUNTY",11001,"FOR STATE SENATOR DISTRICT 45 (UNEXPIRED TERM)",REP,26,26,1,"SCOTT HARRIS",REP,2,0,13,15,,
8/8/2017,"140040","FEDERAL, STATE AND COUNTY",11001,"FOR STATE SENATOR DISTRICT 45 (UNEXPIRED TERM)",REP,26,26,2,"PAUL ROSINO",REP,6,0,86,92,,
8/8/2017,"140040","FEDERAL, STATE AND COUNTY",11001,"FOR STATE SENATOR DISTRICT 45 (UNEXPIRED TERM)",REP,26,26,3,"DUANE SMITH",REP,3,0,7,10,,
8/8/2017,"140040","FEDERAL, STATE AND COUNTY",11001,"FOR STATE SENATOR DISTRICT 45 (UNEXPIRED TERM)",REP,26,26,4,"MATHEW HAMRICK",REP,0,0,4,4,,
8/8/2017,"140040","FEDERAL, STATE AND COUNTY",11001,"FOR STATE SENATOR DISTRICT 45 (UNEXPIRED TERM)",REP,26,26,5,"DIANE MEANS",REP,4,0,21,25,,
8/8/2017,"140040","FEDERAL, STATE AND COUNTY",11001,"FOR STATE SENATOR DISTRICT 45 (UNEXPIRED TERM)",REP,26,26,6,"BRIAN WALTERS",REP,1,0,16,17,,
8/8/2017,"140040","FEDERAL, STATE AND COUNTY",11001,"FOR STATE SENATOR DISTRICT 45 (UNEXPIRED TERM)",REP,26,26,7,"KERRY PETTINGILL",REP,0,0,10,10,,
8/8/2017,"140040","FEDERAL, STATE AND COUNTY",12001,"FOR STATE SENATOR DISTRICT 45 (UNEXPIRED TERM)",DEM,26,26,1,"STEVEN VINCENT",DEM,7,0,50,57,,
8/8/2017,"140040","FEDERAL, STATE AND COUNTY",12001,"FOR STATE SENATOR DISTRICT 45 (UNEXPIRED TERM)",DEM,26,26,2,"NOAH S. YNCLAN",DEM,0,0,3,3,,
8/8/2017,"140041","FEDERAL, STATE AND COUNTY",11001,"FOR STATE SENATOR DISTRICT 45 (UNEXPIRED TERM)",REP,26,26,1,"SCOTT HARRIS",REP,1,0,4,5,,
8/8/2017,"140041","FEDERAL, STATE AND COUNTY",11001,"FOR STATE SENATOR DISTRICT 45 (UNEXPIRED TERM)",REP,26,26,2,"PAUL ROSINO",REP,0,0,29,29,,
8/8/2017,"140041","FEDERAL, STATE AND COUNTY",11001,"FOR STATE SENATOR DISTRICT 45 (UNEXPIRED TERM)",REP,26,26,3,"DUANE SMITH",REP,0,0,2,2,,
8/8/2017,"140041","FEDERAL, STATE AND COUNTY",11001,"FOR STATE SENATOR DISTRICT 45 (UNEXPIRED TERM)",REP,26,26,4,"MATHEW HAMRICK",REP,0,0,1,1,,
8/8/2017,"140041","FEDERAL, STATE AND COUNTY",11001,"FOR STATE SENATOR DISTRICT 45 (UNEXPIRED TERM)",REP,26,26,5,"DIANE MEANS",REP,0,0,12,12,,
8/8/2017,"140041","FEDERAL, STATE AND COUNTY",11001,"FOR STATE SENATOR DISTRICT 45 (UNEXPIRED TERM)",REP,26,26,6,"BRIAN WALTERS",REP,0,0,10,10,,
8/8/2017,"140041","FEDERAL, STATE AND COUNTY",11001,"FOR STATE SENATOR DISTRICT 45 (UNEXPIRED TERM)",REP,26,26,7,"KERRY PETTINGILL",REP,0,0,6,6,,
8/8/2017,"140041","FEDERAL, STATE AND COUNTY",12001,"FOR STATE SENATOR DISTRICT 45 (UNEXPIRED TERM)",DEM,26,26,1,"STEVEN VINCENT",DEM,0,0,18,18,,
8/8/2017,"140041","FEDERAL, STATE AND COUNTY",12001,"FOR STATE SENATOR DISTRICT 45 (UNEXPIRED TERM)",DEM,26,26,2,"NOAH S. YNCLAN",DEM,0,0,0,0,,
8/8/2017,"140050","FEDERAL, STATE AND COUNTY",11001,"FOR STATE SENATOR DISTRICT 45 (UNEXPIRED TERM)",REP,26,26,1,"SCOTT HARRIS",REP,2,0,8,10,,
8/8/2017,"140050","FEDERAL, STATE AND COUNTY",11001,"FOR STATE SENATOR DISTRICT 45 (UNEXPIRED TERM)",REP,26,26,2,"PAUL ROSINO",REP,2,0,84,86,,
8/8/2017,"140050","FEDERAL, STATE AND COUNTY",11001,"FOR STATE SENATOR DISTRICT 45 (UNEXPIRED TERM)",REP,26,26,3,"DUANE SMITH",REP,1,0,27,28,,
8/8/2017,"140050","FEDERAL, STATE AND COUNTY",11001,"FOR STATE SENATOR DISTRICT 45 (UNEXPIRED TERM)",REP,26,26,4,"MATHEW HAMRICK",REP,0,0,1,1,,
8/8/2017,"140050","FEDERAL, STATE AND COUNTY",11001,"FOR STATE SENATOR DISTRICT 45 (UNEXPIRED TERM)",REP,26,26,5,"DIANE MEANS",REP,4,0,38,42,,
8/8/2017,"140050","FEDERAL, STATE AND COUNTY",11001,"FOR STATE SENATOR DISTRICT 45 (UNEXPIRED TERM)",REP,26,26,6,"BRIAN WALTERS",REP,3,0,15,18,,
8/8/2017,"140050","FEDERAL, STATE AND COUNTY",11001,"FOR STATE SENATOR DISTRICT 45 (UNEXPIRED TERM)",REP,26,26,7,"KERRY PETTINGILL",REP,1,1,6,8,,
8/8/2017,"140050","FEDERAL, STATE AND COUNTY",12001,"FOR STATE SENATOR DISTRICT 45 (UNEXPIRED TERM)",DEM,26,26,1,"STEVEN VINCENT",DEM,8,0,64,72,,
8/8/2017,"140050","FEDERAL, STATE AND COUNTY",12001,"FOR STATE SENATOR DISTRICT 45 (UNEXPIRED TERM)",DEM,26,26,2,"NOAH S. YNCLAN",DEM,0,0,2,2,,
8/8/2017,"140061","FEDERAL, STATE AND COUNTY",11001,"FOR STATE SENATOR DISTRICT 45 (UNEXPIRED TERM)",REP,26,26,1,"SCOTT HARRIS",REP,6,0,6,12,,
8/8/2017,"140061","FEDERAL, STATE AND COUNTY",11001,"FOR STATE SENATOR DISTRICT 45 (UNEXPIRED TERM)",REP,26,26,2,"PAUL ROSINO",REP,14,2,105,121,,
8/8/2017,"140061","FEDERAL, STATE AND COUNTY",11001,"FOR STATE SENATOR DISTRICT 45 (UNEXPIRED TERM)",REP,26,26,3,"DUANE SMITH",REP,2,0,11,13,,
8/8/2017,"140061","FEDERAL, STATE AND COUNTY",11001,"FOR STATE SENATOR DISTRICT 45 (UNEXPIRED TERM)",REP,26,26,4,"MATHEW HAMRICK",REP,0,0,2,2,,
8/8/2017,"140061","FEDERAL, STATE AND COUNTY",11001,"FOR STATE SENATOR DISTRICT 45 (UNEXPIRED TERM)",REP,26,26,5,"DIANE MEANS",REP,6,0,34,40,,
8/8/2017,"140061","FEDERAL, STATE AND COUNTY",11001,"FOR STATE SENATOR DISTRICT 45 (UNEXPIRED TERM)",REP,26,26,6,"BRIAN WALTERS",REP,11,0,34,45,,
8/8/2017,"140061","FEDERAL, STATE AND COUNTY",11001,"FOR STATE SENATOR DISTRICT 45 (UNEXPIRED TERM)",REP,26,26,7,"KERRY PETTINGILL",REP,1,0,4,5,,
8/8/2017,"140061","FEDERAL, STATE AND COUNTY",12001,"FOR STATE SENATOR DISTRICT 45 (UNEXPIRED TERM)",DEM,26,26,1,"STEVEN VINCENT",DEM,6,0,43,49,,
8/8/2017,"140061","FEDERAL, STATE AND COUNTY",12001,"FOR STATE SENATOR DISTRICT 45 (UNEXPIRED TERM)",DEM,26,26,2,"NOAH S. YNCLAN",DEM,2,0,7,9,,
8/8/2017,"140069","FEDERAL, STATE AND COUNTY",11001,"FOR STATE SENATOR DISTRICT 45 (UNEXPIRED TERM)",REP,26,26,1,"SCOTT HARRIS",REP,1,0,3,4,,
8/8/2017,"140069","FEDERAL, STATE AND COUNTY",11001,"FOR STATE SENATOR DISTRICT 45 (UNEXPIRED TERM)",REP,26,26,2,"PAUL ROSINO",REP,7,0,106,113,,
8/8/2017,"140069","FEDERAL, STATE AND COUNTY",11001,"FOR STATE SENATOR DISTRICT 45 (UNEXPIRED TERM)",REP,26,26,3,"DUANE SMITH",REP,0,0,12,12,,
8/8/2017,"140069","FEDERAL, STATE AND COUNTY",11001,"FOR STATE SENATOR DISTRICT 45 (UNEXPIRED TERM)",REP,26,26,4,"MATHEW HAMRICK",REP,0,0,6,6,,
8/8/2017,"140069","FEDERAL, STATE AND COUNTY",11001,"FOR STATE SENATOR DISTRICT 45 (UNEXPIRED TERM)",REP,26,26,5,"DIANE MEANS",REP,6,0,38,44,,
8/8/2017,"140069","FEDERAL, STATE AND COUNTY",11001,"FOR STATE SENATOR DISTRICT 45 (UNEXPIRED TERM)",REP,26,26,6,"BRIAN WALTERS",REP,2,1,32,35,,
8/8/2017,"140069","FEDERAL, STATE AND COUNTY",11001,"FOR STATE SENATOR DISTRICT 45 (UNEXPIRED TERM)",REP,26,26,7,"KERRY PETTINGILL",REP,1,0,9,10,,
8/8/2017,"140069","FEDERAL, STATE AND COUNTY",12001,"FOR STATE SENATOR DISTRICT 45 (UNEXPIRED TERM)",DEM,26,26,1,"STEVEN VINCENT",DEM,6,0,52,58,,
8/8/2017,"140069","FEDERAL, STATE AND COUNTY",12001,"FOR STATE SENATOR DISTRICT 45 (UNEXPIRED TERM)",DEM,26,26,2,"NOAH S. YNCLAN",DEM,1,0,7,8,,
8/8/2017,"140080","FEDERAL, STATE AND COUNTY",11001,"FOR STATE SENATOR DISTRICT 45 (UNEXPIRED TERM)",REP,26,26,1,"SCOTT HARRIS",REP,1,0,1,2,,
8/8/2017,"140080","FEDERAL, STATE AND COUNTY",11001,"FOR STATE SENATOR DISTRICT 45 (UNEXPIRED TERM)",REP,26,26,2,"PAUL ROSINO",REP,1,0,3,4,,
8/8/2017,"140080","FEDERAL, STATE AND COUNTY",11001,"FOR STATE SENATOR DISTRICT 45 (UNEXPIRED TERM)",REP,26,26,3,"DUANE SMITH",REP,0,0,0,0,,
8/8/2017,"140080","FEDERAL, STATE AND COUNTY",11001,"FOR STATE SENATOR DISTRICT 45 (UNEXPIRED TERM)",REP,26,26,4,"MATHEW HAMRICK",REP,0,0,3,3,,
8/8/2017,"140080","FEDERAL, STATE AND COUNTY",11001,"FOR STATE SENATOR DISTRICT 45 (UNEXPIRED TERM)",REP,26,26,5,"DIANE MEANS",REP,1,0,19,20,,
8/8/2017,"140080","FEDERAL, STATE AND COUNTY",11001,"FOR STATE SENATOR DISTRICT 45 (UNEXPIRED TERM)",REP,26,26,6,"BRIAN WALTERS",REP,0,0,17,17,,
8/8/2017,"140080","FEDERAL, STATE AND COUNTY",11001,"FOR STATE SENATOR DISTRICT 45 (UNEXPIRED TERM)",REP,26,26,7,"KERRY PETTINGILL",REP,0,0,4,4,,
8/8/2017,"140080","FEDERAL, STATE AND COUNTY",12001,"FOR STATE SENATOR DISTRICT 45 (UNEXPIRED TERM)",DEM,26,26,1,"STEVEN VINCENT",DEM,0,0,11,11,,
8/8/2017,"140080","FEDERAL, STATE AND COUNTY",12001,"FOR STATE SENATOR DISTRICT 45 (UNEXPIRED TERM)",DEM,26,26,2,"NOAH S. YNCLAN",DEM,0,0,0,0,,
8/8/2017,"140090","FEDERAL, STATE AND COUNTY",11001,"FOR STATE SENATOR DISTRICT 45 (UNEXPIRED TERM)",REP,26,26,1,"SCOTT HARRIS",REP,0,0,0,0,,
8/8/2017,"140090","FEDERAL, STATE AND COUNTY",11001,"FOR STATE SENATOR DISTRICT 45 (UNEXPIRED TERM)",REP,26,26,2,"PAUL ROSINO",REP,0,0,0,0,,
8/8/2017,"140090","FEDERAL, STATE AND COUNTY",11001,"FOR STATE SENATOR DISTRICT 45 (UNEXPIRED TERM)",REP,26,26,3,"DUANE SMITH",REP,0,0,0,0,,
8/8/2017,"140090","FEDERAL, STATE AND COUNTY",11001,"FOR STATE SENATOR DISTRICT 45 (UNEXPIRED TERM)",REP,26,26,4,"MATHEW HAMRICK",REP,0,0,0,0,,
8/8/2017,"140090","FEDERAL, STATE AND COUNTY",11001,"FOR STATE SENATOR DISTRICT 45 (UNEXPIRED TERM)",REP,26,26,5,"DIANE MEANS",REP,0,0,0,0,,
8/8/2017,"140090","FEDERAL, STATE AND COUNTY",11001,"FOR STATE SENATOR DISTRICT 45 (UNEXPIRED TERM)",REP,26,26,6,"BRIAN WALTERS",REP,0,0,0,0,,
8/8/2017,"140090","FEDERAL, STATE AND COUNTY",11001,"FOR STATE SENATOR DISTRICT 45 (UNEXPIRED TERM)",REP,26,26,7,"KERRY PETTINGILL",REP,0,0,0,0,,
8/8/2017,"140090","FEDERAL, STATE AND COUNTY",12001,"FOR STATE SENATOR DISTRICT 45 (UNEXPIRED TERM)",DEM,26,26,1,"STEVEN VINCENT",DEM,0,0,0,0,,
8/8/2017,"140090","FEDERAL, STATE AND COUNTY",12001,"FOR STATE SENATOR DISTRICT 45 (UNEXPIRED TERM)",DEM,26,26,2,"NOAH S. YNCLAN",DEM,0,0,0,0,,
8/8/2017,"260020","TOWN OF ALEX",42601,"PROPOSITION  TOWN OF ALEX",,2,2,1,"FOR THE PROPOSITION - YES",,0,0,24,24,,
8/8/2017,"260020","TOWN OF ALEX",42601,"PROPOSITION  TOWN OF ALEX",,2,2,2,"AGAINST THE PROPOSITION - NO",,0,1,1,2,,
8/8/2017,"260031","TOWN OF ALEX",42601,"PROPOSITION  TOWN OF ALEX",,2,2,1,"FOR THE PROPOSITION - YES",,0,0,0,0,,
8/8/2017,"260031","TOWN OF ALEX",42601,"PROPOSITION  TOWN OF ALEX",,2,2,2,"AGAINST THE PROPOSITION - NO",,0,0,0,0,,
8/8/2017,"490101","CITY OF PRYOR CREEK",44901,"PROPOSTION NO. 1  CITY OF PRYOR CREEK",,5,5,1,"FOR THE PROPOSITION - YES",,3,1,56,60,,
8/8/2017,"490101","CITY OF PRYOR CREEK",44901,"PROPOSTION NO. 1  CITY OF PRYOR CREEK",,5,5,2,"AGAINST THE PROPOSITION - NO",,3,0,56,59,,
8/8/2017,"490121","CITY OF PRYOR CREEK",44901,"PROPOSTION NO. 1  CITY OF PRYOR CREEK",,5,5,1,"FOR THE PROPOSITION - YES",,1,9,90,100,,
8/8/2017,"490121","CITY OF PRYOR CREEK",44901,"PROPOSTION NO. 1  CITY OF PRYOR CREEK",,5,5,2,"AGAINST THE PROPOSITION - NO",,5,3,49,57,,
8/8/2017,"490132","CITY OF PRYOR CREEK",44901,"PROPOSTION NO. 1  CITY OF PRYOR CREEK",,5,5,1,"FOR THE PROPOSITION - YES",,6,16,86,108,,
8/8/2017,"490132","CITY OF PRYOR CREEK",44901,"PROPOSTION NO. 1  CITY OF PRYOR CREEK",,5,5,2,"AGAINST THE PROPOSITION - NO",,5,4,82,91,,
8/8/2017,"490241","CITY OF PRYOR CREEK",44901,"PROPOSTION NO. 1  CITY OF PRYOR CREEK",,5,5,1,"FOR THE PROPOSITION - YES",,8,16,224,248,,
8/8/2017,"490241","CITY OF PRYOR CREEK",44901,"PROPOSTION NO. 1  CITY OF PRYOR CREEK",,5,5,2,"AGAINST THE PROPOSITION - NO",,7,9,153,169,,
8/8/2017,"490242","CITY OF PRYOR CREEK",44901,"PROPOSTION NO. 1  CITY OF PRYOR CREEK",,5,5,1,"FOR THE PROPOSITION - YES",,2,1,85,88,,
8/8/2017,"490242","CITY OF PRYOR CREEK",44901,"PROPOSTION NO. 1  CITY OF PRYOR CREEK",,5,5,2,"AGAINST THE PROPOSITION - NO",,3,2,42,47,,
8/8/2017,"550233","FEDERAL, STATE AND COUNTY",11001,"FOR STATE SENATOR DISTRICT 45 (UNEXPIRED TERM)",REP,26,26,1,"SCOTT HARRIS",REP,0,0,3,3,,
8/8/2017,"550233","FEDERAL, STATE AND COUNTY",11001,"FOR STATE SENATOR DISTRICT 45 (UNEXPIRED TERM)",REP,26,26,2,"PAUL ROSINO",REP,0,0,3,3,,
8/8/2017,"550233","FEDERAL, STATE AND COUNTY",11001,"FOR STATE SENATOR DISTRICT 45 (UNEXPIRED TERM)",REP,26,26,3,"DUANE SMITH",REP,0,0,0,0,,
8/8/2017,"550233","FEDERAL, STATE AND COUNTY",11001,"FOR STATE SENATOR DISTRICT 45 (UNEXPIRED TERM)",REP,26,26,4,"MATHEW HAMRICK",REP,0,0,0,0,,
8/8/2017,"550233","FEDERAL, STATE AND COUNTY",11001,"FOR STATE SENATOR DISTRICT 45 (UNEXPIRED TERM)",REP,26,26,5,"DIANE MEANS",REP,0,0,5,5,,
8/8/2017,"550233","FEDERAL, STATE AND COUNTY",11001,"FOR STATE SENATOR DISTRICT 45 (UNEXPIRED TERM)",REP,26,26,6,"BRIAN WALTERS",REP,0,0,5,5,,
8/8/2017,"550233","FEDERAL, STATE AND COUNTY",11001,"FOR STATE SENATOR DISTRICT 45 (UNEXPIRED TERM)",REP,26,26,7,"KERRY PETTINGILL",REP,0,0,2,2,,
8/8/2017,"550233","FEDERAL, STATE AND COUNTY",12001,"FOR STATE SENATOR DISTRICT 45 (UNEXPIRED TERM)",DEM,26,26,1,"STEVEN VINCENT",DEM,0,0,5,5,,
8/8/2017,"550233","FEDERAL, STATE AND COUNTY",12001,"FOR STATE SENATOR DISTRICT 45 (UNEXPIRED TERM)",DEM,26,26,2,"NOAH S. YNCLAN",DEM,0,0,1,1,,
8/8/2017,"550234","FEDERAL, STATE AND COUNTY",11001,"FOR STATE SENATOR DISTRICT 45 (UNEXPIRED TERM)",REP,26,26,1,"SCOTT HARRIS",REP,0,0,2,2,,
8/8/2017,"550234","FEDERAL, STATE AND COUNTY",11001,"FOR STATE SENATOR DISTRICT 45 (UNEXPIRED TERM)",REP,26,26,2,"PAUL ROSINO",REP,0,0,14,14,,
8/8/2017,"550234","FEDERAL, STATE AND COUNTY",11001,"FOR STATE SENATOR DISTRICT 45 (UNEXPIRED TERM)",REP,26,26,3,"DUANE SMITH",REP,0,0,0,0,,
8/8/2017,"550234","FEDERAL, STATE AND COUNTY",11001,"FOR STATE SENATOR DISTRICT 45 (UNEXPIRED TERM)",REP,26,26,4,"MATHEW HAMRICK",REP,0,0,1,1,,
8/8/2017,"550234","FEDERAL, STATE AND COUNTY",11001,"FOR STATE SENATOR DISTRICT 45 (UNEXPIRED TERM)",REP,26,26,5,"DIANE MEANS",REP,0,0,6,6,,
8/8/2017,"550234","FEDERAL, STATE AND COUNTY",11001,"FOR STATE SENATOR DISTRICT 45 (UNEXPIRED TERM)",REP,26,26,6,"BRIAN WALTERS",REP,0,0,7,7,,
8/8/2017,"550234","FEDERAL, STATE AND COUNTY",11001,"FOR STATE SENATOR DISTRICT 45 (UNEXPIRED TERM)",REP,26,26,7,"KERRY PETTINGILL",REP,0,0,3,3,,
8/8/2017,"550234","FEDERAL, STATE AND COUNTY",12001,"FOR STATE SENATOR DISTRICT 45 (UNEXPIRED TERM)",DEM,26,26,1,"STEVEN VINCENT",DEM,0,0,18,18,,
8/8/2017,"550234","FEDERAL, STATE AND COUNTY",12001,"FOR STATE SENATOR DISTRICT 45 (UNEXPIRED TERM)",DEM,26,26,2,"NOAH S. YNCLAN",DEM,0,0,3,3,,
8/8/2017,"550238","FEDERAL, STATE AND COUNTY",11001,"FOR STATE SENATOR DISTRICT 45 (UNEXPIRED TERM)",REP,26,26,1,"SCOTT HARRIS",REP,0,0,0,0,,
8/8/2017,"550238","FEDERAL, STATE AND COUNTY",11001,"FOR STATE SENATOR DISTRICT 45 (UNEXPIRED TERM)",REP,26,26,2,"PAUL ROSINO",REP,0,0,0,0,,
8/8/2017,"550238","FEDERAL, STATE AND COUNTY",11001,"FOR STATE SENATOR DISTRICT 45 (UNEXPIRED TERM)",REP,26,26,3,"DUANE SMITH",REP,0,0,0,0,,
8/8/2017,"550238","FEDERAL, STATE AND COUNTY",11001,"FOR STATE SENATOR DISTRICT 45 (UNEXPIRED TERM)",REP,26,26,4,"MATHEW HAMRICK",REP,0,0,0,0,,
8/8/2017,"550238","FEDERAL, STATE AND COUNTY",11001,"FOR STATE SENATOR DISTRICT 45 (UNEXPIRED TERM)",REP,26,26,5,"DIANE MEANS",REP,0,0,0,0,,
8/8/2017,"550238","FEDERAL, STATE AND COUNTY",11001,"FOR STATE SENATOR DISTRICT 45 (UNEXPIRED TERM)",REP,26,26,6,"BRIAN WALTERS",REP,0,0,0,0,,
8/8/2017,"550238","FEDERAL, STATE AND COUNTY",11001,"FOR STATE SENATOR DISTRICT 45 (UNEXPIRED TERM)",REP,26,26,7,"KERRY PETTINGILL",REP,0,0,0,0,,
8/8/2017,"550238","FEDERAL, STATE AND COUNTY",12001,"FOR STATE SENATOR DISTRICT 45 (UNEXPIRED TERM)",DEM,26,26,1,"STEVEN VINCENT",DEM,0,0,0,0,,
8/8/2017,"550238","FEDERAL, STATE AND COUNTY",12001,"FOR STATE SENATOR DISTRICT 45 (UNEXPIRED TERM)",DEM,26,26,2,"NOAH S. YNCLAN",DEM,0,0,0,0,,
8/8/2017,"550246","FEDERAL, STATE AND COUNTY",11001,"FOR STATE SENATOR DISTRICT 45 (UNEXPIRED TERM)",REP,26,26,1,"SCOTT HARRIS",REP,0,0,1,1,,
8/8/2017,"550246","FEDERAL, STATE AND COUNTY",11001,"FOR STATE SENATOR DISTRICT 45 (UNEXPIRED TERM)",REP,26,26,2,"PAUL ROSINO",REP,0,0,3,3,,
8/8/2017,"550246","FEDERAL, STATE AND COUNTY",11001,"FOR STATE SENATOR DISTRICT 45 (UNEXPIRED TERM)",REP,26,26,3,"DUANE SMITH",REP,0,0,0,0,,
8/8/2017,"550246","FEDERAL, STATE AND COUNTY",11001,"FOR STATE SENATOR DISTRICT 45 (UNEXPIRED TERM)",REP,26,26,4,"MATHEW HAMRICK",REP,0,0,0,0,,
8/8/2017,"550246","FEDERAL, STATE AND COUNTY",11001,"FOR STATE SENATOR DISTRICT 45 (UNEXPIRED TERM)",REP,26,26,5,"DIANE MEANS",REP,0,0,1,1,,
8/8/2017,"550246","FEDERAL, STATE AND COUNTY",11001,"FOR STATE SENATOR DISTRICT 45 (UNEXPIRED TERM)",REP,26,26,6,"BRIAN WALTERS",REP,0,0,1,1,,
8/8/2017,"550246","FEDERAL, STATE AND COUNTY",11001,"FOR STATE SENATOR DISTRICT 45 (UNEXPIRED TERM)",REP,26,26,7,"KERRY PETTINGILL",REP,0,0,2,2,,
8/8/2017,"550246","FEDERAL, STATE AND COUNTY",12001,"FOR STATE SENATOR DISTRICT 45 (UNEXPIRED TERM)",DEM,26,26,1,"STEVEN VINCENT",DEM,0,0,3,3,,
8/8/2017,"550246","FEDERAL, STATE AND COUNTY",12001,"FOR STATE SENATOR DISTRICT 45 (UNEXPIRED TERM)",DEM,26,26,2,"NOAH S. YNCLAN",DEM,0,0,1,1,,
8/8/2017,"550247","FEDERAL, STATE AND COUNTY",11001,"FOR STATE SENATOR DISTRICT 45 (UNEXPIRED TERM)",REP,26,26,1,"SCOTT HARRIS",REP,0,0,0,0,,
8/8/2017,"550247","FEDERAL, STATE AND COUNTY",11001,"FOR STATE SENATOR DISTRICT 45 (UNEXPIRED TERM)",REP,26,26,2,"PAUL ROSINO",REP,0,0,3,3,,
8/8/2017,"550247","FEDERAL, STATE AND COUNTY",11001,"FOR STATE SENATOR DISTRICT 45 (UNEXPIRED TERM)",REP,26,26,3,"DUANE SMITH",REP,0,0,0,0,,
8/8/2017,"550247","FEDERAL, STATE AND COUNTY",11001,"FOR STATE SENATOR DISTRICT 45 (UNEXPIRED TERM)",REP,26,26,4,"MATHEW HAMRICK",REP,0,0,0,0,,
8/8/2017,"550247","FEDERAL, STATE AND COUNTY",11001,"FOR STATE SENATOR DISTRICT 45 (UNEXPIRED TERM)",REP,26,26,5,"DIANE MEANS",REP,0,0,1,1,,
8/8/2017,"550247","FEDERAL, STATE AND COUNTY",11001,"FOR STATE SENATOR DISTRICT 45 (UNEXPIRED TERM)",REP,26,26,6,"BRIAN WALTERS",REP,0,0,3,3,,
8/8/2017,"550247","FEDERAL, STATE AND COUNTY",11001,"FOR STATE SENATOR DISTRICT 45 (UNEXPIRED TERM)",REP,26,26,7,"KERRY PETTINGILL",REP,0,0,1,1,,
8/8/2017,"550247","FEDERAL, STATE AND COUNTY",12001,"FOR STATE SENATOR DISTRICT 45 (UNEXPIRED TERM)",DEM,26,26,1,"STEVEN VINCENT",DEM,0,0,16,16,,
8/8/2017,"550247","FEDERAL, STATE AND COUNTY",12001,"FOR STATE SENATOR DISTRICT 45 (UNEXPIRED TERM)",DEM,26,26,2,"NOAH S. YNCLAN",DEM,0,0,1,1,,
8/8/2017,"550248","FEDERAL, STATE AND COUNTY",11001,"FOR STATE SENATOR DISTRICT 45 (UNEXPIRED TERM)",REP,26,26,1,"SCOTT HARRIS",REP,0,0,5,5,,
8/8/2017,"550248","FEDERAL, STATE AND COUNTY",11001,"FOR STATE SENATOR DISTRICT 45 (UNEXPIRED TERM)",REP,26,26,2,"PAUL ROSINO",REP,0,0,7,7,,
8/8/2017,"550248","FEDERAL, STATE AND COUNTY",11001,"FOR STATE SENATOR DISTRICT 45 (UNEXPIRED TERM)",REP,26,26,3,"DUANE SMITH",REP,0,0,3,3,,
8/8/2017,"550248","FEDERAL, STATE AND COUNTY",11001,"FOR STATE SENATOR DISTRICT 45 (UNEXPIRED TERM)",REP,26,26,4,"MATHEW HAMRICK",REP,0,0,1,1,,
8/8/2017,"550248","FEDERAL, STATE AND COUNTY",11001,"FOR STATE SENATOR DISTRICT 45 (UNEXPIRED TERM)",REP,26,26,5,"DIANE MEANS",REP,0,0,20,20,,
8/8/2017,"550248","FEDERAL, STATE AND COUNTY",11001,"FOR STATE SENATOR DISTRICT 45 (UNEXPIRED TERM)",REP,26,26,6,"BRIAN WALTERS",REP,0,0,15,15,,
8/8/2017,"550248","FEDERAL, STATE AND COUNTY",11001,"FOR STATE SENATOR DISTRICT 45 (UNEXPIRED TERM)",REP,26,26,7,"KERRY PETTINGILL",REP,0,0,4,4,,
8/8/2017,"550248","FEDERAL, STATE AND COUNTY",12001,"FOR STATE SENATOR DISTRICT 45 (UNEXPIRED TERM)",DEM,26,26,1,"STEVEN VINCENT",DEM,0,0,65,65,,
8/8/2017,"550248","FEDERAL, STATE AND COUNTY",12001,"FOR STATE SENATOR DISTRICT 45 (UNEXPIRED TERM)",DEM,26,26,2,"NOAH S. YNCLAN",DEM,0,0,10,10,,
8/8/2017,"559999","FEDERAL, STATE AND COUNTY",11001,"FOR STATE SENATOR DISTRICT 45 (UNEXPIRED TERM)",REP,26,26,1,"SCOTT HARRIS",REP,0,0,0,0,,
8/8/2017,"559999","FEDERAL, STATE AND COUNTY",11001,"FOR STATE SENATOR DISTRICT 45 (UNEXPIRED TERM)",REP,26,26,2,"PAUL ROSINO",REP,3,0,0,3,,
8/8/2017,"559999","FEDERAL, STATE AND COUNTY",11001,"FOR STATE SENATOR DISTRICT 45 (UNEXPIRED TERM)",REP,26,26,3,"DUANE SMITH",REP,3,0,0,3,,
8/8/2017,"559999","FEDERAL, STATE AND COUNTY",11001,"FOR STATE SENATOR DISTRICT 45 (UNEXPIRED TERM)",REP,26,26,4,"MATHEW HAMRICK",REP,1,0,0,1,,
8/8/2017,"559999","FEDERAL, STATE AND COUNTY",11001,"FOR STATE SENATOR DISTRICT 45 (UNEXPIRED TERM)",REP,26,26,5,"DIANE MEANS",REP,1,0,0,1,,
8/8/2017,"559999","FEDERAL, STATE AND COUNTY",11001,"FOR STATE SENATOR DISTRICT 45 (UNEXPIRED TERM)",REP,26,26,6,"BRIAN WALTERS",REP,1,0,0,1,,
8/8/2017,"559999","FEDERAL, STATE AND COUNTY",11001,"FOR STATE SENATOR DISTRICT 45 (UNEXPIRED TERM)",REP,26,26,7,"KERRY PETTINGILL",REP,0,0,0,0,,
8/8/2017,"559999","FEDERAL, STATE AND COUNTY",12001,"FOR STATE SENATOR DISTRICT 45 (UNEXPIRED TERM)",DEM,26,26,1,"STEVEN VINCENT",DEM,12,1,0,13,,
8/8/2017,"559999","FEDERAL, STATE AND COUNTY",12001,"FOR STATE SENATOR DISTRICT 45 (UNEXPIRED TERM)",DEM,26,26,2,"NOAH S. YNCLAN",DEM,2,0,0,2,,
8/8/2017,"690041","CITY OF COMANCHE",46901,"PROPOSITION  CITY OF COMANCHE",,3,3,1,"FOR THE PROPOSITION - YES",,1,0,24,25,,
8/8/2017,"690041","CITY OF COMANCHE",46901,"PROPOSITION  CITY OF COMANCHE",,3,3,2,"AGAINST THE PROPOSITION - NO",,0,0,0,0,,
8/8/2017,"690061","CITY OF COMANCHE",46901,"PROPOSITION  CITY OF COMANCHE",,3,3,1,"FOR THE PROPOSITION - YES",,0,0,0,0,,
8/8/2017,"690061","CITY OF COMANCHE",46901,"PROPOSITION  CITY OF COMANCHE",,3,3,2,"AGAINST THE PROPOSITION - NO",,0,0,0,0,,
8/8/2017,"690062","CITY OF COMANCHE",46901,"PROPOSITION  CITY OF COMANCHE",,3,3,1,"FOR THE PROPOSITION - YES",,0,0,0,0,,
8/8/2017,"690062","CITY OF COMANCHE",46901,"PROPOSITION  CITY OF COMANCHE",,3,3,2,"AGAINST THE PROPOSITION - NO",,0,0,0,0,,
8/8/2017,"700101","CITY OF HOOKER",47001,"PROPOSITION  CITY OF HOOKER",,1,1,1,"FOR THE PROPOSITION - YES",,1,0,15,16,,
8/8/2017,"700101","CITY OF HOOKER",47001,"PROPOSITION  CITY OF HOOKER",,1,1,2,"AGAINST THE PROPOSITION - NO",,0,0,1,1,,
8/8/2017,"720451","FEDERAL, STATE AND COUNTY",11002,"FOR STATE REPRESENTATIVE DISTRICT 76 (UNEXPIRED TERM)",REP,12,12,1,"SHELLEY BRUMBAUGH",REP,0,0,25,25,,
8/8/2017,"720451","FEDERAL, STATE AND COUNTY",11002,"FOR STATE REPRESENTATIVE DISTRICT 76 (UNEXPIRED TERM)",REP,12,12,2,"ROSS FORD",REP,0,0,15,15,,
8/8/2017,"720451","FEDERAL, STATE AND COUNTY",11002,"FOR STATE REPRESENTATIVE DISTRICT 76 (UNEXPIRED TERM)",REP,12,12,3,"JESS GUTHRIE",REP,0,0,2,2,,
8/8/2017,"720451","FEDERAL, STATE AND COUNTY",11002,"FOR STATE REPRESENTATIVE DISTRICT 76 (UNEXPIRED TERM)",REP,12,12,4,"BRIAN ELLIOTT",REP,0,0,22,22,,
8/8/2017,"720451","FEDERAL, STATE AND COUNTY",11002,"FOR STATE REPRESENTATIVE DISTRICT 76 (UNEXPIRED TERM)",REP,12,12,5,"CLIFF JOHNS",REP,0,0,13,13,,
8/8/2017,"720451","FEDERAL, STATE AND COUNTY",12002,"FOR STATE REPRESENTATIVE DISTRICT 76 (UNEXPIRED TERM)",DEM,12,12,1,"FORREST MAYER",DEM,0,0,21,21,,
8/8/2017,"720451","FEDERAL, STATE AND COUNTY",12002,"FOR STATE REPRESENTATIVE DISTRICT 76 (UNEXPIRED TERM)",DEM,12,12,2,"CHRIS VanLANDINGHAM",DEM,0,0,9,9,,
8/8/2017,"720454","FEDERAL, STATE AND COUNTY",11002,"FOR STATE REPRESENTATIVE DISTRICT 76 (UNEXPIRED TERM)",REP,12,12,1,"SHELLEY BRUMBAUGH",REP,0,0,47,47,,
8/8/2017,"720454","FEDERAL, STATE AND COUNTY",11002,"FOR STATE REPRESENTATIVE DISTRICT 76 (UNEXPIRED TERM)",REP,12,12,2,"ROSS FORD",REP,0,0,90,90,,
8/8/2017,"720454","FEDERAL, STATE AND COUNTY",11002,"FOR STATE REPRESENTATIVE DISTRICT 76 (UNEXPIRED TERM)",REP,12,12,3,"JESS GUTHRIE",REP,0,0,7,7,,
8/8/2017,"720454","FEDERAL, STATE AND COUNTY",11002,"FOR STATE REPRESENTATIVE DISTRICT 76 (UNEXPIRED TERM)",REP,12,12,4,"BRIAN ELLIOTT",REP,0,0,65,65,,
8/8/2017,"720454","FEDERAL, STATE AND COUNTY",11002,"FOR STATE REPRESENTATIVE DISTRICT 76 (UNEXPIRED TERM)",REP,12,12,5,"CLIFF JOHNS",REP,0,0,10,10,,
8/8/2017,"720454","FEDERAL, STATE AND COUNTY",12002,"FOR STATE REPRESENTATIVE DISTRICT 76 (UNEXPIRED TERM)",DEM,12,12,1,"FORREST MAYER",DEM,0,0,21,21,,
8/8/2017,"720454","FEDERAL, STATE AND COUNTY",12002,"FOR STATE REPRESENTATIVE DISTRICT 76 (UNEXPIRED TERM)",DEM,12,12,2,"CHRIS VanLANDINGHAM",DEM,0,0,29,29,,
8/8/2017,"720455","FEDERAL, STATE AND COUNTY",11002,"FOR STATE REPRESENTATIVE DISTRICT 76 (UNEXPIRED TERM)",REP,12,12,1,"SHELLEY BRUMBAUGH",REP,0,0,17,17,,
8/8/2017,"720455","FEDERAL, STATE AND COUNTY",11002,"FOR STATE REPRESENTATIVE DISTRICT 76 (UNEXPIRED TERM)",REP,12,12,2,"ROSS FORD",REP,0,0,13,13,,
8/8/2017,"720455","FEDERAL, STATE AND COUNTY",11002,"FOR STATE REPRESENTATIVE DISTRICT 76 (UNEXPIRED TERM)",REP,12,12,3,"JESS GUTHRIE",REP,0,0,1,1,,
8/8/2017,"720455","FEDERAL, STATE AND COUNTY",11002,"FOR STATE REPRESENTATIVE DISTRICT 76 (UNEXPIRED TERM)",REP,12,12,4,"BRIAN ELLIOTT",REP,0,0,15,15,,
8/8/2017,"720455","FEDERAL, STATE AND COUNTY",11002,"FOR STATE REPRESENTATIVE DISTRICT 76 (UNEXPIRED TERM)",REP,12,12,5,"CLIFF JOHNS",REP,0,0,10,10,,
8/8/2017,"720455","FEDERAL, STATE AND COUNTY",12002,"FOR STATE REPRESENTATIVE DISTRICT 76 (UNEXPIRED TERM)",DEM,12,12,1,"FORREST MAYER",DEM,0,0,12,12,,
8/8/2017,"720455","FEDERAL, STATE AND COUNTY",12002,"FOR STATE REPRESENTATIVE DISTRICT 76 (UNEXPIRED TERM)",DEM,12,12,2,"CHRIS VanLANDINGHAM",DEM,0,0,14,14,,
8/8/2017,"720456","FEDERAL, STATE AND COUNTY",11002,"FOR STATE REPRESENTATIVE DISTRICT 76 (UNEXPIRED TERM)",REP,12,12,1,"SHELLEY BRUMBAUGH",REP,0,0,60,60,,
8/8/2017,"720456","FEDERAL, STATE AND COUNTY",11002,"FOR STATE REPRESENTATIVE DISTRICT 76 (UNEXPIRED TERM)",REP,12,12,2,"ROSS FORD",REP,0,0,25,25,,
8/8/2017,"720456","FEDERAL, STATE AND COUNTY",11002,"FOR STATE REPRESENTATIVE DISTRICT 76 (UNEXPIRED TERM)",REP,12,12,3,"JESS GUTHRIE",REP,0,0,3,3,,
8/8/2017,"720456","FEDERAL, STATE AND COUNTY",11002,"FOR STATE REPRESENTATIVE DISTRICT 76 (UNEXPIRED TERM)",REP,12,12,4,"BRIAN ELLIOTT",REP,0,0,21,21,,
8/8/2017,"720456","FEDERAL, STATE AND COUNTY",11002,"FOR STATE REPRESENTATIVE DISTRICT 76 (UNEXPIRED TERM)",REP,12,12,5,"CLIFF JOHNS",REP,0,0,8,8,,
8/8/2017,"720456","FEDERAL, STATE AND COUNTY",12002,"FOR STATE REPRESENTATIVE DISTRICT 76 (UNEXPIRED TERM)",DEM,12,12,1,"FORREST MAYER",DEM,0,0,12,12,,
8/8/2017,"720456","FEDERAL, STATE AND COUNTY",12002,"FOR STATE REPRESENTATIVE DISTRICT 76 (UNEXPIRED TERM)",DEM,12,12,2,"CHRIS VanLANDINGHAM",DEM,0,0,17,17,,
8/8/2017,"720458","FEDERAL, STATE AND COUNTY",11002,"FOR STATE REPRESENTATIVE DISTRICT 76 (UNEXPIRED TERM)",REP,12,12,1,"SHELLEY BRUMBAUGH",REP,0,0,93,93,,
8/8/2017,"720458","FEDERAL, STATE AND COUNTY",11002,"FOR STATE REPRESENTATIVE DISTRICT 76 (UNEXPIRED TERM)",REP,12,12,2,"ROSS FORD",REP,0,0,82,82,,
8/8/2017,"720458","FEDERAL, STATE AND COUNTY",11002,"FOR STATE REPRESENTATIVE DISTRICT 76 (UNEXPIRED TERM)",REP,12,12,3,"JESS GUTHRIE",REP,0,0,2,2,,
8/8/2017,"720458","FEDERAL, STATE AND COUNTY",11002,"FOR STATE REPRESENTATIVE DISTRICT 76 (UNEXPIRED TERM)",REP,12,12,4,"BRIAN ELLIOTT",REP,0,0,68,68,,
8/8/2017,"720458","FEDERAL, STATE AND COUNTY",11002,"FOR STATE REPRESENTATIVE DISTRICT 76 (UNEXPIRED TERM)",REP,12,12,5,"CLIFF JOHNS",REP,0,0,16,16,,
8/8/2017,"720458","FEDERAL, STATE AND COUNTY",12002,"FOR STATE REPRESENTATIVE DISTRICT 76 (UNEXPIRED TERM)",DEM,12,12,1,"FORREST MAYER",DEM,0,0,38,38,,
8/8/2017,"720458","FEDERAL, STATE AND COUNTY",12002,"FOR STATE REPRESENTATIVE DISTRICT 76 (UNEXPIRED TERM)",DEM,12,12,2,"CHRIS VanLANDINGHAM",DEM,0,0,35,35,,
8/8/2017,"720462","FEDERAL, STATE AND COUNTY",11002,"FOR STATE REPRESENTATIVE DISTRICT 76 (UNEXPIRED TERM)",REP,12,12,1,"SHELLEY BRUMBAUGH",REP,0,0,65,65,,
8/8/2017,"720462","FEDERAL, STATE AND COUNTY",11002,"FOR STATE REPRESENTATIVE DISTRICT 76 (UNEXPIRED TERM)",REP,12,12,2,"ROSS FORD",REP,0,0,43,43,,
8/8/2017,"720462","FEDERAL, STATE AND COUNTY",11002,"FOR STATE REPRESENTATIVE DISTRICT 76 (UNEXPIRED TERM)",REP,12,12,3,"JESS GUTHRIE",REP,0,0,1,1,,
8/8/2017,"720462","FEDERAL, STATE AND COUNTY",11002,"FOR STATE REPRESENTATIVE DISTRICT 76 (UNEXPIRED TERM)",REP,12,12,4,"BRIAN ELLIOTT",REP,0,0,78,78,,
8/8/2017,"720462","FEDERAL, STATE AND COUNTY",11002,"FOR STATE REPRESENTATIVE DISTRICT 76 (UNEXPIRED TERM)",REP,12,12,5,"CLIFF JOHNS",REP,0,0,29,29,,
8/8/2017,"720462","FEDERAL, STATE AND COUNTY",12002,"FOR STATE REPRESENTATIVE DISTRICT 76 (UNEXPIRED TERM)",DEM,12,12,1,"FORREST MAYER",DEM,0,0,24,24,,
8/8/2017,"720462","FEDERAL, STATE AND COUNTY",12002,"FOR STATE REPRESENTATIVE DISTRICT 76 (UNEXPIRED TERM)",DEM,12,12,2,"CHRIS VanLANDINGHAM",DEM,0,0,23,23,,
8/8/2017,"720463","FEDERAL, STATE AND COUNTY",11002,"FOR STATE REPRESENTATIVE DISTRICT 76 (UNEXPIRED TERM)",REP,12,12,1,"SHELLEY BRUMBAUGH",REP,0,0,34,34,,
8/8/2017,"720463","FEDERAL, STATE AND COUNTY",11002,"FOR STATE REPRESENTATIVE DISTRICT 76 (UNEXPIRED TERM)",REP,12,12,2,"ROSS FORD",REP,0,0,18,18,,
8/8/2017,"720463","FEDERAL, STATE AND COUNTY",11002,"FOR STATE REPRESENTATIVE DISTRICT 76 (UNEXPIRED TERM)",REP,12,12,3,"JESS GUTHRIE",REP,0,0,2,2,,
8/8/2017,"720463","FEDERAL, STATE AND COUNTY",11002,"FOR STATE REPRESENTATIVE DISTRICT 76 (UNEXPIRED TERM)",REP,12,12,4,"BRIAN ELLIOTT",REP,0,0,25,25,,
8/8/2017,"720463","FEDERAL, STATE AND COUNTY",11002,"FOR STATE REPRESENTATIVE DISTRICT 76 (UNEXPIRED TERM)",REP,12,12,5,"CLIFF JOHNS",REP,0,0,21,21,,
8/8/2017,"720463","FEDERAL, STATE AND COUNTY",12002,"FOR STATE REPRESENTATIVE DISTRICT 76 (UNEXPIRED TERM)",DEM,12,12,1,"FORREST MAYER",DEM,0,0,16,16,,
8/8/2017,"720463","FEDERAL, STATE AND COUNTY",12002,"FOR STATE REPRESENTATIVE DISTRICT 76 (UNEXPIRED TERM)",DEM,12,12,2,"CHRIS VanLANDINGHAM",DEM,0,0,8,8,,
8/8/2017,"720465","FEDERAL, STATE AND COUNTY",11002,"FOR STATE REPRESENTATIVE DISTRICT 76 (UNEXPIRED TERM)",REP,12,12,1,"SHELLEY BRUMBAUGH",REP,0,0,35,35,,
8/8/2017,"720465","FEDERAL, STATE AND COUNTY",11002,"FOR STATE REPRESENTATIVE DISTRICT 76 (UNEXPIRED TERM)",REP,12,12,2,"ROSS FORD",REP,0,0,55,55,,
8/8/2017,"720465","FEDERAL, STATE AND COUNTY",11002,"FOR STATE REPRESENTATIVE DISTRICT 76 (UNEXPIRED TERM)",REP,12,12,3,"JESS GUTHRIE",REP,0,0,0,0,,
8/8/2017,"720465","FEDERAL, STATE AND COUNTY",11002,"FOR STATE REPRESENTATIVE DISTRICT 76 (UNEXPIRED TERM)",REP,12,12,4,"BRIAN ELLIOTT",REP,0,0,29,29,,
8/8/2017,"720465","FEDERAL, STATE AND COUNTY",11002,"FOR STATE REPRESENTATIVE DISTRICT 76 (UNEXPIRED TERM)",REP,12,12,5,"CLIFF JOHNS",REP,0,0,11,11,,
8/8/2017,"720465","FEDERAL, STATE AND COUNTY",12002,"FOR STATE REPRESENTATIVE DISTRICT 76 (UNEXPIRED TERM)",DEM,12,12,1,"FORREST MAYER",DEM,0,0,16,16,,
8/8/2017,"720465","FEDERAL, STATE AND COUNTY",12002,"FOR STATE REPRESENTATIVE DISTRICT 76 (UNEXPIRED TERM)",DEM,12,12,2,"CHRIS VanLANDINGHAM",DEM,0,0,12,12,,
8/8/2017,"720468","FEDERAL, STATE AND COUNTY",11002,"FOR STATE REPRESENTATIVE DISTRICT 76 (UNEXPIRED TERM)",REP,12,12,1,"SHELLEY BRUMBAUGH",REP,0,0,78,78,,
8/8/2017,"720468","FEDERAL, STATE AND COUNTY",11002,"FOR STATE REPRESENTATIVE DISTRICT 76 (UNEXPIRED TERM)",REP,12,12,2,"ROSS FORD",REP,0,0,76,76,,
8/8/2017,"720468","FEDERAL, STATE AND COUNTY",11002,"FOR STATE REPRESENTATIVE DISTRICT 76 (UNEXPIRED TERM)",REP,12,12,3,"JESS GUTHRIE",REP,0,0,2,2,,
8/8/2017,"720468","FEDERAL, STATE AND COUNTY",11002,"FOR STATE REPRESENTATIVE DISTRICT 76 (UNEXPIRED TERM)",REP,12,12,4,"BRIAN ELLIOTT",REP,0,0,90,90,,
8/8/2017,"720468","FEDERAL, STATE AND COUNTY",11002,"FOR STATE REPRESENTATIVE DISTRICT 76 (UNEXPIRED TERM)",REP,12,12,5,"CLIFF JOHNS",REP,0,0,21,21,,
8/8/2017,"720468","FEDERAL, STATE AND COUNTY",12002,"FOR STATE REPRESENTATIVE DISTRICT 76 (UNEXPIRED TERM)",DEM,12,12,1,"FORREST MAYER",DEM,0,0,25,25,,
8/8/2017,"720468","FEDERAL, STATE AND COUNTY",12002,"FOR STATE REPRESENTATIVE DISTRICT 76 (UNEXPIRED TERM)",DEM,12,12,2,"CHRIS VanLANDINGHAM",DEM,0,0,19,19,,
8/8/2017,"720470","FEDERAL, STATE AND COUNTY",11002,"FOR STATE REPRESENTATIVE DISTRICT 76 (UNEXPIRED TERM)",REP,12,12,1,"SHELLEY BRUMBAUGH",REP,0,0,34,34,,
8/8/2017,"720470","FEDERAL, STATE AND COUNTY",11002,"FOR STATE REPRESENTATIVE DISTRICT 76 (UNEXPIRED TERM)",REP,12,12,2,"ROSS FORD",REP,0,0,64,64,,
8/8/2017,"720470","FEDERAL, STATE AND COUNTY",11002,"FOR STATE REPRESENTATIVE DISTRICT 76 (UNEXPIRED TERM)",REP,12,12,3,"JESS GUTHRIE",REP,0,0,1,1,,
8/8/2017,"720470","FEDERAL, STATE AND COUNTY",11002,"FOR STATE REPRESENTATIVE DISTRICT 76 (UNEXPIRED TERM)",REP,12,12,4,"BRIAN ELLIOTT",REP,0,0,67,67,,
8/8/2017,"720470","FEDERAL, STATE AND COUNTY",11002,"FOR STATE REPRESENTATIVE DISTRICT 76 (UNEXPIRED TERM)",REP,12,12,5,"CLIFF JOHNS",REP,0,0,20,20,,
8/8/2017,"720470","FEDERAL, STATE AND COUNTY",12002,"FOR STATE REPRESENTATIVE DISTRICT 76 (UNEXPIRED TERM)",DEM,12,12,1,"FORREST MAYER",DEM,0,0,13,13,,
8/8/2017,"720470","FEDERAL, STATE AND COUNTY",12002,"FOR STATE REPRESENTATIVE DISTRICT 76 (UNEXPIRED TERM)",DEM,12,12,2,"CHRIS VanLANDINGHAM",DEM,0,0,63,63,,
8/8/2017,"720471","FEDERAL, STATE AND COUNTY",11002,"FOR STATE REPRESENTATIVE DISTRICT 76 (UNEXPIRED TERM)",REP,12,12,1,"SHELLEY BRUMBAUGH",REP,0,0,35,35,,
8/8/2017,"720471","FEDERAL, STATE AND COUNTY",11002,"FOR STATE REPRESENTATIVE DISTRICT 76 (UNEXPIRED TERM)",REP,12,12,2,"ROSS FORD",REP,0,0,55,55,,
8/8/2017,"720471","FEDERAL, STATE AND COUNTY",11002,"FOR STATE REPRESENTATIVE DISTRICT 76 (UNEXPIRED TERM)",REP,12,12,3,"JESS GUTHRIE",REP,0,0,0,0,,
8/8/2017,"720471","FEDERAL, STATE AND COUNTY",11002,"FOR STATE REPRESENTATIVE DISTRICT 76 (UNEXPIRED TERM)",REP,12,12,4,"BRIAN ELLIOTT",REP,0,0,48,48,,
8/8/2017,"720471","FEDERAL, STATE AND COUNTY",11002,"FOR STATE REPRESENTATIVE DISTRICT 76 (UNEXPIRED TERM)",REP,12,12,5,"CLIFF JOHNS",REP,0,0,4,4,,
8/8/2017,"720471","FEDERAL, STATE AND COUNTY",12002,"FOR STATE REPRESENTATIVE DISTRICT 76 (UNEXPIRED TERM)",DEM,12,12,1,"FORREST MAYER",DEM,0,0,4,4,,
8/8/2017,"720471","FEDERAL, STATE AND COUNTY",12002,"FOR STATE REPRESENTATIVE DISTRICT 76 (UNEXPIRED TERM)",DEM,12,12,2,"CHRIS VanLANDINGHAM",DEM,0,0,8,8,,
8/8/2017,"720474","FEDERAL, STATE AND COUNTY",11002,"FOR STATE REPRESENTATIVE DISTRICT 76 (UNEXPIRED TERM)",REP,12,12,1,"SHELLEY BRUMBAUGH",REP,0,0,79,79,,
8/8/2017,"720474","FEDERAL, STATE AND COUNTY",11002,"FOR STATE REPRESENTATIVE DISTRICT 76 (UNEXPIRED TERM)",REP,12,12,2,"ROSS FORD",REP,0,0,86,86,,
8/8/2017,"720474","FEDERAL, STATE AND COUNTY",11002,"FOR STATE REPRESENTATIVE DISTRICT 76 (UNEXPIRED TERM)",REP,12,12,3,"JESS GUTHRIE",REP,0,0,3,3,,
8/8/2017,"720474","FEDERAL, STATE AND COUNTY",11002,"FOR STATE REPRESENTATIVE DISTRICT 76 (UNEXPIRED TERM)",REP,12,12,4,"BRIAN ELLIOTT",REP,0,0,43,43,,
8/8/2017,"720474","FEDERAL, STATE AND COUNTY",11002,"FOR STATE REPRESENTATIVE DISTRICT 76 (UNEXPIRED TERM)",REP,12,12,5,"CLIFF JOHNS",REP,0,0,28,28,,
8/8/2017,"720474","FEDERAL, STATE AND COUNTY",12002,"FOR STATE REPRESENTATIVE DISTRICT 76 (UNEXPIRED TERM)",DEM,12,12,1,"FORREST MAYER",DEM,0,0,30,30,,
8/8/2017,"720474","FEDERAL, STATE AND COUNTY",12002,"FOR STATE REPRESENTATIVE DISTRICT 76 (UNEXPIRED TERM)",DEM,12,12,2,"CHRIS VanLANDINGHAM",DEM,0,0,42,42,,
8/8/2017,"720705","CITY OF GLENPOOL",47201,"PROPOSITION  CITY OF GLENPOOL",,5,5,1,"FOR THE PROPOSITION - YES",,0,0,32,32,,
8/8/2017,"720705","CITY OF GLENPOOL",47201,"PROPOSITION  CITY OF GLENPOOL",,5,5,2,"AGAINST THE PROPOSITION - NO",,0,0,5,5,,
8/8/2017,"720706","CITY OF GLENPOOL",47201,"PROPOSITION  CITY OF GLENPOOL",,5,5,1,"FOR THE PROPOSITION - YES",,0,0,49,49,,
8/8/2017,"720706","CITY OF GLENPOOL",47201,"PROPOSITION  CITY OF GLENPOOL",,5,5,2,"AGAINST THE PROPOSITION - NO",,0,0,7,7,,
8/8/2017,"720707","CITY OF GLENPOOL",47201,"PROPOSITION  CITY OF GLENPOOL",,5,5,1,"FOR THE PROPOSITION - YES",,0,0,14,14,,
8/8/2017,"720707","CITY OF GLENPOOL",47201,"PROPOSITION  CITY OF GLENPOOL",,5,5,2,"AGAINST THE PROPOSITION - NO",,0,0,0,0,,
8/8/2017,"720708","CITY OF GLENPOOL",47201,"PROPOSITION  CITY OF GLENPOOL",,5,5,1,"FOR THE PROPOSITION - YES",,0,0,10,10,,
8/8/2017,"720708","CITY OF GLENPOOL",47201,"PROPOSITION  CITY OF GLENPOOL",,5,5,2,"AGAINST THE PROPOSITION - NO",,0,0,1,1,,
8/8/2017,"720710","CITY OF GLENPOOL",47201,"PROPOSITION  CITY OF GLENPOOL",,5,5,1,"FOR THE PROPOSITION - YES",,0,0,0,0,,
8/8/2017,"720710","CITY OF GLENPOOL",47201,"PROPOSITION  CITY OF GLENPOOL",,5,5,2,"AGAINST THE PROPOSITION - NO",,0,0,0,0,,
8/8/2017,"729999","FEDERAL, STATE AND COUNTY",11002,"FOR STATE REPRESENTATIVE DISTRICT 76 (UNEXPIRED TERM)",REP,12,12,1,"SHELLEY BRUMBAUGH",REP,18,6,0,24,,
8/8/2017,"729999","FEDERAL, STATE AND COUNTY",11002,"FOR STATE REPRESENTATIVE DISTRICT 76 (UNEXPIRED TERM)",REP,12,12,2,"ROSS FORD",REP,19,4,0,23,,
8/8/2017,"729999","FEDERAL, STATE AND COUNTY",11002,"FOR STATE REPRESENTATIVE DISTRICT 76 (UNEXPIRED TERM)",REP,12,12,3,"JESS GUTHRIE",REP,3,0,0,3,,
8/8/2017,"729999","FEDERAL, STATE AND COUNTY",11002,"FOR STATE REPRESENTATIVE DISTRICT 76 (UNEXPIRED TERM)",REP,12,12,4,"BRIAN ELLIOTT",REP,22,5,0,27,,
8/8/2017,"729999","FEDERAL, STATE AND COUNTY",11002,"FOR STATE REPRESENTATIVE DISTRICT 76 (UNEXPIRED TERM)",REP,12,12,5,"CLIFF JOHNS",REP,8,2,0,10,,
8/8/2017,"729999","FEDERAL, STATE AND COUNTY",12002,"FOR STATE REPRESENTATIVE DISTRICT 76 (UNEXPIRED TERM)",DEM,12,12,1,"FORREST MAYER",DEM,7,2,0,9,,
8/8/2017,"729999","FEDERAL, STATE AND COUNTY",12002,"FOR STATE REPRESENTATIVE DISTRICT 76 (UNEXPIRED TERM)",DEM,12,12,2,"CHRIS VanLANDINGHAM",DEM,8,2,0,10,,
8/8/2017,"729999","CITY OF GLENPOOL",47201,"PROPOSITION  CITY OF GLENPOOL",,5,5,1,"FOR THE PROPOSITION - YES",,12,0,0,12,,
8/8/2017,"729999","CITY OF GLENPOOL",47201,"PROPOSITION  CITY OF GLENPOOL",,5,5,2,"AGAINST THE PROPOSITION - NO",,4,0,0,4,,
