elec_date,county,entity_description,race_number,race_description,race_party,tot_race_prec,race_prec_reporting,cand_number,cand_name,cand_party,cand_absmail_votes,cand_early_votes,cand_elecday_votes,cand_tot_votes,race_county_owner
9/14/2021,"ATOKA","ATOKA PUBLIC SCHOOLS INDEPENDENT SCHOOL DISTRICT NO. 015",50301,"PROPOSITION  ATOKA PUBLIC SCHOOLS",,11,11,1,"FOR THE PROPOSITION - YES",,8,41,159,208,,
9/14/2021,"ATOKA","ATOKA PUBLIC SCHOOLS INDEPENDENT SCHOOL DISTRICT NO. 015",50301,"PROPOSITION  ATOKA PUBLIC SCHOOLS",,11,11,2,"AGAINST THE PROPOSITION - NO",,10,30,240,280,,
9/14/2021,"BRYAN","SILO PUBLIC SCHOOLS INDEPENDENT SCHOOL DISTRICT NO. 001",50701,"PROPOSITION  SILO PUBLIC SCHOOLS",,7,7,1,"FOR THE PROPOSITION - YES",,20,7,376,403,,
9/14/2021,"BRYAN","SILO PUBLIC SCHOOLS INDEPENDENT SCHOOL DISTRICT NO. 001",50701,"PROPOSITION  SILO PUBLIC SCHOOLS",,7,7,2,"AGAINST THE PROPOSITION - NO",,39,25,813,877,,
9/14/2021,"CADDO","CADDO COUNTY",10001,"FOR COUNTY COMMISSIONER DISTRICT NO. 2 (UNEXPIRED TERM)",,7,7,1,"BELITA JO LEE BYRD",REP,3,0,16,19,CADDO
9/14/2021,"CADDO","CADDO COUNTY",10001,"FOR COUNTY COMMISSIONER DISTRICT NO. 2 (UNEXPIRED TERM)",,7,7,2,"JEFF BOREN",DEM,23,24,184,231,CADDO
9/14/2021,"CHOCTAW","HUGO PUBLIC SCHOOLS INDEPENDENT SCHOOL DISTRICT NO. 039",51201,"PROPOSITION  HUGO PUBLIC SCHOOLS",,11,11,1,"FOR THE PROPOSITION - YES",,7,48,194,249,,
9/14/2021,"CHOCTAW","HUGO PUBLIC SCHOOLS INDEPENDENT SCHOOL DISTRICT NO. 039",51201,"PROPOSITION  HUGO PUBLIC SCHOOLS",,11,11,2,"AGAINST THE PROPOSITION - NO",,6,5,75,86,,
9/14/2021,"CHOCTAW","VALLIANT PUBLIC SCHOOLS INDEPENDENT SCHOOL DISTRICT NO. 011",54501,"PROPOSITION  VALLIANT PUBLIC SCHOOLS",,1,1,1,"FOR THE PROPOSITION - YES",,0,0,0,0,,
9/14/2021,"CHOCTAW","VALLIANT PUBLIC SCHOOLS INDEPENDENT SCHOOL DISTRICT NO. 011",54501,"PROPOSITION  VALLIANT PUBLIC SCHOOLS",,1,1,2,"AGAINST THE PROPOSITION - NO",,0,0,0,0,,
9/14/2021,"COAL","ATOKA PUBLIC SCHOOLS INDEPENDENT SCHOOL DISTRICT NO. 015",50301,"PROPOSITION  ATOKA PUBLIC SCHOOLS",,1,1,1,"FOR THE PROPOSITION - YES",,0,0,0,0,,
9/14/2021,"COAL","ATOKA PUBLIC SCHOOLS INDEPENDENT SCHOOL DISTRICT NO. 015",50301,"PROPOSITION  ATOKA PUBLIC SCHOOLS",,1,1,2,"AGAINST THE PROPOSITION - NO",,0,0,0,0,,
9/14/2021,"COMANCHE","CITY OF LAWTON",41601,"FOR MAYOR  CITY OF LAWTON",,28,28,1,"PALMER L MOORE",,14,19,204,237,COMANCHE
9/14/2021,"COMANCHE","CITY OF LAWTON",41601,"FOR MAYOR  CITY OF LAWTON",,28,28,2,"STAN BOOKER",,168,208,2286,2662,COMANCHE
9/14/2021,"COMANCHE","CITY OF LAWTON",41601,"FOR MAYOR  CITY OF LAWTON",,28,28,3,"SHERENE L. WILLIAMS",,61,84,1177,1322,COMANCHE
9/14/2021,"COMANCHE","CITY OF LAWTON",41603,"FOR COUNCIL MEMBER WARD 2  CITY OF LAWTON",,6,6,1,"MARK T MALONE",,10,26,146,182,COMANCHE
9/14/2021,"COMANCHE","CITY OF LAWTON",41603,"FOR COUNCIL MEMBER WARD 2  CITY OF LAWTON",,6,6,2,"SHELLI FOX",,4,4,57,65,COMANCHE
9/14/2021,"COMANCHE","CITY OF LAWTON",41603,"FOR COUNCIL MEMBER WARD 2  CITY OF LAWTON",,6,6,3,"KELLY HARRIS",,6,13,194,213,COMANCHE
9/14/2021,"COMANCHE","CITY OF LAWTON",41603,"FOR COUNCIL MEMBER WARD 2  CITY OF LAWTON",,6,6,4,"JUSTIN HACKNEY",,6,6,135,147,COMANCHE
9/14/2021,"COMANCHE","CITY OF LAWTON",41603,"FOR COUNCIL MEMBER WARD 2  CITY OF LAWTON",,6,6,5,"RICHARD STRICKLAND",,3,3,45,51,COMANCHE
9/14/2021,"CREEK","CREEK COUNTY",10003,"FOR COUNTY COMMISSIONER DISTRICT NO. 3 (UNEXPIRED TERM)",,14,14,1,"H. CHRIS ROOT",DEM,20,4,284,308,CREEK
9/14/2021,"CREEK","CREEK COUNTY",10003,"FOR COUNTY COMMISSIONER DISTRICT NO. 3 (UNEXPIRED TERM)",,14,14,2,"JARROD WHITEHOUSE",REP,91,26,869,986,CREEK
9/14/2021,"GARFIELD","TOWN OF WAUKOMIS",42401,"FOR BOARD OF TRUSTEES, OFFICE NO. 2  TOWN OF WAUKOMIS",,1,1,1,"BRIAN WADE ROBINETTE",,1,0,39,40,GARFIELD
9/14/2021,"GARFIELD","TOWN OF WAUKOMIS",42401,"FOR BOARD OF TRUSTEES, OFFICE NO. 2  TOWN OF WAUKOMIS",,1,1,2,"GREG BURT",,1,0,24,25,GARFIELD
9/14/2021,"GARVIN","GARVIN COUNTY",10002,"FOR COUNTY COMMISSIONER DISTRICT NO. 1 (UNEXPIRED TERM)",,7,7,1,"RANDY CHANDLER",REP,18,19,680,717,GARVIN
9/14/2021,"GARVIN","GARVIN COUNTY",10002,"FOR COUNTY COMMISSIONER DISTRICT NO. 1 (UNEXPIRED TERM)",,7,7,2,"KEVIN FORAKER",DEM,11,5,453,469,GARVIN
9/14/2021,"GARVIN","CITY OF LINDSAY",42501,"FOR COUNCILMEMBER (UNEXPIRED TERM)  CITY OF LINDSAY",,2,2,1,"ROBERT E. BROOKS",,2,0,140,142,GARVIN
9/14/2021,"GARVIN","CITY OF LINDSAY",42501,"FOR COUNCILMEMBER (UNEXPIRED TERM)  CITY OF LINDSAY",,2,2,2,"AARON APRILL",,1,0,81,82,GARVIN
9/14/2021,"GARVIN","CITY OF LINDSAY",42501,"FOR COUNCILMEMBER (UNEXPIRED TERM)  CITY OF LINDSAY",,2,2,3,"GREG HENDERSON",,4,0,152,156,GARVIN
9/14/2021,"GARVIN","CITY OF LINDSAY",42501,"FOR COUNCILMEMBER (UNEXPIRED TERM)  CITY OF LINDSAY",,2,2,4,"ANGEL WILBOURN",,3,0,60,63,GARVIN
9/14/2021,"GARVIN","LINDSAY PUBLIC SCHOOLS INDEPENDENT SCHOOL DISTRICT NO. 009",52501,"PROPOSITION NO. 1  LINDSAY PUBLIC SCHOOLS",,4,4,1,"FOR THE PROPOSITION - YES",,9,1,459,469,,
9/14/2021,"GARVIN","LINDSAY PUBLIC SCHOOLS INDEPENDENT SCHOOL DISTRICT NO. 009",52501,"PROPOSITION NO. 1  LINDSAY PUBLIC SCHOOLS",,4,4,2,"AGAINST THE PROPOSITION - NO",,8,2,263,273,,
9/14/2021,"GARVIN","LINDSAY PUBLIC SCHOOLS INDEPENDENT SCHOOL DISTRICT NO. 009",52502,"PROPOSITION NO. 2  LINDSAY PUBLIC SCHOOLS",,4,4,1,"FOR THE PROPOSITION - YES",,9,1,472,482,,
9/14/2021,"GARVIN","LINDSAY PUBLIC SCHOOLS INDEPENDENT SCHOOL DISTRICT NO. 009",52502,"PROPOSITION NO. 2  LINDSAY PUBLIC SCHOOLS",,4,4,2,"AGAINST THE PROPOSITION - NO",,8,2,246,256,,
9/14/2021,"GARVIN","MAYSVILLE PUBLIC SCHOOLS INDEPENDENT SCHOOL DISTRICT NO. 007",52503,"PROPOSITION  MAYSVILLE PUBLIC SCHOOLS",,2,2,1,"FOR THE PROPOSITION - YES",,6,9,257,272,,
9/14/2021,"GARVIN","MAYSVILLE PUBLIC SCHOOLS INDEPENDENT SCHOOL DISTRICT NO. 007",52503,"PROPOSITION  MAYSVILLE PUBLIC SCHOOLS",,2,2,2,"AGAINST THE PROPOSITION - NO",,0,0,43,43,,
9/14/2021,"GRADY","LINDSAY PUBLIC SCHOOLS INDEPENDENT SCHOOL DISTRICT NO. 009",52501,"PROPOSITION NO. 1  LINDSAY PUBLIC SCHOOLS",,2,2,1,"FOR THE PROPOSITION - YES",,0,0,9,9,,
9/14/2021,"GRADY","LINDSAY PUBLIC SCHOOLS INDEPENDENT SCHOOL DISTRICT NO. 009",52501,"PROPOSITION NO. 1  LINDSAY PUBLIC SCHOOLS",,2,2,2,"AGAINST THE PROPOSITION - NO",,0,0,1,1,,
9/14/2021,"GRADY","LINDSAY PUBLIC SCHOOLS INDEPENDENT SCHOOL DISTRICT NO. 009",52502,"PROPOSITION NO. 2  LINDSAY PUBLIC SCHOOLS",,2,2,1,"FOR THE PROPOSITION - YES",,0,0,9,9,,
9/14/2021,"GRADY","LINDSAY PUBLIC SCHOOLS INDEPENDENT SCHOOL DISTRICT NO. 009",52502,"PROPOSITION NO. 2  LINDSAY PUBLIC SCHOOLS",,2,2,2,"AGAINST THE PROPOSITION - NO",,0,0,1,1,,
9/14/2021,"HARPER","FREEDOM PUBLIC SCHOOLS INDEPENDENT SCHOOL DISTRICT NO. 006",57601,"PROPOSITION  FREEDOM PUBLIC SCHOOLS",,1,1,1,"FOR THE PROPOSITION - YES",,0,0,0,0,,
9/14/2021,"HARPER","FREEDOM PUBLIC SCHOOLS INDEPENDENT SCHOOL DISTRICT NO. 006",57601,"PROPOSITION  FREEDOM PUBLIC SCHOOLS",,1,1,2,"AGAINST THE PROPOSITION - NO",,0,0,0,0,,
9/14/2021,"HASKELL","QUINTON PUBLIC SCHOOLS INDEPENDENT SCHOOL DISTRICT NO. 017",56101,"PROPOSITION  QUINTON PUBLIC SCHOOLS",,1,1,1,"FOR THE PROPOSITION - YES",,4,0,43,47,,
9/14/2021,"HASKELL","QUINTON PUBLIC SCHOOLS INDEPENDENT SCHOOL DISTRICT NO. 017",56101,"PROPOSITION  QUINTON PUBLIC SCHOOLS",,1,1,2,"AGAINST THE PROPOSITION - NO",,0,0,35,35,,
9/14/2021,"HUGHES","WETUMKA PUBLIC SCHOOLS INDEPENDENT SCHOOL DISTRICT NO. 005",53201,"PROPOSITION  WETUMKA PUBLIC SCHOOLS",,4,4,1,"FOR THE PROPOSITION - YES",,3,2,86,91,,
9/14/2021,"HUGHES","WETUMKA PUBLIC SCHOOLS INDEPENDENT SCHOOL DISTRICT NO. 005",53201,"PROPOSITION  WETUMKA PUBLIC SCHOOLS",,4,4,2,"AGAINST THE PROPOSITION - NO",,3,2,21,26,,
9/14/2021,"HUGHES","GRAHAM-DUSTIN PUBLIC SCHOOLS INDEPENDENT SCHOOL DISTRICT NO. 054",55401,"PROPOSITION NO. 1  GRAHAM-DUSTIN PUBLIC SCHOOLS",,2,2,1,"FOR THE PROPOSITION - YES",,1,0,28,29,,
9/14/2021,"HUGHES","GRAHAM-DUSTIN PUBLIC SCHOOLS INDEPENDENT SCHOOL DISTRICT NO. 054",55401,"PROPOSITION NO. 1  GRAHAM-DUSTIN PUBLIC SCHOOLS",,2,2,2,"AGAINST THE PROPOSITION - NO",,0,0,14,14,,
9/14/2021,"HUGHES","GRAHAM-DUSTIN PUBLIC SCHOOLS INDEPENDENT SCHOOL DISTRICT NO. 054",55402,"PROPOSITION NO. 2  GRAHAM-DUSTIN PUBLIC SCHOOLS",,2,2,1,"FOR THE PROPOSITION - YES",,1,0,29,30,,
9/14/2021,"HUGHES","GRAHAM-DUSTIN PUBLIC SCHOOLS INDEPENDENT SCHOOL DISTRICT NO. 054",55402,"PROPOSITION NO. 2  GRAHAM-DUSTIN PUBLIC SCHOOLS",,2,2,2,"AGAINST THE PROPOSITION - NO",,0,0,14,14,,
9/14/2021,"JOHNSTON","TISHOMINGO PUBLIC SCHOOLS INDEPENDENT SCHOOL DISTRICT NO. 020",53501,"PROPOSITION  TISHOMINGO PUBLIC SCHOOLS",,9,9,1,"FOR THE PROPOSITION - YES",,1,46,286,333,,
9/14/2021,"JOHNSTON","TISHOMINGO PUBLIC SCHOOLS INDEPENDENT SCHOOL DISTRICT NO. 020",53501,"PROPOSITION  TISHOMINGO PUBLIC SCHOOLS",,9,9,2,"AGAINST THE PROPOSITION - NO",,8,19,187,214,,
9/14/2021,"KINGFISHER","CITY OF KINGFISHER",43701,"FOR CITY COMMISSIONER  CITY OF KINGFISHER",,3,3,1,"GEOFF COVALT",,4,20,130,154,KINGFISHER
9/14/2021,"KINGFISHER","CITY OF KINGFISHER",43701,"FOR CITY COMMISSIONER  CITY OF KINGFISHER",,3,3,2,"KACI FARRAR",,6,5,60,71,KINGFISHER
9/14/2021,"LEFLORE","TOWN OF WISTER",44001,"PROPOSITION  TOWN OF WISTER",,2,2,1,"FOR THE PROPOSITION - YES",,0,0,18,18,,
9/14/2021,"LEFLORE","TOWN OF WISTER",44001,"PROPOSITION  TOWN OF WISTER",,2,2,2,"AGAINST THE PROPOSITION - NO",,0,0,0,0,,
9/14/2021,"LINCOLN","TOWN OF AGRA",44101,"PROPOSITION  TOWN OF AGRA",,1,1,1,"FOR THE PROPOSITION - YES",,0,0,7,7,,
9/14/2021,"LINCOLN","TOWN OF AGRA",44101,"PROPOSITION  TOWN OF AGRA",,1,1,2,"AGAINST THE PROPOSITION - NO",,0,0,2,2,,
9/14/2021,"LINCOLN","OAK GROVE PUBLIC SCHOOL ELEMENTARY SCHOOL DISTRICT NO. 104",56001,"PROPOSITION  OAK GROVE PUBLIC SCHOOL",,1,1,1,"FOR THE PROPOSITION - YES",,0,0,0,0,,
9/14/2021,"LINCOLN","OAK GROVE PUBLIC SCHOOL ELEMENTARY SCHOOL DISTRICT NO. 104",56001,"PROPOSITION  OAK GROVE PUBLIC SCHOOL",,1,1,2,"AGAINST THE PROPOSITION - NO",,0,0,0,0,,
9/14/2021,"MCCLAIN","LINDSAY PUBLIC SCHOOLS INDEPENDENT SCHOOL DISTRICT NO. 009",52501,"PROPOSITION NO. 1  LINDSAY PUBLIC SCHOOLS",,2,2,1,"FOR THE PROPOSITION - YES",,2,0,44,46,,
9/14/2021,"MCCLAIN","LINDSAY PUBLIC SCHOOLS INDEPENDENT SCHOOL DISTRICT NO. 009",52501,"PROPOSITION NO. 1  LINDSAY PUBLIC SCHOOLS",,2,2,2,"AGAINST THE PROPOSITION - NO",,3,0,10,13,,
9/14/2021,"MCCLAIN","LINDSAY PUBLIC SCHOOLS INDEPENDENT SCHOOL DISTRICT NO. 009",52502,"PROPOSITION NO. 2  LINDSAY PUBLIC SCHOOLS",,2,2,1,"FOR THE PROPOSITION - YES",,0,0,46,46,,
9/14/2021,"MCCLAIN","LINDSAY PUBLIC SCHOOLS INDEPENDENT SCHOOL DISTRICT NO. 009",52502,"PROPOSITION NO. 2  LINDSAY PUBLIC SCHOOLS",,2,2,2,"AGAINST THE PROPOSITION - NO",,5,0,8,13,,
9/14/2021,"MCCLAIN","MAYSVILLE PUBLIC SCHOOLS INDEPENDENT SCHOOL DISTRICT NO. 007",52503,"PROPOSITION  MAYSVILLE PUBLIC SCHOOLS",,2,2,1,"FOR THE PROPOSITION - YES",,4,0,6,10,,
9/14/2021,"MCCLAIN","MAYSVILLE PUBLIC SCHOOLS INDEPENDENT SCHOOL DISTRICT NO. 007",52503,"PROPOSITION  MAYSVILLE PUBLIC SCHOOLS",,2,2,2,"AGAINST THE PROPOSITION - NO",,0,0,0,0,,
9/14/2021,"MCCURTAIN","VALLIANT PUBLIC SCHOOLS INDEPENDENT SCHOOL DISTRICT NO. 011",54501,"PROPOSITION  VALLIANT PUBLIC SCHOOLS",,6,6,1,"FOR THE PROPOSITION - YES",,5,6,311,322,,
9/14/2021,"MCCURTAIN","VALLIANT PUBLIC SCHOOLS INDEPENDENT SCHOOL DISTRICT NO. 011",54501,"PROPOSITION  VALLIANT PUBLIC SCHOOLS",,6,6,2,"AGAINST THE PROPOSITION - NO",,6,0,71,77,,
9/14/2021,"MCINTOSH","CHECOTAH PUBLIC SCHOOLS INDEPENDENT SCHOOL DISTRICT NO. 019",54601,"PROPOSITION  CHECOTAH PUBLIC SCHOOLS",,7,7,1,"FOR THE PROPOSITION - YES",,14,9,468,491,,
9/14/2021,"MCINTOSH","CHECOTAH PUBLIC SCHOOLS INDEPENDENT SCHOOL DISTRICT NO. 019",54601,"PROPOSITION  CHECOTAH PUBLIC SCHOOLS",,7,7,2,"AGAINST THE PROPOSITION - NO",,14,4,219,237,,
9/14/2021,"MCINTOSH","GRAHAM-DUSTIN PUBLIC SCHOOLS INDEPENDENT SCHOOL DISTRICT NO. 054",55401,"PROPOSITION NO. 1  GRAHAM-DUSTIN PUBLIC SCHOOLS",,2,2,1,"FOR THE PROPOSITION - YES",,0,0,0,0,,
9/14/2021,"MCINTOSH","GRAHAM-DUSTIN PUBLIC SCHOOLS INDEPENDENT SCHOOL DISTRICT NO. 054",55401,"PROPOSITION NO. 1  GRAHAM-DUSTIN PUBLIC SCHOOLS",,2,2,2,"AGAINST THE PROPOSITION - NO",,0,0,0,0,,
9/14/2021,"MCINTOSH","GRAHAM-DUSTIN PUBLIC SCHOOLS INDEPENDENT SCHOOL DISTRICT NO. 054",55402,"PROPOSITION NO. 2  GRAHAM-DUSTIN PUBLIC SCHOOLS",,2,2,1,"FOR THE PROPOSITION - YES",,0,0,0,0,,
9/14/2021,"MCINTOSH","GRAHAM-DUSTIN PUBLIC SCHOOLS INDEPENDENT SCHOOL DISTRICT NO. 054",55402,"PROPOSITION NO. 2  GRAHAM-DUSTIN PUBLIC SCHOOLS",,2,2,2,"AGAINST THE PROPOSITION - NO",,0,0,0,0,,
9/14/2021,"MAYES","INOLA PUBLIC SCHOOLS INDEPENDENT SCHOOL DISTRICT NO. 005",56601,"PROPOSITION  INOLA PUBLIC SCHOOLS",,2,2,1,"FOR THE PROPOSITION - YES",,0,0,0,0,,
9/14/2021,"MAYES","INOLA PUBLIC SCHOOLS INDEPENDENT SCHOOL DISTRICT NO. 005",56601,"PROPOSITION  INOLA PUBLIC SCHOOLS",,2,2,2,"AGAINST THE PROPOSITION - NO",,0,0,0,0,,
9/14/2021,"MUSKOGEE","TOWN OF OKTAHA",45101,"FOR BOARD OF TRUSTEES, OFFICE NO. 2 (UNEXPIRED TERM)  TOWN OF OKTAHA",,1,1,1,"ARLA STOUT",,0,0,29,29,MUSKOGEE
9/14/2021,"MUSKOGEE","TOWN OF OKTAHA",45101,"FOR BOARD OF TRUSTEES, OFFICE NO. 2 (UNEXPIRED TERM)  TOWN OF OKTAHA",,1,1,2,"NATHAN REHEARD",,0,1,13,14,MUSKOGEE
9/14/2021,"MUSKOGEE","TOWN OF OKTAHA",45102,"FOR BOARD OF TRUSTEES, OFFICE NO. 5 (UNEXPIRED TERM)  TOWN OF OKTAHA",,1,1,1,"JODI HAMMONS",,0,0,19,19,MUSKOGEE
9/14/2021,"MUSKOGEE","TOWN OF OKTAHA",45102,"FOR BOARD OF TRUSTEES, OFFICE NO. 5 (UNEXPIRED TERM)  TOWN OF OKTAHA",,1,1,2,"DAVID WALKER JR.",,0,0,4,4,MUSKOGEE
9/14/2021,"MUSKOGEE","TOWN OF OKTAHA",45102,"FOR BOARD OF TRUSTEES, OFFICE NO. 5 (UNEXPIRED TERM)  TOWN OF OKTAHA",,1,1,3,"TANA SPRING",,0,1,20,21,MUSKOGEE
9/14/2021,"MUSKOGEE","TOWN OF OKTAHA",45102,"FOR BOARD OF TRUSTEES, OFFICE NO. 5 (UNEXPIRED TERM)  TOWN OF OKTAHA",,1,1,4,"DYLAN GRADY",,0,0,0,0,MUSKOGEE
9/14/2021,"MUSKOGEE","CHECOTAH PUBLIC SCHOOLS INDEPENDENT SCHOOL DISTRICT NO. 019",54601,"PROPOSITION  CHECOTAH PUBLIC SCHOOLS",,1,1,1,"FOR THE PROPOSITION - YES",,0,0,0,0,,
9/14/2021,"MUSKOGEE","CHECOTAH PUBLIC SCHOOLS INDEPENDENT SCHOOL DISTRICT NO. 019",54601,"PROPOSITION  CHECOTAH PUBLIC SCHOOLS",,1,1,2,"AGAINST THE PROPOSITION - NO",,0,0,0,0,,
9/14/2021,"NOBLE","NOBLE COUNTY",11003,"FOR COUNTY COMMISSIONER DISTRICT NO. 3 (UNEXPIRED TERM)",REP,3,3,1,"NICK HUGHES",REP,20,58,294,372,NOBLE
9/14/2021,"NOBLE","NOBLE COUNTY",11003,"FOR COUNTY COMMISSIONER DISTRICT NO. 3 (UNEXPIRED TERM)",REP,3,3,2,"ELDON R. CINNAMON",REP,3,1,13,17,NOBLE
9/14/2021,"NOBLE","NOBLE COUNTY",11003,"FOR COUNTY COMMISSIONER DISTRICT NO. 3 (UNEXPIRED TERM)",REP,3,3,3,"CHRIS RIDGE",REP,1,5,61,67,NOBLE
9/14/2021,"NOBLE","NOBLE COUNTY",11003,"FOR COUNTY COMMISSIONER DISTRICT NO. 3 (UNEXPIRED TERM)",REP,3,3,4,"ROBERT McCLURE",REP,1,6,72,79,NOBLE
9/14/2021,"NOBLE","NOBLE COUNTY",11003,"FOR COUNTY COMMISSIONER DISTRICT NO. 3 (UNEXPIRED TERM)",REP,3,3,5,"JEFF DAY",REP,0,12,47,59,NOBLE
9/14/2021,"OKFUSKEE","WETUMKA PUBLIC SCHOOLS INDEPENDENT SCHOOL DISTRICT NO. 005",53201,"PROPOSITION  WETUMKA PUBLIC SCHOOLS",,1,1,1,"FOR THE PROPOSITION - YES",,0,0,0,0,,
9/14/2021,"OKFUSKEE","WETUMKA PUBLIC SCHOOLS INDEPENDENT SCHOOL DISTRICT NO. 005",53201,"PROPOSITION  WETUMKA PUBLIC SCHOOLS",,1,1,2,"AGAINST THE PROPOSITION - NO",,0,0,0,0,,
9/14/2021,"OKFUSKEE","GRAHAM-DUSTIN PUBLIC SCHOOLS INDEPENDENT SCHOOL DISTRICT NO. 054",55401,"PROPOSITION NO. 1  GRAHAM-DUSTIN PUBLIC SCHOOLS",,3,3,1,"FOR THE PROPOSITION - YES",,0,0,10,10,,
9/14/2021,"OKFUSKEE","GRAHAM-DUSTIN PUBLIC SCHOOLS INDEPENDENT SCHOOL DISTRICT NO. 054",55401,"PROPOSITION NO. 1  GRAHAM-DUSTIN PUBLIC SCHOOLS",,3,3,2,"AGAINST THE PROPOSITION - NO",,0,3,11,14,,
9/14/2021,"OKFUSKEE","GRAHAM-DUSTIN PUBLIC SCHOOLS INDEPENDENT SCHOOL DISTRICT NO. 054",55402,"PROPOSITION NO. 2  GRAHAM-DUSTIN PUBLIC SCHOOLS",,3,3,1,"FOR THE PROPOSITION - YES",,0,0,11,11,,
9/14/2021,"OKFUSKEE","GRAHAM-DUSTIN PUBLIC SCHOOLS INDEPENDENT SCHOOL DISTRICT NO. 054",55402,"PROPOSITION NO. 2  GRAHAM-DUSTIN PUBLIC SCHOOLS",,3,3,2,"AGAINST THE PROPOSITION - NO",,0,3,10,13,,
9/14/2021,"OKMULGEE","OKMULGEE COUNTY",11001,"FOR COUNTY COMMISSIONER DISTRICT NO. 3 (UNEXPIRED TERM)",REP,10,10,1,"DAVID BERRY",REP,1,1,39,41,OKMULGEE
9/14/2021,"OKMULGEE","OKMULGEE COUNTY",11001,"FOR COUNTY COMMISSIONER DISTRICT NO. 3 (UNEXPIRED TERM)",REP,10,10,2,"KATHY GEORGE SPEARS",REP,2,8,129,139,OKMULGEE
9/14/2021,"OKMULGEE","OKMULGEE COUNTY",11001,"FOR COUNTY COMMISSIONER DISTRICT NO. 3 (UNEXPIRED TERM)",REP,10,10,3,"MATT RICHARDSON",REP,4,7,121,132,OKMULGEE
9/14/2021,"OKMULGEE","OKMULGEE COUNTY",13001,"FOR COUNTY COMMISSIONER DISTRICT NO. 3 (UNEXPIRED TERM)",DEM,10,10,1,"MICHAEL A. WALLACE",DEM,9,1,113,123,OKMULGEE
9/14/2021,"OKMULGEE","OKMULGEE COUNTY",13001,"FOR COUNTY COMMISSIONER DISTRICT NO. 3 (UNEXPIRED TERM)",DEM,10,10,2,"GERALD KENT BARDIN",DEM,2,2,56,60,OKMULGEE
9/14/2021,"OKMULGEE","OKMULGEE COUNTY",13001,"FOR COUNTY COMMISSIONER DISTRICT NO. 3 (UNEXPIRED TERM)",DEM,10,10,3,"DAN ARTUSSEE",DEM,29,6,287,322,OKMULGEE
9/14/2021,"OKMULGEE","CITY OF BEGGS",45601,"FOR COUNCILMEMBER, WARD NO. 4 (UNEXPIRED TERM)  CITY OF BEGGS",,3,3,1,"DONALD W GOSWICK",,0,0,12,12,OKMULGEE
9/14/2021,"OKMULGEE","CITY OF BEGGS",45601,"FOR COUNCILMEMBER, WARD NO. 4 (UNEXPIRED TERM)  CITY OF BEGGS",,3,3,2,"RICK MITCHELL",,1,0,63,64,OKMULGEE
9/14/2021,"OKMULGEE","CITY OF BEGGS",45601,"FOR COUNCILMEMBER, WARD NO. 4 (UNEXPIRED TERM)  CITY OF BEGGS",,3,3,3,"BECKY K WILSON - HOLDEN",,1,0,102,103,OKMULGEE
9/14/2021,"OKMULGEE","CHECOTAH PUBLIC SCHOOLS INDEPENDENT SCHOOL DISTRICT NO. 019",54601,"PROPOSITION  CHECOTAH PUBLIC SCHOOLS",,1,1,1,"FOR THE PROPOSITION - YES",,0,0,4,4,,
9/14/2021,"OKMULGEE","CHECOTAH PUBLIC SCHOOLS INDEPENDENT SCHOOL DISTRICT NO. 019",54601,"PROPOSITION  CHECOTAH PUBLIC SCHOOLS",,1,1,2,"AGAINST THE PROPOSITION - NO",,0,0,0,0,,
9/14/2021,"OKMULGEE","GRAHAM-DUSTIN PUBLIC SCHOOLS INDEPENDENT SCHOOL DISTRICT NO. 054",55401,"PROPOSITION NO. 1  GRAHAM-DUSTIN PUBLIC SCHOOLS",,1,1,1,"FOR THE PROPOSITION - YES",,0,2,5,7,,
9/14/2021,"OKMULGEE","GRAHAM-DUSTIN PUBLIC SCHOOLS INDEPENDENT SCHOOL DISTRICT NO. 054",55401,"PROPOSITION NO. 1  GRAHAM-DUSTIN PUBLIC SCHOOLS",,1,1,2,"AGAINST THE PROPOSITION - NO",,0,0,5,5,,
9/14/2021,"OKMULGEE","GRAHAM-DUSTIN PUBLIC SCHOOLS INDEPENDENT SCHOOL DISTRICT NO. 054",55402,"PROPOSITION NO. 2  GRAHAM-DUSTIN PUBLIC SCHOOLS",,1,1,1,"FOR THE PROPOSITION - YES",,0,2,5,7,,
9/14/2021,"OKMULGEE","GRAHAM-DUSTIN PUBLIC SCHOOLS INDEPENDENT SCHOOL DISTRICT NO. 054",55402,"PROPOSITION NO. 2  GRAHAM-DUSTIN PUBLIC SCHOOLS",,1,1,2,"AGAINST THE PROPOSITION - NO",,0,0,5,5,,
9/14/2021,"OKMULGEE","BEGGS PUBLIC SCHOOLS INDEPENDENT SCHOOL DISTRICT NO. 004",55601,"PROPOSITION NO. 1  BEGGS PUBLIC SCHOOLS",,5,5,1,"FOR THE PROPOSITION - YES",,11,1,270,282,,
9/14/2021,"OKMULGEE","BEGGS PUBLIC SCHOOLS INDEPENDENT SCHOOL DISTRICT NO. 004",55601,"PROPOSITION NO. 1  BEGGS PUBLIC SCHOOLS",,5,5,2,"AGAINST THE PROPOSITION - NO",,14,1,76,91,,
9/14/2021,"OKMULGEE","BEGGS PUBLIC SCHOOLS INDEPENDENT SCHOOL DISTRICT NO. 004",55602,"PROPOSITION NO. 2  BEGGS PUBLIC SCHOOLS",,5,5,1,"FOR THE PROPOSITION - YES",,11,2,271,284,,
9/14/2021,"OKMULGEE","BEGGS PUBLIC SCHOOLS INDEPENDENT SCHOOL DISTRICT NO. 004",55602,"PROPOSITION NO. 2  BEGGS PUBLIC SCHOOLS",,5,5,2,"AGAINST THE PROPOSITION - NO",,14,0,75,89,,
9/14/2021,"PAWNEE","PAWNEE COUNTY",11002,"FOR COUNTY COMMISSIONER DISTRICT NO. 3 (UNEXPIRED TERM)",REP,3,3,1,"BARRY DONNELLY",REP,0,5,96,101,PAWNEE
9/14/2021,"PAWNEE","PAWNEE COUNTY",11002,"FOR COUNTY COMMISSIONER DISTRICT NO. 3 (UNEXPIRED TERM)",REP,3,3,2,"RAYMOND LEACH",REP,0,0,95,95,PAWNEE
9/14/2021,"PAWNEE","CITY OF PAWNEE",45901,"FOR MAYOR (UNEXPIRED TERM)  CITY OF PAWNEE",,1,1,1,"MARK BRUMFIELD",,6,29,165,200,PAWNEE
9/14/2021,"PAWNEE","CITY OF PAWNEE",45901,"FOR MAYOR (UNEXPIRED TERM)  CITY OF PAWNEE",,1,1,2,"ALICE ELIZABETH COTTLE",,3,48,226,277,PAWNEE
9/14/2021,"PAWNEE","PAWNEE PUBLIC SCHOOLS INDEPENDENT SCHOOL DISTRICT NO. 001",55901,"PROPOSITION  PAWNEE PUBLIC SCHOOLS",,3,3,1,"FOR THE PROPOSITION - YES",,13,124,548,685,,
9/14/2021,"PAWNEE","PAWNEE PUBLIC SCHOOLS INDEPENDENT SCHOOL DISTRICT NO. 001",55901,"PROPOSITION  PAWNEE PUBLIC SCHOOLS",,3,3,2,"AGAINST THE PROPOSITION - NO",,5,25,196,226,,
9/14/2021,"PAYNE","OAK GROVE PUBLIC SCHOOL ELEMENTARY SCHOOL DISTRICT NO. 104",56001,"PROPOSITION  OAK GROVE PUBLIC SCHOOL",,1,1,1,"FOR THE PROPOSITION - YES",,0,0,57,57,,
9/14/2021,"PAYNE","OAK GROVE PUBLIC SCHOOL ELEMENTARY SCHOOL DISTRICT NO. 104",56001,"PROPOSITION  OAK GROVE PUBLIC SCHOOL",,1,1,2,"AGAINST THE PROPOSITION - NO",,0,0,1,1,,
9/14/2021,"PITTSBURG","CITY OF HARTSHORNE",46101,"FOR COUNCILMEMBER, WARD NO. 2 (UNEXPIRED TERM)  CITY OF HARTSHORNE",,4,4,1,"BARNEY ROSSO",,3,0,41,44,PITTSBURG
9/14/2021,"PITTSBURG","CITY OF HARTSHORNE",46101,"FOR COUNCILMEMBER, WARD NO. 2 (UNEXPIRED TERM)  CITY OF HARTSHORNE",,4,4,2,"CODY WILSON",,0,4,98,102,PITTSBURG
9/14/2021,"PITTSBURG","CITY OF MCALESTER",46103,"FOR COUNCILMAN WARD 4 (UNEXPIRED TERM)  CITY OF MCALESTER",,5,5,1,"LANCE YELEY",,1,0,51,52,PITTSBURG
9/14/2021,"PITTSBURG","CITY OF MCALESTER",46103,"FOR COUNCILMAN WARD 4 (UNEXPIRED TERM)  CITY OF MCALESTER",,5,5,2,"RANDY RODEN",,5,6,115,126,PITTSBURG
9/14/2021,"PITTSBURG","QUINTON PUBLIC SCHOOLS INDEPENDENT SCHOOL DISTRICT NO. 017",56101,"PROPOSITION  QUINTON PUBLIC SCHOOLS",,4,4,1,"FOR THE PROPOSITION - YES",,3,0,150,153,,
9/14/2021,"PITTSBURG","QUINTON PUBLIC SCHOOLS INDEPENDENT SCHOOL DISTRICT NO. 017",56101,"PROPOSITION  QUINTON PUBLIC SCHOOLS",,4,4,2,"AGAINST THE PROPOSITION - NO",,4,3,98,105,,
9/14/2021,"PONTOTOC","ADA PUBLIC SCHOOLS INDEPENDENT SCHOOL DISTRICT NO. 019",56201,"PROPOSITION NO. 1  ADA PUBLIC SCHOOLS",,8,8,1,"FOR THE PROPOSITION - YES",,23,10,528,561,,
9/14/2021,"PONTOTOC","ADA PUBLIC SCHOOLS INDEPENDENT SCHOOL DISTRICT NO. 019",56201,"PROPOSITION NO. 1  ADA PUBLIC SCHOOLS",,8,8,2,"AGAINST THE PROPOSITION - NO",,17,6,214,237,,
9/14/2021,"PONTOTOC","ADA PUBLIC SCHOOLS INDEPENDENT SCHOOL DISTRICT NO. 019",56202,"PROPOSITION NO. 2  ADA PUBLIC SCHOOLS",,8,8,1,"FOR THE PROPOSITION - YES",,25,11,548,584,,
9/14/2021,"PONTOTOC","ADA PUBLIC SCHOOLS INDEPENDENT SCHOOL DISTRICT NO. 019",56202,"PROPOSITION NO. 2  ADA PUBLIC SCHOOLS",,8,8,2,"AGAINST THE PROPOSITION - NO",,16,6,203,225,,
9/14/2021,"POTTAWATOMIE","TOWN OF BETHEL ACRES",46301,"PROPOSITION  TOWN OF BETHEL ACRES",,4,4,1,"FOR THE PROPOSITION - YES",,16,0,108,124,,
9/14/2021,"POTTAWATOMIE","TOWN OF BETHEL ACRES",46301,"PROPOSITION  TOWN OF BETHEL ACRES",,4,4,2,"AGAINST THE PROPOSITION - NO",,18,1,7,26,,
9/14/2021,"POTTAWATOMIE","TOWN OF ASHER",46302,"FOR BOARD OF TRUSTEES (UNEXPIRED TERM)  TOWN OF ASHER",,2,2,1,"ROBBY MOSLEY",,0,0,6,6,POTTAWATOMIE
9/14/2021,"POTTAWATOMIE","TOWN OF ASHER",46302,"FOR BOARD OF TRUSTEES (UNEXPIRED TERM)  TOWN OF ASHER",,2,2,2,"WESLEY CULWELL JR",,0,0,5,5,POTTAWATOMIE
9/14/2021,"POTTAWATOMIE","TOWN OF ASHER",46302,"FOR BOARD OF TRUSTEES (UNEXPIRED TERM)  TOWN OF ASHER",,2,2,3,"KENNY TAYLOR",,0,0,0,0,POTTAWATOMIE
9/14/2021,"ROGERS","INOLA PUBLIC SCHOOLS INDEPENDENT SCHOOL DISTRICT NO. 005",56601,"PROPOSITION  INOLA PUBLIC SCHOOLS",,3,3,1,"FOR THE PROPOSITION - YES",,14,0,266,280,,
9/14/2021,"ROGERS","INOLA PUBLIC SCHOOLS INDEPENDENT SCHOOL DISTRICT NO. 005",56601,"PROPOSITION  INOLA PUBLIC SCHOOLS",,3,3,2,"AGAINST THE PROPOSITION - NO",,3,0,32,35,,
9/14/2021,"ROGERS","COLLINSVILLE PUBLIC SCHOOLS INDEPENDENT SCHOOL DISTRICT NO. 006",57201,"PROPOSITION  COLLINSVILLE PUBLIC SCHOOLS",,2,2,1,"FOR THE PROPOSITION - YES",,12,0,45,57,,
9/14/2021,"ROGERS","COLLINSVILLE PUBLIC SCHOOLS INDEPENDENT SCHOOL DISTRICT NO. 006",57201,"PROPOSITION  COLLINSVILLE PUBLIC SCHOOLS",,2,2,2,"AGAINST THE PROPOSITION - NO",,13,0,8,21,,
9/14/2021,"TEXAS","TOWN OF HARDESTY",47001,"FOR BOARD OF TRUSTEES  TOWN OF HARDESTY",,1,1,1,"BRUCE WOOD",,0,0,8,8,TEXAS
9/14/2021,"TEXAS","TOWN OF HARDESTY",47001,"FOR BOARD OF TRUSTEES  TOWN OF HARDESTY",,1,1,2,"JASON COLPETZER",,0,0,11,11,TEXAS
9/14/2021,"TILLMAN","CITY OF GRANDFIELD",47101,"PROPOSITION  CITY OF GRANDFIELD",,1,1,1,"FOR THE PROPOSITION - YES",,0,0,19,19,,
9/14/2021,"TILLMAN","CITY OF GRANDFIELD",47101,"PROPOSITION  CITY OF GRANDFIELD",,1,1,2,"AGAINST THE PROPOSITION - NO",,0,0,4,4,,
9/14/2021,"TULSA","COLLINSVILLE PUBLIC SCHOOLS INDEPENDENT SCHOOL DISTRICT NO. 006",57201,"PROPOSITION  COLLINSVILLE PUBLIC SCHOOLS",,6,6,1,"FOR THE PROPOSITION - YES",,42,0,561,603,,
9/14/2021,"TULSA","COLLINSVILLE PUBLIC SCHOOLS INDEPENDENT SCHOOL DISTRICT NO. 006",57201,"PROPOSITION  COLLINSVILLE PUBLIC SCHOOLS",,6,6,2,"AGAINST THE PROPOSITION - NO",,16,0,39,55,,
9/14/2021,"WAGONER","CITY OF COWETA",47301,"PROPOSITION  CITY OF COWETA",,5,5,1,"FOR THE PROPOSITION - YES",,22,2,356,380,,
9/14/2021,"WAGONER","CITY OF COWETA",47301,"PROPOSITION  CITY OF COWETA",,5,5,2,"AGAINST THE PROPOSITION - NO",,6,4,131,141,,
9/14/2021,"WAGONER","INOLA PUBLIC SCHOOLS INDEPENDENT SCHOOL DISTRICT NO. 005",56601,"PROPOSITION  INOLA PUBLIC SCHOOLS",,2,2,1,"FOR THE PROPOSITION - YES",,0,0,3,3,,
9/14/2021,"WAGONER","INOLA PUBLIC SCHOOLS INDEPENDENT SCHOOL DISTRICT NO. 005",56601,"PROPOSITION  INOLA PUBLIC SCHOOLS",,2,2,2,"AGAINST THE PROPOSITION - NO",,0,0,0,0,,
9/14/2021,"WASHINGTON","COLLINSVILLE PUBLIC SCHOOLS INDEPENDENT SCHOOL DISTRICT NO. 006",57201,"PROPOSITION  COLLINSVILLE PUBLIC SCHOOLS",,1,1,1,"FOR THE PROPOSITION - YES",,0,0,3,3,,
9/14/2021,"WASHINGTON","COLLINSVILLE PUBLIC SCHOOLS INDEPENDENT SCHOOL DISTRICT NO. 006",57201,"PROPOSITION  COLLINSVILLE PUBLIC SCHOOLS",,1,1,2,"AGAINST THE PROPOSITION - NO",,0,0,0,0,,
9/14/2021,"WOODS","TOWN OF FREEDOM",47601,"FOR BOARD OF TRUSTEES, OFFICE NO. 3  TOWN OF FREEDOM",,1,1,1,"MICHELLE SHELITE",,1,3,42,46,WOODS
9/14/2021,"WOODS","TOWN OF FREEDOM",47601,"FOR BOARD OF TRUSTEES, OFFICE NO. 3  TOWN OF FREEDOM",,1,1,2,"SHAD BRACKIN",,1,0,40,41,WOODS
9/14/2021,"WOODS","FREEDOM PUBLIC SCHOOLS INDEPENDENT SCHOOL DISTRICT NO. 006",57601,"PROPOSITION  FREEDOM PUBLIC SCHOOLS",,2,2,1,"FOR THE PROPOSITION - YES",,3,3,84,90,,
9/14/2021,"WOODS","FREEDOM PUBLIC SCHOOLS INDEPENDENT SCHOOL DISTRICT NO. 006",57601,"PROPOSITION  FREEDOM PUBLIC SCHOOLS",,2,2,2,"AGAINST THE PROPOSITION - NO",,2,2,60,64,,
9/14/2021,"WOODWARD","FREEDOM PUBLIC SCHOOLS INDEPENDENT SCHOOL DISTRICT NO. 006",57601,"PROPOSITION  FREEDOM PUBLIC SCHOOLS",,1,1,1,"FOR THE PROPOSITION - YES",,0,0,4,4,,
9/14/2021,"WOODWARD","FREEDOM PUBLIC SCHOOLS INDEPENDENT SCHOOL DISTRICT NO. 006",57601,"PROPOSITION  FREEDOM PUBLIC SCHOOLS",,1,1,2,"AGAINST THE PROPOSITION - NO",,0,0,4,4,,
