elec_date,county,entity_description,race_number,race_description,race_party,tot_race_prec,race_prec_reporting,cand_number,cand_name,cand_party,cand_absmail_votes,cand_early_votes,cand_elecday_votes,cand_tot_votes,race_county_owner
8/26/2014,"ADAIR","ADAIR COUNTY",11006,"FOR SUPERINTENDENT OF PUBLIC INSTRUCTION",DEM,17,17,1,"JOHN COX",DEM,17,40,638,695,,
8/26/2014,"ADAIR","ADAIR COUNTY",11006,"FOR SUPERINTENDENT OF PUBLIC INSTRUCTION",DEM,17,17,2,"FREDA DESKIN",DEM,5,2,68,75,,
8/26/2014,"ADAIR","ADAIR COUNTY",11011,"FOR UNITED STATES SENATOR (UNEXPIRED TERM)",DEM,17,17,1,"CONNIE JOHNSON",DEM,10,24,214,248,,
8/26/2014,"ADAIR","ADAIR COUNTY",11011,"FOR UNITED STATES SENATOR (UNEXPIRED TERM)",DEM,17,17,2,"JIM ROGERS",DEM,12,17,474,503,,
8/26/2014,"ALFALFA","ALFALFA COUNTY",11006,"FOR SUPERINTENDENT OF PUBLIC INSTRUCTION",DEM,7,7,1,"JOHN COX",DEM,4,6,61,71,,
8/26/2014,"ALFALFA","ALFALFA COUNTY",11006,"FOR SUPERINTENDENT OF PUBLIC INSTRUCTION",DEM,7,7,2,"FREDA DESKIN",DEM,3,2,27,32,,
8/26/2014,"ALFALFA","ALFALFA COUNTY",11011,"FOR UNITED STATES SENATOR (UNEXPIRED TERM)",DEM,7,7,1,"CONNIE JOHNSON",DEM,4,5,31,40,,
8/26/2014,"ALFALFA","ALFALFA COUNTY",11011,"FOR UNITED STATES SENATOR (UNEXPIRED TERM)",DEM,7,7,2,"JIM ROGERS",DEM,3,3,55,61,,
8/26/2014,"ATOKA","ATOKA COUNTY",11006,"FOR SUPERINTENDENT OF PUBLIC INSTRUCTION",DEM,17,17,1,"JOHN COX",DEM,10,35,273,318,,
8/26/2014,"ATOKA","ATOKA COUNTY",11006,"FOR SUPERINTENDENT OF PUBLIC INSTRUCTION",DEM,17,17,2,"FREDA DESKIN",DEM,3,6,31,40,,
8/26/2014,"ATOKA","ATOKA COUNTY",11011,"FOR UNITED STATES SENATOR (UNEXPIRED TERM)",DEM,17,17,1,"CONNIE JOHNSON",DEM,11,16,79,106,,
8/26/2014,"ATOKA","ATOKA COUNTY",11011,"FOR UNITED STATES SENATOR (UNEXPIRED TERM)",DEM,17,17,2,"JIM ROGERS",DEM,2,24,205,231,,
8/26/2014,"ATOKA","ROCK CREEK PUBLIC SCHOOLS INDEPENDENT SCHOOL DISTRICT NO. 002",50701,"PROPOSITION  ROCK CREEK PUBLIC SCHOOLS",,2,2,1,"FOR THE PROPOSITION - YES",,0,0,0,0,,
8/26/2014,"ATOKA","ROCK CREEK PUBLIC SCHOOLS INDEPENDENT SCHOOL DISTRICT NO. 002",50701,"PROPOSITION  ROCK CREEK PUBLIC SCHOOLS",,2,2,2,"AGAINST THE PROPOSITION - NO",,0,0,0,0,,
8/26/2014,"ATOKA","WAPANUCKA PUBLIC SCHOOLS INDEPENDENT SCHOOL DISTRICT NO. 037",53501,"PROPOSITION  WAPANUCKA PUBLIC SCHOOLS",,1,1,1,"FOR THE PROPOSITION - YES",,0,0,9,9,,
8/26/2014,"ATOKA","WAPANUCKA PUBLIC SCHOOLS INDEPENDENT SCHOOL DISTRICT NO. 037",53501,"PROPOSITION  WAPANUCKA PUBLIC SCHOOLS",,1,1,2,"AGAINST THE PROPOSITION - NO",,0,0,9,9,,
8/26/2014,"BEAVER","BEAVER COUNTY",11006,"FOR SUPERINTENDENT OF PUBLIC INSTRUCTION",DEM,7,7,1,"JOHN COX",DEM,4,6,69,79,,
8/26/2014,"BEAVER","BEAVER COUNTY",11006,"FOR SUPERINTENDENT OF PUBLIC INSTRUCTION",DEM,7,7,2,"FREDA DESKIN",DEM,0,4,32,36,,
8/26/2014,"BEAVER","BEAVER COUNTY",11011,"FOR UNITED STATES SENATOR (UNEXPIRED TERM)",DEM,7,7,1,"CONNIE JOHNSON",DEM,2,4,37,43,,
8/26/2014,"BEAVER","BEAVER COUNTY",11011,"FOR UNITED STATES SENATOR (UNEXPIRED TERM)",DEM,7,7,2,"JIM ROGERS",DEM,1,6,56,63,,
8/26/2014,"BEAVER","BEAVER COUNTY",12102,"FOR STATE REPRESENTATIVE DISTRICT 61",REP,7,7,1,"CASEY MURDOCK",REP,13,26,438,477,,
8/26/2014,"BEAVER","BEAVER COUNTY",12102,"FOR STATE REPRESENTATIVE DISTRICT 61",REP,7,7,2,"KENNY BOB TAPP",REP,13,21,262,296,,
8/26/2014,"BEAVER","BEAVER COUNTY",12430,"FOR COUNTY COMMISSIONER DISTRICT NO. 3",REP,2,2,1,"FRANK KING",REP,7,6,211,224,BEAVER
8/26/2014,"BEAVER","BEAVER COUNTY",12430,"FOR COUNTY COMMISSIONER DISTRICT NO. 3",REP,2,2,2,"ROBERT MARSHALL",REP,3,1,173,177,BEAVER
8/26/2014,"BEAVER","TURPIN PUBLIC SCHOOLS INDEPENDENT SCHOOL DISTRICT NO. 128",50401,"PROPOSITION  TURPIN PUBLIC SCHOOLS",,3,3,1,"FOR THE PROPOSITION - YES",,3,3,202,208,,
8/26/2014,"BEAVER","TURPIN PUBLIC SCHOOLS INDEPENDENT SCHOOL DISTRICT NO. 128",50401,"PROPOSITION  TURPIN PUBLIC SCHOOLS",,3,3,2,"AGAINST THE PROPOSITION - NO",,5,6,132,143,,
8/26/2014,"BECKHAM","BECKHAM COUNTY",11006,"FOR SUPERINTENDENT OF PUBLIC INSTRUCTION",DEM,13,13,1,"JOHN COX",DEM,13,8,147,168,,
8/26/2014,"BECKHAM","BECKHAM COUNTY",11006,"FOR SUPERINTENDENT OF PUBLIC INSTRUCTION",DEM,13,13,2,"FREDA DESKIN",DEM,3,2,75,80,,
8/26/2014,"BECKHAM","BECKHAM COUNTY",11011,"FOR UNITED STATES SENATOR (UNEXPIRED TERM)",DEM,13,13,1,"CONNIE JOHNSON",DEM,11,7,118,136,,
8/26/2014,"BECKHAM","BECKHAM COUNTY",11011,"FOR UNITED STATES SENATOR (UNEXPIRED TERM)",DEM,13,13,2,"JIM ROGERS",DEM,4,3,98,105,,
8/26/2014,"BLAINE","OKLAHOMA DEPARTMENT OF CAREER AND TECHNOLOGY EDUCATION",6061,"PROPOSITION OKEENE PUBLIC SCHOOLS",,2,2,1,"FOR THE PROPOSITION - YES",,1,2,81,84,,
8/26/2014,"BLAINE","OKLAHOMA DEPARTMENT OF CAREER AND TECHNOLOGY EDUCATION",6061,"PROPOSITION OKEENE PUBLIC SCHOOLS",,2,2,2,"AGAINST THE PROPOSITION - NO",,4,0,145,149,,
8/26/2014,"BLAINE","BLAINE COUNTY",11006,"FOR SUPERINTENDENT OF PUBLIC INSTRUCTION",DEM,9,9,1,"JOHN COX",DEM,7,4,178,189,,
8/26/2014,"BLAINE","BLAINE COUNTY",11006,"FOR SUPERINTENDENT OF PUBLIC INSTRUCTION",DEM,9,9,2,"FREDA DESKIN",DEM,3,6,65,74,,
8/26/2014,"BLAINE","BLAINE COUNTY",11011,"FOR UNITED STATES SENATOR (UNEXPIRED TERM)",DEM,9,9,1,"CONNIE JOHNSON",DEM,9,7,108,124,,
8/26/2014,"BLAINE","BLAINE COUNTY",11011,"FOR UNITED STATES SENATOR (UNEXPIRED TERM)",DEM,9,9,2,"JIM ROGERS",DEM,1,3,131,135,,
8/26/2014,"BRYAN","BRYAN COUNTY",11006,"FOR SUPERINTENDENT OF PUBLIC INSTRUCTION",DEM,22,22,1,"JOHN COX",DEM,29,25,615,669,,
8/26/2014,"BRYAN","BRYAN COUNTY",11006,"FOR SUPERINTENDENT OF PUBLIC INSTRUCTION",DEM,22,22,2,"FREDA DESKIN",DEM,23,6,197,226,,
8/26/2014,"BRYAN","BRYAN COUNTY",11011,"FOR UNITED STATES SENATOR (UNEXPIRED TERM)",DEM,22,22,1,"CONNIE JOHNSON",DEM,28,12,291,331,,
8/26/2014,"BRYAN","BRYAN COUNTY",11011,"FOR UNITED STATES SENATOR (UNEXPIRED TERM)",DEM,22,22,2,"JIM ROGERS",DEM,23,17,479,519,,
8/26/2014,"BRYAN","ROCK CREEK PUBLIC SCHOOLS INDEPENDENT SCHOOL DISTRICT NO. 002",50701,"PROPOSITION  ROCK CREEK PUBLIC SCHOOLS",,9,9,1,"FOR THE PROPOSITION - YES",,1,3,165,169,,
8/26/2014,"BRYAN","ROCK CREEK PUBLIC SCHOOLS INDEPENDENT SCHOOL DISTRICT NO. 002",50701,"PROPOSITION  ROCK CREEK PUBLIC SCHOOLS",,9,9,2,"AGAINST THE PROPOSITION - NO",,2,4,134,140,,
8/26/2014,"CADDO","CADDO COUNTY",11006,"FOR SUPERINTENDENT OF PUBLIC INSTRUCTION",DEM,20,20,1,"JOHN COX",DEM,33,24,533,590,,
8/26/2014,"CADDO","CADDO COUNTY",11006,"FOR SUPERINTENDENT OF PUBLIC INSTRUCTION",DEM,20,20,2,"FREDA DESKIN",DEM,10,7,193,210,,
8/26/2014,"CADDO","CADDO COUNTY",11011,"FOR UNITED STATES SENATOR (UNEXPIRED TERM)",DEM,20,20,1,"CONNIE JOHNSON",DEM,21,16,302,339,,
8/26/2014,"CADDO","CADDO COUNTY",11011,"FOR UNITED STATES SENATOR (UNEXPIRED TERM)",DEM,20,20,2,"JIM ROGERS",DEM,22,15,412,449,,
8/26/2014,"CADDO","CADDO COUNTY",12106,"FOR STATE REPRESENTATIVE DISTRICT 65",REP,3,3,1,"SCOTT HAYES",REP,2,0,46,48,,
8/26/2014,"CADDO","CADDO COUNTY",12106,"FOR STATE REPRESENTATIVE DISTRICT 65",REP,3,3,2,"SCOOTER PARK",REP,3,2,57,62,,
8/26/2014,"CADDO","CORDELL PUBLIC SCHOOLS INDEPENDENT SCHOOL DISTRICT NO. 078",57501,"PROPOSITION  CORDELL PUBLIC SCHOOLS",,1,1,1,"FOR THE PROPOSITION - YES",,0,0,0,0,,
8/26/2014,"CADDO","CORDELL PUBLIC SCHOOLS INDEPENDENT SCHOOL DISTRICT NO. 078",57501,"PROPOSITION  CORDELL PUBLIC SCHOOLS",,1,1,2,"AGAINST THE PROPOSITION - NO",,0,0,0,0,,
8/26/2014,"CANADIAN","CANADIAN COUNTY",11006,"FOR SUPERINTENDENT OF PUBLIC INSTRUCTION",DEM,50,50,1,"JOHN COX",DEM,37,12,689,738,,
8/26/2014,"CANADIAN","CANADIAN COUNTY",11006,"FOR SUPERINTENDENT OF PUBLIC INSTRUCTION",DEM,50,50,2,"FREDA DESKIN",DEM,45,9,506,560,,
8/26/2014,"CANADIAN","CANADIAN COUNTY",11011,"FOR UNITED STATES SENATOR (UNEXPIRED TERM)",DEM,50,50,1,"CONNIE JOHNSON",DEM,54,15,733,802,,
8/26/2014,"CANADIAN","CANADIAN COUNTY",11011,"FOR UNITED STATES SENATOR (UNEXPIRED TERM)",DEM,50,50,2,"JIM ROGERS",DEM,27,5,445,477,,
8/26/2014,"CANADIAN","CANADIAN COUNTY",12027,"FOR STATE SENATOR DISTRICT 22",REP,13,13,1,"STEPHANIE BICE",REP,57,12,1173,1242,,
8/26/2014,"CANADIAN","CANADIAN COUNTY",12027,"FOR STATE SENATOR DISTRICT 22",REP,13,13,2,"MARK THOMAS",REP,53,14,1378,1445,,
8/26/2014,"CANADIAN","CANADIAN COUNTY",12084,"FOR STATE REPRESENTATIVE DISTRICT 43",REP,12,12,1,"JOHN PAUL JORDAN",REP,57,21,1264,1342,,
8/26/2014,"CANADIAN","CANADIAN COUNTY",12084,"FOR STATE REPRESENTATIVE DISTRICT 43",REP,12,12,2,"JONATHAN CLOUR",REP,40,3,562,605,,
8/26/2014,"CANADIAN","CANADIAN COUNTY",12345,"FOR COUNTY COMMISSIONER DISTRICT NO. 1",REP,15,15,1,"MARC HADER",REP,42,15,1284,1341,CANADIAN
8/26/2014,"CANADIAN","CANADIAN COUNTY",12345,"FOR COUNTY COMMISSIONER DISTRICT NO. 1",REP,15,15,2,"WESLEY HIGGINS",REP,35,20,872,927,CANADIAN
8/26/2014,"CANADIAN","UNION CITY PUBLIC SCHOOLS INDEPENDENT SCHOOL DISTRICT NO. 057",50901,"PROPOSITION  UNION CITY PUBLIC SCHOOLS",,4,4,1,"FOR THE PROPOSITION - YES",,2,1,95,98,,
8/26/2014,"CANADIAN","UNION CITY PUBLIC SCHOOLS INDEPENDENT SCHOOL DISTRICT NO. 057",50901,"PROPOSITION  UNION CITY PUBLIC SCHOOLS",,4,4,2,"AGAINST THE PROPOSITION - NO",,1,0,80,81,,
8/26/2014,"CANADIAN","OKARCHE PUBLIC SCHOOLS INDEPENDENT SCHOOL DISTRICT NO. 105",53701,"PROPOSITION  OKARCHE PUBLIC SCHOOLS",,5,5,1,"FOR THE PROPOSITION - YES",,0,0,70,70,,
8/26/2014,"CANADIAN","OKARCHE PUBLIC SCHOOLS INDEPENDENT SCHOOL DISTRICT NO. 105",53701,"PROPOSITION  OKARCHE PUBLIC SCHOOLS",,5,5,2,"AGAINST THE PROPOSITION - NO",,2,0,48,50,,
8/26/2014,"CARTER","CARTER COUNTY",11006,"FOR SUPERINTENDENT OF PUBLIC INSTRUCTION",DEM,25,25,1,"JOHN COX",DEM,37,11,340,388,,
8/26/2014,"CARTER","CARTER COUNTY",11006,"FOR SUPERINTENDENT OF PUBLIC INSTRUCTION",DEM,25,25,2,"FREDA DESKIN",DEM,19,16,222,257,,
8/26/2014,"CARTER","CARTER COUNTY",11011,"FOR UNITED STATES SENATOR (UNEXPIRED TERM)",DEM,25,25,1,"CONNIE JOHNSON",DEM,24,19,269,312,,
8/26/2014,"CARTER","CARTER COUNTY",11011,"FOR UNITED STATES SENATOR (UNEXPIRED TERM)",DEM,25,25,2,"JIM ROGERS",DEM,32,8,282,322,,
8/26/2014,"CHEROKEE","CHEROKEE COUNTY",11006,"FOR SUPERINTENDENT OF PUBLIC INSTRUCTION",DEM,24,24,1,"JOHN COX",DEM,87,185,1911,2183,,
8/26/2014,"CHEROKEE","CHEROKEE COUNTY",11006,"FOR SUPERINTENDENT OF PUBLIC INSTRUCTION",DEM,24,24,2,"FREDA DESKIN",DEM,31,35,390,456,,
8/26/2014,"CHEROKEE","CHEROKEE COUNTY",11011,"FOR UNITED STATES SENATOR (UNEXPIRED TERM)",DEM,24,24,1,"CONNIE JOHNSON",DEM,39,95,909,1043,,
8/26/2014,"CHEROKEE","CHEROKEE COUNTY",11011,"FOR UNITED STATES SENATOR (UNEXPIRED TERM)",DEM,24,24,2,"JIM ROGERS",DEM,73,117,1339,1529,,
8/26/2014,"CHEROKEE","CHEROKEE COUNTY",11437,"FOR COUNTY COMMISSIONER DISTRICT NO. 3",DEM,7,7,1,"N. DEAN MARTIN",DEM,7,44,561,612,CHEROKEE
8/26/2014,"CHEROKEE","CHEROKEE COUNTY",11437,"FOR COUNTY COMMISSIONER DISTRICT NO. 3",DEM,7,7,2,"CLIF HALL",DEM,99,42,612,753,CHEROKEE
8/26/2014,"CHEROKEE","LOWREY PUBLIC SCHOOLS ELEMENTARY SCHOOL DISTRICT NO. 010",51101,"PROPOSITION  LOWREY PUBLIC SCHOOLS",,4,4,1,"FOR THE PROPOSITION - YES",,0,5,77,82,,
8/26/2014,"CHEROKEE","LOWREY PUBLIC SCHOOLS ELEMENTARY SCHOOL DISTRICT NO. 010",51101,"PROPOSITION  LOWREY PUBLIC SCHOOLS",,4,4,2,"AGAINST THE PROPOSITION - NO",,0,1,17,18,,
8/26/2014,"CHOCTAW","CHOCTAW COUNTY",11006,"FOR SUPERINTENDENT OF PUBLIC INSTRUCTION",DEM,17,17,1,"JOHN COX",DEM,6,24,272,302,,
8/26/2014,"CHOCTAW","CHOCTAW COUNTY",11006,"FOR SUPERINTENDENT OF PUBLIC INSTRUCTION",DEM,17,17,2,"FREDA DESKIN",DEM,11,11,103,125,,
8/26/2014,"CHOCTAW","CHOCTAW COUNTY",11011,"FOR UNITED STATES SENATOR (UNEXPIRED TERM)",DEM,17,17,1,"CONNIE JOHNSON",DEM,8,13,129,150,,
8/26/2014,"CHOCTAW","CHOCTAW COUNTY",11011,"FOR UNITED STATES SENATOR (UNEXPIRED TERM)",DEM,17,17,2,"JIM ROGERS",DEM,9,21,230,260,,
8/26/2014,"CHOCTAW","FORT TOWSON PUBLIC SCHOOLS INDEPENDENT SCHOOL DISTRICT NO. 002",51201,"PROPOSITION  FORT TOWSON PUBLIC SCHOOLS",,6,6,1,"FOR THE PROPOSITION - YES",,4,6,86,96,,
8/26/2014,"CHOCTAW","FORT TOWSON PUBLIC SCHOOLS INDEPENDENT SCHOOL DISTRICT NO. 002",51201,"PROPOSITION  FORT TOWSON PUBLIC SCHOOLS",,6,6,2,"AGAINST THE PROPOSITION - NO",,6,3,96,105,,
8/26/2014,"CIMARRON","CIMARRON COUNTY",11006,"FOR SUPERINTENDENT OF PUBLIC INSTRUCTION",DEM,6,6,1,"JOHN COX",DEM,1,11,41,53,,
8/26/2014,"CIMARRON","CIMARRON COUNTY",11006,"FOR SUPERINTENDENT OF PUBLIC INSTRUCTION",DEM,6,6,2,"FREDA DESKIN",DEM,1,2,19,22,,
8/26/2014,"CIMARRON","CIMARRON COUNTY",11011,"FOR UNITED STATES SENATOR (UNEXPIRED TERM)",DEM,6,6,1,"CONNIE JOHNSON",DEM,0,3,26,29,,
8/26/2014,"CIMARRON","CIMARRON COUNTY",11011,"FOR UNITED STATES SENATOR (UNEXPIRED TERM)",DEM,6,6,2,"JIM ROGERS",DEM,2,9,34,45,,
8/26/2014,"CIMARRON","CIMARRON COUNTY",12102,"FOR STATE REPRESENTATIVE DISTRICT 61",REP,6,6,1,"CASEY MURDOCK",REP,6,39,136,181,,
8/26/2014,"CIMARRON","CIMARRON COUNTY",12102,"FOR STATE REPRESENTATIVE DISTRICT 61",REP,6,6,2,"KENNY BOB TAPP",REP,14,35,180,229,,
8/26/2014,"CLEVELAND","CLEVELAND COUNTY",11006,"FOR SUPERINTENDENT OF PUBLIC INSTRUCTION",DEM,83,83,1,"JOHN COX",DEM,93,46,1669,1808,,
8/26/2014,"CLEVELAND","CLEVELAND COUNTY",11006,"FOR SUPERINTENDENT OF PUBLIC INSTRUCTION",DEM,83,83,2,"FREDA DESKIN",DEM,185,95,2172,2452,,
8/26/2014,"CLEVELAND","CLEVELAND COUNTY",11011,"FOR UNITED STATES SENATOR (UNEXPIRED TERM)",DEM,83,83,1,"CONNIE JOHNSON",DEM,201,119,2873,3193,,
8/26/2014,"CLEVELAND","CLEVELAND COUNTY",11011,"FOR UNITED STATES SENATOR (UNEXPIRED TERM)",DEM,83,83,2,"JIM ROGERS",DEM,73,20,918,1011,,
8/26/2014,"CLEVELAND","CLEVELAND COUNTY",12440,"FOR COUNTY COMMISSIONER DISTRICT NO. 3",REP,25,25,1,"MIKE REYNOLDS",REP,60,14,867,941,CLEVELAND
8/26/2014,"CLEVELAND","CLEVELAND COUNTY",12440,"FOR COUNTY COMMISSIONER DISTRICT NO. 3",REP,25,25,2,"HAROLD HARALSON",REP,107,75,1775,1957,CLEVELAND
8/26/2014,"COAL","COAL COUNTY",11006,"FOR SUPERINTENDENT OF PUBLIC INSTRUCTION",DEM,9,9,1,"JOHN COX",DEM,13,21,161,195,,
8/26/2014,"COAL","COAL COUNTY",11006,"FOR SUPERINTENDENT OF PUBLIC INSTRUCTION",DEM,9,9,2,"FREDA DESKIN",DEM,2,7,46,55,,
8/26/2014,"COAL","COAL COUNTY",11011,"FOR UNITED STATES SENATOR (UNEXPIRED TERM)",DEM,9,9,1,"CONNIE JOHNSON",DEM,4,6,65,75,,
8/26/2014,"COAL","COAL COUNTY",11011,"FOR UNITED STATES SENATOR (UNEXPIRED TERM)",DEM,9,9,2,"JIM ROGERS",DEM,10,22,134,166,,
8/26/2014,"COAL","WAPANUCKA PUBLIC SCHOOLS INDEPENDENT SCHOOL DISTRICT NO. 037",53501,"PROPOSITION  WAPANUCKA PUBLIC SCHOOLS",,1,1,1,"FOR THE PROPOSITION - YES",,0,0,4,4,,
8/26/2014,"COAL","WAPANUCKA PUBLIC SCHOOLS INDEPENDENT SCHOOL DISTRICT NO. 037",53501,"PROPOSITION  WAPANUCKA PUBLIC SCHOOLS",,1,1,2,"AGAINST THE PROPOSITION - NO",,0,0,0,0,,
8/26/2014,"COMANCHE","COMANCHE COUNTY",11006,"FOR SUPERINTENDENT OF PUBLIC INSTRUCTION",DEM,39,39,1,"JOHN COX",DEM,48,148,1575,1771,,
8/26/2014,"COMANCHE","COMANCHE COUNTY",11006,"FOR SUPERINTENDENT OF PUBLIC INSTRUCTION",DEM,39,39,2,"FREDA DESKIN",DEM,58,94,1344,1496,,
8/26/2014,"COMANCHE","COMANCHE COUNTY",11011,"FOR UNITED STATES SENATOR (UNEXPIRED TERM)",DEM,39,39,1,"CONNIE JOHNSON",DEM,57,153,1991,2201,,
8/26/2014,"COMANCHE","COMANCHE COUNTY",11011,"FOR UNITED STATES SENATOR (UNEXPIRED TERM)",DEM,39,39,2,"JIM ROGERS",DEM,44,87,929,1060,,
8/26/2014,"COMANCHE","COMANCHE COUNTY",12106,"FOR STATE REPRESENTATIVE DISTRICT 65",REP,7,7,1,"SCOTT HAYES",REP,4,20,340,364,,
8/26/2014,"COMANCHE","COMANCHE COUNTY",12106,"FOR STATE REPRESENTATIVE DISTRICT 65",REP,7,7,2,"SCOOTER PARK",REP,1,8,186,195,,
8/26/2014,"COMANCHE","CITY OF LAWTON",41601,"PROPOSITION  CITY OF LAWTON",,28,28,1,"FOR THE PROPOSITION - YES",,143,275,3255,3673,,
8/26/2014,"COMANCHE","CITY OF LAWTON",41601,"PROPOSITION  CITY OF LAWTON",,28,28,2,"AGAINST THE PROPOSITION - NO",,37,78,927,1042,,
8/26/2014,"COTTON","COTTON COUNTY",11006,"FOR SUPERINTENDENT OF PUBLIC INSTRUCTION",DEM,9,9,1,"JOHN COX",DEM,10,20,191,221,,
8/26/2014,"COTTON","COTTON COUNTY",11006,"FOR SUPERINTENDENT OF PUBLIC INSTRUCTION",DEM,9,9,2,"FREDA DESKIN",DEM,7,5,146,158,,
8/26/2014,"COTTON","COTTON COUNTY",11011,"FOR UNITED STATES SENATOR (UNEXPIRED TERM)",DEM,9,9,1,"CONNIE JOHNSON",DEM,9,13,178,200,,
8/26/2014,"COTTON","COTTON COUNTY",11011,"FOR UNITED STATES SENATOR (UNEXPIRED TERM)",DEM,9,9,2,"JIM ROGERS",DEM,7,13,155,175,,
8/26/2014,"COTTON","COTTON COUNTY",12106,"FOR STATE REPRESENTATIVE DISTRICT 65",REP,9,9,1,"SCOTT HAYES",REP,2,3,34,39,,
8/26/2014,"COTTON","COTTON COUNTY",12106,"FOR STATE REPRESENTATIVE DISTRICT 65",REP,9,9,2,"SCOOTER PARK",REP,12,31,226,269,,
8/26/2014,"COTTON","TEMPLE PUBLIC SCHOOLS INDEPENDENT SCHOOL DISTRICT NO. 101",51701,"PROPOSITION NO. 1  TEMPLE PUBLIC SCHOOLS",,3,3,1,"FOR THE PROPOSITION - YES",,5,11,180,196,,
8/26/2014,"COTTON","TEMPLE PUBLIC SCHOOLS INDEPENDENT SCHOOL DISTRICT NO. 101",51701,"PROPOSITION NO. 1  TEMPLE PUBLIC SCHOOLS",,3,3,2,"AGAINST THE PROPOSITION - NO",,1,1,60,62,,
8/26/2014,"COTTON","TEMPLE PUBLIC SCHOOLS INDEPENDENT SCHOOL DISTRICT NO. 101",51702,"PROPOSITION NO. 2  TEMPLE PUBLIC SCHOOLS",,3,3,1,"FOR THE PROPOSITION - YES",,5,12,187,204,,
8/26/2014,"COTTON","TEMPLE PUBLIC SCHOOLS INDEPENDENT SCHOOL DISTRICT NO. 101",51702,"PROPOSITION NO. 2  TEMPLE PUBLIC SCHOOLS",,3,3,2,"AGAINST THE PROPOSITION - NO",,1,0,54,55,,
8/26/2014,"CRAIG","CRAIG COUNTY",11006,"FOR SUPERINTENDENT OF PUBLIC INSTRUCTION",DEM,12,12,1,"JOHN COX",DEM,5,16,335,356,,
8/26/2014,"CRAIG","CRAIG COUNTY",11006,"FOR SUPERINTENDENT OF PUBLIC INSTRUCTION",DEM,12,12,2,"FREDA DESKIN",DEM,3,5,64,72,,
8/26/2014,"CRAIG","CRAIG COUNTY",11011,"FOR UNITED STATES SENATOR (UNEXPIRED TERM)",DEM,12,12,1,"CONNIE JOHNSON",DEM,6,9,178,193,,
8/26/2014,"CRAIG","CRAIG COUNTY",11011,"FOR UNITED STATES SENATOR (UNEXPIRED TERM)",DEM,12,12,2,"JIM ROGERS",DEM,2,12,212,226,,
8/26/2014,"CREEK","CREEK COUNTY",11006,"FOR SUPERINTENDENT OF PUBLIC INSTRUCTION",DEM,35,35,1,"JOHN COX",DEM,35,68,1151,1254,,
8/26/2014,"CREEK","CREEK COUNTY",11006,"FOR SUPERINTENDENT OF PUBLIC INSTRUCTION",DEM,35,35,2,"FREDA DESKIN",DEM,14,52,568,634,,
8/26/2014,"CREEK","CREEK COUNTY",11011,"FOR UNITED STATES SENATOR (UNEXPIRED TERM)",DEM,35,35,1,"CONNIE JOHNSON",DEM,26,73,850,949,,
8/26/2014,"CREEK","CREEK COUNTY",11011,"FOR UNITED STATES SENATOR (UNEXPIRED TERM)",DEM,35,35,2,"JIM ROGERS",DEM,22,44,840,906,,
8/26/2014,"CREEK","CREEK COUNTY",12070,"FOR STATE REPRESENTATIVE DISTRICT 29",REP,18,18,1,"JAMES LEEWRIGHT",REP,28,24,797,849,,
8/26/2014,"CREEK","CREEK COUNTY",12070,"FOR STATE REPRESENTATIVE DISTRICT 29",REP,18,18,2,"DANI THOMPSON-FIELDS",REP,21,22,769,812,,
8/26/2014,"CREEK","CREEK COUNTY",12289,"FOR COUNTY TREASURER",REP,35,35,1,"BYRON   DAVIS",REP,46,93,1306,1445,CREEK
8/26/2014,"CREEK","CREEK COUNTY",12289,"FOR COUNTY TREASURER",REP,35,35,2,"DON  ENGLE",REP,43,102,1547,1692,CREEK
8/26/2014,"CREEK","CITY OF SAPULPA",41901,"PROPOSITION NO. 1  CITY OF SAPULPA",,20,20,1,"FOR THE PROPOSITION - YES",,34,214,1443,1691,,
8/26/2014,"CREEK","CITY OF SAPULPA",41901,"PROPOSITION NO. 1  CITY OF SAPULPA",,20,20,2,"AGAINST THE PROPOSITION - NO",,6,32,365,403,,
8/26/2014,"CREEK","CITY OF SAPULPA",41902,"PROPOSITION NO. 2  CITY OF SAPULPA",,20,20,1,"FOR THE PROPOSITION - YES",,28,203,1249,1480,,
8/26/2014,"CREEK","CITY OF SAPULPA",41902,"PROPOSITION NO. 2  CITY OF SAPULPA",,20,20,2,"AGAINST THE PROPOSITION - NO",,12,42,550,604,,
8/26/2014,"CREEK","CITY OF SAPULPA",41903,"PROPOSITION NO. 3  CITY OF SAPULPA",,20,20,1,"FOR THE PROPOSITION - YES",,33,221,1538,1792,,
8/26/2014,"CREEK","CITY OF SAPULPA",41903,"PROPOSITION NO. 3  CITY OF SAPULPA",,20,20,2,"AGAINST THE PROPOSITION - NO",,7,25,262,294,,
8/26/2014,"CREEK","CITY OF SAPULPA",41904,"PROPOSITION NO. 4  CITY OF SAPULPA",,20,20,1,"FOR THE PROPOSITION - YES",,29,197,1314,1540,,
8/26/2014,"CREEK","CITY OF SAPULPA",41904,"PROPOSITION NO. 4  CITY OF SAPULPA",,20,20,2,"AGAINST THE PROPOSITION - NO",,11,48,481,540,,
8/26/2014,"CREEK","CITY OF SAPULPA",41905,"PROPOSITION NO. 5  CITY OF SAPULPA",,20,20,1,"FOR THE PROPOSITION - YES",,37,223,1602,1862,,
8/26/2014,"CREEK","CITY OF SAPULPA",41905,"PROPOSITION NO. 5  CITY OF SAPULPA",,20,20,2,"AGAINST THE PROPOSITION - NO",,3,21,208,232,,
8/26/2014,"CREEK","CITY OF SAPULPA",41906,"PROPOSITION NO. 6  CITY OF SAPULPA",,20,20,1,"FOR THE PROPOSITION - YES",,39,230,1622,1891,,
8/26/2014,"CREEK","CITY OF SAPULPA",41906,"PROPOSITION NO. 6  CITY OF SAPULPA",,20,20,2,"AGAINST THE PROPOSITION - NO",,1,14,185,200,,
8/26/2014,"CREEK","CITY OF SAPULPA",41907,"PROPOSITION NO. 7  CITY OF SAPULPA",,20,20,1,"FOR THE PROPOSITION - YES",,27,159,1122,1308,,
8/26/2014,"CREEK","CITY OF SAPULPA",41907,"PROPOSITION NO. 7  CITY OF SAPULPA",,20,20,2,"AGAINST THE PROPOSITION - NO",,15,63,584,662,,
8/26/2014,"CREEK","CITY OF SAPULPA",41908,"PROPOSITION NO. 8  CITY OF SAPULPA",,20,20,1,"FOR THE PROPOSITION - YES",,41,205,1555,1801,,
8/26/2014,"CREEK","CITY OF SAPULPA",41908,"PROPOSITION NO. 8  CITY OF SAPULPA",,20,20,2,"AGAINST THE PROPOSITION - NO",,0,17,151,168,,
8/26/2014,"CREEK","CITY OF SAPULPA",41909,"PROPOSITION NO. 9  CITY OF SAPULPA",,20,20,1,"FOR THE PROPOSITION - YES",,33,169,1239,1441,,
8/26/2014,"CREEK","CITY OF SAPULPA",41909,"PROPOSITION NO. 9  CITY OF SAPULPA",,20,20,2,"AGAINST THE PROPOSITION - NO",,6,51,427,484,,
8/26/2014,"CREEK","CITY OF SAPULPA",41910,"PROPOSITION NO. 10  CITY OF SAPULPA",,20,20,1,"FOR THE PROPOSITION - YES",,41,213,1531,1785,,
8/26/2014,"CREEK","CITY OF SAPULPA",41910,"PROPOSITION NO. 10  CITY OF SAPULPA",,20,20,2,"AGAINST THE PROPOSITION - NO",,1,10,163,174,,
8/26/2014,"CREEK","CITY OF SAPULPA",41911,"PROPOSITION NO. 11  CITY OF SAPULPA",,20,20,1,"FOR THE PROPOSITION - YES",,41,211,1580,1832,,
8/26/2014,"CREEK","CITY OF SAPULPA",41911,"PROPOSITION NO. 11  CITY OF SAPULPA",,20,20,2,"AGAINST THE PROPOSITION - NO",,1,13,123,137,,
8/26/2014,"CREEK","KIEFER PUBLIC SCHOOLS INDEPENDENT SCHOOL DISTRICT NO. 018",51901,"PROPOSITION NO. 1  KIEFER PUBLIC SCHOOLS",,3,3,1,"FOR THE PROPOSITION - YES",,4,6,157,167,,
8/26/2014,"CREEK","KIEFER PUBLIC SCHOOLS INDEPENDENT SCHOOL DISTRICT NO. 018",51901,"PROPOSITION NO. 1  KIEFER PUBLIC SCHOOLS",,3,3,2,"AGAINST THE PROPOSITION - NO",,3,0,32,35,,
8/26/2014,"CREEK","KIEFER PUBLIC SCHOOLS INDEPENDENT SCHOOL DISTRICT NO. 018",51902,"PROPOSITION NO. 2  KIEFER PUBLIC SCHOOLS",,3,3,1,"FOR THE PROPOSITION - YES",,4,6,153,163,,
8/26/2014,"CREEK","KIEFER PUBLIC SCHOOLS INDEPENDENT SCHOOL DISTRICT NO. 018",51902,"PROPOSITION NO. 2  KIEFER PUBLIC SCHOOLS",,3,3,2,"AGAINST THE PROPOSITION - NO",,3,0,36,39,,
8/26/2014,"CREEK","SAPULPA PUBLIC SCHOOLS INDEPENDENT SCHOOL DISTRICT NO. 033",51903,"PROPOSITION NO. 1  SAPULPA PUBLIC SCHOOLS",,14,14,1,"FOR THE PROPOSITION - YES",,33,205,1349,1587,,
8/26/2014,"CREEK","SAPULPA PUBLIC SCHOOLS INDEPENDENT SCHOOL DISTRICT NO. 033",51903,"PROPOSITION NO. 1  SAPULPA PUBLIC SCHOOLS",,14,14,2,"AGAINST THE PROPOSITION - NO",,17,42,627,686,,
8/26/2014,"CREEK","SAPULPA PUBLIC SCHOOLS INDEPENDENT SCHOOL DISTRICT NO. 033",51904,"PROPOSITION NO. 2  SAPULPA PUBLIC SCHOOLS",,14,14,1,"FOR THE PROPOSITION - YES",,34,206,1372,1612,,
8/26/2014,"CREEK","SAPULPA PUBLIC SCHOOLS INDEPENDENT SCHOOL DISTRICT NO. 033",51904,"PROPOSITION NO. 2  SAPULPA PUBLIC SCHOOLS",,14,14,2,"AGAINST THE PROPOSITION - NO",,17,43,611,671,,
8/26/2014,"CREEK","PADEN PUBLIC SCHOOLS INDEPENDENT SCHOOL DISTRICT NO. 014",55401,"PROPOSITION  PADEN PUBLIC SCHOOLS",,2,2,1,"FOR THE PROPOSITION - YES",,0,0,0,0,,
8/26/2014,"CREEK","PADEN PUBLIC SCHOOLS INDEPENDENT SCHOOL DISTRICT NO. 014",55401,"PROPOSITION  PADEN PUBLIC SCHOOLS",,2,2,2,"AGAINST THE PROPOSITION - NO",,0,0,0,0,,
8/26/2014,"CUSTER","CUSTER COUNTY",11006,"FOR SUPERINTENDENT OF PUBLIC INSTRUCTION",DEM,13,13,1,"JOHN COX",DEM,19,7,209,235,,
8/26/2014,"CUSTER","CUSTER COUNTY",11006,"FOR SUPERINTENDENT OF PUBLIC INSTRUCTION",DEM,13,13,2,"FREDA DESKIN",DEM,9,6,117,132,,
8/26/2014,"CUSTER","CUSTER COUNTY",11011,"FOR UNITED STATES SENATOR (UNEXPIRED TERM)",DEM,13,13,1,"CONNIE JOHNSON",DEM,16,7,183,206,,
8/26/2014,"CUSTER","CUSTER COUNTY",11011,"FOR UNITED STATES SENATOR (UNEXPIRED TERM)",DEM,13,13,2,"JIM ROGERS",DEM,10,6,139,155,,
8/26/2014,"DELAWARE","DELAWARE COUNTY",11006,"FOR SUPERINTENDENT OF PUBLIC INSTRUCTION",DEM,22,22,1,"JOHN COX",DEM,56,127,1230,1413,,
8/26/2014,"DELAWARE","DELAWARE COUNTY",11006,"FOR SUPERINTENDENT OF PUBLIC INSTRUCTION",DEM,22,22,2,"FREDA DESKIN",DEM,17,6,169,192,,
8/26/2014,"DELAWARE","DELAWARE COUNTY",11011,"FOR UNITED STATES SENATOR (UNEXPIRED TERM)",DEM,22,22,1,"CONNIE JOHNSON",DEM,29,47,559,635,,
8/26/2014,"DELAWARE","DELAWARE COUNTY",11011,"FOR UNITED STATES SENATOR (UNEXPIRED TERM)",DEM,22,22,2,"JIM ROGERS",DEM,43,69,771,883,,
8/26/2014,"DELAWARE","TOWN OF COLCORD",42101,"FOR BOARD OF TRUSTEES (UNEXPIRED TERM)  TOWN OF COLCORD",,1,1,1,"DANA MAMMEDATY",,1,0,19,20,DELAWARE
8/26/2014,"DELAWARE","TOWN OF COLCORD",42101,"FOR BOARD OF TRUSTEES (UNEXPIRED TERM)  TOWN OF COLCORD",,1,1,2,"TINA DENNY",,0,1,65,66,DELAWARE
8/26/2014,"DELAWARE","TOWN OF COLCORD",42101,"FOR BOARD OF TRUSTEES (UNEXPIRED TERM)  TOWN OF COLCORD",,1,1,3,"WADE ENYART",,1,1,74,76,DELAWARE
8/26/2014,"DELAWARE","TOWN OF COLCORD",42102,"FOR BOARD OF TRUSTEES (UNEXPIRED TERM)  TOWN OF COLCORD",,1,1,1,"PATSY HARTMAN",,0,0,26,26,DELAWARE
8/26/2014,"DELAWARE","TOWN OF COLCORD",42102,"FOR BOARD OF TRUSTEES (UNEXPIRED TERM)  TOWN OF COLCORD",,1,1,2,"BRETT CARTER",,1,1,58,60,DELAWARE
8/26/2014,"DELAWARE","JAY PUBLIC SCHOOLS INDEPENDENT SCHOOL DISTRICT NO. 001",52101,"PROPOSITION  JAY PUBLIC SCHOOLS",,10,10,1,"FOR THE PROPOSITION - YES",,14,88,472,574,,
8/26/2014,"DELAWARE","JAY PUBLIC SCHOOLS INDEPENDENT SCHOOL DISTRICT NO. 001",52101,"PROPOSITION  JAY PUBLIC SCHOOLS",,10,10,2,"AGAINST THE PROPOSITION - NO",,16,40,367,423,,
8/26/2014,"DEWEY","DEWEY COUNTY",11006,"FOR SUPERINTENDENT OF PUBLIC INSTRUCTION",DEM,9,9,1,"JOHN COX",DEM,8,0,114,122,,
8/26/2014,"DEWEY","DEWEY COUNTY",11006,"FOR SUPERINTENDENT OF PUBLIC INSTRUCTION",DEM,9,9,2,"FREDA DESKIN",DEM,6,1,40,47,,
8/26/2014,"DEWEY","DEWEY COUNTY",11011,"FOR UNITED STATES SENATOR (UNEXPIRED TERM)",DEM,9,9,1,"CONNIE JOHNSON",DEM,12,1,55,68,,
8/26/2014,"DEWEY","DEWEY COUNTY",11011,"FOR UNITED STATES SENATOR (UNEXPIRED TERM)",DEM,9,9,2,"JIM ROGERS",DEM,2,0,100,102,,
8/26/2014,"ELLIS","ELLIS COUNTY",11006,"FOR SUPERINTENDENT OF PUBLIC INSTRUCTION",DEM,7,7,1,"JOHN COX",DEM,2,5,70,77,,
8/26/2014,"ELLIS","ELLIS COUNTY",11006,"FOR SUPERINTENDENT OF PUBLIC INSTRUCTION",DEM,7,7,2,"FREDA DESKIN",DEM,5,1,36,42,,
8/26/2014,"ELLIS","ELLIS COUNTY",11011,"FOR UNITED STATES SENATOR (UNEXPIRED TERM)",DEM,7,7,1,"CONNIE JOHNSON",DEM,5,3,59,67,,
8/26/2014,"ELLIS","ELLIS COUNTY",11011,"FOR UNITED STATES SENATOR (UNEXPIRED TERM)",DEM,7,7,2,"JIM ROGERS",DEM,2,3,45,50,,
8/26/2014,"ELLIS","ELLIS COUNTY",12102,"FOR STATE REPRESENTATIVE DISTRICT 61",REP,7,7,1,"CASEY MURDOCK",REP,7,11,199,217,,
8/26/2014,"ELLIS","ELLIS COUNTY",12102,"FOR STATE REPRESENTATIVE DISTRICT 61",REP,7,7,2,"KENNY BOB TAPP",REP,9,9,132,150,,
8/26/2014,"GARFIELD","GARFIELD COUNTY",11006,"FOR SUPERINTENDENT OF PUBLIC INSTRUCTION",DEM,30,30,1,"JOHN COX",DEM,28,19,398,445,,
8/26/2014,"GARFIELD","GARFIELD COUNTY",11006,"FOR SUPERINTENDENT OF PUBLIC INSTRUCTION",DEM,30,30,2,"FREDA DESKIN",DEM,20,19,280,319,,
8/26/2014,"GARFIELD","GARFIELD COUNTY",11011,"FOR UNITED STATES SENATOR (UNEXPIRED TERM)",DEM,30,30,1,"CONNIE JOHNSON",DEM,32,29,406,467,,
8/26/2014,"GARFIELD","GARFIELD COUNTY",11011,"FOR UNITED STATES SENATOR (UNEXPIRED TERM)",DEM,30,30,2,"JIM ROGERS",DEM,16,9,264,289,,
8/26/2014,"GARFIELD","GARFIELD COUNTY",12079,"FOR STATE REPRESENTATIVE DISTRICT 38",REP,6,6,1,"JOHN PFEIFFER",REP,5,3,379,387,,
8/26/2014,"GARFIELD","GARFIELD COUNTY",12079,"FOR STATE REPRESENTATIVE DISTRICT 38",REP,6,6,2,"HAROLD LeVALLEY",REP,4,0,187,191,,
8/26/2014,"GARFIELD","TOWN OF NORTH ENID",42401,"PROPOSITION  TOWN OF NORTH ENID",,1,1,1,"FOR THE PROPOSITION - YES",,1,0,32,33,,
8/26/2014,"GARFIELD","TOWN OF NORTH ENID",42401,"PROPOSITION  TOWN OF NORTH ENID",,1,1,2,"AGAINST THE PROPOSITION - NO",,0,0,2,2,,
8/26/2014,"GARFIELD","GARBER PUBLIC SCHOOLS INDEPENDENT SCHOOL DISTRICT NO. 047",52401,"PROPOSITION  GARBER PUBLIC SCHOOLS",,3,3,1,"FOR THE PROPOSITION - YES",,1,3,253,257,,
8/26/2014,"GARFIELD","GARBER PUBLIC SCHOOLS INDEPENDENT SCHOOL DISTRICT NO. 047",52401,"PROPOSITION  GARBER PUBLIC SCHOOLS",,3,3,2,"AGAINST THE PROPOSITION - NO",,4,0,100,104,,
8/26/2014,"GARFIELD","KREMLIN-HILLSDALE SCHOOLS INDEPENDENT SCHOOL DISTRICT NO. 018",52402,"PROPOSITION  KREMLIN-HILLSDALE SCHOOLS",,6,6,1,"FOR THE PROPOSITION - YES",,4,1,233,238,,
8/26/2014,"GARFIELD","KREMLIN-HILLSDALE SCHOOLS INDEPENDENT SCHOOL DISTRICT NO. 018",52402,"PROPOSITION  KREMLIN-HILLSDALE SCHOOLS",,6,6,2,"AGAINST THE PROPOSITION - NO",,2,2,131,135,,
8/26/2014,"GARVIN","GARVIN COUNTY",11006,"FOR SUPERINTENDENT OF PUBLIC INSTRUCTION",DEM,17,17,1,"JOHN COX",DEM,22,28,508,558,,
8/26/2014,"GARVIN","GARVIN COUNTY",11006,"FOR SUPERINTENDENT OF PUBLIC INSTRUCTION",DEM,17,17,2,"FREDA DESKIN",DEM,24,33,503,560,,
8/26/2014,"GARVIN","GARVIN COUNTY",11011,"FOR UNITED STATES SENATOR (UNEXPIRED TERM)",DEM,17,17,1,"CONNIE JOHNSON",DEM,27,38,470,535,,
8/26/2014,"GARVIN","GARVIN COUNTY",11011,"FOR UNITED STATES SENATOR (UNEXPIRED TERM)",DEM,17,17,2,"JIM ROGERS",DEM,18,23,522,563,,
8/26/2014,"GARVIN","ELMORE CITY-PERNELL SCHOOLS INDEPENDENT SCHOOL DISTRICT NO. 072",52501,"PROPOSITION  ELMORE CITY-PERNELL SCHOOLS",,5,5,1,"FOR THE PROPOSITION - YES",,0,10,368,378,,
8/26/2014,"GARVIN","ELMORE CITY-PERNELL SCHOOLS INDEPENDENT SCHOOL DISTRICT NO. 072",52501,"PROPOSITION  ELMORE CITY-PERNELL SCHOOLS",,5,5,2,"AGAINST THE PROPOSITION - NO",,6,8,228,242,,
8/26/2014,"GARVIN","ALEX PUBLIC SCHOOLS INDEPENDENT SCHOOL DISTRICT NO. 056",52601,"PROPOSITION  ALEX PUBLIC SCHOOLS",,1,1,1,"FOR THE PROPOSITION - YES",,0,0,0,0,,
8/26/2014,"GARVIN","ALEX PUBLIC SCHOOLS INDEPENDENT SCHOOL DISTRICT NO. 056",52601,"PROPOSITION  ALEX PUBLIC SCHOOLS",,1,1,2,"AGAINST THE PROPOSITION - NO",,0,0,0,0,,
8/26/2014,"GRADY","GRADY COUNTY",11006,"FOR SUPERINTENDENT OF PUBLIC INSTRUCTION",DEM,28,28,1,"JOHN COX",DEM,35,18,822,875,,
8/26/2014,"GRADY","GRADY COUNTY",11006,"FOR SUPERINTENDENT OF PUBLIC INSTRUCTION",DEM,28,28,2,"FREDA DESKIN",DEM,44,13,465,522,,
8/26/2014,"GRADY","GRADY COUNTY",11011,"FOR UNITED STATES SENATOR (UNEXPIRED TERM)",DEM,28,28,1,"CONNIE JOHNSON",DEM,39,16,591,646,,
8/26/2014,"GRADY","GRADY COUNTY",11011,"FOR UNITED STATES SENATOR (UNEXPIRED TERM)",DEM,28,28,2,"JIM ROGERS",DEM,40,15,674,729,,
8/26/2014,"GRADY","GRADY COUNTY",12106,"FOR STATE REPRESENTATIVE DISTRICT 65",REP,1,1,1,"SCOTT HAYES",REP,2,2,80,84,,
8/26/2014,"GRADY","GRADY COUNTY",12106,"FOR STATE REPRESENTATIVE DISTRICT 65",REP,1,1,2,"SCOOTER PARK",REP,2,0,69,71,,
8/26/2014,"GRADY","ALEX PUBLIC SCHOOLS INDEPENDENT SCHOOL DISTRICT NO. 056",52601,"PROPOSITION  ALEX PUBLIC SCHOOLS",,5,5,1,"FOR THE PROPOSITION - YES",,3,3,115,121,,
8/26/2014,"GRADY","ALEX PUBLIC SCHOOLS INDEPENDENT SCHOOL DISTRICT NO. 056",52601,"PROPOSITION  ALEX PUBLIC SCHOOLS",,5,5,2,"AGAINST THE PROPOSITION - NO",,5,1,32,38,,
8/26/2014,"GRADY","BRIDGE CREEK PUBLIC SCHOOLS INDEPENDENT SCHOOL DISTRICT NO. 095",52602,"PROPOSITION  BRIDGE CREEK PUBLIC SCHOOLS",,4,4,1,"FOR THE PROPOSITION - YES",,14,3,500,517,,
8/26/2014,"GRADY","BRIDGE CREEK PUBLIC SCHOOLS INDEPENDENT SCHOOL DISTRICT NO. 095",52602,"PROPOSITION  BRIDGE CREEK PUBLIC SCHOOLS",,4,4,2,"AGAINST THE PROPOSITION - NO",,41,0,220,261,,
8/26/2014,"GRADY","RUSH SPRINGS PUBLIC SCHOOLS INDEPENDENT SCHOOL DISTRICT NO. 068",52603,"PROPOSITION  RUSH SPRINGS PUBLIC SCHOOLS",,5,5,1,"FOR THE PROPOSITION - YES",,8,4,338,350,,
8/26/2014,"GRADY","RUSH SPRINGS PUBLIC SCHOOLS INDEPENDENT SCHOOL DISTRICT NO. 068",52603,"PROPOSITION  RUSH SPRINGS PUBLIC SCHOOLS",,5,5,2,"AGAINST THE PROPOSITION - NO",,5,3,228,236,,
8/26/2014,"GRANT","GRANT COUNTY",11006,"FOR SUPERINTENDENT OF PUBLIC INSTRUCTION",DEM,7,7,1,"JOHN COX",DEM,11,5,75,91,,
8/26/2014,"GRANT","GRANT COUNTY",11006,"FOR SUPERINTENDENT OF PUBLIC INSTRUCTION",DEM,7,7,2,"FREDA DESKIN",DEM,6,6,45,57,,
8/26/2014,"GRANT","GRANT COUNTY",11011,"FOR UNITED STATES SENATOR (UNEXPIRED TERM)",DEM,7,7,1,"CONNIE JOHNSON",DEM,13,5,61,79,,
8/26/2014,"GRANT","GRANT COUNTY",11011,"FOR UNITED STATES SENATOR (UNEXPIRED TERM)",DEM,7,7,2,"JIM ROGERS",DEM,4,6,58,68,,
8/26/2014,"GRANT","GRANT COUNTY",12079,"FOR STATE REPRESENTATIVE DISTRICT 38",REP,7,7,1,"JOHN PFEIFFER",REP,10,9,201,220,,
8/26/2014,"GRANT","GRANT COUNTY",12079,"FOR STATE REPRESENTATIVE DISTRICT 38",REP,7,7,2,"HAROLD LeVALLEY",REP,8,10,148,166,,
8/26/2014,"GRANT","KREMLIN-HILLSDALE SCHOOLS INDEPENDENT SCHOOL DISTRICT NO. 018",52402,"PROPOSITION  KREMLIN-HILLSDALE SCHOOLS",,1,1,1,"FOR THE PROPOSITION - YES",,0,0,4,4,,
8/26/2014,"GRANT","KREMLIN-HILLSDALE SCHOOLS INDEPENDENT SCHOOL DISTRICT NO. 018",52402,"PROPOSITION  KREMLIN-HILLSDALE SCHOOLS",,1,1,2,"AGAINST THE PROPOSITION - NO",,0,0,1,1,,
8/26/2014,"GREER","GREER COUNTY",11006,"FOR SUPERINTENDENT OF PUBLIC INSTRUCTION",DEM,8,8,1,"JOHN COX",DEM,9,27,263,299,,
8/26/2014,"GREER","GREER COUNTY",11006,"FOR SUPERINTENDENT OF PUBLIC INSTRUCTION",DEM,8,8,2,"FREDA DESKIN",DEM,4,16,134,154,,
8/26/2014,"GREER","GREER COUNTY",11011,"FOR UNITED STATES SENATOR (UNEXPIRED TERM)",DEM,8,8,1,"CONNIE JOHNSON",DEM,2,19,149,170,,
8/26/2014,"GREER","GREER COUNTY",11011,"FOR UNITED STATES SENATOR (UNEXPIRED TERM)",DEM,8,8,2,"JIM ROGERS",DEM,11,25,233,269,,
8/26/2014,"GREER","GREER COUNTY",11364,"FOR COUNTY COMMISSIONER DISTRICT NO. 1",DEM,3,3,1,"BRENT YORK",DEM,5,29,144,178,GREER
8/26/2014,"GREER","GREER COUNTY",11364,"FOR COUNTY COMMISSIONER DISTRICT NO. 1",DEM,3,3,2,"BOBBY GIDDENS",DEM,5,9,96,110,GREER
8/26/2014,"HARMON","HARMON COUNTY",11006,"FOR SUPERINTENDENT OF PUBLIC INSTRUCTION",DEM,7,7,1,"JOHN COX",DEM,2,7,51,60,,
8/26/2014,"HARMON","HARMON COUNTY",11006,"FOR SUPERINTENDENT OF PUBLIC INSTRUCTION",DEM,7,7,2,"FREDA DESKIN",DEM,1,1,9,11,,
8/26/2014,"HARMON","HARMON COUNTY",11011,"FOR UNITED STATES SENATOR (UNEXPIRED TERM)",DEM,7,7,1,"CONNIE JOHNSON",DEM,1,1,24,26,,
8/26/2014,"HARMON","HARMON COUNTY",11011,"FOR UNITED STATES SENATOR (UNEXPIRED TERM)",DEM,7,7,2,"JIM ROGERS",DEM,2,5,32,39,,
8/26/2014,"HARPER","HARPER COUNTY",11006,"FOR SUPERINTENDENT OF PUBLIC INSTRUCTION",DEM,6,6,1,"JOHN COX",DEM,3,7,87,97,,
8/26/2014,"HARPER","HARPER COUNTY",11006,"FOR SUPERINTENDENT OF PUBLIC INSTRUCTION",DEM,6,6,2,"FREDA DESKIN",DEM,2,2,23,27,,
8/26/2014,"HARPER","HARPER COUNTY",11011,"FOR UNITED STATES SENATOR (UNEXPIRED TERM)",DEM,6,6,1,"CONNIE JOHNSON",DEM,3,1,42,46,,
8/26/2014,"HARPER","HARPER COUNTY",11011,"FOR UNITED STATES SENATOR (UNEXPIRED TERM)",DEM,6,6,2,"JIM ROGERS",DEM,1,8,67,76,,
8/26/2014,"HARPER","HARPER COUNTY",12102,"FOR STATE REPRESENTATIVE DISTRICT 61",REP,6,6,1,"CASEY MURDOCK",REP,5,8,149,162,,
8/26/2014,"HARPER","HARPER COUNTY",12102,"FOR STATE REPRESENTATIVE DISTRICT 61",REP,6,6,2,"KENNY BOB TAPP",REP,6,3,116,125,,
8/26/2014,"HASKELL","HASKELL COUNTY",11006,"FOR SUPERINTENDENT OF PUBLIC INSTRUCTION",DEM,11,11,1,"JOHN COX",DEM,19,42,482,543,,
8/26/2014,"HASKELL","HASKELL COUNTY",11006,"FOR SUPERINTENDENT OF PUBLIC INSTRUCTION",DEM,11,11,2,"FREDA DESKIN",DEM,6,7,67,80,,
8/26/2014,"HASKELL","HASKELL COUNTY",11011,"FOR UNITED STATES SENATOR (UNEXPIRED TERM)",DEM,11,11,1,"CONNIE JOHNSON",DEM,13,28,148,189,,
8/26/2014,"HASKELL","HASKELL COUNTY",11011,"FOR UNITED STATES SENATOR (UNEXPIRED TERM)",DEM,11,11,2,"JIM ROGERS",DEM,12,20,384,416,,
8/26/2014,"HASKELL","KINTA PUBLIC SCHOOLS INDEPENDENT SCHOOL DISTRICT NO. 013",53101,"PROPOSITION NO. 1  KINTA PUBLIC SCHOOLS",,2,2,1,"FOR THE PROPOSITION - YES",,2,2,98,102,,
8/26/2014,"HASKELL","KINTA PUBLIC SCHOOLS INDEPENDENT SCHOOL DISTRICT NO. 013",53101,"PROPOSITION NO. 1  KINTA PUBLIC SCHOOLS",,2,2,2,"AGAINST THE PROPOSITION - NO",,0,2,79,81,,
8/26/2014,"HASKELL","KINTA PUBLIC SCHOOLS INDEPENDENT SCHOOL DISTRICT NO. 013",53102,"PROPOSITION NO. 2  KINTA PUBLIC SCHOOLS",,2,2,1,"FOR THE PROPOSITION - YES",,2,2,101,105,,
8/26/2014,"HASKELL","KINTA PUBLIC SCHOOLS INDEPENDENT SCHOOL DISTRICT NO. 013",53102,"PROPOSITION NO. 2  KINTA PUBLIC SCHOOLS",,2,2,2,"AGAINST THE PROPOSITION - NO",,0,2,79,81,,
8/26/2014,"HUGHES","HUGHES COUNTY",11006,"FOR SUPERINTENDENT OF PUBLIC INSTRUCTION",DEM,16,16,1,"JOHN COX",DEM,16,27,494,537,,
8/26/2014,"HUGHES","HUGHES COUNTY",11006,"FOR SUPERINTENDENT OF PUBLIC INSTRUCTION",DEM,16,16,2,"FREDA DESKIN",DEM,27,19,225,271,,
8/26/2014,"HUGHES","HUGHES COUNTY",11011,"FOR UNITED STATES SENATOR (UNEXPIRED TERM)",DEM,16,16,1,"CONNIE JOHNSON",DEM,29,24,332,385,,
8/26/2014,"HUGHES","HUGHES COUNTY",11011,"FOR UNITED STATES SENATOR (UNEXPIRED TERM)",DEM,16,16,2,"JIM ROGERS",DEM,13,23,379,415,,
8/26/2014,"HUGHES","HUGHES COUNTY",11368,"FOR COUNTY COMMISSIONER DISTRICT NO. 1",DEM,6,6,1,"GARY A. PHILLIPS",DEM,18,17,241,276,HUGHES
8/26/2014,"HUGHES","HUGHES COUNTY",11368,"FOR COUNTY COMMISSIONER DISTRICT NO. 1",DEM,6,6,2,"CLYDE COLLIS",DEM,9,20,107,136,HUGHES
8/26/2014,"JACKSON","JACKSON COUNTY",11006,"FOR SUPERINTENDENT OF PUBLIC INSTRUCTION",DEM,15,15,1,"JOHN COX",DEM,4,14,103,121,,
8/26/2014,"JACKSON","JACKSON COUNTY",11006,"FOR SUPERINTENDENT OF PUBLIC INSTRUCTION",DEM,15,15,2,"FREDA DESKIN",DEM,4,13,86,103,,
8/26/2014,"JACKSON","JACKSON COUNTY",11011,"FOR UNITED STATES SENATOR (UNEXPIRED TERM)",DEM,15,15,1,"CONNIE JOHNSON",DEM,6,9,108,123,,
8/26/2014,"JACKSON","JACKSON COUNTY",11011,"FOR UNITED STATES SENATOR (UNEXPIRED TERM)",DEM,15,15,2,"JIM ROGERS",DEM,2,17,77,96,,
8/26/2014,"JEFFERSON","JEFFERSON COUNTY",11006,"FOR SUPERINTENDENT OF PUBLIC INSTRUCTION",DEM,10,10,1,"JOHN COX",DEM,4,12,87,103,,
8/26/2014,"JEFFERSON","JEFFERSON COUNTY",11006,"FOR SUPERINTENDENT OF PUBLIC INSTRUCTION",DEM,10,10,2,"FREDA DESKIN",DEM,1,4,27,32,,
8/26/2014,"JEFFERSON","JEFFERSON COUNTY",11011,"FOR UNITED STATES SENATOR (UNEXPIRED TERM)",DEM,10,10,1,"CONNIE JOHNSON",DEM,3,7,45,55,,
8/26/2014,"JEFFERSON","JEFFERSON COUNTY",11011,"FOR UNITED STATES SENATOR (UNEXPIRED TERM)",DEM,10,10,2,"JIM ROGERS",DEM,2,8,64,74,,
8/26/2014,"JEFFERSON","TEMPLE PUBLIC SCHOOLS INDEPENDENT SCHOOL DISTRICT NO. 101",51701,"PROPOSITION NO. 1  TEMPLE PUBLIC SCHOOLS",,1,1,1,"FOR THE PROPOSITION - YES",,0,0,0,0,,
8/26/2014,"JEFFERSON","TEMPLE PUBLIC SCHOOLS INDEPENDENT SCHOOL DISTRICT NO. 101",51701,"PROPOSITION NO. 1  TEMPLE PUBLIC SCHOOLS",,1,1,2,"AGAINST THE PROPOSITION - NO",,0,0,0,0,,
8/26/2014,"JEFFERSON","TEMPLE PUBLIC SCHOOLS INDEPENDENT SCHOOL DISTRICT NO. 101",51702,"PROPOSITION NO. 2  TEMPLE PUBLIC SCHOOLS",,1,1,1,"FOR THE PROPOSITION - YES",,0,0,0,0,,
8/26/2014,"JEFFERSON","TEMPLE PUBLIC SCHOOLS INDEPENDENT SCHOOL DISTRICT NO. 101",51702,"PROPOSITION NO. 2  TEMPLE PUBLIC SCHOOLS",,1,1,2,"AGAINST THE PROPOSITION - NO",,0,0,0,0,,
8/26/2014,"JOHNSTON","JOHNSTON COUNTY",11006,"FOR SUPERINTENDENT OF PUBLIC INSTRUCTION",DEM,14,14,1,"JOHN COX",DEM,7,34,299,340,,
8/26/2014,"JOHNSTON","JOHNSTON COUNTY",11006,"FOR SUPERINTENDENT OF PUBLIC INSTRUCTION",DEM,14,14,2,"FREDA DESKIN",DEM,2,15,91,108,,
8/26/2014,"JOHNSTON","JOHNSTON COUNTY",11011,"FOR UNITED STATES SENATOR (UNEXPIRED TERM)",DEM,14,14,1,"CONNIE JOHNSON",DEM,5,17,114,136,,
8/26/2014,"JOHNSTON","JOHNSTON COUNTY",11011,"FOR UNITED STATES SENATOR (UNEXPIRED TERM)",DEM,14,14,2,"JIM ROGERS",DEM,4,29,257,290,,
8/26/2014,"JOHNSTON","JOHNSTON COUNTY",30001,"PROPOSITION",,14,14,1,"FOR THE PROPOSITION - YES",,9,50,357,416,,
8/26/2014,"JOHNSTON","JOHNSTON COUNTY",30001,"PROPOSITION",,14,14,2,"AGAINST THE PROPOSITION - NO",,3,12,139,154,,
8/26/2014,"JOHNSTON","WAPANUCKA PUBLIC SCHOOLS INDEPENDENT SCHOOL DISTRICT NO. 037",53501,"PROPOSITION  WAPANUCKA PUBLIC SCHOOLS",,5,5,1,"FOR THE PROPOSITION - YES",,1,0,87,88,,
8/26/2014,"JOHNSTON","WAPANUCKA PUBLIC SCHOOLS INDEPENDENT SCHOOL DISTRICT NO. 037",53501,"PROPOSITION  WAPANUCKA PUBLIC SCHOOLS",,5,5,2,"AGAINST THE PROPOSITION - NO",,1,0,18,19,,
8/26/2014,"KAY","OKLAHOMA DEPARTMENT OF CAREER AND TECHNOLOGY EDUCATION",6521,"PROPOSITION FRONTIER PUBLIC SCHOOLS",,2,2,1,"FOR THE PROPOSITION - YES",,0,0,0,0,,
8/26/2014,"KAY","OKLAHOMA DEPARTMENT OF CAREER AND TECHNOLOGY EDUCATION",6521,"PROPOSITION FRONTIER PUBLIC SCHOOLS",,2,2,2,"AGAINST THE PROPOSITION - NO",,0,0,7,7,,
8/26/2014,"KAY","KAY COUNTY",11006,"FOR SUPERINTENDENT OF PUBLIC INSTRUCTION",DEM,28,28,1,"JOHN COX",DEM,5,11,488,504,,
8/26/2014,"KAY","KAY COUNTY",11006,"FOR SUPERINTENDENT OF PUBLIC INSTRUCTION",DEM,28,28,2,"FREDA DESKIN",DEM,10,11,378,399,,
8/26/2014,"KAY","KAY COUNTY",11011,"FOR UNITED STATES SENATOR (UNEXPIRED TERM)",DEM,28,28,1,"CONNIE JOHNSON",DEM,9,15,472,496,,
8/26/2014,"KAY","KAY COUNTY",11011,"FOR UNITED STATES SENATOR (UNEXPIRED TERM)",DEM,28,28,2,"JIM ROGERS",DEM,6,7,399,412,,
8/26/2014,"KAY","KAY COUNTY",12079,"FOR STATE REPRESENTATIVE DISTRICT 38",REP,12,12,1,"JOHN PFEIFFER",REP,21,36,749,806,,
8/26/2014,"KAY","KAY COUNTY",12079,"FOR STATE REPRESENTATIVE DISTRICT 38",REP,12,12,2,"HAROLD LeVALLEY",REP,30,26,724,780,,
8/26/2014,"KAY","KAY COUNTY",12462,"FOR COUNTY COMMISSIONER DISTRICT NO. 3",REP,8,8,1,"TYSON ROWE",REP,31,6,532,569,KAY
8/26/2014,"KAY","KAY COUNTY",12462,"FOR COUNTY COMMISSIONER DISTRICT NO. 3",REP,8,8,2,"PAUL BUTCH SKIDMORE",REP,15,12,593,620,KAY
8/26/2014,"KAY","CITY OF NEWKIRK",43601,"PROPOSITION  CITY OF NEWKIRK",,1,1,1,"FOR THE PROPOSITION - YES",,2,9,142,153,,
8/26/2014,"KAY","CITY OF NEWKIRK",43601,"PROPOSITION  CITY OF NEWKIRK",,1,1,2,"AGAINST THE PROPOSITION - NO",,7,28,226,261,,
8/26/2014,"KAY","NEWKIRK PUBLIC SCHOOLS INDEPENDENT SCHOOL DISTRICT NO. 125",53601,"PROPOSITION  NEWKIRK PUBLIC SCHOOLS",,8,8,1,"FOR THE PROPOSITION - YES",,5,19,303,327,,
8/26/2014,"KAY","NEWKIRK PUBLIC SCHOOLS INDEPENDENT SCHOOL DISTRICT NO. 125",53601,"PROPOSITION  NEWKIRK PUBLIC SCHOOLS",,8,8,2,"AGAINST THE PROPOSITION - NO",,9,37,358,404,,
8/26/2014,"KINGFISHER","OKLAHOMA DEPARTMENT OF CAREER AND TECHNOLOGY EDUCATION",6061,"PROPOSITION OKEENE PUBLIC SCHOOLS",,2,2,1,"FOR THE PROPOSITION - YES",,0,0,0,0,,
8/26/2014,"KINGFISHER","OKLAHOMA DEPARTMENT OF CAREER AND TECHNOLOGY EDUCATION",6061,"PROPOSITION OKEENE PUBLIC SCHOOLS",,2,2,2,"AGAINST THE PROPOSITION - NO",,0,0,0,0,,
8/26/2014,"KINGFISHER","KINGFISHER COUNTY",11006,"FOR SUPERINTENDENT OF PUBLIC INSTRUCTION",DEM,14,14,1,"JOHN COX",DEM,10,7,118,135,,
8/26/2014,"KINGFISHER","KINGFISHER COUNTY",11006,"FOR SUPERINTENDENT OF PUBLIC INSTRUCTION",DEM,14,14,2,"FREDA DESKIN",DEM,3,8,82,93,,
8/26/2014,"KINGFISHER","KINGFISHER COUNTY",11011,"FOR UNITED STATES SENATOR (UNEXPIRED TERM)",DEM,14,14,1,"CONNIE JOHNSON",DEM,5,5,103,113,,
8/26/2014,"KINGFISHER","KINGFISHER COUNTY",11011,"FOR UNITED STATES SENATOR (UNEXPIRED TERM)",DEM,14,14,2,"JIM ROGERS",DEM,9,10,93,112,,
8/26/2014,"KINGFISHER","OKARCHE PUBLIC SCHOOLS INDEPENDENT SCHOOL DISTRICT NO. 105",53701,"PROPOSITION  OKARCHE PUBLIC SCHOOLS",,4,4,1,"FOR THE PROPOSITION - YES",,0,6,159,165,,
8/26/2014,"KINGFISHER","OKARCHE PUBLIC SCHOOLS INDEPENDENT SCHOOL DISTRICT NO. 105",53701,"PROPOSITION  OKARCHE PUBLIC SCHOOLS",,4,4,2,"AGAINST THE PROPOSITION - NO",,0,4,32,36,,
8/26/2014,"KIOWA","KIOWA COUNTY",11006,"FOR SUPERINTENDENT OF PUBLIC INSTRUCTION",DEM,14,14,1,"JOHN COX",DEM,15,13,236,264,,
8/26/2014,"KIOWA","KIOWA COUNTY",11006,"FOR SUPERINTENDENT OF PUBLIC INSTRUCTION",DEM,14,14,2,"FREDA DESKIN",DEM,6,4,68,78,,
8/26/2014,"KIOWA","KIOWA COUNTY",11011,"FOR UNITED STATES SENATOR (UNEXPIRED TERM)",DEM,14,14,1,"CONNIE JOHNSON",DEM,6,11,143,160,,
8/26/2014,"KIOWA","KIOWA COUNTY",11011,"FOR UNITED STATES SENATOR (UNEXPIRED TERM)",DEM,14,14,2,"JIM ROGERS",DEM,14,6,164,184,,
8/26/2014,"KIOWA","TOWN OF MOUNTAIN PARK",43801,"FOR BOARD OF TRUSTEES (UNEXPIRED TERM)  TOWN OF MOUNTAIN PARK",,1,1,1,"DAISY RUTH BIRDWELL",,1,4,17,22,KIOWA
8/26/2014,"KIOWA","TOWN OF MOUNTAIN PARK",43801,"FOR BOARD OF TRUSTEES (UNEXPIRED TERM)  TOWN OF MOUNTAIN PARK",,1,1,2,"ADAM NEY",,0,0,52,52,KIOWA
8/26/2014,"KIOWA","TOWN OF MOUNTAIN PARK",43802,"FOR BOARD OF TRUSTEES (UNEXPIRED TERM)  TOWN OF MOUNTAIN PARK",,1,1,1,"MOLLIE WARNECKE",,0,2,32,34,KIOWA
8/26/2014,"KIOWA","TOWN OF MOUNTAIN PARK",43802,"FOR BOARD OF TRUSTEES (UNEXPIRED TERM)  TOWN OF MOUNTAIN PARK",,1,1,2,"ANITA M SHELTON",,1,2,35,38,KIOWA
8/26/2014,"LATIMER","LATIMER COUNTY",11006,"FOR SUPERINTENDENT OF PUBLIC INSTRUCTION",DEM,12,12,1,"JOHN COX",DEM,21,53,453,527,,
8/26/2014,"LATIMER","LATIMER COUNTY",11006,"FOR SUPERINTENDENT OF PUBLIC INSTRUCTION",DEM,12,12,2,"FREDA DESKIN",DEM,7,9,78,94,,
8/26/2014,"LATIMER","LATIMER COUNTY",11011,"FOR UNITED STATES SENATOR (UNEXPIRED TERM)",DEM,12,12,1,"CONNIE JOHNSON",DEM,16,35,283,334,,
8/26/2014,"LATIMER","LATIMER COUNTY",11011,"FOR UNITED STATES SENATOR (UNEXPIRED TERM)",DEM,12,12,2,"JIM ROGERS",DEM,12,27,231,270,,
8/26/2014,"LEFLORE","LEFLORE COUNTY",11006,"FOR SUPERINTENDENT OF PUBLIC INSTRUCTION",DEM,37,37,1,"JOHN COX",DEM,86,234,3369,3689,,
8/26/2014,"LEFLORE","LEFLORE COUNTY",11006,"FOR SUPERINTENDENT OF PUBLIC INSTRUCTION",DEM,37,37,2,"FREDA DESKIN",DEM,13,71,1221,1305,,
8/26/2014,"LEFLORE","LEFLORE COUNTY",11011,"FOR UNITED STATES SENATOR (UNEXPIRED TERM)",DEM,37,37,1,"CONNIE JOHNSON",DEM,34,127,1682,1843,,
8/26/2014,"LEFLORE","LEFLORE COUNTY",11011,"FOR UNITED STATES SENATOR (UNEXPIRED TERM)",DEM,37,37,2,"JIM ROGERS",DEM,55,165,2783,3003,,
8/26/2014,"LEFLORE","LEFLORE COUNTY",11220,"FOR COUNTY ASSESSOR",DEM,37,37,1,"BRENDA COCKBURN",DEM,92,200,2783,3075,LEFLORE
8/26/2014,"LEFLORE","LEFLORE COUNTY",11220,"FOR COUNTY ASSESSOR",DEM,37,37,2,"MINDY WHITE",DEM,24,124,2047,2195,LEFLORE
8/26/2014,"LEFLORE","LEFLORE COUNTY",30004,"PROPOSITION",,37,37,1,"FOR THE PROPOSITION - YES",,107,390,4751,5248,,
8/26/2014,"LEFLORE","LEFLORE COUNTY",30004,"PROPOSITION",,37,37,2,"AGAINST THE PROPOSITION - NO",,28,58,1498,1584,,
8/26/2014,"LEFLORE","PANAMA PUBLIC SCHOOLS INDEPENDENT SCHOOL DISTRICT NO. 020",54001,"PROPOSITION  PANAMA PUBLIC SCHOOLS",,9,9,1,"FOR THE PROPOSITION - YES",,0,11,301,312,,
8/26/2014,"LEFLORE","PANAMA PUBLIC SCHOOLS INDEPENDENT SCHOOL DISTRICT NO. 020",54001,"PROPOSITION  PANAMA PUBLIC SCHOOLS",,9,9,2,"AGAINST THE PROPOSITION - NO",,2,2,166,170,,
8/26/2014,"LEFLORE","WISTER PUBLIC SCHOOLS INDEPENDENT SCHOOL DISTRICT NO. 049",54002,"PROPOSITION  WISTER PUBLIC SCHOOLS",,7,7,1,"FOR THE PROPOSITION - YES",,10,30,371,411,,
8/26/2014,"LEFLORE","WISTER PUBLIC SCHOOLS INDEPENDENT SCHOOL DISTRICT NO. 049",54002,"PROPOSITION  WISTER PUBLIC SCHOOLS",,7,7,2,"AGAINST THE PROPOSITION - NO",,17,9,180,206,,
8/26/2014,"LINCOLN","LINCOLN COUNTY",11006,"FOR SUPERINTENDENT OF PUBLIC INSTRUCTION",DEM,21,21,1,"JOHN COX",DEM,22,18,412,452,,
8/26/2014,"LINCOLN","LINCOLN COUNTY",11006,"FOR SUPERINTENDENT OF PUBLIC INSTRUCTION",DEM,21,21,2,"FREDA DESKIN",DEM,12,9,197,218,,
8/26/2014,"LINCOLN","LINCOLN COUNTY",11011,"FOR UNITED STATES SENATOR (UNEXPIRED TERM)",DEM,21,21,1,"CONNIE JOHNSON",DEM,20,16,308,344,,
8/26/2014,"LINCOLN","LINCOLN COUNTY",11011,"FOR UNITED STATES SENATOR (UNEXPIRED TERM)",DEM,21,21,2,"JIM ROGERS",DEM,11,11,290,312,,
8/26/2014,"LINCOLN","PADEN PUBLIC SCHOOLS INDEPENDENT SCHOOL DISTRICT NO. 014",55401,"PROPOSITION  PADEN PUBLIC SCHOOLS",,1,1,1,"FOR THE PROPOSITION - YES",,0,0,0,0,,
8/26/2014,"LINCOLN","PADEN PUBLIC SCHOOLS INDEPENDENT SCHOOL DISTRICT NO. 014",55401,"PROPOSITION  PADEN PUBLIC SCHOOLS",,1,1,2,"AGAINST THE PROPOSITION - NO",,0,0,0,0,,
8/26/2014,"LOGAN","LOGAN COUNTY",11006,"FOR SUPERINTENDENT OF PUBLIC INSTRUCTION",DEM,22,22,1,"JOHN COX",DEM,24,30,513,567,,
8/26/2014,"LOGAN","LOGAN COUNTY",11006,"FOR SUPERINTENDENT OF PUBLIC INSTRUCTION",DEM,22,22,2,"FREDA DESKIN",DEM,37,28,398,463,,
8/26/2014,"LOGAN","LOGAN COUNTY",11011,"FOR UNITED STATES SENATOR (UNEXPIRED TERM)",DEM,22,22,1,"CONNIE JOHNSON",DEM,48,41,537,626,,
8/26/2014,"LOGAN","LOGAN COUNTY",11011,"FOR UNITED STATES SENATOR (UNEXPIRED TERM)",DEM,22,22,2,"JIM ROGERS",DEM,14,16,355,385,,
8/26/2014,"LOGAN","LOGAN COUNTY",12079,"FOR STATE REPRESENTATIVE DISTRICT 38",REP,5,5,1,"JOHN PFEIFFER",REP,22,5,449,476,,
8/26/2014,"LOGAN","LOGAN COUNTY",12079,"FOR STATE REPRESENTATIVE DISTRICT 38",REP,5,5,2,"HAROLD LeVALLEY",REP,4,4,61,69,,
8/26/2014,"LOGAN","LOGAN COUNTY",30003,"PROPOSITION",,22,22,1,"FOR THE PROPOSITION - YES",,123,82,1777,1982,,
8/26/2014,"LOGAN","LOGAN COUNTY",30003,"PROPOSITION",,22,22,2,"AGAINST THE PROPOSITION - NO",,82,87,1258,1427,,
8/26/2014,"LOGAN","CITY OF GUTHRIE",44201,"PROPOSITION  CITY OF GUTHRIE",,9,9,1,"FOR THE PROPOSITION - YES",,27,31,416,474,,
8/26/2014,"LOGAN","CITY OF GUTHRIE",44201,"PROPOSITION  CITY OF GUTHRIE",,9,9,2,"AGAINST THE PROPOSITION - NO",,24,60,544,628,,
8/26/2014,"LOVE","LOVE COUNTY",11006,"FOR SUPERINTENDENT OF PUBLIC INSTRUCTION",DEM,12,12,1,"JOHN COX",DEM,3,21,182,206,,
8/26/2014,"LOVE","LOVE COUNTY",11006,"FOR SUPERINTENDENT OF PUBLIC INSTRUCTION",DEM,12,12,2,"FREDA DESKIN",DEM,3,11,112,126,,
8/26/2014,"LOVE","LOVE COUNTY",11011,"FOR UNITED STATES SENATOR (UNEXPIRED TERM)",DEM,12,12,1,"CONNIE JOHNSON",DEM,5,15,129,149,,
8/26/2014,"LOVE","LOVE COUNTY",11011,"FOR UNITED STATES SENATOR (UNEXPIRED TERM)",DEM,12,12,2,"JIM ROGERS",DEM,2,16,162,180,,
8/26/2014,"LOVE","CITY OF MARIETTA",44301,"FOR MAYOR (UNEXPIRED TERM)  CITY OF MARIETTA",,3,3,1,"JERRY COCHRAN",,4,9,105,118,LOVE
8/26/2014,"LOVE","CITY OF MARIETTA",44301,"FOR MAYOR (UNEXPIRED TERM)  CITY OF MARIETTA",,3,3,2,"ROY CHEW SR",,0,1,11,12,LOVE
8/26/2014,"LOVE","CITY OF MARIETTA",44301,"FOR MAYOR (UNEXPIRED TERM)  CITY OF MARIETTA",,3,3,3,"LARRY CREASMAN",,0,7,55,62,LOVE
8/26/2014,"MCCLAIN","MCCLAIN COUNTY",11006,"FOR SUPERINTENDENT OF PUBLIC INSTRUCTION",DEM,26,26,1,"JOHN COX",DEM,31,7,358,396,,
8/26/2014,"MCCLAIN","MCCLAIN COUNTY",11006,"FOR SUPERINTENDENT OF PUBLIC INSTRUCTION",DEM,26,26,2,"FREDA DESKIN",DEM,41,22,244,307,,
8/26/2014,"MCCLAIN","MCCLAIN COUNTY",11011,"FOR UNITED STATES SENATOR (UNEXPIRED TERM)",DEM,26,26,1,"CONNIE JOHNSON",DEM,39,13,295,347,,
8/26/2014,"MCCLAIN","MCCLAIN COUNTY",11011,"FOR UNITED STATES SENATOR (UNEXPIRED TERM)",DEM,26,26,2,"JIM ROGERS",DEM,32,16,295,343,,
8/26/2014,"MCCLAIN","ALEX PUBLIC SCHOOLS INDEPENDENT SCHOOL DISTRICT NO. 056",52601,"PROPOSITION  ALEX PUBLIC SCHOOLS",,1,1,1,"FOR THE PROPOSITION - YES",,0,0,0,0,,
8/26/2014,"MCCLAIN","ALEX PUBLIC SCHOOLS INDEPENDENT SCHOOL DISTRICT NO. 056",52601,"PROPOSITION  ALEX PUBLIC SCHOOLS",,1,1,2,"AGAINST THE PROPOSITION - NO",,2,0,4,6,,
8/26/2014,"MCCLAIN","BRIDGE CREEK PUBLIC SCHOOLS INDEPENDENT SCHOOL DISTRICT NO. 095",52602,"PROPOSITION  BRIDGE CREEK PUBLIC SCHOOLS",,1,1,1,"FOR THE PROPOSITION - YES",,0,0,10,10,,
8/26/2014,"MCCLAIN","BRIDGE CREEK PUBLIC SCHOOLS INDEPENDENT SCHOOL DISTRICT NO. 095",52602,"PROPOSITION  BRIDGE CREEK PUBLIC SCHOOLS",,1,1,2,"AGAINST THE PROPOSITION - NO",,0,0,9,9,,
8/26/2014,"MCCLAIN","ASHER PUBLIC SCHOOLS INDEPENDENT SCHOOL DISTRICT NO. 112",56301,"PROPOSITION NO. 1  ASHER PUBLIC SCHOOLS",,1,1,1,"FOR THE PROPOSITION - YES",,0,0,3,3,,
8/26/2014,"MCCLAIN","ASHER PUBLIC SCHOOLS INDEPENDENT SCHOOL DISTRICT NO. 112",56301,"PROPOSITION NO. 1  ASHER PUBLIC SCHOOLS",,1,1,2,"AGAINST THE PROPOSITION - NO",,0,0,0,0,,
8/26/2014,"MCCLAIN","ASHER PUBLIC SCHOOLS INDEPENDENT SCHOOL DISTRICT NO. 112",56302,"PROPOSITION NO. 2  ASHER PUBLIC SCHOOLS",,1,1,1,"FOR THE PROPOSITION - YES",,0,0,3,3,,
8/26/2014,"MCCLAIN","ASHER PUBLIC SCHOOLS INDEPENDENT SCHOOL DISTRICT NO. 112",56302,"PROPOSITION NO. 2  ASHER PUBLIC SCHOOLS",,1,1,2,"AGAINST THE PROPOSITION - NO",,0,0,0,0,,
8/26/2014,"MCCURTAIN","MCCURTAIN COUNTY",11006,"FOR SUPERINTENDENT OF PUBLIC INSTRUCTION",DEM,30,30,1,"JOHN COX",DEM,30,14,515,559,,
8/26/2014,"MCCURTAIN","MCCURTAIN COUNTY",11006,"FOR SUPERINTENDENT OF PUBLIC INSTRUCTION",DEM,30,30,2,"FREDA DESKIN",DEM,7,4,93,104,,
8/26/2014,"MCCURTAIN","MCCURTAIN COUNTY",11011,"FOR UNITED STATES SENATOR (UNEXPIRED TERM)",DEM,30,30,1,"CONNIE JOHNSON",DEM,23,11,217,251,,
8/26/2014,"MCCURTAIN","MCCURTAIN COUNTY",11011,"FOR UNITED STATES SENATOR (UNEXPIRED TERM)",DEM,30,30,2,"JIM ROGERS",DEM,16,6,366,388,,
8/26/2014,"MCINTOSH","MCINTOSH COUNTY",11006,"FOR SUPERINTENDENT OF PUBLIC INSTRUCTION",DEM,14,14,1,"JOHN COX",DEM,35,43,1197,1275,,
8/26/2014,"MCINTOSH","MCINTOSH COUNTY",11006,"FOR SUPERINTENDENT OF PUBLIC INSTRUCTION",DEM,14,14,2,"FREDA DESKIN",DEM,15,27,437,479,,
8/26/2014,"MCINTOSH","MCINTOSH COUNTY",11011,"FOR UNITED STATES SENATOR (UNEXPIRED TERM)",DEM,14,14,1,"CONNIE JOHNSON",DEM,26,37,637,700,,
8/26/2014,"MCINTOSH","MCINTOSH COUNTY",11011,"FOR UNITED STATES SENATOR (UNEXPIRED TERM)",DEM,14,14,2,"JIM ROGERS",DEM,24,33,955,1012,,
8/26/2014,"MCINTOSH","MCINTOSH COUNTY",11020,"FOR STATE SENATOR DISTRICT 8",DEM,14,14,1,"SELINA JAYNE-DORNAN",DEM,32,41,1015,1088,,
8/26/2014,"MCINTOSH","MCINTOSH COUNTY",11020,"FOR STATE SENATOR DISTRICT 8",DEM,14,14,2,"GARY L. CLASON",DEM,21,32,639,692,,
8/26/2014,"MCINTOSH","MCINTOSH COUNTY",11382,"FOR COUNTY COMMISSIONER DISTRICT NO. 1",DEM,3,3,1,"BILL PHILLIPS",DEM,27,17,523,567,MCINTOSH
8/26/2014,"MCINTOSH","MCINTOSH COUNTY",11382,"FOR COUNTY COMMISSIONER DISTRICT NO. 1",DEM,3,3,2,"WESLEY DON VANDIVER",DEM,8,7,425,440,MCINTOSH
8/26/2014,"MAJOR","MAJOR COUNTY",11006,"FOR SUPERINTENDENT OF PUBLIC INSTRUCTION",DEM,8,8,1,"JOHN COX",DEM,9,1,77,87,,
8/26/2014,"MAJOR","MAJOR COUNTY",11006,"FOR SUPERINTENDENT OF PUBLIC INSTRUCTION",DEM,8,8,2,"FREDA DESKIN",DEM,5,6,50,61,,
8/26/2014,"MAJOR","MAJOR COUNTY",11011,"FOR UNITED STATES SENATOR (UNEXPIRED TERM)",DEM,8,8,1,"CONNIE JOHNSON",DEM,7,6,58,71,,
8/26/2014,"MAJOR","MAJOR COUNTY",11011,"FOR UNITED STATES SENATOR (UNEXPIRED TERM)",DEM,8,8,2,"JIM ROGERS",DEM,7,1,68,76,,
8/26/2014,"MAJOR","CITY OF FAIRVIEW",44701,"PROPOSITION  CITY OF FAIRVIEW",,2,2,1,"FOR THE PROPOSITION - YES",,16,9,193,218,,
8/26/2014,"MAJOR","CITY OF FAIRVIEW",44701,"PROPOSITION  CITY OF FAIRVIEW",,2,2,2,"AGAINST THE PROPOSITION - NO",,2,7,58,67,,
8/26/2014,"MARSHALL","MARSHALL COUNTY",11006,"FOR SUPERINTENDENT OF PUBLIC INSTRUCTION",DEM,11,11,1,"JOHN COX",DEM,11,15,200,226,,
8/26/2014,"MARSHALL","MARSHALL COUNTY",11006,"FOR SUPERINTENDENT OF PUBLIC INSTRUCTION",DEM,11,11,2,"FREDA DESKIN",DEM,10,6,57,73,,
8/26/2014,"MARSHALL","MARSHALL COUNTY",11011,"FOR UNITED STATES SENATOR (UNEXPIRED TERM)",DEM,11,11,1,"CONNIE JOHNSON",DEM,17,14,105,136,,
8/26/2014,"MARSHALL","MARSHALL COUNTY",11011,"FOR UNITED STATES SENATOR (UNEXPIRED TERM)",DEM,11,11,2,"JIM ROGERS",DEM,4,6,146,156,,
8/26/2014,"MAYES","MAYES COUNTY",11006,"FOR SUPERINTENDENT OF PUBLIC INSTRUCTION",DEM,27,27,1,"JOHN COX",DEM,38,170,1987,2195,,
8/26/2014,"MAYES","MAYES COUNTY",11006,"FOR SUPERINTENDENT OF PUBLIC INSTRUCTION",DEM,27,27,2,"FREDA DESKIN",DEM,13,24,282,319,,
8/26/2014,"MAYES","MAYES COUNTY",11011,"FOR UNITED STATES SENATOR (UNEXPIRED TERM)",DEM,27,27,1,"CONNIE JOHNSON",DEM,36,82,841,959,,
8/26/2014,"MAYES","MAYES COUNTY",11011,"FOR UNITED STATES SENATOR (UNEXPIRED TERM)",DEM,27,27,2,"JIM ROGERS",DEM,15,98,1317,1430,,
8/26/2014,"MAYES","MAYES COUNTY",11331,"FOR COUNTY COURT CLERK (UNEXPIRED TERM)",DEM,27,27,1,"RITA HARRISON",DEM,42,146,1343,1531,MAYES
8/26/2014,"MAYES","MAYES COUNTY",11331,"FOR COUNTY COURT CLERK (UNEXPIRED TERM)",DEM,27,27,2,"TAMARA QUALLS",DEM,10,51,923,984,MAYES
8/26/2014,"MAYES","MAYES COUNTY",30002,"PROPOSITION",,27,27,1,"FOR THE PROPOSITION - YES",,38,185,2034,2257,,
8/26/2014,"MAYES","MAYES COUNTY",30002,"PROPOSITION",,27,27,2,"AGAINST THE PROPOSITION - NO",,40,85,1117,1242,,
8/26/2014,"MAYES","TOWN OF LOCUST GROVE",44901,"FOR BOARD OF TRUSTEES (UNEXPIRED TERM)  TOWN OF LOCUST GROVE",,2,2,1,"DAUNNIE COOPER",,0,0,54,54,MAYES
8/26/2014,"MAYES","TOWN OF LOCUST GROVE",44901,"FOR BOARD OF TRUSTEES (UNEXPIRED TERM)  TOWN OF LOCUST GROVE",,2,2,2,"JASON D. WILLIAMS",,0,4,70,74,MAYES
8/26/2014,"MAYES","JAY PUBLIC SCHOOLS INDEPENDENT SCHOOL DISTRICT NO. 001",52101,"PROPOSITION  JAY PUBLIC SCHOOLS",,1,1,1,"FOR THE PROPOSITION - YES",,0,0,8,8,,
8/26/2014,"MAYES","JAY PUBLIC SCHOOLS INDEPENDENT SCHOOL DISTRICT NO. 001",52101,"PROPOSITION  JAY PUBLIC SCHOOLS",,1,1,2,"AGAINST THE PROPOSITION - NO",,0,0,3,3,,
8/26/2014,"MURRAY","MURRAY COUNTY",11006,"FOR SUPERINTENDENT OF PUBLIC INSTRUCTION",DEM,10,10,1,"JOHN COX",DEM,6,54,421,481,,
8/26/2014,"MURRAY","MURRAY COUNTY",11006,"FOR SUPERINTENDENT OF PUBLIC INSTRUCTION",DEM,10,10,2,"FREDA DESKIN",DEM,12,46,266,324,,
8/26/2014,"MURRAY","MURRAY COUNTY",11011,"FOR UNITED STATES SENATOR (UNEXPIRED TERM)",DEM,10,10,1,"CONNIE JOHNSON",DEM,12,45,314,371,,
8/26/2014,"MURRAY","MURRAY COUNTY",11011,"FOR UNITED STATES SENATOR (UNEXPIRED TERM)",DEM,10,10,2,"JIM ROGERS",DEM,6,49,365,420,,
8/26/2014,"MURRAY","MURRAY COUNTY",11386,"FOR COUNTY COMMISSIONER DISTRICT NO. 1",DEM,3,3,1,"KENT McKINLEY",DEM,8,58,284,350,MURRAY
8/26/2014,"MURRAY","MURRAY COUNTY",11386,"FOR COUNTY COMMISSIONER DISTRICT NO. 1",DEM,3,3,2,"SHANE CORNBREAD HALE",DEM,2,19,138,159,MURRAY
8/26/2014,"MURRAY","ELMORE CITY-PERNELL SCHOOLS INDEPENDENT SCHOOL DISTRICT NO. 072",52501,"PROPOSITION  ELMORE CITY-PERNELL SCHOOLS",,1,1,1,"FOR THE PROPOSITION - YES",,0,0,0,0,,
8/26/2014,"MURRAY","ELMORE CITY-PERNELL SCHOOLS INDEPENDENT SCHOOL DISTRICT NO. 072",52501,"PROPOSITION  ELMORE CITY-PERNELL SCHOOLS",,1,1,2,"AGAINST THE PROPOSITION - NO",,0,0,0,0,,
8/26/2014,"MUSKOGEE","MUSKOGEE COUNTY",11006,"FOR SUPERINTENDENT OF PUBLIC INSTRUCTION",DEM,33,33,1,"JOHN COX",DEM,52,228,3737,4017,,
8/26/2014,"MUSKOGEE","MUSKOGEE COUNTY",11006,"FOR SUPERINTENDENT OF PUBLIC INSTRUCTION",DEM,33,33,2,"FREDA DESKIN",DEM,30,131,2025,2186,,
8/26/2014,"MUSKOGEE","MUSKOGEE COUNTY",11011,"FOR UNITED STATES SENATOR (UNEXPIRED TERM)",DEM,33,33,1,"CONNIE JOHNSON",DEM,37,162,2561,2760,,
8/26/2014,"MUSKOGEE","MUSKOGEE COUNTY",11011,"FOR UNITED STATES SENATOR (UNEXPIRED TERM)",DEM,33,33,2,"JIM ROGERS",DEM,40,190,3101,3331,,
8/26/2014,"MUSKOGEE","MUSKOGEE COUNTY",11020,"FOR STATE SENATOR DISTRICT 8",DEM,4,4,1,"SELINA JAYNE-DORNAN",DEM,6,19,315,340,,
8/26/2014,"MUSKOGEE","MUSKOGEE COUNTY",11020,"FOR STATE SENATOR DISTRICT 8",DEM,4,4,2,"GARY L. CLASON",DEM,3,7,207,217,,
8/26/2014,"MUSKOGEE","MUSKOGEE COUNTY",11157,"FOR DISTRICT ATTORNEY DISTRICT 15",DEM,33,33,1,"ORVIL LOGE",DEM,42,179,3183,3404,,
8/26/2014,"MUSKOGEE","MUSKOGEE COUNTY",11157,"FOR DISTRICT ATTORNEY DISTRICT 15",DEM,33,33,2,"LARRY D. MOORE",DEM,42,192,2763,2997,,
8/26/2014,"MUSKOGEE","MUSKOGEE COUNTY",11387,"FOR COUNTY COMMISSIONER DISTRICT NO. 1",DEM,11,11,1,"SPECK PLUNKETT",DEM,13,74,1432,1519,MUSKOGEE
8/26/2014,"MUSKOGEE","MUSKOGEE COUNTY",11387,"FOR COUNTY COMMISSIONER DISTRICT NO. 1",DEM,11,11,2,"BOB BURGESS",DEM,24,85,1151,1260,MUSKOGEE
8/26/2014,"MUSKOGEE","MUSKOGEE COUNTY",11477,"FOR COUNTY COMMISSIONER DISTRICT NO. 3",DEM,10,10,1,"KENNY PAYNE",DEM,18,77,859,954,MUSKOGEE
8/26/2014,"MUSKOGEE","MUSKOGEE COUNTY",11477,"FOR COUNTY COMMISSIONER DISTRICT NO. 3",DEM,10,10,2,"WILLIE KEIFER",DEM,14,47,821,882,MUSKOGEE
8/26/2014,"MUSKOGEE","WEBBERS FALLS PUBLIC SCHOOLS INDEPENDENT SCHOOL DISTRICT NO. 006",55101,"PROPOSITION  WEBBERS FALLS PUBLIC SCHOOLS",,5,5,1,"FOR THE PROPOSITION - YES",,1,4,227,232,,
8/26/2014,"MUSKOGEE","WEBBERS FALLS PUBLIC SCHOOLS INDEPENDENT SCHOOL DISTRICT NO. 006",55101,"PROPOSITION  WEBBERS FALLS PUBLIC SCHOOLS",,5,5,2,"AGAINST THE PROPOSITION - NO",,8,5,59,72,,
8/26/2014,"NOBLE","OKLAHOMA DEPARTMENT OF CAREER AND TECHNOLOGY EDUCATION",6521,"PROPOSITION FRONTIER PUBLIC SCHOOLS",,6,6,1,"FOR THE PROPOSITION - YES",,0,0,36,36,,
8/26/2014,"NOBLE","OKLAHOMA DEPARTMENT OF CAREER AND TECHNOLOGY EDUCATION",6521,"PROPOSITION FRONTIER PUBLIC SCHOOLS",,6,6,2,"AGAINST THE PROPOSITION - NO",,1,7,198,206,,
8/26/2014,"NOBLE","NOBLE COUNTY",11006,"FOR SUPERINTENDENT OF PUBLIC INSTRUCTION",DEM,12,12,1,"JOHN COX",DEM,6,18,147,171,,
8/26/2014,"NOBLE","NOBLE COUNTY",11006,"FOR SUPERINTENDENT OF PUBLIC INSTRUCTION",DEM,12,12,2,"FREDA DESKIN",DEM,7,6,107,120,,
8/26/2014,"NOBLE","NOBLE COUNTY",11011,"FOR UNITED STATES SENATOR (UNEXPIRED TERM)",DEM,12,12,1,"CONNIE JOHNSON",DEM,7,17,100,124,,
8/26/2014,"NOBLE","NOBLE COUNTY",11011,"FOR UNITED STATES SENATOR (UNEXPIRED TERM)",DEM,12,12,2,"JIM ROGERS",DEM,7,7,151,165,,
8/26/2014,"NOBLE","NOBLE COUNTY",12079,"FOR STATE REPRESENTATIVE DISTRICT 38",REP,7,7,1,"JOHN PFEIFFER",REP,15,36,250,301,,
8/26/2014,"NOBLE","NOBLE COUNTY",12079,"FOR STATE REPRESENTATIVE DISTRICT 38",REP,7,7,2,"HAROLD LeVALLEY",REP,3,6,48,57,,
8/26/2014,"NOBLE","GARBER PUBLIC SCHOOLS INDEPENDENT SCHOOL DISTRICT NO. 047",52401,"PROPOSITION  GARBER PUBLIC SCHOOLS",,1,1,1,"FOR THE PROPOSITION - YES",,0,0,0,0,,
8/26/2014,"NOBLE","GARBER PUBLIC SCHOOLS INDEPENDENT SCHOOL DISTRICT NO. 047",52401,"PROPOSITION  GARBER PUBLIC SCHOOLS",,1,1,2,"AGAINST THE PROPOSITION - NO",,0,0,0,0,,
8/26/2014,"NOBLE","GLENCOE PUBLIC SCHOOLS INDEPENDENT SCHOOL DISTRICT NO. 101",56001,"PROPOSITION  GLENCOE PUBLIC SCHOOLS",,1,1,1,"FOR THE PROPOSITION - YES",,0,0,3,3,,
8/26/2014,"NOBLE","GLENCOE PUBLIC SCHOOLS INDEPENDENT SCHOOL DISTRICT NO. 101",56001,"PROPOSITION  GLENCOE PUBLIC SCHOOLS",,1,1,2,"AGAINST THE PROPOSITION - NO",,0,0,2,2,,
8/26/2014,"NOWATA","NOWATA COUNTY",11006,"FOR SUPERINTENDENT OF PUBLIC INSTRUCTION",DEM,11,11,1,"JOHN COX",DEM,15,31,354,400,,
8/26/2014,"NOWATA","NOWATA COUNTY",11006,"FOR SUPERINTENDENT OF PUBLIC INSTRUCTION",DEM,11,11,2,"FREDA DESKIN",DEM,7,6,99,112,,
8/26/2014,"NOWATA","NOWATA COUNTY",11011,"FOR UNITED STATES SENATOR (UNEXPIRED TERM)",DEM,11,11,1,"CONNIE JOHNSON",DEM,13,21,179,213,,
8/26/2014,"NOWATA","NOWATA COUNTY",11011,"FOR UNITED STATES SENATOR (UNEXPIRED TERM)",DEM,11,11,2,"JIM ROGERS",DEM,9,15,269,293,,
8/26/2014,"NOWATA","NOWATA COUNTY",11479,"FOR COUNTY COMMISSIONER DISTRICT NO. 3",DEM,4,4,1,"BUD FROST",DEM,6,9,134,149,NOWATA
8/26/2014,"NOWATA","NOWATA COUNTY",11479,"FOR COUNTY COMMISSIONER DISTRICT NO. 3",DEM,4,4,2,"RICHARD MILLER",DEM,4,12,126,142,NOWATA
8/26/2014,"OKFUSKEE","OKFUSKEE COUNTY",11006,"FOR SUPERINTENDENT OF PUBLIC INSTRUCTION",DEM,13,13,1,"JOHN COX",DEM,15,25,437,477,,
8/26/2014,"OKFUSKEE","OKFUSKEE COUNTY",11006,"FOR SUPERINTENDENT OF PUBLIC INSTRUCTION",DEM,13,13,2,"FREDA DESKIN",DEM,8,13,137,158,,
8/26/2014,"OKFUSKEE","OKFUSKEE COUNTY",11011,"FOR UNITED STATES SENATOR (UNEXPIRED TERM)",DEM,13,13,1,"CONNIE JOHNSON",DEM,15,16,217,248,,
8/26/2014,"OKFUSKEE","OKFUSKEE COUNTY",11011,"FOR UNITED STATES SENATOR (UNEXPIRED TERM)",DEM,13,13,2,"JIM ROGERS",DEM,8,21,330,359,,
8/26/2014,"OKFUSKEE","OKFUSKEE COUNTY",11020,"FOR STATE SENATOR DISTRICT 8",DEM,11,11,1,"SELINA JAYNE-DORNAN",DEM,6,19,298,323,,
8/26/2014,"OKFUSKEE","OKFUSKEE COUNTY",11020,"FOR STATE SENATOR DISTRICT 8",DEM,11,11,2,"GARY L. CLASON",DEM,5,12,213,230,,
8/26/2014,"OKFUSKEE","PADEN PUBLIC SCHOOLS INDEPENDENT SCHOOL DISTRICT NO. 014",55401,"PROPOSITION  PADEN PUBLIC SCHOOLS",,3,3,1,"FOR THE PROPOSITION - YES",,3,0,207,210,,
8/26/2014,"OKFUSKEE","PADEN PUBLIC SCHOOLS INDEPENDENT SCHOOL DISTRICT NO. 014",55401,"PROPOSITION  PADEN PUBLIC SCHOOLS",,3,3,2,"AGAINST THE PROPOSITION - NO",,0,0,68,68,,
8/26/2014,"OKLAHOMA","OKLAHOMA COUNTY",11006,"FOR SUPERINTENDENT OF PUBLIC INSTRUCTION",DEM,257,257,1,"JOHN COX",DEM,537,287,7799,8623,,
8/26/2014,"OKLAHOMA","OKLAHOMA COUNTY",11006,"FOR SUPERINTENDENT OF PUBLIC INSTRUCTION",DEM,257,257,2,"FREDA DESKIN",DEM,650,298,8498,9446,,
8/26/2014,"OKLAHOMA","OKLAHOMA COUNTY",11011,"FOR UNITED STATES SENATOR (UNEXPIRED TERM)",DEM,257,257,1,"CONNIE JOHNSON",DEM,886,535,13341,14762,,
8/26/2014,"OKLAHOMA","OKLAHOMA COUNTY",11011,"FOR UNITED STATES SENATOR (UNEXPIRED TERM)",DEM,257,257,2,"JIM ROGERS",DEM,308,62,2952,3322,,
8/26/2014,"OKLAHOMA","OKLAHOMA COUNTY",11016,"FOR UNITED STATES REPRESENTATIVE DISTRICT 05",DEM,233,233,1,"TOM GUILD",DEM,525,215,6636,7376,,
8/26/2014,"OKLAHOMA","OKLAHOMA COUNTY",11016,"FOR UNITED STATES REPRESENTATIVE DISTRICT 05",DEM,233,233,2,"AL McAFFREY",DEM,556,351,8428,9335,,
8/26/2014,"OKLAHOMA","OKLAHOMA COUNTY",11129,"FOR STATE REPRESENTATIVE DISTRICT 88",DEM,12,12,1,"JASON DUNNINGTON",DEM,37,41,914,992,,
8/26/2014,"OKLAHOMA","OKLAHOMA COUNTY",11129,"FOR STATE REPRESENTATIVE DISTRICT 88",DEM,12,12,2,"PAULA SOPHIA",DEM,31,46,893,970,,
8/26/2014,"OKLAHOMA","OKLAHOMA COUNTY",11130,"FOR STATE REPRESENTATIVE DISTRICT 89",DEM,8,8,1,"MARY SOSA",DEM,25,2,231,258,,
8/26/2014,"OKLAHOMA","OKLAHOMA COUNTY",11130,"FOR STATE REPRESENTATIVE DISTRICT 89",DEM,8,8,2,"SHANE STONE",DEM,102,2,291,395,,
8/26/2014,"OKLAHOMA","OKLAHOMA COUNTY",11140,"FOR STATE REPRESENTATIVE DISTRICT 99",DEM,16,16,1,"GEORGE E. YOUNG",DEM,35,71,1023,1129,,
8/26/2014,"OKLAHOMA","OKLAHOMA COUNTY",11140,"FOR STATE REPRESENTATIVE DISTRICT 99",DEM,16,16,2,"ELEANOR DARDEN THOMPSON",DEM,29,39,706,774,,
8/26/2014,"OKLAHOMA","OKLAHOMA COUNTY",12016,"FOR UNITED STATES REPRESENTATIVE DISTRICT 05",REP,233,233,1,"STEVE RUSSELL",REP,1124,252,16419,17795,,
8/26/2014,"OKLAHOMA","OKLAHOMA COUNTY",12016,"FOR UNITED STATES REPRESENTATIVE DISTRICT 05",REP,233,233,2,"PATRICE DOUGLAS",REP,912,188,11301,12401,,
8/26/2014,"OKLAHOMA","OKLAHOMA COUNTY",12027,"FOR STATE SENATOR DISTRICT 22",REP,14,14,1,"STEPHANIE BICE",REP,83,19,1349,1451,,
8/26/2014,"OKLAHOMA","OKLAHOMA COUNTY",12027,"FOR STATE SENATOR DISTRICT 22",REP,14,14,2,"MARK THOMAS",REP,77,11,848,936,,
8/26/2014,"OKLAHOMA","OKLAHOMA COUNTY",12036,"FOR STATE SENATOR DISTRICT 40",REP,31,31,1,"ERVIN YEN",REP,214,77,3097,3388,,
8/26/2014,"OKLAHOMA","OKLAHOMA COUNTY",12036,"FOR STATE SENATOR DISTRICT 40",REP,31,31,2,"STEVE KERN",REP,120,23,1665,1808,,
8/26/2014,"OKLAHOMA","PUTNAM CITY PUBLIC SCHOOLS INDEPENDENT SCHOOL DISTRICT NO. 001",55501,"PROPOSITION NO. 1  PUTNAM CITY PUBLIC SCHOOLS",,55,55,1,"FOR THE PROPOSITION - YES",,360,91,6595,7046,,
8/26/2014,"OKLAHOMA","PUTNAM CITY PUBLIC SCHOOLS INDEPENDENT SCHOOL DISTRICT NO. 001",55501,"PROPOSITION NO. 1  PUTNAM CITY PUBLIC SCHOOLS",,55,55,2,"AGAINST THE PROPOSITION - NO",,297,45,3343,3685,,
8/26/2014,"OKLAHOMA","PUTNAM CITY PUBLIC SCHOOLS INDEPENDENT SCHOOL DISTRICT NO. 001",55502,"PROPOSITION NO. 2  PUTNAM CITY PUBLIC SCHOOLS",,55,55,1,"FOR THE PROPOSITION - YES",,361,93,6460,6914,,
8/26/2014,"OKLAHOMA","PUTNAM CITY PUBLIC SCHOOLS INDEPENDENT SCHOOL DISTRICT NO. 001",55502,"PROPOSITION NO. 2  PUTNAM CITY PUBLIC SCHOOLS",,55,55,2,"AGAINST THE PROPOSITION - NO",,301,43,3500,3844,,
8/26/2014,"OKMULGEE","OKMULGEE COUNTY",11006,"FOR SUPERINTENDENT OF PUBLIC INSTRUCTION",DEM,29,29,1,"JOHN COX",DEM,37,28,1100,1165,,
8/26/2014,"OKMULGEE","OKMULGEE COUNTY",11006,"FOR SUPERINTENDENT OF PUBLIC INSTRUCTION",DEM,29,29,2,"FREDA DESKIN",DEM,27,24,499,550,,
8/26/2014,"OKMULGEE","OKMULGEE COUNTY",11011,"FOR UNITED STATES SENATOR (UNEXPIRED TERM)",DEM,29,29,1,"CONNIE JOHNSON",DEM,31,30,771,832,,
8/26/2014,"OKMULGEE","OKMULGEE COUNTY",11011,"FOR UNITED STATES SENATOR (UNEXPIRED TERM)",DEM,29,29,2,"JIM ROGERS",DEM,30,21,791,842,,
8/26/2014,"OKMULGEE","OKMULGEE COUNTY",11020,"FOR STATE SENATOR DISTRICT 8",DEM,29,29,1,"SELINA JAYNE-DORNAN",DEM,23,31,934,988,,
8/26/2014,"OKMULGEE","OKMULGEE COUNTY",11020,"FOR STATE SENATOR DISTRICT 8",DEM,29,29,2,"GARY L. CLASON",DEM,40,22,670,732,,
8/26/2014,"OKMULGEE","OKMULGEE COUNTY",11392,"FOR COUNTY COMMISSIONER DISTRICT NO. 1",DEM,8,8,1,"RON BALLARD",DEM,6,14,340,360,OKMULGEE
8/26/2014,"OKMULGEE","OKMULGEE COUNTY",11392,"FOR COUNTY COMMISSIONER DISTRICT NO. 1",DEM,8,8,2,"MIKE HUBBELL",DEM,13,4,247,264,OKMULGEE
8/26/2014,"OKMULGEE","CITY OF BEGGS",45601,"FOR MAYOR (UNEXPIRED TERM)  CITY OF BEGGS",,3,3,1,"KATHRYN BELL",,0,3,144,147,OKMULGEE
8/26/2014,"OKMULGEE","CITY OF BEGGS",45601,"FOR MAYOR (UNEXPIRED TERM)  CITY OF BEGGS",,3,3,2,"O. G. CORKY THOMPSON",,1,0,38,39,OKMULGEE
8/26/2014,"OKMULGEE","CITY OF BEGGS",45601,"FOR MAYOR (UNEXPIRED TERM)  CITY OF BEGGS",,3,3,3,"BURTON JONES",,0,1,75,76,OKMULGEE
8/26/2014,"OKMULGEE","CITY OF MORRIS",45605,"PROPOSITION  CITY OF MORRIS",,2,2,1,"FOR THE PROPOSITION - YES",,0,0,85,85,,
8/26/2014,"OKMULGEE","CITY OF MORRIS",45605,"PROPOSITION  CITY OF MORRIS",,2,2,2,"AGAINST THE PROPOSITION - NO",,0,2,10,12,,
8/26/2014,"OSAGE","OSAGE COUNTY",11006,"FOR SUPERINTENDENT OF PUBLIC INSTRUCTION",DEM,28,28,1,"JOHN COX",DEM,69,8,642,719,,
8/26/2014,"OSAGE","OSAGE COUNTY",11006,"FOR SUPERINTENDENT OF PUBLIC INSTRUCTION",DEM,28,28,2,"FREDA DESKIN",DEM,45,6,262,313,,
8/26/2014,"OSAGE","OSAGE COUNTY",11011,"FOR UNITED STATES SENATOR (UNEXPIRED TERM)",DEM,28,28,1,"CONNIE JOHNSON",DEM,75,10,531,616,,
8/26/2014,"OSAGE","OSAGE COUNTY",11011,"FOR UNITED STATES SENATOR (UNEXPIRED TERM)",DEM,28,28,2,"JIM ROGERS",DEM,39,5,363,407,,
8/26/2014,"OSAGE","BARNSDALL PUBLIC SCHOOLS INDEPENDENT SCHOOL DISTRICT NO. 029",55701,"PROPOSITION  BARNSDALL PUBLIC SCHOOLS",,4,4,1,"FOR THE PROPOSITION - YES",,8,1,116,125,,
8/26/2014,"OSAGE","BARNSDALL PUBLIC SCHOOLS INDEPENDENT SCHOOL DISTRICT NO. 029",55701,"PROPOSITION  BARNSDALL PUBLIC SCHOOLS",,4,4,2,"AGAINST THE PROPOSITION - NO",,3,0,13,16,,
8/26/2014,"OTTAWA","OTTAWA COUNTY",11006,"FOR SUPERINTENDENT OF PUBLIC INSTRUCTION",DEM,17,17,1,"JOHN COX",DEM,10,17,286,313,,
8/26/2014,"OTTAWA","OTTAWA COUNTY",11006,"FOR SUPERINTENDENT OF PUBLIC INSTRUCTION",DEM,17,17,2,"FREDA DESKIN",DEM,10,2,81,93,,
8/26/2014,"OTTAWA","OTTAWA COUNTY",11011,"FOR UNITED STATES SENATOR (UNEXPIRED TERM)",DEM,17,17,1,"CONNIE JOHNSON",DEM,8,9,194,211,,
8/26/2014,"OTTAWA","OTTAWA COUNTY",11011,"FOR UNITED STATES SENATOR (UNEXPIRED TERM)",DEM,17,17,2,"JIM ROGERS",DEM,12,8,169,189,,
8/26/2014,"PAWNEE","OKLAHOMA DEPARTMENT OF CAREER AND TECHNOLOGY EDUCATION",6521,"PROPOSITION FRONTIER PUBLIC SCHOOLS",,1,1,1,"FOR THE PROPOSITION - YES",,0,0,0,0,,
8/26/2014,"PAWNEE","OKLAHOMA DEPARTMENT OF CAREER AND TECHNOLOGY EDUCATION",6521,"PROPOSITION FRONTIER PUBLIC SCHOOLS",,1,1,2,"AGAINST THE PROPOSITION - NO",,0,0,1,1,,
8/26/2014,"PAWNEE","PAWNEE COUNTY",11006,"FOR SUPERINTENDENT OF PUBLIC INSTRUCTION",DEM,10,10,1,"JOHN COX",DEM,3,10,150,163,,
8/26/2014,"PAWNEE","PAWNEE COUNTY",11006,"FOR SUPERINTENDENT OF PUBLIC INSTRUCTION",DEM,10,10,2,"FREDA DESKIN",DEM,4,9,83,96,,
8/26/2014,"PAWNEE","PAWNEE COUNTY",11011,"FOR UNITED STATES SENATOR (UNEXPIRED TERM)",DEM,10,10,1,"CONNIE JOHNSON",DEM,1,13,122,136,,
8/26/2014,"PAWNEE","PAWNEE COUNTY",11011,"FOR UNITED STATES SENATOR (UNEXPIRED TERM)",DEM,10,10,2,"JIM ROGERS",DEM,6,5,108,119,,
8/26/2014,"PAWNEE","GLENCOE PUBLIC SCHOOLS INDEPENDENT SCHOOL DISTRICT NO. 101",56001,"PROPOSITION  GLENCOE PUBLIC SCHOOLS",,1,1,1,"FOR THE PROPOSITION - YES",,0,0,9,9,,
8/26/2014,"PAWNEE","GLENCOE PUBLIC SCHOOLS INDEPENDENT SCHOOL DISTRICT NO. 101",56001,"PROPOSITION  GLENCOE PUBLIC SCHOOLS",,1,1,2,"AGAINST THE PROPOSITION - NO",,0,0,9,9,,
8/26/2014,"PAYNE","PAYNE COUNTY",11006,"FOR SUPERINTENDENT OF PUBLIC INSTRUCTION",DEM,31,31,1,"JOHN COX",DEM,33,45,811,889,,
8/26/2014,"PAYNE","PAYNE COUNTY",11006,"FOR SUPERINTENDENT OF PUBLIC INSTRUCTION",DEM,31,31,2,"FREDA DESKIN",DEM,21,25,508,554,,
8/26/2014,"PAYNE","PAYNE COUNTY",11011,"FOR UNITED STATES SENATOR (UNEXPIRED TERM)",DEM,31,31,1,"CONNIE JOHNSON",DEM,38,50,843,931,,
8/26/2014,"PAYNE","PAYNE COUNTY",11011,"FOR UNITED STATES SENATOR (UNEXPIRED TERM)",DEM,31,31,2,"JIM ROGERS",DEM,17,21,463,501,,
8/26/2014,"PAYNE","PAYNE COUNTY",12486,"FOR COUNTY COMMISSIONER DISTRICT NO. 3",REP,11,11,1,"TED ARTHUR",REP,18,33,545,596,PAYNE
8/26/2014,"PAYNE","PAYNE COUNTY",12486,"FOR COUNTY COMMISSIONER DISTRICT NO. 3",REP,11,11,2,"KENT BRADLEY",REP,14,53,538,605,PAYNE
8/26/2014,"PAYNE","TOWN OF GLENCOE",46001,"PROPOSITION NO. 1  TOWN OF GLENCOE",,1,1,1,"FOR THE PROPOSITION - YES",,1,1,72,74,,
8/26/2014,"PAYNE","TOWN OF GLENCOE",46001,"PROPOSITION NO. 1  TOWN OF GLENCOE",,1,1,2,"AGAINST THE PROPOSITION - NO",,0,0,28,28,,
8/26/2014,"PAYNE","TOWN OF GLENCOE",46002,"PROPOSITION NO. 2  TOWN OF GLENCOE",,1,1,1,"FOR THE PROPOSITION - YES",,1,1,87,89,,
8/26/2014,"PAYNE","TOWN OF GLENCOE",46002,"PROPOSITION NO. 2  TOWN OF GLENCOE",,1,1,2,"AGAINST THE PROPOSITION - NO",,0,0,14,14,,
8/26/2014,"PAYNE","GLENCOE PUBLIC SCHOOLS INDEPENDENT SCHOOL DISTRICT NO. 101",56001,"PROPOSITION  GLENCOE PUBLIC SCHOOLS",,4,4,1,"FOR THE PROPOSITION - YES",,5,3,172,180,,
8/26/2014,"PAYNE","GLENCOE PUBLIC SCHOOLS INDEPENDENT SCHOOL DISTRICT NO. 101",56001,"PROPOSITION  GLENCOE PUBLIC SCHOOLS",,4,4,2,"AGAINST THE PROPOSITION - NO",,6,0,101,107,,
8/26/2014,"PITTSBURG","SPECIAL CITY OF MCALESTER",6611,"PROPOSITION  SPECIAL CITY OF MCALESTER",,17,17,1,"FOR THE PROPOSITION - YES",,10,54,667,731,,
8/26/2014,"PITTSBURG","SPECIAL CITY OF MCALESTER",6611,"PROPOSITION  SPECIAL CITY OF MCALESTER",,17,17,2,"AGAINST THE PROPOSITION - NO",,11,19,321,351,,
8/26/2014,"PITTSBURG","PITTSBURG COUNTY",11006,"FOR SUPERINTENDENT OF PUBLIC INSTRUCTION",DEM,41,41,1,"JOHN COX",DEM,20,96,1644,1760,,
8/26/2014,"PITTSBURG","PITTSBURG COUNTY",11006,"FOR SUPERINTENDENT OF PUBLIC INSTRUCTION",DEM,41,41,2,"FREDA DESKIN",DEM,12,28,432,472,,
8/26/2014,"PITTSBURG","PITTSBURG COUNTY",11011,"FOR UNITED STATES SENATOR (UNEXPIRED TERM)",DEM,41,41,1,"CONNIE JOHNSON",DEM,13,65,799,877,,
8/26/2014,"PITTSBURG","PITTSBURG COUNTY",11011,"FOR UNITED STATES SENATOR (UNEXPIRED TERM)",DEM,41,41,2,"JIM ROGERS",DEM,18,56,1223,1297,,
8/26/2014,"PITTSBURG","CITY OF MCALESTER",46101,"PROPOSITION NO. 1  CITY OF MCALESTER",,17,17,1,"FOR THE PROPOSITION - YES",,9,54,716,779,,
8/26/2014,"PITTSBURG","CITY OF MCALESTER",46101,"PROPOSITION NO. 1  CITY OF MCALESTER",,17,17,2,"AGAINST THE PROPOSITION - NO",,12,18,259,289,,
8/26/2014,"PITTSBURG","CITY OF MCALESTER",46102,"PROPOSITION NO. 2  CITY OF MCALESTER",,17,17,1,"FOR THE PROPOSITION - YES",,10,59,689,758,,
8/26/2014,"PITTSBURG","CITY OF MCALESTER",46102,"PROPOSITION NO. 2  CITY OF MCALESTER",,17,17,2,"AGAINST THE PROPOSITION - NO",,11,13,294,318,,
8/26/2014,"PITTSBURG","CITY OF MCALESTER",46103,"PROPOSITION NO. 3  CITY OF MCALESTER",,17,17,1,"FOR THE PROPOSITION - YES",,12,57,685,754,,
8/26/2014,"PITTSBURG","CITY OF MCALESTER",46103,"PROPOSITION NO. 3  CITY OF MCALESTER",,17,17,2,"AGAINST THE PROPOSITION - NO",,9,15,294,318,,
8/26/2014,"PITTSBURG","CITY OF MCALESTER",46104,"PROPOSITION NO. 4  CITY OF MCALESTER",,17,17,1,"FOR THE PROPOSITION - YES",,18,46,759,823,,
8/26/2014,"PITTSBURG","CITY OF MCALESTER",46104,"PROPOSITION NO. 4  CITY OF MCALESTER",,17,17,2,"AGAINST THE PROPOSITION - NO",,1,10,134,145,,
8/26/2014,"PITTSBURG","CITY OF MCALESTER",46105,"PROPOSITION NO. 5  CITY OF MCALESTER",,17,17,1,"FOR THE PROPOSITION - YES",,17,45,708,770,,
8/26/2014,"PITTSBURG","CITY OF MCALESTER",46105,"PROPOSITION NO. 5  CITY OF MCALESTER",,17,17,2,"AGAINST THE PROPOSITION - NO",,2,11,179,192,,
8/26/2014,"PITTSBURG","CITY OF MCALESTER",46106,"PROPOSITION NO. 6  CITY OF MCALESTER",,17,17,1,"FOR THE PROPOSITION - YES",,16,43,695,754,,
8/26/2014,"PITTSBURG","CITY OF MCALESTER",46106,"PROPOSITION NO. 6  CITY OF MCALESTER",,17,17,2,"AGAINST THE PROPOSITION - NO",,3,13,188,204,,
8/26/2014,"PITTSBURG","KREBS PUBLIC SCHOOL ELEMENTARY SCHOOL DISTRICT NO. 009",56101,"PROPOSITION  KREBS PUBLIC SCHOOL",,7,7,1,"FOR THE PROPOSITION - YES",,1,8,212,221,,
8/26/2014,"PITTSBURG","KREBS PUBLIC SCHOOL ELEMENTARY SCHOOL DISTRICT NO. 009",56101,"PROPOSITION  KREBS PUBLIC SCHOOL",,7,7,2,"AGAINST THE PROPOSITION - NO",,0,7,114,121,,
8/26/2014,"PONTOTOC","PONTOTOC COUNTY",11006,"FOR SUPERINTENDENT OF PUBLIC INSTRUCTION",DEM,21,21,1,"JOHN COX",DEM,18,34,387,439,,
8/26/2014,"PONTOTOC","PONTOTOC COUNTY",11006,"FOR SUPERINTENDENT OF PUBLIC INSTRUCTION",DEM,21,21,2,"FREDA DESKIN",DEM,37,17,296,350,,
8/26/2014,"PONTOTOC","PONTOTOC COUNTY",11011,"FOR UNITED STATES SENATOR (UNEXPIRED TERM)",DEM,21,21,1,"CONNIE JOHNSON",DEM,38,29,292,359,,
8/26/2014,"PONTOTOC","PONTOTOC COUNTY",11011,"FOR UNITED STATES SENATOR (UNEXPIRED TERM)",DEM,21,21,2,"JIM ROGERS",DEM,15,21,374,410,,
8/26/2014,"PONTOTOC","ASHER PUBLIC SCHOOLS INDEPENDENT SCHOOL DISTRICT NO. 112",56301,"PROPOSITION NO. 1  ASHER PUBLIC SCHOOLS",,1,1,1,"FOR THE PROPOSITION - YES",,0,0,7,7,,
8/26/2014,"PONTOTOC","ASHER PUBLIC SCHOOLS INDEPENDENT SCHOOL DISTRICT NO. 112",56301,"PROPOSITION NO. 1  ASHER PUBLIC SCHOOLS",,1,1,2,"AGAINST THE PROPOSITION - NO",,0,0,2,2,,
8/26/2014,"PONTOTOC","ASHER PUBLIC SCHOOLS INDEPENDENT SCHOOL DISTRICT NO. 112",56302,"PROPOSITION NO. 2  ASHER PUBLIC SCHOOLS",,1,1,1,"FOR THE PROPOSITION - YES",,0,0,7,7,,
8/26/2014,"PONTOTOC","ASHER PUBLIC SCHOOLS INDEPENDENT SCHOOL DISTRICT NO. 112",56302,"PROPOSITION NO. 2  ASHER PUBLIC SCHOOLS",,1,1,2,"AGAINST THE PROPOSITION - NO",,0,0,2,2,,
8/26/2014,"POTTAWATOMIE","POTTAWATOMIE COUNTY",11006,"FOR SUPERINTENDENT OF PUBLIC INSTRUCTION",DEM,26,26,1,"JOHN COX",DEM,33,35,910,978,,
8/26/2014,"POTTAWATOMIE","POTTAWATOMIE COUNTY",11006,"FOR SUPERINTENDENT OF PUBLIC INSTRUCTION",DEM,26,26,2,"FREDA DESKIN",DEM,37,14,627,678,,
8/26/2014,"POTTAWATOMIE","POTTAWATOMIE COUNTY",11011,"FOR UNITED STATES SENATOR (UNEXPIRED TERM)",DEM,26,26,1,"CONNIE JOHNSON",DEM,42,33,866,941,,
8/26/2014,"POTTAWATOMIE","POTTAWATOMIE COUNTY",11011,"FOR UNITED STATES SENATOR (UNEXPIRED TERM)",DEM,26,26,2,"JIM ROGERS",DEM,29,16,641,686,,
8/26/2014,"POTTAWATOMIE","POTTAWATOMIE COUNTY",11016,"FOR UNITED STATES REPRESENTATIVE DISTRICT 05",DEM,26,26,1,"TOM GUILD",DEM,33,24,865,922,,
8/26/2014,"POTTAWATOMIE","POTTAWATOMIE COUNTY",11016,"FOR UNITED STATES REPRESENTATIVE DISTRICT 05",DEM,26,26,2,"AL McAFFREY",DEM,38,24,654,716,,
8/26/2014,"POTTAWATOMIE","POTTAWATOMIE COUNTY",12016,"FOR UNITED STATES REPRESENTATIVE DISTRICT 05",REP,26,26,1,"STEVE RUSSELL",REP,48,44,1223,1315,,
8/26/2014,"POTTAWATOMIE","POTTAWATOMIE COUNTY",12016,"FOR UNITED STATES REPRESENTATIVE DISTRICT 05",REP,26,26,2,"PATRICE DOUGLAS",REP,28,30,703,761,,
8/26/2014,"POTTAWATOMIE","CITY OF TECUMSEH",46301,"FOR MAYOR  CITY OF TECUMSEH",,4,4,1,"HuBERT POOLE",,5,0,48,53,POTTAWATOMIE
8/26/2014,"POTTAWATOMIE","CITY OF TECUMSEH",46301,"FOR MAYOR  CITY OF TECUMSEH",,4,4,2,"EDDY PARKER",,8,14,348,370,POTTAWATOMIE
8/26/2014,"POTTAWATOMIE","CITY OF TECUMSEH",46303,"FOR COUNCILMAN WARD FOUR  CITY OF TECUMSEH",,4,4,1,"PATRICK S LEMMINGS",,6,1,131,138,POTTAWATOMIE
8/26/2014,"POTTAWATOMIE","CITY OF TECUMSEH",46303,"FOR COUNCILMAN WARD FOUR  CITY OF TECUMSEH",,4,4,2,"JOHN COLLIER",,7,12,253,272,POTTAWATOMIE
8/26/2014,"POTTAWATOMIE","TOWN OF BETHEL ACRES",46305,"PROPOSITION  TOWN OF BETHEL ACRES",,4,4,1,"FOR THE PROPOSITION - YES",,1,6,145,152,,
8/26/2014,"POTTAWATOMIE","TOWN OF BETHEL ACRES",46305,"PROPOSITION  TOWN OF BETHEL ACRES",,4,4,2,"AGAINST THE PROPOSITION - NO",,8,3,109,120,,
8/26/2014,"POTTAWATOMIE","ASHER PUBLIC SCHOOLS INDEPENDENT SCHOOL DISTRICT NO. 112",56301,"PROPOSITION NO. 1  ASHER PUBLIC SCHOOLS",,2,2,1,"FOR THE PROPOSITION - YES",,0,0,96,96,,
8/26/2014,"POTTAWATOMIE","ASHER PUBLIC SCHOOLS INDEPENDENT SCHOOL DISTRICT NO. 112",56301,"PROPOSITION NO. 1  ASHER PUBLIC SCHOOLS",,2,2,2,"AGAINST THE PROPOSITION - NO",,0,1,17,18,,
8/26/2014,"POTTAWATOMIE","ASHER PUBLIC SCHOOLS INDEPENDENT SCHOOL DISTRICT NO. 112",56302,"PROPOSITION NO. 2  ASHER PUBLIC SCHOOLS",,2,2,1,"FOR THE PROPOSITION - YES",,0,0,95,95,,
8/26/2014,"POTTAWATOMIE","ASHER PUBLIC SCHOOLS INDEPENDENT SCHOOL DISTRICT NO. 112",56302,"PROPOSITION NO. 2  ASHER PUBLIC SCHOOLS",,2,2,2,"AGAINST THE PROPOSITION - NO",,0,1,15,16,,
8/26/2014,"PUSHMATAHA","PUSHMATAHA COUNTY",11006,"FOR SUPERINTENDENT OF PUBLIC INSTRUCTION",DEM,16,16,1,"JOHN COX",DEM,13,11,586,610,,
8/26/2014,"PUSHMATAHA","PUSHMATAHA COUNTY",11006,"FOR SUPERINTENDENT OF PUBLIC INSTRUCTION",DEM,16,16,2,"FREDA DESKIN",DEM,8,10,197,215,,
8/26/2014,"PUSHMATAHA","PUSHMATAHA COUNTY",11011,"FOR UNITED STATES SENATOR (UNEXPIRED TERM)",DEM,16,16,1,"CONNIE JOHNSON",DEM,7,9,236,252,,
8/26/2014,"PUSHMATAHA","PUSHMATAHA COUNTY",11011,"FOR UNITED STATES SENATOR (UNEXPIRED TERM)",DEM,16,16,2,"JIM ROGERS",DEM,12,10,501,523,,
8/26/2014,"PUSHMATAHA","PUSHMATAHA COUNTY",11490,"FOR COUNTY COMMISSIONER DISTRICT NO. 3",DEM,5,5,1,"LARRY BELL",DEM,4,1,258,263,PUSHMATAHA
8/26/2014,"PUSHMATAHA","PUSHMATAHA COUNTY",11490,"FOR COUNTY COMMISSIONER DISTRICT NO. 3",DEM,5,5,2,"RICKIE BRIGGS",DEM,13,0,305,318,PUSHMATAHA
8/26/2014,"ROGER MILLS","ROGER MILLS COUNTY",11006,"FOR SUPERINTENDENT OF PUBLIC INSTRUCTION",DEM,9,9,1,"JOHN COX",DEM,6,19,83,108,,
8/26/2014,"ROGER MILLS","ROGER MILLS COUNTY",11006,"FOR SUPERINTENDENT OF PUBLIC INSTRUCTION",DEM,9,9,2,"FREDA DESKIN",DEM,2,3,26,31,,
8/26/2014,"ROGER MILLS","ROGER MILLS COUNTY",11011,"FOR UNITED STATES SENATOR (UNEXPIRED TERM)",DEM,9,9,1,"CONNIE JOHNSON",DEM,3,9,51,63,,
8/26/2014,"ROGER MILLS","ROGER MILLS COUNTY",11011,"FOR UNITED STATES SENATOR (UNEXPIRED TERM)",DEM,9,9,2,"JIM ROGERS",DEM,5,13,54,72,,
8/26/2014,"ROGERS","ROGERS COUNTY",11006,"FOR SUPERINTENDENT OF PUBLIC INSTRUCTION",DEM,36,36,1,"JOHN COX",DEM,39,43,1009,1091,,
8/26/2014,"ROGERS","ROGERS COUNTY",11006,"FOR SUPERINTENDENT OF PUBLIC INSTRUCTION",DEM,36,36,2,"FREDA DESKIN",DEM,24,10,289,323,,
8/26/2014,"ROGERS","ROGERS COUNTY",11011,"FOR UNITED STATES SENATOR (UNEXPIRED TERM)",DEM,36,36,1,"CONNIE JOHNSON",DEM,43,35,645,723,,
8/26/2014,"ROGERS","ROGERS COUNTY",11011,"FOR UNITED STATES SENATOR (UNEXPIRED TERM)",DEM,36,36,2,"JIM ROGERS",DEM,21,18,633,672,,
8/26/2014,"SEMINOLE","SEMINOLE COUNTY",11006,"FOR SUPERINTENDENT OF PUBLIC INSTRUCTION",DEM,14,14,1,"JOHN COX",DEM,20,22,551,593,,
8/26/2014,"SEMINOLE","SEMINOLE COUNTY",11006,"FOR SUPERINTENDENT OF PUBLIC INSTRUCTION",DEM,14,14,2,"FREDA DESKIN",DEM,7,13,266,286,,
8/26/2014,"SEMINOLE","SEMINOLE COUNTY",11011,"FOR UNITED STATES SENATOR (UNEXPIRED TERM)",DEM,14,14,1,"CONNIE JOHNSON",DEM,14,21,376,411,,
8/26/2014,"SEMINOLE","SEMINOLE COUNTY",11011,"FOR UNITED STATES SENATOR (UNEXPIRED TERM)",DEM,14,14,2,"JIM ROGERS",DEM,12,13,424,449,,
8/26/2014,"SEMINOLE","SEMINOLE COUNTY",11016,"FOR UNITED STATES REPRESENTATIVE DISTRICT 05",DEM,14,14,1,"TOM GUILD",DEM,14,19,462,495,,
8/26/2014,"SEMINOLE","SEMINOLE COUNTY",11016,"FOR UNITED STATES REPRESENTATIVE DISTRICT 05",DEM,14,14,2,"AL McAFFREY",DEM,12,15,339,366,,
8/26/2014,"SEMINOLE","SEMINOLE COUNTY",11403,"FOR COUNTY COMMISSIONER DISTRICT NO. 1",DEM,4,4,1,"HERB WILLIAMS",DEM,5,3,173,181,SEMINOLE
8/26/2014,"SEMINOLE","SEMINOLE COUNTY",11403,"FOR COUNTY COMMISSIONER DISTRICT NO. 1",DEM,4,4,2,"GARY K. CHOATE",DEM,7,6,245,258,SEMINOLE
8/26/2014,"SEMINOLE","SEMINOLE COUNTY",12016,"FOR UNITED STATES REPRESENTATIVE DISTRICT 05",REP,14,14,1,"STEVE RUSSELL",REP,13,12,239,264,,
8/26/2014,"SEMINOLE","SEMINOLE COUNTY",12016,"FOR UNITED STATES REPRESENTATIVE DISTRICT 05",REP,14,14,2,"PATRICE DOUGLAS",REP,6,3,148,157,,
8/26/2014,"SEQUOYAH","SEQUOYAH COUNTY",11006,"FOR SUPERINTENDENT OF PUBLIC INSTRUCTION",DEM,26,26,1,"JOHN COX",DEM,22,27,631,680,,
8/26/2014,"SEQUOYAH","SEQUOYAH COUNTY",11006,"FOR SUPERINTENDENT OF PUBLIC INSTRUCTION",DEM,26,26,2,"FREDA DESKIN",DEM,15,7,136,158,,
8/26/2014,"SEQUOYAH","SEQUOYAH COUNTY",11011,"FOR UNITED STATES SENATOR (UNEXPIRED TERM)",DEM,26,26,1,"CONNIE JOHNSON",DEM,20,14,273,307,,
8/26/2014,"SEQUOYAH","SEQUOYAH COUNTY",11011,"FOR UNITED STATES SENATOR (UNEXPIRED TERM)",DEM,26,26,2,"JIM ROGERS",DEM,17,20,472,509,,
8/26/2014,"STEPHENS","STEPHENS COUNTY",11006,"FOR SUPERINTENDENT OF PUBLIC INSTRUCTION",DEM,28,28,1,"JOHN COX",DEM,13,34,477,524,,
8/26/2014,"STEPHENS","STEPHENS COUNTY",11006,"FOR SUPERINTENDENT OF PUBLIC INSTRUCTION",DEM,28,28,2,"FREDA DESKIN",DEM,9,23,210,242,,
8/26/2014,"STEPHENS","STEPHENS COUNTY",11011,"FOR UNITED STATES SENATOR (UNEXPIRED TERM)",DEM,28,28,1,"CONNIE JOHNSON",DEM,12,34,388,434,,
8/26/2014,"STEPHENS","STEPHENS COUNTY",11011,"FOR UNITED STATES SENATOR (UNEXPIRED TERM)",DEM,28,28,2,"JIM ROGERS",DEM,10,23,286,319,,
8/26/2014,"STEPHENS","STEPHENS COUNTY",12106,"FOR STATE REPRESENTATIVE DISTRICT 65",REP,3,3,1,"SCOTT HAYES",REP,0,0,10,10,,
8/26/2014,"STEPHENS","STEPHENS COUNTY",12106,"FOR STATE REPRESENTATIVE DISTRICT 65",REP,3,3,2,"SCOOTER PARK",REP,1,4,31,36,,
8/26/2014,"STEPHENS","TEMPLE PUBLIC SCHOOLS INDEPENDENT SCHOOL DISTRICT NO. 101",51701,"PROPOSITION NO. 1  TEMPLE PUBLIC SCHOOLS",,1,1,1,"FOR THE PROPOSITION - YES",,0,0,0,0,,
8/26/2014,"STEPHENS","TEMPLE PUBLIC SCHOOLS INDEPENDENT SCHOOL DISTRICT NO. 101",51701,"PROPOSITION NO. 1  TEMPLE PUBLIC SCHOOLS",,1,1,2,"AGAINST THE PROPOSITION - NO",,0,0,0,0,,
8/26/2014,"STEPHENS","TEMPLE PUBLIC SCHOOLS INDEPENDENT SCHOOL DISTRICT NO. 101",51702,"PROPOSITION NO. 2  TEMPLE PUBLIC SCHOOLS",,1,1,1,"FOR THE PROPOSITION - YES",,0,0,0,0,,
8/26/2014,"STEPHENS","TEMPLE PUBLIC SCHOOLS INDEPENDENT SCHOOL DISTRICT NO. 101",51702,"PROPOSITION NO. 2  TEMPLE PUBLIC SCHOOLS",,1,1,2,"AGAINST THE PROPOSITION - NO",,0,0,0,0,,
8/26/2014,"STEPHENS","ELMORE CITY-PERNELL SCHOOLS INDEPENDENT SCHOOL DISTRICT NO. 072",52501,"PROPOSITION  ELMORE CITY-PERNELL SCHOOLS",,1,1,1,"FOR THE PROPOSITION - YES",,0,0,0,0,,
8/26/2014,"STEPHENS","ELMORE CITY-PERNELL SCHOOLS INDEPENDENT SCHOOL DISTRICT NO. 072",52501,"PROPOSITION  ELMORE CITY-PERNELL SCHOOLS",,1,1,2,"AGAINST THE PROPOSITION - NO",,0,0,0,0,,
8/26/2014,"TEXAS","TEXAS COUNTY",11006,"FOR SUPERINTENDENT OF PUBLIC INSTRUCTION",DEM,11,11,1,"JOHN COX",DEM,5,9,94,108,,
8/26/2014,"TEXAS","TEXAS COUNTY",11006,"FOR SUPERINTENDENT OF PUBLIC INSTRUCTION",DEM,11,11,2,"FREDA DESKIN",DEM,3,3,84,90,,
8/26/2014,"TEXAS","TEXAS COUNTY",11011,"FOR UNITED STATES SENATOR (UNEXPIRED TERM)",DEM,11,11,1,"CONNIE JOHNSON",DEM,2,6,77,85,,
8/26/2014,"TEXAS","TEXAS COUNTY",11011,"FOR UNITED STATES SENATOR (UNEXPIRED TERM)",DEM,11,11,2,"JIM ROGERS",DEM,6,6,99,111,,
8/26/2014,"TEXAS","TEXAS COUNTY",12102,"FOR STATE REPRESENTATIVE DISTRICT 61",REP,11,11,1,"CASEY MURDOCK",REP,29,72,621,722,,
8/26/2014,"TEXAS","TEXAS COUNTY",12102,"FOR STATE REPRESENTATIVE DISTRICT 61",REP,11,11,2,"KENNY BOB TAPP",REP,19,16,360,395,,
8/26/2014,"TEXAS","TURPIN PUBLIC SCHOOLS INDEPENDENT SCHOOL DISTRICT NO. 128",50401,"PROPOSITION  TURPIN PUBLIC SCHOOLS",,2,2,1,"FOR THE PROPOSITION - YES",,2,0,18,20,,
8/26/2014,"TEXAS","TURPIN PUBLIC SCHOOLS INDEPENDENT SCHOOL DISTRICT NO. 128",50401,"PROPOSITION  TURPIN PUBLIC SCHOOLS",,2,2,2,"AGAINST THE PROPOSITION - NO",,8,2,7,17,,
8/26/2014,"TILLMAN","TILLMAN COUNTY",11006,"FOR SUPERINTENDENT OF PUBLIC INSTRUCTION",DEM,9,9,1,"JOHN COX",DEM,3,7,116,126,,
8/26/2014,"TILLMAN","TILLMAN COUNTY",11006,"FOR SUPERINTENDENT OF PUBLIC INSTRUCTION",DEM,9,9,2,"FREDA DESKIN",DEM,1,14,67,82,,
8/26/2014,"TILLMAN","TILLMAN COUNTY",11011,"FOR UNITED STATES SENATOR (UNEXPIRED TERM)",DEM,9,9,1,"CONNIE JOHNSON",DEM,1,10,89,100,,
8/26/2014,"TILLMAN","TILLMAN COUNTY",11011,"FOR UNITED STATES SENATOR (UNEXPIRED TERM)",DEM,9,9,2,"JIM ROGERS",DEM,3,11,91,105,,
8/26/2014,"TILLMAN","TIPTON PUBLIC SCHOOLS INDEPENDENT SCHOOL DISTRICT NO. 008",57101,"PROPOSITION  TIPTON PUBLIC SCHOOLS",,2,2,1,"FOR THE PROPOSITION - YES",,1,2,139,142,,
8/26/2014,"TILLMAN","TIPTON PUBLIC SCHOOLS INDEPENDENT SCHOOL DISTRICT NO. 008",57101,"PROPOSITION  TIPTON PUBLIC SCHOOLS",,2,2,2,"AGAINST THE PROPOSITION - NO",,1,1,11,13,,
8/26/2014,"TULSA","TULSA COUNTY",11006,"FOR SUPERINTENDENT OF PUBLIC INSTRUCTION",DEM,262,262,1,"JOHN COX",DEM,328,141,4575,5044,,
8/26/2014,"TULSA","TULSA COUNTY",11006,"FOR SUPERINTENDENT OF PUBLIC INSTRUCTION",DEM,262,262,2,"FREDA DESKIN",DEM,378,114,3511,4003,,
8/26/2014,"TULSA","TULSA COUNTY",11011,"FOR UNITED STATES SENATOR (UNEXPIRED TERM)",DEM,262,262,1,"CONNIE JOHNSON",DEM,501,211,5976,6688,,
8/26/2014,"TULSA","TULSA COUNTY",11011,"FOR UNITED STATES SENATOR (UNEXPIRED TERM)",DEM,262,262,2,"JIM ROGERS",DEM,201,41,2040,2282,,
8/26/2014,"TULSA","TULSA COUNTY",12070,"FOR STATE REPRESENTATIVE DISTRICT 29",REP,2,2,1,"JAMES LEEWRIGHT",REP,4,4,95,103,,
8/26/2014,"TULSA","TULSA COUNTY",12070,"FOR STATE REPRESENTATIVE DISTRICT 29",REP,2,2,2,"DANI THOMPSON-FIELDS",REP,4,3,64,71,,
8/26/2014,"TULSA","TULSA COUNTY",12110,"FOR STATE REPRESENTATIVE DISTRICT 69",REP,15,15,1,"MELISSA ABDO",REP,84,34,1141,1259,,
8/26/2014,"TULSA","TULSA COUNTY",12110,"FOR STATE REPRESENTATIVE DISTRICT 69",REP,15,15,2,"CHUCK STROHM",REP,59,21,1298,1378,,
8/26/2014,"TULSA","TULSA COUNTY",12156,"FOR DISTRICT ATTORNEY DISTRICT 14",REP,262,262,1,"STEVE KUNZWEILER",REP,749,212,10922,11883,,
8/26/2014,"TULSA","TULSA COUNTY",12156,"FOR DISTRICT ATTORNEY DISTRICT 14",REP,262,262,2,"FRED JORDAN",REP,439,197,8776,9412,,
8/26/2014,"TULSA","CITY OF SAPULPA",41901,"PROPOSITION NO. 1  CITY OF SAPULPA",,2,2,1,"FOR THE PROPOSITION - YES",,0,0,1,1,,
8/26/2014,"TULSA","CITY OF SAPULPA",41901,"PROPOSITION NO. 1  CITY OF SAPULPA",,2,2,2,"AGAINST THE PROPOSITION - NO",,0,0,0,0,,
8/26/2014,"TULSA","CITY OF SAPULPA",41902,"PROPOSITION NO. 2  CITY OF SAPULPA",,2,2,1,"FOR THE PROPOSITION - YES",,0,0,1,1,,
8/26/2014,"TULSA","CITY OF SAPULPA",41902,"PROPOSITION NO. 2  CITY OF SAPULPA",,2,2,2,"AGAINST THE PROPOSITION - NO",,0,0,0,0,,
8/26/2014,"TULSA","CITY OF SAPULPA",41903,"PROPOSITION NO. 3  CITY OF SAPULPA",,2,2,1,"FOR THE PROPOSITION - YES",,0,0,0,0,,
8/26/2014,"TULSA","CITY OF SAPULPA",41903,"PROPOSITION NO. 3  CITY OF SAPULPA",,2,2,2,"AGAINST THE PROPOSITION - NO",,0,0,1,1,,
8/26/2014,"TULSA","CITY OF SAPULPA",41904,"PROPOSITION NO. 4  CITY OF SAPULPA",,2,2,1,"FOR THE PROPOSITION - YES",,0,0,1,1,,
8/26/2014,"TULSA","CITY OF SAPULPA",41904,"PROPOSITION NO. 4  CITY OF SAPULPA",,2,2,2,"AGAINST THE PROPOSITION - NO",,0,0,0,0,,
8/26/2014,"TULSA","CITY OF SAPULPA",41905,"PROPOSITION NO. 5  CITY OF SAPULPA",,2,2,1,"FOR THE PROPOSITION - YES",,0,0,1,1,,
8/26/2014,"TULSA","CITY OF SAPULPA",41905,"PROPOSITION NO. 5  CITY OF SAPULPA",,2,2,2,"AGAINST THE PROPOSITION - NO",,0,0,0,0,,
8/26/2014,"TULSA","CITY OF SAPULPA",41906,"PROPOSITION NO. 6  CITY OF SAPULPA",,2,2,1,"FOR THE PROPOSITION - YES",,0,0,1,1,,
8/26/2014,"TULSA","CITY OF SAPULPA",41906,"PROPOSITION NO. 6  CITY OF SAPULPA",,2,2,2,"AGAINST THE PROPOSITION - NO",,0,0,0,0,,
8/26/2014,"TULSA","CITY OF SAPULPA",41907,"PROPOSITION NO. 7  CITY OF SAPULPA",,2,2,1,"FOR THE PROPOSITION - YES",,0,0,1,1,,
8/26/2014,"TULSA","CITY OF SAPULPA",41907,"PROPOSITION NO. 7  CITY OF SAPULPA",,2,2,2,"AGAINST THE PROPOSITION - NO",,0,0,0,0,,
8/26/2014,"TULSA","CITY OF SAPULPA",41908,"PROPOSITION NO. 8  CITY OF SAPULPA",,2,2,1,"FOR THE PROPOSITION - YES",,0,0,1,1,,
8/26/2014,"TULSA","CITY OF SAPULPA",41908,"PROPOSITION NO. 8  CITY OF SAPULPA",,2,2,2,"AGAINST THE PROPOSITION - NO",,0,0,0,0,,
8/26/2014,"TULSA","CITY OF SAPULPA",41909,"PROPOSITION NO. 9  CITY OF SAPULPA",,2,2,1,"FOR THE PROPOSITION - YES",,0,0,0,0,,
8/26/2014,"TULSA","CITY OF SAPULPA",41909,"PROPOSITION NO. 9  CITY OF SAPULPA",,2,2,2,"AGAINST THE PROPOSITION - NO",,0,0,1,1,,
8/26/2014,"TULSA","CITY OF SAPULPA",41910,"PROPOSITION NO. 10  CITY OF SAPULPA",,2,2,1,"FOR THE PROPOSITION - YES",,0,0,1,1,,
8/26/2014,"TULSA","CITY OF SAPULPA",41910,"PROPOSITION NO. 10  CITY OF SAPULPA",,2,2,2,"AGAINST THE PROPOSITION - NO",,0,0,0,0,,
8/26/2014,"TULSA","CITY OF SAPULPA",41911,"PROPOSITION NO. 11  CITY OF SAPULPA",,2,2,1,"FOR THE PROPOSITION - YES",,0,0,1,1,,
8/26/2014,"TULSA","CITY OF SAPULPA",41911,"PROPOSITION NO. 11  CITY OF SAPULPA",,2,2,2,"AGAINST THE PROPOSITION - NO",,0,0,0,0,,
8/26/2014,"TULSA","CITY OF BROKEN ARROW",47201,"PROPOSITION NO. 1  CITY OF BROKEN ARROW",,35,35,1,"FOR THE PROPOSITION - YES",,122,42,3585,3749,,
8/26/2014,"TULSA","CITY OF BROKEN ARROW",47201,"PROPOSITION NO. 1  CITY OF BROKEN ARROW",,35,35,2,"AGAINST THE PROPOSITION - NO",,68,10,1780,1858,,
8/26/2014,"TULSA","CITY OF BROKEN ARROW",47202,"PROPOSITION NO. 2  CITY OF BROKEN ARROW",,35,35,1,"FOR THE PROPOSITION - YES",,106,39,3307,3452,,
8/26/2014,"TULSA","CITY OF BROKEN ARROW",47202,"PROPOSITION NO. 2  CITY OF BROKEN ARROW",,35,35,2,"AGAINST THE PROPOSITION - NO",,82,13,2052,2147,,
8/26/2014,"TULSA","CITY OF BROKEN ARROW",47203,"PROPOSITION NO. 3  CITY OF BROKEN ARROW",,35,35,1,"FOR THE PROPOSITION - YES",,100,35,3093,3228,,
8/26/2014,"TULSA","CITY OF BROKEN ARROW",47203,"PROPOSITION NO. 3  CITY OF BROKEN ARROW",,35,35,2,"AGAINST THE PROPOSITION - NO",,88,17,2251,2356,,
8/26/2014,"TULSA","CITY OF BROKEN ARROW",47204,"PROPOSITION NO. 4  CITY OF BROKEN ARROW",,35,35,1,"FOR THE PROPOSITION - YES",,93,33,2800,2926,,
8/26/2014,"TULSA","CITY OF BROKEN ARROW",47204,"PROPOSITION NO. 4  CITY OF BROKEN ARROW",,35,35,2,"AGAINST THE PROPOSITION - NO",,97,18,2540,2655,,
8/26/2014,"TULSA","CITY OF BROKEN ARROW",47205,"PROPOSITION NO. 5  CITY OF BROKEN ARROW",,35,35,1,"FOR THE PROPOSITION - YES",,121,40,3546,3707,,
8/26/2014,"TULSA","CITY OF BROKEN ARROW",47205,"PROPOSITION NO. 5  CITY OF BROKEN ARROW",,35,35,2,"AGAINST THE PROPOSITION - NO",,68,12,1816,1896,,
8/26/2014,"TULSA","CITY OF BROKEN ARROW",47206,"PROPOSITION NO. 6  CITY OF BROKEN ARROW",,35,35,1,"FOR THE PROPOSITION - YES",,89,33,2769,2891,,
8/26/2014,"TULSA","CITY OF BROKEN ARROW",47206,"PROPOSITION NO. 6  CITY OF BROKEN ARROW",,35,35,2,"AGAINST THE PROPOSITION - NO",,95,17,2383,2495,,
8/26/2014,"TULSA","CITY OF BROKEN ARROW",47207,"PROPOSITION NO. 7  CITY OF BROKEN ARROW",,35,35,1,"FOR THE PROPOSITION - YES",,85,34,2647,2766,,
8/26/2014,"TULSA","CITY OF BROKEN ARROW",47207,"PROPOSITION NO. 7  CITY OF BROKEN ARROW",,35,35,2,"AGAINST THE PROPOSITION - NO",,96,16,2504,2616,,
8/26/2014,"TULSA","CITY OF BROKEN ARROW",47208,"PROPOSITION NO. 8  CITY OF BROKEN ARROW",,35,35,1,"FOR THE PROPOSITION - YES",,101,29,1971,2101,,
8/26/2014,"TULSA","CITY OF BROKEN ARROW",47208,"PROPOSITION NO. 8  CITY OF BROKEN ARROW",,35,35,2,"AGAINST THE PROPOSITION - NO",,82,21,3192,3295,,
8/26/2014,"WAGONER","WAGONER COUNTY",11006,"FOR SUPERINTENDENT OF PUBLIC INSTRUCTION",DEM,32,32,1,"JOHN COX",DEM,19,14,702,735,,
8/26/2014,"WAGONER","WAGONER COUNTY",11006,"FOR SUPERINTENDENT OF PUBLIC INSTRUCTION",DEM,32,32,2,"FREDA DESKIN",DEM,15,5,346,366,,
8/26/2014,"WAGONER","WAGONER COUNTY",11011,"FOR UNITED STATES SENATOR (UNEXPIRED TERM)",DEM,32,32,1,"CONNIE JOHNSON",DEM,19,10,533,562,,
8/26/2014,"WAGONER","WAGONER COUNTY",11011,"FOR UNITED STATES SENATOR (UNEXPIRED TERM)",DEM,32,32,2,"JIM ROGERS",DEM,14,9,500,523,,
8/26/2014,"WAGONER","CITY OF BROKEN ARROW",47201,"PROPOSITION NO. 1  CITY OF BROKEN ARROW",,10,10,1,"FOR THE PROPOSITION - YES",,15,4,574,593,,
8/26/2014,"WAGONER","CITY OF BROKEN ARROW",47201,"PROPOSITION NO. 1  CITY OF BROKEN ARROW",,10,10,2,"AGAINST THE PROPOSITION - NO",,12,0,234,246,,
8/26/2014,"WAGONER","CITY OF BROKEN ARROW",47202,"PROPOSITION NO. 2  CITY OF BROKEN ARROW",,10,10,1,"FOR THE PROPOSITION - YES",,14,3,558,575,,
8/26/2014,"WAGONER","CITY OF BROKEN ARROW",47202,"PROPOSITION NO. 2  CITY OF BROKEN ARROW",,10,10,2,"AGAINST THE PROPOSITION - NO",,13,1,251,265,,
8/26/2014,"WAGONER","CITY OF BROKEN ARROW",47203,"PROPOSITION NO. 3  CITY OF BROKEN ARROW",,10,10,1,"FOR THE PROPOSITION - YES",,11,2,506,519,,
8/26/2014,"WAGONER","CITY OF BROKEN ARROW",47203,"PROPOSITION NO. 3  CITY OF BROKEN ARROW",,10,10,2,"AGAINST THE PROPOSITION - NO",,16,2,304,322,,
8/26/2014,"WAGONER","CITY OF BROKEN ARROW",47204,"PROPOSITION NO. 4  CITY OF BROKEN ARROW",,10,10,1,"FOR THE PROPOSITION - YES",,10,4,471,485,,
8/26/2014,"WAGONER","CITY OF BROKEN ARROW",47204,"PROPOSITION NO. 4  CITY OF BROKEN ARROW",,10,10,2,"AGAINST THE PROPOSITION - NO",,17,0,335,352,,
8/26/2014,"WAGONER","CITY OF BROKEN ARROW",47205,"PROPOSITION NO. 5  CITY OF BROKEN ARROW",,10,10,1,"FOR THE PROPOSITION - YES",,17,3,574,594,,
8/26/2014,"WAGONER","CITY OF BROKEN ARROW",47205,"PROPOSITION NO. 5  CITY OF BROKEN ARROW",,10,10,2,"AGAINST THE PROPOSITION - NO",,10,1,236,247,,
8/26/2014,"WAGONER","CITY OF BROKEN ARROW",47206,"PROPOSITION NO. 6  CITY OF BROKEN ARROW",,10,10,1,"FOR THE PROPOSITION - YES",,16,3,485,504,,
8/26/2014,"WAGONER","CITY OF BROKEN ARROW",47206,"PROPOSITION NO. 6  CITY OF BROKEN ARROW",,10,10,2,"AGAINST THE PROPOSITION - NO",,9,0,318,327,,
8/26/2014,"WAGONER","CITY OF BROKEN ARROW",47207,"PROPOSITION NO. 7  CITY OF BROKEN ARROW",,10,10,1,"FOR THE PROPOSITION - YES",,12,2,452,466,,
8/26/2014,"WAGONER","CITY OF BROKEN ARROW",47207,"PROPOSITION NO. 7  CITY OF BROKEN ARROW",,10,10,2,"AGAINST THE PROPOSITION - NO",,13,1,350,364,,
8/26/2014,"WAGONER","CITY OF BROKEN ARROW",47208,"PROPOSITION NO. 8  CITY OF BROKEN ARROW",,10,10,1,"FOR THE PROPOSITION - YES",,10,2,337,349,,
8/26/2014,"WAGONER","CITY OF BROKEN ARROW",47208,"PROPOSITION NO. 8  CITY OF BROKEN ARROW",,10,10,2,"AGAINST THE PROPOSITION - NO",,15,1,465,481,,
8/26/2014,"WAGONER","OKAY PUBLIC SCHOOLS INDEPENDENT SCHOOL DISTRICT NO. 001",57301,"PROPOSITION NO. 1  OKAY PUBLIC SCHOOLS",,4,4,1,"FOR THE PROPOSITION - YES",,0,2,231,233,,
8/26/2014,"WAGONER","OKAY PUBLIC SCHOOLS INDEPENDENT SCHOOL DISTRICT NO. 001",57301,"PROPOSITION NO. 1  OKAY PUBLIC SCHOOLS",,4,4,2,"AGAINST THE PROPOSITION - NO",,4,4,47,55,,
8/26/2014,"WAGONER","OKAY PUBLIC SCHOOLS INDEPENDENT SCHOOL DISTRICT NO. 001",57302,"PROPOSITION NO. 2  OKAY PUBLIC SCHOOLS",,4,4,1,"FOR THE PROPOSITION - YES",,0,2,230,232,,
8/26/2014,"WAGONER","OKAY PUBLIC SCHOOLS INDEPENDENT SCHOOL DISTRICT NO. 001",57302,"PROPOSITION NO. 2  OKAY PUBLIC SCHOOLS",,4,4,2,"AGAINST THE PROPOSITION - NO",,4,4,45,53,,
8/26/2014,"WASHINGTON","WASHINGTON COUNTY",11006,"FOR SUPERINTENDENT OF PUBLIC INSTRUCTION",DEM,23,23,1,"JOHN COX",DEM,12,9,359,380,,
8/26/2014,"WASHINGTON","WASHINGTON COUNTY",11006,"FOR SUPERINTENDENT OF PUBLIC INSTRUCTION",DEM,23,23,2,"FREDA DESKIN",DEM,15,5,210,230,,
8/26/2014,"WASHINGTON","WASHINGTON COUNTY",11011,"FOR UNITED STATES SENATOR (UNEXPIRED TERM)",DEM,23,23,1,"CONNIE JOHNSON",DEM,19,8,360,387,,
8/26/2014,"WASHINGTON","WASHINGTON COUNTY",11011,"FOR UNITED STATES SENATOR (UNEXPIRED TERM)",DEM,23,23,2,"JIM ROGERS",DEM,8,6,205,219,,
8/26/2014,"WASHITA","WASHITA COUNTY",11006,"FOR SUPERINTENDENT OF PUBLIC INSTRUCTION",DEM,12,12,1,"JOHN COX",DEM,11,19,453,483,,
8/26/2014,"WASHITA","WASHITA COUNTY",11006,"FOR SUPERINTENDENT OF PUBLIC INSTRUCTION",DEM,12,12,2,"FREDA DESKIN",DEM,16,5,181,202,,
8/26/2014,"WASHITA","WASHITA COUNTY",11011,"FOR UNITED STATES SENATOR (UNEXPIRED TERM)",DEM,12,12,1,"CONNIE JOHNSON",DEM,19,3,272,294,,
8/26/2014,"WASHITA","WASHITA COUNTY",11011,"FOR UNITED STATES SENATOR (UNEXPIRED TERM)",DEM,12,12,2,"JIM ROGERS",DEM,9,20,343,372,,
8/26/2014,"WASHITA","CITY OF NEW CORDELL",47501,"FOR MAYOR (UNEXPIRED TERM)  CITY OF NEW CORDELL",,2,2,1,"BOB PLUMMER",,17,19,324,360,WASHITA
8/26/2014,"WASHITA","CITY OF NEW CORDELL",47501,"FOR MAYOR (UNEXPIRED TERM)  CITY OF NEW CORDELL",,2,2,2,"RICKEY E. OLIVER",,6,5,190,201,WASHITA
8/26/2014,"WASHITA","CORDELL PUBLIC SCHOOLS INDEPENDENT SCHOOL DISTRICT NO. 078",57501,"PROPOSITION  CORDELL PUBLIC SCHOOLS",,7,7,1,"FOR THE PROPOSITION - YES",,16,28,432,476,,
8/26/2014,"WASHITA","CORDELL PUBLIC SCHOOLS INDEPENDENT SCHOOL DISTRICT NO. 078",57501,"PROPOSITION  CORDELL PUBLIC SCHOOLS",,7,7,2,"AGAINST THE PROPOSITION - NO",,10,8,292,310,,
8/26/2014,"WOODS","WOODS COUNTY",11006,"FOR SUPERINTENDENT OF PUBLIC INSTRUCTION",DEM,7,7,1,"JOHN COX",DEM,6,10,102,118,,
8/26/2014,"WOODS","WOODS COUNTY",11006,"FOR SUPERINTENDENT OF PUBLIC INSTRUCTION",DEM,7,7,2,"FREDA DESKIN",DEM,5,4,27,36,,
8/26/2014,"WOODS","WOODS COUNTY",11011,"FOR UNITED STATES SENATOR (UNEXPIRED TERM)",DEM,7,7,1,"CONNIE JOHNSON",DEM,1,6,80,87,,
8/26/2014,"WOODS","WOODS COUNTY",11011,"FOR UNITED STATES SENATOR (UNEXPIRED TERM)",DEM,7,7,2,"JIM ROGERS",DEM,10,7,46,63,,
8/26/2014,"WOODWARD","WOODWARD COUNTY",11006,"FOR SUPERINTENDENT OF PUBLIC INSTRUCTION",DEM,15,15,1,"JOHN COX",DEM,8,15,106,129,,
8/26/2014,"WOODWARD","WOODWARD COUNTY",11006,"FOR SUPERINTENDENT OF PUBLIC INSTRUCTION",DEM,15,15,2,"FREDA DESKIN",DEM,7,5,57,69,,
8/26/2014,"WOODWARD","WOODWARD COUNTY",11011,"FOR UNITED STATES SENATOR (UNEXPIRED TERM)",DEM,15,15,1,"CONNIE JOHNSON",DEM,8,11,93,112,,
8/26/2014,"WOODWARD","WOODWARD COUNTY",11011,"FOR UNITED STATES SENATOR (UNEXPIRED TERM)",DEM,15,15,2,"JIM ROGERS",DEM,7,9,68,84,,
8/26/2014,"WOODWARD","WOODWARD COUNTY",12102,"FOR STATE REPRESENTATIVE DISTRICT 61",REP,1,1,1,"CASEY MURDOCK",REP,0,0,8,8,,
8/26/2014,"WOODWARD","WOODWARD COUNTY",12102,"FOR STATE REPRESENTATIVE DISTRICT 61",REP,1,1,2,"KENNY BOB TAPP",REP,0,0,12,12,,
