elec_date,county,entity_description,race_number,race_description,race_party,tot_race_prec,race_prec_reporting,cand_number,cand_name,cand_party,cand_absmail_votes,cand_early_votes,cand_elecday_votes,cand_tot_votes,race_county_owner
9/10/2019,"ALFALFA","ALINE-CLEO PUBLIC SCHOOLS INDEPENDENT SCHOOL DISTRICT NO. 004",54701,"PROPOSITION NO. 1  ALINE-CLEO PUBLIC SCHOOLS",,2,2,1,"FOR THE PROPOSITION - YES",,2,0,25,27,,
9/10/2019,"ALFALFA","ALINE-CLEO PUBLIC SCHOOLS INDEPENDENT SCHOOL DISTRICT NO. 004",54701,"PROPOSITION NO. 1  ALINE-CLEO PUBLIC SCHOOLS",,2,2,2,"AGAINST THE PROPOSITION - NO",,0,0,16,16,,
9/10/2019,"ALFALFA","ALINE-CLEO PUBLIC SCHOOLS INDEPENDENT SCHOOL DISTRICT NO. 004",54702,"PROPOSITION NO. 2  ALINE-CLEO PUBLIC SCHOOLS",,2,2,1,"FOR THE PROPOSITION - YES",,2,0,31,33,,
9/10/2019,"ALFALFA","ALINE-CLEO PUBLIC SCHOOLS INDEPENDENT SCHOOL DISTRICT NO. 004",54702,"PROPOSITION NO. 2  ALINE-CLEO PUBLIC SCHOOLS",,2,2,2,"AGAINST THE PROPOSITION - NO",,0,0,11,11,,
9/10/2019,"BECKHAM","SAYRE PUBLIC SCHOOLS INDEPENDENT SCHOOL DISTRICT NO. 031",50501,"PROPOSITION  SAYRE PUBLIC SCHOOLS",,8,8,1,"FOR THE PROPOSITION - YES",,11,68,239,318,,
9/10/2019,"BECKHAM","SAYRE PUBLIC SCHOOLS INDEPENDENT SCHOOL DISTRICT NO. 031",50501,"PROPOSITION  SAYRE PUBLIC SCHOOLS",,8,8,2,"AGAINST THE PROPOSITION - NO",,3,10,55,68,,
9/10/2019,"BECKHAM","CANUTE PUBLIC SCHOOLS INDEPENDENT SCHOOL DISTRICT NO. 011",57501,"PROPOSITION NO. 1  CANUTE PUBLIC SCHOOLS",,1,1,1,"FOR THE PROPOSITION - YES",,0,0,0,0,,
9/10/2019,"BECKHAM","CANUTE PUBLIC SCHOOLS INDEPENDENT SCHOOL DISTRICT NO. 011",57501,"PROPOSITION NO. 1  CANUTE PUBLIC SCHOOLS",,1,1,2,"AGAINST THE PROPOSITION - NO",,0,1,0,1,,
9/10/2019,"BECKHAM","CANUTE PUBLIC SCHOOLS INDEPENDENT SCHOOL DISTRICT NO. 011",57502,"PROPOSITION NO. 2  CANUTE PUBLIC SCHOOLS",,1,1,1,"FOR THE PROPOSITION - YES",,0,0,0,0,,
9/10/2019,"BECKHAM","CANUTE PUBLIC SCHOOLS INDEPENDENT SCHOOL DISTRICT NO. 011",57502,"PROPOSITION NO. 2  CANUTE PUBLIC SCHOOLS",,1,1,2,"AGAINST THE PROPOSITION - NO",,0,1,0,1,,
9/10/2019,"BLAINE","CANTON PUBLIC SCHOOLS INDEPENDENT SCHOOL DISTRICT NO. 105",50601,"PROPOSITION  CANTON PUBLIC SCHOOLS",,3,3,1,"FOR THE PROPOSITION - YES",,4,0,149,153,,
9/10/2019,"BLAINE","CANTON PUBLIC SCHOOLS INDEPENDENT SCHOOL DISTRICT NO. 105",50601,"PROPOSITION  CANTON PUBLIC SCHOOLS",,3,3,2,"AGAINST THE PROPOSITION - NO",,1,0,68,69,,
9/10/2019,"BLAINE","HINTON PUBLIC SCHOOLS INDEPENDENT SCHOOL DISTRICT NO. 161",50802,"PROPOSITION  HINTON PUBLIC SCHOOLS",,1,1,1,"FOR THE PROPOSITION - YES",,0,0,0,0,,
9/10/2019,"BLAINE","HINTON PUBLIC SCHOOLS INDEPENDENT SCHOOL DISTRICT NO. 161",50802,"PROPOSITION  HINTON PUBLIC SCHOOLS",,1,1,2,"AGAINST THE PROPOSITION - NO",,0,0,0,0,,
9/10/2019,"BRYAN","DURANT PUBLIC SCHOOLS INDEPENDENT SCHOOL DISTRICT NO. 072",50701,"PROPOSITION NO. 1  DURANT PUBLIC SCHOOLS",,11,11,1,"FOR THE PROPOSITION - YES",,32,22,595,649,,
9/10/2019,"BRYAN","DURANT PUBLIC SCHOOLS INDEPENDENT SCHOOL DISTRICT NO. 072",50701,"PROPOSITION NO. 1  DURANT PUBLIC SCHOOLS",,11,11,2,"AGAINST THE PROPOSITION - NO",,13,10,268,291,,
9/10/2019,"BRYAN","DURANT PUBLIC SCHOOLS INDEPENDENT SCHOOL DISTRICT NO. 072",50702,"PROPOSITION NO. 2  DURANT PUBLIC SCHOOLS",,11,11,1,"FOR THE PROPOSITION - YES",,32,23,605,660,,
9/10/2019,"BRYAN","DURANT PUBLIC SCHOOLS INDEPENDENT SCHOOL DISTRICT NO. 072",50702,"PROPOSITION NO. 2  DURANT PUBLIC SCHOOLS",,11,11,2,"AGAINST THE PROPOSITION - NO",,13,8,265,286,,
9/10/2019,"BRYAN","BOSWELL PUBLIC SCHOOLS INDEPENDENT SCHOOL DISTRICT NO. 001",51201,"PROPOSITION NO. 1  BOSWELL PUBLIC SCHOOLS",,1,1,1,"FOR THE PROPOSITION - YES",,0,0,0,0,,
9/10/2019,"BRYAN","BOSWELL PUBLIC SCHOOLS INDEPENDENT SCHOOL DISTRICT NO. 001",51201,"PROPOSITION NO. 1  BOSWELL PUBLIC SCHOOLS",,1,1,2,"AGAINST THE PROPOSITION - NO",,0,0,0,0,,
9/10/2019,"BRYAN","BOSWELL PUBLIC SCHOOLS INDEPENDENT SCHOOL DISTRICT NO. 001",51202,"PROPOSITION NO. 2  BOSWELL PUBLIC SCHOOLS",,1,1,1,"FOR THE PROPOSITION - YES",,0,0,0,0,,
9/10/2019,"BRYAN","BOSWELL PUBLIC SCHOOLS INDEPENDENT SCHOOL DISTRICT NO. 001",51202,"PROPOSITION NO. 2  BOSWELL PUBLIC SCHOOLS",,1,1,2,"AGAINST THE PROPOSITION - NO",,0,0,0,0,,
9/10/2019,"CADDO","TOWN OF APACHE",40801,"PROPOSITION  TOWN OF APACHE",,1,1,1,"FOR THE PROPOSITION - YES",,1,0,51,52,,
9/10/2019,"CADDO","TOWN OF APACHE",40801,"PROPOSITION  TOWN OF APACHE",,1,1,2,"AGAINST THE PROPOSITION - NO",,0,0,4,4,,
9/10/2019,"CADDO","CARNEGIE PUBLIC SCHOOLS INDEPENDENT SCHOOL DISTRICT NO. 033",50801,"PROPOSITION  CARNEGIE PUBLIC SCHOOLS",,2,2,1,"FOR THE PROPOSITION - YES",,7,1,224,232,,
9/10/2019,"CADDO","CARNEGIE PUBLIC SCHOOLS INDEPENDENT SCHOOL DISTRICT NO. 033",50801,"PROPOSITION  CARNEGIE PUBLIC SCHOOLS",,2,2,2,"AGAINST THE PROPOSITION - NO",,3,2,127,132,,
9/10/2019,"CADDO","HINTON PUBLIC SCHOOLS INDEPENDENT SCHOOL DISTRICT NO. 161",50802,"PROPOSITION  HINTON PUBLIC SCHOOLS",,4,4,1,"FOR THE PROPOSITION - YES",,3,0,102,105,,
9/10/2019,"CADDO","HINTON PUBLIC SCHOOLS INDEPENDENT SCHOOL DISTRICT NO. 161",50802,"PROPOSITION  HINTON PUBLIC SCHOOLS",,4,4,2,"AGAINST THE PROPOSITION - NO",,4,1,41,46,,
9/10/2019,"CANADIAN","HINTON PUBLIC SCHOOLS INDEPENDENT SCHOOL DISTRICT NO. 161",50802,"PROPOSITION  HINTON PUBLIC SCHOOLS",,3,3,1,"FOR THE PROPOSITION - YES",,1,0,12,13,,
9/10/2019,"CANADIAN","HINTON PUBLIC SCHOOLS INDEPENDENT SCHOOL DISTRICT NO. 161",50802,"PROPOSITION  HINTON PUBLIC SCHOOLS",,3,3,2,"AGAINST THE PROPOSITION - NO",,2,0,7,9,,
9/10/2019,"CANADIAN","CASHION PUBLIC SCHOOLS INDEPENDENT SCHOOL DISTRICT NO. 089",53701,"PROPOSITION NO. 1  CASHION PUBLIC SCHOOLS",,1,1,1,"FOR THE PROPOSITION - YES",,0,0,0,0,,
9/10/2019,"CANADIAN","CASHION PUBLIC SCHOOLS INDEPENDENT SCHOOL DISTRICT NO. 089",53701,"PROPOSITION NO. 1  CASHION PUBLIC SCHOOLS",,1,1,2,"AGAINST THE PROPOSITION - NO",,2,0,0,2,,
9/10/2019,"CANADIAN","CASHION PUBLIC SCHOOLS INDEPENDENT SCHOOL DISTRICT NO. 089",53702,"PROPOSITION NO. 2  CASHION PUBLIC SCHOOLS",,1,1,1,"FOR THE PROPOSITION - YES",,0,0,0,0,,
9/10/2019,"CANADIAN","CASHION PUBLIC SCHOOLS INDEPENDENT SCHOOL DISTRICT NO. 089",53702,"PROPOSITION NO. 2  CASHION PUBLIC SCHOOLS",,1,1,2,"AGAINST THE PROPOSITION - NO",,2,0,0,2,,
9/10/2019,"CARTER","DICKSON PUBLIC SCHOOLS INDEPENDENT SCHOOL DISTRICT NO. 077",51001,"PROPOSITION  DICKSON PUBLIC SCHOOLS",,4,4,1,"FOR THE PROPOSITION - YES",,1,9,242,252,,
9/10/2019,"CARTER","DICKSON PUBLIC SCHOOLS INDEPENDENT SCHOOL DISTRICT NO. 077",51001,"PROPOSITION  DICKSON PUBLIC SCHOOLS",,4,4,2,"AGAINST THE PROPOSITION - NO",,4,14,120,138,,
9/10/2019,"CHEROKEE","CITY OF TAHLEQUAH",41101,"PROPOSITION  CITY OF TAHLEQUAH",,7,7,1,"FOR THE PROPOSITION - YES",,18,62,343,423,,
9/10/2019,"CHEROKEE","CITY OF TAHLEQUAH",41101,"PROPOSITION  CITY OF TAHLEQUAH",,7,7,2,"AGAINST THE PROPOSITION - NO",,6,23,88,117,,
9/10/2019,"CHEROKEE","KEYS PUBLIC SCHOOLS INDEPENDENT SCHOOL DISTRICT NO. 006",51101,"PROPOSITION  KEYS PUBLIC SCHOOLS",,4,4,1,"FOR THE PROPOSITION - YES",,2,11,296,309,,
9/10/2019,"CHEROKEE","KEYS PUBLIC SCHOOLS INDEPENDENT SCHOOL DISTRICT NO. 006",51101,"PROPOSITION  KEYS PUBLIC SCHOOLS",,4,4,2,"AGAINST THE PROPOSITION - NO",,1,1,84,86,,
9/10/2019,"CHOCTAW","BOSWELL PUBLIC SCHOOLS INDEPENDENT SCHOOL DISTRICT NO. 001",51201,"PROPOSITION NO. 1  BOSWELL PUBLIC SCHOOLS",,2,2,1,"FOR THE PROPOSITION - YES",,2,4,72,78,,
9/10/2019,"CHOCTAW","BOSWELL PUBLIC SCHOOLS INDEPENDENT SCHOOL DISTRICT NO. 001",51201,"PROPOSITION NO. 1  BOSWELL PUBLIC SCHOOLS",,2,2,2,"AGAINST THE PROPOSITION - NO",,0,0,26,26,,
9/10/2019,"CHOCTAW","BOSWELL PUBLIC SCHOOLS INDEPENDENT SCHOOL DISTRICT NO. 001",51202,"PROPOSITION NO. 2  BOSWELL PUBLIC SCHOOLS",,2,2,1,"FOR THE PROPOSITION - YES",,2,4,73,79,,
9/10/2019,"CHOCTAW","BOSWELL PUBLIC SCHOOLS INDEPENDENT SCHOOL DISTRICT NO. 001",51202,"PROPOSITION NO. 2  BOSWELL PUBLIC SCHOOLS",,2,2,2,"AGAINST THE PROPOSITION - NO",,0,0,27,27,,
9/10/2019,"CHOCTAW","SOPER PUBLIC SCHOOLS INDEPENDENT SCHOOL DISTRICT NO. 004",51203,"PROPOSITION  SOPER PUBLIC SCHOOLS",,3,3,1,"FOR THE PROPOSITION - YES",,0,5,145,150,,
9/10/2019,"CHOCTAW","SOPER PUBLIC SCHOOLS INDEPENDENT SCHOOL DISTRICT NO. 004",51203,"PROPOSITION  SOPER PUBLIC SCHOOLS",,3,3,2,"AGAINST THE PROPOSITION - NO",,3,3,76,82,,
9/10/2019,"COMANCHE","CITY OF LAWTON",41601,"FOR COUNCIL MEMBER WARD 3  CITY OF LAWTON",,2,2,1,"DONNA J. MATA",,8,8,74,90,COMANCHE
9/10/2019,"COMANCHE","CITY OF LAWTON",41601,"FOR COUNCIL MEMBER WARD 3  CITY OF LAWTON",,2,2,2,"LINDA A CHAPMAN",,22,37,206,265,COMANCHE
9/10/2019,"COMANCHE","CITY OF LAWTON",41601,"FOR COUNCIL MEMBER WARD 3  CITY OF LAWTON",,2,2,3,"DEREK C BERRY",,2,0,45,47,COMANCHE
9/10/2019,"COMANCHE","CITY OF LAWTON",41601,"FOR COUNCIL MEMBER WARD 3  CITY OF LAWTON",,2,2,4,"CALEB DAVIS",,10,13,150,173,COMANCHE
9/10/2019,"CRAIG","CITY OF VINITA",41801,"FOR CHIEF OF POLICE (UNEXPIRED TERM)  CITY OF VINITA",,8,8,1,"JOEY BABCOCK",,18,71,611,700,CRAIG
9/10/2019,"CRAIG","CITY OF VINITA",41801,"FOR CHIEF OF POLICE (UNEXPIRED TERM)  CITY OF VINITA",,8,8,2,"BOBBY FLOYD",,11,18,317,346,CRAIG
9/10/2019,"CREEK","MOUNDS PUBLIC SCHOOLS INDEPENDENT SCHOOL DISTRICT NO. 005",51901,"PROPOSITION NO. 1  MOUNDS PUBLIC SCHOOLS",,4,4,1,"FOR THE PROPOSITION - YES",,0,0,101,101,,
9/10/2019,"CREEK","MOUNDS PUBLIC SCHOOLS INDEPENDENT SCHOOL DISTRICT NO. 005",51901,"PROPOSITION NO. 1  MOUNDS PUBLIC SCHOOLS",,4,4,2,"AGAINST THE PROPOSITION - NO",,0,1,20,21,,
9/10/2019,"CREEK","MOUNDS PUBLIC SCHOOLS INDEPENDENT SCHOOL DISTRICT NO. 005",51902,"PROPOSITION NO. 2  MOUNDS PUBLIC SCHOOLS",,4,4,1,"FOR THE PROPOSITION - YES",,0,0,99,99,,
9/10/2019,"CREEK","MOUNDS PUBLIC SCHOOLS INDEPENDENT SCHOOL DISTRICT NO. 005",51902,"PROPOSITION NO. 2  MOUNDS PUBLIC SCHOOLS",,4,4,2,"AGAINST THE PROPOSITION - NO",,0,1,22,23,,
9/10/2019,"CUSTER","CITY OF CLINTON",42001,"FOR COUNCILMAN WARD 1  CITY OF CLINTON",,3,3,1,"JASON HULIN",,0,1,5,6,CUSTER
9/10/2019,"CUSTER","CITY OF CLINTON",42001,"FOR COUNCILMAN WARD 1  CITY OF CLINTON",,3,3,2,"JOE CLONINGER",,1,0,10,11,CUSTER
9/10/2019,"CUSTER","CITY OF CLINTON",42001,"FOR COUNCILMAN WARD 1  CITY OF CLINTON",,3,3,3,"CHRIS JONES",,0,3,57,60,CUSTER
9/10/2019,"CUSTER","CITY OF WEATHERFORD",42004,"FOR COMMISSIONER WARD 4  CITY OF WEATHERFORD",,4,4,1,"FRED CAVANAUGH",,2,3,93,98,CUSTER
9/10/2019,"CUSTER","CITY OF WEATHERFORD",42004,"FOR COMMISSIONER WARD 4  CITY OF WEATHERFORD",,4,4,2,"MARK SHADID",,31,1,299,331,CUSTER
9/10/2019,"CUSTER","CANUTE PUBLIC SCHOOLS INDEPENDENT SCHOOL DISTRICT NO. 011",57501,"PROPOSITION NO. 1  CANUTE PUBLIC SCHOOLS",,1,1,1,"FOR THE PROPOSITION - YES",,0,0,6,6,,
9/10/2019,"CUSTER","CANUTE PUBLIC SCHOOLS INDEPENDENT SCHOOL DISTRICT NO. 011",57501,"PROPOSITION NO. 1  CANUTE PUBLIC SCHOOLS",,1,1,2,"AGAINST THE PROPOSITION - NO",,4,0,23,27,,
9/10/2019,"CUSTER","CANUTE PUBLIC SCHOOLS INDEPENDENT SCHOOL DISTRICT NO. 011",57502,"PROPOSITION NO. 2  CANUTE PUBLIC SCHOOLS",,1,1,1,"FOR THE PROPOSITION - YES",,3,0,11,14,,
9/10/2019,"CUSTER","CANUTE PUBLIC SCHOOLS INDEPENDENT SCHOOL DISTRICT NO. 011",57502,"PROPOSITION NO. 2  CANUTE PUBLIC SCHOOLS",,1,1,2,"AGAINST THE PROPOSITION - NO",,1,0,18,19,,
9/10/2019,"DEWEY","CANTON PUBLIC SCHOOLS INDEPENDENT SCHOOL DISTRICT NO. 105",50601,"PROPOSITION  CANTON PUBLIC SCHOOLS",,2,2,1,"FOR THE PROPOSITION - YES",,1,0,9,10,,
9/10/2019,"DEWEY","CANTON PUBLIC SCHOOLS INDEPENDENT SCHOOL DISTRICT NO. 105",50601,"PROPOSITION  CANTON PUBLIC SCHOOLS",,2,2,2,"AGAINST THE PROPOSITION - NO",,1,0,1,2,,
9/10/2019,"GARVIN","CITY OF ELMORE CITY",42501,"FOR COUNCILMEMBER, WARD NO. 2 (UNEXPIRED TERM)  CITY OF ELMORE CITY",,1,1,1,"JASON SMITH",,5,6,77,88,GARVIN
9/10/2019,"GARVIN","CITY OF ELMORE CITY",42501,"FOR COUNCILMEMBER, WARD NO. 2 (UNEXPIRED TERM)  CITY OF ELMORE CITY",,1,1,2,"BOBBY SNOW",,1,16,101,118,GARVIN
9/10/2019,"GARVIN","CITY OF ELMORE CITY",42501,"FOR COUNCILMEMBER, WARD NO. 2 (UNEXPIRED TERM)  CITY OF ELMORE CITY",,1,1,3,"DANNY WILLIAMS",,0,3,47,50,GARVIN
9/10/2019,"GARVIN","ELMORE CITY-PERNELL SCHOOLS INDEPENDENT SCHOOL DISTRICT NO. 072",52501,"PROPOSITION NO. 1  ELMORE CITY-PERNELL SCHOOLS",,5,5,1,"FOR THE PROPOSITION - YES",,17,79,521,617,,
9/10/2019,"GARVIN","ELMORE CITY-PERNELL SCHOOLS INDEPENDENT SCHOOL DISTRICT NO. 072",52501,"PROPOSITION NO. 1  ELMORE CITY-PERNELL SCHOOLS",,5,5,2,"AGAINST THE PROPOSITION - NO",,14,24,304,342,,
9/10/2019,"GARVIN","ELMORE CITY-PERNELL SCHOOLS INDEPENDENT SCHOOL DISTRICT NO. 072",52502,"PROPOSITION NO. 2  ELMORE CITY-PERNELL SCHOOLS",,5,5,1,"FOR THE PROPOSITION - YES",,9,72,457,538,,
9/10/2019,"GARVIN","ELMORE CITY-PERNELL SCHOOLS INDEPENDENT SCHOOL DISTRICT NO. 072",52502,"PROPOSITION NO. 2  ELMORE CITY-PERNELL SCHOOLS",,5,5,2,"AGAINST THE PROPOSITION - NO",,21,31,369,421,,
9/10/2019,"GRADY","BLANCHARD PUBLIC SCHOOLS INDEPENDENT SCHOOL DISTRICT NO. 029",54401,"PROPOSITION  BLANCHARD PUBLIC SCHOOLS",,2,2,1,"FOR THE PROPOSITION - YES",,4,0,129,133,,
9/10/2019,"GRADY","BLANCHARD PUBLIC SCHOOLS INDEPENDENT SCHOOL DISTRICT NO. 029",54401,"PROPOSITION  BLANCHARD PUBLIC SCHOOLS",,2,2,2,"AGAINST THE PROPOSITION - NO",,5,2,38,45,,
9/10/2019,"GREER","SAYRE PUBLIC SCHOOLS INDEPENDENT SCHOOL DISTRICT NO. 031",50501,"PROPOSITION  SAYRE PUBLIC SCHOOLS",,2,2,1,"FOR THE PROPOSITION - YES",,0,0,0,0,,
9/10/2019,"GREER","SAYRE PUBLIC SCHOOLS INDEPENDENT SCHOOL DISTRICT NO. 031",50501,"PROPOSITION  SAYRE PUBLIC SCHOOLS",,2,2,2,"AGAINST THE PROPOSITION - NO",,0,0,0,0,,
9/10/2019,"HARMON","HARMON COUNTY",12001,"FOR COUNTY COMMISSIONER DISTRICT NO. 3 (UNEXPIRED TERM)",REP,2,2,1,"PHIL GARTON",REP,0,0,8,8,HARMON
9/10/2019,"HARMON","HARMON COUNTY",12001,"FOR COUNTY COMMISSIONER DISTRICT NO. 3 (UNEXPIRED TERM)",REP,2,2,2,"GREG STRAWN",REP,0,4,39,43,HARMON
9/10/2019,"HARMON","HARMON COUNTY",12001,"FOR COUNTY COMMISSIONER DISTRICT NO. 3 (UNEXPIRED TERM)",REP,2,2,3,"MARK BULLINGTON",REP,4,2,17,23,HARMON
9/10/2019,"HARPER","FREEDOM PUBLIC SCHOOLS INDEPENDENT SCHOOL DISTRICT NO. 006",57601,"PROPOSITION NO. 1  FREEDOM PUBLIC SCHOOLS",,1,1,1,"FOR THE PROPOSITION - YES",,0,0,0,0,,
9/10/2019,"HARPER","FREEDOM PUBLIC SCHOOLS INDEPENDENT SCHOOL DISTRICT NO. 006",57601,"PROPOSITION NO. 1  FREEDOM PUBLIC SCHOOLS",,1,1,2,"AGAINST THE PROPOSITION - NO",,0,0,0,0,,
9/10/2019,"HARPER","FREEDOM PUBLIC SCHOOLS INDEPENDENT SCHOOL DISTRICT NO. 006",57602,"PROPOSITION NO. 2  FREEDOM PUBLIC SCHOOLS",,1,1,1,"FOR THE PROPOSITION - YES",,0,0,0,0,,
9/10/2019,"HARPER","FREEDOM PUBLIC SCHOOLS INDEPENDENT SCHOOL DISTRICT NO. 006",57602,"PROPOSITION NO. 2  FREEDOM PUBLIC SCHOOLS",,1,1,2,"AGAINST THE PROPOSITION - NO",,0,0,0,0,,
9/10/2019,"HUGHES","HOLDENVILLE PUBLIC SCHOOLS INDEPENDENT SCHOOL DISTRICT NO. 035",53201,"PROPOSITION NO. 1  HOLDENVILLE PUBLIC SCHOOLS",,8,8,1,"FOR THE PROPOSITION - YES",,18,22,528,568,,
9/10/2019,"HUGHES","HOLDENVILLE PUBLIC SCHOOLS INDEPENDENT SCHOOL DISTRICT NO. 035",53201,"PROPOSITION NO. 1  HOLDENVILLE PUBLIC SCHOOLS",,8,8,2,"AGAINST THE PROPOSITION - NO",,6,8,142,156,,
9/10/2019,"HUGHES","HOLDENVILLE PUBLIC SCHOOLS INDEPENDENT SCHOOL DISTRICT NO. 035",53202,"PROPOSITION NO. 2  HOLDENVILLE PUBLIC SCHOOLS",,8,8,1,"FOR THE PROPOSITION - YES",,18,22,532,572,,
9/10/2019,"HUGHES","HOLDENVILLE PUBLIC SCHOOLS INDEPENDENT SCHOOL DISTRICT NO. 035",53202,"PROPOSITION NO. 2  HOLDENVILLE PUBLIC SCHOOLS",,8,8,2,"AGAINST THE PROPOSITION - NO",,6,8,140,154,,
9/10/2019,"JEFFERSON","WAURIKA PUBLIC SCHOOLS INDEPENDENT SCHOOL DISTRICT NO. 023",53401,"PROPOSITION NO. 1  WAURIKA PUBLIC SCHOOLS",,8,8,1,"FOR THE PROPOSITION - YES",,8,24,169,201,,
9/10/2019,"JEFFERSON","WAURIKA PUBLIC SCHOOLS INDEPENDENT SCHOOL DISTRICT NO. 023",53401,"PROPOSITION NO. 1  WAURIKA PUBLIC SCHOOLS",,8,8,2,"AGAINST THE PROPOSITION - NO",,5,6,67,78,,
9/10/2019,"JEFFERSON","WAURIKA PUBLIC SCHOOLS INDEPENDENT SCHOOL DISTRICT NO. 023",53402,"PROPOSITION NO. 2  WAURIKA PUBLIC SCHOOLS",,8,8,1,"FOR THE PROPOSITION - YES",,9,26,172,207,,
9/10/2019,"JEFFERSON","WAURIKA PUBLIC SCHOOLS INDEPENDENT SCHOOL DISTRICT NO. 023",53402,"PROPOSITION NO. 2  WAURIKA PUBLIC SCHOOLS",,8,8,2,"AGAINST THE PROPOSITION - NO",,3,4,70,77,,
9/10/2019,"KAY","TONKAWA PUBLIC SCHOOLS INDEPENDENT SCHOOL DISTRICT NO. 087",53601,"PROPOSITION  TONKAWA PUBLIC SCHOOLS",,3,3,1,"FOR THE PROPOSITION - YES",,3,4,228,235,,
9/10/2019,"KAY","TONKAWA PUBLIC SCHOOLS INDEPENDENT SCHOOL DISTRICT NO. 087",53601,"PROPOSITION  TONKAWA PUBLIC SCHOOLS",,3,3,2,"AGAINST THE PROPOSITION - NO",,0,0,50,50,,
9/10/2019,"KINGFISHER","TOWN OF DOVER",43701,"PROPOSITION  TOWN OF DOVER",,1,1,1,"FOR THE PROPOSITION - YES",,0,0,6,6,,
9/10/2019,"KINGFISHER","TOWN OF DOVER",43701,"PROPOSITION  TOWN OF DOVER",,1,1,2,"AGAINST THE PROPOSITION - NO",,0,0,20,20,,
9/10/2019,"KINGFISHER","CASHION PUBLIC SCHOOLS INDEPENDENT SCHOOL DISTRICT NO. 089",53701,"PROPOSITION NO. 1  CASHION PUBLIC SCHOOLS",,3,3,1,"FOR THE PROPOSITION - YES",,6,5,183,194,,
9/10/2019,"KINGFISHER","CASHION PUBLIC SCHOOLS INDEPENDENT SCHOOL DISTRICT NO. 089",53701,"PROPOSITION NO. 1  CASHION PUBLIC SCHOOLS",,3,3,2,"AGAINST THE PROPOSITION - NO",,3,5,100,108,,
9/10/2019,"KINGFISHER","CASHION PUBLIC SCHOOLS INDEPENDENT SCHOOL DISTRICT NO. 089",53702,"PROPOSITION NO. 2  CASHION PUBLIC SCHOOLS",,3,3,1,"FOR THE PROPOSITION - YES",,6,3,169,178,,
9/10/2019,"KINGFISHER","CASHION PUBLIC SCHOOLS INDEPENDENT SCHOOL DISTRICT NO. 089",53702,"PROPOSITION NO. 2  CASHION PUBLIC SCHOOLS",,3,3,2,"AGAINST THE PROPOSITION - NO",,3,7,115,125,,
9/10/2019,"KINGFISHER","KINGFISHER PUBLIC SCHOOLS INDEPENDENT SCHOOL DISTRICT NO. 007",53703,"PROPOSITION  KINGFISHER PUBLIC SCHOOLS",,10,10,1,"FOR THE PROPOSITION - YES",,17,25,506,548,,
9/10/2019,"KINGFISHER","KINGFISHER PUBLIC SCHOOLS INDEPENDENT SCHOOL DISTRICT NO. 007",53703,"PROPOSITION  KINGFISHER PUBLIC SCHOOLS",,10,10,2,"AGAINST THE PROPOSITION - NO",,4,24,306,334,,
9/10/2019,"KIOWA","CARNEGIE PUBLIC SCHOOLS INDEPENDENT SCHOOL DISTRICT NO. 033",50801,"PROPOSITION  CARNEGIE PUBLIC SCHOOLS",,1,1,1,"FOR THE PROPOSITION - YES",,0,0,2,2,,
9/10/2019,"KIOWA","CARNEGIE PUBLIC SCHOOLS INDEPENDENT SCHOOL DISTRICT NO. 033",50801,"PROPOSITION  CARNEGIE PUBLIC SCHOOLS",,1,1,2,"AGAINST THE PROPOSITION - NO",,0,0,1,1,,
9/10/2019,"LINCOLN","LUTHER PUBLIC SCHOOLS INDEPENDENT SCHOOL DISTRICT NO. 003",55502,"PROPOSITION  LUTHER PUBLIC SCHOOLS",,2,2,1,"FOR THE PROPOSITION - YES",,0,0,18,18,,
9/10/2019,"LINCOLN","LUTHER PUBLIC SCHOOLS INDEPENDENT SCHOOL DISTRICT NO. 003",55502,"PROPOSITION  LUTHER PUBLIC SCHOOLS",,2,2,2,"AGAINST THE PROPOSITION - NO",,0,0,3,3,,
9/10/2019,"LOGAN","CASHION PUBLIC SCHOOLS INDEPENDENT SCHOOL DISTRICT NO. 089",53701,"PROPOSITION NO. 1  CASHION PUBLIC SCHOOLS",,2,2,1,"FOR THE PROPOSITION - YES",,3,0,169,172,,
9/10/2019,"LOGAN","CASHION PUBLIC SCHOOLS INDEPENDENT SCHOOL DISTRICT NO. 089",53701,"PROPOSITION NO. 1  CASHION PUBLIC SCHOOLS",,2,2,2,"AGAINST THE PROPOSITION - NO",,2,2,50,54,,
9/10/2019,"LOGAN","CASHION PUBLIC SCHOOLS INDEPENDENT SCHOOL DISTRICT NO. 089",53702,"PROPOSITION NO. 2  CASHION PUBLIC SCHOOLS",,2,2,1,"FOR THE PROPOSITION - YES",,2,0,159,161,,
9/10/2019,"LOGAN","CASHION PUBLIC SCHOOLS INDEPENDENT SCHOOL DISTRICT NO. 089",53702,"PROPOSITION NO. 2  CASHION PUBLIC SCHOOLS",,2,2,2,"AGAINST THE PROPOSITION - NO",,3,2,59,64,,
9/10/2019,"LOGAN","LUTHER PUBLIC SCHOOLS INDEPENDENT SCHOOL DISTRICT NO. 003",55502,"PROPOSITION  LUTHER PUBLIC SCHOOLS",,2,2,1,"FOR THE PROPOSITION - YES",,3,0,28,31,,
9/10/2019,"LOGAN","LUTHER PUBLIC SCHOOLS INDEPENDENT SCHOOL DISTRICT NO. 003",55502,"PROPOSITION  LUTHER PUBLIC SCHOOLS",,2,2,2,"AGAINST THE PROPOSITION - NO",,9,0,25,34,,
9/10/2019,"MCCLAIN","BLANCHARD PUBLIC SCHOOLS INDEPENDENT SCHOOL DISTRICT NO. 029",54401,"PROPOSITION  BLANCHARD PUBLIC SCHOOLS",,8,8,1,"FOR THE PROPOSITION - YES",,27,3,438,468,,
9/10/2019,"MCCLAIN","BLANCHARD PUBLIC SCHOOLS INDEPENDENT SCHOOL DISTRICT NO. 029",54401,"PROPOSITION  BLANCHARD PUBLIC SCHOOLS",,8,8,2,"AGAINST THE PROPOSITION - NO",,43,4,217,264,,
9/10/2019,"MCCURTAIN","IDABEL PUBLIC SCHOOLS INDEPENDENT SCHOOL DISTRICT NO. 005",54501,"PROPOSITION  IDABEL PUBLIC SCHOOLS",,12,12,1,"FOR THE PROPOSITION - YES",,11,31,408,450,,
9/10/2019,"MCCURTAIN","IDABEL PUBLIC SCHOOLS INDEPENDENT SCHOOL DISTRICT NO. 005",54501,"PROPOSITION  IDABEL PUBLIC SCHOOLS",,12,12,2,"AGAINST THE PROPOSITION - NO",,2,9,82,93,,
9/10/2019,"MCINTOSH","HENRYETTA PUBLIC SCHOOLS INDEPENDENT SCHOOL DISTRICT NO. 002",55601,"PROPOSITION  HENRYETTA PUBLIC SCHOOLS",,1,1,1,"FOR THE PROPOSITION - YES",,0,0,0,0,,
9/10/2019,"MCINTOSH","HENRYETTA PUBLIC SCHOOLS INDEPENDENT SCHOOL DISTRICT NO. 002",55601,"PROPOSITION  HENRYETTA PUBLIC SCHOOLS",,1,1,2,"AGAINST THE PROPOSITION - NO",,0,0,0,0,,
9/10/2019,"MAJOR","CANTON PUBLIC SCHOOLS INDEPENDENT SCHOOL DISTRICT NO. 105",50601,"PROPOSITION  CANTON PUBLIC SCHOOLS",,1,1,1,"FOR THE PROPOSITION - YES",,0,1,0,1,,
9/10/2019,"MAJOR","CANTON PUBLIC SCHOOLS INDEPENDENT SCHOOL DISTRICT NO. 105",50601,"PROPOSITION  CANTON PUBLIC SCHOOLS",,1,1,2,"AGAINST THE PROPOSITION - NO",,1,0,0,1,,
9/10/2019,"MAJOR","ALINE-CLEO PUBLIC SCHOOLS INDEPENDENT SCHOOL DISTRICT NO. 004",54701,"PROPOSITION NO. 1  ALINE-CLEO PUBLIC SCHOOLS",,2,2,1,"FOR THE PROPOSITION - YES",,3,2,35,40,,
9/10/2019,"MAJOR","ALINE-CLEO PUBLIC SCHOOLS INDEPENDENT SCHOOL DISTRICT NO. 004",54701,"PROPOSITION NO. 1  ALINE-CLEO PUBLIC SCHOOLS",,2,2,2,"AGAINST THE PROPOSITION - NO",,2,8,17,27,,
9/10/2019,"MAJOR","ALINE-CLEO PUBLIC SCHOOLS INDEPENDENT SCHOOL DISTRICT NO. 004",54702,"PROPOSITION NO. 2  ALINE-CLEO PUBLIC SCHOOLS",,2,2,1,"FOR THE PROPOSITION - YES",,3,2,37,42,,
9/10/2019,"MAJOR","ALINE-CLEO PUBLIC SCHOOLS INDEPENDENT SCHOOL DISTRICT NO. 004",54702,"PROPOSITION NO. 2  ALINE-CLEO PUBLIC SCHOOLS",,2,2,2,"AGAINST THE PROPOSITION - NO",,2,8,15,25,,
9/10/2019,"MARSHALL","MADILL PUBLIC SCHOOLS INDEPENDENT SCHOOL DISTRICT NO. 002",54801,"PROPOSITION  MADILL PUBLIC SCHOOLS",,8,8,1,"FOR THE PROPOSITION - YES",,16,124,491,631,,
9/10/2019,"MARSHALL","MADILL PUBLIC SCHOOLS INDEPENDENT SCHOOL DISTRICT NO. 002",54801,"PROPOSITION  MADILL PUBLIC SCHOOLS",,8,8,2,"AGAINST THE PROPOSITION - NO",,8,20,194,222,,
9/10/2019,"MURRAY","CITY OF DAVIS",45001,"FOR COUNCILMEMBER, WARD NO. 1 (UNEXPIRED TERM)  CITY OF DAVIS",,2,2,1,"JASON WARD",,0,2,37,39,MURRAY
9/10/2019,"MURRAY","CITY OF DAVIS",45001,"FOR COUNCILMEMBER, WARD NO. 1 (UNEXPIRED TERM)  CITY OF DAVIS",,2,2,2,"JERMEY BUMGARNER",,0,2,97,99,MURRAY
9/10/2019,"MURRAY","ELMORE CITY-PERNELL SCHOOLS INDEPENDENT SCHOOL DISTRICT NO. 072",52501,"PROPOSITION NO. 1  ELMORE CITY-PERNELL SCHOOLS",,1,1,1,"FOR THE PROPOSITION - YES",,0,0,0,0,,
9/10/2019,"MURRAY","ELMORE CITY-PERNELL SCHOOLS INDEPENDENT SCHOOL DISTRICT NO. 072",52501,"PROPOSITION NO. 1  ELMORE CITY-PERNELL SCHOOLS",,1,1,2,"AGAINST THE PROPOSITION - NO",,0,0,0,0,,
9/10/2019,"MURRAY","ELMORE CITY-PERNELL SCHOOLS INDEPENDENT SCHOOL DISTRICT NO. 072",52502,"PROPOSITION NO. 2  ELMORE CITY-PERNELL SCHOOLS",,1,1,1,"FOR THE PROPOSITION - YES",,0,0,0,0,,
9/10/2019,"MURRAY","ELMORE CITY-PERNELL SCHOOLS INDEPENDENT SCHOOL DISTRICT NO. 072",52502,"PROPOSITION NO. 2  ELMORE CITY-PERNELL SCHOOLS",,1,1,2,"AGAINST THE PROPOSITION - NO",,0,0,0,0,,
9/10/2019,"NOBLE","TONKAWA PUBLIC SCHOOLS INDEPENDENT SCHOOL DISTRICT NO. 087",53601,"PROPOSITION  TONKAWA PUBLIC SCHOOLS",,1,1,1,"FOR THE PROPOSITION - YES",,0,0,0,0,,
9/10/2019,"NOBLE","TONKAWA PUBLIC SCHOOLS INDEPENDENT SCHOOL DISTRICT NO. 087",53601,"PROPOSITION  TONKAWA PUBLIC SCHOOLS",,1,1,2,"AGAINST THE PROPOSITION - NO",,0,0,0,0,,
9/10/2019,"OKLAHOMA","CROOKED OAK PUBLIC SCHOOLS INDEPENDENT SCHOOL DISTRICT NO. 053",55501,"PROPOSITION  CROOKED OAK PUBLIC SCHOOLS",,6,6,1,"FOR THE PROPOSITION - YES",,5,0,39,44,,
9/10/2019,"OKLAHOMA","CROOKED OAK PUBLIC SCHOOLS INDEPENDENT SCHOOL DISTRICT NO. 053",55501,"PROPOSITION  CROOKED OAK PUBLIC SCHOOLS",,6,6,2,"AGAINST THE PROPOSITION - NO",,2,0,3,5,,
9/10/2019,"OKLAHOMA","LUTHER PUBLIC SCHOOLS INDEPENDENT SCHOOL DISTRICT NO. 003",55502,"PROPOSITION  LUTHER PUBLIC SCHOOLS",,5,5,1,"FOR THE PROPOSITION - YES",,18,0,450,468,,
9/10/2019,"OKLAHOMA","LUTHER PUBLIC SCHOOLS INDEPENDENT SCHOOL DISTRICT NO. 003",55502,"PROPOSITION  LUTHER PUBLIC SCHOOLS",,5,5,2,"AGAINST THE PROPOSITION - NO",,18,0,328,346,,
9/10/2019,"OKMULGEE","MOUNDS PUBLIC SCHOOLS INDEPENDENT SCHOOL DISTRICT NO. 005",51901,"PROPOSITION NO. 1  MOUNDS PUBLIC SCHOOLS",,1,1,1,"FOR THE PROPOSITION - YES",,1,0,2,3,,
9/10/2019,"OKMULGEE","MOUNDS PUBLIC SCHOOLS INDEPENDENT SCHOOL DISTRICT NO. 005",51901,"PROPOSITION NO. 1  MOUNDS PUBLIC SCHOOLS",,1,1,2,"AGAINST THE PROPOSITION - NO",,0,0,0,0,,
9/10/2019,"OKMULGEE","MOUNDS PUBLIC SCHOOLS INDEPENDENT SCHOOL DISTRICT NO. 005",51902,"PROPOSITION NO. 2  MOUNDS PUBLIC SCHOOLS",,1,1,1,"FOR THE PROPOSITION - YES",,1,0,2,3,,
9/10/2019,"OKMULGEE","MOUNDS PUBLIC SCHOOLS INDEPENDENT SCHOOL DISTRICT NO. 005",51902,"PROPOSITION NO. 2  MOUNDS PUBLIC SCHOOLS",,1,1,2,"AGAINST THE PROPOSITION - NO",,0,0,0,0,,
9/10/2019,"OKMULGEE","HENRYETTA PUBLIC SCHOOLS INDEPENDENT SCHOOL DISTRICT NO. 002",55601,"PROPOSITION  HENRYETTA PUBLIC SCHOOLS",,6,6,1,"FOR THE PROPOSITION - YES",,15,3,269,287,,
9/10/2019,"OKMULGEE","HENRYETTA PUBLIC SCHOOLS INDEPENDENT SCHOOL DISTRICT NO. 002",55601,"PROPOSITION  HENRYETTA PUBLIC SCHOOLS",,6,6,2,"AGAINST THE PROPOSITION - NO",,14,8,99,121,,
9/10/2019,"OSAGE","TOWN OF SPERRY",47201,"PROPOSITION  TOWN OF SPERRY",,2,2,1,"FOR THE PROPOSITION - YES",,0,0,2,2,,
9/10/2019,"OSAGE","TOWN OF SPERRY",47201,"PROPOSITION  TOWN OF SPERRY",,2,2,2,"AGAINST THE PROPOSITION - NO",,0,0,0,0,,
9/10/2019,"OSAGE","PAWHUSKA PUBLIC SCHOOLS INDEPENDENT SCHOOL DISTRICT NO. 002",55701,"PROPOSITION  PAWHUSKA PUBLIC SCHOOLS",,8,8,1,"FOR THE PROPOSITION - YES",,6,12,125,143,,
9/10/2019,"OSAGE","PAWHUSKA PUBLIC SCHOOLS INDEPENDENT SCHOOL DISTRICT NO. 002",55701,"PROPOSITION  PAWHUSKA PUBLIC SCHOOLS",,8,8,2,"AGAINST THE PROPOSITION - NO",,1,4,26,31,,
9/10/2019,"PAWNEE","CITY OF PAWNEE",45901,"FOR MAYOR  CITY OF PAWNEE",,1,1,1,"TOM BRIGGS",,0,23,122,145,PAWNEE
9/10/2019,"PAWNEE","CITY OF PAWNEE",45901,"FOR MAYOR  CITY OF PAWNEE",,1,1,2,"BRAD SEWELL",,0,13,73,86,PAWNEE
9/10/2019,"PAWNEE","CITY OF PAWNEE",45901,"FOR MAYOR  CITY OF PAWNEE",,1,1,3,"TROY WILSON",,0,10,63,73,PAWNEE
9/10/2019,"PAWNEE","CITY OF PAWNEE",45903,"FOR COUNCILMEMBER, WARD NO. 2  CITY OF PAWNEE",,1,1,1,"ANDREA TWEETY BOWEN",,0,10,84,94,PAWNEE
9/10/2019,"PAWNEE","CITY OF PAWNEE",45903,"FOR COUNCILMEMBER, WARD NO. 2  CITY OF PAWNEE",,1,1,2,"BILL BELL",,0,11,74,85,PAWNEE
9/10/2019,"PAWNEE","CITY OF PAWNEE",45903,"FOR COUNCILMEMBER, WARD NO. 2  CITY OF PAWNEE",,1,1,3,"LEVI EDWARDS",,0,23,95,118,PAWNEE
9/10/2019,"PAWNEE","CITY OF PAWNEE",45904,"FOR COUNCILMEMBER, WARD NO. 3  CITY OF PAWNEE",,1,1,1,"SHAWN LOWREY",,0,21,124,145,PAWNEE
9/10/2019,"PAWNEE","CITY OF PAWNEE",45904,"FOR COUNCILMEMBER, WARD NO. 3  CITY OF PAWNEE",,1,1,2,"PEGGY LOUISE COLEMAN",,0,25,131,156,PAWNEE
9/10/2019,"PAWNEE","TOWN OF MARAMEC",45908,"PROPOSITION  TOWN OF MARAMEC",,1,1,1,"FOR THE PROPOSITION - YES",,0,0,11,11,,
9/10/2019,"PAWNEE","TOWN OF MARAMEC",45908,"PROPOSITION  TOWN OF MARAMEC",,1,1,2,"AGAINST THE PROPOSITION - NO",,0,0,1,1,,
9/10/2019,"PITTSBURG","MCALESTER PUBLIC SCHOOLS INDEPENDENT SCHOOL DISTRICT NO. 080",56101,"PROPOSITION NO. 1  MCALESTER PUBLIC SCHOOLS",,19,19,1,"FOR THE PROPOSITION - YES",,11,29,570,610,,
9/10/2019,"PITTSBURG","MCALESTER PUBLIC SCHOOLS INDEPENDENT SCHOOL DISTRICT NO. 080",56101,"PROPOSITION NO. 1  MCALESTER PUBLIC SCHOOLS",,19,19,2,"AGAINST THE PROPOSITION - NO",,11,15,253,279,,
9/10/2019,"PITTSBURG","MCALESTER PUBLIC SCHOOLS INDEPENDENT SCHOOL DISTRICT NO. 080",56102,"PROPOSITION NO. 2  MCALESTER PUBLIC SCHOOLS",,19,19,1,"FOR THE PROPOSITION - YES",,14,27,573,614,,
9/10/2019,"PITTSBURG","MCALESTER PUBLIC SCHOOLS INDEPENDENT SCHOOL DISTRICT NO. 080",56102,"PROPOSITION NO. 2  MCALESTER PUBLIC SCHOOLS",,19,19,2,"AGAINST THE PROPOSITION - NO",,8,17,248,273,,
9/10/2019,"PONTOTOC","LATTA PUBLIC SCHOOLS INDEPENDENT SCHOOL DISTRICT NO. 024",56201,"PROPOSITION  LATTA PUBLIC SCHOOLS",,5,5,1,"FOR THE PROPOSITION - YES",,4,13,219,236,,
9/10/2019,"PONTOTOC","LATTA PUBLIC SCHOOLS INDEPENDENT SCHOOL DISTRICT NO. 024",56201,"PROPOSITION  LATTA PUBLIC SCHOOLS",,5,5,2,"AGAINST THE PROPOSITION - NO",,5,4,65,74,,
9/10/2019,"POTTAWATOMIE","WANETTE PUBLIC SCHOOLS INDEPENDENT SCHOOL DISTRICT NO. 115",56301,"FOR OFFICE NO. 5 (UNEXPIRED TERM)  WANETTE PUBLIC SCHOOLS",,4,4,1,"COURTNEY ELLIS",,2,0,60,62,POTTAWATOMIE
9/10/2019,"POTTAWATOMIE","WANETTE PUBLIC SCHOOLS INDEPENDENT SCHOOL DISTRICT NO. 115",56301,"FOR OFFICE NO. 5 (UNEXPIRED TERM)  WANETTE PUBLIC SCHOOLS",,4,4,2,"JERRY A PLUMLEY",,1,0,27,28,POTTAWATOMIE
9/10/2019,"PUSHMATAHA","SOPER PUBLIC SCHOOLS INDEPENDENT SCHOOL DISTRICT NO. 004",51203,"PROPOSITION  SOPER PUBLIC SCHOOLS",,2,2,1,"FOR THE PROPOSITION - YES",,0,0,0,0,,
9/10/2019,"PUSHMATAHA","SOPER PUBLIC SCHOOLS INDEPENDENT SCHOOL DISTRICT NO. 004",51203,"PROPOSITION  SOPER PUBLIC SCHOOLS",,2,2,2,"AGAINST THE PROPOSITION - NO",,0,0,0,0,,
9/10/2019,"PUSHMATAHA","ANTLERS PUBLIC SCHOOLS INDEPENDENT SCHOOL DISTRICT NO. 013",56401,"PROPOSITION  ANTLERS PUBLIC SCHOOLS",,7,7,1,"FOR THE PROPOSITION - YES",,3,18,265,286,,
9/10/2019,"PUSHMATAHA","ANTLERS PUBLIC SCHOOLS INDEPENDENT SCHOOL DISTRICT NO. 013",56401,"PROPOSITION  ANTLERS PUBLIC SCHOOLS",,7,7,2,"AGAINST THE PROPOSITION - NO",,3,42,554,599,,
9/10/2019,"ROGER MILLS","SAYRE PUBLIC SCHOOLS INDEPENDENT SCHOOL DISTRICT NO. 031",50501,"PROPOSITION  SAYRE PUBLIC SCHOOLS",,1,1,1,"FOR THE PROPOSITION - YES",,0,0,1,1,,
9/10/2019,"ROGER MILLS","SAYRE PUBLIC SCHOOLS INDEPENDENT SCHOOL DISTRICT NO. 031",50501,"PROPOSITION  SAYRE PUBLIC SCHOOLS",,1,1,2,"AGAINST THE PROPOSITION - NO",,0,0,0,0,,
9/10/2019,"ROGERS","OOLOGAH-TALALA PUBLIC SCHOOLS INDEPENDENT SCHOOL DISTRICT NO. 004",56601,"PROPOSITION NO. 1  OOLOGAH-TALALA PUBLIC SCHOOLS",,9,9,1,"FOR THE PROPOSITION - YES",,14,2,477,493,,
9/10/2019,"ROGERS","OOLOGAH-TALALA PUBLIC SCHOOLS INDEPENDENT SCHOOL DISTRICT NO. 004",56601,"PROPOSITION NO. 1  OOLOGAH-TALALA PUBLIC SCHOOLS",,9,9,2,"AGAINST THE PROPOSITION - NO",,14,5,139,158,,
9/10/2019,"ROGERS","OOLOGAH-TALALA PUBLIC SCHOOLS INDEPENDENT SCHOOL DISTRICT NO. 004",56602,"PROPOSITION NO. 2  OOLOGAH-TALALA PUBLIC SCHOOLS",,9,9,1,"FOR THE PROPOSITION - YES",,15,2,490,507,,
9/10/2019,"ROGERS","OOLOGAH-TALALA PUBLIC SCHOOLS INDEPENDENT SCHOOL DISTRICT NO. 004",56602,"PROPOSITION NO. 2  OOLOGAH-TALALA PUBLIC SCHOOLS",,9,9,2,"AGAINST THE PROPOSITION - NO",,13,5,129,147,,
9/10/2019,"STEPHENS","STEPHENS COUNTY",30001,"PROPOSITION",,28,28,1,"FOR THE PROPOSITION - YES",,55,94,1127,1276,,
9/10/2019,"STEPHENS","STEPHENS COUNTY",30001,"PROPOSITION",,28,28,2,"AGAINST THE PROPOSITION - NO",,46,28,385,459,,
9/10/2019,"STEPHENS","ELMORE CITY-PERNELL SCHOOLS INDEPENDENT SCHOOL DISTRICT NO. 072",52501,"PROPOSITION NO. 1  ELMORE CITY-PERNELL SCHOOLS",,1,1,1,"FOR THE PROPOSITION - YES",,0,0,0,0,,
9/10/2019,"STEPHENS","ELMORE CITY-PERNELL SCHOOLS INDEPENDENT SCHOOL DISTRICT NO. 072",52501,"PROPOSITION NO. 1  ELMORE CITY-PERNELL SCHOOLS",,1,1,2,"AGAINST THE PROPOSITION - NO",,0,0,0,0,,
9/10/2019,"STEPHENS","ELMORE CITY-PERNELL SCHOOLS INDEPENDENT SCHOOL DISTRICT NO. 072",52502,"PROPOSITION NO. 2  ELMORE CITY-PERNELL SCHOOLS",,1,1,1,"FOR THE PROPOSITION - YES",,0,0,0,0,,
9/10/2019,"STEPHENS","ELMORE CITY-PERNELL SCHOOLS INDEPENDENT SCHOOL DISTRICT NO. 072",52502,"PROPOSITION NO. 2  ELMORE CITY-PERNELL SCHOOLS",,1,1,2,"AGAINST THE PROPOSITION - NO",,0,0,0,0,,
9/10/2019,"TULSA","TOWN OF SPERRY",47201,"PROPOSITION  TOWN OF SPERRY",,2,2,1,"FOR THE PROPOSITION - YES",,0,0,57,57,,
9/10/2019,"TULSA","TOWN OF SPERRY",47201,"PROPOSITION  TOWN OF SPERRY",,2,2,2,"AGAINST THE PROPOSITION - NO",,0,0,3,3,,
9/10/2019,"WASHITA","CITY OF NEW CORDELL",47501,"PROPOSITION  CITY OF NEW CORDELL",,2,2,1,"FOR THE PROPOSITION - YES",,23,46,403,472,,
9/10/2019,"WASHITA","CITY OF NEW CORDELL",47501,"PROPOSITION  CITY OF NEW CORDELL",,2,2,2,"AGAINST THE PROPOSITION - NO",,3,3,34,40,,
9/10/2019,"WASHITA","CARNEGIE PUBLIC SCHOOLS INDEPENDENT SCHOOL DISTRICT NO. 033",50801,"PROPOSITION  CARNEGIE PUBLIC SCHOOLS",,1,1,1,"FOR THE PROPOSITION - YES",,3,0,6,9,,
9/10/2019,"WASHITA","CARNEGIE PUBLIC SCHOOLS INDEPENDENT SCHOOL DISTRICT NO. 033",50801,"PROPOSITION  CARNEGIE PUBLIC SCHOOLS",,1,1,2,"AGAINST THE PROPOSITION - NO",,3,0,11,14,,
9/10/2019,"WASHITA","CANUTE PUBLIC SCHOOLS INDEPENDENT SCHOOL DISTRICT NO. 011",57501,"PROPOSITION NO. 1  CANUTE PUBLIC SCHOOLS",,2,2,1,"FOR THE PROPOSITION - YES",,7,5,81,93,,
9/10/2019,"WASHITA","CANUTE PUBLIC SCHOOLS INDEPENDENT SCHOOL DISTRICT NO. 011",57501,"PROPOSITION NO. 1  CANUTE PUBLIC SCHOOLS",,2,2,2,"AGAINST THE PROPOSITION - NO",,9,0,323,332,,
9/10/2019,"WASHITA","CANUTE PUBLIC SCHOOLS INDEPENDENT SCHOOL DISTRICT NO. 011",57502,"PROPOSITION NO. 2  CANUTE PUBLIC SCHOOLS",,2,2,1,"FOR THE PROPOSITION - YES",,7,5,128,140,,
9/10/2019,"WASHITA","CANUTE PUBLIC SCHOOLS INDEPENDENT SCHOOL DISTRICT NO. 011",57502,"PROPOSITION NO. 2  CANUTE PUBLIC SCHOOLS",,2,2,2,"AGAINST THE PROPOSITION - NO",,9,0,277,286,,
9/10/2019,"WOODS","ALINE-CLEO PUBLIC SCHOOLS INDEPENDENT SCHOOL DISTRICT NO. 004",54701,"PROPOSITION NO. 1  ALINE-CLEO PUBLIC SCHOOLS",,1,1,1,"FOR THE PROPOSITION - YES",,0,0,0,0,,
9/10/2019,"WOODS","ALINE-CLEO PUBLIC SCHOOLS INDEPENDENT SCHOOL DISTRICT NO. 004",54701,"PROPOSITION NO. 1  ALINE-CLEO PUBLIC SCHOOLS",,1,1,2,"AGAINST THE PROPOSITION - NO",,0,0,0,0,,
9/10/2019,"WOODS","ALINE-CLEO PUBLIC SCHOOLS INDEPENDENT SCHOOL DISTRICT NO. 004",54702,"PROPOSITION NO. 2  ALINE-CLEO PUBLIC SCHOOLS",,1,1,1,"FOR THE PROPOSITION - YES",,0,0,0,0,,
9/10/2019,"WOODS","ALINE-CLEO PUBLIC SCHOOLS INDEPENDENT SCHOOL DISTRICT NO. 004",54702,"PROPOSITION NO. 2  ALINE-CLEO PUBLIC SCHOOLS",,1,1,2,"AGAINST THE PROPOSITION - NO",,0,0,0,0,,
9/10/2019,"WOODS","FREEDOM PUBLIC SCHOOLS INDEPENDENT SCHOOL DISTRICT NO. 006",57601,"PROPOSITION NO. 1  FREEDOM PUBLIC SCHOOLS",,1,1,1,"FOR THE PROPOSITION - YES",,3,0,82,85,,
9/10/2019,"WOODS","FREEDOM PUBLIC SCHOOLS INDEPENDENT SCHOOL DISTRICT NO. 006",57601,"PROPOSITION NO. 1  FREEDOM PUBLIC SCHOOLS",,1,1,2,"AGAINST THE PROPOSITION - NO",,5,7,71,83,,
9/10/2019,"WOODS","FREEDOM PUBLIC SCHOOLS INDEPENDENT SCHOOL DISTRICT NO. 006",57602,"PROPOSITION NO. 2  FREEDOM PUBLIC SCHOOLS",,1,1,1,"FOR THE PROPOSITION - YES",,3,0,80,83,,
9/10/2019,"WOODS","FREEDOM PUBLIC SCHOOLS INDEPENDENT SCHOOL DISTRICT NO. 006",57602,"PROPOSITION NO. 2  FREEDOM PUBLIC SCHOOLS",,1,1,2,"AGAINST THE PROPOSITION - NO",,5,7,73,85,,
9/10/2019,"WOODWARD","FREEDOM PUBLIC SCHOOLS INDEPENDENT SCHOOL DISTRICT NO. 006",57601,"PROPOSITION NO. 1  FREEDOM PUBLIC SCHOOLS",,1,1,1,"FOR THE PROPOSITION - YES",,0,0,5,5,,
9/10/2019,"WOODWARD","FREEDOM PUBLIC SCHOOLS INDEPENDENT SCHOOL DISTRICT NO. 006",57601,"PROPOSITION NO. 1  FREEDOM PUBLIC SCHOOLS",,1,1,2,"AGAINST THE PROPOSITION - NO",,0,0,5,5,,
9/10/2019,"WOODWARD","FREEDOM PUBLIC SCHOOLS INDEPENDENT SCHOOL DISTRICT NO. 006",57602,"PROPOSITION NO. 2  FREEDOM PUBLIC SCHOOLS",,1,1,1,"FOR THE PROPOSITION - YES",,0,0,5,5,,
9/10/2019,"WOODWARD","FREEDOM PUBLIC SCHOOLS INDEPENDENT SCHOOL DISTRICT NO. 006",57602,"PROPOSITION NO. 2  FREEDOM PUBLIC SCHOOLS",,1,1,2,"AGAINST THE PROPOSITION - NO",,0,0,5,5,,
