elec_date,county,entity_description,race_number,race_description,race_party,tot_race_prec,race_prec_reporting,cand_number,cand_name,cand_party,cand_absmail_votes,cand_early_votes,cand_elecday_votes,cand_tot_votes,race_county_owner
4/3/2018,"ADAIR","STILWELL PUBLIC SCHOOLS INDEPENDENT SCHOOL DISTRICT NO. 025",50102,"PROPOSITION  STILWELL PUBLIC SCHOOLS",,10,10,1,"FOR THE PROPOSITION - YES",,15,10,251,276,,
4/3/2018,"ADAIR","STILWELL PUBLIC SCHOOLS INDEPENDENT SCHOOL DISTRICT NO. 025",50102,"PROPOSITION  STILWELL PUBLIC SCHOOLS",,10,10,2,"AGAINST THE PROPOSITION - NO",,5,18,257,280,,
4/3/2018,"ATOKA","ROCK CREEK PUBLIC SCHOOLS INDEPENDENT SCHOOL DISTRICT NO. 002",50702,"PROPOSITION  ROCK CREEK PUBLIC SCHOOLS",,2,2,1,"FOR THE PROPOSITION - YES",,0,0,0,0,,
4/3/2018,"ATOKA","ROCK CREEK PUBLIC SCHOOLS INDEPENDENT SCHOOL DISTRICT NO. 002",50702,"PROPOSITION  ROCK CREEK PUBLIC SCHOOLS",,2,2,2,"AGAINST THE PROPOSITION - NO",,0,0,0,0,,
4/3/2018,"BEAVER","BEAVER PUBLIC SCHOOLS INDEPENDENT SCHOOL DISTRICT NO. 022",50401,"FOR OFFICE NO. 3  BEAVER PUBLIC SCHOOLS",,5,5,1,"BROCK D. RUSSELL",,2,18,126,146,BEAVER
4/3/2018,"BEAVER","BEAVER PUBLIC SCHOOLS INDEPENDENT SCHOOL DISTRICT NO. 022",50401,"FOR OFFICE NO. 3  BEAVER PUBLIC SCHOOLS",,5,5,2,"KERRY STAFFORD",,2,13,111,126,BEAVER
4/3/2018,"BLAINE","CITY OF WATONGA",40601,"PROPOSITION NO. 1  CITY OF WATONGA",,3,3,1,"FOR THE PROPOSITION - YES",,9,10,137,156,,
4/3/2018,"BLAINE","CITY OF WATONGA",40601,"PROPOSITION NO. 1  CITY OF WATONGA",,3,3,2,"AGAINST THE PROPOSITION - NO",,2,0,36,38,,
4/3/2018,"BLAINE","CITY OF WATONGA",40602,"PROPOSITION NO. 2  CITY OF WATONGA",,3,3,1,"FOR THE PROPOSITION - YES",,8,10,134,152,,
4/3/2018,"BLAINE","CITY OF WATONGA",40602,"PROPOSITION NO. 2  CITY OF WATONGA",,3,3,2,"AGAINST THE PROPOSITION - NO",,3,0,39,42,,
4/3/2018,"BRYAN","COLBERT PUBLIC SCHOOLS INDEPENDENT SCHOOL DISTRICT NO. 004",50701,"PROPOSITION  COLBERT PUBLIC SCHOOLS",,3,3,1,"FOR THE PROPOSITION - YES",,9,0,176,185,,
4/3/2018,"BRYAN","COLBERT PUBLIC SCHOOLS INDEPENDENT SCHOOL DISTRICT NO. 004",50701,"PROPOSITION  COLBERT PUBLIC SCHOOLS",,3,3,2,"AGAINST THE PROPOSITION - NO",,2,0,23,25,,
4/3/2018,"BRYAN","ROCK CREEK PUBLIC SCHOOLS INDEPENDENT SCHOOL DISTRICT NO. 002",50702,"PROPOSITION  ROCK CREEK PUBLIC SCHOOLS",,9,9,1,"FOR THE PROPOSITION - YES",,2,0,191,193,,
4/3/2018,"BRYAN","ROCK CREEK PUBLIC SCHOOLS INDEPENDENT SCHOOL DISTRICT NO. 002",50702,"PROPOSITION  ROCK CREEK PUBLIC SCHOOLS",,9,9,2,"AGAINST THE PROPOSITION - NO",,5,11,204,220,,
4/3/2018,"CADDO","GREAT PLAINS TECH CENTER DISTRICT NO. 9",51601,"PROPOSITION  GREAT PLAINS TECH CENTER",,1,1,1,"FOR THE PROPOSITION - YES",,0,0,0,0,,
4/3/2018,"CADDO","GREAT PLAINS TECH CENTER DISTRICT NO. 9",51601,"PROPOSITION  GREAT PLAINS TECH CENTER",,1,1,2,"AGAINST THE PROPOSITION - NO",,0,0,0,0,,
4/3/2018,"CANADIAN","CITY OF MUSTANG",40901,"FOR MAYOR  CITY OF MUSTANG",,7,7,1,"JESS M. SCHWEINBERG",,42,0,422,464,CANADIAN
4/3/2018,"CANADIAN","CITY OF MUSTANG",40901,"FOR MAYOR  CITY OF MUSTANG",,7,7,2,"JAN YAKISH",,18,0,201,219,CANADIAN
4/3/2018,"CANADIAN","CITY OF YUKON",40904,"FOR COUNCILMEMBER WARD 2  CITY OF YUKON",,3,3,1,"ERICK WESTFAHL",,15,2,175,192,CANADIAN
4/3/2018,"CANADIAN","CITY OF YUKON",40904,"FOR COUNCILMEMBER WARD 2  CITY OF YUKON",,3,3,2,"SHELLI SELBY",,20,2,351,373,CANADIAN
4/3/2018,"CARTER","TOWN OF SPRINGER",41001,"PROPOSITION  TOWN OF SPRINGER",,3,3,1,"FOR THE PROPOSITION - YES",,0,2,15,17,,
4/3/2018,"CARTER","TOWN OF SPRINGER",41001,"PROPOSITION  TOWN OF SPRINGER",,3,3,2,"AGAINST THE PROPOSITION - NO",,1,0,22,23,,
4/3/2018,"CARTER","CITY OF HEALDTON",41002,"FOR COUNCILMEMBER WARD ONE  CITY OF HEALDTON",,2,2,1,"RANDY WELCH",,2,0,105,107,CARTER
4/3/2018,"CARTER","CITY OF HEALDTON",41002,"FOR COUNCILMEMBER WARD ONE  CITY OF HEALDTON",,2,2,2,"JOSH ADAMS",,0,3,146,149,CARTER
4/3/2018,"CARTER","CITY OF HEALDTON",41003,"FOR COUNCILMEMBER WARD TWO  CITY OF HEALDTON",,2,2,1,"JAMES STUBBLEFIELD",,2,3,171,176,CARTER
4/3/2018,"CARTER","CITY OF HEALDTON",41003,"FOR COUNCILMEMBER WARD TWO  CITY OF HEALDTON",,2,2,2,"TREVA GAGE",,0,0,83,83,CARTER
4/3/2018,"CARTER","ARDMORE PUBLIC SCHOOLS INDEPENDENT SCHOOL DISTRICT NO. 019",51001,"PROPOSITION  ARDMORE PUBLIC SCHOOLS",,10,10,1,"FOR THE PROPOSITION - YES",,39,69,916,1024,,
4/3/2018,"CARTER","ARDMORE PUBLIC SCHOOLS INDEPENDENT SCHOOL DISTRICT NO. 019",51001,"PROPOSITION  ARDMORE PUBLIC SCHOOLS",,10,10,2,"AGAINST THE PROPOSITION - NO",,9,12,410,431,,
4/3/2018,"CARTER","WILSON PUBLIC SCHOOLS INDEPENDENT SCHOOL DISTRICT NO. 043",51002,"FOR OFFICE NO. 3  WILSON PUBLIC SCHOOLS",,6,6,1,"JACKIE R LOWERY",,5,1,106,112,CARTER
4/3/2018,"CARTER","WILSON PUBLIC SCHOOLS INDEPENDENT SCHOOL DISTRICT NO. 043",51002,"FOR OFFICE NO. 3  WILSON PUBLIC SCHOOLS",,6,6,2,"E. J. FORSYTHE",,5,2,88,95,CARTER
4/3/2018,"CARTER","VELMA-ALMA PUBLIC SCHOOLS INDEPENDENT SCHOOL DISTRICT NO. 015",56903,"FOR OFFICE NO. 3  VELMA-ALMA PUBLIC SCHOOLS",,1,1,1,"BOBBY DALE SOUTHERLAND",,0,0,0,0,CARTER
4/3/2018,"CARTER","VELMA-ALMA PUBLIC SCHOOLS INDEPENDENT SCHOOL DISTRICT NO. 015",56903,"FOR OFFICE NO. 3  VELMA-ALMA PUBLIC SCHOOLS",,1,1,2,"JOSHUA  EASTWOOD",,0,0,0,0,CARTER
4/3/2018,"CHEROKEE","KEYS PUBLIC SCHOOLS INDEPENDENT SCHOOL DISTRICT NO. 006",51101,"PROPOSITION  KEYS PUBLIC SCHOOLS",,4,4,1,"FOR THE PROPOSITION - YES",,2,6,179,187,,
4/3/2018,"CHEROKEE","KEYS PUBLIC SCHOOLS INDEPENDENT SCHOOL DISTRICT NO. 006",51101,"PROPOSITION  KEYS PUBLIC SCHOOLS",,4,4,2,"AGAINST THE PROPOSITION - NO",,1,5,124,130,,
4/3/2018,"CIMARRON","BOISE CITY PUBLIC SCHOOLS INDEPENDENT SCHOOL DISTRICT NO. 002",51301,"PROPOSITION  BOISE CITY PUBLIC SCHOOLS",,6,6,1,"FOR THE PROPOSITION - YES",,3,27,98,128,,
4/3/2018,"CIMARRON","BOISE CITY PUBLIC SCHOOLS INDEPENDENT SCHOOL DISTRICT NO. 002",51301,"PROPOSITION  BOISE CITY PUBLIC SCHOOLS",,6,6,2,"AGAINST THE PROPOSITION - NO",,2,9,56,67,,
4/3/2018,"CIMARRON","KEYES PUBLIC SCHOOLS INDEPENDENT SCHOOL DISTRICT NO. 011",51302,"FOR OFFICE NO. 5 (UNEXPIRED TERM)  KEYES PUBLIC SCHOOLS",,3,3,1,"KERRY BARNUM",,4,0,38,42,CIMARRON
4/3/2018,"CIMARRON","KEYES PUBLIC SCHOOLS INDEPENDENT SCHOOL DISTRICT NO. 011",51302,"FOR OFFICE NO. 5 (UNEXPIRED TERM)  KEYES PUBLIC SCHOOLS",,3,3,2,"JESSICA HINDS",,3,2,64,69,CIMARRON
4/3/2018,"CLEVELAND","CITY OF NORMAN",41404,"FOR COUNCILMEMBER WARD 8  CITY OF NORMAN",,9,9,1,"ALEX SCOTT",,18,23,613,654,CLEVELAND
4/3/2018,"CLEVELAND","CITY OF NORMAN",41404,"FOR COUNCILMEMBER WARD 8  CITY OF NORMAN",,9,9,2,"KYLE ALLISON",,19,10,444,473,CLEVELAND
4/3/2018,"COMANCHE","GREAT PLAINS TECH CENTER DISTRICT NO. 9",51601,"PROPOSITION  GREAT PLAINS TECH CENTER",,39,39,1,"FOR THE PROPOSITION - YES",,226,121,1181,1528,,
4/3/2018,"COMANCHE","GREAT PLAINS TECH CENTER DISTRICT NO. 9",51601,"PROPOSITION  GREAT PLAINS TECH CENTER",,39,39,2,"AGAINST THE PROPOSITION - NO",,101,73,610,784,,
4/3/2018,"COMANCHE","INDIAHOMA PUBLIC SCHOOLS INDEPENDENT SCHOOL DISTRICT NO. 002",51603,"PROPOSITION  INDIAHOMA PUBLIC SCHOOLS",,3,3,1,"FOR THE PROPOSITION - YES",,3,1,117,121,,
4/3/2018,"COMANCHE","INDIAHOMA PUBLIC SCHOOLS INDEPENDENT SCHOOL DISTRICT NO. 002",51603,"PROPOSITION  INDIAHOMA PUBLIC SCHOOLS",,3,3,2,"AGAINST THE PROPOSITION - NO",,0,0,34,34,,
4/3/2018,"COTTON","GREAT PLAINS TECH CENTER DISTRICT NO. 9",51601,"PROPOSITION  GREAT PLAINS TECH CENTER",,7,7,1,"FOR THE PROPOSITION - YES",,2,1,22,25,,
4/3/2018,"COTTON","GREAT PLAINS TECH CENTER DISTRICT NO. 9",51601,"PROPOSITION  GREAT PLAINS TECH CENTER",,7,7,2,"AGAINST THE PROPOSITION - NO",,1,0,11,12,,
4/3/2018,"CREEK","CITY OF SAPULPA",41901,"FOR COUNCILOR WARD ONE, SEAT ONE  CITY OF SAPULPA",,5,5,1,"HUGO NAIFEH",,5,24,47,76,CREEK
4/3/2018,"CREEK","CITY OF SAPULPA",41901,"FOR COUNCILOR WARD ONE, SEAT ONE  CITY OF SAPULPA",,5,5,2,"CHARLES E. BETZLER",,1,0,35,36,CREEK
4/3/2018,"CREEK","CITY OF SAPULPA",41902,"FOR COUNCILOR WARD TWO, SEAT ONE  CITY OF SAPULPA",,9,9,1,"CHARLES STEPHENS",,2,7,47,56,CREEK
4/3/2018,"CREEK","CITY OF SAPULPA",41902,"FOR COUNCILOR WARD TWO, SEAT ONE  CITY OF SAPULPA",,9,9,2,"BRIAN STEPHENS",,2,10,19,31,CREEK
4/3/2018,"CREEK","CITY OF SAPULPA",41905,"FOR COUNCILOR WARD FIVE, SEAT ONE  CITY OF SAPULPA",,5,5,1,"BRUCE  BLEDSOE",,2,0,54,56,CREEK
4/3/2018,"CREEK","CITY OF SAPULPA",41905,"FOR COUNCILOR WARD FIVE, SEAT ONE  CITY OF SAPULPA",,5,5,2,"ALAN H. JONES",,1,5,37,43,CREEK
4/3/2018,"CREEK","MOUNDS PUBLIC SCHOOLS INDEPENDENT SCHOOL DISTRICT NO. 005",51901,"FOR OFFICE NO. 3  MOUNDS PUBLIC SCHOOLS",,4,4,1,"CHRIS MAC McDONALD",,0,0,79,79,CREEK
4/3/2018,"CREEK","MOUNDS PUBLIC SCHOOLS INDEPENDENT SCHOOL DISTRICT NO. 005",51901,"FOR OFFICE NO. 3  MOUNDS PUBLIC SCHOOLS",,4,4,2,"CLAYTON J LAMB",,1,0,106,107,CREEK
4/3/2018,"CUSTER","CITY OF CLINTON",42001,"PROPOSITION  CITY OF CLINTON",,4,4,1,"FOR THE PROPOSITION - YES",,15,8,260,283,,
4/3/2018,"CUSTER","CITY OF CLINTON",42001,"PROPOSITION  CITY OF CLINTON",,4,4,2,"AGAINST THE PROPOSITION - NO",,2,0,35,37,,
4/3/2018,"CUSTER","CITY OF WEATHERFORD",42002,"PROPOSITION  CITY OF WEATHERFORD",,4,4,1,"FOR THE PROPOSITION - YES",,22,2,645,669,,
4/3/2018,"CUSTER","CITY OF WEATHERFORD",42002,"PROPOSITION  CITY OF WEATHERFORD",,4,4,2,"AGAINST THE PROPOSITION - NO",,15,3,427,445,,
4/3/2018,"DEWEY","SHARON-MUTUAL PUBLIC SCHOOLS INDEPENDENT SCHOOL DISTRICT NO. 003",57701,"PROPOSITION  SHARON-MUTUAL PUBLIC SCHOOLS",,1,1,1,"FOR THE PROPOSITION - YES",,0,0,0,0,,
4/3/2018,"DEWEY","SHARON-MUTUAL PUBLIC SCHOOLS INDEPENDENT SCHOOL DISTRICT NO. 003",57701,"PROPOSITION  SHARON-MUTUAL PUBLIC SCHOOLS",,1,1,2,"AGAINST THE PROPOSITION - NO",,0,0,0,0,,
4/3/2018,"GARVIN","CITY OF LINDSAY",42501,"FOR COUNCILMEMBER  CITY OF LINDSAY",,2,2,1,"JAKE RUTLEDGE",,4,1,135,140,GARVIN
4/3/2018,"GARVIN","CITY OF LINDSAY",42501,"FOR COUNCILMEMBER  CITY OF LINDSAY",,2,2,2,"DEBBIE WHITEHEAD",,0,0,37,37,GARVIN
4/3/2018,"GARVIN","CITY OF LINDSAY",42501,"FOR COUNCILMEMBER  CITY OF LINDSAY",,2,2,3,"TERRY BROWN",,0,0,13,13,GARVIN
4/3/2018,"GARVIN","CITY OF LINDSAY",42501,"FOR COUNCILMEMBER  CITY OF LINDSAY",,2,2,4,"CHRISTOPHER HASSLER",,4,0,138,142,GARVIN
4/3/2018,"GARVIN","CITY OF LINDSAY",42501,"FOR COUNCILMEMBER  CITY OF LINDSAY",,2,2,5,"KASSI TURNER",,3,1,114,118,GARVIN
4/3/2018,"GARVIN","CITY OF LINDSAY",42501,"FOR COUNCILMEMBER  CITY OF LINDSAY",,2,2,6,"JANE POOL",,1,1,101,103,GARVIN
4/3/2018,"GARVIN","PAULS VALLEY PUBLIC SCHOOLS INDEPENDENT SCHOOL DISTRICT NO. 018",52501,"PROPOSITION  PAULS VALLEY PUBLIC SCHOOLS",,5,5,1,"FOR THE PROPOSITION - YES",,11,66,536,613,,
4/3/2018,"GARVIN","PAULS VALLEY PUBLIC SCHOOLS INDEPENDENT SCHOOL DISTRICT NO. 018",52501,"PROPOSITION  PAULS VALLEY PUBLIC SCHOOLS",,5,5,2,"AGAINST THE PROPOSITION - NO",,5,39,283,327,,
4/3/2018,"GRADY","CITY OF CHICKASHA",42601,"FOR MAYOR  CITY OF CHICKASHA",,11,11,1,"CHRIS MOSLEY",,41,100,932,1073,GRADY
4/3/2018,"GRADY","CITY OF CHICKASHA",42601,"FOR MAYOR  CITY OF CHICKASHA",,11,11,2,"TOM ROSE",,23,25,428,476,GRADY
4/3/2018,"GRADY","CITY OF CHICKASHA",42605,"FOR COUNCILMEMBER WARD 4 POSITION 2  CITY OF CHICKASHA",,11,11,1,"HOWARD CARPENTER",,37,58,548,643,GRADY
4/3/2018,"GRADY","CITY OF CHICKASHA",42605,"FOR COUNCILMEMBER WARD 4 POSITION 2  CITY OF CHICKASHA",,11,11,2,"ZACHARY GRAYSON",,28,63,789,880,GRADY
4/3/2018,"GRADY","GREAT PLAINS TECH CENTER DISTRICT NO. 9",51601,"PROPOSITION  GREAT PLAINS TECH CENTER",,1,1,1,"FOR THE PROPOSITION - YES",,0,0,0,0,,
4/3/2018,"GRADY","GREAT PLAINS TECH CENTER DISTRICT NO. 9",51601,"PROPOSITION  GREAT PLAINS TECH CENTER",,1,1,2,"AGAINST THE PROPOSITION - NO",,0,0,0,0,,
4/3/2018,"GRADY","FRIEND PUBLIC SCHOOL ELEMENTARY SCHOOL DISTRICT NO. 037",52601,"PROPOSITION NO. 1  FRIEND PUBLIC SCHOOL",,4,4,1,"FOR THE PROPOSITION - YES",,1,3,80,84,,
4/3/2018,"GRADY","FRIEND PUBLIC SCHOOL ELEMENTARY SCHOOL DISTRICT NO. 037",52601,"PROPOSITION NO. 1  FRIEND PUBLIC SCHOOL",,4,4,2,"AGAINST THE PROPOSITION - NO",,0,0,14,14,,
4/3/2018,"GRADY","FRIEND PUBLIC SCHOOL ELEMENTARY SCHOOL DISTRICT NO. 037",52602,"PROPOSITION NO. 2  FRIEND PUBLIC SCHOOL",,4,4,1,"FOR THE PROPOSITION - YES",,1,3,80,84,,
4/3/2018,"GRADY","FRIEND PUBLIC SCHOOL ELEMENTARY SCHOOL DISTRICT NO. 037",52602,"PROPOSITION NO. 2  FRIEND PUBLIC SCHOOL",,4,4,2,"AGAINST THE PROPOSITION - NO",,0,0,13,13,,
4/3/2018,"GRADY","GRADY COUNTY (EMS)",60261,"PROPOSITION  GRADY COUNTY (EMS)",,5,5,1,"FOR THE PROPOSITION - YES",,8,1,15,24,,
4/3/2018,"GRADY","GRADY COUNTY (EMS)",60261,"PROPOSITION  GRADY COUNTY (EMS)",,5,5,2,"AGAINST THE PROPOSITION - NO",,7,0,15,22,,
4/3/2018,"GREER","GREER COUNTY",30005,"PROPOSITION",,8,8,1,"FOR THE PROPOSITION - YES",,4,20,179,203,,
4/3/2018,"GREER","GREER COUNTY",30005,"PROPOSITION",,8,8,2,"AGAINST THE PROPOSITION - NO",,0,3,28,31,,
4/3/2018,"HARPER","WOODWARD PUBLIC SCHOOLS INDEPENDENT SCHOOL DISTRICT NO. 001",57702,"PROPOSITION NO. 1  WOODWARD PUBLIC SCHOOLS",,1,1,1,"FOR THE PROPOSITION - YES",,0,0,0,0,,
4/3/2018,"HARPER","WOODWARD PUBLIC SCHOOLS INDEPENDENT SCHOOL DISTRICT NO. 001",57702,"PROPOSITION NO. 1  WOODWARD PUBLIC SCHOOLS",,1,1,2,"AGAINST THE PROPOSITION - NO",,0,0,0,0,,
4/3/2018,"HARPER","WOODWARD PUBLIC SCHOOLS INDEPENDENT SCHOOL DISTRICT NO. 001",57703,"PROPOSITION NO. 2  WOODWARD PUBLIC SCHOOLS",,1,1,1,"FOR THE PROPOSITION - YES",,0,0,0,0,,
4/3/2018,"HARPER","WOODWARD PUBLIC SCHOOLS INDEPENDENT SCHOOL DISTRICT NO. 001",57703,"PROPOSITION NO. 2  WOODWARD PUBLIC SCHOOLS",,1,1,2,"AGAINST THE PROPOSITION - NO",,0,0,0,0,,
4/3/2018,"HASKELL","STIGLER PUBLIC SCHOOLS INDEPENDENT SCHOOL DISTRICT NO. 020",53101,"PROPOSITION  STIGLER PUBLIC SCHOOLS",,9,9,1,"FOR THE PROPOSITION - YES",,14,256,645,915,,
4/3/2018,"HASKELL","STIGLER PUBLIC SCHOOLS INDEPENDENT SCHOOL DISTRICT NO. 020",53101,"PROPOSITION  STIGLER PUBLIC SCHOOLS",,9,9,2,"AGAINST THE PROPOSITION - NO",,29,125,786,940,,
4/3/2018,"JEFFERSON","CITY OF WAURIKA",43401,"PROPOSITION  CITY OF WAURIKA",,5,5,1,"FOR THE PROPOSITION - YES",,5,12,75,92,,
4/3/2018,"JEFFERSON","CITY OF WAURIKA",43401,"PROPOSITION  CITY OF WAURIKA",,5,5,2,"AGAINST THE PROPOSITION - NO",,3,13,68,84,,
4/3/2018,"JEFFERSON","COMANCHE PUBLIC SCHOOLS INDEPENDENT SCHOOL DISTRICT NO. 002",56901,"PROPOSITION NO. 1  COMANCHE PUBLIC SCHOOLS",,1,1,1,"FOR THE PROPOSITION - YES",,0,0,2,2,,
4/3/2018,"JEFFERSON","COMANCHE PUBLIC SCHOOLS INDEPENDENT SCHOOL DISTRICT NO. 002",56901,"PROPOSITION NO. 1  COMANCHE PUBLIC SCHOOLS",,1,1,2,"AGAINST THE PROPOSITION - NO",,0,0,3,3,,
4/3/2018,"JEFFERSON","COMANCHE PUBLIC SCHOOLS INDEPENDENT SCHOOL DISTRICT NO. 002",56902,"PROPOSITION NO. 2  COMANCHE PUBLIC SCHOOLS",,1,1,1,"FOR THE PROPOSITION - YES",,0,0,3,3,,
4/3/2018,"JEFFERSON","COMANCHE PUBLIC SCHOOLS INDEPENDENT SCHOOL DISTRICT NO. 002",56902,"PROPOSITION NO. 2  COMANCHE PUBLIC SCHOOLS",,1,1,2,"AGAINST THE PROPOSITION - NO",,0,0,2,2,,
4/3/2018,"JOHNSTON","CITY OF TISHOMINGO",43502,"FOR COUNCILMEMBER WARD 5   CITY OF TISHOMINGO",,4,4,1,"DON KEEL",,3,18,94,115,JOHNSTON
4/3/2018,"JOHNSTON","CITY OF TISHOMINGO",43502,"FOR COUNCILMEMBER WARD 5   CITY OF TISHOMINGO",,4,4,2,"CATHY HARMON",,2,2,26,30,JOHNSTON
4/3/2018,"KAY","CITY OF NEWKIRK",43601,"FOR MAYOR  CITY OF NEWKIRK",,1,1,1,"WALTER KIRK BROWN",,2,17,91,110,KAY
4/3/2018,"KAY","CITY OF NEWKIRK",43601,"FOR MAYOR  CITY OF NEWKIRK",,1,1,2,"ROY DIETRICH",,0,0,10,10,KAY
4/3/2018,"KAY","CITY OF NEWKIRK",43602,"PROPOSITION  CITY OF NEWKIRK",,1,1,1,"FOR THE PROPOSITION - YES",,1,17,89,107,,
4/3/2018,"KAY","CITY OF NEWKIRK",43602,"PROPOSITION  CITY OF NEWKIRK",,1,1,2,"AGAINST THE PROPOSITION - NO",,1,0,10,11,,
4/3/2018,"KINGFISHER","KINGFISHER PUBLIC SCHOOLS INDEPENDENT SCHOOL DISTRICT NO. 007",53701,"FOR OFFICE NO. 3  KINGFISHER PUBLIC SCHOOLS",,10,10,1,"CHARLES WALKER",,6,11,157,174,KINGFISHER
4/3/2018,"KINGFISHER","KINGFISHER PUBLIC SCHOOLS INDEPENDENT SCHOOL DISTRICT NO. 007",53701,"FOR OFFICE NO. 3  KINGFISHER PUBLIC SCHOOLS",,10,10,2,"JIM PERDUE",,18,25,284,327,KINGFISHER
4/3/2018,"KIOWA","GREAT PLAINS TECH CENTER DISTRICT NO. 9",51601,"PROPOSITION  GREAT PLAINS TECH CENTER",,7,7,1,"FOR THE PROPOSITION - YES",,2,0,20,22,,
4/3/2018,"KIOWA","GREAT PLAINS TECH CENTER DISTRICT NO. 9",51601,"PROPOSITION  GREAT PLAINS TECH CENTER",,7,7,2,"AGAINST THE PROPOSITION - NO",,4,0,18,22,,
4/3/2018,"LEFLORE","CAMERON PUBLIC SCHOOLS INDEPENDENT SCHOOL DISTRICT NO. 017",54001,"FOR OFFICE NO. 4 (UNEXPIRED TERM)  CAMERON PUBLIC SCHOOLS",,4,4,1,"SHERRY WILLIS",,0,0,31,31,LEFLORE
4/3/2018,"LEFLORE","CAMERON PUBLIC SCHOOLS INDEPENDENT SCHOOL DISTRICT NO. 017",54001,"FOR OFFICE NO. 4 (UNEXPIRED TERM)  CAMERON PUBLIC SCHOOLS",,4,4,2,"RICHARD JOHNSON",,0,0,94,94,LEFLORE
4/3/2018,"LEFLORE","POTEAU PUBLIC SCHOOLS INDEPENDENT SCHOOL DISTRICT NO. 029",54002,"PROPOSITION  POTEAU PUBLIC SCHOOLS",,9,9,1,"FOR THE PROPOSITION - YES",,3,48,605,656,,
4/3/2018,"LEFLORE","POTEAU PUBLIC SCHOOLS INDEPENDENT SCHOOL DISTRICT NO. 029",54002,"PROPOSITION  POTEAU PUBLIC SCHOOLS",,9,9,2,"AGAINST THE PROPOSITION - NO",,2,39,484,525,,
4/3/2018,"LOVE","WILSON PUBLIC SCHOOLS INDEPENDENT SCHOOL DISTRICT NO. 043",51002,"FOR OFFICE NO. 3  WILSON PUBLIC SCHOOLS",,2,2,1,"JACKIE R LOWERY",,0,0,0,0,LOVE
4/3/2018,"LOVE","WILSON PUBLIC SCHOOLS INDEPENDENT SCHOOL DISTRICT NO. 043",51002,"FOR OFFICE NO. 3  WILSON PUBLIC SCHOOLS",,2,2,2,"E. J. FORSYTHE",,0,1,0,1,LOVE
4/3/2018,"MCCLAIN","MCCLAIN COUNTY (EMS)",60441,"PROPOSITION  MCCLAIN COUNTY (EMS)",,15,15,1,"FOR THE PROPOSITION - YES",,46,0,150,196,,
4/3/2018,"MCCLAIN","MCCLAIN COUNTY (EMS)",60441,"PROPOSITION  MCCLAIN COUNTY (EMS)",,15,15,2,"AGAINST THE PROPOSITION - NO",,53,5,189,247,,
4/3/2018,"MCCURTAIN","FOREST GROVE PUBLIC SCHOOL ELEMENTARY SCHOOL DISTRICT NO. 001",54501,"PROPOSITION  FOREST GROVE PUBLIC SCHOOL",,3,3,1,"FOR THE PROPOSITION - YES",,1,5,59,65,,
4/3/2018,"MCCURTAIN","FOREST GROVE PUBLIC SCHOOL ELEMENTARY SCHOOL DISTRICT NO. 001",54501,"PROPOSITION  FOREST GROVE PUBLIC SCHOOL",,3,3,2,"AGAINST THE PROPOSITION - NO",,2,0,55,57,,
4/3/2018,"MARSHALL","CITY OF MADILL",44802,"FOR COUNCILMEMBER PLACE 5  CITY OF MADILL",,4,4,1,"SHAUNDA KENDRIX",,7,4,71,82,MARSHALL
4/3/2018,"MARSHALL","CITY OF MADILL",44802,"FOR COUNCILMEMBER PLACE 5  CITY OF MADILL",,4,4,2,"TOM AUSTIN",,3,3,23,29,MARSHALL
4/3/2018,"MAYES","SALINA PUBLIC SCHOOLS INDEPENDENT SCHOOL DISTRICT NO. 016",54902,"PROPOSITION NO. 1  SALINA PUBLIC SCHOOLS",,5,5,1,"FOR THE PROPOSITION - YES",,12,1,340,353,,
4/3/2018,"MAYES","SALINA PUBLIC SCHOOLS INDEPENDENT SCHOOL DISTRICT NO. 016",54902,"PROPOSITION NO. 1  SALINA PUBLIC SCHOOLS",,5,5,2,"AGAINST THE PROPOSITION - NO",,5,0,82,87,,
4/3/2018,"MAYES","SALINA PUBLIC SCHOOLS INDEPENDENT SCHOOL DISTRICT NO. 016",54903,"PROPOSITION NO. 2  SALINA PUBLIC SCHOOLS",,5,5,1,"FOR THE PROPOSITION - YES",,14,1,345,360,,
4/3/2018,"MAYES","SALINA PUBLIC SCHOOLS INDEPENDENT SCHOOL DISTRICT NO. 016",54903,"PROPOSITION NO. 2  SALINA PUBLIC SCHOOLS",,5,5,2,"AGAINST THE PROPOSITION - NO",,3,0,84,87,,
4/3/2018,"MURRAY","CITY OF SULPHUR",45002,"FOR COUNCILMAN WARD 3  CITY OF SULPHUR",,4,4,1,"ROGELIO TREVINO",,2,0,8,10,MURRAY
4/3/2018,"MURRAY","CITY OF SULPHUR",45002,"FOR COUNCILMAN WARD 3  CITY OF SULPHUR",,4,4,2,"BRANDON FLOWERS",,18,15,81,114,MURRAY
4/3/2018,"MUSKOGEE","HASKELL PUBLIC SCHOOLS INDEPENDENT SCHOOL DISTRICT NO. 002",55101,"FOR OFFICE NO. 3  HASKELL PUBLIC SCHOOLS",,5,5,1,"LEWIS GONZALES",,5,1,181,187,MUSKOGEE
4/3/2018,"MUSKOGEE","HASKELL PUBLIC SCHOOLS INDEPENDENT SCHOOL DISTRICT NO. 002",55101,"FOR OFFICE NO. 3  HASKELL PUBLIC SCHOOLS",,5,5,2,"CORRIE L. BUCHANAN",,3,4,265,272,MUSKOGEE
4/3/2018,"NOWATA","CITY OF NOWATA",45302,"FOR COMMISSIONER WARD 4  CITY OF NOWATA",,2,2,1,"KARON MILLER",,3,3,10,16,NOWATA
4/3/2018,"NOWATA","CITY OF NOWATA",45302,"FOR COMMISSIONER WARD 4  CITY OF NOWATA",,2,2,2,"JOSHUA LEE BRINKMAN",,4,0,5,9,NOWATA
4/3/2018,"OKLAHOMA","CITY OF BETHANY",45502,"PROPOSITION  CITY OF BETHANY",,11,11,1,"FOR THE PROPOSITION - YES",,43,1,246,290,,
4/3/2018,"OKLAHOMA","CITY OF BETHANY",45502,"PROPOSITION  CITY OF BETHANY",,11,11,2,"AGAINST THE PROPOSITION - NO",,4,0,40,44,,
4/3/2018,"OKLAHOMA","CITY OF HARRAH",45503,"FOR COUNCIL MEMBER, WARD 4  CITY OF HARRAH",,6,6,1,"CASS SMITH",,11,0,70,81,OKLAHOMA
4/3/2018,"OKLAHOMA","CITY OF HARRAH",45503,"FOR COUNCIL MEMBER, WARD 4  CITY OF HARRAH",,6,6,2,"THOMAS HAWKINS",,8,0,53,61,OKLAHOMA
4/3/2018,"OKLAHOMA","CITY OF THE VILLAGE",45504,"FOR COUNCILMAN, WARD 5  CITY OF THE VILLAGE",,5,5,1,"JOE BOYD",,4,0,67,71,OKLAHOMA
4/3/2018,"OKLAHOMA","CITY OF THE VILLAGE",45504,"FOR COUNCILMAN, WARD 5  CITY OF THE VILLAGE",,5,5,2,"JOHN ALLEN",,9,2,73,84,OKLAHOMA
4/3/2018,"OKLAHOMA","CITY OF THE VILLAGE",45504,"FOR COUNCILMAN, WARD 5  CITY OF THE VILLAGE",,5,5,3,"SONNY WILKINSON",,34,1,344,379,OKLAHOMA
4/3/2018,"OKLAHOMA","MILLWOOD PUBLIC SCHOOLS INDEPENDENT SCHOOL DISTRICT NO. 037",55501,"PROPOSITION NO. 1  MILLWOOD PUBLIC SCHOOLS",,6,6,1,"FOR THE PROPOSITION - YES",,15,0,245,260,,
4/3/2018,"OKLAHOMA","MILLWOOD PUBLIC SCHOOLS INDEPENDENT SCHOOL DISTRICT NO. 037",55501,"PROPOSITION NO. 1  MILLWOOD PUBLIC SCHOOLS",,6,6,2,"AGAINST THE PROPOSITION - NO",,6,2,51,59,,
4/3/2018,"OKLAHOMA","MILLWOOD PUBLIC SCHOOLS INDEPENDENT SCHOOL DISTRICT NO. 037",55502,"PROPOSITION NO. 2  MILLWOOD PUBLIC SCHOOLS",,6,6,1,"FOR THE PROPOSITION - YES",,16,0,242,258,,
4/3/2018,"OKLAHOMA","MILLWOOD PUBLIC SCHOOLS INDEPENDENT SCHOOL DISTRICT NO. 037",55502,"PROPOSITION NO. 2  MILLWOOD PUBLIC SCHOOLS",,6,6,2,"AGAINST THE PROPOSITION - NO",,5,2,57,64,,
4/3/2018,"OKLAHOMA","OAKDALE PUBLIC SCHOOLS ELEMENTARY SCHOOL DISTRICT NO. 029",55503,"PROPOSITION  OAKDALE PUBLIC SCHOOLS",,5,5,1,"FOR THE PROPOSITION - YES",,8,2,228,238,,
4/3/2018,"OKLAHOMA","OAKDALE PUBLIC SCHOOLS ELEMENTARY SCHOOL DISTRICT NO. 029",55503,"PROPOSITION  OAKDALE PUBLIC SCHOOLS",,5,5,2,"AGAINST THE PROPOSITION - NO",,9,0,48,57,,
4/3/2018,"OKMULGEE","OKMULGEE COUNTY",30002,"PROPOSITION",,24,24,1,"FOR THE PROPOSITION - YES",,64,77,1234,1375,,
4/3/2018,"OKMULGEE","OKMULGEE COUNTY",30002,"PROPOSITION",,24,24,2,"AGAINST THE PROPOSITION - NO",,24,14,165,203,,
4/3/2018,"OKMULGEE","MOUNDS PUBLIC SCHOOLS INDEPENDENT SCHOOL DISTRICT NO. 005",51901,"FOR OFFICE NO. 3  MOUNDS PUBLIC SCHOOLS",,1,1,1,"CHRIS MAC McDONALD",,0,0,1,1,OKMULGEE
4/3/2018,"OKMULGEE","MOUNDS PUBLIC SCHOOLS INDEPENDENT SCHOOL DISTRICT NO. 005",51901,"FOR OFFICE NO. 3  MOUNDS PUBLIC SCHOOLS",,1,1,2,"CLAYTON J LAMB",,1,0,2,3,OKMULGEE
4/3/2018,"OKMULGEE","HASKELL PUBLIC SCHOOLS INDEPENDENT SCHOOL DISTRICT NO. 002",55101,"FOR OFFICE NO. 3  HASKELL PUBLIC SCHOOLS",,1,1,1,"LEWIS GONZALES",,0,3,7,10,OKMULGEE
4/3/2018,"OKMULGEE","HASKELL PUBLIC SCHOOLS INDEPENDENT SCHOOL DISTRICT NO. 002",55101,"FOR OFFICE NO. 3  HASKELL PUBLIC SCHOOLS",,1,1,2,"CORRIE L. BUCHANAN",,0,0,1,1,OKMULGEE
4/3/2018,"OSAGE","AVANT PUBLIC SCHOOL ELEMENTARY SCHOOL DISTRICT NO. 035",55701,"PROPOSITION NO. 1  AVANT PUBLIC SCHOOL",,5,5,1,"FOR THE PROPOSITION - YES",,2,0,38,40,,
4/3/2018,"OSAGE","AVANT PUBLIC SCHOOL ELEMENTARY SCHOOL DISTRICT NO. 035",55701,"PROPOSITION NO. 1  AVANT PUBLIC SCHOOL",,5,5,2,"AGAINST THE PROPOSITION - NO",,0,0,5,5,,
4/3/2018,"OSAGE","AVANT PUBLIC SCHOOL ELEMENTARY SCHOOL DISTRICT NO. 035",55702,"PROPOSITION NO. 2  AVANT PUBLIC SCHOOL",,5,5,1,"FOR THE PROPOSITION - YES",,2,0,36,38,,
4/3/2018,"OSAGE","AVANT PUBLIC SCHOOL ELEMENTARY SCHOOL DISTRICT NO. 035",55702,"PROPOSITION NO. 2  AVANT PUBLIC SCHOOL",,5,5,2,"AGAINST THE PROPOSITION - NO",,0,0,7,7,,
4/3/2018,"OSAGE","BARNSDALL PUBLIC SCHOOLS INDEPENDENT SCHOOL DISTRICT NO. 029",55703,"PROPOSITION  BARNSDALL PUBLIC SCHOOLS",,4,4,1,"FOR THE PROPOSITION - YES",,19,4,290,313,,
4/3/2018,"OSAGE","BARNSDALL PUBLIC SCHOOLS INDEPENDENT SCHOOL DISTRICT NO. 029",55703,"PROPOSITION  BARNSDALL PUBLIC SCHOOLS",,4,4,2,"AGAINST THE PROPOSITION - NO",,5,0,109,114,,
4/3/2018,"OSAGE","PAWHUSKA PUBLIC SCHOOLS INDEPENDENT SCHOOL DISTRICT NO. 002",55704,"FOR OFFICE NO. 3  PAWHUSKA PUBLIC SCHOOLS",,8,8,1,"DANNY FERGUSON",,6,72,254,332,OSAGE
4/3/2018,"OSAGE","PAWHUSKA PUBLIC SCHOOLS INDEPENDENT SCHOOL DISTRICT NO. 002",55704,"FOR OFFICE NO. 3  PAWHUSKA PUBLIC SCHOOLS",,8,8,2,"SCOTT D LAIRD",,12,100,252,364,OSAGE
4/3/2018,"OSAGE","SPERRY PUBLIC SCHOOLS INDEPENDENT SCHOOL DISTRICT NO. 008",57201,"PROPOSITION NO. 1  SPERRY PUBLIC SCHOOLS",,3,3,1,"FOR THE PROPOSITION - YES",,4,0,139,143,,
4/3/2018,"OSAGE","SPERRY PUBLIC SCHOOLS INDEPENDENT SCHOOL DISTRICT NO. 008",57201,"PROPOSITION NO. 1  SPERRY PUBLIC SCHOOLS",,3,3,2,"AGAINST THE PROPOSITION - NO",,5,0,36,41,,
4/3/2018,"OSAGE","SPERRY PUBLIC SCHOOLS INDEPENDENT SCHOOL DISTRICT NO. 008",57202,"PROPOSITION NO. 2  SPERRY PUBLIC SCHOOLS",,3,3,1,"FOR THE PROPOSITION - YES",,4,0,143,147,,
4/3/2018,"OSAGE","SPERRY PUBLIC SCHOOLS INDEPENDENT SCHOOL DISTRICT NO. 008",57202,"PROPOSITION NO. 2  SPERRY PUBLIC SCHOOLS",,3,3,2,"AGAINST THE PROPOSITION - NO",,5,0,32,37,,
4/3/2018,"OTTAWA","CITY OF MIAMI",45801,"FOR COUNCILMEMBER WARD NO. 3  CITY OF MIAMI",,4,4,1,"NEAL JOHNSON",,3,5,85,93,OTTAWA
4/3/2018,"OTTAWA","CITY OF MIAMI",45801,"FOR COUNCILMEMBER WARD NO. 3  CITY OF MIAMI",,4,4,2,"RYAN ORCUTT",,3,0,128,131,OTTAWA
4/3/2018,"OTTAWA","FAIRLAND PUBLIC SCHOOLS INDEPENDENT SCHOOL DISTRICT NO. 031",55801,"PROPOSITION   FAIRLAND PUBLIC SCHOOLS",,1,1,1,"FOR THE PROPOSITION - YES",,0,5,191,196,,
4/3/2018,"OTTAWA","FAIRLAND PUBLIC SCHOOLS INDEPENDENT SCHOOL DISTRICT NO. 031",55801,"PROPOSITION   FAIRLAND PUBLIC SCHOOLS",,1,1,2,"AGAINST THE PROPOSITION - NO",,0,5,187,192,,
4/3/2018,"PAYNE","CITY OF CUSHING",46001,"PROPOSITION NO. 1  CITY OF CUSHING",,4,4,1,"FOR THE PROPOSITION - YES",,6,2,295,303,,
4/3/2018,"PAYNE","CITY OF CUSHING",46001,"PROPOSITION NO. 1  CITY OF CUSHING",,4,4,2,"AGAINST THE PROPOSITION - NO",,2,1,40,43,,
4/3/2018,"PAYNE","CITY OF CUSHING",46002,"PROPOSITION NO. 2  CITY OF CUSHING",,4,4,1,"FOR THE PROPOSITION - YES",,6,3,293,302,,
4/3/2018,"PAYNE","CITY OF CUSHING",46002,"PROPOSITION NO. 2  CITY OF CUSHING",,4,4,2,"AGAINST THE PROPOSITION - NO",,2,0,43,45,,
4/3/2018,"PAYNE","CITY OF CUSHING",46003,"PROPOSITION NO. 3  CITY OF CUSHING",,4,4,1,"FOR THE PROPOSITION - YES",,5,2,293,300,,
4/3/2018,"PAYNE","CITY OF CUSHING",46003,"PROPOSITION NO. 3  CITY OF CUSHING",,4,4,2,"AGAINST THE PROPOSITION - NO",,3,1,40,44,,
4/3/2018,"PAYNE","CITY OF STILLWATER",46004,"FOR COUNCILOR NO. 5, MAYOR  CITY OF STILLWATER",,21,21,1,"KEVIN CLARK",,30,93,799,922,PAYNE
4/3/2018,"PAYNE","CITY OF STILLWATER",46004,"FOR COUNCILOR NO. 5, MAYOR  CITY OF STILLWATER",,21,21,2,"WILLIAM H. JOYCE",,37,171,1950,2158,PAYNE
4/3/2018,"PAYNE","CITY OF YALE",46005,"FOR COMMISSIONER SEAT NO. 3  CITY OF YALE",,1,1,1,"BRIAN PORTER JR.",,1,0,50,51,PAYNE
4/3/2018,"PAYNE","CITY OF YALE",46005,"FOR COMMISSIONER SEAT NO. 3  CITY OF YALE",,1,1,2,"MICHAEL McCULLOUGH",,2,0,32,34,PAYNE
4/3/2018,"PITTSBURG","CITY OF HARTSHORNE",46101,"FOR MAYOR (UNEXPIRED TERM)  CITY OF HARTSHORNE",,4,4,1,"JOY F. CLINE",,3,1,154,158,PITTSBURG
4/3/2018,"PITTSBURG","CITY OF HARTSHORNE",46101,"FOR MAYOR (UNEXPIRED TERM)  CITY OF HARTSHORNE",,4,4,2,"BENNETT W. NELSON",,3,2,65,70,PITTSBURG
4/3/2018,"PITTSBURG","CITY OF MCALESTER",46104,"FOR COUNCILMAN WARD 6  CITY OF MCALESTER",,8,8,1,"ZACH PRICHARD",,0,7,73,80,PITTSBURG
4/3/2018,"PITTSBURG","CITY OF MCALESTER",46104,"FOR COUNCILMAN WARD 6  CITY OF MCALESTER",,8,8,2,"DANNY R. GIACOMO",,1,4,76,81,PITTSBURG
4/3/2018,"PITTSBURG","CITY OF MCALESTER",46104,"FOR COUNCILMAN WARD 6  CITY OF MCALESTER",,8,8,3,"DaMARIA MADDOX",,0,3,43,46,PITTSBURG
4/3/2018,"PITTSBURG","MCALESTER PUBLIC SCHOOLS INDEPENDENT SCHOOL DISTRICT NO. 080",56101,"FOR OFFICE NO. 3  MCALESTER PUBLIC SCHOOLS",,19,19,1,"BRENDA CALAHAN",,18,17,317,352,PITTSBURG
4/3/2018,"PITTSBURG","MCALESTER PUBLIC SCHOOLS INDEPENDENT SCHOOL DISTRICT NO. 080",56101,"FOR OFFICE NO. 3  MCALESTER PUBLIC SCHOOLS",,19,19,2,"JOY TRIBBEY",,8,19,486,513,PITTSBURG
4/3/2018,"ROGERS","CITY OF COLLINSVILLE",47202,"FOR MAYOR  CITY OF COLLINSVILLE",,2,2,1,"JERRY GARRETT",,0,0,0,0,ROGERS
4/3/2018,"ROGERS","CITY OF COLLINSVILLE",47202,"FOR MAYOR  CITY OF COLLINSVILLE",,2,2,2,"BUD YORK",,0,0,0,0,ROGERS
4/3/2018,"ROGERS","NORTHWEST FIRE",60661,"PROPOSITION NO. 1  NORTHWEST FIRE",,11,11,1,"FOR THE PROPOSITION - YES",,23,15,710,748,,
4/3/2018,"ROGERS","NORTHWEST FIRE",60661,"PROPOSITION NO. 1  NORTHWEST FIRE",,11,11,2,"AGAINST THE PROPOSITION - NO",,13,6,414,433,,
4/3/2018,"ROGERS","NORTHWEST FIRE",60662,"PROPOSITION NO. 2  NORTHWEST FIRE",,11,11,1,"FOR THE PROPOSITION - YES",,17,6,287,310,,
4/3/2018,"ROGERS","NORTHWEST FIRE",60662,"PROPOSITION NO. 2  NORTHWEST FIRE",,11,11,2,"AGAINST THE PROPOSITION - NO",,19,15,833,867,,
4/3/2018,"STEPHENS","CITY OF DUNCAN",46901,"FOR MAYOR  CITY OF DUNCAN",,16,16,1,"GENE BROWN",,24,22,566,612,STEPHENS
4/3/2018,"STEPHENS","CITY OF DUNCAN",46901,"FOR MAYOR  CITY OF DUNCAN",,16,16,2,"RITCHIE D. DENNINGTON",,16,41,722,779,STEPHENS
4/3/2018,"STEPHENS","GREAT PLAINS TECH CENTER DISTRICT NO. 9",51601,"PROPOSITION  GREAT PLAINS TECH CENTER",,1,1,1,"FOR THE PROPOSITION - YES",,0,0,0,0,,
4/3/2018,"STEPHENS","GREAT PLAINS TECH CENTER DISTRICT NO. 9",51601,"PROPOSITION  GREAT PLAINS TECH CENTER",,1,1,2,"AGAINST THE PROPOSITION - NO",,0,0,0,0,,
4/3/2018,"STEPHENS","COMANCHE PUBLIC SCHOOLS INDEPENDENT SCHOOL DISTRICT NO. 002",56901,"PROPOSITION NO. 1  COMANCHE PUBLIC SCHOOLS",,8,8,1,"FOR THE PROPOSITION - YES",,2,6,332,340,,
4/3/2018,"STEPHENS","COMANCHE PUBLIC SCHOOLS INDEPENDENT SCHOOL DISTRICT NO. 002",56901,"PROPOSITION NO. 1  COMANCHE PUBLIC SCHOOLS",,8,8,2,"AGAINST THE PROPOSITION - NO",,1,1,86,88,,
4/3/2018,"STEPHENS","COMANCHE PUBLIC SCHOOLS INDEPENDENT SCHOOL DISTRICT NO. 002",56902,"PROPOSITION NO. 2  COMANCHE PUBLIC SCHOOLS",,8,8,1,"FOR THE PROPOSITION - YES",,2,6,343,351,,
4/3/2018,"STEPHENS","COMANCHE PUBLIC SCHOOLS INDEPENDENT SCHOOL DISTRICT NO. 002",56902,"PROPOSITION NO. 2  COMANCHE PUBLIC SCHOOLS",,8,8,2,"AGAINST THE PROPOSITION - NO",,1,1,77,79,,
4/3/2018,"STEPHENS","VELMA-ALMA PUBLIC SCHOOLS INDEPENDENT SCHOOL DISTRICT NO. 015",56903,"FOR OFFICE NO. 3  VELMA-ALMA PUBLIC SCHOOLS",,5,5,1,"BOBBY DALE SOUTHERLAND",,2,1,168,171,STEPHENS
4/3/2018,"STEPHENS","VELMA-ALMA PUBLIC SCHOOLS INDEPENDENT SCHOOL DISTRICT NO. 015",56903,"FOR OFFICE NO. 3  VELMA-ALMA PUBLIC SCHOOLS",,5,5,2,"JOSHUA  EASTWOOD",,5,3,217,225,STEPHENS
4/3/2018,"TEXAS","KEYES PUBLIC SCHOOLS INDEPENDENT SCHOOL DISTRICT NO. 011",51302,"FOR OFFICE NO. 5 (UNEXPIRED TERM)  KEYES PUBLIC SCHOOLS",,1,1,1,"KERRY BARNUM",,0,0,0,0,TEXAS
4/3/2018,"TEXAS","KEYES PUBLIC SCHOOLS INDEPENDENT SCHOOL DISTRICT NO. 011",51302,"FOR OFFICE NO. 5 (UNEXPIRED TERM)  KEYES PUBLIC SCHOOLS",,1,1,2,"JESSICA HINDS",,0,0,0,0,TEXAS
4/3/2018,"TEXAS","GOODWELL PUBLIC SCHOOLS INDEPENDENT SCHOOL DISTRICT NO. 060",57001,"PROPOSITION  GOODWELL PUBLIC SCHOOLS",,6,6,1,"FOR THE PROPOSITION - YES",,6,6,149,161,,
4/3/2018,"TEXAS","GOODWELL PUBLIC SCHOOLS INDEPENDENT SCHOOL DISTRICT NO. 060",57001,"PROPOSITION  GOODWELL PUBLIC SCHOOLS",,6,6,2,"AGAINST THE PROPOSITION - NO",,1,0,53,54,,
4/3/2018,"TEXAS","HOOKER PUBLIC SCHOOLS INDEPENDENT SCHOOL DISTRICT NO. 023",57002,"PROPOSITION NO. 1  HOOKER PUBLIC SCHOOLS",,4,4,1,"FOR THE PROPOSITION - YES",,8,0,193,201,,
4/3/2018,"TEXAS","HOOKER PUBLIC SCHOOLS INDEPENDENT SCHOOL DISTRICT NO. 023",57002,"PROPOSITION NO. 1  HOOKER PUBLIC SCHOOLS",,4,4,2,"AGAINST THE PROPOSITION - NO",,7,0,73,80,,
4/3/2018,"TEXAS","HOOKER PUBLIC SCHOOLS INDEPENDENT SCHOOL DISTRICT NO. 023",57003,"PROPOSITION NO. 2  HOOKER PUBLIC SCHOOLS",,4,4,1,"FOR THE PROPOSITION - YES",,8,0,198,206,,
4/3/2018,"TEXAS","HOOKER PUBLIC SCHOOLS INDEPENDENT SCHOOL DISTRICT NO. 023",57003,"PROPOSITION NO. 2  HOOKER PUBLIC SCHOOLS",,4,4,2,"AGAINST THE PROPOSITION - NO",,7,0,64,71,,
4/3/2018,"TILLMAN","GREAT PLAINS TECH CENTER DISTRICT NO. 9",51601,"PROPOSITION  GREAT PLAINS TECH CENTER",,9,9,1,"FOR THE PROPOSITION - YES",,11,19,145,175,,
4/3/2018,"TILLMAN","GREAT PLAINS TECH CENTER DISTRICT NO. 9",51601,"PROPOSITION  GREAT PLAINS TECH CENTER",,9,9,2,"AGAINST THE PROPOSITION - NO",,7,19,99,125,,
4/3/2018,"TILLMAN","INDIAHOMA PUBLIC SCHOOLS INDEPENDENT SCHOOL DISTRICT NO. 002",51603,"PROPOSITION  INDIAHOMA PUBLIC SCHOOLS",,2,2,1,"FOR THE PROPOSITION - YES",,0,0,0,0,,
4/3/2018,"TILLMAN","INDIAHOMA PUBLIC SCHOOLS INDEPENDENT SCHOOL DISTRICT NO. 002",51603,"PROPOSITION  INDIAHOMA PUBLIC SCHOOLS",,2,2,2,"AGAINST THE PROPOSITION - NO",,0,0,0,0,,
4/3/2018,"TULSA","CITY OF SAPULPA",41905,"FOR COUNCILOR WARD FIVE, SEAT ONE  CITY OF SAPULPA",,2,2,1,"BRUCE  BLEDSOE",,0,0,0,0,TULSA
4/3/2018,"TULSA","CITY OF SAPULPA",41905,"FOR COUNCILOR WARD FIVE, SEAT ONE  CITY OF SAPULPA",,2,2,2,"ALAN H. JONES",,0,0,0,0,TULSA
4/3/2018,"TULSA","CITY OF BIXBY",47201,"FOR COUNCILMEMBER WARD 4  CITY OF BIXBY",,7,7,1,"AMY LYNN THOMPSON",,0,0,4,4,TULSA
4/3/2018,"TULSA","CITY OF BIXBY",47201,"FOR COUNCILMEMBER WARD 4  CITY OF BIXBY",,7,7,2,"BRAD GIRARD",,5,2,297,304,TULSA
4/3/2018,"TULSA","CITY OF BIXBY",47201,"FOR COUNCILMEMBER WARD 4  CITY OF BIXBY",,7,7,3,"VICTORIA OLTMANN",,1,0,45,46,TULSA
4/3/2018,"TULSA","CITY OF BIXBY",47201,"FOR COUNCILMEMBER WARD 4  CITY OF BIXBY",,7,7,4,"JEREMY SHADRICK",,1,0,59,60,TULSA
4/3/2018,"TULSA","CITY OF BIXBY",47201,"FOR COUNCILMEMBER WARD 4  CITY OF BIXBY",,7,7,5,"ERIC COVEY",,0,0,11,11,TULSA
4/3/2018,"TULSA","CITY OF COLLINSVILLE",47202,"FOR MAYOR  CITY OF COLLINSVILLE",,4,4,1,"JERRY GARRETT",,4,1,265,270,TULSA
4/3/2018,"TULSA","CITY OF COLLINSVILLE",47202,"FOR MAYOR  CITY OF COLLINSVILLE",,4,4,2,"BUD YORK",,9,0,263,272,TULSA
4/3/2018,"TULSA","CITY OF COLLINSVILLE",47203,"FOR CITY COMMISSIONER WARD 3  CITY OF COLLINSVILLE",,1,1,1,"LARRY SHAFER",,2,0,99,101,TULSA
4/3/2018,"TULSA","CITY OF COLLINSVILLE",47203,"FOR CITY COMMISSIONER WARD 3  CITY OF COLLINSVILLE",,1,1,2,"LEESA BARNETT",,0,0,53,53,TULSA
4/3/2018,"TULSA","CITY OF COLLINSVILLE",47204,"FOR CITY COMMISSIONER WARD 4  CITY OF COLLINSVILLE",,3,3,1,"JEROMY S. BURWELL",,4,0,83,87,TULSA
4/3/2018,"TULSA","CITY OF COLLINSVILLE",47204,"FOR CITY COMMISSIONER WARD 4  CITY OF COLLINSVILLE",,3,3,2,"JERRY PYKIET",,1,0,89,90,TULSA
4/3/2018,"TULSA","SPERRY PUBLIC SCHOOLS INDEPENDENT SCHOOL DISTRICT NO. 008",57201,"PROPOSITION NO. 1  SPERRY PUBLIC SCHOOLS",,5,5,1,"FOR THE PROPOSITION - YES",,2,1,113,116,,
4/3/2018,"TULSA","SPERRY PUBLIC SCHOOLS INDEPENDENT SCHOOL DISTRICT NO. 008",57201,"PROPOSITION NO. 1  SPERRY PUBLIC SCHOOLS",,5,5,2,"AGAINST THE PROPOSITION - NO",,0,0,25,25,,
4/3/2018,"TULSA","SPERRY PUBLIC SCHOOLS INDEPENDENT SCHOOL DISTRICT NO. 008",57202,"PROPOSITION NO. 2  SPERRY PUBLIC SCHOOLS",,5,5,1,"FOR THE PROPOSITION - YES",,2,1,111,114,,
4/3/2018,"TULSA","SPERRY PUBLIC SCHOOLS INDEPENDENT SCHOOL DISTRICT NO. 008",57202,"PROPOSITION NO. 2  SPERRY PUBLIC SCHOOLS",,5,5,2,"AGAINST THE PROPOSITION - NO",,0,0,27,27,,
4/3/2018,"WAGONER","CITY OF BIXBY",47201,"FOR COUNCILMEMBER WARD 4  CITY OF BIXBY",,1,1,1,"AMY LYNN THOMPSON",,0,0,0,0,WAGONER
4/3/2018,"WAGONER","CITY OF BIXBY",47201,"FOR COUNCILMEMBER WARD 4  CITY OF BIXBY",,1,1,2,"BRAD GIRARD",,0,0,14,14,WAGONER
4/3/2018,"WAGONER","CITY OF BIXBY",47201,"FOR COUNCILMEMBER WARD 4  CITY OF BIXBY",,1,1,3,"VICTORIA OLTMANN",,0,0,0,0,WAGONER
4/3/2018,"WAGONER","CITY OF BIXBY",47201,"FOR COUNCILMEMBER WARD 4  CITY OF BIXBY",,1,1,4,"JEREMY SHADRICK",,0,0,2,2,WAGONER
4/3/2018,"WAGONER","CITY OF BIXBY",47201,"FOR COUNCILMEMBER WARD 4  CITY OF BIXBY",,1,1,5,"ERIC COVEY",,0,0,1,1,WAGONER
4/3/2018,"WAGONER","CITY OF WAGONER",47301,"PROPOSITION NO. 1  CITY OF WAGONER",,3,3,1,"FOR THE PROPOSITION - YES",,1,11,121,133,,
4/3/2018,"WAGONER","CITY OF WAGONER",47301,"PROPOSITION NO. 1  CITY OF WAGONER",,3,3,2,"AGAINST THE PROPOSITION - NO",,4,98,760,862,,
4/3/2018,"WAGONER","CITY OF WAGONER",47302,"PROPOSITION NO. 2  CITY OF WAGONER",,3,3,1,"FOR THE PROPOSITION - YES",,1,12,128,141,,
4/3/2018,"WAGONER","CITY OF WAGONER",47302,"PROPOSITION NO. 2  CITY OF WAGONER",,3,3,2,"AGAINST THE PROPOSITION - NO",,4,96,753,853,,
4/3/2018,"WAGONER","CITY OF WAGONER",47303,"PROPOSITION NO. 3  CITY OF WAGONER",,3,3,1,"FOR THE PROPOSITION - YES",,1,12,124,137,,
4/3/2018,"WAGONER","CITY OF WAGONER",47303,"PROPOSITION NO. 3  CITY OF WAGONER",,3,3,2,"AGAINST THE PROPOSITION - NO",,4,97,758,859,,
4/3/2018,"WAGONER","HASKELL PUBLIC SCHOOLS INDEPENDENT SCHOOL DISTRICT NO. 002",55101,"FOR OFFICE NO. 3  HASKELL PUBLIC SCHOOLS",,2,2,1,"LEWIS GONZALES",,0,0,15,15,WAGONER
4/3/2018,"WAGONER","HASKELL PUBLIC SCHOOLS INDEPENDENT SCHOOL DISTRICT NO. 002",55101,"FOR OFFICE NO. 3  HASKELL PUBLIC SCHOOLS",,2,2,2,"CORRIE L. BUCHANAN",,2,0,46,48,WAGONER
4/3/2018,"WASHITA","CITY OF CLINTON",42001,"PROPOSITION  CITY OF CLINTON",,1,1,1,"FOR THE PROPOSITION - YES",,0,0,0,0,,
4/3/2018,"WASHITA","CITY OF CLINTON",42001,"PROPOSITION  CITY OF CLINTON",,1,1,2,"AGAINST THE PROPOSITION - NO",,0,0,0,0,,
4/3/2018,"WOODWARD","SHARON-MUTUAL PUBLIC SCHOOLS INDEPENDENT SCHOOL DISTRICT NO. 003",57701,"PROPOSITION  SHARON-MUTUAL PUBLIC SCHOOLS",,6,6,1,"FOR THE PROPOSITION - YES",,7,9,128,144,,
4/3/2018,"WOODWARD","SHARON-MUTUAL PUBLIC SCHOOLS INDEPENDENT SCHOOL DISTRICT NO. 003",57701,"PROPOSITION  SHARON-MUTUAL PUBLIC SCHOOLS",,6,6,2,"AGAINST THE PROPOSITION - NO",,4,22,173,199,,
4/3/2018,"WOODWARD","WOODWARD PUBLIC SCHOOLS INDEPENDENT SCHOOL DISTRICT NO. 001",57702,"PROPOSITION NO. 1  WOODWARD PUBLIC SCHOOLS",,10,10,1,"FOR THE PROPOSITION - YES",,8,65,575,648,,
4/3/2018,"WOODWARD","WOODWARD PUBLIC SCHOOLS INDEPENDENT SCHOOL DISTRICT NO. 001",57702,"PROPOSITION NO. 1  WOODWARD PUBLIC SCHOOLS",,10,10,2,"AGAINST THE PROPOSITION - NO",,13,51,598,662,,
4/3/2018,"WOODWARD","WOODWARD PUBLIC SCHOOLS INDEPENDENT SCHOOL DISTRICT NO. 001",57703,"PROPOSITION NO. 2  WOODWARD PUBLIC SCHOOLS",,10,10,1,"FOR THE PROPOSITION - YES",,9,77,620,706,,
4/3/2018,"WOODWARD","WOODWARD PUBLIC SCHOOLS INDEPENDENT SCHOOL DISTRICT NO. 001",57703,"PROPOSITION NO. 2  WOODWARD PUBLIC SCHOOLS",,10,10,2,"AGAINST THE PROPOSITION - NO",,12,39,559,610,,
