elec_date,precinct,entity_description,race_number,race_description,race_party,tot_race_prec,race_prec_reporting,cand_number,cand_name,cand_party,cand_absmail_votes,cand_early_votes,cand_elecday_votes,cand_tot_votes,race_county_owner
1/8/2013,"020110","BURLINGTON PUBLIC SCHOOLS",50201,"PROPOSITION  BURLINGTON PUBLIC SCHOOLS",,2,2,1,"FOR THE PROPOSITION - YES",,1,0,69,70,,
1/8/2013,"020110","BURLINGTON PUBLIC SCHOOLS",50201,"PROPOSITION  BURLINGTON PUBLIC SCHOOLS",,2,2,2,"AGAINST THE PROPOSITION - NO",,0,2,29,31,,
1/8/2013,"020120","BURLINGTON PUBLIC SCHOOLS",50201,"PROPOSITION  BURLINGTON PUBLIC SCHOOLS",,2,2,1,"FOR THE PROPOSITION - YES",,3,2,37,42,,
1/8/2013,"020120","BURLINGTON PUBLIC SCHOOLS",50201,"PROPOSITION  BURLINGTON PUBLIC SCHOOLS",,2,2,2,"AGAINST THE PROPOSITION - NO",,2,1,18,21,,
1/8/2013,"070008","SILO PUBLIC SCHOOLS",50701,"PROPOSITION NO. 1  SILO PUBLIC SCHOOLS",,7,7,1,"FOR THE PROPOSITION - YES",,0,0,0,0,,
1/8/2013,"070008","SILO PUBLIC SCHOOLS",50701,"PROPOSITION NO. 1  SILO PUBLIC SCHOOLS",,7,7,2,"AGAINST THE PROPOSITION - NO",,0,0,0,0,,
1/8/2013,"070021","SILO PUBLIC SCHOOLS",50701,"PROPOSITION NO. 1  SILO PUBLIC SCHOOLS",,7,7,1,"FOR THE PROPOSITION - YES",,1,2,63,66,,
1/8/2013,"070021","SILO PUBLIC SCHOOLS",50701,"PROPOSITION NO. 1  SILO PUBLIC SCHOOLS",,7,7,2,"AGAINST THE PROPOSITION - NO",,0,4,71,75,,
1/8/2013,"070025","SILO PUBLIC SCHOOLS",50701,"PROPOSITION NO. 1  SILO PUBLIC SCHOOLS",,7,7,1,"FOR THE PROPOSITION - YES",,0,7,149,156,,
1/8/2013,"070025","SILO PUBLIC SCHOOLS",50701,"PROPOSITION NO. 1  SILO PUBLIC SCHOOLS",,7,7,2,"AGAINST THE PROPOSITION - NO",,5,3,170,178,,
1/8/2013,"070026","SILO PUBLIC SCHOOLS",50701,"PROPOSITION NO. 1  SILO PUBLIC SCHOOLS",,7,7,1,"FOR THE PROPOSITION - YES",,0,0,0,0,,
1/8/2013,"070026","SILO PUBLIC SCHOOLS",50701,"PROPOSITION NO. 1  SILO PUBLIC SCHOOLS",,7,7,2,"AGAINST THE PROPOSITION - NO",,0,0,0,0,,
1/8/2013,"070027","SILO PUBLIC SCHOOLS",50701,"PROPOSITION NO. 1  SILO PUBLIC SCHOOLS",,7,7,1,"FOR THE PROPOSITION - YES",,0,0,0,0,,
1/8/2013,"070027","SILO PUBLIC SCHOOLS",50701,"PROPOSITION NO. 1  SILO PUBLIC SCHOOLS",,7,7,2,"AGAINST THE PROPOSITION - NO",,0,0,0,0,,
1/8/2013,"070028","SILO PUBLIC SCHOOLS",50701,"PROPOSITION NO. 1  SILO PUBLIC SCHOOLS",,7,7,1,"FOR THE PROPOSITION - YES",,0,9,182,191,,
1/8/2013,"070028","SILO PUBLIC SCHOOLS",50701,"PROPOSITION NO. 1  SILO PUBLIC SCHOOLS",,7,7,2,"AGAINST THE PROPOSITION - NO",,0,10,110,120,,
1/8/2013,"070033","SILO PUBLIC SCHOOLS",50701,"PROPOSITION NO. 1  SILO PUBLIC SCHOOLS",,7,7,1,"FOR THE PROPOSITION - YES",,0,11,151,162,,
1/8/2013,"070033","SILO PUBLIC SCHOOLS",50701,"PROPOSITION NO. 1  SILO PUBLIC SCHOOLS",,7,7,2,"AGAINST THE PROPOSITION - NO",,1,9,109,119,,
1/8/2013,"090100","EL RENO PUBLIC SCHOOLS",50901,"PROPOSITION 1  EL RENO PUBLIC SCHOOLS",,10,10,1,"FOR THE PROPOSITION - YES",,0,9,42,51,,
1/8/2013,"090100","EL RENO PUBLIC SCHOOLS",50901,"PROPOSITION 1  EL RENO PUBLIC SCHOOLS",,10,10,2,"AGAINST THE PROPOSITION - NO",,1,1,51,53,,
1/8/2013,"090100","EL RENO PUBLIC SCHOOLS",50902,"PROPOSITION 2  EL RENO PUBLIC SCHOOLS",,10,10,1,"FOR THE PROPOSITION - YES",,0,9,44,53,,
1/8/2013,"090100","EL RENO PUBLIC SCHOOLS",50902,"PROPOSITION 2  EL RENO PUBLIC SCHOOLS",,10,10,2,"AGAINST THE PROPOSITION - NO",,1,2,50,53,,
1/8/2013,"090102","EL RENO PUBLIC SCHOOLS",50901,"PROPOSITION 1  EL RENO PUBLIC SCHOOLS",,10,10,1,"FOR THE PROPOSITION - YES",,0,1,2,3,,
1/8/2013,"090102","EL RENO PUBLIC SCHOOLS",50901,"PROPOSITION 1  EL RENO PUBLIC SCHOOLS",,10,10,2,"AGAINST THE PROPOSITION - NO",,0,0,0,0,,
1/8/2013,"090102","EL RENO PUBLIC SCHOOLS",50902,"PROPOSITION 2  EL RENO PUBLIC SCHOOLS",,10,10,1,"FOR THE PROPOSITION - YES",,0,1,2,3,,
1/8/2013,"090102","EL RENO PUBLIC SCHOOLS",50902,"PROPOSITION 2  EL RENO PUBLIC SCHOOLS",,10,10,2,"AGAINST THE PROPOSITION - NO",,0,0,0,0,,
1/8/2013,"090106","EL RENO PUBLIC SCHOOLS",50901,"PROPOSITION 1  EL RENO PUBLIC SCHOOLS",,10,10,1,"FOR THE PROPOSITION - YES",,6,19,211,236,,
1/8/2013,"090106","EL RENO PUBLIC SCHOOLS",50901,"PROPOSITION 1  EL RENO PUBLIC SCHOOLS",,10,10,2,"AGAINST THE PROPOSITION - NO",,2,4,81,87,,
1/8/2013,"090106","EL RENO PUBLIC SCHOOLS",50902,"PROPOSITION 2  EL RENO PUBLIC SCHOOLS",,10,10,1,"FOR THE PROPOSITION - YES",,6,24,215,245,,
1/8/2013,"090106","EL RENO PUBLIC SCHOOLS",50902,"PROPOSITION 2  EL RENO PUBLIC SCHOOLS",,10,10,2,"AGAINST THE PROPOSITION - NO",,2,3,77,82,,
1/8/2013,"090107","EL RENO PUBLIC SCHOOLS",50901,"PROPOSITION 1  EL RENO PUBLIC SCHOOLS",,10,10,1,"FOR THE PROPOSITION - YES",,0,3,67,70,,
1/8/2013,"090107","EL RENO PUBLIC SCHOOLS",50901,"PROPOSITION 1  EL RENO PUBLIC SCHOOLS",,10,10,2,"AGAINST THE PROPOSITION - NO",,3,2,20,25,,
1/8/2013,"090107","EL RENO PUBLIC SCHOOLS",50902,"PROPOSITION 2  EL RENO PUBLIC SCHOOLS",,10,10,1,"FOR THE PROPOSITION - YES",,0,4,69,73,,
1/8/2013,"090107","EL RENO PUBLIC SCHOOLS",50902,"PROPOSITION 2  EL RENO PUBLIC SCHOOLS",,10,10,2,"AGAINST THE PROPOSITION - NO",,3,2,19,24,,
1/8/2013,"090109","EL RENO PUBLIC SCHOOLS",50901,"PROPOSITION 1  EL RENO PUBLIC SCHOOLS",,10,10,1,"FOR THE PROPOSITION - YES",,0,7,37,44,,
1/8/2013,"090109","EL RENO PUBLIC SCHOOLS",50901,"PROPOSITION 1  EL RENO PUBLIC SCHOOLS",,10,10,2,"AGAINST THE PROPOSITION - NO",,0,2,12,14,,
1/8/2013,"090109","EL RENO PUBLIC SCHOOLS",50902,"PROPOSITION 2  EL RENO PUBLIC SCHOOLS",,10,10,1,"FOR THE PROPOSITION - YES",,0,7,36,43,,
1/8/2013,"090109","EL RENO PUBLIC SCHOOLS",50902,"PROPOSITION 2  EL RENO PUBLIC SCHOOLS",,10,10,2,"AGAINST THE PROPOSITION - NO",,0,2,13,15,,
1/8/2013,"090114","EL RENO PUBLIC SCHOOLS",50901,"PROPOSITION 1  EL RENO PUBLIC SCHOOLS",,10,10,1,"FOR THE PROPOSITION - YES",,4,15,156,175,,
1/8/2013,"090114","EL RENO PUBLIC SCHOOLS",50901,"PROPOSITION 1  EL RENO PUBLIC SCHOOLS",,10,10,2,"AGAINST THE PROPOSITION - NO",,2,7,58,67,,
1/8/2013,"090114","EL RENO PUBLIC SCHOOLS",50902,"PROPOSITION 2  EL RENO PUBLIC SCHOOLS",,10,10,1,"FOR THE PROPOSITION - YES",,4,16,163,183,,
1/8/2013,"090114","EL RENO PUBLIC SCHOOLS",50902,"PROPOSITION 2  EL RENO PUBLIC SCHOOLS",,10,10,2,"AGAINST THE PROPOSITION - NO",,2,6,52,60,,
1/8/2013,"090116","EL RENO PUBLIC SCHOOLS",50901,"PROPOSITION 1  EL RENO PUBLIC SCHOOLS",,10,10,1,"FOR THE PROPOSITION - YES",,5,27,201,233,,
1/8/2013,"090116","EL RENO PUBLIC SCHOOLS",50901,"PROPOSITION 1  EL RENO PUBLIC SCHOOLS",,10,10,2,"AGAINST THE PROPOSITION - NO",,3,6,76,85,,
1/8/2013,"090116","EL RENO PUBLIC SCHOOLS",50902,"PROPOSITION 2  EL RENO PUBLIC SCHOOLS",,10,10,1,"FOR THE PROPOSITION - YES",,5,27,203,235,,
1/8/2013,"090116","EL RENO PUBLIC SCHOOLS",50902,"PROPOSITION 2  EL RENO PUBLIC SCHOOLS",,10,10,2,"AGAINST THE PROPOSITION - NO",,3,6,75,84,,
1/8/2013,"090124","EL RENO PUBLIC SCHOOLS",50901,"PROPOSITION 1  EL RENO PUBLIC SCHOOLS",,10,10,1,"FOR THE PROPOSITION - YES",,4,36,352,392,,
1/8/2013,"090124","EL RENO PUBLIC SCHOOLS",50901,"PROPOSITION 1  EL RENO PUBLIC SCHOOLS",,10,10,2,"AGAINST THE PROPOSITION - NO",,0,7,115,122,,
1/8/2013,"090124","EL RENO PUBLIC SCHOOLS",50902,"PROPOSITION 2  EL RENO PUBLIC SCHOOLS",,10,10,1,"FOR THE PROPOSITION - YES",,4,36,361,401,,
1/8/2013,"090124","EL RENO PUBLIC SCHOOLS",50902,"PROPOSITION 2  EL RENO PUBLIC SCHOOLS",,10,10,2,"AGAINST THE PROPOSITION - NO",,0,8,112,120,,
1/8/2013,"090400","EL RENO PUBLIC SCHOOLS",50901,"PROPOSITION 1  EL RENO PUBLIC SCHOOLS",,10,10,1,"FOR THE PROPOSITION - YES",,0,0,2,2,,
1/8/2013,"090400","EL RENO PUBLIC SCHOOLS",50901,"PROPOSITION 1  EL RENO PUBLIC SCHOOLS",,10,10,2,"AGAINST THE PROPOSITION - NO",,0,0,0,0,,
1/8/2013,"090400","EL RENO PUBLIC SCHOOLS",50902,"PROPOSITION 2  EL RENO PUBLIC SCHOOLS",,10,10,1,"FOR THE PROPOSITION - YES",,0,0,2,2,,
1/8/2013,"090400","EL RENO PUBLIC SCHOOLS",50902,"PROPOSITION 2  EL RENO PUBLIC SCHOOLS",,10,10,2,"AGAINST THE PROPOSITION - NO",,0,0,0,0,,
1/8/2013,"090404","EL RENO PUBLIC SCHOOLS",50901,"PROPOSITION 1  EL RENO PUBLIC SCHOOLS",,10,10,1,"FOR THE PROPOSITION - YES",,0,1,1,2,,
1/8/2013,"090404","EL RENO PUBLIC SCHOOLS",50901,"PROPOSITION 1  EL RENO PUBLIC SCHOOLS",,10,10,2,"AGAINST THE PROPOSITION - NO",,0,0,0,0,,
1/8/2013,"090404","EL RENO PUBLIC SCHOOLS",50902,"PROPOSITION 2  EL RENO PUBLIC SCHOOLS",,10,10,1,"FOR THE PROPOSITION - YES",,0,1,1,2,,
1/8/2013,"090404","EL RENO PUBLIC SCHOOLS",50902,"PROPOSITION 2  EL RENO PUBLIC SCHOOLS",,10,10,2,"AGAINST THE PROPOSITION - NO",,0,0,0,0,,
1/8/2013,"110001","CITY OF TAHLEQUAH",41101,"PROPOSITION  CITY OF TAHLEQUAH",,6,6,1,"FOR THE PROPOSITION - YES",,7,4,75,86,,
1/8/2013,"110001","CITY OF TAHLEQUAH",41101,"PROPOSITION  CITY OF TAHLEQUAH",,6,6,2,"AGAINST THE PROPOSITION - NO",,6,8,72,86,,
1/8/2013,"110002","CITY OF TAHLEQUAH",41101,"PROPOSITION  CITY OF TAHLEQUAH",,6,6,1,"FOR THE PROPOSITION - YES",,1,12,121,134,,
1/8/2013,"110002","CITY OF TAHLEQUAH",41101,"PROPOSITION  CITY OF TAHLEQUAH",,6,6,2,"AGAINST THE PROPOSITION - NO",,0,14,115,129,,
1/8/2013,"110003","CITY OF TAHLEQUAH",41101,"PROPOSITION  CITY OF TAHLEQUAH",,6,6,1,"FOR THE PROPOSITION - YES",,4,10,125,139,,
1/8/2013,"110003","CITY OF TAHLEQUAH",41101,"PROPOSITION  CITY OF TAHLEQUAH",,6,6,2,"AGAINST THE PROPOSITION - NO",,1,14,105,120,,
1/8/2013,"110004","CITY OF TAHLEQUAH",41101,"PROPOSITION  CITY OF TAHLEQUAH",,6,6,1,"FOR THE PROPOSITION - YES",,4,11,78,93,,
1/8/2013,"110004","CITY OF TAHLEQUAH",41101,"PROPOSITION  CITY OF TAHLEQUAH",,6,6,2,"AGAINST THE PROPOSITION - NO",,4,6,76,86,,
1/8/2013,"110005","CITY OF TAHLEQUAH",41101,"PROPOSITION  CITY OF TAHLEQUAH",,6,6,1,"FOR THE PROPOSITION - YES",,6,4,24,34,,
1/8/2013,"110005","CITY OF TAHLEQUAH",41101,"PROPOSITION  CITY OF TAHLEQUAH",,6,6,2,"AGAINST THE PROPOSITION - NO",,1,1,19,21,,
1/8/2013,"110020","CITY OF TAHLEQUAH",41101,"PROPOSITION  CITY OF TAHLEQUAH",,6,6,1,"FOR THE PROPOSITION - YES",,0,1,19,20,,
1/8/2013,"110020","CITY OF TAHLEQUAH",41101,"PROPOSITION  CITY OF TAHLEQUAH",,6,6,2,"AGAINST THE PROPOSITION - NO",,1,1,13,15,,
1/8/2013,"190122","PRETTY WATER PUBLIC SCHOOL",51901,"PROPOSITION NO. 1  PRETTY WATER PUBLIC SCHOOL",,3,3,1,"FOR THE PROPOSITION - YES",,0,0,0,0,,
1/8/2013,"190122","PRETTY WATER PUBLIC SCHOOL",51901,"PROPOSITION NO. 1  PRETTY WATER PUBLIC SCHOOL",,3,3,2,"AGAINST THE PROPOSITION - NO",,0,2,0,2,,
1/8/2013,"190122","PRETTY WATER PUBLIC SCHOOL",51902,"PROPOSITION NO. 2  PRETTY WATER PUBLIC SCHOOL",,3,3,1,"FOR THE PROPOSITION - YES",,0,0,0,0,,
1/8/2013,"190122","PRETTY WATER PUBLIC SCHOOL",51902,"PROPOSITION NO. 2  PRETTY WATER PUBLIC SCHOOL",,3,3,2,"AGAINST THE PROPOSITION - NO",,0,2,0,2,,
1/8/2013,"190401","PRETTY WATER PUBLIC SCHOOL",51901,"PROPOSITION NO. 1  PRETTY WATER PUBLIC SCHOOL",,3,3,1,"FOR THE PROPOSITION - YES",,0,1,59,60,,
1/8/2013,"190401","PRETTY WATER PUBLIC SCHOOL",51901,"PROPOSITION NO. 1  PRETTY WATER PUBLIC SCHOOL",,3,3,2,"AGAINST THE PROPOSITION - NO",,3,0,70,73,,
1/8/2013,"190401","PRETTY WATER PUBLIC SCHOOL",51902,"PROPOSITION NO. 2  PRETTY WATER PUBLIC SCHOOL",,3,3,1,"FOR THE PROPOSITION - YES",,0,1,61,62,,
1/8/2013,"190401","PRETTY WATER PUBLIC SCHOOL",51902,"PROPOSITION NO. 2  PRETTY WATER PUBLIC SCHOOL",,3,3,2,"AGAINST THE PROPOSITION - NO",,3,0,70,73,,
1/8/2013,"190402","PRETTY WATER PUBLIC SCHOOL",51901,"PROPOSITION NO. 1  PRETTY WATER PUBLIC SCHOOL",,3,3,1,"FOR THE PROPOSITION - YES",,0,0,1,1,,
1/8/2013,"190402","PRETTY WATER PUBLIC SCHOOL",51901,"PROPOSITION NO. 1  PRETTY WATER PUBLIC SCHOOL",,3,3,2,"AGAINST THE PROPOSITION - NO",,0,0,0,0,,
1/8/2013,"190402","PRETTY WATER PUBLIC SCHOOL",51902,"PROPOSITION NO. 2  PRETTY WATER PUBLIC SCHOOL",,3,3,1,"FOR THE PROPOSITION - YES",,0,0,1,1,,
1/8/2013,"190402","PRETTY WATER PUBLIC SCHOOL",51902,"PROPOSITION NO. 2  PRETTY WATER PUBLIC SCHOOL",,3,3,2,"AGAINST THE PROPOSITION - NO",,0,0,0,0,,
1/8/2013,"190406","CITY OF OILTON",41901,"PROPOSITION  CITY OF OILTON",,1,1,1,"FOR THE PROPOSITION - YES",,1,0,112,113,,
1/8/2013,"190406","CITY OF OILTON",41901,"PROPOSITION  CITY OF OILTON",,1,1,2,"AGAINST THE PROPOSITION - NO",,1,0,14,15,,
1/8/2013,"220005","SHARON-MUTUAL PUBLIC SCHOOLS",57701,"PROPOSITION  SHARON-MUTUAL PUBLIC SCHOOLS",,7,7,1,"FOR THE PROPOSITION - YES",,0,0,0,0,,
1/8/2013,"220005","SHARON-MUTUAL PUBLIC SCHOOLS",57701,"PROPOSITION  SHARON-MUTUAL PUBLIC SCHOOLS",,7,7,2,"AGAINST THE PROPOSITION - NO",,0,0,0,0,,
1/8/2013,"240106","COVINGTON-DOUGLAS SCHOOLS",52401,"PROPOSITION 1  COVINGTON-DOUGLAS SCHOOLS",,7,7,1,"FOR THE PROPOSITION - YES",,0,0,105,105,,
1/8/2013,"240106","COVINGTON-DOUGLAS SCHOOLS",52401,"PROPOSITION 1  COVINGTON-DOUGLAS SCHOOLS",,7,7,2,"AGAINST THE PROPOSITION - NO",,0,0,7,7,,
1/8/2013,"240106","COVINGTON-DOUGLAS SCHOOLS",52402,"PROPOSITION 2  COVINGTON-DOUGLAS SCHOOLS",,7,7,1,"FOR THE PROPOSITION - YES",,0,0,109,109,,
1/8/2013,"240106","COVINGTON-DOUGLAS SCHOOLS",52402,"PROPOSITION 2  COVINGTON-DOUGLAS SCHOOLS",,7,7,2,"AGAINST THE PROPOSITION - NO",,0,0,7,7,,
1/8/2013,"240107","COVINGTON-DOUGLAS SCHOOLS",52401,"PROPOSITION 1  COVINGTON-DOUGLAS SCHOOLS",,7,7,1,"FOR THE PROPOSITION - YES",,0,0,1,1,,
1/8/2013,"240107","COVINGTON-DOUGLAS SCHOOLS",52401,"PROPOSITION 1  COVINGTON-DOUGLAS SCHOOLS",,7,7,2,"AGAINST THE PROPOSITION - NO",,0,0,0,0,,
1/8/2013,"240107","COVINGTON-DOUGLAS SCHOOLS",52402,"PROPOSITION 2  COVINGTON-DOUGLAS SCHOOLS",,7,7,1,"FOR THE PROPOSITION - YES",,0,0,1,1,,
1/8/2013,"240107","COVINGTON-DOUGLAS SCHOOLS",52402,"PROPOSITION 2  COVINGTON-DOUGLAS SCHOOLS",,7,7,2,"AGAINST THE PROPOSITION - NO",,0,0,0,0,,
1/8/2013,"240109","COVINGTON-DOUGLAS SCHOOLS",52401,"PROPOSITION 1  COVINGTON-DOUGLAS SCHOOLS",,7,7,1,"FOR THE PROPOSITION - YES",,0,0,0,0,,
1/8/2013,"240109","COVINGTON-DOUGLAS SCHOOLS",52401,"PROPOSITION 1  COVINGTON-DOUGLAS SCHOOLS",,7,7,2,"AGAINST THE PROPOSITION - NO",,0,0,0,0,,
1/8/2013,"240109","COVINGTON-DOUGLAS SCHOOLS",52402,"PROPOSITION 2  COVINGTON-DOUGLAS SCHOOLS",,7,7,1,"FOR THE PROPOSITION - YES",,0,0,0,0,,
1/8/2013,"240109","COVINGTON-DOUGLAS SCHOOLS",52402,"PROPOSITION 2  COVINGTON-DOUGLAS SCHOOLS",,7,7,2,"AGAINST THE PROPOSITION - NO",,0,0,0,0,,
1/8/2013,"340009","TOWN OF RINGLING",43401,"PROPOSITION  TOWN OF RINGLING",,1,1,1,"FOR THE PROPOSITION - YES",,1,0,17,18,,
1/8/2013,"340009","TOWN OF RINGLING",43401,"PROPOSITION  TOWN OF RINGLING",,1,1,2,"AGAINST THE PROPOSITION - NO",,0,1,15,16,,
1/8/2013,"350001","JOHNSTON COUNTY",30001,"PROPOSITION",,14,14,1,"FOR THE PROPOSITION - YES",,0,7,14,21,JOHNSTON
1/8/2013,"350001","JOHNSTON COUNTY",30001,"PROPOSITION",,14,14,2,"AGAINST THE PROPOSITION - NO",,0,3,4,7,JOHNSTON
1/8/2013,"350002","JOHNSTON COUNTY",30001,"PROPOSITION",,14,14,1,"FOR THE PROPOSITION - YES",,0,6,22,28,JOHNSTON
1/8/2013,"350002","JOHNSTON COUNTY",30001,"PROPOSITION",,14,14,2,"AGAINST THE PROPOSITION - NO",,0,0,1,1,JOHNSTON
1/8/2013,"350003","JOHNSTON COUNTY",30001,"PROPOSITION",,14,14,1,"FOR THE PROPOSITION - YES",,0,3,16,19,JOHNSTON
1/8/2013,"350003","JOHNSTON COUNTY",30001,"PROPOSITION",,14,14,2,"AGAINST THE PROPOSITION - NO",,0,2,4,6,JOHNSTON
1/8/2013,"350004","JOHNSTON COUNTY",30001,"PROPOSITION",,14,14,1,"FOR THE PROPOSITION - YES",,0,23,52,75,JOHNSTON
1/8/2013,"350004","JOHNSTON COUNTY",30001,"PROPOSITION",,14,14,2,"AGAINST THE PROPOSITION - NO",,0,6,5,11,JOHNSTON
1/8/2013,"350005","JOHNSTON COUNTY",30001,"PROPOSITION",,14,14,1,"FOR THE PROPOSITION - YES",,0,2,25,27,JOHNSTON
1/8/2013,"350005","JOHNSTON COUNTY",30001,"PROPOSITION",,14,14,2,"AGAINST THE PROPOSITION - NO",,0,0,28,28,JOHNSTON
1/8/2013,"350006","JOHNSTON COUNTY",30001,"PROPOSITION",,14,14,1,"FOR THE PROPOSITION - YES",,0,3,32,35,JOHNSTON
1/8/2013,"350006","JOHNSTON COUNTY",30001,"PROPOSITION",,14,14,2,"AGAINST THE PROPOSITION - NO",,0,0,0,0,JOHNSTON
1/8/2013,"350007","JOHNSTON COUNTY",30001,"PROPOSITION",,14,14,1,"FOR THE PROPOSITION - YES",,0,0,0,0,JOHNSTON
1/8/2013,"350007","JOHNSTON COUNTY",30001,"PROPOSITION",,14,14,2,"AGAINST THE PROPOSITION - NO",,0,0,0,0,JOHNSTON
1/8/2013,"350008","JOHNSTON COUNTY",30001,"PROPOSITION",,14,14,1,"FOR THE PROPOSITION - YES",,0,4,40,44,JOHNSTON
1/8/2013,"350008","JOHNSTON COUNTY",30001,"PROPOSITION",,14,14,2,"AGAINST THE PROPOSITION - NO",,0,0,1,1,JOHNSTON
1/8/2013,"350009","JOHNSTON COUNTY",30001,"PROPOSITION",,14,14,1,"FOR THE PROPOSITION - YES",,0,2,25,27,JOHNSTON
1/8/2013,"350009","JOHNSTON COUNTY",30001,"PROPOSITION",,14,14,2,"AGAINST THE PROPOSITION - NO",,0,0,8,8,JOHNSTON
1/8/2013,"350010","JOHNSTON COUNTY",30001,"PROPOSITION",,14,14,1,"FOR THE PROPOSITION - YES",,0,2,20,22,JOHNSTON
1/8/2013,"350010","JOHNSTON COUNTY",30001,"PROPOSITION",,14,14,2,"AGAINST THE PROPOSITION - NO",,0,0,0,0,JOHNSTON
1/8/2013,"350011","JOHNSTON COUNTY",30001,"PROPOSITION",,14,14,1,"FOR THE PROPOSITION - YES",,0,1,24,25,JOHNSTON
1/8/2013,"350011","JOHNSTON COUNTY",30001,"PROPOSITION",,14,14,2,"AGAINST THE PROPOSITION - NO",,0,0,8,8,JOHNSTON
1/8/2013,"350012","JOHNSTON COUNTY",30001,"PROPOSITION",,14,14,1,"FOR THE PROPOSITION - YES",,0,0,17,17,JOHNSTON
1/8/2013,"350012","JOHNSTON COUNTY",30001,"PROPOSITION",,14,14,2,"AGAINST THE PROPOSITION - NO",,2,1,9,12,JOHNSTON
1/8/2013,"350013","JOHNSTON COUNTY",30001,"PROPOSITION",,14,14,1,"FOR THE PROPOSITION - YES",,0,12,32,44,JOHNSTON
1/8/2013,"350013","JOHNSTON COUNTY",30001,"PROPOSITION",,14,14,2,"AGAINST THE PROPOSITION - NO",,0,0,8,8,JOHNSTON
1/8/2013,"350014","JOHNSTON COUNTY",30001,"PROPOSITION",,14,14,1,"FOR THE PROPOSITION - YES",,0,0,10,10,JOHNSTON
1/8/2013,"350014","JOHNSTON COUNTY",30001,"PROPOSITION",,14,14,2,"AGAINST THE PROPOSITION - NO",,0,0,4,4,JOHNSTON
1/8/2013,"360411","CITY OF PONCA CITY",43601,"PROPOSTION  CITY OF PONCA CITY",,14,14,1,"FOR THE PROPOSITION - YES",,0,0,0,0,,
1/8/2013,"360411","CITY OF PONCA CITY",43601,"PROPOSTION  CITY OF PONCA CITY",,14,14,2,"AGAINST THE PROPOSITION - NO",,0,0,0,0,,
1/8/2013,"360413","CITY OF PONCA CITY",43601,"PROPOSTION  CITY OF PONCA CITY",,14,14,1,"FOR THE PROPOSITION - YES",,0,0,29,29,,
1/8/2013,"360413","CITY OF PONCA CITY",43601,"PROPOSTION  CITY OF PONCA CITY",,14,14,2,"AGAINST THE PROPOSITION - NO",,0,0,14,14,,
1/8/2013,"360419","CITY OF PONCA CITY",43601,"PROPOSTION  CITY OF PONCA CITY",,14,14,1,"FOR THE PROPOSITION - YES",,1,2,11,14,,
1/8/2013,"360419","CITY OF PONCA CITY",43601,"PROPOSTION  CITY OF PONCA CITY",,14,14,2,"AGAINST THE PROPOSITION - NO",,0,0,11,11,,
1/8/2013,"360420","CITY OF PONCA CITY",43601,"PROPOSTION  CITY OF PONCA CITY",,14,14,1,"FOR THE PROPOSITION - YES",,0,0,0,0,,
1/8/2013,"360420","CITY OF PONCA CITY",43601,"PROPOSTION  CITY OF PONCA CITY",,14,14,2,"AGAINST THE PROPOSITION - NO",,0,0,0,0,,
1/8/2013,"360503","CITY OF PONCA CITY",43601,"PROPOSTION  CITY OF PONCA CITY",,14,14,1,"FOR THE PROPOSITION - YES",,1,1,81,83,,
1/8/2013,"360503","CITY OF PONCA CITY",43601,"PROPOSTION  CITY OF PONCA CITY",,14,14,2,"AGAINST THE PROPOSITION - NO",,2,0,32,34,,
1/8/2013,"360507","CITY OF PONCA CITY",43601,"PROPOSTION  CITY OF PONCA CITY",,14,14,1,"FOR THE PROPOSITION - YES",,1,0,26,27,,
1/8/2013,"360507","CITY OF PONCA CITY",43601,"PROPOSTION  CITY OF PONCA CITY",,14,14,2,"AGAINST THE PROPOSITION - NO",,1,0,21,22,,
1/8/2013,"360516","CITY OF PONCA CITY",43601,"PROPOSTION  CITY OF PONCA CITY",,14,14,1,"FOR THE PROPOSITION - YES",,1,0,27,28,,
1/8/2013,"360516","CITY OF PONCA CITY",43601,"PROPOSTION  CITY OF PONCA CITY",,14,14,2,"AGAINST THE PROPOSITION - NO",,0,0,10,10,,
1/8/2013,"360517","CITY OF PONCA CITY",43601,"PROPOSTION  CITY OF PONCA CITY",,14,14,1,"FOR THE PROPOSITION - YES",,0,0,57,57,,
1/8/2013,"360517","CITY OF PONCA CITY",43601,"PROPOSTION  CITY OF PONCA CITY",,14,14,2,"AGAINST THE PROPOSITION - NO",,0,0,16,16,,
1/8/2013,"360527","CITY OF PONCA CITY",43601,"PROPOSTION  CITY OF PONCA CITY",,14,14,1,"FOR THE PROPOSITION - YES",,1,0,80,81,,
1/8/2013,"360527","CITY OF PONCA CITY",43601,"PROPOSTION  CITY OF PONCA CITY",,14,14,2,"AGAINST THE PROPOSITION - NO",,0,0,38,38,,
1/8/2013,"360530","CITY OF PONCA CITY",43601,"PROPOSTION  CITY OF PONCA CITY",,14,14,1,"FOR THE PROPOSITION - YES",,3,0,56,59,,
1/8/2013,"360530","CITY OF PONCA CITY",43601,"PROPOSTION  CITY OF PONCA CITY",,14,14,2,"AGAINST THE PROPOSITION - NO",,0,0,34,34,,
1/8/2013,"360532","CITY OF PONCA CITY",43601,"PROPOSTION  CITY OF PONCA CITY",,14,14,1,"FOR THE PROPOSITION - YES",,4,2,114,120,,
1/8/2013,"360532","CITY OF PONCA CITY",43601,"PROPOSTION  CITY OF PONCA CITY",,14,14,2,"AGAINST THE PROPOSITION - NO",,2,1,20,23,,
1/8/2013,"360533","CITY OF PONCA CITY",43601,"PROPOSTION  CITY OF PONCA CITY",,14,14,1,"FOR THE PROPOSITION - YES",,1,0,52,53,,
1/8/2013,"360533","CITY OF PONCA CITY",43601,"PROPOSTION  CITY OF PONCA CITY",,14,14,2,"AGAINST THE PROPOSITION - NO",,0,0,29,29,,
1/8/2013,"360534","CITY OF PONCA CITY",43601,"PROPOSTION  CITY OF PONCA CITY",,14,14,1,"FOR THE PROPOSITION - YES",,1,1,131,133,,
1/8/2013,"360534","CITY OF PONCA CITY",43601,"PROPOSTION  CITY OF PONCA CITY",,14,14,2,"AGAINST THE PROPOSITION - NO",,1,0,46,47,,
1/8/2013,"360535","CITY OF PONCA CITY",43601,"PROPOSTION  CITY OF PONCA CITY",,14,14,1,"FOR THE PROPOSITION - YES",,4,2,146,152,,
1/8/2013,"360535","CITY OF PONCA CITY",43601,"PROPOSTION  CITY OF PONCA CITY",,14,14,2,"AGAINST THE PROPOSITION - NO",,0,0,23,23,,
1/8/2013,"370203","COVINGTON-DOUGLAS SCHOOLS",52401,"PROPOSITION 1  COVINGTON-DOUGLAS SCHOOLS",,7,7,1,"FOR THE PROPOSITION - YES",,0,0,0,0,,
1/8/2013,"370203","COVINGTON-DOUGLAS SCHOOLS",52401,"PROPOSITION 1  COVINGTON-DOUGLAS SCHOOLS",,7,7,2,"AGAINST THE PROPOSITION - NO",,0,0,0,0,,
1/8/2013,"370203","COVINGTON-DOUGLAS SCHOOLS",52402,"PROPOSITION 2  COVINGTON-DOUGLAS SCHOOLS",,7,7,1,"FOR THE PROPOSITION - YES",,0,0,0,0,,
1/8/2013,"370203","COVINGTON-DOUGLAS SCHOOLS",52402,"PROPOSITION 2  COVINGTON-DOUGLAS SCHOOLS",,7,7,2,"AGAINST THE PROPOSITION - NO",,0,0,0,0,,
1/8/2013,"410003","TOWN OF DAVENPORT",44101,"PROPOSITION  TOWN OF DAVENPORT",,1,1,1,"FOR THE PROPOSITION - YES",,1,0,15,16,,
1/8/2013,"410003","TOWN OF DAVENPORT",44101,"PROPOSITION  TOWN OF DAVENPORT",,1,1,2,"AGAINST THE PROPOSITION - NO",,2,3,27,32,,
1/8/2013,"420301","COVINGTON-DOUGLAS SCHOOLS",52401,"PROPOSITION 1  COVINGTON-DOUGLAS SCHOOLS",,7,7,1,"FOR THE PROPOSITION - YES",,0,0,26,26,,
1/8/2013,"420301","COVINGTON-DOUGLAS SCHOOLS",52401,"PROPOSITION 1  COVINGTON-DOUGLAS SCHOOLS",,7,7,2,"AGAINST THE PROPOSITION - NO",,0,0,3,3,,
1/8/2013,"420301","COVINGTON-DOUGLAS SCHOOLS",52402,"PROPOSITION 2  COVINGTON-DOUGLAS SCHOOLS",,7,7,1,"FOR THE PROPOSITION - YES",,0,0,26,26,,
1/8/2013,"420301","COVINGTON-DOUGLAS SCHOOLS",52402,"PROPOSITION 2  COVINGTON-DOUGLAS SCHOOLS",,7,7,2,"AGAINST THE PROPOSITION - NO",,0,0,3,3,,
1/8/2013,"420304","COVINGTON-DOUGLAS SCHOOLS",52401,"PROPOSITION 1  COVINGTON-DOUGLAS SCHOOLS",,7,7,1,"FOR THE PROPOSITION - YES",,0,0,0,0,,
1/8/2013,"420304","COVINGTON-DOUGLAS SCHOOLS",52401,"PROPOSITION 1  COVINGTON-DOUGLAS SCHOOLS",,7,7,2,"AGAINST THE PROPOSITION - NO",,0,0,0,0,,
1/8/2013,"420304","COVINGTON-DOUGLAS SCHOOLS",52402,"PROPOSITION 2  COVINGTON-DOUGLAS SCHOOLS",,7,7,1,"FOR THE PROPOSITION - YES",,0,0,0,0,,
1/8/2013,"420304","COVINGTON-DOUGLAS SCHOOLS",52402,"PROPOSITION 2  COVINGTON-DOUGLAS SCHOOLS",,7,7,2,"AGAINST THE PROPOSITION - NO",,0,0,0,0,,
1/8/2013,"520301","COVINGTON-DOUGLAS SCHOOLS",52401,"PROPOSITION 1  COVINGTON-DOUGLAS SCHOOLS",,7,7,1,"FOR THE PROPOSITION - YES",,0,3,10,13,,
1/8/2013,"520301","COVINGTON-DOUGLAS SCHOOLS",52401,"PROPOSITION 1  COVINGTON-DOUGLAS SCHOOLS",,7,7,2,"AGAINST THE PROPOSITION - NO",,0,1,0,1,,
1/8/2013,"520301","COVINGTON-DOUGLAS SCHOOLS",52402,"PROPOSITION 2  COVINGTON-DOUGLAS SCHOOLS",,7,7,1,"FOR THE PROPOSITION - YES",,0,3,10,13,,
1/8/2013,"520301","COVINGTON-DOUGLAS SCHOOLS",52402,"PROPOSITION 2  COVINGTON-DOUGLAS SCHOOLS",,7,7,2,"AGAINST THE PROPOSITION - NO",,0,1,0,1,,
1/8/2013,"550076","TOWN OF LUTHER",45501,"PROPOSITION  TOWN OF LUTHER",,1,1,1,"FOR THE PROPOSITION - YES",,0,0,49,49,,
1/8/2013,"550076","TOWN OF LUTHER",45501,"PROPOSITION  TOWN OF LUTHER",,1,1,2,"AGAINST THE PROPOSITION - NO",,0,0,103,103,,
1/8/2013,"559999","TOWN OF LUTHER",45501,"PROPOSITION  TOWN OF LUTHER",,1,1,1,"FOR THE PROPOSITION - YES",,1,0,0,1,,
1/8/2013,"559999","TOWN OF LUTHER",45501,"PROPOSITION  TOWN OF LUTHER",,1,1,2,"AGAINST THE PROPOSITION - NO",,2,0,0,2,,
1/8/2013,"580002","EMS MIAMI ISD",6581,"EMS MIAMI ISD",,11,11,1,"FOR THE PROPOSITION - YES",,0,5,65,70,,
1/8/2013,"580002","EMS MIAMI ISD",6581,"EMS MIAMI ISD",,11,11,2,"AGAINST THE PROPOSITION - NO",,0,1,12,13,,
1/8/2013,"580002","EMS NON-MIAMI ISD",6582,"PROPOSITION 2012-2  EMS NON-MIAMI ISD",,11,11,1,"FOR THE PROPOSITION - YES",,0,2,41,43,,
1/8/2013,"580002","EMS NON-MIAMI ISD",6582,"PROPOSITION 2012-2  EMS NON-MIAMI ISD",,11,11,2,"AGAINST THE PROPOSITION - NO",,0,0,1,1,,
1/8/2013,"580003","EMS MIAMI ISD",6581,"EMS MIAMI ISD",,11,11,1,"FOR THE PROPOSITION - YES",,3,10,164,177,,
1/8/2013,"580003","EMS MIAMI ISD",6581,"EMS MIAMI ISD",,11,11,2,"AGAINST THE PROPOSITION - NO",,1,1,13,15,,
1/8/2013,"580004","EMS MIAMI ISD",6581,"EMS MIAMI ISD",,11,11,1,"FOR THE PROPOSITION - YES",,0,8,74,82,,
1/8/2013,"580004","EMS MIAMI ISD",6581,"EMS MIAMI ISD",,11,11,2,"AGAINST THE PROPOSITION - NO",,0,0,5,5,,
1/8/2013,"580005","EMS MIAMI ISD",6581,"EMS MIAMI ISD",,11,11,1,"FOR THE PROPOSITION - YES",,0,0,80,80,,
1/8/2013,"580005","EMS MIAMI ISD",6581,"EMS MIAMI ISD",,11,11,2,"AGAINST THE PROPOSITION - NO",,0,0,15,15,,
1/8/2013,"580007","EMS MIAMI ISD",6581,"EMS MIAMI ISD",,11,11,1,"FOR THE PROPOSITION - YES",,0,14,194,208,,
1/8/2013,"580007","EMS MIAMI ISD",6581,"EMS MIAMI ISD",,11,11,2,"AGAINST THE PROPOSITION - NO",,0,1,28,29,,
1/8/2013,"580008","EMS MIAMI ISD",6581,"EMS MIAMI ISD",,11,11,1,"FOR THE PROPOSITION - YES",,0,0,30,30,,
1/8/2013,"580008","EMS MIAMI ISD",6581,"EMS MIAMI ISD",,11,11,2,"AGAINST THE PROPOSITION - NO",,0,0,9,9,,
1/8/2013,"580009","EMS MIAMI ISD",6581,"EMS MIAMI ISD",,11,11,1,"FOR THE PROPOSITION - YES",,0,1,71,72,,
1/8/2013,"580009","EMS MIAMI ISD",6581,"EMS MIAMI ISD",,11,11,2,"AGAINST THE PROPOSITION - NO",,0,1,4,5,,
1/8/2013,"580009","EMS NON-MIAMI ISD",6582,"PROPOSITION 2012-2  EMS NON-MIAMI ISD",,11,11,1,"FOR THE PROPOSITION - YES",,0,0,0,0,,
1/8/2013,"580009","EMS NON-MIAMI ISD",6582,"PROPOSITION 2012-2  EMS NON-MIAMI ISD",,11,11,2,"AGAINST THE PROPOSITION - NO",,0,0,0,0,,
1/8/2013,"580011","EMS MIAMI ISD",6581,"EMS MIAMI ISD",,11,11,1,"FOR THE PROPOSITION - YES",,1,6,110,117,,
1/8/2013,"580011","EMS MIAMI ISD",6581,"EMS MIAMI ISD",,11,11,2,"AGAINST THE PROPOSITION - NO",,0,2,15,17,,
1/8/2013,"580012","EMS MIAMI ISD",6581,"EMS MIAMI ISD",,11,11,1,"FOR THE PROPOSITION - YES",,1,3,61,65,,
1/8/2013,"580012","EMS MIAMI ISD",6581,"EMS MIAMI ISD",,11,11,2,"AGAINST THE PROPOSITION - NO",,0,0,9,9,,
1/8/2013,"580012","EMS NON-MIAMI ISD",6582,"PROPOSITION 2012-2  EMS NON-MIAMI ISD",,11,11,1,"FOR THE PROPOSITION - YES",,0,1,24,25,,
1/8/2013,"580012","EMS NON-MIAMI ISD",6582,"PROPOSITION 2012-2  EMS NON-MIAMI ISD",,11,11,2,"AGAINST THE PROPOSITION - NO",,1,0,12,13,,
1/8/2013,"580014","EMS NON-MIAMI ISD",6582,"PROPOSITION 2012-2  EMS NON-MIAMI ISD",,11,11,1,"FOR THE PROPOSITION - YES",,1,3,145,149,,
1/8/2013,"580014","EMS NON-MIAMI ISD",6582,"PROPOSITION 2012-2  EMS NON-MIAMI ISD",,11,11,2,"AGAINST THE PROPOSITION - NO",,0,0,50,50,,
1/8/2013,"580023","EMS MIAMI ISD",6581,"EMS MIAMI ISD",,11,11,1,"FOR THE PROPOSITION - YES",,0,5,9,14,,
1/8/2013,"580023","EMS MIAMI ISD",6581,"EMS MIAMI ISD",,11,11,2,"AGAINST THE PROPOSITION - NO",,0,0,0,0,,
1/8/2013,"580023","EMS NON-MIAMI ISD",6582,"PROPOSITION 2012-2  EMS NON-MIAMI ISD",,11,11,1,"FOR THE PROPOSITION - YES",,0,3,99,102,,
1/8/2013,"580023","EMS NON-MIAMI ISD",6582,"PROPOSITION 2012-2  EMS NON-MIAMI ISD",,11,11,2,"AGAINST THE PROPOSITION - NO",,0,1,61,62,,
1/8/2013,"580024","EMS NON-MIAMI ISD",6582,"PROPOSITION 2012-2  EMS NON-MIAMI ISD",,11,11,1,"FOR THE PROPOSITION - YES",,1,1,31,33,,
1/8/2013,"580024","EMS NON-MIAMI ISD",6582,"PROPOSITION 2012-2  EMS NON-MIAMI ISD",,11,11,2,"AGAINST THE PROPOSITION - NO",,0,1,15,16,,
1/8/2013,"580025","EMS NON-MIAMI ISD",6582,"PROPOSITION 2012-2  EMS NON-MIAMI ISD",,11,11,1,"FOR THE PROPOSITION - YES",,0,1,58,59,,
1/8/2013,"580025","EMS NON-MIAMI ISD",6582,"PROPOSITION 2012-2  EMS NON-MIAMI ISD",,11,11,2,"AGAINST THE PROPOSITION - NO",,0,1,55,56,,
1/8/2013,"580026","EMS NON-MIAMI ISD",6582,"PROPOSITION 2012-2  EMS NON-MIAMI ISD",,11,11,1,"FOR THE PROPOSITION - YES",,0,0,85,85,,
1/8/2013,"580026","EMS NON-MIAMI ISD",6582,"PROPOSITION 2012-2  EMS NON-MIAMI ISD",,11,11,2,"AGAINST THE PROPOSITION - NO",,0,0,32,32,,
1/8/2013,"580028","EMS NON-MIAMI ISD",6582,"PROPOSITION 2012-2  EMS NON-MIAMI ISD",,11,11,1,"FOR THE PROPOSITION - YES",,3,4,107,114,,
1/8/2013,"580028","EMS NON-MIAMI ISD",6582,"PROPOSITION 2012-2  EMS NON-MIAMI ISD",,11,11,2,"AGAINST THE PROPOSITION - NO",,2,2,52,56,,
1/8/2013,"580031","EMS MIAMI ISD",6581,"EMS MIAMI ISD",,11,11,1,"FOR THE PROPOSITION - YES",,0,4,54,58,,
1/8/2013,"580031","EMS MIAMI ISD",6581,"EMS MIAMI ISD",,11,11,2,"AGAINST THE PROPOSITION - NO",,0,0,10,10,,
1/8/2013,"580031","EMS NON-MIAMI ISD",6582,"PROPOSITION 2012-2  EMS NON-MIAMI ISD",,11,11,1,"FOR THE PROPOSITION - YES",,0,7,67,74,,
1/8/2013,"580031","EMS NON-MIAMI ISD",6582,"PROPOSITION 2012-2  EMS NON-MIAMI ISD",,11,11,2,"AGAINST THE PROPOSITION - NO",,0,2,33,35,,
1/8/2013,"580034","EMS NON-MIAMI ISD",6582,"PROPOSITION 2012-2  EMS NON-MIAMI ISD",,11,11,1,"FOR THE PROPOSITION - YES",,0,2,53,55,,
1/8/2013,"580034","EMS NON-MIAMI ISD",6582,"PROPOSITION 2012-2  EMS NON-MIAMI ISD",,11,11,2,"AGAINST THE PROPOSITION - NO",,0,1,35,36,,
1/8/2013,"770104","SHARON-MUTUAL PUBLIC SCHOOLS",57701,"PROPOSITION  SHARON-MUTUAL PUBLIC SCHOOLS",,7,7,1,"FOR THE PROPOSITION - YES",,0,0,0,0,,
1/8/2013,"770104","SHARON-MUTUAL PUBLIC SCHOOLS",57701,"PROPOSITION  SHARON-MUTUAL PUBLIC SCHOOLS",,7,7,2,"AGAINST THE PROPOSITION - NO",,0,0,0,0,,
1/8/2013,"770106","SHARON-MUTUAL PUBLIC SCHOOLS",57701,"PROPOSITION  SHARON-MUTUAL PUBLIC SCHOOLS",,7,7,1,"FOR THE PROPOSITION - YES",,0,0,0,0,,
1/8/2013,"770106","SHARON-MUTUAL PUBLIC SCHOOLS",57701,"PROPOSITION  SHARON-MUTUAL PUBLIC SCHOOLS",,7,7,2,"AGAINST THE PROPOSITION - NO",,0,0,2,2,,
1/8/2013,"770201","SHARON-MUTUAL PUBLIC SCHOOLS",57701,"PROPOSITION  SHARON-MUTUAL PUBLIC SCHOOLS",,7,7,1,"FOR THE PROPOSITION - YES",,0,0,0,0,,
1/8/2013,"770201","SHARON-MUTUAL PUBLIC SCHOOLS",57701,"PROPOSITION  SHARON-MUTUAL PUBLIC SCHOOLS",,7,7,2,"AGAINST THE PROPOSITION - NO",,0,0,0,0,,
1/8/2013,"770203","SHARON-MUTUAL PUBLIC SCHOOLS",57701,"PROPOSITION  SHARON-MUTUAL PUBLIC SCHOOLS",,7,7,1,"FOR THE PROPOSITION - YES",,0,5,77,82,,
1/8/2013,"770203","SHARON-MUTUAL PUBLIC SCHOOLS",57701,"PROPOSITION  SHARON-MUTUAL PUBLIC SCHOOLS",,7,7,2,"AGAINST THE PROPOSITION - NO",,0,2,58,60,,
1/8/2013,"770204","SHARON-MUTUAL PUBLIC SCHOOLS",57701,"PROPOSITION  SHARON-MUTUAL PUBLIC SCHOOLS",,7,7,1,"FOR THE PROPOSITION - YES",,1,1,58,60,,
1/8/2013,"770204","SHARON-MUTUAL PUBLIC SCHOOLS",57701,"PROPOSITION  SHARON-MUTUAL PUBLIC SCHOOLS",,7,7,2,"AGAINST THE PROPOSITION - NO",,2,0,33,35,,
1/8/2013,"770306","SHARON-MUTUAL PUBLIC SCHOOLS",57701,"PROPOSITION  SHARON-MUTUAL PUBLIC SCHOOLS",,7,7,1,"FOR THE PROPOSITION - YES",,0,0,5,5,,
1/8/2013,"770306","SHARON-MUTUAL PUBLIC SCHOOLS",57701,"PROPOSITION  SHARON-MUTUAL PUBLIC SCHOOLS",,7,7,2,"AGAINST THE PROPOSITION - NO",,0,2,16,18,,
