elec_date,county,entity_description,race_number,race_description,race_party,tot_race_prec,race_prec_reporting,cand_number,cand_name,cand_party,cand_absmail_votes,cand_early_votes,cand_elecday_votes,cand_tot_votes,race_county_owner
8/25/2020,"ALFALFA","ALFALFA COUNTY",12366,"FOR COUNTY COMMISSIONER DISTRICT NO. 2",REP,2,2,1,"MICHAEL ROACH",REP,6,22,157,185,ALFALFA
8/25/2020,"ALFALFA","ALFALFA COUNTY",12366,"FOR COUNTY COMMISSIONER DISTRICT NO. 2",REP,2,2,2,"NELSON  FRANTZ",REP,5,15,102,122,ALFALFA
8/25/2020,"ATOKA","ATOKA COUNTY",12010,"FOR STATE SENATOR DISTRICT 5",REP,6,6,1,"GEORGE H BURNS",REP,0,1,28,29,,
8/25/2020,"ATOKA","ATOKA COUNTY",12010,"FOR STATE SENATOR DISTRICT 5",REP,6,6,2,"JUSTIN JACKSON",REP,1,4,73,78,,
8/25/2020,"ATOKA","ATOKA COUNTY",12367,"FOR COUNTY COMMISSIONER DISTRICT NO. 2",REP,4,4,1,"SPIKE EAVES",REP,5,24,92,121,ATOKA
8/25/2020,"ATOKA","ATOKA COUNTY",12367,"FOR COUNTY COMMISSIONER DISTRICT NO. 2",REP,4,4,2,"TOMMY HENAGAR",REP,4,25,51,80,ATOKA
8/25/2020,"BECKHAM","CANUTE PUBLIC SCHOOLS INDEPENDENT SCHOOL DISTRICT NO. 011",57501,"PROPOSITION NO. 1  CANUTE PUBLIC SCHOOLS",,1,1,1,"FOR THE PROPOSITION - YES",,0,0,0,0,,
8/25/2020,"BECKHAM","CANUTE PUBLIC SCHOOLS INDEPENDENT SCHOOL DISTRICT NO. 011",57501,"PROPOSITION NO. 1  CANUTE PUBLIC SCHOOLS",,1,1,2,"AGAINST THE PROPOSITION - NO",,0,0,1,1,,
8/25/2020,"BECKHAM","CANUTE PUBLIC SCHOOLS INDEPENDENT SCHOOL DISTRICT NO. 011",57502,"PROPOSITION NO. 2  CANUTE PUBLIC SCHOOLS",,1,1,1,"FOR THE PROPOSITION - YES",,0,0,0,0,,
8/25/2020,"BECKHAM","CANUTE PUBLIC SCHOOLS INDEPENDENT SCHOOL DISTRICT NO. 011",57502,"PROPOSITION NO. 2  CANUTE PUBLIC SCHOOLS",,1,1,2,"AGAINST THE PROPOSITION - NO",,0,0,1,1,,
8/25/2020,"CARTER","MANNSVILLE PUBLIC SCHOOL ELEMENTARY SCHOOL DISTRICT NO. 007",53501,"PROPOSITION  MANNSVILLE PUBLIC SCHOOL",,1,1,1,"FOR THE PROPOSITION - YES",,0,0,0,0,,
8/25/2020,"CARTER","MANNSVILLE PUBLIC SCHOOL ELEMENTARY SCHOOL DISTRICT NO. 007",53501,"PROPOSITION  MANNSVILLE PUBLIC SCHOOL",,1,1,2,"AGAINST THE PROPOSITION - NO",,0,0,0,0,,
8/25/2020,"CHOCTAW","CHOCTAW COUNTY",12010,"FOR STATE SENATOR DISTRICT 5",REP,17,17,1,"GEORGE H BURNS",REP,17,14,202,233,,
8/25/2020,"CHOCTAW","CHOCTAW COUNTY",12010,"FOR STATE SENATOR DISTRICT 5",REP,17,17,2,"JUSTIN JACKSON",REP,14,34,359,407,,
8/25/2020,"CLEVELAND","CLEVELAND COUNTY",12224,"FOR COUNTY SHERIFF",REP,84,84,1,"CHRIS AMASON",REP,2306,485,9915,12706,CLEVELAND
8/25/2020,"CLEVELAND","CLEVELAND COUNTY",12224,"FOR COUNTY SHERIFF",REP,84,84,2,"RICK ADKINS",REP,836,151,4094,5081,CLEVELAND
8/25/2020,"CLEVELAND","CITY OF NORMAN",41401,"PROPOSITION NO. 1 PARKS, RECREATIONAL, AND COMMUNITY FACILITIES BOND PROJECTS  CITY OF NORMAN",,50,50,1,"FOR THE PROPOSITION - YES",,3099,400,5902,9401,,
8/25/2020,"CLEVELAND","CITY OF NORMAN",41401,"PROPOSITION NO. 1 PARKS, RECREATIONAL, AND COMMUNITY FACILITIES BOND PROJECTS  CITY OF NORMAN",,50,50,2,"AGAINST THE PROPOSITION - NO",,2644,712,10048,13404,,
8/25/2020,"CLEVELAND","CITY OF NORMAN",41402,"PROPOSITION NO. 2 HOMELESS SHELTER COMMUNITY FACILITIES BOND PROJECTS  CITY OF NORMAN",,50,50,1,"FOR THE PROPOSITION - YES",,3994,473,6750,11217,,
8/25/2020,"CLEVELAND","CITY OF NORMAN",41402,"PROPOSITION NO. 2 HOMELESS SHELTER COMMUNITY FACILITIES BOND PROJECTS  CITY OF NORMAN",,50,50,2,"AGAINST THE PROPOSITION - NO",,1755,638,9193,11586,,
8/25/2020,"CLEVELAND","CITY OF NORMAN",41403,"PROPOSITION NO. 3 MUNICIPAL FACILITIES BOND PROJECTS  CITY OF NORMAN",,50,50,1,"FOR THE PROPOSITION - YES",,2919,409,5344,8672,,
8/25/2020,"CLEVELAND","CITY OF NORMAN",41403,"PROPOSITION NO. 3 MUNICIPAL FACILITIES BOND PROJECTS  CITY OF NORMAN",,50,50,2,"AGAINST THE PROPOSITION - NO",,2725,698,10273,13696,,
8/25/2020,"CLEVELAND","CITY OF NORMAN",41404,"PROPOSITION NO. 4 ECONOMIC AND COMMUNITY DEVELOPMENT PROJECTS  CITY OF NORMAN",,50,50,1,"FOR THE PROPOSITION - YES",,3180,388,5603,9171,,
8/25/2020,"CLEVELAND","CITY OF NORMAN",41404,"PROPOSITION NO. 4 ECONOMIC AND COMMUNITY DEVELOPMENT PROJECTS  CITY OF NORMAN",,50,50,2,"AGAINST THE PROPOSITION - NO",,2473,721,10022,13216,,
8/25/2020,"COMANCHE","CITY OF LAWTON",41603,"FOR COUNCIL MEMBER WARD 8  CITY OF LAWTON",,3,3,1,"RANDY WARREN",,77,5,77,159,COMANCHE
8/25/2020,"COMANCHE","CITY OF LAWTON",41603,"FOR COUNCIL MEMBER WARD 8  CITY OF LAWTON",,3,3,2,"DOUG WELLS",,36,2,80,118,COMANCHE
8/25/2020,"CREEK","KEYSTONE PUBLIC SCHOOL ELEMENTARY SCHOOL DISTRICT NO. 015",57203,"PROPOSITION NO. 1  KEYSTONE PUBLIC SCHOOL",,2,2,1,"FOR THE PROPOSITION - YES",,4,0,0,4,,
8/25/2020,"CREEK","KEYSTONE PUBLIC SCHOOL ELEMENTARY SCHOOL DISTRICT NO. 015",57203,"PROPOSITION NO. 1  KEYSTONE PUBLIC SCHOOL",,2,2,2,"AGAINST THE PROPOSITION - NO",,2,0,0,2,,
8/25/2020,"CREEK","KEYSTONE PUBLIC SCHOOL ELEMENTARY SCHOOL DISTRICT NO. 015",57204,"PROPOSITION NO. 2  KEYSTONE PUBLIC SCHOOL",,2,2,1,"FOR THE PROPOSITION - YES",,4,0,0,4,,
8/25/2020,"CREEK","KEYSTONE PUBLIC SCHOOL ELEMENTARY SCHOOL DISTRICT NO. 015",57204,"PROPOSITION NO. 2  KEYSTONE PUBLIC SCHOOL",,2,2,2,"AGAINST THE PROPOSITION - NO",,2,0,0,2,,
8/25/2020,"CUSTER","CUSTER COUNTY",12384,"FOR COUNTY COMMISSIONER DISTRICT NO. 2",REP,5,5,1,"CARL  BAILEY",REP,66,10,464,540,CUSTER
8/25/2020,"CUSTER","CUSTER COUNTY",12384,"FOR COUNTY COMMISSIONER DISTRICT NO. 2",REP,5,5,2,"BRUCE LANE WALKER",REP,45,17,499,561,CUSTER
8/25/2020,"CUSTER","CANUTE PUBLIC SCHOOLS INDEPENDENT SCHOOL DISTRICT NO. 011",57501,"PROPOSITION NO. 1  CANUTE PUBLIC SCHOOLS",,1,1,1,"FOR THE PROPOSITION - YES",,1,0,16,17,,
8/25/2020,"CUSTER","CANUTE PUBLIC SCHOOLS INDEPENDENT SCHOOL DISTRICT NO. 011",57501,"PROPOSITION NO. 1  CANUTE PUBLIC SCHOOLS",,1,1,2,"AGAINST THE PROPOSITION - NO",,1,0,2,3,,
8/25/2020,"CUSTER","CANUTE PUBLIC SCHOOLS INDEPENDENT SCHOOL DISTRICT NO. 011",57502,"PROPOSITION NO. 2  CANUTE PUBLIC SCHOOLS",,1,1,1,"FOR THE PROPOSITION - YES",,2,0,15,17,,
8/25/2020,"CUSTER","CANUTE PUBLIC SCHOOLS INDEPENDENT SCHOOL DISTRICT NO. 011",57502,"PROPOSITION NO. 2  CANUTE PUBLIC SCHOOLS",,1,1,2,"AGAINST THE PROPOSITION - NO",,0,0,3,3,,
8/25/2020,"DELAWARE","DELAWARE COUNTY",12231,"FOR COUNTY SHERIFF",REP,22,22,1,"MARK BERRY",REP,139,66,1114,1319,DELAWARE
8/25/2020,"DELAWARE","DELAWARE COUNTY",12231,"FOR COUNTY SHERIFF",REP,22,22,2,"MIKE WILKERSON",REP,107,51,900,1058,DELAWARE
8/25/2020,"DELAWARE","DELAWARE COUNTY",12385,"FOR COUNTY COMMISSIONER DISTRICT NO. 2",REP,6,6,1,"DAVID KELLY HAMPTON",REP,49,31,441,521,DELAWARE
8/25/2020,"DELAWARE","DELAWARE COUNTY",12385,"FOR COUNTY COMMISSIONER DISTRICT NO. 2",REP,6,6,2,"JAKE CALLIHAN",REP,64,46,499,609,DELAWARE
8/25/2020,"ELLIS","TOWN OF SHATTUCK",42301,"PROPOSITION  TOWN OF SHATTUCK",,2,2,1,"FOR THE PROPOSITION - YES",,8,1,173,182,,
8/25/2020,"ELLIS","TOWN OF SHATTUCK",42301,"PROPOSITION  TOWN OF SHATTUCK",,2,2,2,"AGAINST THE PROPOSITION - NO",,0,1,22,23,,
8/25/2020,"GARFIELD","GARFIELD COUNTY",12234,"FOR COUNTY SHERIFF",REP,30,30,1,"CORY S. RINK",REP,194,126,2571,2891,GARFIELD
8/25/2020,"GARFIELD","GARFIELD COUNTY",12234,"FOR COUNTY SHERIFF",REP,30,30,2,"JODY HELM",REP,192,157,2324,2673,GARFIELD
8/25/2020,"GARVIN","GARVIN COUNTY",12029,"FOR STATE SENATOR DISTRICT 43",REP,3,3,1,"PAUL SCOTT",REP,6,0,154,160,,
8/25/2020,"GARVIN","GARVIN COUNTY",12029,"FOR STATE SENATOR DISTRICT 43",REP,3,3,2,"JESSICA GARVIN",REP,5,0,158,163,,
8/25/2020,"GARVIN","CITY OF WYNNEWOOD",42501,"FOR MAYOR (UNEXPIRED TERM)  CITY OF WYNNEWOOD",,2,2,1,"DUSTEN CANADY",,0,0,9,9,GARVIN
8/25/2020,"GARVIN","CITY OF WYNNEWOOD",42501,"FOR MAYOR (UNEXPIRED TERM)  CITY OF WYNNEWOOD",,2,2,2,"ANNE GILTNER",,10,6,182,198,GARVIN
8/25/2020,"GARVIN","CITY OF WYNNEWOOD",42501,"FOR MAYOR (UNEXPIRED TERM)  CITY OF WYNNEWOOD",,2,2,3,"SHAYNE WINKLER",,2,4,188,194,GARVIN
8/25/2020,"GARVIN","CITY OF WYNNEWOOD",42501,"FOR MAYOR (UNEXPIRED TERM)  CITY OF WYNNEWOOD",,2,2,4,"G.  A. TURNER",,0,0,28,28,GARVIN
8/25/2020,"GARVIN","STRATFORD PUBLIC SCHOOLS INDEPENDENT SCHOOL DISTRICT NO. 002",52501,"PROPOSITION  STRATFORD PUBLIC SCHOOLS",,3,3,1,"FOR THE PROPOSITION - YES",,12,5,166,183,,
8/25/2020,"GARVIN","STRATFORD PUBLIC SCHOOLS INDEPENDENT SCHOOL DISTRICT NO. 002",52501,"PROPOSITION  STRATFORD PUBLIC SCHOOLS",,3,3,2,"AGAINST THE PROPOSITION - NO",,21,0,31,52,,
8/25/2020,"GRADY","GRADY COUNTY",12029,"FOR STATE SENATOR DISTRICT 43",REP,4,4,1,"PAUL SCOTT",REP,14,2,114,130,,
8/25/2020,"GRADY","GRADY COUNTY",12029,"FOR STATE SENATOR DISTRICT 43",REP,4,4,2,"JESSICA GARVIN",REP,8,2,156,166,,
8/25/2020,"HARPER","WOODWARD PUBLIC SCHOOLS INDEPENDENT SCHOOL DISTRICT NO. 001",57701,"PROPOSITION NO. 1  WOODWARD PUBLIC SCHOOLS",,1,1,1,"FOR THE PROPOSITION - YES",,0,0,0,0,,
8/25/2020,"HARPER","WOODWARD PUBLIC SCHOOLS INDEPENDENT SCHOOL DISTRICT NO. 001",57701,"PROPOSITION NO. 1  WOODWARD PUBLIC SCHOOLS",,1,1,2,"AGAINST THE PROPOSITION - NO",,0,0,0,0,,
8/25/2020,"HARPER","WOODWARD PUBLIC SCHOOLS INDEPENDENT SCHOOL DISTRICT NO. 001",57702,"PROPOSITION NO. 2  WOODWARD PUBLIC SCHOOLS",,1,1,1,"FOR THE PROPOSITION - YES",,0,0,0,0,,
8/25/2020,"HARPER","WOODWARD PUBLIC SCHOOLS INDEPENDENT SCHOOL DISTRICT NO. 001",57702,"PROPOSITION NO. 2  WOODWARD PUBLIC SCHOOLS",,1,1,2,"AGAINST THE PROPOSITION - NO",,0,0,0,0,,
8/25/2020,"HASKELL","HASKELL COUNTY",12011,"FOR STATE SENATOR DISTRICT 7",REP,11,11,1,"LARRY BOGGS",REP,7,19,221,247,,
8/25/2020,"HASKELL","HASKELL COUNTY",12011,"FOR STATE SENATOR DISTRICT 7",REP,11,11,2,"WARREN HAMILTON",REP,21,86,643,750,,
8/25/2020,"HUGHES","HUGHES COUNTY",12011,"FOR STATE SENATOR DISTRICT 7",REP,10,10,1,"LARRY BOGGS",REP,2,2,126,130,,
8/25/2020,"HUGHES","HUGHES COUNTY",12011,"FOR STATE SENATOR DISTRICT 7",REP,10,10,2,"WARREN HAMILTON",REP,6,2,169,177,,
8/25/2020,"JACKSON","CITY OF ALTUS",43301,"PROPOSITION NO. 1  CITY OF ALTUS",,8,8,1,"FOR THE PROPOSITION - YES",,55,101,1085,1241,,
8/25/2020,"JACKSON","CITY OF ALTUS",43301,"PROPOSITION NO. 1  CITY OF ALTUS",,8,8,2,"AGAINST THE PROPOSITION - NO",,62,69,501,632,,
8/25/2020,"JACKSON","CITY OF ALTUS",43302,"PROPOSITION NO. 2  CITY OF ALTUS",,8,8,1,"FOR THE PROPOSITION - YES",,54,103,1063,1220,,
8/25/2020,"JACKSON","CITY OF ALTUS",43302,"PROPOSITION NO. 2  CITY OF ALTUS",,8,8,2,"AGAINST THE PROPOSITION - NO",,62,66,525,653,,
8/25/2020,"JOHNSTON","JOHNSTON COUNTY",12399,"FOR COUNTY COMMISSIONER DISTRICT NO. 2",REP,4,4,1,"IVAN RICHESON",REP,5,12,112,129,JOHNSTON
8/25/2020,"JOHNSTON","JOHNSTON COUNTY",12399,"FOR COUNTY COMMISSIONER DISTRICT NO. 2",REP,4,4,2,"CACY CRIBBS",REP,4,3,169,176,JOHNSTON
8/25/2020,"JOHNSTON","MANNSVILLE PUBLIC SCHOOL ELEMENTARY SCHOOL DISTRICT NO. 007",53501,"PROPOSITION  MANNSVILLE PUBLIC SCHOOL",,1,1,1,"FOR THE PROPOSITION - YES",,3,2,52,57,,
8/25/2020,"JOHNSTON","MANNSVILLE PUBLIC SCHOOL ELEMENTARY SCHOOL DISTRICT NO. 007",53501,"PROPOSITION  MANNSVILLE PUBLIC SCHOOL",,1,1,2,"AGAINST THE PROPOSITION - NO",,3,0,41,44,,
8/25/2020,"KINGFISHER","DOVER PUBLIC SCHOOLS INDEPENDENT SCHOOL DISTRICT NO. 002",53701,"PROPOSITION  DOVER PUBLIC SCHOOLS",,5,5,1,"FOR THE PROPOSITION - YES",,2,8,107,117,,
8/25/2020,"KINGFISHER","DOVER PUBLIC SCHOOLS INDEPENDENT SCHOOL DISTRICT NO. 002",53701,"PROPOSITION  DOVER PUBLIC SCHOOLS",,5,5,2,"AGAINST THE PROPOSITION - NO",,2,2,19,23,,
8/25/2020,"KIOWA","TOWN OF ROOSEVELT",43802,"PROPOSITION  TOWN OF ROOSEVELT",,1,1,1,"FOR THE PROPOSITION - YES",,0,0,20,20,,
8/25/2020,"KIOWA","TOWN OF ROOSEVELT",43802,"PROPOSITION  TOWN OF ROOSEVELT",,1,1,2,"AGAINST THE PROPOSITION - NO",,1,0,27,28,,
8/25/2020,"LATIMER","LATIMER COUNTY",12011,"FOR STATE SENATOR DISTRICT 7",REP,12,12,1,"LARRY BOGGS",REP,18,38,323,379,,
8/25/2020,"LATIMER","LATIMER COUNTY",12011,"FOR STATE SENATOR DISTRICT 7",REP,12,12,2,"WARREN HAMILTON",REP,9,40,411,460,,
8/25/2020,"LATIMER","LATIMER COUNTY",12249,"FOR COUNTY SHERIFF",REP,12,12,1,"ADAM  WOODRUFF",REP,13,41,440,494,LATIMER
8/25/2020,"LATIMER","LATIMER COUNTY",12249,"FOR COUNTY SHERIFF",REP,12,12,2,"JOHN FORD",REP,14,37,295,346,LATIMER
8/25/2020,"LATIMER","RED OAK PUBLIC SCHOOLS INDEPENDENT SCHOOL DISTRICT NO. 002",53901,"PROPOSITION  RED OAK PUBLIC SCHOOLS",,2,2,1,"FOR THE PROPOSITION - YES",,9,3,210,222,,
8/25/2020,"LATIMER","RED OAK PUBLIC SCHOOLS INDEPENDENT SCHOOL DISTRICT NO. 002",53901,"PROPOSITION  RED OAK PUBLIC SCHOOLS",,2,2,2,"AGAINST THE PROPOSITION - NO",,2,8,77,87,,
8/25/2020,"LEFLORE","LEFLORE COUNTY",12010,"FOR STATE SENATOR DISTRICT 5",REP,15,15,1,"GEORGE H BURNS",REP,12,26,381,419,,
8/25/2020,"LEFLORE","LEFLORE COUNTY",12010,"FOR STATE SENATOR DISTRICT 5",REP,15,15,2,"JUSTIN JACKSON",REP,10,22,465,497,,
8/25/2020,"LEFLORE","LEFLORE COUNTY",12250,"FOR COUNTY SHERIFF",REP,37,37,1,"RODNEY D. DERRYBERRY",REP,80,188,1599,1867,LEFLORE
8/25/2020,"LEFLORE","LEFLORE COUNTY",12250,"FOR COUNTY SHERIFF",REP,37,37,2,"DONNIE RAY EDWARDS",REP,38,59,739,836,LEFLORE
8/25/2020,"LEFLORE","RED OAK PUBLIC SCHOOLS INDEPENDENT SCHOOL DISTRICT NO. 002",53901,"PROPOSITION  RED OAK PUBLIC SCHOOLS",,2,2,1,"FOR THE PROPOSITION - YES",,0,0,2,2,,
8/25/2020,"LEFLORE","RED OAK PUBLIC SCHOOLS INDEPENDENT SCHOOL DISTRICT NO. 002",53901,"PROPOSITION  RED OAK PUBLIC SCHOOLS",,2,2,2,"AGAINST THE PROPOSITION - NO",,0,0,0,0,,
8/25/2020,"LINCOLN","LINCOLN COUNTY",12405,"FOR COUNTY COMMISSIONER DISTRICT NO. 2",REP,7,7,1,"MARLON MILLER",REP,31,99,564,694,LINCOLN
8/25/2020,"LINCOLN","LINCOLN COUNTY",12405,"FOR COUNTY COMMISSIONER DISTRICT NO. 2",REP,7,7,2,"TROY EVANS",REP,32,26,267,325,LINCOLN
8/25/2020,"LOGAN","LOGAN COUNTY",12406,"FOR COUNTY COMMISSIONER DISTRICT NO. 2",REP,6,6,1,"MIKE PEARSON",REP,50,33,442,525,LOGAN
8/25/2020,"LOGAN","LOGAN COUNTY",12406,"FOR COUNTY COMMISSIONER DISTRICT NO. 2",REP,6,6,2,"KODY ELLIS",REP,101,48,852,1001,LOGAN
8/25/2020,"MCCLAIN","MCCLAIN COUNTY",12029,"FOR STATE SENATOR DISTRICT 43",REP,26,26,1,"PAUL SCOTT",REP,198,45,1471,1714,,
8/25/2020,"MCCLAIN","MCCLAIN COUNTY",12029,"FOR STATE SENATOR DISTRICT 43",REP,26,26,2,"JESSICA GARVIN",REP,124,46,1122,1292,,
8/25/2020,"MCCLAIN","STRATFORD PUBLIC SCHOOLS INDEPENDENT SCHOOL DISTRICT NO. 002",52501,"PROPOSITION  STRATFORD PUBLIC SCHOOLS",,1,1,1,"FOR THE PROPOSITION - YES",,0,0,7,7,,
8/25/2020,"MCCLAIN","STRATFORD PUBLIC SCHOOLS INDEPENDENT SCHOOL DISTRICT NO. 002",52501,"PROPOSITION  STRATFORD PUBLIC SCHOOLS",,1,1,2,"AGAINST THE PROPOSITION - NO",,0,0,1,1,,
8/25/2020,"MCCURTAIN","MCCURTAIN COUNTY",12010,"FOR STATE SENATOR DISTRICT 5",REP,30,30,1,"GEORGE H BURNS",REP,28,85,1105,1218,,
8/25/2020,"MCCURTAIN","MCCURTAIN COUNTY",12010,"FOR STATE SENATOR DISTRICT 5",REP,30,30,2,"JUSTIN JACKSON",REP,24,47,562,633,,
8/25/2020,"MCINTOSH","MCINTOSH COUNTY",13179,"FOR COUNTY CLERK",DEM,14,14,1,"DEENA FARROW",DEM,110,80,688,878,MCINTOSH
8/25/2020,"MCINTOSH","MCINTOSH COUNTY",13179,"FOR COUNTY CLERK",DEM,14,14,2,"JENNIFER BALLARD",DEM,60,41,424,525,MCINTOSH
8/25/2020,"MUSKOGEE","MUSKOGEE COUNTY",12261,"FOR COUNTY SHERIFF",REP,33,33,1,"ANDY SIMMONS",REP,87,116,1497,1700,MUSKOGEE
8/25/2020,"MUSKOGEE","MUSKOGEE COUNTY",12261,"FOR COUNTY SHERIFF",REP,33,33,2,"MICHAEL MAHAN",REP,78,54,908,1040,MUSKOGEE
8/25/2020,"MUSKOGEE","TOWN OF BRAGGS",45101,"PROPOSITION  TOWN OF BRAGGS",,1,1,1,"FOR THE PROPOSITION - YES",,0,0,24,24,,
8/25/2020,"MUSKOGEE","TOWN OF BRAGGS",45101,"PROPOSITION  TOWN OF BRAGGS",,1,1,2,"AGAINST THE PROPOSITION - NO",,0,2,20,22,,
8/25/2020,"NOWATA","COPAN PUBLIC SCHOOLS INDEPENDENT SCHOOL DISTRICT NO. 004",57401,"PROPOSITION NO. 1  COPAN PUBLIC SCHOOLS",,1,1,1,"FOR THE PROPOSITION - YES",,0,0,0,0,,
8/25/2020,"NOWATA","COPAN PUBLIC SCHOOLS INDEPENDENT SCHOOL DISTRICT NO. 004",57401,"PROPOSITION NO. 1  COPAN PUBLIC SCHOOLS",,1,1,2,"AGAINST THE PROPOSITION - NO",,0,0,0,0,,
8/25/2020,"NOWATA","COPAN PUBLIC SCHOOLS INDEPENDENT SCHOOL DISTRICT NO. 004",57402,"PROPOSITION NO. 2  COPAN PUBLIC SCHOOLS",,1,1,1,"FOR THE PROPOSITION - YES",,0,0,0,0,,
8/25/2020,"NOWATA","COPAN PUBLIC SCHOOLS INDEPENDENT SCHOOL DISTRICT NO. 004",57402,"PROPOSITION NO. 2  COPAN PUBLIC SCHOOLS",,1,1,2,"AGAINST THE PROPOSITION - NO",,0,0,0,0,,
8/25/2020,"OKFUSKEE","OKFUSKEE COUNTY",12011,"FOR STATE SENATOR DISTRICT 7",REP,2,2,1,"LARRY BOGGS",REP,4,6,28,38,,
8/25/2020,"OKFUSKEE","OKFUSKEE COUNTY",12011,"FOR STATE SENATOR DISTRICT 7",REP,2,2,2,"WARREN HAMILTON",REP,2,1,28,31,,
8/25/2020,"OKLAHOMA","OKLAHOMA COUNTY",12007,"FOR UNITED STATES REPRESENTATIVE DISTRICT 05",REP,233,233,1,"TERRY NEESE",REP,4805,264,15323,20392,,
8/25/2020,"OKLAHOMA","OKLAHOMA COUNTY",12007,"FOR UNITED STATES REPRESENTATIVE DISTRICT 05",REP,233,233,2,"STEPHANIE BICE",REP,4944,371,19123,24438,,
8/25/2020,"OKLAHOMA","OKLAHOMA COUNTY",12016,"FOR STATE SENATOR DISTRICT 17",REP,17,17,1,"SHANE DAVID JETT",REP,306,24,2668,2998,,
8/25/2020,"OKLAHOMA","OKLAHOMA COUNTY",12016,"FOR STATE SENATOR DISTRICT 17",REP,17,17,2,"RON SHARP",REP,263,24,1296,1583,,
8/25/2020,"OKLAHOMA","OKLAHOMA COUNTY",12128,"FOR STATE REPRESENTATIVE DISTRICT 96",REP,17,17,1,"PRESTON STINSON",REP,621,47,2638,3306,,
8/25/2020,"OKLAHOMA","OKLAHOMA COUNTY",12128,"FOR STATE REPRESENTATIVE DISTRICT 96",REP,17,17,2,"MARGARET BEST",REP,475,18,1719,2212,,
8/25/2020,"OKLAHOMA","OKLAHOMA COUNTY",12265,"FOR COUNTY SHERIFF",REP,257,257,1,"P.D. TAYLOR",REP,4463,253,14153,18869,OKLAHOMA
8/25/2020,"OKLAHOMA","OKLAHOMA COUNTY",12265,"FOR COUNTY SHERIFF",REP,257,257,2,"TOMMIE JOHNSON III",REP,5862,402,22304,28568,OKLAHOMA
8/25/2020,"OKLAHOMA","CITY OF HARRAH",45501,"PROPOSITION  CITY OF HARRAH",,6,6,1,"FOR THE PROPOSITION - YES",,77,5,410,492,,
8/25/2020,"OKLAHOMA","CITY OF HARRAH",45501,"PROPOSITION  CITY OF HARRAH",,6,6,2,"AGAINST THE PROPOSITION - NO",,35,4,209,248,,
8/25/2020,"OKLAHOMA","BETHANY PUBLIC SCHOOLS INDEPENDENT SCHOOL DISTRICT NO. 088",55501,"PROPOSITION  BETHANY PUBLIC SCHOOLS",,3,3,1,"FOR THE PROPOSITION - YES",,52,0,263,315,,
8/25/2020,"OKLAHOMA","BETHANY PUBLIC SCHOOLS INDEPENDENT SCHOOL DISTRICT NO. 088",55501,"PROPOSITION  BETHANY PUBLIC SCHOOLS",,3,3,2,"AGAINST THE PROPOSITION - NO",,13,0,86,99,,
8/25/2020,"OKMULGEE","OKMULGEE COUNTY",13420,"FOR COUNTY COMMISSIONER DISTRICT NO. 2",DEM,8,8,1,"R.C. MORROW",DEM,51,19,194,264,OKMULGEE
8/25/2020,"OKMULGEE","OKMULGEE COUNTY",13420,"FOR COUNTY COMMISSIONER DISTRICT NO. 2",DEM,8,8,2,"STEVE WARD",DEM,31,5,169,205,OKMULGEE
8/25/2020,"OKMULGEE","TOWN OF DEWAR",45601,"PROPOSITION  TOWN OF DEWAR",,1,1,1,"FOR THE PROPOSITION - YES",,1,0,17,18,,
8/25/2020,"OKMULGEE","TOWN OF DEWAR",45601,"PROPOSITION  TOWN OF DEWAR",,1,1,2,"AGAINST THE PROPOSITION - NO",,3,0,11,14,,
8/25/2020,"OSAGE","CITY OF SHIDLER",45701,"PROPOSITION  CITY OF SHIDLER",,1,1,1,"FOR THE PROPOSITION - YES",,0,0,46,46,,
8/25/2020,"OSAGE","CITY OF SHIDLER",45701,"PROPOSITION  CITY OF SHIDLER",,1,1,2,"AGAINST THE PROPOSITION - NO",,0,0,0,0,,
8/25/2020,"OSAGE","CITY OF TULSA",47208,"FOR MAYOR  CITY OF TULSA",,5,5,1,"KEN REDDICK",,5,0,24,29,OSAGE
8/25/2020,"OSAGE","CITY OF TULSA",47208,"FOR MAYOR  CITY OF TULSA",,5,5,2,"CRAIG IMMEL",,5,1,7,13,OSAGE
8/25/2020,"OSAGE","CITY OF TULSA",47208,"FOR MAYOR  CITY OF TULSA",,5,5,3,"GT BYNUM",,196,5,388,589,OSAGE
8/25/2020,"OSAGE","CITY OF TULSA",47208,"FOR MAYOR  CITY OF TULSA",,5,5,4,"ZACKRI LEON WHITLOW",,1,0,2,3,OSAGE
8/25/2020,"OSAGE","CITY OF TULSA",47208,"FOR MAYOR  CITY OF TULSA",,5,5,5,"PAUL TAY",,0,0,1,1,OSAGE
8/25/2020,"OSAGE","CITY OF TULSA",47208,"FOR MAYOR  CITY OF TULSA",,5,5,6,"GREGORY C. ROBINSON, II",,199,8,614,821,OSAGE
8/25/2020,"OSAGE","CITY OF TULSA",47208,"FOR MAYOR  CITY OF TULSA",,5,5,7,"RICCO WRIGHT",,1,0,3,4,OSAGE
8/25/2020,"OSAGE","CITY OF TULSA",47208,"FOR MAYOR  CITY OF TULSA",,5,5,8,"TY WALKER",,3,0,23,26,OSAGE
8/25/2020,"OSAGE","CITY OF TULSA",47209,"FOR COUNCIL DISTRICT 1  CITY OF TULSA",,5,5,1,"JERRY GOODWIN",,122,7,382,511,OSAGE
8/25/2020,"OSAGE","CITY OF TULSA",47209,"FOR COUNCIL DISTRICT 1  CITY OF TULSA",,5,5,2,"VANESSA HALL-HARPER",,271,6,657,934,OSAGE
8/25/2020,"OSAGE","CITY OF TULSA",47219,"PROPOSITION NO. 1 TULSA CITY CHARTER AMENDMENT  CITY OF TULSA",,5,5,1,"FOR THE PROPOSITION - YES",,269,9,590,868,,
8/25/2020,"OSAGE","CITY OF TULSA",47219,"PROPOSITION NO. 1 TULSA CITY CHARTER AMENDMENT  CITY OF TULSA",,5,5,2,"AGAINST THE PROPOSITION - NO",,128,5,442,575,,
8/25/2020,"OSAGE","CITY OF TULSA",47220,"PROPOSITION NO. 2 TULSA CITY CHARTER AMENDMENT  CITY OF TULSA",,5,5,1,"FOR THE PROPOSITION - YES",,303,8,607,918,,
8/25/2020,"OSAGE","CITY OF TULSA",47220,"PROPOSITION NO. 2 TULSA CITY CHARTER AMENDMENT  CITY OF TULSA",,5,5,2,"AGAINST THE PROPOSITION - NO",,99,6,439,544,,
8/25/2020,"OSAGE","CITY OF TULSA",47221,"PROPOSITION NO. 3 TULSA CITY CHARTER AMENDMENT  CITY OF TULSA",,5,5,1,"FOR THE PROPOSITION - YES",,277,7,642,926,,
8/25/2020,"OSAGE","CITY OF TULSA",47221,"PROPOSITION NO. 3 TULSA CITY CHARTER AMENDMENT  CITY OF TULSA",,5,5,2,"AGAINST THE PROPOSITION - NO",,123,7,387,517,,
8/25/2020,"OSAGE","CITY OF TULSA",47222,"PROPOSITION NO. 4 TULSA CITY CHARTER AMENDMENT  CITY OF TULSA",,5,5,1,"FOR THE PROPOSITION - YES",,302,7,624,933,,
8/25/2020,"OSAGE","CITY OF TULSA",47222,"PROPOSITION NO. 4 TULSA CITY CHARTER AMENDMENT  CITY OF TULSA",,5,5,2,"AGAINST THE PROPOSITION - NO",,100,7,399,506,,
8/25/2020,"OSAGE","CITY OF TULSA",47223,"PROPOSITION NO. 5 TULSA CITY CHARTER AMENDMENT  CITY OF TULSA",,5,5,1,"FOR THE PROPOSITION - YES",,332,8,744,1084,,
8/25/2020,"OSAGE","CITY OF TULSA",47223,"PROPOSITION NO. 5 TULSA CITY CHARTER AMENDMENT  CITY OF TULSA",,5,5,2,"AGAINST THE PROPOSITION - NO",,70,6,281,357,,
8/25/2020,"OSAGE","CITY OF BARTLESVILLE",47401,"PROPOSITION NO. 1 PUBLIC SAFETY BUILDINGS AND FACILITIES PROJECTS  CITY OF BARTLESVILLE",,1,1,1,"FOR THE PROPOSITION - YES",,0,0,0,0,,
8/25/2020,"OSAGE","CITY OF BARTLESVILLE",47401,"PROPOSITION NO. 1 PUBLIC SAFETY BUILDINGS AND FACILITIES PROJECTS  CITY OF BARTLESVILLE",,1,1,2,"AGAINST THE PROPOSITION - NO",,0,0,0,0,,
8/25/2020,"OSAGE","CITY OF BARTLESVILLE",47402,"PROPOSITION NO. 2 MUNICIPAL BUILDINGS AND FACILITIES PROJECTS  CITY OF BARTLESVILLE",,1,1,1,"FOR THE PROPOSITION - YES",,0,0,0,0,,
8/25/2020,"OSAGE","CITY OF BARTLESVILLE",47402,"PROPOSITION NO. 2 MUNICIPAL BUILDINGS AND FACILITIES PROJECTS  CITY OF BARTLESVILLE",,1,1,2,"AGAINST THE PROPOSITION - NO",,0,0,0,0,,
8/25/2020,"OSAGE","CITY OF BARTLESVILLE",47403,"PROPOSITION NO. 3 STREET AND BRIDGE PROJECTS  CITY OF BARTLESVILLE",,1,1,1,"FOR THE PROPOSITION - YES",,0,0,0,0,,
8/25/2020,"OSAGE","CITY OF BARTLESVILLE",47403,"PROPOSITION NO. 3 STREET AND BRIDGE PROJECTS  CITY OF BARTLESVILLE",,1,1,2,"AGAINST THE PROPOSITION - NO",,0,0,0,0,,
8/25/2020,"OSAGE","CITY OF BARTLESVILLE",47404,"PROPOSITION NO. 4 PARKS AND RECREATIONAL FACILITIES PROJECTS  CITY OF BARTLESVILLE",,1,1,1,"FOR THE PROPOSITION - YES",,0,0,0,0,,
8/25/2020,"OSAGE","CITY OF BARTLESVILLE",47404,"PROPOSITION NO. 4 PARKS AND RECREATIONAL FACILITIES PROJECTS  CITY OF BARTLESVILLE",,1,1,2,"AGAINST THE PROPOSITION - NO",,0,0,0,0,,
8/25/2020,"OSAGE","CITY OF BARTLESVILLE",47405,"PROPOSITION NO. 5  CITY OF BARTLESVILLE",,1,1,1,"FOR THE PROPOSITION - YES",,0,0,0,0,,
8/25/2020,"OSAGE","CITY OF BARTLESVILLE",47405,"PROPOSITION NO. 5  CITY OF BARTLESVILLE",,1,1,2,"AGAINST THE PROPOSITION - NO",,0,0,0,0,,
8/25/2020,"OSAGE","PRUE PUBLIC SCHOOLS INDEPENDENT SCHOOL DISTRICT NO. 50",55701,"PROPOSITION  PRUE PUBLIC SCHOOLS",,7,7,1,"FOR THE PROPOSITION - YES",,23,0,101,124,,
8/25/2020,"OSAGE","PRUE PUBLIC SCHOOLS INDEPENDENT SCHOOL DISTRICT NO. 50",55701,"PROPOSITION  PRUE PUBLIC SCHOOLS",,7,7,2,"AGAINST THE PROPOSITION - NO",,9,0,62,71,,
8/25/2020,"OTTAWA","FAIRLAND PUBLIC SCHOOLS INDEPENDENT SCHOOL DISTRICT NO. 031",55801,"PROPOSITION NO. 1  FAIRLAND PUBLIC SCHOOLS",,1,1,1,"FOR THE PROPOSITION - YES",,19,2,161,182,,
8/25/2020,"OTTAWA","FAIRLAND PUBLIC SCHOOLS INDEPENDENT SCHOOL DISTRICT NO. 031",55801,"PROPOSITION NO. 1  FAIRLAND PUBLIC SCHOOLS",,1,1,2,"AGAINST THE PROPOSITION - NO",,10,1,71,82,,
8/25/2020,"OTTAWA","FAIRLAND PUBLIC SCHOOLS INDEPENDENT SCHOOL DISTRICT NO. 031",55802,"PROPOSITION NO. 2  FAIRLAND PUBLIC SCHOOLS",,1,1,1,"FOR THE PROPOSITION - YES",,19,2,153,174,,
8/25/2020,"OTTAWA","FAIRLAND PUBLIC SCHOOLS INDEPENDENT SCHOOL DISTRICT NO. 031",55802,"PROPOSITION NO. 2  FAIRLAND PUBLIC SCHOOLS",,1,1,2,"AGAINST THE PROPOSITION - NO",,10,1,81,92,,
8/25/2020,"PAWNEE","PAWNEE COUNTY",12423,"FOR COUNTY COMMISSIONER DISTRICT NO. 2",REP,3,3,1,"JERRY SKIDGEL",REP,13,12,126,151,PAWNEE
8/25/2020,"PAWNEE","PAWNEE COUNTY",12423,"FOR COUNTY COMMISSIONER DISTRICT NO. 2",REP,3,3,2,"RODGER ENSIGN",REP,5,6,46,57,PAWNEE
8/25/2020,"PAWNEE","CITY OF CLEVELAND",45901,"PROPOSITION  CITY OF CLEVELAND",,2,2,1,"FOR THE PROPOSITION - YES",,32,2,147,181,,
8/25/2020,"PAWNEE","CITY OF CLEVELAND",45901,"PROPOSITION  CITY OF CLEVELAND",,2,2,2,"AGAINST THE PROPOSITION - NO",,6,0,71,77,,
8/25/2020,"PAWNEE","KEYSTONE PUBLIC SCHOOL ELEMENTARY SCHOOL DISTRICT NO. 015",57203,"PROPOSITION NO. 1  KEYSTONE PUBLIC SCHOOL",,1,1,1,"FOR THE PROPOSITION - YES",,5,0,3,8,,
8/25/2020,"PAWNEE","KEYSTONE PUBLIC SCHOOL ELEMENTARY SCHOOL DISTRICT NO. 015",57203,"PROPOSITION NO. 1  KEYSTONE PUBLIC SCHOOL",,1,1,2,"AGAINST THE PROPOSITION - NO",,0,0,2,2,,
8/25/2020,"PAWNEE","KEYSTONE PUBLIC SCHOOL ELEMENTARY SCHOOL DISTRICT NO. 015",57204,"PROPOSITION NO. 2  KEYSTONE PUBLIC SCHOOL",,1,1,1,"FOR THE PROPOSITION - YES",,5,0,3,8,,
8/25/2020,"PAWNEE","KEYSTONE PUBLIC SCHOOL ELEMENTARY SCHOOL DISTRICT NO. 015",57204,"PROPOSITION NO. 2  KEYSTONE PUBLIC SCHOOL",,1,1,2,"AGAINST THE PROPOSITION - NO",,0,0,2,2,,
8/25/2020,"PAYNE","PAYNE COUNTY",12270,"FOR COUNTY SHERIFF",REP,31,31,1,"KEVIN WOODWARD",REP,211,119,1349,1679,PAYNE
8/25/2020,"PAYNE","PAYNE COUNTY",12270,"FOR COUNTY SHERIFF",REP,31,31,2,"JOE HARPER",REP,188,105,1833,2126,PAYNE
8/25/2020,"PITTSBURG","PITTSBURG COUNTY",12011,"FOR STATE SENATOR DISTRICT 7",REP,41,41,1,"LARRY BOGGS",REP,56,90,1358,1504,,
8/25/2020,"PITTSBURG","PITTSBURG COUNTY",12011,"FOR STATE SENATOR DISTRICT 7",REP,41,41,2,"WARREN HAMILTON",REP,36,45,1021,1102,,
8/25/2020,"PONTOTOC","STRATFORD PUBLIC SCHOOLS INDEPENDENT SCHOOL DISTRICT NO. 002",52501,"PROPOSITION  STRATFORD PUBLIC SCHOOLS",,1,1,1,"FOR THE PROPOSITION - YES",,0,0,1,1,,
8/25/2020,"PONTOTOC","STRATFORD PUBLIC SCHOOLS INDEPENDENT SCHOOL DISTRICT NO. 002",52501,"PROPOSITION  STRATFORD PUBLIC SCHOOLS",,1,1,2,"AGAINST THE PROPOSITION - NO",,1,0,0,1,,
8/25/2020,"POTTAWATOMIE","POTTAWATOMIE COUNTY",12007,"FOR UNITED STATES REPRESENTATIVE DISTRICT 05",REP,26,26,1,"TERRY NEESE",REP,376,221,2726,3323,,
8/25/2020,"POTTAWATOMIE","POTTAWATOMIE COUNTY",12007,"FOR UNITED STATES REPRESENTATIVE DISTRICT 05",REP,26,26,2,"STEPHANIE BICE",REP,245,133,2087,2465,,
8/25/2020,"POTTAWATOMIE","POTTAWATOMIE COUNTY",12016,"FOR STATE SENATOR DISTRICT 17",REP,11,11,1,"SHANE DAVID JETT",REP,203,117,1294,1614,,
8/25/2020,"POTTAWATOMIE","POTTAWATOMIE COUNTY",12016,"FOR STATE SENATOR DISTRICT 17",REP,11,11,2,"RON SHARP",REP,201,144,1226,1571,,
8/25/2020,"POTTAWATOMIE","CITY OF TECUMSEH",46301,"FOR COUNCILMAN WARD ONE  CITY OF TECUMSEH",,4,4,1,"DANA R. TAYLOR",,40,10,178,228,POTTAWATOMIE
8/25/2020,"POTTAWATOMIE","CITY OF TECUMSEH",46301,"FOR COUNCILMAN WARD ONE  CITY OF TECUMSEH",,4,4,2,"LINDA FARRIS",,65,8,201,274,POTTAWATOMIE
8/25/2020,"POTTAWATOMIE","CITY OF TECUMSEH",46302,"FOR COUNCILMAN WARD THREE  CITY OF TECUMSEH",,4,4,1,"BENJAMIN WATERMAN",,21,5,68,94,POTTAWATOMIE
8/25/2020,"POTTAWATOMIE","CITY OF TECUMSEH",46302,"FOR COUNCILMAN WARD THREE  CITY OF TECUMSEH",,4,4,2,"RYAN WIGINTON",,37,3,132,172,POTTAWATOMIE
8/25/2020,"POTTAWATOMIE","CITY OF TECUMSEH",46302,"FOR COUNCILMAN WARD THREE  CITY OF TECUMSEH",,4,4,3,"DON BRADLEY",,43,10,158,211,POTTAWATOMIE
8/25/2020,"POTTAWATOMIE","CITY OF TECUMSEH",46303,"FOR COUNCILMAN WARD TWO (UNEXPIRED TERM)  CITY OF TECUMSEH",,4,4,1,"SHARON L. STEWART",,78,14,239,331,POTTAWATOMIE
8/25/2020,"POTTAWATOMIE","CITY OF TECUMSEH",46303,"FOR COUNCILMAN WARD TWO (UNEXPIRED TERM)  CITY OF TECUMSEH",,4,4,2,"RONELLE  BAKER",,26,4,145,175,POTTAWATOMIE
8/25/2020,"POTTAWATOMIE","CITY OF TECUMSEH",46304,"FOR COUNCILMAN WARD FOUR (UNEXPIRED TERM)  CITY OF TECUMSEH",,4,4,1,"JEFF BROCK",,41,12,177,230,POTTAWATOMIE
8/25/2020,"POTTAWATOMIE","CITY OF TECUMSEH",46304,"FOR COUNCILMAN WARD FOUR (UNEXPIRED TERM)  CITY OF TECUMSEH",,4,4,2,"JOHN R. COLLIER",,60,6,186,252,POTTAWATOMIE
8/25/2020,"POTTAWATOMIE","BETHEL PUBLIC SCHOOLS INDEPENDENT SCHOOL DISTRICT NO. 003",56301,"PROPOSITION  BETHEL PUBLIC SCHOOLS",,6,6,1,"FOR THE PROPOSITION - YES",,85,30,480,595,,
8/25/2020,"POTTAWATOMIE","BETHEL PUBLIC SCHOOLS INDEPENDENT SCHOOL DISTRICT NO. 003",56301,"PROPOSITION  BETHEL PUBLIC SCHOOLS",,6,6,2,"AGAINST THE PROPOSITION - NO",,62,9,214,285,,
8/25/2020,"POTTAWATOMIE","SHAWNEE PUBLIC SCHOOLS INDEPENDENT SCHOOL DISTRICT NO. 093",56302,"PROPOSITION NO. 1  SHAWNEE PUBLIC SCHOOLS",,14,14,1,"FOR THE PROPOSITION - YES",,296,92,1091,1479,,
8/25/2020,"POTTAWATOMIE","SHAWNEE PUBLIC SCHOOLS INDEPENDENT SCHOOL DISTRICT NO. 093",56302,"PROPOSITION NO. 1  SHAWNEE PUBLIC SCHOOLS",,14,14,2,"AGAINST THE PROPOSITION - NO",,178,94,815,1087,,
8/25/2020,"POTTAWATOMIE","SHAWNEE PUBLIC SCHOOLS INDEPENDENT SCHOOL DISTRICT NO. 093",56303,"PROPOSITION NO. 2  SHAWNEE PUBLIC SCHOOLS",,14,14,1,"FOR THE PROPOSITION - YES",,300,94,1068,1462,,
8/25/2020,"POTTAWATOMIE","SHAWNEE PUBLIC SCHOOLS INDEPENDENT SCHOOL DISTRICT NO. 093",56303,"PROPOSITION NO. 2  SHAWNEE PUBLIC SCHOOLS",,14,14,2,"AGAINST THE PROPOSITION - NO",,180,92,839,1111,,
8/25/2020,"PUSHMATAHA","PUSHMATAHA COUNTY",12010,"FOR STATE SENATOR DISTRICT 5",REP,13,13,1,"GEORGE H BURNS",REP,4,13,187,204,,
8/25/2020,"PUSHMATAHA","PUSHMATAHA COUNTY",12010,"FOR STATE SENATOR DISTRICT 5",REP,13,13,2,"JUSTIN JACKSON",REP,15,22,429,466,,
8/25/2020,"PUSHMATAHA","PUSHMATAHA COUNTY",30003,"PROPOSITION",,13,13,1,"FOR THE PROPOSITION - YES",,38,70,699,807,,
8/25/2020,"PUSHMATAHA","PUSHMATAHA COUNTY",30003,"PROPOSITION",,13,13,2,"AGAINST THE PROPOSITION - NO",,25,10,340,375,,
8/25/2020,"ROGERS","CITY OF TULSA",47208,"FOR MAYOR  CITY OF TULSA",,3,3,1,"KEN REDDICK",,0,0,0,0,ROGERS
8/25/2020,"ROGERS","CITY OF TULSA",47208,"FOR MAYOR  CITY OF TULSA",,3,3,2,"CRAIG IMMEL",,0,0,0,0,ROGERS
8/25/2020,"ROGERS","CITY OF TULSA",47208,"FOR MAYOR  CITY OF TULSA",,3,3,3,"GT BYNUM",,0,0,0,0,ROGERS
8/25/2020,"ROGERS","CITY OF TULSA",47208,"FOR MAYOR  CITY OF TULSA",,3,3,4,"ZACKRI LEON WHITLOW",,0,0,0,0,ROGERS
8/25/2020,"ROGERS","CITY OF TULSA",47208,"FOR MAYOR  CITY OF TULSA",,3,3,5,"PAUL TAY",,0,0,0,0,ROGERS
8/25/2020,"ROGERS","CITY OF TULSA",47208,"FOR MAYOR  CITY OF TULSA",,3,3,6,"GREGORY C. ROBINSON, II",,0,0,0,0,ROGERS
8/25/2020,"ROGERS","CITY OF TULSA",47208,"FOR MAYOR  CITY OF TULSA",,3,3,7,"RICCO WRIGHT",,0,0,0,0,ROGERS
8/25/2020,"ROGERS","CITY OF TULSA",47208,"FOR MAYOR  CITY OF TULSA",,3,3,8,"TY WALKER",,0,0,0,0,ROGERS
8/25/2020,"ROGERS","CITY OF TULSA",47211,"FOR COUNCIL DISTRICT 3  CITY OF TULSA",,3,3,1,"PAUL EICHER",,0,0,0,0,ROGERS
8/25/2020,"ROGERS","CITY OF TULSA",47211,"FOR COUNCIL DISTRICT 3  CITY OF TULSA",,3,3,2,"CRISTA PATRICK",,0,0,0,0,ROGERS
8/25/2020,"ROGERS","CITY OF TULSA",47219,"PROPOSITION NO. 1 TULSA CITY CHARTER AMENDMENT  CITY OF TULSA",,3,3,1,"FOR THE PROPOSITION - YES",,0,0,0,0,,
8/25/2020,"ROGERS","CITY OF TULSA",47219,"PROPOSITION NO. 1 TULSA CITY CHARTER AMENDMENT  CITY OF TULSA",,3,3,2,"AGAINST THE PROPOSITION - NO",,0,0,0,0,,
8/25/2020,"ROGERS","CITY OF TULSA",47220,"PROPOSITION NO. 2 TULSA CITY CHARTER AMENDMENT  CITY OF TULSA",,3,3,1,"FOR THE PROPOSITION - YES",,0,0,0,0,,
8/25/2020,"ROGERS","CITY OF TULSA",47220,"PROPOSITION NO. 2 TULSA CITY CHARTER AMENDMENT  CITY OF TULSA",,3,3,2,"AGAINST THE PROPOSITION - NO",,0,0,0,0,,
8/25/2020,"ROGERS","CITY OF TULSA",47221,"PROPOSITION NO. 3 TULSA CITY CHARTER AMENDMENT  CITY OF TULSA",,3,3,1,"FOR THE PROPOSITION - YES",,0,0,0,0,,
8/25/2020,"ROGERS","CITY OF TULSA",47221,"PROPOSITION NO. 3 TULSA CITY CHARTER AMENDMENT  CITY OF TULSA",,3,3,2,"AGAINST THE PROPOSITION - NO",,0,0,0,0,,
8/25/2020,"ROGERS","CITY OF TULSA",47222,"PROPOSITION NO. 4 TULSA CITY CHARTER AMENDMENT  CITY OF TULSA",,3,3,1,"FOR THE PROPOSITION - YES",,0,0,0,0,,
8/25/2020,"ROGERS","CITY OF TULSA",47222,"PROPOSITION NO. 4 TULSA CITY CHARTER AMENDMENT  CITY OF TULSA",,3,3,2,"AGAINST THE PROPOSITION - NO",,0,0,0,0,,
8/25/2020,"ROGERS","CITY OF TULSA",47223,"PROPOSITION NO. 5 TULSA CITY CHARTER AMENDMENT  CITY OF TULSA",,3,3,1,"FOR THE PROPOSITION - YES",,0,0,0,0,,
8/25/2020,"ROGERS","CITY OF TULSA",47223,"PROPOSITION NO. 5 TULSA CITY CHARTER AMENDMENT  CITY OF TULSA",,3,3,2,"AGAINST THE PROPOSITION - NO",,0,0,0,0,,
8/25/2020,"SEMINOLE","SEMINOLE COUNTY",12007,"FOR UNITED STATES REPRESENTATIVE DISTRICT 05",REP,14,14,1,"TERRY NEESE",REP,58,35,561,654,,
8/25/2020,"SEMINOLE","SEMINOLE COUNTY",12007,"FOR UNITED STATES REPRESENTATIVE DISTRICT 05",REP,14,14,2,"STEPHANIE BICE",REP,31,20,448,499,,
8/25/2020,"STEPHENS","STEPHENS COUNTY",12029,"FOR STATE SENATOR DISTRICT 43",REP,21,21,1,"PAUL SCOTT",REP,78,111,1497,1686,,
8/25/2020,"STEPHENS","STEPHENS COUNTY",12029,"FOR STATE SENATOR DISTRICT 43",REP,21,21,2,"JESSICA GARVIN",REP,91,128,2088,2307,,
8/25/2020,"STEPHENS","TOWN OF VELMA",46901,"FOR BOARD OF TRUSTEES (UNEXPIRED TERM)  TOWN OF VELMA",,2,2,1,"JUSTIN TUGMON",,1,0,37,38,STEPHENS
8/25/2020,"STEPHENS","TOWN OF VELMA",46901,"FOR BOARD OF TRUSTEES (UNEXPIRED TERM)  TOWN OF VELMA",,2,2,2,"BOBBY JO WOMACK",,0,2,41,43,STEPHENS
8/25/2020,"STEPHENS","DUNCAN PUBLIC SCHOOLS INDEPENDENT SCHOOL DISTRICT NO. 001",56901,"PROPOSITION NO. 1  DUNCAN PUBLIC SCHOOLS",,15,15,1,"FOR THE PROPOSITION - YES",,164,206,2107,2477,,
8/25/2020,"STEPHENS","DUNCAN PUBLIC SCHOOLS INDEPENDENT SCHOOL DISTRICT NO. 001",56901,"PROPOSITION NO. 1  DUNCAN PUBLIC SCHOOLS",,15,15,2,"AGAINST THE PROPOSITION - NO",,90,55,853,998,,
8/25/2020,"STEPHENS","DUNCAN PUBLIC SCHOOLS INDEPENDENT SCHOOL DISTRICT NO. 001",56902,"PROPOSITION NO. 2  DUNCAN PUBLIC SCHOOLS",,15,15,1,"FOR THE PROPOSITION - YES",,176,203,2130,2509,,
8/25/2020,"STEPHENS","DUNCAN PUBLIC SCHOOLS INDEPENDENT SCHOOL DISTRICT NO. 001",56902,"PROPOSITION NO. 2  DUNCAN PUBLIC SCHOOLS",,15,15,2,"AGAINST THE PROPOSITION - NO",,86,58,876,1020,,
8/25/2020,"TEXAS","TEXAS COUNTY",12434,"FOR COUNTY COMMISSIONER DISTRICT NO. 2",REP,3,3,1,"RICHARD  BRYAN",REP,15,36,227,278,TEXAS
8/25/2020,"TEXAS","TEXAS COUNTY",12434,"FOR COUNTY COMMISSIONER DISTRICT NO. 2",REP,3,3,2,"TY COBB",REP,9,24,201,234,TEXAS
8/25/2020,"TULSA","TULSA COUNTY",12025,"FOR STATE SENATOR DISTRICT 35",REP,36,36,1,"KYDEN CREEKPAUM",REP,1037,79,2972,4088,,
8/25/2020,"TULSA","TULSA COUNTY",12025,"FOR STATE SENATOR DISTRICT 35",REP,36,36,2,"CHERYL BABER",REP,694,111,3905,4710,,
8/25/2020,"TULSA","TULSA COUNTY",12103,"FOR STATE REPRESENTATIVE DISTRICT 71",REP,15,15,1,"MIKE MASTERS",REP,417,44,1547,2008,,
8/25/2020,"TULSA","TULSA COUNTY",12103,"FOR STATE REPRESENTATIVE DISTRICT 71",REP,15,15,2,"BEVERLY A. ATTEBERRY",REP,254,43,945,1242,,
8/25/2020,"TULSA","TULSA COUNTY",12111,"FOR STATE REPRESENTATIVE DISTRICT 79",REP,19,19,1,"CLAY IIAMS",REP,279,19,1251,1549,,
8/25/2020,"TULSA","TULSA COUNTY",12111,"FOR STATE REPRESENTATIVE DISTRICT 79",REP,19,19,2,"MARGIE ALFONSO",REP,328,35,1904,2267,,
8/25/2020,"TULSA","CITY OF JENKS",47201,"PROPOSITION  CITY OF JENKS",,10,10,1,"FOR THE PROPOSITION - YES",,519,13,1571,2103,,
8/25/2020,"TULSA","CITY OF JENKS",47201,"PROPOSITION  CITY OF JENKS",,10,10,2,"AGAINST THE PROPOSITION - NO",,178,2,671,851,,
8/25/2020,"TULSA","CITY OF GLENPOOL",47202,"PROPOSITION  CITY OF GLENPOOL",,5,5,1,"FOR THE PROPOSITION - YES",,95,5,668,768,,
8/25/2020,"TULSA","CITY OF GLENPOOL",47202,"PROPOSITION  CITY OF GLENPOOL",,5,5,2,"AGAINST THE PROPOSITION - NO",,93,2,395,490,,
8/25/2020,"TULSA","CITY OF TULSA",47208,"FOR MAYOR  CITY OF TULSA",,185,185,1,"KEN REDDICK",,747,185,8808,9740,TULSA
8/25/2020,"TULSA","CITY OF TULSA",47208,"FOR MAYOR  CITY OF TULSA",,185,185,2,"CRAIG IMMEL",,517,30,753,1300,TULSA
8/25/2020,"TULSA","CITY OF TULSA",47208,"FOR MAYOR  CITY OF TULSA",,185,185,3,"GT BYNUM",,8987,847,26297,36131,TULSA
8/25/2020,"TULSA","CITY OF TULSA",47208,"FOR MAYOR  CITY OF TULSA",,185,185,4,"ZACKRI LEON WHITLOW",,38,4,120,162,TULSA
8/25/2020,"TULSA","CITY OF TULSA",47208,"FOR MAYOR  CITY OF TULSA",,185,185,5,"PAUL TAY",,57,6,222,285,TULSA
8/25/2020,"TULSA","CITY OF TULSA",47208,"FOR MAYOR  CITY OF TULSA",,185,185,6,"GREGORY C. ROBINSON, II",,5334,852,13406,19592,TULSA
8/25/2020,"TULSA","CITY OF TULSA",47208,"FOR MAYOR  CITY OF TULSA",,185,185,7,"RICCO WRIGHT",,28,7,154,189,TULSA
8/25/2020,"TULSA","CITY OF TULSA",47208,"FOR MAYOR  CITY OF TULSA",,185,185,8,"TY WALKER",,169,47,1709,1925,TULSA
8/25/2020,"TULSA","CITY OF TULSA",47209,"FOR COUNCIL DISTRICT 1  CITY OF TULSA",,18,18,1,"JERRY GOODWIN",,244,159,1490,1893,TULSA
8/25/2020,"TULSA","CITY OF TULSA",47209,"FOR COUNCIL DISTRICT 1  CITY OF TULSA",,18,18,2,"VANESSA HALL-HARPER",,494,277,2539,3310,TULSA
8/25/2020,"TULSA","CITY OF TULSA",47211,"FOR COUNCIL DISTRICT 3  CITY OF TULSA",,25,25,1,"PAUL EICHER",,145,28,1118,1291,TULSA
8/25/2020,"TULSA","CITY OF TULSA",47211,"FOR COUNCIL DISTRICT 3  CITY OF TULSA",,25,25,2,"CRISTA PATRICK",,251,59,1511,1821,TULSA
8/25/2020,"TULSA","CITY OF TULSA",47212,"FOR COUNCIL DISTRICT 4  CITY OF TULSA",,22,22,1,"KARA JOY McKEE",,2349,294,4137,6780,TULSA
8/25/2020,"TULSA","CITY OF TULSA",47212,"FOR COUNCIL DISTRICT 4  CITY OF TULSA",,22,22,2,"KATHRYN LYONS",,404,61,1633,2098,TULSA
8/25/2020,"TULSA","CITY OF TULSA",47212,"FOR COUNCIL DISTRICT 4  CITY OF TULSA",,22,22,3,"CASEY ROBINSON",,251,64,1435,1750,TULSA
8/25/2020,"TULSA","CITY OF TULSA",47212,"FOR COUNCIL DISTRICT 4  CITY OF TULSA",,22,22,4,"LANDRY MILLER",,89,22,352,463,TULSA
8/25/2020,"TULSA","CITY OF TULSA",47213,"FOR COUNCIL DISTRICT 5  CITY OF TULSA",,20,20,1,"JUSTIN SCHUFFERT",,33,5,289,327,TULSA
8/25/2020,"TULSA","CITY OF TULSA",47213,"FOR COUNCIL DISTRICT 5  CITY OF TULSA",,20,20,2,"NAT WACHOWSKI-ESTES",,225,25,619,869,TULSA
8/25/2020,"TULSA","CITY OF TULSA",47213,"FOR COUNCIL DISTRICT 5  CITY OF TULSA",,20,20,3,"MYKEY ARTHRELL",,597,45,1253,1895,TULSA
8/25/2020,"TULSA","CITY OF TULSA",47213,"FOR COUNCIL DISTRICT 5  CITY OF TULSA",,20,20,4,"CASS FAHLER",,283,46,1998,2327,TULSA
8/25/2020,"TULSA","CITY OF TULSA",47213,"FOR COUNCIL DISTRICT 5  CITY OF TULSA",,20,20,5,"RACHEL SHEPHERD",,164,35,791,990,TULSA
8/25/2020,"TULSA","CITY OF TULSA",47214,"FOR COUNCIL DISTRICT 6  CITY OF TULSA",,17,17,1,"CHRISTIAN BENGEL",,165,13,1388,1566,TULSA
8/25/2020,"TULSA","CITY OF TULSA",47214,"FOR COUNCIL DISTRICT 6  CITY OF TULSA",,17,17,2,"CONNIE DODSON",,352,34,1765,2151,TULSA
8/25/2020,"TULSA","CITY OF TULSA",47214,"FOR COUNCIL DISTRICT 6  CITY OF TULSA",,17,17,3,"CHEYENNA MORGAN",,218,21,703,942,TULSA
8/25/2020,"TULSA","CITY OF TULSA",47215,"FOR COUNCIL DISTRICT 7  CITY OF TULSA",,21,21,1,"LORI DECTER WRIGHT",,1166,75,2011,3252,TULSA
8/25/2020,"TULSA","CITY OF TULSA",47215,"FOR COUNCIL DISTRICT 7  CITY OF TULSA",,21,21,2,"CHAD FERGUSON",,157,15,837,1009,TULSA
8/25/2020,"TULSA","CITY OF TULSA",47215,"FOR COUNCIL DISTRICT 7  CITY OF TULSA",,21,21,3,"JUSTIN VAN KIRK",,213,34,2385,2632,TULSA
8/25/2020,"TULSA","CITY OF TULSA",47217,"FOR COUNCIL DISTRICT 9  CITY OF TULSA",,23,23,1,"LEEANN CROSBY",,1810,139,3137,5086,TULSA
8/25/2020,"TULSA","CITY OF TULSA",47217,"FOR COUNCIL DISTRICT 9  CITY OF TULSA",,23,23,2,"JAYME FOWLER",,1173,150,4414,5737,TULSA
8/25/2020,"TULSA","CITY OF TULSA",47219,"PROPOSITION NO. 1 TULSA CITY CHARTER AMENDMENT  CITY OF TULSA",,185,185,1,"FOR THE PROPOSITION - YES",,11611,1216,25798,38625,,
8/25/2020,"TULSA","CITY OF TULSA",47219,"PROPOSITION NO. 1 TULSA CITY CHARTER AMENDMENT  CITY OF TULSA",,185,185,2,"AGAINST THE PROPOSITION - NO",,3819,689,23514,28022,,
8/25/2020,"TULSA","CITY OF TULSA",47220,"PROPOSITION NO. 2 TULSA CITY CHARTER AMENDMENT  CITY OF TULSA",,185,185,1,"FOR THE PROPOSITION - YES",,11955,1242,24017,37214,,
8/25/2020,"TULSA","CITY OF TULSA",47220,"PROPOSITION NO. 2 TULSA CITY CHARTER AMENDMENT  CITY OF TULSA",,185,185,2,"AGAINST THE PROPOSITION - NO",,3733,697,26598,31028,,
8/25/2020,"TULSA","CITY OF TULSA",47221,"PROPOSITION NO. 3 TULSA CITY CHARTER AMENDMENT  CITY OF TULSA",,185,185,1,"FOR THE PROPOSITION - YES",,11977,1233,28266,41476,,
8/25/2020,"TULSA","CITY OF TULSA",47221,"PROPOSITION NO. 3 TULSA CITY CHARTER AMENDMENT  CITY OF TULSA",,185,185,2,"AGAINST THE PROPOSITION - NO",,3204,631,19824,23659,,
8/25/2020,"TULSA","CITY OF TULSA",47222,"PROPOSITION NO. 4 TULSA CITY CHARTER AMENDMENT  CITY OF TULSA",,185,185,1,"FOR THE PROPOSITION - YES",,12362,1272,27803,41437,,
8/25/2020,"TULSA","CITY OF TULSA",47222,"PROPOSITION NO. 4 TULSA CITY CHARTER AMENDMENT  CITY OF TULSA",,185,185,2,"AGAINST THE PROPOSITION - NO",,2885,607,20513,24005,,
8/25/2020,"TULSA","CITY OF TULSA",47223,"PROPOSITION NO. 5 TULSA CITY CHARTER AMENDMENT  CITY OF TULSA",,185,185,1,"FOR THE PROPOSITION - YES",,13295,1436,32967,47698,,
8/25/2020,"TULSA","CITY OF TULSA",47223,"PROPOSITION NO. 5 TULSA CITY CHARTER AMENDMENT  CITY OF TULSA",,185,185,2,"AGAINST THE PROPOSITION - NO",,1967,441,15120,17528,,
8/25/2020,"TULSA","BERRYHILL PUBLIC SCHOOLS INDEPENDENT SCHOOL DISTRICT NO. 010",57201,"PROPOSITION NO. 1  BERRYHILL PUBLIC SCHOOLS",,4,4,1,"FOR THE PROPOSITION - YES",,52,2,406,460,,
8/25/2020,"TULSA","BERRYHILL PUBLIC SCHOOLS INDEPENDENT SCHOOL DISTRICT NO. 010",57201,"PROPOSITION NO. 1  BERRYHILL PUBLIC SCHOOLS",,4,4,2,"AGAINST THE PROPOSITION - NO",,27,1,105,133,,
8/25/2020,"TULSA","BERRYHILL PUBLIC SCHOOLS INDEPENDENT SCHOOL DISTRICT NO. 010",57202,"PROPOSITION NO. 2  BERRYHILL PUBLIC SCHOOLS",,4,4,1,"FOR THE PROPOSITION - YES",,53,2,411,466,,
8/25/2020,"TULSA","BERRYHILL PUBLIC SCHOOLS INDEPENDENT SCHOOL DISTRICT NO. 010",57202,"PROPOSITION NO. 2  BERRYHILL PUBLIC SCHOOLS",,4,4,2,"AGAINST THE PROPOSITION - NO",,27,1,101,129,,
8/25/2020,"TULSA","KEYSTONE PUBLIC SCHOOL ELEMENTARY SCHOOL DISTRICT NO. 015",57203,"PROPOSITION NO. 1  KEYSTONE PUBLIC SCHOOL",,1,1,1,"FOR THE PROPOSITION - YES",,27,1,86,114,,
8/25/2020,"TULSA","KEYSTONE PUBLIC SCHOOL ELEMENTARY SCHOOL DISTRICT NO. 015",57203,"PROPOSITION NO. 1  KEYSTONE PUBLIC SCHOOL",,1,1,2,"AGAINST THE PROPOSITION - NO",,6,0,36,42,,
8/25/2020,"TULSA","KEYSTONE PUBLIC SCHOOL ELEMENTARY SCHOOL DISTRICT NO. 015",57204,"PROPOSITION NO. 2  KEYSTONE PUBLIC SCHOOL",,1,1,1,"FOR THE PROPOSITION - YES",,26,1,85,112,,
8/25/2020,"TULSA","KEYSTONE PUBLIC SCHOOL ELEMENTARY SCHOOL DISTRICT NO. 015",57204,"PROPOSITION NO. 2  KEYSTONE PUBLIC SCHOOL",,1,1,2,"AGAINST THE PROPOSITION - NO",,7,0,36,43,,
8/25/2020,"WAGONER","CITY OF TULSA",47208,"FOR MAYOR  CITY OF TULSA",,2,2,1,"KEN REDDICK",,0,0,2,2,WAGONER
8/25/2020,"WAGONER","CITY OF TULSA",47208,"FOR MAYOR  CITY OF TULSA",,2,2,2,"CRAIG IMMEL",,0,0,0,0,WAGONER
8/25/2020,"WAGONER","CITY OF TULSA",47208,"FOR MAYOR  CITY OF TULSA",,2,2,3,"GT BYNUM",,0,0,7,7,WAGONER
8/25/2020,"WAGONER","CITY OF TULSA",47208,"FOR MAYOR  CITY OF TULSA",,2,2,4,"ZACKRI LEON WHITLOW",,0,0,0,0,WAGONER
8/25/2020,"WAGONER","CITY OF TULSA",47208,"FOR MAYOR  CITY OF TULSA",,2,2,5,"PAUL TAY",,0,0,0,0,WAGONER
8/25/2020,"WAGONER","CITY OF TULSA",47208,"FOR MAYOR  CITY OF TULSA",,2,2,6,"GREGORY C. ROBINSON, II",,0,0,1,1,WAGONER
8/25/2020,"WAGONER","CITY OF TULSA",47208,"FOR MAYOR  CITY OF TULSA",,2,2,7,"RICCO WRIGHT",,0,0,0,0,WAGONER
8/25/2020,"WAGONER","CITY OF TULSA",47208,"FOR MAYOR  CITY OF TULSA",,2,2,8,"TY WALKER",,0,0,0,0,WAGONER
8/25/2020,"WAGONER","CITY OF TULSA",47214,"FOR COUNCIL DISTRICT 6  CITY OF TULSA",,2,2,1,"CHRISTIAN BENGEL",,0,0,4,4,WAGONER
8/25/2020,"WAGONER","CITY OF TULSA",47214,"FOR COUNCIL DISTRICT 6  CITY OF TULSA",,2,2,2,"CONNIE DODSON",,0,0,5,5,WAGONER
8/25/2020,"WAGONER","CITY OF TULSA",47214,"FOR COUNCIL DISTRICT 6  CITY OF TULSA",,2,2,3,"CHEYENNA MORGAN",,0,0,1,1,WAGONER
8/25/2020,"WAGONER","CITY OF TULSA",47219,"PROPOSITION NO. 1 TULSA CITY CHARTER AMENDMENT  CITY OF TULSA",,2,2,1,"FOR THE PROPOSITION - YES",,0,0,3,3,,
8/25/2020,"WAGONER","CITY OF TULSA",47219,"PROPOSITION NO. 1 TULSA CITY CHARTER AMENDMENT  CITY OF TULSA",,2,2,2,"AGAINST THE PROPOSITION - NO",,0,0,6,6,,
8/25/2020,"WAGONER","CITY OF TULSA",47220,"PROPOSITION NO. 2 TULSA CITY CHARTER AMENDMENT  CITY OF TULSA",,2,2,1,"FOR THE PROPOSITION - YES",,0,0,5,5,,
8/25/2020,"WAGONER","CITY OF TULSA",47220,"PROPOSITION NO. 2 TULSA CITY CHARTER AMENDMENT  CITY OF TULSA",,2,2,2,"AGAINST THE PROPOSITION - NO",,0,0,5,5,,
8/25/2020,"WAGONER","CITY OF TULSA",47221,"PROPOSITION NO. 3 TULSA CITY CHARTER AMENDMENT  CITY OF TULSA",,2,2,1,"FOR THE PROPOSITION - YES",,0,0,5,5,,
8/25/2020,"WAGONER","CITY OF TULSA",47221,"PROPOSITION NO. 3 TULSA CITY CHARTER AMENDMENT  CITY OF TULSA",,2,2,2,"AGAINST THE PROPOSITION - NO",,0,0,5,5,,
8/25/2020,"WAGONER","CITY OF TULSA",47222,"PROPOSITION NO. 4 TULSA CITY CHARTER AMENDMENT  CITY OF TULSA",,2,2,1,"FOR THE PROPOSITION - YES",,0,0,6,6,,
8/25/2020,"WAGONER","CITY OF TULSA",47222,"PROPOSITION NO. 4 TULSA CITY CHARTER AMENDMENT  CITY OF TULSA",,2,2,2,"AGAINST THE PROPOSITION - NO",,0,0,4,4,,
8/25/2020,"WAGONER","CITY OF TULSA",47223,"PROPOSITION NO. 5 TULSA CITY CHARTER AMENDMENT  CITY OF TULSA",,2,2,1,"FOR THE PROPOSITION - YES",,0,0,6,6,,
8/25/2020,"WAGONER","CITY OF TULSA",47223,"PROPOSITION NO. 5 TULSA CITY CHARTER AMENDMENT  CITY OF TULSA",,2,2,2,"AGAINST THE PROPOSITION - NO",,0,0,4,4,,
8/25/2020,"WAGONER","CITY OF COWETA",47301,"PROPOSITION  CITY OF COWETA",,6,6,1,"FOR THE PROPOSITION - YES",,48,0,189,237,,
8/25/2020,"WAGONER","CITY OF COWETA",47301,"PROPOSITION  CITY OF COWETA",,6,6,2,"AGAINST THE PROPOSITION - NO",,14,0,39,53,,
8/25/2020,"WASHINGTON","WASHINGTON COUNTY",12284,"FOR COUNTY SHERIFF",REP,23,23,1,"SCOTT OWEN",REP,250,159,2595,3004,WASHINGTON
8/25/2020,"WASHINGTON","WASHINGTON COUNTY",12284,"FOR COUNTY SHERIFF",REP,23,23,2,"JEFF FESLER",REP,145,69,1592,1806,WASHINGTON
8/25/2020,"WASHINGTON","CITY OF BARTLESVILLE",47401,"PROPOSITION NO. 1 PUBLIC SAFETY BUILDINGS AND FACILITIES PROJECTS  CITY OF BARTLESVILLE",,16,16,1,"FOR THE PROPOSITION - YES",,513,178,2372,3063,,
8/25/2020,"WASHINGTON","CITY OF BARTLESVILLE",47401,"PROPOSITION NO. 1 PUBLIC SAFETY BUILDINGS AND FACILITIES PROJECTS  CITY OF BARTLESVILLE",,16,16,2,"AGAINST THE PROPOSITION - NO",,213,71,1277,1561,,
8/25/2020,"WASHINGTON","CITY OF BARTLESVILLE",47402,"PROPOSITION NO. 2 MUNICIPAL BUILDINGS AND FACILITIES PROJECTS  CITY OF BARTLESVILLE",,16,16,1,"FOR THE PROPOSITION - YES",,516,170,2313,2999,,
8/25/2020,"WASHINGTON","CITY OF BARTLESVILLE",47402,"PROPOSITION NO. 2 MUNICIPAL BUILDINGS AND FACILITIES PROJECTS  CITY OF BARTLESVILLE",,16,16,2,"AGAINST THE PROPOSITION - NO",,212,79,1340,1631,,
8/25/2020,"WASHINGTON","CITY OF BARTLESVILLE",47403,"PROPOSITION NO. 3 STREET AND BRIDGE PROJECTS  CITY OF BARTLESVILLE",,16,16,1,"FOR THE PROPOSITION - YES",,630,200,2881,3711,,
8/25/2020,"WASHINGTON","CITY OF BARTLESVILLE",47403,"PROPOSITION NO. 3 STREET AND BRIDGE PROJECTS  CITY OF BARTLESVILLE",,16,16,2,"AGAINST THE PROPOSITION - NO",,97,50,777,924,,
8/25/2020,"WASHINGTON","CITY OF BARTLESVILLE",47404,"PROPOSITION NO. 4 PARKS AND RECREATIONAL FACILITIES PROJECTS  CITY OF BARTLESVILLE",,16,16,1,"FOR THE PROPOSITION - YES",,524,178,2341,3043,,
8/25/2020,"WASHINGTON","CITY OF BARTLESVILLE",47404,"PROPOSITION NO. 4 PARKS AND RECREATIONAL FACILITIES PROJECTS  CITY OF BARTLESVILLE",,16,16,2,"AGAINST THE PROPOSITION - NO",,174,69,1138,1381,,
8/25/2020,"WASHINGTON","CITY OF BARTLESVILLE",47405,"PROPOSITION NO. 5  CITY OF BARTLESVILLE",,16,16,1,"FOR THE PROPOSITION - YES",,527,170,2240,2937,,
8/25/2020,"WASHINGTON","CITY OF BARTLESVILLE",47405,"PROPOSITION NO. 5  CITY OF BARTLESVILLE",,16,16,2,"AGAINST THE PROPOSITION - NO",,172,77,1236,1485,,
8/25/2020,"WASHINGTON","COPAN PUBLIC SCHOOLS INDEPENDENT SCHOOL DISTRICT NO. 004",57401,"PROPOSITION NO. 1  COPAN PUBLIC SCHOOLS",,3,3,1,"FOR THE PROPOSITION - YES",,8,4,242,254,,
8/25/2020,"WASHINGTON","COPAN PUBLIC SCHOOLS INDEPENDENT SCHOOL DISTRICT NO. 004",57401,"PROPOSITION NO. 1  COPAN PUBLIC SCHOOLS",,3,3,2,"AGAINST THE PROPOSITION - NO",,4,1,138,143,,
8/25/2020,"WASHINGTON","COPAN PUBLIC SCHOOLS INDEPENDENT SCHOOL DISTRICT NO. 004",57402,"PROPOSITION NO. 2  COPAN PUBLIC SCHOOLS",,3,3,1,"FOR THE PROPOSITION - YES",,9,4,242,255,,
8/25/2020,"WASHINGTON","COPAN PUBLIC SCHOOLS INDEPENDENT SCHOOL DISTRICT NO. 004",57402,"PROPOSITION NO. 2  COPAN PUBLIC SCHOOLS",,3,3,2,"AGAINST THE PROPOSITION - NO",,3,2,138,143,,
8/25/2020,"WASHITA","CANUTE PUBLIC SCHOOLS INDEPENDENT SCHOOL DISTRICT NO. 011",57501,"PROPOSITION NO. 1  CANUTE PUBLIC SCHOOLS",,3,3,1,"FOR THE PROPOSITION - YES",,9,0,154,163,,
8/25/2020,"WASHITA","CANUTE PUBLIC SCHOOLS INDEPENDENT SCHOOL DISTRICT NO. 011",57501,"PROPOSITION NO. 1  CANUTE PUBLIC SCHOOLS",,3,3,2,"AGAINST THE PROPOSITION - NO",,9,0,126,135,,
8/25/2020,"WASHITA","CANUTE PUBLIC SCHOOLS INDEPENDENT SCHOOL DISTRICT NO. 011",57502,"PROPOSITION NO. 2  CANUTE PUBLIC SCHOOLS",,3,3,1,"FOR THE PROPOSITION - YES",,9,0,155,164,,
8/25/2020,"WASHITA","CANUTE PUBLIC SCHOOLS INDEPENDENT SCHOOL DISTRICT NO. 011",57502,"PROPOSITION NO. 2  CANUTE PUBLIC SCHOOLS",,3,3,2,"AGAINST THE PROPOSITION - NO",,9,0,125,134,,
8/25/2020,"WOODWARD","WOODWARD PUBLIC SCHOOLS INDEPENDENT SCHOOL DISTRICT NO. 001",57701,"PROPOSITION NO. 1  WOODWARD PUBLIC SCHOOLS",,10,10,1,"FOR THE PROPOSITION - YES",,36,56,823,915,,
8/25/2020,"WOODWARD","WOODWARD PUBLIC SCHOOLS INDEPENDENT SCHOOL DISTRICT NO. 001",57701,"PROPOSITION NO. 1  WOODWARD PUBLIC SCHOOLS",,10,10,2,"AGAINST THE PROPOSITION - NO",,65,93,903,1061,,
8/25/2020,"WOODWARD","WOODWARD PUBLIC SCHOOLS INDEPENDENT SCHOOL DISTRICT NO. 001",57702,"PROPOSITION NO. 2  WOODWARD PUBLIC SCHOOLS",,10,10,1,"FOR THE PROPOSITION - YES",,44,81,937,1062,,
8/25/2020,"WOODWARD","WOODWARD PUBLIC SCHOOLS INDEPENDENT SCHOOL DISTRICT NO. 001",57702,"PROPOSITION NO. 2  WOODWARD PUBLIC SCHOOLS",,10,10,2,"AGAINST THE PROPOSITION - NO",,58,68,792,918,,
