elec_date,precinct,entity_description,race_number,race_description,race_party,tot_race_prec,race_prec_reporting,cand_number,cand_name,cand_party,cand_absmail_votes,cand_early_votes,cand_elecday_votes,cand_tot_votes,race_county_owner
1/8/2019,"080510","FLETCHER PUBLIC SCHOOLS INDEPENDENT SCHOOL DISTRICT NO. 009",51601,"PROPOSITION  FLETCHER PUBLIC SCHOOLS",,5,5,1,"FOR THE PROPOSITION - YES",,0,0,0,0,,
1/8/2019,"080510","FLETCHER PUBLIC SCHOOLS INDEPENDENT SCHOOL DISTRICT NO. 009",51601,"PROPOSITION  FLETCHER PUBLIC SCHOOLS",,5,5,2,"AGAINST THE PROPOSITION - NO",,0,0,0,0,,
1/8/2019,"140029","LEXINGTON PUBLIC SCHOOLS INDEPENDENT SCHOOL DISTRICT NO. 057",51401,"PROPOSITION  LEXINGTON PUBLIC SCHOOLS",,2,2,1,"FOR THE PROPOSITION - YES",,0,0,1,1,,
1/8/2019,"140029","LEXINGTON PUBLIC SCHOOLS INDEPENDENT SCHOOL DISTRICT NO. 057",51401,"PROPOSITION  LEXINGTON PUBLIC SCHOOLS",,2,2,2,"AGAINST THE PROPOSITION - NO",,1,0,0,1,,
1/8/2019,"140034","LEXINGTON PUBLIC SCHOOLS INDEPENDENT SCHOOL DISTRICT NO. 057",51401,"PROPOSITION  LEXINGTON PUBLIC SCHOOLS",,2,2,1,"FOR THE PROPOSITION - YES",,7,4,341,352,,
1/8/2019,"140034","LEXINGTON PUBLIC SCHOOLS INDEPENDENT SCHOOL DISTRICT NO. 057",51401,"PROPOSITION  LEXINGTON PUBLIC SCHOOLS",,2,2,2,"AGAINST THE PROPOSITION - NO",,6,0,54,60,,
1/8/2019,"160001","CITY OF LAWTON",41601,"PROPOSITION  CITY OF LAWTON",,28,28,1,"FOR THE PROPOSITION - YES",,17,3,66,86,,
1/8/2019,"160001","CITY OF LAWTON",41601,"PROPOSITION  CITY OF LAWTON",,28,28,2,"AGAINST THE PROPOSITION - NO",,6,3,52,61,,
1/8/2019,"160002","CITY OF LAWTON",41601,"PROPOSITION  CITY OF LAWTON",,28,28,1,"FOR THE PROPOSITION - YES",,4,1,35,40,,
1/8/2019,"160002","CITY OF LAWTON",41601,"PROPOSITION  CITY OF LAWTON",,28,28,2,"AGAINST THE PROPOSITION - NO",,3,0,40,43,,
1/8/2019,"160003","CITY OF LAWTON",41601,"PROPOSITION  CITY OF LAWTON",,28,28,1,"FOR THE PROPOSITION - YES",,9,1,32,42,,
1/8/2019,"160003","CITY OF LAWTON",41601,"PROPOSITION  CITY OF LAWTON",,28,28,2,"AGAINST THE PROPOSITION - NO",,2,3,16,21,,
1/8/2019,"160007","CITY OF LAWTON",41601,"PROPOSITION  CITY OF LAWTON",,28,28,1,"FOR THE PROPOSITION - YES",,1,1,40,42,,
1/8/2019,"160007","CITY OF LAWTON",41601,"PROPOSITION  CITY OF LAWTON",,28,28,2,"AGAINST THE PROPOSITION - NO",,4,1,25,30,,
1/8/2019,"160008","CITY OF LAWTON",41601,"PROPOSITION  CITY OF LAWTON",,28,28,1,"FOR THE PROPOSITION - YES",,5,2,97,104,,
1/8/2019,"160008","CITY OF LAWTON",41601,"PROPOSITION  CITY OF LAWTON",,28,28,2,"AGAINST THE PROPOSITION - NO",,4,3,44,51,,
1/8/2019,"160009","CITY OF LAWTON",41601,"PROPOSITION  CITY OF LAWTON",,28,28,1,"FOR THE PROPOSITION - YES",,4,4,41,49,,
1/8/2019,"160009","CITY OF LAWTON",41601,"PROPOSITION  CITY OF LAWTON",,28,28,2,"AGAINST THE PROPOSITION - NO",,1,1,45,47,,
1/8/2019,"160011","CITY OF LAWTON",41601,"PROPOSITION  CITY OF LAWTON",,28,28,1,"FOR THE PROPOSITION - YES",,4,2,33,39,,
1/8/2019,"160011","CITY OF LAWTON",41601,"PROPOSITION  CITY OF LAWTON",,28,28,2,"AGAINST THE PROPOSITION - NO",,4,0,32,36,,
1/8/2019,"160013","CITY OF LAWTON",41601,"PROPOSITION  CITY OF LAWTON",,28,28,1,"FOR THE PROPOSITION - YES",,7,0,32,39,,
1/8/2019,"160013","CITY OF LAWTON",41601,"PROPOSITION  CITY OF LAWTON",,28,28,2,"AGAINST THE PROPOSITION - NO",,5,0,47,52,,
1/8/2019,"160014","CITY OF LAWTON",41601,"PROPOSITION  CITY OF LAWTON",,28,28,1,"FOR THE PROPOSITION - YES",,0,0,0,0,,
1/8/2019,"160014","CITY OF LAWTON",41601,"PROPOSITION  CITY OF LAWTON",,28,28,2,"AGAINST THE PROPOSITION - NO",,0,0,0,0,,
1/8/2019,"160015","CITY OF LAWTON",41601,"PROPOSITION  CITY OF LAWTON",,28,28,1,"FOR THE PROPOSITION - YES",,14,3,58,75,,
1/8/2019,"160015","CITY OF LAWTON",41601,"PROPOSITION  CITY OF LAWTON",,28,28,2,"AGAINST THE PROPOSITION - NO",,2,2,38,42,,
1/8/2019,"160017","CITY OF LAWTON",41601,"PROPOSITION  CITY OF LAWTON",,28,28,1,"FOR THE PROPOSITION - YES",,8,5,66,79,,
1/8/2019,"160017","CITY OF LAWTON",41601,"PROPOSITION  CITY OF LAWTON",,28,28,2,"AGAINST THE PROPOSITION - NO",,9,1,41,51,,
1/8/2019,"160019","CITY OF LAWTON",41601,"PROPOSITION  CITY OF LAWTON",,28,28,1,"FOR THE PROPOSITION - YES",,2,2,49,53,,
1/8/2019,"160019","CITY OF LAWTON",41601,"PROPOSITION  CITY OF LAWTON",,28,28,2,"AGAINST THE PROPOSITION - NO",,0,3,35,38,,
1/8/2019,"160020","CITY OF LAWTON",41601,"PROPOSITION  CITY OF LAWTON",,28,28,1,"FOR THE PROPOSITION - YES",,4,2,25,31,,
1/8/2019,"160020","CITY OF LAWTON",41601,"PROPOSITION  CITY OF LAWTON",,28,28,2,"AGAINST THE PROPOSITION - NO",,1,1,24,26,,
1/8/2019,"160021","CITY OF LAWTON",41601,"PROPOSITION  CITY OF LAWTON",,28,28,1,"FOR THE PROPOSITION - YES",,2,3,30,35,,
1/8/2019,"160021","CITY OF LAWTON",41601,"PROPOSITION  CITY OF LAWTON",,28,28,2,"AGAINST THE PROPOSITION - NO",,1,1,25,27,,
1/8/2019,"160025","CITY OF LAWTON",41601,"PROPOSITION  CITY OF LAWTON",,28,28,1,"FOR THE PROPOSITION - YES",,3,0,16,19,,
1/8/2019,"160025","CITY OF LAWTON",41601,"PROPOSITION  CITY OF LAWTON",,28,28,2,"AGAINST THE PROPOSITION - NO",,1,1,5,7,,
1/8/2019,"160026","CITY OF LAWTON",41601,"PROPOSITION  CITY OF LAWTON",,28,28,1,"FOR THE PROPOSITION - YES",,0,0,17,17,,
1/8/2019,"160026","CITY OF LAWTON",41601,"PROPOSITION  CITY OF LAWTON",,28,28,2,"AGAINST THE PROPOSITION - NO",,0,3,18,21,,
1/8/2019,"160027","CITY OF LAWTON",41601,"PROPOSITION  CITY OF LAWTON",,28,28,1,"FOR THE PROPOSITION - YES",,3,0,12,15,,
1/8/2019,"160027","CITY OF LAWTON",41601,"PROPOSITION  CITY OF LAWTON",,28,28,2,"AGAINST THE PROPOSITION - NO",,1,0,19,20,,
1/8/2019,"160029","CITY OF LAWTON",41601,"PROPOSITION  CITY OF LAWTON",,28,28,1,"FOR THE PROPOSITION - YES",,2,0,13,15,,
1/8/2019,"160029","CITY OF LAWTON",41601,"PROPOSITION  CITY OF LAWTON",,28,28,2,"AGAINST THE PROPOSITION - NO",,0,0,3,3,,
1/8/2019,"160030","CITY OF LAWTON",41601,"PROPOSITION  CITY OF LAWTON",,28,28,1,"FOR THE PROPOSITION - YES",,0,0,15,15,,
1/8/2019,"160030","CITY OF LAWTON",41601,"PROPOSITION  CITY OF LAWTON",,28,28,2,"AGAINST THE PROPOSITION - NO",,1,0,13,14,,
1/8/2019,"160031","CITY OF LAWTON",41601,"PROPOSITION  CITY OF LAWTON",,28,28,1,"FOR THE PROPOSITION - YES",,24,14,105,143,,
1/8/2019,"160031","CITY OF LAWTON",41601,"PROPOSITION  CITY OF LAWTON",,28,28,2,"AGAINST THE PROPOSITION - NO",,5,6,69,80,,
1/8/2019,"160032","CITY OF LAWTON",41601,"PROPOSITION  CITY OF LAWTON",,28,28,1,"FOR THE PROPOSITION - YES",,0,0,3,3,,
1/8/2019,"160032","CITY OF LAWTON",41601,"PROPOSITION  CITY OF LAWTON",,28,28,2,"AGAINST THE PROPOSITION - NO",,0,0,1,1,,
1/8/2019,"160033","CITY OF LAWTON",41601,"PROPOSITION  CITY OF LAWTON",,28,28,1,"FOR THE PROPOSITION - YES",,7,0,14,21,,
1/8/2019,"160033","CITY OF LAWTON",41601,"PROPOSITION  CITY OF LAWTON",,28,28,2,"AGAINST THE PROPOSITION - NO",,3,1,7,11,,
1/8/2019,"160034","CITY OF LAWTON",41601,"PROPOSITION  CITY OF LAWTON",,28,28,1,"FOR THE PROPOSITION - YES",,7,2,53,62,,
1/8/2019,"160034","CITY OF LAWTON",41601,"PROPOSITION  CITY OF LAWTON",,28,28,2,"AGAINST THE PROPOSITION - NO",,3,3,58,64,,
1/8/2019,"160038","FLETCHER PUBLIC SCHOOLS INDEPENDENT SCHOOL DISTRICT NO. 009",51601,"PROPOSITION  FLETCHER PUBLIC SCHOOLS",,5,5,1,"FOR THE PROPOSITION - YES",,0,0,0,0,,
1/8/2019,"160038","FLETCHER PUBLIC SCHOOLS INDEPENDENT SCHOOL DISTRICT NO. 009",51601,"PROPOSITION  FLETCHER PUBLIC SCHOOLS",,5,5,2,"AGAINST THE PROPOSITION - NO",,0,0,0,0,,
1/8/2019,"160039","FLETCHER PUBLIC SCHOOLS INDEPENDENT SCHOOL DISTRICT NO. 009",51601,"PROPOSITION  FLETCHER PUBLIC SCHOOLS",,5,5,1,"FOR THE PROPOSITION - YES",,0,0,211,211,,
1/8/2019,"160039","FLETCHER PUBLIC SCHOOLS INDEPENDENT SCHOOL DISTRICT NO. 009",51601,"PROPOSITION  FLETCHER PUBLIC SCHOOLS",,5,5,2,"AGAINST THE PROPOSITION - NO",,0,0,2,2,,
1/8/2019,"160040","FLETCHER PUBLIC SCHOOLS INDEPENDENT SCHOOL DISTRICT NO. 009",51601,"PROPOSITION  FLETCHER PUBLIC SCHOOLS",,5,5,1,"FOR THE PROPOSITION - YES",,0,0,12,12,,
1/8/2019,"160040","FLETCHER PUBLIC SCHOOLS INDEPENDENT SCHOOL DISTRICT NO. 009",51601,"PROPOSITION  FLETCHER PUBLIC SCHOOLS",,5,5,2,"AGAINST THE PROPOSITION - NO",,0,0,3,3,,
1/8/2019,"160042","CITY OF LAWTON",41601,"PROPOSITION  CITY OF LAWTON",,28,28,1,"FOR THE PROPOSITION - YES",,0,0,0,0,,
1/8/2019,"160042","CITY OF LAWTON",41601,"PROPOSITION  CITY OF LAWTON",,28,28,2,"AGAINST THE PROPOSITION - NO",,0,0,0,0,,
1/8/2019,"160043","CITY OF LAWTON",41601,"PROPOSITION  CITY OF LAWTON",,28,28,1,"FOR THE PROPOSITION - YES",,0,0,4,4,,
1/8/2019,"160043","CITY OF LAWTON",41601,"PROPOSITION  CITY OF LAWTON",,28,28,2,"AGAINST THE PROPOSITION - NO",,0,0,6,6,,
1/8/2019,"160045","CITY OF LAWTON",41601,"PROPOSITION  CITY OF LAWTON",,28,28,1,"FOR THE PROPOSITION - YES",,2,1,6,9,,
1/8/2019,"160045","CITY OF LAWTON",41601,"PROPOSITION  CITY OF LAWTON",,28,28,2,"AGAINST THE PROPOSITION - NO",,0,0,6,6,,
1/8/2019,"160050","CITY OF LAWTON",41601,"PROPOSITION  CITY OF LAWTON",,28,28,1,"FOR THE PROPOSITION - YES",,18,7,117,142,,
1/8/2019,"160050","CITY OF LAWTON",41601,"PROPOSITION  CITY OF LAWTON",,28,28,2,"AGAINST THE PROPOSITION - NO",,2,1,65,68,,
1/8/2019,"160051","CITY OF LAWTON",41601,"PROPOSITION  CITY OF LAWTON",,28,28,1,"FOR THE PROPOSITION - YES",,0,0,0,0,,
1/8/2019,"160051","CITY OF LAWTON",41601,"PROPOSITION  CITY OF LAWTON",,28,28,2,"AGAINST THE PROPOSITION - NO",,0,0,0,0,,
1/8/2019,"240310","DRUMMOND PUBLIC SCHOOLS INDEPENDENT SCHOOL DISTRICT NO. 085",52401,"PROPOSITION NO. 1  DRUMMOND PUBLIC SCHOOLS",,4,4,1,"FOR THE PROPOSITION - YES",,3,0,167,170,,
1/8/2019,"240310","DRUMMOND PUBLIC SCHOOLS INDEPENDENT SCHOOL DISTRICT NO. 085",52401,"PROPOSITION NO. 1  DRUMMOND PUBLIC SCHOOLS",,4,4,2,"AGAINST THE PROPOSITION - NO",,3,0,17,20,,
1/8/2019,"240310","DRUMMOND PUBLIC SCHOOLS INDEPENDENT SCHOOL DISTRICT NO. 085",52402,"PROPOSITION NO. 2  DRUMMOND PUBLIC SCHOOLS",,4,4,1,"FOR THE PROPOSITION - YES",,4,0,167,171,,
1/8/2019,"240310","DRUMMOND PUBLIC SCHOOLS INDEPENDENT SCHOOL DISTRICT NO. 085",52402,"PROPOSITION NO. 2  DRUMMOND PUBLIC SCHOOLS",,4,4,2,"AGAINST THE PROPOSITION - NO",,3,0,15,18,,
1/8/2019,"240311","DRUMMOND PUBLIC SCHOOLS INDEPENDENT SCHOOL DISTRICT NO. 085",52401,"PROPOSITION NO. 1  DRUMMOND PUBLIC SCHOOLS",,4,4,1,"FOR THE PROPOSITION - YES",,0,0,0,0,,
1/8/2019,"240311","DRUMMOND PUBLIC SCHOOLS INDEPENDENT SCHOOL DISTRICT NO. 085",52401,"PROPOSITION NO. 1  DRUMMOND PUBLIC SCHOOLS",,4,4,2,"AGAINST THE PROPOSITION - NO",,0,0,0,0,,
1/8/2019,"240311","DRUMMOND PUBLIC SCHOOLS INDEPENDENT SCHOOL DISTRICT NO. 085",52402,"PROPOSITION NO. 2  DRUMMOND PUBLIC SCHOOLS",,4,4,1,"FOR THE PROPOSITION - YES",,0,0,0,0,,
1/8/2019,"240311","DRUMMOND PUBLIC SCHOOLS INDEPENDENT SCHOOL DISTRICT NO. 085",52402,"PROPOSITION NO. 2  DRUMMOND PUBLIC SCHOOLS",,4,4,2,"AGAINST THE PROPOSITION - NO",,0,0,0,0,,
1/8/2019,"260016","RUSH SPRINGS PUBLIC SCHOOLS INDEPENDENT SCHOOL DISTRICT NO. 068",52601,"PROPOSITION  RUSH SPRINGS PUBLIC SCHOOLS",,4,4,1,"FOR THE PROPOSITION - YES",,2,0,1,3,,
1/8/2019,"260016","RUSH SPRINGS PUBLIC SCHOOLS INDEPENDENT SCHOOL DISTRICT NO. 068",52601,"PROPOSITION  RUSH SPRINGS PUBLIC SCHOOLS",,4,4,2,"AGAINST THE PROPOSITION - NO",,0,0,0,0,,
1/8/2019,"260023","RUSH SPRINGS PUBLIC SCHOOLS INDEPENDENT SCHOOL DISTRICT NO. 068",52601,"PROPOSITION  RUSH SPRINGS PUBLIC SCHOOLS",,4,4,1,"FOR THE PROPOSITION - YES",,1,0,5,6,,
1/8/2019,"260023","RUSH SPRINGS PUBLIC SCHOOLS INDEPENDENT SCHOOL DISTRICT NO. 068",52601,"PROPOSITION  RUSH SPRINGS PUBLIC SCHOOLS",,4,4,2,"AGAINST THE PROPOSITION - NO",,0,0,2,2,,
1/8/2019,"260026","RUSH SPRINGS PUBLIC SCHOOLS INDEPENDENT SCHOOL DISTRICT NO. 068",52601,"PROPOSITION  RUSH SPRINGS PUBLIC SCHOOLS",,4,4,1,"FOR THE PROPOSITION - YES",,0,1,20,21,,
1/8/2019,"260026","RUSH SPRINGS PUBLIC SCHOOLS INDEPENDENT SCHOOL DISTRICT NO. 068",52601,"PROPOSITION  RUSH SPRINGS PUBLIC SCHOOLS",,4,4,2,"AGAINST THE PROPOSITION - NO",,0,3,9,12,,
1/8/2019,"260036","FLETCHER PUBLIC SCHOOLS INDEPENDENT SCHOOL DISTRICT NO. 009",51601,"PROPOSITION  FLETCHER PUBLIC SCHOOLS",,5,5,1,"FOR THE PROPOSITION - YES",,0,0,0,0,,
1/8/2019,"260036","FLETCHER PUBLIC SCHOOLS INDEPENDENT SCHOOL DISTRICT NO. 009",51601,"PROPOSITION  FLETCHER PUBLIC SCHOOLS",,5,5,2,"AGAINST THE PROPOSITION - NO",,0,0,0,0,,
1/8/2019,"260036","RUSH SPRINGS PUBLIC SCHOOLS INDEPENDENT SCHOOL DISTRICT NO. 068",52601,"PROPOSITION  RUSH SPRINGS PUBLIC SCHOOLS",,4,4,1,"FOR THE PROPOSITION - YES",,3,6,341,350,,
1/8/2019,"260036","RUSH SPRINGS PUBLIC SCHOOLS INDEPENDENT SCHOOL DISTRICT NO. 068",52601,"PROPOSITION  RUSH SPRINGS PUBLIC SCHOOLS",,4,4,2,"AGAINST THE PROPOSITION - NO",,10,2,287,299,,
1/8/2019,"370102","DOVER PUBLIC SCHOOLS INDEPENDENT SCHOOL DISTRICT NO. 002",53701,"PROPOSITION NO. 1  DOVER PUBLIC SCHOOLS",,5,5,1,"FOR THE PROPOSITION - YES",,0,0,0,0,,
1/8/2019,"370102","DOVER PUBLIC SCHOOLS INDEPENDENT SCHOOL DISTRICT NO. 002",53701,"PROPOSITION NO. 1  DOVER PUBLIC SCHOOLS",,5,5,2,"AGAINST THE PROPOSITION - NO",,0,0,0,0,,
1/8/2019,"370102","DOVER PUBLIC SCHOOLS INDEPENDENT SCHOOL DISTRICT NO. 002",53702,"PROPOSITION NO. 2  DOVER PUBLIC SCHOOLS",,5,5,1,"FOR THE PROPOSITION - YES",,0,0,0,0,,
1/8/2019,"370102","DOVER PUBLIC SCHOOLS INDEPENDENT SCHOOL DISTRICT NO. 002",53702,"PROPOSITION NO. 2  DOVER PUBLIC SCHOOLS",,5,5,2,"AGAINST THE PROPOSITION - NO",,0,0,0,0,,
1/8/2019,"370106","DOVER PUBLIC SCHOOLS INDEPENDENT SCHOOL DISTRICT NO. 002",53701,"PROPOSITION NO. 1  DOVER PUBLIC SCHOOLS",,5,5,1,"FOR THE PROPOSITION - YES",,0,0,6,6,,
1/8/2019,"370106","DOVER PUBLIC SCHOOLS INDEPENDENT SCHOOL DISTRICT NO. 002",53701,"PROPOSITION NO. 1  DOVER PUBLIC SCHOOLS",,5,5,2,"AGAINST THE PROPOSITION - NO",,0,0,0,0,,
1/8/2019,"370106","DOVER PUBLIC SCHOOLS INDEPENDENT SCHOOL DISTRICT NO. 002",53702,"PROPOSITION NO. 2  DOVER PUBLIC SCHOOLS",,5,5,1,"FOR THE PROPOSITION - YES",,0,0,6,6,,
1/8/2019,"370106","DOVER PUBLIC SCHOOLS INDEPENDENT SCHOOL DISTRICT NO. 002",53702,"PROPOSITION NO. 2  DOVER PUBLIC SCHOOLS",,5,5,2,"AGAINST THE PROPOSITION - NO",,0,0,0,0,,
1/8/2019,"370201","DRUMMOND PUBLIC SCHOOLS INDEPENDENT SCHOOL DISTRICT NO. 085",52401,"PROPOSITION NO. 1  DRUMMOND PUBLIC SCHOOLS",,4,4,1,"FOR THE PROPOSITION - YES",,0,0,0,0,,
1/8/2019,"370201","DRUMMOND PUBLIC SCHOOLS INDEPENDENT SCHOOL DISTRICT NO. 085",52401,"PROPOSITION NO. 1  DRUMMOND PUBLIC SCHOOLS",,4,4,2,"AGAINST THE PROPOSITION - NO",,0,0,0,0,,
1/8/2019,"370201","DRUMMOND PUBLIC SCHOOLS INDEPENDENT SCHOOL DISTRICT NO. 085",52402,"PROPOSITION NO. 2  DRUMMOND PUBLIC SCHOOLS",,4,4,1,"FOR THE PROPOSITION - YES",,0,0,0,0,,
1/8/2019,"370201","DRUMMOND PUBLIC SCHOOLS INDEPENDENT SCHOOL DISTRICT NO. 085",52402,"PROPOSITION NO. 2  DRUMMOND PUBLIC SCHOOLS",,4,4,2,"AGAINST THE PROPOSITION - NO",,0,0,0,0,,
1/8/2019,"370203","DOVER PUBLIC SCHOOLS INDEPENDENT SCHOOL DISTRICT NO. 002",53701,"PROPOSITION NO. 1  DOVER PUBLIC SCHOOLS",,5,5,1,"FOR THE PROPOSITION - YES",,0,2,7,9,,
1/8/2019,"370203","DOVER PUBLIC SCHOOLS INDEPENDENT SCHOOL DISTRICT NO. 002",53701,"PROPOSITION NO. 1  DOVER PUBLIC SCHOOLS",,5,5,2,"AGAINST THE PROPOSITION - NO",,0,0,0,0,,
1/8/2019,"370203","DOVER PUBLIC SCHOOLS INDEPENDENT SCHOOL DISTRICT NO. 002",53702,"PROPOSITION NO. 2  DOVER PUBLIC SCHOOLS",,5,5,1,"FOR THE PROPOSITION - YES",,0,2,7,9,,
1/8/2019,"370203","DOVER PUBLIC SCHOOLS INDEPENDENT SCHOOL DISTRICT NO. 002",53702,"PROPOSITION NO. 2  DOVER PUBLIC SCHOOLS",,5,5,2,"AGAINST THE PROPOSITION - NO",,0,0,0,0,,
1/8/2019,"370204","DOVER PUBLIC SCHOOLS INDEPENDENT SCHOOL DISTRICT NO. 002",53701,"PROPOSITION NO. 1  DOVER PUBLIC SCHOOLS",,5,5,1,"FOR THE PROPOSITION - YES",,0,0,68,68,,
1/8/2019,"370204","DOVER PUBLIC SCHOOLS INDEPENDENT SCHOOL DISTRICT NO. 002",53701,"PROPOSITION NO. 1  DOVER PUBLIC SCHOOLS",,5,5,2,"AGAINST THE PROPOSITION - NO",,0,1,3,4,,
1/8/2019,"370204","DOVER PUBLIC SCHOOLS INDEPENDENT SCHOOL DISTRICT NO. 002",53702,"PROPOSITION NO. 2  DOVER PUBLIC SCHOOLS",,5,5,1,"FOR THE PROPOSITION - YES",,0,0,68,68,,
1/8/2019,"370204","DOVER PUBLIC SCHOOLS INDEPENDENT SCHOOL DISTRICT NO. 002",53702,"PROPOSITION NO. 2  DOVER PUBLIC SCHOOLS",,5,5,2,"AGAINST THE PROPOSITION - NO",,0,1,3,4,,
1/8/2019,"370305","DOVER PUBLIC SCHOOLS INDEPENDENT SCHOOL DISTRICT NO. 002",53701,"PROPOSITION NO. 1  DOVER PUBLIC SCHOOLS",,5,5,1,"FOR THE PROPOSITION - YES",,0,0,1,1,,
1/8/2019,"370305","DOVER PUBLIC SCHOOLS INDEPENDENT SCHOOL DISTRICT NO. 002",53701,"PROPOSITION NO. 1  DOVER PUBLIC SCHOOLS",,5,5,2,"AGAINST THE PROPOSITION - NO",,0,0,0,0,,
1/8/2019,"370305","DOVER PUBLIC SCHOOLS INDEPENDENT SCHOOL DISTRICT NO. 002",53702,"PROPOSITION NO. 2  DOVER PUBLIC SCHOOLS",,5,5,1,"FOR THE PROPOSITION - YES",,0,0,1,1,,
1/8/2019,"370305","DOVER PUBLIC SCHOOLS INDEPENDENT SCHOOL DISTRICT NO. 002",53702,"PROPOSITION NO. 2  DOVER PUBLIC SCHOOLS",,5,5,2,"AGAINST THE PROPOSITION - NO",,0,0,0,0,,
1/8/2019,"400108","TOWN OF ARKOMA",44001,"PROPOSITION  TOWN OF ARKOMA",,1,1,1,"FOR THE PROPOSITION - YES",,0,0,71,71,,
1/8/2019,"400108","TOWN OF ARKOMA",44001,"PROPOSITION  TOWN OF ARKOMA",,1,1,2,"AGAINST THE PROPOSITION - NO",,0,0,0,0,,
1/8/2019,"400109","POTEAU PUBLIC SCHOOLS INDEPENDENT SCHOOL DISTRICT NO. 029",54001,"PROPOSITION  POTEAU PUBLIC SCHOOLS",,9,9,1,"FOR THE PROPOSITION - YES",,0,0,0,0,,
1/8/2019,"400109","POTEAU PUBLIC SCHOOLS INDEPENDENT SCHOOL DISTRICT NO. 029",54001,"PROPOSITION  POTEAU PUBLIC SCHOOLS",,9,9,2,"AGAINST THE PROPOSITION - NO",,0,0,0,0,,
1/8/2019,"400111","POTEAU PUBLIC SCHOOLS INDEPENDENT SCHOOL DISTRICT NO. 029",54001,"PROPOSITION  POTEAU PUBLIC SCHOOLS",,9,9,1,"FOR THE PROPOSITION - YES",,0,1,22,23,,
1/8/2019,"400111","POTEAU PUBLIC SCHOOLS INDEPENDENT SCHOOL DISTRICT NO. 029",54001,"PROPOSITION  POTEAU PUBLIC SCHOOLS",,9,9,2,"AGAINST THE PROPOSITION - NO",,0,1,7,8,,
1/8/2019,"400203","POTEAU PUBLIC SCHOOLS INDEPENDENT SCHOOL DISTRICT NO. 029",54001,"PROPOSITION  POTEAU PUBLIC SCHOOLS",,9,9,1,"FOR THE PROPOSITION - YES",,1,17,299,317,,
1/8/2019,"400203","POTEAU PUBLIC SCHOOLS INDEPENDENT SCHOOL DISTRICT NO. 029",54001,"PROPOSITION  POTEAU PUBLIC SCHOOLS",,9,9,2,"AGAINST THE PROPOSITION - NO",,3,6,183,192,,
1/8/2019,"400204","POTEAU PUBLIC SCHOOLS INDEPENDENT SCHOOL DISTRICT NO. 029",54001,"PROPOSITION  POTEAU PUBLIC SCHOOLS",,9,9,1,"FOR THE PROPOSITION - YES",,1,9,158,168,,
1/8/2019,"400204","POTEAU PUBLIC SCHOOLS INDEPENDENT SCHOOL DISTRICT NO. 029",54001,"PROPOSITION  POTEAU PUBLIC SCHOOLS",,9,9,2,"AGAINST THE PROPOSITION - NO",,0,8,83,91,,
1/8/2019,"400205","POTEAU PUBLIC SCHOOLS INDEPENDENT SCHOOL DISTRICT NO. 029",54001,"PROPOSITION  POTEAU PUBLIC SCHOOLS",,9,9,1,"FOR THE PROPOSITION - YES",,1,0,47,48,,
1/8/2019,"400205","POTEAU PUBLIC SCHOOLS INDEPENDENT SCHOOL DISTRICT NO. 029",54001,"PROPOSITION  POTEAU PUBLIC SCHOOLS",,9,9,2,"AGAINST THE PROPOSITION - NO",,0,1,46,47,,
1/8/2019,"400207","POTEAU PUBLIC SCHOOLS INDEPENDENT SCHOOL DISTRICT NO. 029",54001,"PROPOSITION  POTEAU PUBLIC SCHOOLS",,9,9,1,"FOR THE PROPOSITION - YES",,0,8,136,144,,
1/8/2019,"400207","POTEAU PUBLIC SCHOOLS INDEPENDENT SCHOOL DISTRICT NO. 029",54001,"PROPOSITION  POTEAU PUBLIC SCHOOLS",,9,9,2,"AGAINST THE PROPOSITION - NO",,0,6,105,111,,
1/8/2019,"400208","POTEAU PUBLIC SCHOOLS INDEPENDENT SCHOOL DISTRICT NO. 029",54001,"PROPOSITION  POTEAU PUBLIC SCHOOLS",,9,9,1,"FOR THE PROPOSITION - YES",,0,9,66,75,,
1/8/2019,"400208","POTEAU PUBLIC SCHOOLS INDEPENDENT SCHOOL DISTRICT NO. 029",54001,"PROPOSITION  POTEAU PUBLIC SCHOOLS",,9,9,2,"AGAINST THE PROPOSITION - NO",,0,3,67,70,,
1/8/2019,"400210","POTEAU PUBLIC SCHOOLS INDEPENDENT SCHOOL DISTRICT NO. 029",54001,"PROPOSITION  POTEAU PUBLIC SCHOOLS",,9,9,1,"FOR THE PROPOSITION - YES",,0,4,47,51,,
1/8/2019,"400210","POTEAU PUBLIC SCHOOLS INDEPENDENT SCHOOL DISTRICT NO. 029",54001,"PROPOSITION  POTEAU PUBLIC SCHOOLS",,9,9,2,"AGAINST THE PROPOSITION - NO",,1,9,37,47,,
1/8/2019,"400212","POTEAU PUBLIC SCHOOLS INDEPENDENT SCHOOL DISTRICT NO. 029",54001,"PROPOSITION  POTEAU PUBLIC SCHOOLS",,9,9,1,"FOR THE PROPOSITION - YES",,2,14,24,40,,
1/8/2019,"400212","POTEAU PUBLIC SCHOOLS INDEPENDENT SCHOOL DISTRICT NO. 029",54001,"PROPOSITION  POTEAU PUBLIC SCHOOLS",,9,9,2,"AGAINST THE PROPOSITION - NO",,0,2,8,10,,
1/8/2019,"410008","TOWN OF WELLSTON",44101,"PROPOSITION NO. 1  TOWN OF WELLSTON",,1,1,1,"FOR THE PROPOSITION - YES",,0,0,29,29,,
1/8/2019,"410008","TOWN OF WELLSTON",44101,"PROPOSITION NO. 1  TOWN OF WELLSTON",,1,1,2,"AGAINST THE PROPOSITION - NO",,0,0,27,27,,
1/8/2019,"410008","TOWN OF WELLSTON",44102,"PROPOSITION NO. 2  TOWN OF WELLSTON",,1,1,1,"FOR THE PROPOSITION - YES",,0,0,29,29,,
1/8/2019,"410008","TOWN OF WELLSTON",44102,"PROPOSITION NO. 2  TOWN OF WELLSTON",,1,1,2,"AGAINST THE PROPOSITION - NO",,0,0,27,27,,
1/8/2019,"410008","LUTHER PUBLIC SCHOOLS INDEPENDENT SCHOOL DISTRICT NO. 003",55501,"PROPOSITION  LUTHER PUBLIC SCHOOLS",,9,9,1,"FOR THE PROPOSITION - YES",,0,0,10,10,,
1/8/2019,"410008","LUTHER PUBLIC SCHOOLS INDEPENDENT SCHOOL DISTRICT NO. 003",55501,"PROPOSITION  LUTHER PUBLIC SCHOOLS",,9,9,2,"AGAINST THE PROPOSITION - NO",,0,0,4,4,,
1/8/2019,"410020","LUTHER PUBLIC SCHOOLS INDEPENDENT SCHOOL DISTRICT NO. 003",55501,"PROPOSITION  LUTHER PUBLIC SCHOOLS",,9,9,1,"FOR THE PROPOSITION - YES",,0,0,1,1,,
1/8/2019,"410020","LUTHER PUBLIC SCHOOLS INDEPENDENT SCHOOL DISTRICT NO. 003",55501,"PROPOSITION  LUTHER PUBLIC SCHOOLS",,9,9,2,"AGAINST THE PROPOSITION - NO",,0,0,1,1,,
1/8/2019,"420203","LUTHER PUBLIC SCHOOLS INDEPENDENT SCHOOL DISTRICT NO. 003",55501,"PROPOSITION  LUTHER PUBLIC SCHOOLS",,9,9,1,"FOR THE PROPOSITION - YES",,0,0,18,18,,
1/8/2019,"420203","LUTHER PUBLIC SCHOOLS INDEPENDENT SCHOOL DISTRICT NO. 003",55501,"PROPOSITION  LUTHER PUBLIC SCHOOLS",,9,9,2,"AGAINST THE PROPOSITION - NO",,6,0,23,29,,
1/8/2019,"420207","LUTHER PUBLIC SCHOOLS INDEPENDENT SCHOOL DISTRICT NO. 003",55501,"PROPOSITION  LUTHER PUBLIC SCHOOLS",,9,9,1,"FOR THE PROPOSITION - YES",,0,0,2,2,,
1/8/2019,"420207","LUTHER PUBLIC SCHOOLS INDEPENDENT SCHOOL DISTRICT NO. 003",55501,"PROPOSITION  LUTHER PUBLIC SCHOOLS",,9,9,2,"AGAINST THE PROPOSITION - NO",,0,0,4,4,,
1/8/2019,"470015","DRUMMOND PUBLIC SCHOOLS INDEPENDENT SCHOOL DISTRICT NO. 085",52401,"PROPOSITION NO. 1  DRUMMOND PUBLIC SCHOOLS",,4,4,1,"FOR THE PROPOSITION - YES",,0,0,0,0,,
1/8/2019,"470015","DRUMMOND PUBLIC SCHOOLS INDEPENDENT SCHOOL DISTRICT NO. 085",52401,"PROPOSITION NO. 1  DRUMMOND PUBLIC SCHOOLS",,4,4,2,"AGAINST THE PROPOSITION - NO",,0,0,0,0,,
1/8/2019,"470015","DRUMMOND PUBLIC SCHOOLS INDEPENDENT SCHOOL DISTRICT NO. 085",52402,"PROPOSITION NO. 2  DRUMMOND PUBLIC SCHOOLS",,4,4,1,"FOR THE PROPOSITION - YES",,0,0,0,0,,
1/8/2019,"470015","DRUMMOND PUBLIC SCHOOLS INDEPENDENT SCHOOL DISTRICT NO. 085",52402,"PROPOSITION NO. 2  DRUMMOND PUBLIC SCHOOLS",,4,4,2,"AGAINST THE PROPOSITION - NO",,0,0,0,0,,
1/8/2019,"480101","MARSHALL COUNTY",30002,"PROPOSITION",,11,11,1,"FOR THE PROPOSITION - YES",,2,3,133,138,MARSHALL
1/8/2019,"480101","MARSHALL COUNTY",30002,"PROPOSITION",,11,11,2,"AGAINST THE PROPOSITION - NO",,0,2,38,40,MARSHALL
1/8/2019,"480102","MARSHALL COUNTY",30002,"PROPOSITION",,11,11,1,"FOR THE PROPOSITION - YES",,1,8,91,100,MARSHALL
1/8/2019,"480102","MARSHALL COUNTY",30002,"PROPOSITION",,11,11,2,"AGAINST THE PROPOSITION - NO",,0,4,21,25,MARSHALL
1/8/2019,"480105","MARSHALL COUNTY",30002,"PROPOSITION",,11,11,1,"FOR THE PROPOSITION - YES",,0,7,45,52,MARSHALL
1/8/2019,"480105","MARSHALL COUNTY",30002,"PROPOSITION",,11,11,2,"AGAINST THE PROPOSITION - NO",,3,0,15,18,MARSHALL
1/8/2019,"480106","MARSHALL COUNTY",30002,"PROPOSITION",,11,11,1,"FOR THE PROPOSITION - YES",,1,0,17,18,MARSHALL
1/8/2019,"480106","MARSHALL COUNTY",30002,"PROPOSITION",,11,11,2,"AGAINST THE PROPOSITION - NO",,0,0,14,14,MARSHALL
1/8/2019,"480201","MARSHALL COUNTY",30002,"PROPOSITION",,11,11,1,"FOR THE PROPOSITION - YES",,0,7,58,65,MARSHALL
1/8/2019,"480201","MARSHALL COUNTY",30002,"PROPOSITION",,11,11,2,"AGAINST THE PROPOSITION - NO",,0,2,17,19,MARSHALL
1/8/2019,"480202","MARSHALL COUNTY",30002,"PROPOSITION",,11,11,1,"FOR THE PROPOSITION - YES",,3,3,75,81,MARSHALL
1/8/2019,"480202","MARSHALL COUNTY",30002,"PROPOSITION",,11,11,2,"AGAINST THE PROPOSITION - NO",,0,1,6,7,MARSHALL
1/8/2019,"480204","MARSHALL COUNTY",30002,"PROPOSITION",,11,11,1,"FOR THE PROPOSITION - YES",,2,0,45,47,MARSHALL
1/8/2019,"480204","MARSHALL COUNTY",30002,"PROPOSITION",,11,11,2,"AGAINST THE PROPOSITION - NO",,2,5,40,47,MARSHALL
1/8/2019,"480206","MARSHALL COUNTY",30002,"PROPOSITION",,11,11,1,"FOR THE PROPOSITION - YES",,2,2,53,57,MARSHALL
1/8/2019,"480206","MARSHALL COUNTY",30002,"PROPOSITION",,11,11,2,"AGAINST THE PROPOSITION - NO",,1,2,23,26,MARSHALL
1/8/2019,"480302","MARSHALL COUNTY",30002,"PROPOSITION",,11,11,1,"FOR THE PROPOSITION - YES",,2,1,41,44,MARSHALL
1/8/2019,"480302","MARSHALL COUNTY",30002,"PROPOSITION",,11,11,2,"AGAINST THE PROPOSITION - NO",,0,0,42,42,MARSHALL
1/8/2019,"480303","MARSHALL COUNTY",30002,"PROPOSITION",,11,11,1,"FOR THE PROPOSITION - YES",,7,2,74,83,MARSHALL
1/8/2019,"480303","MARSHALL COUNTY",30002,"PROPOSITION",,11,11,2,"AGAINST THE PROPOSITION - NO",,3,3,50,56,MARSHALL
1/8/2019,"480304","MARSHALL COUNTY",30002,"PROPOSITION",,11,11,1,"FOR THE PROPOSITION - YES",,5,1,57,63,MARSHALL
1/8/2019,"480304","MARSHALL COUNTY",30002,"PROPOSITION",,11,11,2,"AGAINST THE PROPOSITION - NO",,5,2,87,94,MARSHALL
1/8/2019,"550020","CITY OF HARRAH",45501,"PROPOSITION  CITY OF HARRAH",,6,6,1,"FOR THE PROPOSITION - YES",,0,0,0,0,,
1/8/2019,"550020","CITY OF HARRAH",45501,"PROPOSITION  CITY OF HARRAH",,6,6,2,"AGAINST THE PROPOSITION - NO",,0,0,0,0,,
1/8/2019,"550065","LUTHER PUBLIC SCHOOLS INDEPENDENT SCHOOL DISTRICT NO. 003",55501,"PROPOSITION  LUTHER PUBLIC SCHOOLS",,9,9,1,"FOR THE PROPOSITION - YES",,0,0,35,35,,
1/8/2019,"550065","LUTHER PUBLIC SCHOOLS INDEPENDENT SCHOOL DISTRICT NO. 003",55501,"PROPOSITION  LUTHER PUBLIC SCHOOLS",,9,9,2,"AGAINST THE PROPOSITION - NO",,0,0,61,61,,
1/8/2019,"550067","CITY OF HARRAH",45501,"PROPOSITION  CITY OF HARRAH",,6,6,1,"FOR THE PROPOSITION - YES",,0,0,1,1,,
1/8/2019,"550067","CITY OF HARRAH",45501,"PROPOSITION  CITY OF HARRAH",,6,6,2,"AGAINST THE PROPOSITION - NO",,0,0,0,0,,
1/8/2019,"550068","CITY OF HARRAH",45501,"PROPOSITION  CITY OF HARRAH",,6,6,1,"FOR THE PROPOSITION - YES",,0,0,7,7,,
1/8/2019,"550068","CITY OF HARRAH",45501,"PROPOSITION  CITY OF HARRAH",,6,6,2,"AGAINST THE PROPOSITION - NO",,0,0,3,3,,
1/8/2019,"550069","CITY OF HARRAH",45501,"PROPOSITION  CITY OF HARRAH",,6,6,1,"FOR THE PROPOSITION - YES",,0,0,18,18,,
1/8/2019,"550069","CITY OF HARRAH",45501,"PROPOSITION  CITY OF HARRAH",,6,6,2,"AGAINST THE PROPOSITION - NO",,0,0,6,6,,
1/8/2019,"550070","CITY OF HARRAH",45501,"PROPOSITION  CITY OF HARRAH",,6,6,1,"FOR THE PROPOSITION - YES",,0,0,31,31,,
1/8/2019,"550070","CITY OF HARRAH",45501,"PROPOSITION  CITY OF HARRAH",,6,6,2,"AGAINST THE PROPOSITION - NO",,0,0,3,3,,
1/8/2019,"550071","CITY OF HARRAH",45501,"PROPOSITION  CITY OF HARRAH",,6,6,1,"FOR THE PROPOSITION - YES",,0,0,0,0,,
1/8/2019,"550071","CITY OF HARRAH",45501,"PROPOSITION  CITY OF HARRAH",,6,6,2,"AGAINST THE PROPOSITION - NO",,0,0,0,0,,
1/8/2019,"550071","LUTHER PUBLIC SCHOOLS INDEPENDENT SCHOOL DISTRICT NO. 003",55501,"PROPOSITION  LUTHER PUBLIC SCHOOLS",,9,9,1,"FOR THE PROPOSITION - YES",,0,0,48,48,,
1/8/2019,"550071","LUTHER PUBLIC SCHOOLS INDEPENDENT SCHOOL DISTRICT NO. 003",55501,"PROPOSITION  LUTHER PUBLIC SCHOOLS",,9,9,2,"AGAINST THE PROPOSITION - NO",,0,0,37,37,,
1/8/2019,"550072","LUTHER PUBLIC SCHOOLS INDEPENDENT SCHOOL DISTRICT NO. 003",55501,"PROPOSITION  LUTHER PUBLIC SCHOOLS",,9,9,1,"FOR THE PROPOSITION - YES",,0,0,6,6,,
1/8/2019,"550072","LUTHER PUBLIC SCHOOLS INDEPENDENT SCHOOL DISTRICT NO. 003",55501,"PROPOSITION  LUTHER PUBLIC SCHOOLS",,9,9,2,"AGAINST THE PROPOSITION - NO",,0,0,5,5,,
1/8/2019,"550076","LUTHER PUBLIC SCHOOLS INDEPENDENT SCHOOL DISTRICT NO. 003",55501,"PROPOSITION  LUTHER PUBLIC SCHOOLS",,9,9,1,"FOR THE PROPOSITION - YES",,0,0,231,231,,
1/8/2019,"550076","LUTHER PUBLIC SCHOOLS INDEPENDENT SCHOOL DISTRICT NO. 003",55501,"PROPOSITION  LUTHER PUBLIC SCHOOLS",,9,9,2,"AGAINST THE PROPOSITION - NO",,0,0,177,177,,
1/8/2019,"550107","LUTHER PUBLIC SCHOOLS INDEPENDENT SCHOOL DISTRICT NO. 003",55501,"PROPOSITION  LUTHER PUBLIC SCHOOLS",,9,9,1,"FOR THE PROPOSITION - YES",,0,0,20,20,,
1/8/2019,"550107","LUTHER PUBLIC SCHOOLS INDEPENDENT SCHOOL DISTRICT NO. 003",55501,"PROPOSITION  LUTHER PUBLIC SCHOOLS",,9,9,2,"AGAINST THE PROPOSITION - NO",,0,0,35,35,,
1/8/2019,"559999","CITY OF HARRAH",45501,"PROPOSITION  CITY OF HARRAH",,6,6,1,"FOR THE PROPOSITION - YES",,3,0,0,3,,
1/8/2019,"559999","CITY OF HARRAH",45501,"PROPOSITION  CITY OF HARRAH",,6,6,2,"AGAINST THE PROPOSITION - NO",,1,0,0,1,,
1/8/2019,"559999","LUTHER PUBLIC SCHOOLS INDEPENDENT SCHOOL DISTRICT NO. 003",55501,"PROPOSITION  LUTHER PUBLIC SCHOOLS",,9,9,1,"FOR THE PROPOSITION - YES",,3,1,0,4,,
1/8/2019,"559999","LUTHER PUBLIC SCHOOLS INDEPENDENT SCHOOL DISTRICT NO. 003",55501,"PROPOSITION  LUTHER PUBLIC SCHOOLS",,9,9,2,"AGAINST THE PROPOSITION - NO",,8,0,0,8,,
1/8/2019,"690001","CITY OF DUNCAN",46901,"PROPOSITION  CITY OF DUNCAN",,16,16,1,"FOR THE PROPOSITION - YES",,1,1,157,159,,
1/8/2019,"690001","CITY OF DUNCAN",46901,"PROPOSITION  CITY OF DUNCAN",,16,16,2,"AGAINST THE PROPOSITION - NO",,0,8,63,71,,
1/8/2019,"690003","CITY OF DUNCAN",46901,"PROPOSITION  CITY OF DUNCAN",,16,16,1,"FOR THE PROPOSITION - YES",,4,1,107,112,,
1/8/2019,"690003","CITY OF DUNCAN",46901,"PROPOSITION  CITY OF DUNCAN",,16,16,2,"AGAINST THE PROPOSITION - NO",,0,1,38,39,,
1/8/2019,"690004","CITY OF DUNCAN",46901,"PROPOSITION  CITY OF DUNCAN",,16,16,1,"FOR THE PROPOSITION - YES",,0,10,81,91,,
1/8/2019,"690004","CITY OF DUNCAN",46901,"PROPOSITION  CITY OF DUNCAN",,16,16,2,"AGAINST THE PROPOSITION - NO",,1,1,49,51,,
1/8/2019,"690008","CITY OF DUNCAN",46901,"PROPOSITION  CITY OF DUNCAN",,16,16,1,"FOR THE PROPOSITION - YES",,0,0,45,45,,
1/8/2019,"690008","CITY OF DUNCAN",46901,"PROPOSITION  CITY OF DUNCAN",,16,16,2,"AGAINST THE PROPOSITION - NO",,3,1,38,42,,
1/8/2019,"690012","CITY OF DUNCAN",46901,"PROPOSITION  CITY OF DUNCAN",,16,16,1,"FOR THE PROPOSITION - YES",,0,3,75,78,,
1/8/2019,"690012","CITY OF DUNCAN",46901,"PROPOSITION  CITY OF DUNCAN",,16,16,2,"AGAINST THE PROPOSITION - NO",,1,2,38,41,,
1/8/2019,"690013","CITY OF DUNCAN",46901,"PROPOSITION  CITY OF DUNCAN",,16,16,1,"FOR THE PROPOSITION - YES",,1,2,12,15,,
1/8/2019,"690013","CITY OF DUNCAN",46901,"PROPOSITION  CITY OF DUNCAN",,16,16,2,"AGAINST THE PROPOSITION - NO",,0,1,9,10,,
1/8/2019,"690014","CITY OF DUNCAN",46901,"PROPOSITION  CITY OF DUNCAN",,16,16,1,"FOR THE PROPOSITION - YES",,2,4,58,64,,
1/8/2019,"690014","CITY OF DUNCAN",46901,"PROPOSITION  CITY OF DUNCAN",,16,16,2,"AGAINST THE PROPOSITION - NO",,2,5,35,42,,
1/8/2019,"690015","CITY OF DUNCAN",46901,"PROPOSITION  CITY OF DUNCAN",,16,16,1,"FOR THE PROPOSITION - YES",,0,0,3,3,,
1/8/2019,"690015","CITY OF DUNCAN",46901,"PROPOSITION  CITY OF DUNCAN",,16,16,2,"AGAINST THE PROPOSITION - NO",,0,0,0,0,,
1/8/2019,"690016","CITY OF DUNCAN",46901,"PROPOSITION  CITY OF DUNCAN",,16,16,1,"FOR THE PROPOSITION - YES",,1,5,149,155,,
1/8/2019,"690016","CITY OF DUNCAN",46901,"PROPOSITION  CITY OF DUNCAN",,16,16,2,"AGAINST THE PROPOSITION - NO",,2,5,75,82,,
1/8/2019,"690019","CITY OF DUNCAN",46901,"PROPOSITION  CITY OF DUNCAN",,16,16,1,"FOR THE PROPOSITION - YES",,3,6,186,195,,
1/8/2019,"690019","CITY OF DUNCAN",46901,"PROPOSITION  CITY OF DUNCAN",,16,16,2,"AGAINST THE PROPOSITION - NO",,2,2,62,66,,
1/8/2019,"690033","CITY OF DUNCAN",46901,"PROPOSITION  CITY OF DUNCAN",,16,16,1,"FOR THE PROPOSITION - YES",,0,0,0,0,,
1/8/2019,"690033","CITY OF DUNCAN",46901,"PROPOSITION  CITY OF DUNCAN",,16,16,2,"AGAINST THE PROPOSITION - NO",,0,0,0,0,,
1/8/2019,"690050","CITY OF DUNCAN",46901,"PROPOSITION  CITY OF DUNCAN",,16,16,1,"FOR THE PROPOSITION - YES",,0,2,47,49,,
1/8/2019,"690050","CITY OF DUNCAN",46901,"PROPOSITION  CITY OF DUNCAN",,16,16,2,"AGAINST THE PROPOSITION - NO",,0,0,33,33,,
1/8/2019,"690052","CITY OF DUNCAN",46901,"PROPOSITION  CITY OF DUNCAN",,16,16,1,"FOR THE PROPOSITION - YES",,0,0,14,14,,
1/8/2019,"690052","CITY OF DUNCAN",46901,"PROPOSITION  CITY OF DUNCAN",,16,16,2,"AGAINST THE PROPOSITION - NO",,0,0,12,12,,
1/8/2019,"690053","CITY OF DUNCAN",46901,"PROPOSITION  CITY OF DUNCAN",,16,16,1,"FOR THE PROPOSITION - YES",,0,0,1,1,,
1/8/2019,"690053","CITY OF DUNCAN",46901,"PROPOSITION  CITY OF DUNCAN",,16,16,2,"AGAINST THE PROPOSITION - NO",,0,0,0,0,,
1/8/2019,"690055","CITY OF DUNCAN",46901,"PROPOSITION  CITY OF DUNCAN",,16,16,1,"FOR THE PROPOSITION - YES",,0,0,0,0,,
1/8/2019,"690055","CITY OF DUNCAN",46901,"PROPOSITION  CITY OF DUNCAN",,16,16,2,"AGAINST THE PROPOSITION - NO",,0,0,0,0,,
1/8/2019,"690057","CITY OF DUNCAN",46901,"PROPOSITION  CITY OF DUNCAN",,16,16,1,"FOR THE PROPOSITION - YES",,0,0,9,9,,
1/8/2019,"690057","CITY OF DUNCAN",46901,"PROPOSITION  CITY OF DUNCAN",,16,16,2,"AGAINST THE PROPOSITION - NO",,0,0,5,5,,
1/8/2019,"750003","WASHITA COUNTY",30001,"PROPOSITION",,12,12,1,"FOR THE PROPOSITION - YES",,2,0,8,10,WASHITA
1/8/2019,"750003","WASHITA COUNTY",30001,"PROPOSITION",,12,12,2,"AGAINST THE PROPOSITION - NO",,2,0,3,5,WASHITA
1/8/2019,"750004","WASHITA COUNTY",30001,"PROPOSITION",,12,12,1,"FOR THE PROPOSITION - YES",,6,14,132,152,WASHITA
1/8/2019,"750004","WASHITA COUNTY",30001,"PROPOSITION",,12,12,2,"AGAINST THE PROPOSITION - NO",,2,7,49,58,WASHITA
1/8/2019,"750007","WASHITA COUNTY",30001,"PROPOSITION",,12,12,1,"FOR THE PROPOSITION - YES",,1,1,45,47,WASHITA
1/8/2019,"750007","WASHITA COUNTY",30001,"PROPOSITION",,12,12,2,"AGAINST THE PROPOSITION - NO",,0,0,5,5,WASHITA
1/8/2019,"750009","WASHITA COUNTY",30001,"PROPOSITION",,12,12,1,"FOR THE PROPOSITION - YES",,0,0,31,31,WASHITA
1/8/2019,"750009","WASHITA COUNTY",30001,"PROPOSITION",,12,12,2,"AGAINST THE PROPOSITION - NO",,0,0,3,3,WASHITA
1/8/2019,"750012","WASHITA COUNTY",30001,"PROPOSITION",,12,12,1,"FOR THE PROPOSITION - YES",,1,2,28,31,WASHITA
1/8/2019,"750012","WASHITA COUNTY",30001,"PROPOSITION",,12,12,2,"AGAINST THE PROPOSITION - NO",,0,0,5,5,WASHITA
1/8/2019,"750014","WASHITA COUNTY",30001,"PROPOSITION",,12,12,1,"FOR THE PROPOSITION - YES",,4,1,105,110,WASHITA
1/8/2019,"750014","WASHITA COUNTY",30001,"PROPOSITION",,12,12,2,"AGAINST THE PROPOSITION - NO",,0,0,18,18,WASHITA
1/8/2019,"750016","WASHITA COUNTY",30001,"PROPOSITION",,12,12,1,"FOR THE PROPOSITION - YES",,1,1,59,61,WASHITA
1/8/2019,"750016","WASHITA COUNTY",30001,"PROPOSITION",,12,12,2,"AGAINST THE PROPOSITION - NO",,2,0,13,15,WASHITA
1/8/2019,"750017","WASHITA COUNTY",30001,"PROPOSITION",,12,12,1,"FOR THE PROPOSITION - YES",,1,3,40,44,WASHITA
1/8/2019,"750017","WASHITA COUNTY",30001,"PROPOSITION",,12,12,2,"AGAINST THE PROPOSITION - NO",,0,3,12,15,WASHITA
1/8/2019,"750018","WASHITA COUNTY",30001,"PROPOSITION",,12,12,1,"FOR THE PROPOSITION - YES",,1,0,48,49,WASHITA
1/8/2019,"750018","WASHITA COUNTY",30001,"PROPOSITION",,12,12,2,"AGAINST THE PROPOSITION - NO",,0,0,5,5,WASHITA
1/8/2019,"750019","WASHITA COUNTY",30001,"PROPOSITION",,12,12,1,"FOR THE PROPOSITION - YES",,2,1,65,68,WASHITA
1/8/2019,"750019","WASHITA COUNTY",30001,"PROPOSITION",,12,12,2,"AGAINST THE PROPOSITION - NO",,0,0,4,4,WASHITA
1/8/2019,"750020","WASHITA COUNTY",30001,"PROPOSITION",,12,12,1,"FOR THE PROPOSITION - YES",,3,0,37,40,WASHITA
1/8/2019,"750020","WASHITA COUNTY",30001,"PROPOSITION",,12,12,2,"AGAINST THE PROPOSITION - NO",,0,0,15,15,WASHITA
1/8/2019,"750030","WASHITA COUNTY",30001,"PROPOSITION",,12,12,1,"FOR THE PROPOSITION - YES",,4,11,70,85,WASHITA
1/8/2019,"750030","WASHITA COUNTY",30001,"PROPOSITION",,12,12,2,"AGAINST THE PROPOSITION - NO",,0,1,22,23,WASHITA
