elec_date,county,entity_description,race_number,race_description,race_party,tot_race_prec,race_prec_reporting,cand_number,cand_name,cand_party,cand_absmail_votes,cand_early_votes,cand_elecday_votes,cand_tot_votes,race_county_owner
7/9/2019,"ALFALFA","CITY OF CHEROKEE",40201,"PROPOSITION  CITY OF CHEROKEE",,2,2,1,"FOR THE PROPOSITION - YES",,2,14,93,109,,
7/9/2019,"ALFALFA","CITY OF CHEROKEE",40201,"PROPOSITION  CITY OF CHEROKEE",,2,2,2,"AGAINST THE PROPOSITION - NO",,3,2,12,17,,
7/9/2019,"CANADIAN","CITY OF OKLAHOMA CITY",45501,"PROPOSITION NO. 1 ONG FRANCHISE AMENDMENT  CITY OF OKLAHOMA CITY",,22,22,1,"FOR THE PROPOSITION - YES",,128,0,149,277,,
7/9/2019,"CANADIAN","CITY OF OKLAHOMA CITY",45501,"PROPOSITION NO. 1 ONG FRANCHISE AMENDMENT  CITY OF OKLAHOMA CITY",,22,22,2,"AGAINST THE PROPOSITION - NO",,51,0,106,157,,
7/9/2019,"CANADIAN","CITY OF OKLAHOMA CITY",45502,"PROPOSITION NO. 2 AMENDMENT TO OKLAHOMA CITY CHARTER, ARTICLE IV, SECTION 8  CITY OF OKLAHOMA CITY",,22,22,1,"FOR THE PROPOSITION - YES",,134,0,158,292,,
7/9/2019,"CANADIAN","CITY OF OKLAHOMA CITY",45502,"PROPOSITION NO. 2 AMENDMENT TO OKLAHOMA CITY CHARTER, ARTICLE IV, SECTION 8  CITY OF OKLAHOMA CITY",,22,22,2,"AGAINST THE PROPOSITION - NO",,45,0,97,142,,
7/9/2019,"CLEVELAND","CITY OF OKLAHOMA CITY",45501,"PROPOSITION NO. 1 ONG FRANCHISE AMENDMENT  CITY OF OKLAHOMA CITY",,26,26,1,"FOR THE PROPOSITION - YES",,217,2,285,504,,
7/9/2019,"CLEVELAND","CITY OF OKLAHOMA CITY",45501,"PROPOSITION NO. 1 ONG FRANCHISE AMENDMENT  CITY OF OKLAHOMA CITY",,26,26,2,"AGAINST THE PROPOSITION - NO",,100,1,242,343,,
7/9/2019,"CLEVELAND","CITY OF OKLAHOMA CITY",45502,"PROPOSITION NO. 2 AMENDMENT TO OKLAHOMA CITY CHARTER, ARTICLE IV, SECTION 8  CITY OF OKLAHOMA CITY",,26,26,1,"FOR THE PROPOSITION - YES",,227,3,309,539,,
7/9/2019,"CLEVELAND","CITY OF OKLAHOMA CITY",45502,"PROPOSITION NO. 2 AMENDMENT TO OKLAHOMA CITY CHARTER, ARTICLE IV, SECTION 8  CITY OF OKLAHOMA CITY",,26,26,2,"AGAINST THE PROPOSITION - NO",,92,0,216,308,,
7/9/2019,"DEWEY","SHARON-MUTUAL PUBLIC SCHOOLS INDEPENDENT SCHOOL DISTRICT NO. 003",57701,"PROPOSITION NO. 1  SHARON-MUTUAL PUBLIC SCHOOLS",,1,1,1,"FOR THE PROPOSITION - YES",,0,0,0,0,,
7/9/2019,"DEWEY","SHARON-MUTUAL PUBLIC SCHOOLS INDEPENDENT SCHOOL DISTRICT NO. 003",57701,"PROPOSITION NO. 1  SHARON-MUTUAL PUBLIC SCHOOLS",,1,1,2,"AGAINST THE PROPOSITION - NO",,0,0,0,0,,
7/9/2019,"DEWEY","SHARON-MUTUAL PUBLIC SCHOOLS INDEPENDENT SCHOOL DISTRICT NO. 003",57702,"PROPOSITION NO. 2  SHARON-MUTUAL PUBLIC SCHOOLS",,1,1,1,"FOR THE PROPOSITION - YES",,0,0,0,0,,
7/9/2019,"DEWEY","SHARON-MUTUAL PUBLIC SCHOOLS INDEPENDENT SCHOOL DISTRICT NO. 003",57702,"PROPOSITION NO. 2  SHARON-MUTUAL PUBLIC SCHOOLS",,1,1,2,"AGAINST THE PROPOSITION - NO",,0,0,0,0,,
7/9/2019,"KIOWA","CITY OF HOBART",43801,"PROPOSITION  CITY OF HOBART",,6,6,1,"FOR THE PROPOSITION - YES",,7,12,86,105,,
7/9/2019,"KIOWA","CITY OF HOBART",43801,"PROPOSITION  CITY OF HOBART",,6,6,2,"AGAINST THE PROPOSITION - NO",,0,0,0,0,,
7/9/2019,"OKLAHOMA","CITY OF OKLAHOMA CITY",45501,"PROPOSITION NO. 1 ONG FRANCHISE AMENDMENT  CITY OF OKLAHOMA CITY",,185,185,1,"FOR THE PROPOSITION - YES",,793,90,2953,3836,,
7/9/2019,"OKLAHOMA","CITY OF OKLAHOMA CITY",45501,"PROPOSITION NO. 1 ONG FRANCHISE AMENDMENT  CITY OF OKLAHOMA CITY",,185,185,2,"AGAINST THE PROPOSITION - NO",,291,43,2021,2355,,
7/9/2019,"OKLAHOMA","CITY OF OKLAHOMA CITY",45502,"PROPOSITION NO. 2 AMENDMENT TO OKLAHOMA CITY CHARTER, ARTICLE IV, SECTION 8  CITY OF OKLAHOMA CITY",,185,185,1,"FOR THE PROPOSITION - YES",,834,99,3350,4283,,
7/9/2019,"OKLAHOMA","CITY OF OKLAHOMA CITY",45502,"PROPOSITION NO. 2 AMENDMENT TO OKLAHOMA CITY CHARTER, ARTICLE IV, SECTION 8  CITY OF OKLAHOMA CITY",,185,185,2,"AGAINST THE PROPOSITION - NO",,256,34,1643,1933,,
7/9/2019,"POTTAWATOMIE","CITY OF OKLAHOMA CITY",45501,"PROPOSITION NO. 1 ONG FRANCHISE AMENDMENT  CITY OF OKLAHOMA CITY",,1,1,1,"FOR THE PROPOSITION - YES",,0,0,0,0,,
7/9/2019,"POTTAWATOMIE","CITY OF OKLAHOMA CITY",45501,"PROPOSITION NO. 1 ONG FRANCHISE AMENDMENT  CITY OF OKLAHOMA CITY",,1,1,2,"AGAINST THE PROPOSITION - NO",,0,0,0,0,,
7/9/2019,"POTTAWATOMIE","CITY OF OKLAHOMA CITY",45502,"PROPOSITION NO. 2 AMENDMENT TO OKLAHOMA CITY CHARTER, ARTICLE IV, SECTION 8  CITY OF OKLAHOMA CITY",,1,1,1,"FOR THE PROPOSITION - YES",,0,0,0,0,,
7/9/2019,"POTTAWATOMIE","CITY OF OKLAHOMA CITY",45502,"PROPOSITION NO. 2 AMENDMENT TO OKLAHOMA CITY CHARTER, ARTICLE IV, SECTION 8  CITY OF OKLAHOMA CITY",,1,1,2,"AGAINST THE PROPOSITION - NO",,0,0,0,0,,
7/9/2019,"WASHINGTON","WASHINGTON COUNTY",30001,"PROPOSITION",,23,23,1,"FOR THE PROPOSITION - YES",,35,75,906,1016,,
7/9/2019,"WASHINGTON","WASHINGTON COUNTY",30001,"PROPOSITION",,23,23,2,"AGAINST THE PROPOSITION - NO",,23,15,519,557,,
7/9/2019,"WOODWARD","SHARON-MUTUAL PUBLIC SCHOOLS INDEPENDENT SCHOOL DISTRICT NO. 003",57701,"PROPOSITION NO. 1  SHARON-MUTUAL PUBLIC SCHOOLS",,6,6,1,"FOR THE PROPOSITION - YES",,18,25,193,236,,
7/9/2019,"WOODWARD","SHARON-MUTUAL PUBLIC SCHOOLS INDEPENDENT SCHOOL DISTRICT NO. 003",57701,"PROPOSITION NO. 1  SHARON-MUTUAL PUBLIC SCHOOLS",,6,6,2,"AGAINST THE PROPOSITION - NO",,11,8,182,201,,
7/9/2019,"WOODWARD","SHARON-MUTUAL PUBLIC SCHOOLS INDEPENDENT SCHOOL DISTRICT NO. 003",57702,"PROPOSITION NO. 2  SHARON-MUTUAL PUBLIC SCHOOLS",,6,6,1,"FOR THE PROPOSITION - YES",,19,26,216,261,,
7/9/2019,"WOODWARD","SHARON-MUTUAL PUBLIC SCHOOLS INDEPENDENT SCHOOL DISTRICT NO. 003",57702,"PROPOSITION NO. 2  SHARON-MUTUAL PUBLIC SCHOOLS",,6,6,2,"AGAINST THE PROPOSITION - NO",,10,7,165,182,,
