elec_date,precinct,entity_description,race_number,race_description,race_party,tot_race_prec,race_prec_reporting,cand_number,cand_name,cand_party,cand_absmail_votes,cand_early_votes,cand_elecday_votes,cand_tot_votes,race_county_owner
7/11/2017,"090224","FEDERAL, STATE AND COUNTY",10001,"FOR STATE SENATOR DISTRICT 44 (UNEXPIRED TERM)",,27,27,1,"JOE GRIFFIN",REP,2,0,69,71,,
7/11/2017,"090224","FEDERAL, STATE AND COUNTY",10001,"FOR STATE SENATOR DISTRICT 44 (UNEXPIRED TERM)",,27,27,2,"MICHAEL BROOKS",DEM,3,0,51,54,,
7/11/2017,"090225","FEDERAL, STATE AND COUNTY",10001,"FOR STATE SENATOR DISTRICT 44 (UNEXPIRED TERM)",,27,27,1,"JOE GRIFFIN",REP,6,0,110,116,,
7/11/2017,"090225","FEDERAL, STATE AND COUNTY",10001,"FOR STATE SENATOR DISTRICT 44 (UNEXPIRED TERM)",,27,27,2,"MICHAEL BROOKS",DEM,5,0,115,120,,
7/11/2017,"090227","FEDERAL, STATE AND COUNTY",10001,"FOR STATE SENATOR DISTRICT 44 (UNEXPIRED TERM)",,27,27,1,"JOE GRIFFIN",REP,22,2,211,235,,
7/11/2017,"090227","FEDERAL, STATE AND COUNTY",10001,"FOR STATE SENATOR DISTRICT 44 (UNEXPIRED TERM)",,27,27,2,"MICHAEL BROOKS",DEM,10,3,189,202,,
7/11/2017,"090228","FEDERAL, STATE AND COUNTY",10001,"FOR STATE SENATOR DISTRICT 44 (UNEXPIRED TERM)",,27,27,1,"JOE GRIFFIN",REP,1,0,8,9,,
7/11/2017,"090228","FEDERAL, STATE AND COUNTY",10001,"FOR STATE SENATOR DISTRICT 44 (UNEXPIRED TERM)",,27,27,2,"MICHAEL BROOKS",DEM,0,0,20,20,,
7/11/2017,"140027","FEDERAL, STATE AND COUNTY",11001,"FOR STATE REPRESENTATIVE DISTRICT 46 (UNEXPIRED TERM)",REP,16,16,1,"CHARLIE SAMPLES",REP,8,6,72,86,,
7/11/2017,"140027","FEDERAL, STATE AND COUNTY",11001,"FOR STATE REPRESENTATIVE DISTRICT 46 (UNEXPIRED TERM)",REP,16,16,2,"DARIN CHAMBERS",REP,31,5,124,160,,
7/11/2017,"140027","FEDERAL, STATE AND COUNTY",11001,"FOR STATE REPRESENTATIVE DISTRICT 46 (UNEXPIRED TERM)",REP,16,16,3,"JIMMY SHANNON",REP,0,0,5,5,,
7/11/2017,"140035","FEDERAL, STATE AND COUNTY",11001,"FOR STATE REPRESENTATIVE DISTRICT 46 (UNEXPIRED TERM)",REP,16,16,1,"CHARLIE SAMPLES",REP,3,0,46,49,,
7/11/2017,"140035","FEDERAL, STATE AND COUNTY",11001,"FOR STATE REPRESENTATIVE DISTRICT 46 (UNEXPIRED TERM)",REP,16,16,2,"DARIN CHAMBERS",REP,2,0,50,52,,
7/11/2017,"140035","FEDERAL, STATE AND COUNTY",11001,"FOR STATE REPRESENTATIVE DISTRICT 46 (UNEXPIRED TERM)",REP,16,16,3,"JIMMY SHANNON",REP,0,0,12,12,,
7/11/2017,"140039","FEDERAL, STATE AND COUNTY",11001,"FOR STATE REPRESENTATIVE DISTRICT 46 (UNEXPIRED TERM)",REP,16,16,1,"CHARLIE SAMPLES",REP,5,0,33,38,,
7/11/2017,"140039","FEDERAL, STATE AND COUNTY",11001,"FOR STATE REPRESENTATIVE DISTRICT 46 (UNEXPIRED TERM)",REP,16,16,2,"DARIN CHAMBERS",REP,2,2,43,47,,
7/11/2017,"140039","FEDERAL, STATE AND COUNTY",11001,"FOR STATE REPRESENTATIVE DISTRICT 46 (UNEXPIRED TERM)",REP,16,16,3,"JIMMY SHANNON",REP,1,2,4,7,,
7/11/2017,"140053","FEDERAL, STATE AND COUNTY",11001,"FOR STATE REPRESENTATIVE DISTRICT 46 (UNEXPIRED TERM)",REP,16,16,1,"CHARLIE SAMPLES",REP,2,3,85,90,,
7/11/2017,"140053","FEDERAL, STATE AND COUNTY",11001,"FOR STATE REPRESENTATIVE DISTRICT 46 (UNEXPIRED TERM)",REP,16,16,2,"DARIN CHAMBERS",REP,30,7,100,137,,
7/11/2017,"140053","FEDERAL, STATE AND COUNTY",11001,"FOR STATE REPRESENTATIVE DISTRICT 46 (UNEXPIRED TERM)",REP,16,16,3,"JIMMY SHANNON",REP,2,2,8,12,,
7/11/2017,"140057","FEDERAL, STATE AND COUNTY",11001,"FOR STATE REPRESENTATIVE DISTRICT 46 (UNEXPIRED TERM)",REP,16,16,1,"CHARLIE SAMPLES",REP,4,0,32,36,,
7/11/2017,"140057","FEDERAL, STATE AND COUNTY",11001,"FOR STATE REPRESENTATIVE DISTRICT 46 (UNEXPIRED TERM)",REP,16,16,2,"DARIN CHAMBERS",REP,4,0,68,72,,
7/11/2017,"140057","FEDERAL, STATE AND COUNTY",11001,"FOR STATE REPRESENTATIVE DISTRICT 46 (UNEXPIRED TERM)",REP,16,16,3,"JIMMY SHANNON",REP,1,0,6,7,,
7/11/2017,"140059","FEDERAL, STATE AND COUNTY",11001,"FOR STATE REPRESENTATIVE DISTRICT 46 (UNEXPIRED TERM)",REP,16,16,1,"CHARLIE SAMPLES",REP,1,0,19,20,,
7/11/2017,"140059","FEDERAL, STATE AND COUNTY",11001,"FOR STATE REPRESENTATIVE DISTRICT 46 (UNEXPIRED TERM)",REP,16,16,2,"DARIN CHAMBERS",REP,0,2,15,17,,
7/11/2017,"140059","FEDERAL, STATE AND COUNTY",11001,"FOR STATE REPRESENTATIVE DISTRICT 46 (UNEXPIRED TERM)",REP,16,16,3,"JIMMY SHANNON",REP,0,0,2,2,,
7/11/2017,"140067","FEDERAL, STATE AND COUNTY",11001,"FOR STATE REPRESENTATIVE DISTRICT 46 (UNEXPIRED TERM)",REP,16,16,1,"CHARLIE SAMPLES",REP,0,0,11,11,,
7/11/2017,"140067","FEDERAL, STATE AND COUNTY",11001,"FOR STATE REPRESENTATIVE DISTRICT 46 (UNEXPIRED TERM)",REP,16,16,2,"DARIN CHAMBERS",REP,5,2,20,27,,
7/11/2017,"140067","FEDERAL, STATE AND COUNTY",11001,"FOR STATE REPRESENTATIVE DISTRICT 46 (UNEXPIRED TERM)",REP,16,16,3,"JIMMY SHANNON",REP,1,0,8,9,,
7/11/2017,"140068","FEDERAL, STATE AND COUNTY",11001,"FOR STATE REPRESENTATIVE DISTRICT 46 (UNEXPIRED TERM)",REP,16,16,1,"CHARLIE SAMPLES",REP,4,0,30,34,,
7/11/2017,"140068","FEDERAL, STATE AND COUNTY",11001,"FOR STATE REPRESENTATIVE DISTRICT 46 (UNEXPIRED TERM)",REP,16,16,2,"DARIN CHAMBERS",REP,2,0,25,27,,
7/11/2017,"140068","FEDERAL, STATE AND COUNTY",11001,"FOR STATE REPRESENTATIVE DISTRICT 46 (UNEXPIRED TERM)",REP,16,16,3,"JIMMY SHANNON",REP,0,0,4,4,,
7/11/2017,"140071","FEDERAL, STATE AND COUNTY",11001,"FOR STATE REPRESENTATIVE DISTRICT 46 (UNEXPIRED TERM)",REP,16,16,1,"CHARLIE SAMPLES",REP,3,1,31,35,,
7/11/2017,"140071","FEDERAL, STATE AND COUNTY",11001,"FOR STATE REPRESENTATIVE DISTRICT 46 (UNEXPIRED TERM)",REP,16,16,2,"DARIN CHAMBERS",REP,8,0,19,27,,
7/11/2017,"140071","FEDERAL, STATE AND COUNTY",11001,"FOR STATE REPRESENTATIVE DISTRICT 46 (UNEXPIRED TERM)",REP,16,16,3,"JIMMY SHANNON",REP,0,0,2,2,,
7/11/2017,"140073","FEDERAL, STATE AND COUNTY",11001,"FOR STATE REPRESENTATIVE DISTRICT 46 (UNEXPIRED TERM)",REP,16,16,1,"CHARLIE SAMPLES",REP,10,5,91,106,,
7/11/2017,"140073","FEDERAL, STATE AND COUNTY",11001,"FOR STATE REPRESENTATIVE DISTRICT 46 (UNEXPIRED TERM)",REP,16,16,2,"DARIN CHAMBERS",REP,24,5,129,158,,
7/11/2017,"140073","FEDERAL, STATE AND COUNTY",11001,"FOR STATE REPRESENTATIVE DISTRICT 46 (UNEXPIRED TERM)",REP,16,16,3,"JIMMY SHANNON",REP,1,0,3,4,,
7/11/2017,"140074","FEDERAL, STATE AND COUNTY",11001,"FOR STATE REPRESENTATIVE DISTRICT 46 (UNEXPIRED TERM)",REP,16,16,1,"CHARLIE SAMPLES",REP,3,2,38,43,,
7/11/2017,"140074","FEDERAL, STATE AND COUNTY",11001,"FOR STATE REPRESENTATIVE DISTRICT 46 (UNEXPIRED TERM)",REP,16,16,2,"DARIN CHAMBERS",REP,11,8,70,89,,
7/11/2017,"140074","FEDERAL, STATE AND COUNTY",11001,"FOR STATE REPRESENTATIVE DISTRICT 46 (UNEXPIRED TERM)",REP,16,16,3,"JIMMY SHANNON",REP,0,0,0,0,,
7/11/2017,"140076","FEDERAL, STATE AND COUNTY",11001,"FOR STATE REPRESENTATIVE DISTRICT 46 (UNEXPIRED TERM)",REP,16,16,1,"CHARLIE SAMPLES",REP,2,2,23,27,,
7/11/2017,"140076","FEDERAL, STATE AND COUNTY",11001,"FOR STATE REPRESENTATIVE DISTRICT 46 (UNEXPIRED TERM)",REP,16,16,2,"DARIN CHAMBERS",REP,8,6,24,38,,
7/11/2017,"140076","FEDERAL, STATE AND COUNTY",11001,"FOR STATE REPRESENTATIVE DISTRICT 46 (UNEXPIRED TERM)",REP,16,16,3,"JIMMY SHANNON",REP,0,0,4,4,,
7/11/2017,"140077","FEDERAL, STATE AND COUNTY",11001,"FOR STATE REPRESENTATIVE DISTRICT 46 (UNEXPIRED TERM)",REP,16,16,1,"CHARLIE SAMPLES",REP,0,0,2,2,,
7/11/2017,"140077","FEDERAL, STATE AND COUNTY",11001,"FOR STATE REPRESENTATIVE DISTRICT 46 (UNEXPIRED TERM)",REP,16,16,2,"DARIN CHAMBERS",REP,1,0,3,4,,
7/11/2017,"140077","FEDERAL, STATE AND COUNTY",11001,"FOR STATE REPRESENTATIVE DISTRICT 46 (UNEXPIRED TERM)",REP,16,16,3,"JIMMY SHANNON",REP,0,0,0,0,,
7/11/2017,"140091","FEDERAL, STATE AND COUNTY",11001,"FOR STATE REPRESENTATIVE DISTRICT 46 (UNEXPIRED TERM)",REP,16,16,1,"CHARLIE SAMPLES",REP,0,0,5,5,,
7/11/2017,"140091","FEDERAL, STATE AND COUNTY",11001,"FOR STATE REPRESENTATIVE DISTRICT 46 (UNEXPIRED TERM)",REP,16,16,2,"DARIN CHAMBERS",REP,0,2,3,5,,
7/11/2017,"140091","FEDERAL, STATE AND COUNTY",11001,"FOR STATE REPRESENTATIVE DISTRICT 46 (UNEXPIRED TERM)",REP,16,16,3,"JIMMY SHANNON",REP,0,0,0,0,,
7/11/2017,"140092","FEDERAL, STATE AND COUNTY",11001,"FOR STATE REPRESENTATIVE DISTRICT 46 (UNEXPIRED TERM)",REP,16,16,1,"CHARLIE SAMPLES",REP,0,0,0,0,,
7/11/2017,"140092","FEDERAL, STATE AND COUNTY",11001,"FOR STATE REPRESENTATIVE DISTRICT 46 (UNEXPIRED TERM)",REP,16,16,2,"DARIN CHAMBERS",REP,0,0,0,0,,
7/11/2017,"140092","FEDERAL, STATE AND COUNTY",11001,"FOR STATE REPRESENTATIVE DISTRICT 46 (UNEXPIRED TERM)",REP,16,16,3,"JIMMY SHANNON",REP,0,0,0,0,,
7/11/2017,"140093","FEDERAL, STATE AND COUNTY",11001,"FOR STATE REPRESENTATIVE DISTRICT 46 (UNEXPIRED TERM)",REP,16,16,1,"CHARLIE SAMPLES",REP,1,0,12,13,,
7/11/2017,"140093","FEDERAL, STATE AND COUNTY",11001,"FOR STATE REPRESENTATIVE DISTRICT 46 (UNEXPIRED TERM)",REP,16,16,2,"DARIN CHAMBERS",REP,0,1,14,15,,
7/11/2017,"140093","FEDERAL, STATE AND COUNTY",11001,"FOR STATE REPRESENTATIVE DISTRICT 46 (UNEXPIRED TERM)",REP,16,16,3,"JIMMY SHANNON",REP,0,0,0,0,,
7/11/2017,"350001","JOHNSTON COUNTY",30002,"COUNTY QUESTION",,14,14,1,"FOR THE PROPOSITION - YES",,0,8,31,39,JOHNSTON
7/11/2017,"350001","JOHNSTON COUNTY",30002,"COUNTY QUESTION",,14,14,2,"AGAINST THE PROPOSITION - NO",,0,0,4,4,JOHNSTON
7/11/2017,"350002","JOHNSTON COUNTY",30002,"COUNTY QUESTION",,14,14,1,"FOR THE PROPOSITION - YES",,0,3,37,40,JOHNSTON
7/11/2017,"350002","JOHNSTON COUNTY",30002,"COUNTY QUESTION",,14,14,2,"AGAINST THE PROPOSITION - NO",,0,1,8,9,JOHNSTON
7/11/2017,"350003","JOHNSTON COUNTY",30002,"COUNTY QUESTION",,14,14,1,"FOR THE PROPOSITION - YES",,1,3,40,44,JOHNSTON
7/11/2017,"350003","JOHNSTON COUNTY",30002,"COUNTY QUESTION",,14,14,2,"AGAINST THE PROPOSITION - NO",,0,2,1,3,JOHNSTON
7/11/2017,"350004","JOHNSTON COUNTY",30002,"COUNTY QUESTION",,14,14,1,"FOR THE PROPOSITION - YES",,2,13,56,71,JOHNSTON
7/11/2017,"350004","JOHNSTON COUNTY",30002,"COUNTY QUESTION",,14,14,2,"AGAINST THE PROPOSITION - NO",,0,2,15,17,JOHNSTON
7/11/2017,"350005","JOHNSTON COUNTY",30002,"COUNTY QUESTION",,14,14,1,"FOR THE PROPOSITION - YES",,0,0,55,55,JOHNSTON
7/11/2017,"350005","JOHNSTON COUNTY",30002,"COUNTY QUESTION",,14,14,2,"AGAINST THE PROPOSITION - NO",,0,1,15,16,JOHNSTON
7/11/2017,"350006","JOHNSTON COUNTY",30002,"COUNTY QUESTION",,14,14,1,"FOR THE PROPOSITION - YES",,0,7,51,58,JOHNSTON
7/11/2017,"350006","JOHNSTON COUNTY",30002,"COUNTY QUESTION",,14,14,2,"AGAINST THE PROPOSITION - NO",,0,1,1,2,JOHNSTON
7/11/2017,"350007","JOHNSTON COUNTY",30002,"COUNTY QUESTION",,14,14,1,"FOR THE PROPOSITION - YES",,0,0,0,0,JOHNSTON
7/11/2017,"350007","JOHNSTON COUNTY",30002,"COUNTY QUESTION",,14,14,2,"AGAINST THE PROPOSITION - NO",,0,0,0,0,JOHNSTON
7/11/2017,"350008","JOHNSTON COUNTY",30002,"COUNTY QUESTION",,14,14,1,"FOR THE PROPOSITION - YES",,0,0,56,56,JOHNSTON
7/11/2017,"350008","JOHNSTON COUNTY",30002,"COUNTY QUESTION",,14,14,2,"AGAINST THE PROPOSITION - NO",,0,0,2,2,JOHNSTON
7/11/2017,"350009","JOHNSTON COUNTY",30002,"COUNTY QUESTION",,14,14,1,"FOR THE PROPOSITION - YES",,0,0,35,35,JOHNSTON
7/11/2017,"350009","JOHNSTON COUNTY",30002,"COUNTY QUESTION",,14,14,2,"AGAINST THE PROPOSITION - NO",,0,0,3,3,JOHNSTON
7/11/2017,"350010","JOHNSTON COUNTY",30002,"COUNTY QUESTION",,14,14,1,"FOR THE PROPOSITION - YES",,0,0,28,28,JOHNSTON
7/11/2017,"350010","JOHNSTON COUNTY",30002,"COUNTY QUESTION",,14,14,2,"AGAINST THE PROPOSITION - NO",,0,0,2,2,JOHNSTON
7/11/2017,"350011","JOHNSTON COUNTY",30002,"COUNTY QUESTION",,14,14,1,"FOR THE PROPOSITION - YES",,0,0,39,39,JOHNSTON
7/11/2017,"350011","JOHNSTON COUNTY",30002,"COUNTY QUESTION",,14,14,2,"AGAINST THE PROPOSITION - NO",,0,1,4,5,JOHNSTON
7/11/2017,"350012","JOHNSTON COUNTY",30002,"COUNTY QUESTION",,14,14,1,"FOR THE PROPOSITION - YES",,0,1,69,70,JOHNSTON
7/11/2017,"350012","JOHNSTON COUNTY",30002,"COUNTY QUESTION",,14,14,2,"AGAINST THE PROPOSITION - NO",,0,0,2,2,JOHNSTON
7/11/2017,"350013","JOHNSTON COUNTY",30002,"COUNTY QUESTION",,14,14,1,"FOR THE PROPOSITION - YES",,0,7,70,77,JOHNSTON
7/11/2017,"350013","JOHNSTON COUNTY",30002,"COUNTY QUESTION",,14,14,2,"AGAINST THE PROPOSITION - NO",,0,1,9,10,JOHNSTON
7/11/2017,"350014","JOHNSTON COUNTY",30002,"COUNTY QUESTION",,14,14,1,"FOR THE PROPOSITION - YES",,0,1,23,24,JOHNSTON
7/11/2017,"350014","JOHNSTON COUNTY",30002,"COUNTY QUESTION",,14,14,2,"AGAINST THE PROPOSITION - NO",,0,0,4,4,JOHNSTON
7/11/2017,"390011","RED OAK PUBLIC SCHOOLS INDEPENDENT SCHOOL DISTRICT NO. 002",53901,"PROPOSITION NO. 1  RED OAK PUBLIC SCHOOLS",,4,4,1,"FOR THE PROPOSITION - YES",,8,5,163,176,,
7/11/2017,"390011","RED OAK PUBLIC SCHOOLS INDEPENDENT SCHOOL DISTRICT NO. 002",53901,"PROPOSITION NO. 1  RED OAK PUBLIC SCHOOLS",,4,4,2,"AGAINST THE PROPOSITION - NO",,1,11,181,193,,
7/11/2017,"390011","RED OAK PUBLIC SCHOOLS INDEPENDENT SCHOOL DISTRICT NO. 002",53902,"PROPOSITION NO. 2  RED OAK PUBLIC SCHOOLS",,4,4,1,"FOR THE PROPOSITION - YES",,8,6,170,184,,
7/11/2017,"390011","RED OAK PUBLIC SCHOOLS INDEPENDENT SCHOOL DISTRICT NO. 002",53902,"PROPOSITION NO. 2  RED OAK PUBLIC SCHOOLS",,4,4,2,"AGAINST THE PROPOSITION - NO",,1,10,184,195,,
7/11/2017,"390012","RED OAK PUBLIC SCHOOLS INDEPENDENT SCHOOL DISTRICT NO. 002",53901,"PROPOSITION NO. 1  RED OAK PUBLIC SCHOOLS",,4,4,1,"FOR THE PROPOSITION - YES",,0,0,0,0,,
7/11/2017,"390012","RED OAK PUBLIC SCHOOLS INDEPENDENT SCHOOL DISTRICT NO. 002",53901,"PROPOSITION NO. 1  RED OAK PUBLIC SCHOOLS",,4,4,2,"AGAINST THE PROPOSITION - NO",,0,0,2,2,,
7/11/2017,"390012","RED OAK PUBLIC SCHOOLS INDEPENDENT SCHOOL DISTRICT NO. 002",53902,"PROPOSITION NO. 2  RED OAK PUBLIC SCHOOLS",,4,4,1,"FOR THE PROPOSITION - YES",,0,0,0,0,,
7/11/2017,"390012","RED OAK PUBLIC SCHOOLS INDEPENDENT SCHOOL DISTRICT NO. 002",53902,"PROPOSITION NO. 2  RED OAK PUBLIC SCHOOLS",,4,4,2,"AGAINST THE PROPOSITION - NO",,0,0,2,2,,
7/11/2017,"400201","RED OAK PUBLIC SCHOOLS INDEPENDENT SCHOOL DISTRICT NO. 002",53901,"PROPOSITION NO. 1  RED OAK PUBLIC SCHOOLS",,4,4,1,"FOR THE PROPOSITION - YES",,0,0,2,2,,
7/11/2017,"400201","RED OAK PUBLIC SCHOOLS INDEPENDENT SCHOOL DISTRICT NO. 002",53901,"PROPOSITION NO. 1  RED OAK PUBLIC SCHOOLS",,4,4,2,"AGAINST THE PROPOSITION - NO",,0,0,0,0,,
7/11/2017,"400201","RED OAK PUBLIC SCHOOLS INDEPENDENT SCHOOL DISTRICT NO. 002",53902,"PROPOSITION NO. 2  RED OAK PUBLIC SCHOOLS",,4,4,1,"FOR THE PROPOSITION - YES",,0,0,2,2,,
7/11/2017,"400201","RED OAK PUBLIC SCHOOLS INDEPENDENT SCHOOL DISTRICT NO. 002",53902,"PROPOSITION NO. 2  RED OAK PUBLIC SCHOOLS",,4,4,2,"AGAINST THE PROPOSITION - NO",,0,0,0,0,,
7/11/2017,"400213","RED OAK PUBLIC SCHOOLS INDEPENDENT SCHOOL DISTRICT NO. 002",53901,"PROPOSITION NO. 1  RED OAK PUBLIC SCHOOLS",,4,4,1,"FOR THE PROPOSITION - YES",,0,0,0,0,,
7/11/2017,"400213","RED OAK PUBLIC SCHOOLS INDEPENDENT SCHOOL DISTRICT NO. 002",53901,"PROPOSITION NO. 1  RED OAK PUBLIC SCHOOLS",,4,4,2,"AGAINST THE PROPOSITION - NO",,0,0,0,0,,
7/11/2017,"400213","RED OAK PUBLIC SCHOOLS INDEPENDENT SCHOOL DISTRICT NO. 002",53902,"PROPOSITION NO. 2  RED OAK PUBLIC SCHOOLS",,4,4,1,"FOR THE PROPOSITION - YES",,0,0,0,0,,
7/11/2017,"400213","RED OAK PUBLIC SCHOOLS INDEPENDENT SCHOOL DISTRICT NO. 002",53902,"PROPOSITION NO. 2  RED OAK PUBLIC SCHOOLS",,4,4,2,"AGAINST THE PROPOSITION - NO",,0,0,0,0,,
7/11/2017,"430101","LOVE COUNTY",30001,"COUNTY QUESTION",,12,12,1,"FOR THE PROPOSITION - YES",,1,9,42,52,LOVE
7/11/2017,"430101","LOVE COUNTY",30001,"COUNTY QUESTION",,12,12,2,"AGAINST THE PROPOSITION - NO",,0,0,8,8,LOVE
7/11/2017,"430102","LOVE COUNTY",30001,"COUNTY QUESTION",,12,12,1,"FOR THE PROPOSITION - YES",,0,12,43,55,LOVE
7/11/2017,"430102","LOVE COUNTY",30001,"COUNTY QUESTION",,12,12,2,"AGAINST THE PROPOSITION - NO",,0,0,4,4,LOVE
7/11/2017,"430103","LOVE COUNTY",30001,"COUNTY QUESTION",,12,12,1,"FOR THE PROPOSITION - YES",,1,7,38,46,LOVE
7/11/2017,"430103","LOVE COUNTY",30001,"COUNTY QUESTION",,12,12,2,"AGAINST THE PROPOSITION - NO",,0,0,3,3,LOVE
7/11/2017,"430204","LOVE COUNTY",30001,"COUNTY QUESTION",,12,12,1,"FOR THE PROPOSITION - YES",,3,8,51,62,LOVE
7/11/2017,"430204","LOVE COUNTY",30001,"COUNTY QUESTION",,12,12,2,"AGAINST THE PROPOSITION - NO",,0,0,6,6,LOVE
7/11/2017,"430205","LOVE COUNTY",30001,"COUNTY QUESTION",,12,12,1,"FOR THE PROPOSITION - YES",,2,9,43,54,LOVE
7/11/2017,"430205","LOVE COUNTY",30001,"COUNTY QUESTION",,12,12,2,"AGAINST THE PROPOSITION - NO",,0,0,2,2,LOVE
7/11/2017,"430206","LOVE COUNTY",30001,"COUNTY QUESTION",,12,12,1,"FOR THE PROPOSITION - YES",,2,3,25,30,LOVE
7/11/2017,"430206","LOVE COUNTY",30001,"COUNTY QUESTION",,12,12,2,"AGAINST THE PROPOSITION - NO",,0,0,2,2,LOVE
7/11/2017,"430207","LOVE COUNTY",30001,"COUNTY QUESTION",,12,12,1,"FOR THE PROPOSITION - YES",,1,9,12,22,LOVE
7/11/2017,"430207","LOVE COUNTY",30001,"COUNTY QUESTION",,12,12,2,"AGAINST THE PROPOSITION - NO",,0,0,1,1,LOVE
7/11/2017,"430208","LOVE COUNTY",30001,"COUNTY QUESTION",,12,12,1,"FOR THE PROPOSITION - YES",,0,2,19,21,LOVE
7/11/2017,"430208","LOVE COUNTY",30001,"COUNTY QUESTION",,12,12,2,"AGAINST THE PROPOSITION - NO",,0,0,1,1,LOVE
7/11/2017,"430310","LOVE COUNTY",30001,"COUNTY QUESTION",,12,12,1,"FOR THE PROPOSITION - YES",,1,4,31,36,LOVE
7/11/2017,"430310","LOVE COUNTY",30001,"COUNTY QUESTION",,12,12,2,"AGAINST THE PROPOSITION - NO",,0,0,3,3,LOVE
7/11/2017,"430311","LOVE COUNTY",30001,"COUNTY QUESTION",,12,12,1,"FOR THE PROPOSITION - YES",,0,2,43,45,LOVE
7/11/2017,"430311","LOVE COUNTY",30001,"COUNTY QUESTION",,12,12,2,"AGAINST THE PROPOSITION - NO",,0,0,0,0,LOVE
7/11/2017,"430312","LOVE COUNTY",30001,"COUNTY QUESTION",,12,12,1,"FOR THE PROPOSITION - YES",,0,1,28,29,LOVE
7/11/2017,"430312","LOVE COUNTY",30001,"COUNTY QUESTION",,12,12,2,"AGAINST THE PROPOSITION - NO",,0,0,3,3,LOVE
7/11/2017,"430313","LOVE COUNTY",30001,"COUNTY QUESTION",,12,12,1,"FOR THE PROPOSITION - YES",,0,1,15,16,LOVE
7/11/2017,"430313","LOVE COUNTY",30001,"COUNTY QUESTION",,12,12,2,"AGAINST THE PROPOSITION - NO",,0,0,2,2,LOVE
7/11/2017,"550164","FEDERAL, STATE AND COUNTY",10001,"FOR STATE SENATOR DISTRICT 44 (UNEXPIRED TERM)",,27,27,1,"JOE GRIFFIN",REP,0,0,43,43,,
7/11/2017,"550164","FEDERAL, STATE AND COUNTY",10001,"FOR STATE SENATOR DISTRICT 44 (UNEXPIRED TERM)",,27,27,2,"MICHAEL BROOKS",DEM,0,0,56,56,,
7/11/2017,"550165","FEDERAL, STATE AND COUNTY",10001,"FOR STATE SENATOR DISTRICT 44 (UNEXPIRED TERM)",,27,27,1,"JOE GRIFFIN",REP,0,0,115,115,,
7/11/2017,"550165","FEDERAL, STATE AND COUNTY",10001,"FOR STATE SENATOR DISTRICT 44 (UNEXPIRED TERM)",,27,27,2,"MICHAEL BROOKS",DEM,0,0,59,59,,
7/11/2017,"550166","FEDERAL, STATE AND COUNTY",10001,"FOR STATE SENATOR DISTRICT 44 (UNEXPIRED TERM)",,27,27,1,"JOE GRIFFIN",REP,0,0,22,22,,
7/11/2017,"550166","FEDERAL, STATE AND COUNTY",10001,"FOR STATE SENATOR DISTRICT 44 (UNEXPIRED TERM)",,27,27,2,"MICHAEL BROOKS",DEM,0,0,17,17,,
7/11/2017,"550188","FEDERAL, STATE AND COUNTY",10001,"FOR STATE SENATOR DISTRICT 44 (UNEXPIRED TERM)",,27,27,1,"JOE GRIFFIN",REP,0,0,0,0,,
7/11/2017,"550188","FEDERAL, STATE AND COUNTY",10001,"FOR STATE SENATOR DISTRICT 44 (UNEXPIRED TERM)",,27,27,2,"MICHAEL BROOKS",DEM,0,0,0,0,,
7/11/2017,"550189","FEDERAL, STATE AND COUNTY",10001,"FOR STATE SENATOR DISTRICT 44 (UNEXPIRED TERM)",,27,27,1,"JOE GRIFFIN",REP,0,0,8,8,,
7/11/2017,"550189","FEDERAL, STATE AND COUNTY",10001,"FOR STATE SENATOR DISTRICT 44 (UNEXPIRED TERM)",,27,27,2,"MICHAEL BROOKS",DEM,0,0,6,6,,
7/11/2017,"550191","FEDERAL, STATE AND COUNTY",10001,"FOR STATE SENATOR DISTRICT 44 (UNEXPIRED TERM)",,27,27,1,"JOE GRIFFIN",REP,0,0,19,19,,
7/11/2017,"550191","FEDERAL, STATE AND COUNTY",10001,"FOR STATE SENATOR DISTRICT 44 (UNEXPIRED TERM)",,27,27,2,"MICHAEL BROOKS",DEM,0,0,127,127,,
7/11/2017,"550208","FEDERAL, STATE AND COUNTY",10001,"FOR STATE SENATOR DISTRICT 44 (UNEXPIRED TERM)",,27,27,1,"JOE GRIFFIN",REP,0,0,1,1,,
7/11/2017,"550208","FEDERAL, STATE AND COUNTY",10001,"FOR STATE SENATOR DISTRICT 44 (UNEXPIRED TERM)",,27,27,2,"MICHAEL BROOKS",DEM,0,0,3,3,,
7/11/2017,"550214","FEDERAL, STATE AND COUNTY",10001,"FOR STATE SENATOR DISTRICT 44 (UNEXPIRED TERM)",,27,27,1,"JOE GRIFFIN",REP,0,0,35,35,,
7/11/2017,"550214","FEDERAL, STATE AND COUNTY",10001,"FOR STATE SENATOR DISTRICT 44 (UNEXPIRED TERM)",,27,27,2,"MICHAEL BROOKS",DEM,0,0,44,44,,
7/11/2017,"550217","FEDERAL, STATE AND COUNTY",10001,"FOR STATE SENATOR DISTRICT 44 (UNEXPIRED TERM)",,27,27,1,"JOE GRIFFIN",REP,0,0,78,78,,
7/11/2017,"550217","FEDERAL, STATE AND COUNTY",10001,"FOR STATE SENATOR DISTRICT 44 (UNEXPIRED TERM)",,27,27,2,"MICHAEL BROOKS",DEM,0,0,105,105,,
7/11/2017,"550218","FEDERAL, STATE AND COUNTY",10001,"FOR STATE SENATOR DISTRICT 44 (UNEXPIRED TERM)",,27,27,1,"JOE GRIFFIN",REP,0,0,108,108,,
7/11/2017,"550218","FEDERAL, STATE AND COUNTY",10001,"FOR STATE SENATOR DISTRICT 44 (UNEXPIRED TERM)",,27,27,2,"MICHAEL BROOKS",DEM,0,0,97,97,,
7/11/2017,"550220","FEDERAL, STATE AND COUNTY",10001,"FOR STATE SENATOR DISTRICT 44 (UNEXPIRED TERM)",,27,27,1,"JOE GRIFFIN",REP,0,0,71,71,,
7/11/2017,"550220","FEDERAL, STATE AND COUNTY",10001,"FOR STATE SENATOR DISTRICT 44 (UNEXPIRED TERM)",,27,27,2,"MICHAEL BROOKS",DEM,0,0,103,103,,
7/11/2017,"550221","FEDERAL, STATE AND COUNTY",10001,"FOR STATE SENATOR DISTRICT 44 (UNEXPIRED TERM)",,27,27,1,"JOE GRIFFIN",REP,0,0,104,104,,
7/11/2017,"550221","FEDERAL, STATE AND COUNTY",10001,"FOR STATE SENATOR DISTRICT 44 (UNEXPIRED TERM)",,27,27,2,"MICHAEL BROOKS",DEM,0,0,164,164,,
7/11/2017,"550222","FEDERAL, STATE AND COUNTY",10001,"FOR STATE SENATOR DISTRICT 44 (UNEXPIRED TERM)",,27,27,1,"JOE GRIFFIN",REP,0,0,53,53,,
7/11/2017,"550222","FEDERAL, STATE AND COUNTY",10001,"FOR STATE SENATOR DISTRICT 44 (UNEXPIRED TERM)",,27,27,2,"MICHAEL BROOKS",DEM,0,0,56,56,,
7/11/2017,"550223","FEDERAL, STATE AND COUNTY",10001,"FOR STATE SENATOR DISTRICT 44 (UNEXPIRED TERM)",,27,27,1,"JOE GRIFFIN",REP,0,0,39,39,,
7/11/2017,"550223","FEDERAL, STATE AND COUNTY",10001,"FOR STATE SENATOR DISTRICT 44 (UNEXPIRED TERM)",,27,27,2,"MICHAEL BROOKS",DEM,0,0,67,67,,
7/11/2017,"550224","FEDERAL, STATE AND COUNTY",10001,"FOR STATE SENATOR DISTRICT 44 (UNEXPIRED TERM)",,27,27,1,"JOE GRIFFIN",REP,0,0,49,49,,
7/11/2017,"550224","FEDERAL, STATE AND COUNTY",10001,"FOR STATE SENATOR DISTRICT 44 (UNEXPIRED TERM)",,27,27,2,"MICHAEL BROOKS",DEM,0,0,68,68,,
7/11/2017,"550225","FEDERAL, STATE AND COUNTY",10001,"FOR STATE SENATOR DISTRICT 44 (UNEXPIRED TERM)",,27,27,1,"JOE GRIFFIN",REP,0,0,17,17,,
7/11/2017,"550225","FEDERAL, STATE AND COUNTY",10001,"FOR STATE SENATOR DISTRICT 44 (UNEXPIRED TERM)",,27,27,2,"MICHAEL BROOKS",DEM,0,0,18,18,,
7/11/2017,"550226","FEDERAL, STATE AND COUNTY",10001,"FOR STATE SENATOR DISTRICT 44 (UNEXPIRED TERM)",,27,27,1,"JOE GRIFFIN",REP,0,0,58,58,,
7/11/2017,"550226","FEDERAL, STATE AND COUNTY",10001,"FOR STATE SENATOR DISTRICT 44 (UNEXPIRED TERM)",,27,27,2,"MICHAEL BROOKS",DEM,0,0,90,90,,
7/11/2017,"550227","FEDERAL, STATE AND COUNTY",10001,"FOR STATE SENATOR DISTRICT 44 (UNEXPIRED TERM)",,27,27,1,"JOE GRIFFIN",REP,0,0,38,38,,
7/11/2017,"550227","FEDERAL, STATE AND COUNTY",10001,"FOR STATE SENATOR DISTRICT 44 (UNEXPIRED TERM)",,27,27,2,"MICHAEL BROOKS",DEM,0,0,54,54,,
7/11/2017,"550228","FEDERAL, STATE AND COUNTY",10001,"FOR STATE SENATOR DISTRICT 44 (UNEXPIRED TERM)",,27,27,1,"JOE GRIFFIN",REP,0,0,22,22,,
7/11/2017,"550228","FEDERAL, STATE AND COUNTY",10001,"FOR STATE SENATOR DISTRICT 44 (UNEXPIRED TERM)",,27,27,2,"MICHAEL BROOKS",DEM,0,0,40,40,,
7/11/2017,"550229","FEDERAL, STATE AND COUNTY",10001,"FOR STATE SENATOR DISTRICT 44 (UNEXPIRED TERM)",,27,27,1,"JOE GRIFFIN",REP,0,0,64,64,,
7/11/2017,"550229","FEDERAL, STATE AND COUNTY",10001,"FOR STATE SENATOR DISTRICT 44 (UNEXPIRED TERM)",,27,27,2,"MICHAEL BROOKS",DEM,0,0,75,75,,
7/11/2017,"550230","FEDERAL, STATE AND COUNTY",10001,"FOR STATE SENATOR DISTRICT 44 (UNEXPIRED TERM)",,27,27,1,"JOE GRIFFIN",REP,0,0,93,93,,
7/11/2017,"550230","FEDERAL, STATE AND COUNTY",10001,"FOR STATE SENATOR DISTRICT 44 (UNEXPIRED TERM)",,27,27,2,"MICHAEL BROOKS",DEM,0,0,120,120,,
7/11/2017,"550231","FEDERAL, STATE AND COUNTY",10001,"FOR STATE SENATOR DISTRICT 44 (UNEXPIRED TERM)",,27,27,1,"JOE GRIFFIN",REP,0,0,50,50,,
7/11/2017,"550231","FEDERAL, STATE AND COUNTY",10001,"FOR STATE SENATOR DISTRICT 44 (UNEXPIRED TERM)",,27,27,2,"MICHAEL BROOKS",DEM,0,0,57,57,,
7/11/2017,"550232","FEDERAL, STATE AND COUNTY",10001,"FOR STATE SENATOR DISTRICT 44 (UNEXPIRED TERM)",,27,27,1,"JOE GRIFFIN",REP,0,0,68,68,,
7/11/2017,"550232","FEDERAL, STATE AND COUNTY",10001,"FOR STATE SENATOR DISTRICT 44 (UNEXPIRED TERM)",,27,27,2,"MICHAEL BROOKS",DEM,0,0,60,60,,
7/11/2017,"559999","FEDERAL, STATE AND COUNTY",10001,"FOR STATE SENATOR DISTRICT 44 (UNEXPIRED TERM)",,27,27,1,"JOE GRIFFIN",REP,48,10,0,58,,
7/11/2017,"559999","FEDERAL, STATE AND COUNTY",10001,"FOR STATE SENATOR DISTRICT 44 (UNEXPIRED TERM)",,27,27,2,"MICHAEL BROOKS",DEM,67,26,0,93,,
7/11/2017,"600301","CITY OF PERKINS",46001,"PROPOSITION  CITY OF PERKINS",,2,2,1,"FOR THE PROPOSITION - YES",,2,0,19,21,,
7/11/2017,"600301","CITY OF PERKINS",46001,"PROPOSITION  CITY OF PERKINS",,2,2,2,"AGAINST THE PROPOSITION - NO",,2,0,0,2,,
7/11/2017,"600405","CITY OF PERKINS",46001,"PROPOSITION  CITY OF PERKINS",,2,2,1,"FOR THE PROPOSITION - YES",,0,0,0,0,,
7/11/2017,"600405","CITY OF PERKINS",46001,"PROPOSITION  CITY OF PERKINS",,2,2,2,"AGAINST THE PROPOSITION - NO",,0,0,0,0,,
7/11/2017,"600409","TOWN OF RIPLEY",46002,"PROPOSITION  TOWN OF RIPLEY",,1,1,1,"FOR THE PROPOSITION - YES",,0,0,13,13,,
7/11/2017,"600409","TOWN OF RIPLEY",46002,"PROPOSITION  TOWN OF RIPLEY",,1,1,2,"AGAINST THE PROPOSITION - NO",,0,0,1,1,,
7/11/2017,"720086","FEDERAL, STATE AND COUNTY",10002,"FOR STATE REPRESENTATIVE DISTRICT 75 (UNEXPIRED TERM)",,14,14,1,"TRESSA NUNLEY",REP,0,0,135,135,,
7/11/2017,"720086","FEDERAL, STATE AND COUNTY",10002,"FOR STATE REPRESENTATIVE DISTRICT 75 (UNEXPIRED TERM)",,14,14,2,"KAREN GADDIS",DEM,0,0,123,123,,
7/11/2017,"720088","FEDERAL, STATE AND COUNTY",10002,"FOR STATE REPRESENTATIVE DISTRICT 75 (UNEXPIRED TERM)",,14,14,1,"TRESSA NUNLEY",REP,0,0,21,21,,
7/11/2017,"720088","FEDERAL, STATE AND COUNTY",10002,"FOR STATE REPRESENTATIVE DISTRICT 75 (UNEXPIRED TERM)",,14,14,2,"KAREN GADDIS",DEM,0,0,34,34,,
7/11/2017,"720090","FEDERAL, STATE AND COUNTY",10002,"FOR STATE REPRESENTATIVE DISTRICT 75 (UNEXPIRED TERM)",,14,14,1,"TRESSA NUNLEY",REP,0,0,9,9,,
7/11/2017,"720090","FEDERAL, STATE AND COUNTY",10002,"FOR STATE REPRESENTATIVE DISTRICT 75 (UNEXPIRED TERM)",,14,14,2,"KAREN GADDIS",DEM,0,0,18,18,,
7/11/2017,"720096","FEDERAL, STATE AND COUNTY",10002,"FOR STATE REPRESENTATIVE DISTRICT 75 (UNEXPIRED TERM)",,14,14,1,"TRESSA NUNLEY",REP,0,0,32,32,,
7/11/2017,"720096","FEDERAL, STATE AND COUNTY",10002,"FOR STATE REPRESENTATIVE DISTRICT 75 (UNEXPIRED TERM)",,14,14,2,"KAREN GADDIS",DEM,0,0,57,57,,
7/11/2017,"720100","FEDERAL, STATE AND COUNTY",10002,"FOR STATE REPRESENTATIVE DISTRICT 75 (UNEXPIRED TERM)",,14,14,1,"TRESSA NUNLEY",REP,0,0,25,25,,
7/11/2017,"720100","FEDERAL, STATE AND COUNTY",10002,"FOR STATE REPRESENTATIVE DISTRICT 75 (UNEXPIRED TERM)",,14,14,2,"KAREN GADDIS",DEM,0,0,28,28,,
7/11/2017,"720101","FEDERAL, STATE AND COUNTY",10002,"FOR STATE REPRESENTATIVE DISTRICT 75 (UNEXPIRED TERM)",,14,14,1,"TRESSA NUNLEY",REP,0,0,53,53,,
7/11/2017,"720101","FEDERAL, STATE AND COUNTY",10002,"FOR STATE REPRESENTATIVE DISTRICT 75 (UNEXPIRED TERM)",,14,14,2,"KAREN GADDIS",DEM,0,0,71,71,,
7/11/2017,"720102","FEDERAL, STATE AND COUNTY",10002,"FOR STATE REPRESENTATIVE DISTRICT 75 (UNEXPIRED TERM)",,14,14,1,"TRESSA NUNLEY",REP,0,0,73,73,,
7/11/2017,"720102","FEDERAL, STATE AND COUNTY",10002,"FOR STATE REPRESENTATIVE DISTRICT 75 (UNEXPIRED TERM)",,14,14,2,"KAREN GADDIS",DEM,0,0,52,52,,
7/11/2017,"720103","FEDERAL, STATE AND COUNTY",10002,"FOR STATE REPRESENTATIVE DISTRICT 75 (UNEXPIRED TERM)",,14,14,1,"TRESSA NUNLEY",REP,0,0,28,28,,
7/11/2017,"720103","FEDERAL, STATE AND COUNTY",10002,"FOR STATE REPRESENTATIVE DISTRICT 75 (UNEXPIRED TERM)",,14,14,2,"KAREN GADDIS",DEM,0,0,57,57,,
7/11/2017,"720104","FEDERAL, STATE AND COUNTY",10002,"FOR STATE REPRESENTATIVE DISTRICT 75 (UNEXPIRED TERM)",,14,14,1,"TRESSA NUNLEY",REP,0,0,38,38,,
7/11/2017,"720104","FEDERAL, STATE AND COUNTY",10002,"FOR STATE REPRESENTATIVE DISTRICT 75 (UNEXPIRED TERM)",,14,14,2,"KAREN GADDIS",DEM,0,0,59,59,,
7/11/2017,"720105","FEDERAL, STATE AND COUNTY",10002,"FOR STATE REPRESENTATIVE DISTRICT 75 (UNEXPIRED TERM)",,14,14,1,"TRESSA NUNLEY",REP,0,0,50,50,,
7/11/2017,"720105","FEDERAL, STATE AND COUNTY",10002,"FOR STATE REPRESENTATIVE DISTRICT 75 (UNEXPIRED TERM)",,14,14,2,"KAREN GADDIS",DEM,0,0,64,64,,
7/11/2017,"720106","FEDERAL, STATE AND COUNTY",10002,"FOR STATE REPRESENTATIVE DISTRICT 75 (UNEXPIRED TERM)",,14,14,1,"TRESSA NUNLEY",REP,0,0,30,30,,
7/11/2017,"720106","FEDERAL, STATE AND COUNTY",10002,"FOR STATE REPRESENTATIVE DISTRICT 75 (UNEXPIRED TERM)",,14,14,2,"KAREN GADDIS",DEM,0,0,45,45,,
7/11/2017,"720150","FEDERAL, STATE AND COUNTY",10002,"FOR STATE REPRESENTATIVE DISTRICT 75 (UNEXPIRED TERM)",,14,14,1,"TRESSA NUNLEY",REP,0,0,201,201,,
7/11/2017,"720150","FEDERAL, STATE AND COUNTY",10002,"FOR STATE REPRESENTATIVE DISTRICT 75 (UNEXPIRED TERM)",,14,14,2,"KAREN GADDIS",DEM,0,0,158,158,,
7/11/2017,"720152","FEDERAL, STATE AND COUNTY",10002,"FOR STATE REPRESENTATIVE DISTRICT 75 (UNEXPIRED TERM)",,14,14,1,"TRESSA NUNLEY",REP,0,0,61,61,,
7/11/2017,"720152","FEDERAL, STATE AND COUNTY",10002,"FOR STATE REPRESENTATIVE DISTRICT 75 (UNEXPIRED TERM)",,14,14,2,"KAREN GADDIS",DEM,0,0,84,84,,
7/11/2017,"720475","FEDERAL, STATE AND COUNTY",10002,"FOR STATE REPRESENTATIVE DISTRICT 75 (UNEXPIRED TERM)",,14,14,1,"TRESSA NUNLEY",REP,0,0,130,130,,
7/11/2017,"720475","FEDERAL, STATE AND COUNTY",10002,"FOR STATE REPRESENTATIVE DISTRICT 75 (UNEXPIRED TERM)",,14,14,2,"KAREN GADDIS",DEM,0,0,145,145,,
7/11/2017,"729999","FEDERAL, STATE AND COUNTY",10002,"FOR STATE REPRESENTATIVE DISTRICT 75 (UNEXPIRED TERM)",,14,14,1,"TRESSA NUNLEY",REP,77,14,0,91,,
7/11/2017,"729999","FEDERAL, STATE AND COUNTY",10002,"FOR STATE REPRESENTATIVE DISTRICT 75 (UNEXPIRED TERM)",,14,14,2,"KAREN GADDIS",DEM,54,24,0,78,,
