elec_date,county,entity_description,race_number,race_description,race_party,tot_race_prec,race_prec_reporting,cand_number,cand_name,cand_party,cand_absmail_votes,cand_early_votes,cand_elecday_votes,cand_tot_votes,race_county_owner
10/13/2015,"ATOKA","CANEY PUBLIC SCHOOLS INDEPENDENT SCHOOL DISTRICT NO. 026",50301,"PROPOSITION  CANEY PUBLIC SCHOOLS",,4,4,1,"FOR THE PROPOSITION - YES",,7,0,142,149,,
10/13/2015,"ATOKA","CANEY PUBLIC SCHOOLS INDEPENDENT SCHOOL DISTRICT NO. 026",50301,"PROPOSITION  CANEY PUBLIC SCHOOLS",,4,4,2,"AGAINST THE PROPOSITION - NO",,2,0,75,77,,
10/13/2015,"BLAINE","CITY OF WATONGA",40601,"PROPOSITION NO. 1  CITY OF WATONGA",,3,3,1,"FOR THE PROPOSITION - YES",,6,13,121,140,,
10/13/2015,"BLAINE","CITY OF WATONGA",40601,"PROPOSITION NO. 1  CITY OF WATONGA",,3,3,2,"AGAINST THE PROPOSITION - NO",,5,3,58,66,,
10/13/2015,"BLAINE","CITY OF WATONGA",40602,"PROPOSITION NO. 2  CITY OF WATONGA",,3,3,1,"FOR THE PROPOSITION - YES",,9,13,119,141,,
10/13/2015,"BLAINE","CITY OF WATONGA",40602,"PROPOSITION NO. 2  CITY OF WATONGA",,3,3,2,"AGAINST THE PROPOSITION - NO",,2,3,58,63,,
10/13/2015,"CARTER","PLAINVIEW PUBLIC SCHOOLS INDEPENDENT SCHOOL DISTRICT NO. 027",51001,"PROPOSITION NO. 1  PLAINVIEW PUBLIC SCHOOLS",,11,11,1,"FOR THE PROPOSITION - YES",,7,7,649,663,,
10/13/2015,"CARTER","PLAINVIEW PUBLIC SCHOOLS INDEPENDENT SCHOOL DISTRICT NO. 027",51001,"PROPOSITION NO. 1  PLAINVIEW PUBLIC SCHOOLS",,11,11,2,"AGAINST THE PROPOSITION - NO",,8,4,101,113,,
10/13/2015,"CARTER","PLAINVIEW PUBLIC SCHOOLS INDEPENDENT SCHOOL DISTRICT NO. 027",51002,"PROPOSITION NO. 2  PLAINVIEW PUBLIC SCHOOLS",,11,11,1,"FOR THE PROPOSITION - YES",,7,8,652,667,,
10/13/2015,"CARTER","PLAINVIEW PUBLIC SCHOOLS INDEPENDENT SCHOOL DISTRICT NO. 027",51002,"PROPOSITION NO. 2  PLAINVIEW PUBLIC SCHOOLS",,11,11,2,"AGAINST THE PROPOSITION - NO",,8,3,107,118,,
10/13/2015,"CLEVELAND","CITY OF NORMAN",41401,"PROPOSITION  CITY OF NORMAN",,49,49,1,"FOR THE PROPOSITION - YES",,269,343,8483,9095,,
10/13/2015,"CLEVELAND","CITY OF NORMAN",41401,"PROPOSITION  CITY OF NORMAN",,49,49,2,"AGAINST THE PROPOSITION - NO",,121,139,3267,3527,,
10/13/2015,"CLEVELAND","MOORE PUBLIC SCHOOLS INDEPENDENT SCHOOL DISTRICT NO. 002",51401,"PROPOSITION NO. 1  MOORE PUBLIC SCHOOLS",,39,39,1,"FOR THE PROPOSITION - YES",,246,16,3998,4260,,
10/13/2015,"CLEVELAND","MOORE PUBLIC SCHOOLS INDEPENDENT SCHOOL DISTRICT NO. 002",51401,"PROPOSITION NO. 1  MOORE PUBLIC SCHOOLS",,39,39,2,"AGAINST THE PROPOSITION - NO",,177,8,1206,1391,,
10/13/2015,"CLEVELAND","MOORE PUBLIC SCHOOLS INDEPENDENT SCHOOL DISTRICT NO. 002",51402,"PROPOSITION NO. 2  MOORE PUBLIC SCHOOLS",,39,39,1,"FOR THE PROPOSITION - YES",,252,17,3844,4113,,
10/13/2015,"CLEVELAND","MOORE PUBLIC SCHOOLS INDEPENDENT SCHOOL DISTRICT NO. 002",51402,"PROPOSITION NO. 2  MOORE PUBLIC SCHOOLS",,39,39,2,"AGAINST THE PROPOSITION - NO",,175,7,1325,1507,,
10/13/2015,"CRAIG","VINITA PUBLIC SCHOOLS INDEPENDENT SCHOOL DISTRICT NO. 065",51801,"PROPOSITION  VINITA PUBLIC SCHOOLS",,9,9,1,"FOR THE PROPOSITION - YES",,10,21,555,586,,
10/13/2015,"CRAIG","VINITA PUBLIC SCHOOLS INDEPENDENT SCHOOL DISTRICT NO. 065",51801,"PROPOSITION  VINITA PUBLIC SCHOOLS",,9,9,2,"AGAINST THE PROPOSITION - NO",,6,11,273,290,,
10/13/2015,"CREEK","BRISTOW PUBLIC SCHOOLS INDEPENDENT SCHOOL DISTRICT NO. 002",51901,"PROPOSITION  BRISTOW PUBLIC SCHOOLS",,10,10,1,"FOR THE PROPOSITION - YES",,13,2,712,727,,
10/13/2015,"CREEK","BRISTOW PUBLIC SCHOOLS INDEPENDENT SCHOOL DISTRICT NO. 002",51901,"PROPOSITION  BRISTOW PUBLIC SCHOOLS",,10,10,2,"AGAINST THE PROPOSITION - NO",,2,1,94,97,,
10/13/2015,"GARFIELD","TOWN OF KREMLIN",42401,"PROPOSITION  TOWN OF KREMLIN",,1,1,1,"FOR THE PROPOSITION - YES",,0,0,30,30,,
10/13/2015,"GARFIELD","TOWN OF KREMLIN",42401,"PROPOSITION  TOWN OF KREMLIN",,1,1,2,"AGAINST THE PROPOSITION - NO",,0,0,0,0,,
10/13/2015,"GARFIELD","TOWN OF WAUKOMIS",42402,"PROPOSITION  TOWN OF WAUKOMIS",,1,1,1,"FOR THE PROPOSITION - YES",,3,0,66,69,,
10/13/2015,"GARFIELD","TOWN OF WAUKOMIS",42402,"PROPOSITION  TOWN OF WAUKOMIS",,1,1,2,"AGAINST THE PROPOSITION - NO",,0,0,5,5,,
10/13/2015,"GARVIN","ALEX PUBLIC SCHOOLS INDEPENDENT SCHOOL DISTRICT NO. 056",52601,"PROPOSITION  ALEX PUBLIC SCHOOLS",,1,1,1,"FOR THE PROPOSITION - YES",,0,0,0,0,,
10/13/2015,"GARVIN","ALEX PUBLIC SCHOOLS INDEPENDENT SCHOOL DISTRICT NO. 056",52601,"PROPOSITION  ALEX PUBLIC SCHOOLS",,1,1,2,"AGAINST THE PROPOSITION - NO",,0,0,0,0,,
10/13/2015,"GRADY","ALEX PUBLIC SCHOOLS INDEPENDENT SCHOOL DISTRICT NO. 056",52601,"PROPOSITION  ALEX PUBLIC SCHOOLS",,5,5,1,"FOR THE PROPOSITION - YES",,1,2,162,165,,
10/13/2015,"GRADY","ALEX PUBLIC SCHOOLS INDEPENDENT SCHOOL DISTRICT NO. 056",52601,"PROPOSITION  ALEX PUBLIC SCHOOLS",,5,5,2,"AGAINST THE PROPOSITION - NO",,7,0,41,48,,
10/13/2015,"HARMON","CITY OF HOLLIS",42901,"PROPOSITION  CITY OF HOLLIS",,4,4,1,"FOR THE PROPOSITION - YES",,8,23,202,233,,
10/13/2015,"HARMON","CITY OF HOLLIS",42901,"PROPOSITION  CITY OF HOLLIS",,4,4,2,"AGAINST THE PROPOSITION - NO",,1,7,52,60,,
10/13/2015,"HUGHES","HOLDENVILLE PUBLIC SCHOOLS INDEPENDENT SCHOOL DISTRICT NO. 035",53201,"PROPOSITION  HOLDENVILLE PUBLIC SCHOOLS",,8,8,1,"FOR THE PROPOSITION - YES",,15,22,361,398,,
10/13/2015,"HUGHES","HOLDENVILLE PUBLIC SCHOOLS INDEPENDENT SCHOOL DISTRICT NO. 035",53201,"PROPOSITION  HOLDENVILLE PUBLIC SCHOOLS",,8,8,2,"AGAINST THE PROPOSITION - NO",,9,8,127,144,,
10/13/2015,"JEFFERSON","TOWN OF CORNISH",43401,"PROPOSITION",,1,1,1,"FOR THE PROPOSITION - YES",,0,0,21,21,,
10/13/2015,"JEFFERSON","TOWN OF CORNISH",43401,"PROPOSITION",,1,1,2,"AGAINST THE PROPOSITION - NO",,0,0,4,4,,
10/13/2015,"JOHNSTON","MILL CREEK PUBLIC SCHOOLS INDEPENDENT SCHOOL DISTRICT NO. 002",53501,"PROPOSITION  MILL CREEK PUBLIC SCHOOLS",,5,5,1,"FOR THE PROPOSITION - YES",,0,1,91,92,,
10/13/2015,"JOHNSTON","MILL CREEK PUBLIC SCHOOLS INDEPENDENT SCHOOL DISTRICT NO. 002",53501,"PROPOSITION  MILL CREEK PUBLIC SCHOOLS",,5,5,2,"AGAINST THE PROPOSITION - NO",,0,1,20,21,,
10/13/2015,"KAY","PONCA CITY PUBLIC SCHOOLS INDEPENDENT SCHOOL DISTRICT NO. 071",53601,"PROPOSITION NO. 1  PONCA CITY PUBLIC SCHOOLS",,16,16,1,"FOR THE PROPOSITION - YES",,15,30,1943,1988,,
10/13/2015,"KAY","PONCA CITY PUBLIC SCHOOLS INDEPENDENT SCHOOL DISTRICT NO. 071",53601,"PROPOSITION NO. 1  PONCA CITY PUBLIC SCHOOLS",,16,16,2,"AGAINST THE PROPOSITION - NO",,5,13,418,436,,
10/13/2015,"KAY","PONCA CITY PUBLIC SCHOOLS INDEPENDENT SCHOOL DISTRICT NO. 071",53602,"PROPOSITION NO. 2  PONCA CITY PUBLIC SCHOOLS",,16,16,1,"FOR THE PROPOSITION - YES",,16,35,2058,2109,,
10/13/2015,"KAY","PONCA CITY PUBLIC SCHOOLS INDEPENDENT SCHOOL DISTRICT NO. 071",53602,"PROPOSITION NO. 2  PONCA CITY PUBLIC SCHOOLS",,16,16,2,"AGAINST THE PROPOSITION - NO",,4,7,357,368,,
10/13/2015,"KINGFISHER","DOVER PUBLIC SCHOOLS INDEPENDENT SCHOOL DISTRICT NO. 002",53701,"PROPOSITION NO. 1  DOVER PUBLIC SCHOOLS",,5,5,1,"FOR THE PROPOSITION - YES",,2,1,118,121,,
10/13/2015,"KINGFISHER","DOVER PUBLIC SCHOOLS INDEPENDENT SCHOOL DISTRICT NO. 002",53701,"PROPOSITION NO. 1  DOVER PUBLIC SCHOOLS",,5,5,2,"AGAINST THE PROPOSITION - NO",,2,1,11,14,,
10/13/2015,"KINGFISHER","DOVER PUBLIC SCHOOLS INDEPENDENT SCHOOL DISTRICT NO. 002",53702,"PROPOSITION NO. 2  DOVER PUBLIC SCHOOLS",,5,5,1,"FOR THE PROPOSITION - YES",,2,1,117,120,,
10/13/2015,"KINGFISHER","DOVER PUBLIC SCHOOLS INDEPENDENT SCHOOL DISTRICT NO. 002",53702,"PROPOSITION NO. 2  DOVER PUBLIC SCHOOLS",,5,5,2,"AGAINST THE PROPOSITION - NO",,2,1,10,13,,
10/13/2015,"LEFLORE","POCOLA PUBLIC SCHOOLS INDEPENDENT SCHOOL DISTRICT NO. 007",54001,"PROPOSITION  POCOLA PUBLIC SCHOOLS",,2,2,1,"FOR THE PROPOSITION - YES",,5,2,301,308,,
10/13/2015,"LEFLORE","POCOLA PUBLIC SCHOOLS INDEPENDENT SCHOOL DISTRICT NO. 007",54001,"PROPOSITION  POCOLA PUBLIC SCHOOLS",,2,2,2,"AGAINST THE PROPOSITION - NO",,3,0,260,263,,
10/13/2015,"LINCOLN","WHITE ROCK PUBLIC SCHOOL ELEMENTARY SCHOOL DISTRICT NO. 005",54101,"PROPOSITION NO. 1  WHITE ROCK PUBLIC SCHOOL",,4,4,1,"FOR THE PROPOSITION - YES",,2,0,57,59,,
10/13/2015,"LINCOLN","WHITE ROCK PUBLIC SCHOOL ELEMENTARY SCHOOL DISTRICT NO. 005",54101,"PROPOSITION NO. 1  WHITE ROCK PUBLIC SCHOOL",,4,4,2,"AGAINST THE PROPOSITION - NO",,4,1,40,45,,
10/13/2015,"LINCOLN","WHITE ROCK PUBLIC SCHOOL ELEMENTARY SCHOOL DISTRICT NO. 005",54102,"PROPOSITION NO. 2  WHITE ROCK PUBLIC SCHOOL",,4,4,1,"FOR THE PROPOSITION - YES",,2,0,64,66,,
10/13/2015,"LINCOLN","WHITE ROCK PUBLIC SCHOOL ELEMENTARY SCHOOL DISTRICT NO. 005",54102,"PROPOSITION NO. 2  WHITE ROCK PUBLIC SCHOOL",,4,4,2,"AGAINST THE PROPOSITION - NO",,4,1,36,41,,
10/13/2015,"LINCOLN","HARRAH PUBLIC SCHOOLS INDEPENDENT SCHOOL DISTRICT NO. 007",55501,"PROPOSITION NO. 1  HARRAH PUBLIC SCHOOLS",,2,2,1,"FOR THE PROPOSITION - YES",,2,0,58,60,,
10/13/2015,"LINCOLN","HARRAH PUBLIC SCHOOLS INDEPENDENT SCHOOL DISTRICT NO. 007",55501,"PROPOSITION NO. 1  HARRAH PUBLIC SCHOOLS",,2,2,2,"AGAINST THE PROPOSITION - NO",,1,0,10,11,,
10/13/2015,"LINCOLN","HARRAH PUBLIC SCHOOLS INDEPENDENT SCHOOL DISTRICT NO. 007",55502,"PROPOSITION NO. 2  HARRAH PUBLIC SCHOOLS",,2,2,1,"FOR THE PROPOSITION - YES",,2,0,59,61,,
10/13/2015,"LINCOLN","HARRAH PUBLIC SCHOOLS INDEPENDENT SCHOOL DISTRICT NO. 007",55502,"PROPOSITION NO. 2  HARRAH PUBLIC SCHOOLS",,2,2,2,"AGAINST THE PROPOSITION - NO",,1,0,9,10,,
10/13/2015,"LINCOLN","LUTHER PUBLIC SCHOOLS INDEPENDENT SCHOOL DISTRICT NO. 003",55503,"PROPOSITION  LUTHER PUBLIC SCHOOLS",,2,2,1,"FOR THE PROPOSITION - YES",,0,0,1,1,,
10/13/2015,"LINCOLN","LUTHER PUBLIC SCHOOLS INDEPENDENT SCHOOL DISTRICT NO. 003",55503,"PROPOSITION  LUTHER PUBLIC SCHOOLS",,2,2,2,"AGAINST THE PROPOSITION - NO",,0,0,8,8,,
10/13/2015,"LOGAN","TOWN OF CEDAR VALLEY",44201,"PROPOSITION  TOWN OF CEDAR VALLEY",,1,1,1,"FOR THE PROPOSITION - YES",,6,19,60,85,,
10/13/2015,"LOGAN","TOWN OF CEDAR VALLEY",44201,"PROPOSITION  TOWN OF CEDAR VALLEY",,1,1,2,"AGAINST THE PROPOSITION - NO",,1,0,13,14,,
10/13/2015,"LOGAN","LUTHER PUBLIC SCHOOLS INDEPENDENT SCHOOL DISTRICT NO. 003",55503,"PROPOSITION  LUTHER PUBLIC SCHOOLS",,2,2,1,"FOR THE PROPOSITION - YES",,4,0,0,4,,
10/13/2015,"LOGAN","LUTHER PUBLIC SCHOOLS INDEPENDENT SCHOOL DISTRICT NO. 003",55503,"PROPOSITION  LUTHER PUBLIC SCHOOLS",,2,2,2,"AGAINST THE PROPOSITION - NO",,15,0,38,53,,
10/13/2015,"MCCLAIN","MCCLAIN COUNTY",30002,"COUNTY QUESTION",,26,26,1,"FOR THE PROPOSITION - YES",,65,94,675,834,,
10/13/2015,"MCCLAIN","MCCLAIN COUNTY",30002,"COUNTY QUESTION",,26,26,2,"AGAINST THE PROPOSITION - NO",,106,77,2604,2787,,
10/13/2015,"MCCLAIN","ALEX PUBLIC SCHOOLS INDEPENDENT SCHOOL DISTRICT NO. 056",52601,"PROPOSITION  ALEX PUBLIC SCHOOLS",,1,1,1,"FOR THE PROPOSITION - YES",,0,0,0,0,,
10/13/2015,"MCCLAIN","ALEX PUBLIC SCHOOLS INDEPENDENT SCHOOL DISTRICT NO. 056",52601,"PROPOSITION  ALEX PUBLIC SCHOOLS",,1,1,2,"AGAINST THE PROPOSITION - NO",,0,0,4,4,,
10/13/2015,"MCCURTAIN","TOWN OF WRIGHT CITY",44501,"PROPOSITION  TOWN OF WRIGHT CITY",,1,1,1,"FOR THE PROPOSITION - YES",,0,0,42,42,,
10/13/2015,"MCCURTAIN","TOWN OF WRIGHT CITY",44501,"PROPOSITION  TOWN OF WRIGHT CITY",,1,1,2,"AGAINST THE PROPOSITION - NO",,0,0,0,0,,
10/13/2015,"MARSHALL","MARSHALL COUNTY",30001,"COUNTY QUESTION",,11,11,1,"FOR THE PROPOSITION - YES",,33,29,477,539,,
10/13/2015,"MARSHALL","MARSHALL COUNTY",30001,"COUNTY QUESTION",,11,11,2,"AGAINST THE PROPOSITION - NO",,27,26,474,527,,
10/13/2015,"MAYES","VINITA PUBLIC SCHOOLS INDEPENDENT SCHOOL DISTRICT NO. 065",51801,"PROPOSITION  VINITA PUBLIC SCHOOLS",,2,2,1,"FOR THE PROPOSITION - YES",,0,0,2,2,,
10/13/2015,"MAYES","VINITA PUBLIC SCHOOLS INDEPENDENT SCHOOL DISTRICT NO. 065",51801,"PROPOSITION  VINITA PUBLIC SCHOOLS",,2,2,2,"AGAINST THE PROPOSITION - NO",,0,0,1,1,,
10/13/2015,"MURRAY","MILL CREEK PUBLIC SCHOOLS INDEPENDENT SCHOOL DISTRICT NO. 002",53501,"PROPOSITION  MILL CREEK PUBLIC SCHOOLS",,1,1,1,"FOR THE PROPOSITION - YES",,0,3,0,3,,
10/13/2015,"MURRAY","MILL CREEK PUBLIC SCHOOLS INDEPENDENT SCHOOL DISTRICT NO. 002",53501,"PROPOSITION  MILL CREEK PUBLIC SCHOOLS",,1,1,2,"AGAINST THE PROPOSITION - NO",,5,0,0,5,,
10/13/2015,"MURRAY","SULPHUR PUBLIC SCHOOLS INDEPENDENT SCHOOL DISTRICT NO. 001",55001,"PROPOSITION  SULPHUR PUBLIC SCHOOLS",,9,9,1,"FOR THE PROPOSITION - YES",,12,76,388,476,,
10/13/2015,"MURRAY","SULPHUR PUBLIC SCHOOLS INDEPENDENT SCHOOL DISTRICT NO. 001",55001,"PROPOSITION  SULPHUR PUBLIC SCHOOLS",,9,9,2,"AGAINST THE PROPOSITION - NO",,6,5,74,85,,
10/13/2015,"NOBLE","TOWN OF MORRISON",45201,"PROPOSITION NO. 1  TOWN OF MORRISON",,1,1,1,"FOR THE PROPOSITION - YES",,0,1,35,36,,
10/13/2015,"NOBLE","TOWN OF MORRISON",45201,"PROPOSITION NO. 1  TOWN OF MORRISON",,1,1,2,"AGAINST THE PROPOSITION - NO",,0,1,8,9,,
10/13/2015,"NOBLE","TOWN OF MORRISON",45202,"PROPOSITION NO. 2  TOWN OF MORRISON",,1,1,1,"FOR THE PROPOSITION - YES",,0,1,35,36,,
10/13/2015,"NOBLE","TOWN OF MORRISON",45202,"PROPOSITION NO. 2  TOWN OF MORRISON",,1,1,2,"AGAINST THE PROPOSITION - NO",,0,1,8,9,,
10/13/2015,"NOBLE","PONCA CITY PUBLIC SCHOOLS INDEPENDENT SCHOOL DISTRICT NO. 071",53601,"PROPOSITION NO. 1  PONCA CITY PUBLIC SCHOOLS",,1,1,1,"FOR THE PROPOSITION - YES",,0,0,0,0,,
10/13/2015,"NOBLE","PONCA CITY PUBLIC SCHOOLS INDEPENDENT SCHOOL DISTRICT NO. 071",53601,"PROPOSITION NO. 1  PONCA CITY PUBLIC SCHOOLS",,1,1,2,"AGAINST THE PROPOSITION - NO",,0,0,0,0,,
10/13/2015,"NOBLE","PONCA CITY PUBLIC SCHOOLS INDEPENDENT SCHOOL DISTRICT NO. 071",53602,"PROPOSITION NO. 2  PONCA CITY PUBLIC SCHOOLS",,1,1,1,"FOR THE PROPOSITION - YES",,0,0,0,0,,
10/13/2015,"NOBLE","PONCA CITY PUBLIC SCHOOLS INDEPENDENT SCHOOL DISTRICT NO. 071",53602,"PROPOSITION NO. 2  PONCA CITY PUBLIC SCHOOLS",,1,1,2,"AGAINST THE PROPOSITION - NO",,0,0,0,0,,
10/13/2015,"OKLAHOMA","MOORE PUBLIC SCHOOLS INDEPENDENT SCHOOL DISTRICT NO. 002",51401,"PROPOSITION NO. 1  MOORE PUBLIC SCHOOLS",,11,11,1,"FOR THE PROPOSITION - YES",,17,0,131,148,,
10/13/2015,"OKLAHOMA","MOORE PUBLIC SCHOOLS INDEPENDENT SCHOOL DISTRICT NO. 002",51401,"PROPOSITION NO. 1  MOORE PUBLIC SCHOOLS",,11,11,2,"AGAINST THE PROPOSITION - NO",,18,0,18,36,,
10/13/2015,"OKLAHOMA","MOORE PUBLIC SCHOOLS INDEPENDENT SCHOOL DISTRICT NO. 002",51402,"PROPOSITION NO. 2  MOORE PUBLIC SCHOOLS",,11,11,1,"FOR THE PROPOSITION - YES",,18,0,129,147,,
10/13/2015,"OKLAHOMA","MOORE PUBLIC SCHOOLS INDEPENDENT SCHOOL DISTRICT NO. 002",51402,"PROPOSITION NO. 2  MOORE PUBLIC SCHOOLS",,11,11,2,"AGAINST THE PROPOSITION - NO",,19,0,20,39,,
10/13/2015,"OKLAHOMA","HARRAH PUBLIC SCHOOLS INDEPENDENT SCHOOL DISTRICT NO. 007",55501,"PROPOSITION NO. 1  HARRAH PUBLIC SCHOOLS",,5,5,1,"FOR THE PROPOSITION - YES",,24,2,799,825,,
10/13/2015,"OKLAHOMA","HARRAH PUBLIC SCHOOLS INDEPENDENT SCHOOL DISTRICT NO. 007",55501,"PROPOSITION NO. 1  HARRAH PUBLIC SCHOOLS",,5,5,2,"AGAINST THE PROPOSITION - NO",,14,0,125,139,,
10/13/2015,"OKLAHOMA","HARRAH PUBLIC SCHOOLS INDEPENDENT SCHOOL DISTRICT NO. 007",55502,"PROPOSITION NO. 2  HARRAH PUBLIC SCHOOLS",,5,5,1,"FOR THE PROPOSITION - YES",,28,2,815,845,,
10/13/2015,"OKLAHOMA","HARRAH PUBLIC SCHOOLS INDEPENDENT SCHOOL DISTRICT NO. 007",55502,"PROPOSITION NO. 2  HARRAH PUBLIC SCHOOLS",,5,5,2,"AGAINST THE PROPOSITION - NO",,10,0,122,132,,
10/13/2015,"OKLAHOMA","LUTHER PUBLIC SCHOOLS INDEPENDENT SCHOOL DISTRICT NO. 003",55503,"PROPOSITION  LUTHER PUBLIC SCHOOLS",,5,5,1,"FOR THE PROPOSITION - YES",,2,0,97,99,,
10/13/2015,"OKLAHOMA","LUTHER PUBLIC SCHOOLS INDEPENDENT SCHOOL DISTRICT NO. 003",55503,"PROPOSITION  LUTHER PUBLIC SCHOOLS",,5,5,2,"AGAINST THE PROPOSITION - NO",,19,1,550,570,,
10/13/2015,"OSAGE","CITY OF SAND SPRINGS",47202,"PROPOSITION NO. 1  CITY OF SAND SPRINGS",,3,3,1,"FOR THE PROPOSITION - YES",,1,0,11,12,,
10/13/2015,"OSAGE","CITY OF SAND SPRINGS",47202,"PROPOSITION NO. 1  CITY OF SAND SPRINGS",,3,3,2,"AGAINST THE PROPOSITION - NO",,0,0,6,6,,
10/13/2015,"OSAGE","CITY OF SAND SPRINGS",47203,"PROPOSITION NO. 2  CITY OF SAND SPRINGS",,3,3,1,"FOR THE PROPOSITION - YES",,1,0,10,11,,
10/13/2015,"OSAGE","CITY OF SAND SPRINGS",47203,"PROPOSITION NO. 2  CITY OF SAND SPRINGS",,3,3,2,"AGAINST THE PROPOSITION - NO",,0,0,7,7,,
10/13/2015,"OSAGE","PONCA CITY PUBLIC SCHOOLS INDEPENDENT SCHOOL DISTRICT NO. 071",53601,"PROPOSITION NO. 1  PONCA CITY PUBLIC SCHOOLS",,2,2,1,"FOR THE PROPOSITION - YES",,1,0,24,25,,
10/13/2015,"OSAGE","PONCA CITY PUBLIC SCHOOLS INDEPENDENT SCHOOL DISTRICT NO. 071",53601,"PROPOSITION NO. 1  PONCA CITY PUBLIC SCHOOLS",,2,2,2,"AGAINST THE PROPOSITION - NO",,3,0,1,4,,
10/13/2015,"OSAGE","PONCA CITY PUBLIC SCHOOLS INDEPENDENT SCHOOL DISTRICT NO. 071",53602,"PROPOSITION NO. 2  PONCA CITY PUBLIC SCHOOLS",,2,2,1,"FOR THE PROPOSITION - YES",,1,0,25,26,,
10/13/2015,"OSAGE","PONCA CITY PUBLIC SCHOOLS INDEPENDENT SCHOOL DISTRICT NO. 071",53602,"PROPOSITION NO. 2  PONCA CITY PUBLIC SCHOOLS",,2,2,2,"AGAINST THE PROPOSITION - NO",,3,0,0,3,,
10/13/2015,"OSAGE","CANEY VALLEY PUBLIC SCHOOLS INDEPENDENT SCHOOL DISTRICT NO. 018",57401,"PROPOSITION NO. 1  CANEY VALLEY PUBLIC SCHOOLS",,1,1,1,"FOR THE PROPOSITION - YES",,0,0,2,2,,
10/13/2015,"OSAGE","CANEY VALLEY PUBLIC SCHOOLS INDEPENDENT SCHOOL DISTRICT NO. 018",57401,"PROPOSITION NO. 1  CANEY VALLEY PUBLIC SCHOOLS",,1,1,2,"AGAINST THE PROPOSITION - NO",,0,0,0,0,,
10/13/2015,"OSAGE","CANEY VALLEY PUBLIC SCHOOLS INDEPENDENT SCHOOL DISTRICT NO. 018",57402,"PROPOSITION NO. 2  CANEY VALLEY PUBLIC SCHOOLS",,1,1,1,"FOR THE PROPOSITION - YES",,0,0,2,2,,
10/13/2015,"OSAGE","CANEY VALLEY PUBLIC SCHOOLS INDEPENDENT SCHOOL DISTRICT NO. 018",57402,"PROPOSITION NO. 2  CANEY VALLEY PUBLIC SCHOOLS",,1,1,2,"AGAINST THE PROPOSITION - NO",,0,0,0,0,,
10/13/2015,"PITTSBURG","CITY OF HARTSHORNE",46101,"PROPOSITION  CITY OF HARTSHORNE",,3,3,1,"FOR THE PROPOSITION - YES",,4,0,90,94,,
10/13/2015,"PITTSBURG","CITY OF HARTSHORNE",46101,"PROPOSITION  CITY OF HARTSHORNE",,3,3,2,"AGAINST THE PROPOSITION - NO",,1,0,10,11,,
10/13/2015,"PITTSBURG","CITY OF MCALESTER",46102,"PROPOSITION  CITY OF MCALESTER",,17,17,1,"FOR THE PROPOSITION - YES",,7,26,288,321,,
10/13/2015,"PITTSBURG","CITY OF MCALESTER",46102,"PROPOSITION  CITY OF MCALESTER",,17,17,2,"AGAINST THE PROPOSITION - NO",,18,30,443,491,,
10/13/2015,"POTTAWATOMIE","HARRAH PUBLIC SCHOOLS INDEPENDENT SCHOOL DISTRICT NO. 007",55501,"PROPOSITION NO. 1  HARRAH PUBLIC SCHOOLS",,1,1,1,"FOR THE PROPOSITION - YES",,0,0,11,11,,
10/13/2015,"POTTAWATOMIE","HARRAH PUBLIC SCHOOLS INDEPENDENT SCHOOL DISTRICT NO. 007",55501,"PROPOSITION NO. 1  HARRAH PUBLIC SCHOOLS",,1,1,2,"AGAINST THE PROPOSITION - NO",,0,0,0,0,,
10/13/2015,"POTTAWATOMIE","HARRAH PUBLIC SCHOOLS INDEPENDENT SCHOOL DISTRICT NO. 007",55502,"PROPOSITION NO. 2  HARRAH PUBLIC SCHOOLS",,1,1,1,"FOR THE PROPOSITION - YES",,0,0,11,11,,
10/13/2015,"POTTAWATOMIE","HARRAH PUBLIC SCHOOLS INDEPENDENT SCHOOL DISTRICT NO. 007",55502,"PROPOSITION NO. 2  HARRAH PUBLIC SCHOOLS",,1,1,2,"AGAINST THE PROPOSITION - NO",,0,0,0,0,,
10/13/2015,"POTTAWATOMIE","STROTHER PUBLIC SCHOOLS INDEPENDENT SCHOOL DISTRICT NO. 014",56701,"PROPOSITION  STROTHER PUBLIC SCHOOLS",,1,1,1,"FOR THE PROPOSITION - YES",,0,0,0,0,,
10/13/2015,"POTTAWATOMIE","STROTHER PUBLIC SCHOOLS INDEPENDENT SCHOOL DISTRICT NO. 014",56701,"PROPOSITION  STROTHER PUBLIC SCHOOLS",,1,1,2,"AGAINST THE PROPOSITION - NO",,0,0,5,5,,
10/13/2015,"ROGERS","OWASSO PUBLIC SCHOOLS INDEPENDENT SCHOOL DISTRICT NO. 011",57201,"PROPOSITION NO. 1  OWASSO PUBLIC SCHOOLS",,7,7,1,"FOR THE PROPOSITION - YES",,22,0,308,330,,
10/13/2015,"ROGERS","OWASSO PUBLIC SCHOOLS INDEPENDENT SCHOOL DISTRICT NO. 011",57201,"PROPOSITION NO. 1  OWASSO PUBLIC SCHOOLS",,7,7,2,"AGAINST THE PROPOSITION - NO",,21,2,50,73,,
10/13/2015,"ROGERS","OWASSO PUBLIC SCHOOLS INDEPENDENT SCHOOL DISTRICT NO. 011",57202,"PROPOSITION NO. 2  OWASSO PUBLIC SCHOOLS",,7,7,1,"FOR THE PROPOSITION - YES",,23,2,317,342,,
10/13/2015,"ROGERS","OWASSO PUBLIC SCHOOLS INDEPENDENT SCHOOL DISTRICT NO. 011",57202,"PROPOSITION NO. 2  OWASSO PUBLIC SCHOOLS",,7,7,2,"AGAINST THE PROPOSITION - NO",,19,0,44,63,,
10/13/2015,"SEMINOLE","STROTHER PUBLIC SCHOOLS INDEPENDENT SCHOOL DISTRICT NO. 014",56701,"PROPOSITION  STROTHER PUBLIC SCHOOLS",,4,4,1,"FOR THE PROPOSITION - YES",,1,2,101,104,,
10/13/2015,"SEMINOLE","STROTHER PUBLIC SCHOOLS INDEPENDENT SCHOOL DISTRICT NO. 014",56701,"PROPOSITION  STROTHER PUBLIC SCHOOLS",,4,4,2,"AGAINST THE PROPOSITION - NO",,3,1,102,106,,
10/13/2015,"SEQUOYAH","TOWN OF GORE",46801,"PROPOSITION  TOWN OF GORE",,2,2,1,"FOR THE PROPOSITION - YES",,10,0,111,121,,
10/13/2015,"SEQUOYAH","TOWN OF GORE",46801,"PROPOSITION  TOWN OF GORE",,2,2,2,"AGAINST THE PROPOSITION - NO",,3,0,15,18,,
10/13/2015,"TEXAS","TOWN OF GOODWELL",47001,"PROPOSITION  TOWN OF GOODWELL",,1,1,1,"FOR THE PROPOSITION - YES",,0,1,26,27,,
10/13/2015,"TEXAS","TOWN OF GOODWELL",47001,"PROPOSITION  TOWN OF GOODWELL",,1,1,2,"AGAINST THE PROPOSITION - NO",,0,0,3,3,,
10/13/2015,"TEXAS","HOOKER PUBLIC SCHOOLS INDEPENDENT SCHOOL DISTRICT NO. 023",57001,"PROPOSITION  HOOKER PUBLIC SCHOOLS",,5,5,1,"FOR THE PROPOSITION - YES",,9,3,183,195,,
10/13/2015,"TEXAS","HOOKER PUBLIC SCHOOLS INDEPENDENT SCHOOL DISTRICT NO. 023",57001,"PROPOSITION  HOOKER PUBLIC SCHOOLS",,5,5,2,"AGAINST THE PROPOSITION - NO",,5,10,208,223,,
10/13/2015,"TULSA","CITY OF SAND SPRINGS",47202,"PROPOSITION NO. 1  CITY OF SAND SPRINGS",,10,10,1,"FOR THE PROPOSITION - YES",,23,11,848,882,,
10/13/2015,"TULSA","CITY OF SAND SPRINGS",47202,"PROPOSITION NO. 1  CITY OF SAND SPRINGS",,10,10,2,"AGAINST THE PROPOSITION - NO",,14,2,190,206,,
10/13/2015,"TULSA","CITY OF SAND SPRINGS",47203,"PROPOSITION NO. 2  CITY OF SAND SPRINGS",,10,10,1,"FOR THE PROPOSITION - YES",,24,11,822,857,,
10/13/2015,"TULSA","CITY OF SAND SPRINGS",47203,"PROPOSITION NO. 2  CITY OF SAND SPRINGS",,10,10,2,"AGAINST THE PROPOSITION - NO",,13,2,222,237,,
10/13/2015,"TULSA","OWASSO PUBLIC SCHOOLS INDEPENDENT SCHOOL DISTRICT NO. 011",57201,"PROPOSITION NO. 1  OWASSO PUBLIC SCHOOLS",,17,17,1,"FOR THE PROPOSITION - YES",,41,0,831,872,,
10/13/2015,"TULSA","OWASSO PUBLIC SCHOOLS INDEPENDENT SCHOOL DISTRICT NO. 011",57201,"PROPOSITION NO. 1  OWASSO PUBLIC SCHOOLS",,17,17,2,"AGAINST THE PROPOSITION - NO",,18,0,174,192,,
10/13/2015,"TULSA","OWASSO PUBLIC SCHOOLS INDEPENDENT SCHOOL DISTRICT NO. 011",57202,"PROPOSITION NO. 2  OWASSO PUBLIC SCHOOLS",,17,17,1,"FOR THE PROPOSITION - YES",,44,0,834,878,,
10/13/2015,"TULSA","OWASSO PUBLIC SCHOOLS INDEPENDENT SCHOOL DISTRICT NO. 011",57202,"PROPOSITION NO. 2  OWASSO PUBLIC SCHOOLS",,17,17,2,"AGAINST THE PROPOSITION - NO",,15,0,175,190,,
10/13/2015,"WASHINGTON","CITY OF BARTLESVILLE",47401,"PROPOSITION NO. 1  CITY OF BARTLESVILLE",,14,14,1,"FOR THE PROPOSITION - YES",,27,179,1781,1987,,
10/13/2015,"WASHINGTON","CITY OF BARTLESVILLE",47401,"PROPOSITION NO. 1  CITY OF BARTLESVILLE",,14,14,2,"AGAINST THE PROPOSITION - NO",,20,31,918,969,,
10/13/2015,"WASHINGTON","CITY OF BARTLESVILLE",47402,"PROPOSITION NO. 2  CITY OF BARTLESVILLE",,14,14,1,"FOR THE PROPOSITION - YES",,24,167,1589,1780,,
10/13/2015,"WASHINGTON","CITY OF BARTLESVILLE",47402,"PROPOSITION NO. 2  CITY OF BARTLESVILLE",,14,14,2,"AGAINST THE PROPOSITION - NO",,23,44,1104,1171,,
10/13/2015,"WASHINGTON","CITY OF DEWEY",47403,"PROPOSITION  CITY OF DEWEY",,3,3,1,"FOR THE PROPOSITION - YES",,1,0,113,114,,
10/13/2015,"WASHINGTON","CITY OF DEWEY",47403,"PROPOSITION  CITY OF DEWEY",,3,3,2,"AGAINST THE PROPOSITION - NO",,0,1,32,33,,
10/13/2015,"WASHINGTON","TOWN OF COPAN",47404,"PROPOSITION NO. 1  TOWN OF COPAN",,1,1,1,"FOR THE PROPOSITION - YES",,0,0,71,71,,
10/13/2015,"WASHINGTON","TOWN OF COPAN",47404,"PROPOSITION NO. 1  TOWN OF COPAN",,1,1,2,"AGAINST THE PROPOSITION - NO",,3,0,91,94,,
10/13/2015,"WASHINGTON","TOWN OF COPAN",47405,"PROPOSITION NO. 2  TOWN OF COPAN",,1,1,1,"FOR THE PROPOSITION - YES",,0,0,73,73,,
10/13/2015,"WASHINGTON","TOWN OF COPAN",47405,"PROPOSITION NO. 2  TOWN OF COPAN",,1,1,2,"AGAINST THE PROPOSITION - NO",,3,0,90,93,,
10/13/2015,"WASHINGTON","CANEY VALLEY PUBLIC SCHOOLS INDEPENDENT SCHOOL DISTRICT NO. 018",57401,"PROPOSITION NO. 1  CANEY VALLEY PUBLIC SCHOOLS",,6,6,1,"FOR THE PROPOSITION - YES",,4,4,241,249,,
10/13/2015,"WASHINGTON","CANEY VALLEY PUBLIC SCHOOLS INDEPENDENT SCHOOL DISTRICT NO. 018",57401,"PROPOSITION NO. 1  CANEY VALLEY PUBLIC SCHOOLS",,6,6,2,"AGAINST THE PROPOSITION - NO",,0,2,34,36,,
10/13/2015,"WASHINGTON","CANEY VALLEY PUBLIC SCHOOLS INDEPENDENT SCHOOL DISTRICT NO. 018",57402,"PROPOSITION NO. 2  CANEY VALLEY PUBLIC SCHOOLS",,6,6,1,"FOR THE PROPOSITION - YES",,4,4,238,246,,
10/13/2015,"WASHINGTON","CANEY VALLEY PUBLIC SCHOOLS INDEPENDENT SCHOOL DISTRICT NO. 018",57402,"PROPOSITION NO. 2  CANEY VALLEY PUBLIC SCHOOLS",,6,6,2,"AGAINST THE PROPOSITION - NO",,0,2,36,38,,
