elec_date,precinct,entity_description,race_number,race_description,race_party,tot_race_prec,race_prec_reporting,cand_number,cand_name,cand_party,cand_absmail_votes,cand_early_votes,cand_elecday_votes,cand_tot_votes,race_county_owner
5/9/2017,"160009","CACHE PUBLIC SCHOOLS INDEPENDENT SCHOOL DISTRICT NO. 001",51601,"PROPOSITION  CACHE PUBLIC SCHOOLS",,5,5,1,"FOR THE PROPOSITION - YES",,0,0,5,5,,
5/9/2017,"160009","CACHE PUBLIC SCHOOLS INDEPENDENT SCHOOL DISTRICT NO. 001",51601,"PROPOSITION  CACHE PUBLIC SCHOOLS",,5,5,2,"AGAINST THE PROPOSITION - NO",,0,0,0,0,,
5/9/2017,"160035","CACHE PUBLIC SCHOOLS INDEPENDENT SCHOOL DISTRICT NO. 001",51601,"PROPOSITION  CACHE PUBLIC SCHOOLS",,5,5,1,"FOR THE PROPOSITION - YES",,0,0,12,12,,
5/9/2017,"160035","CACHE PUBLIC SCHOOLS INDEPENDENT SCHOOL DISTRICT NO. 001",51601,"PROPOSITION  CACHE PUBLIC SCHOOLS",,5,5,2,"AGAINST THE PROPOSITION - NO",,0,0,10,10,,
5/9/2017,"160041","CACHE PUBLIC SCHOOLS INDEPENDENT SCHOOL DISTRICT NO. 001",51601,"PROPOSITION  CACHE PUBLIC SCHOOLS",,5,5,1,"FOR THE PROPOSITION - YES",,3,0,18,21,,
5/9/2017,"160041","CACHE PUBLIC SCHOOLS INDEPENDENT SCHOOL DISTRICT NO. 001",51601,"PROPOSITION  CACHE PUBLIC SCHOOLS",,5,5,2,"AGAINST THE PROPOSITION - NO",,0,0,3,3,,
5/9/2017,"160042","CACHE PUBLIC SCHOOLS INDEPENDENT SCHOOL DISTRICT NO. 001",51601,"PROPOSITION  CACHE PUBLIC SCHOOLS",,5,5,1,"FOR THE PROPOSITION - YES",,17,15,306,338,,
5/9/2017,"160042","CACHE PUBLIC SCHOOLS INDEPENDENT SCHOOL DISTRICT NO. 001",51601,"PROPOSITION  CACHE PUBLIC SCHOOLS",,5,5,2,"AGAINST THE PROPOSITION - NO",,14,10,149,173,,
5/9/2017,"160045","CACHE PUBLIC SCHOOLS INDEPENDENT SCHOOL DISTRICT NO. 001",51601,"PROPOSITION  CACHE PUBLIC SCHOOLS",,5,5,1,"FOR THE PROPOSITION - YES",,4,4,82,90,,
5/9/2017,"160045","CACHE PUBLIC SCHOOLS INDEPENDENT SCHOOL DISTRICT NO. 001",51601,"PROPOSITION  CACHE PUBLIC SCHOOLS",,5,5,2,"AGAINST THE PROPOSITION - NO",,5,2,48,55,,
5/9/2017,"200001","CITY OF CLINTON",42001,"PROPOSITION NO. 1  CITY OF CLINTON",,5,5,1,"FOR THE PROPOSITION - YES",,4,1,65,70,,
5/9/2017,"200001","CITY OF CLINTON",42001,"PROPOSITION NO. 1  CITY OF CLINTON",,5,5,2,"AGAINST THE PROPOSITION - NO",,2,0,10,12,,
5/9/2017,"200001","CITY OF CLINTON",42002,"PROPOSITION NO. 2  CITY OF CLINTON",,5,5,1,"FOR THE PROPOSITION - YES",,3,1,65,69,,
5/9/2017,"200001","CITY OF CLINTON",42002,"PROPOSITION NO. 2  CITY OF CLINTON",,5,5,2,"AGAINST THE PROPOSITION - NO",,3,0,9,12,,
5/9/2017,"200003","CITY OF CLINTON",42001,"PROPOSITION NO. 1  CITY OF CLINTON",,5,5,1,"FOR THE PROPOSITION - YES",,4,7,155,166,,
5/9/2017,"200003","CITY OF CLINTON",42001,"PROPOSITION NO. 1  CITY OF CLINTON",,5,5,2,"AGAINST THE PROPOSITION - NO",,1,0,16,17,,
5/9/2017,"200003","CITY OF CLINTON",42002,"PROPOSITION NO. 2  CITY OF CLINTON",,5,5,1,"FOR THE PROPOSITION - YES",,4,6,153,163,,
5/9/2017,"200003","CITY OF CLINTON",42002,"PROPOSITION NO. 2  CITY OF CLINTON",,5,5,2,"AGAINST THE PROPOSITION - NO",,1,0,17,18,,
5/9/2017,"200005","CITY OF CLINTON",42001,"PROPOSITION NO. 1  CITY OF CLINTON",,5,5,1,"FOR THE PROPOSITION - YES",,10,3,137,150,,
5/9/2017,"200005","CITY OF CLINTON",42001,"PROPOSITION NO. 1  CITY OF CLINTON",,5,5,2,"AGAINST THE PROPOSITION - NO",,0,0,25,25,,
5/9/2017,"200005","CITY OF CLINTON",42002,"PROPOSITION NO. 2  CITY OF CLINTON",,5,5,1,"FOR THE PROPOSITION - YES",,10,3,138,151,,
5/9/2017,"200005","CITY OF CLINTON",42002,"PROPOSITION NO. 2  CITY OF CLINTON",,5,5,2,"AGAINST THE PROPOSITION - NO",,0,0,22,22,,
5/9/2017,"200007","CITY OF CLINTON",42001,"PROPOSITION NO. 1  CITY OF CLINTON",,5,5,1,"FOR THE PROPOSITION - YES",,3,0,29,32,,
5/9/2017,"200007","CITY OF CLINTON",42001,"PROPOSITION NO. 1  CITY OF CLINTON",,5,5,2,"AGAINST THE PROPOSITION - NO",,0,0,2,2,,
5/9/2017,"200007","CITY OF CLINTON",42002,"PROPOSITION NO. 2  CITY OF CLINTON",,5,5,1,"FOR THE PROPOSITION - YES",,3,0,29,32,,
5/9/2017,"200007","CITY OF CLINTON",42002,"PROPOSITION NO. 2  CITY OF CLINTON",,5,5,2,"AGAINST THE PROPOSITION - NO",,0,0,2,2,,
5/9/2017,"280202","KIOWA COUNTY (EMS)",60381,"PROPOSITION  KIOWA COUNTY (EMS)",,10,10,1,"FOR THE PROPOSITION - YES",,0,0,0,0,,
5/9/2017,"280202","KIOWA COUNTY (EMS)",60381,"PROPOSITION  KIOWA COUNTY (EMS)",,10,10,2,"AGAINST THE PROPOSITION - NO",,0,0,0,0,,
5/9/2017,"380001","KIOWA COUNTY (EMS)",60381,"PROPOSITION  KIOWA COUNTY (EMS)",,10,10,1,"FOR THE PROPOSITION - YES",,6,7,28,41,,
5/9/2017,"380001","KIOWA COUNTY (EMS)",60381,"PROPOSITION  KIOWA COUNTY (EMS)",,10,10,2,"AGAINST THE PROPOSITION - NO",,0,0,6,6,,
5/9/2017,"380002","KIOWA COUNTY (EMS)",60381,"PROPOSITION  KIOWA COUNTY (EMS)",,10,10,1,"FOR THE PROPOSITION - YES",,0,2,21,23,,
5/9/2017,"380002","KIOWA COUNTY (EMS)",60381,"PROPOSITION  KIOWA COUNTY (EMS)",,10,10,2,"AGAINST THE PROPOSITION - NO",,0,0,1,1,,
5/9/2017,"380004","KIOWA COUNTY (EMS)",60381,"PROPOSITION  KIOWA COUNTY (EMS)",,10,10,1,"FOR THE PROPOSITION - YES",,1,4,44,49,,
5/9/2017,"380004","KIOWA COUNTY (EMS)",60381,"PROPOSITION  KIOWA COUNTY (EMS)",,10,10,2,"AGAINST THE PROPOSITION - NO",,0,0,3,3,,
5/9/2017,"380005","KIOWA COUNTY (EMS)",60381,"PROPOSITION  KIOWA COUNTY (EMS)",,10,10,1,"FOR THE PROPOSITION - YES",,0,2,0,2,,
5/9/2017,"380005","KIOWA COUNTY (EMS)",60381,"PROPOSITION  KIOWA COUNTY (EMS)",,10,10,2,"AGAINST THE PROPOSITION - NO",,0,0,0,0,,
5/9/2017,"380007","KIOWA COUNTY (EMS)",60381,"PROPOSITION  KIOWA COUNTY (EMS)",,10,10,1,"FOR THE PROPOSITION - YES",,0,0,0,0,,
5/9/2017,"380007","KIOWA COUNTY (EMS)",60381,"PROPOSITION  KIOWA COUNTY (EMS)",,10,10,2,"AGAINST THE PROPOSITION - NO",,0,0,0,0,,
5/9/2017,"380008","KIOWA COUNTY (EMS)",60381,"PROPOSITION  KIOWA COUNTY (EMS)",,10,10,1,"FOR THE PROPOSITION - YES",,0,1,38,39,,
5/9/2017,"380008","KIOWA COUNTY (EMS)",60381,"PROPOSITION  KIOWA COUNTY (EMS)",,10,10,2,"AGAINST THE PROPOSITION - NO",,0,0,13,13,,
5/9/2017,"380009","KIOWA COUNTY (EMS)",60381,"PROPOSITION  KIOWA COUNTY (EMS)",,10,10,1,"FOR THE PROPOSITION - YES",,0,0,2,2,,
5/9/2017,"380009","KIOWA COUNTY (EMS)",60381,"PROPOSITION  KIOWA COUNTY (EMS)",,10,10,2,"AGAINST THE PROPOSITION - NO",,0,0,0,0,,
5/9/2017,"380011","KIOWA COUNTY (EMS)",60381,"PROPOSITION  KIOWA COUNTY (EMS)",,10,10,1,"FOR THE PROPOSITION - YES",,0,1,8,9,,
5/9/2017,"380011","KIOWA COUNTY (EMS)",60381,"PROPOSITION  KIOWA COUNTY (EMS)",,10,10,2,"AGAINST THE PROPOSITION - NO",,0,0,1,1,,
5/9/2017,"380015","TOWN OF ROOSEVELT",43801,"PROPOSITION  TOWN OF ROOSEVELT",,1,1,1,"FOR THE PROPOSITION - YES",,0,0,28,28,,
5/9/2017,"380015","TOWN OF ROOSEVELT",43801,"PROPOSITION  TOWN OF ROOSEVELT",,1,1,2,"AGAINST THE PROPOSITION - NO",,0,0,1,1,,
5/9/2017,"380015","KIOWA COUNTY (EMS)",60381,"PROPOSITION  KIOWA COUNTY (EMS)",,10,10,1,"FOR THE PROPOSITION - YES",,0,0,0,0,,
5/9/2017,"380015","KIOWA COUNTY (EMS)",60381,"PROPOSITION  KIOWA COUNTY (EMS)",,10,10,2,"AGAINST THE PROPOSITION - NO",,0,0,0,0,,
5/9/2017,"410001","DAVENPORT PUBLIC SCHOOLS INDEPENDENT SCHOOL DISTRICT NO. 003",54101,"PROPOSITION  DAVENPORT PUBLIC SCHOOLS",,5,5,1,"FOR THE PROPOSITION - YES",,0,0,0,0,,
5/9/2017,"410001","DAVENPORT PUBLIC SCHOOLS INDEPENDENT SCHOOL DISTRICT NO. 003",54101,"PROPOSITION  DAVENPORT PUBLIC SCHOOLS",,5,5,2,"AGAINST THE PROPOSITION - NO",,2,0,0,2,,
5/9/2017,"410002","DAVENPORT PUBLIC SCHOOLS INDEPENDENT SCHOOL DISTRICT NO. 003",54101,"PROPOSITION  DAVENPORT PUBLIC SCHOOLS",,5,5,1,"FOR THE PROPOSITION - YES",,0,0,2,2,,
5/9/2017,"410002","DAVENPORT PUBLIC SCHOOLS INDEPENDENT SCHOOL DISTRICT NO. 003",54101,"PROPOSITION  DAVENPORT PUBLIC SCHOOLS",,5,5,2,"AGAINST THE PROPOSITION - NO",,0,0,0,0,,
5/9/2017,"410003","DAVENPORT PUBLIC SCHOOLS INDEPENDENT SCHOOL DISTRICT NO. 003",54101,"PROPOSITION  DAVENPORT PUBLIC SCHOOLS",,5,5,1,"FOR THE PROPOSITION - YES",,4,5,95,104,,
5/9/2017,"410003","DAVENPORT PUBLIC SCHOOLS INDEPENDENT SCHOOL DISTRICT NO. 003",54101,"PROPOSITION  DAVENPORT PUBLIC SCHOOLS",,5,5,2,"AGAINST THE PROPOSITION - NO",,0,1,26,27,,
5/9/2017,"410012","DAVENPORT PUBLIC SCHOOLS INDEPENDENT SCHOOL DISTRICT NO. 003",54101,"PROPOSITION  DAVENPORT PUBLIC SCHOOLS",,5,5,1,"FOR THE PROPOSITION - YES",,0,0,2,2,,
5/9/2017,"410012","DAVENPORT PUBLIC SCHOOLS INDEPENDENT SCHOOL DISTRICT NO. 003",54101,"PROPOSITION  DAVENPORT PUBLIC SCHOOLS",,5,5,2,"AGAINST THE PROPOSITION - NO",,0,0,0,0,,
5/9/2017,"410017","DAVENPORT PUBLIC SCHOOLS INDEPENDENT SCHOOL DISTRICT NO. 003",54101,"PROPOSITION  DAVENPORT PUBLIC SCHOOLS",,5,5,1,"FOR THE PROPOSITION - YES",,0,0,9,9,,
5/9/2017,"410017","DAVENPORT PUBLIC SCHOOLS INDEPENDENT SCHOOL DISTRICT NO. 003",54101,"PROPOSITION  DAVENPORT PUBLIC SCHOOLS",,5,5,2,"AGAINST THE PROPOSITION - NO",,0,0,0,0,,
5/9/2017,"550234","CROOKED OAK PUBLIC SCHOOLS INDEPENDENT SCHOOL DISTRICT NO. 053",55501,"PROPOSITION  CROOKED OAK PUBLIC SCHOOLS",,6,6,1,"FOR THE PROPOSITION - YES",,0,0,0,0,,
5/9/2017,"550234","CROOKED OAK PUBLIC SCHOOLS INDEPENDENT SCHOOL DISTRICT NO. 053",55501,"PROPOSITION  CROOKED OAK PUBLIC SCHOOLS",,6,6,2,"AGAINST THE PROPOSITION - NO",,0,0,0,0,,
5/9/2017,"550235","CROOKED OAK PUBLIC SCHOOLS INDEPENDENT SCHOOL DISTRICT NO. 053",55501,"PROPOSITION  CROOKED OAK PUBLIC SCHOOLS",,6,6,1,"FOR THE PROPOSITION - YES",,0,0,10,10,,
5/9/2017,"550235","CROOKED OAK PUBLIC SCHOOLS INDEPENDENT SCHOOL DISTRICT NO. 053",55501,"PROPOSITION  CROOKED OAK PUBLIC SCHOOLS",,6,6,2,"AGAINST THE PROPOSITION - NO",,0,0,1,1,,
5/9/2017,"550237","CROOKED OAK PUBLIC SCHOOLS INDEPENDENT SCHOOL DISTRICT NO. 053",55501,"PROPOSITION  CROOKED OAK PUBLIC SCHOOLS",,6,6,1,"FOR THE PROPOSITION - YES",,0,0,0,0,,
5/9/2017,"550237","CROOKED OAK PUBLIC SCHOOLS INDEPENDENT SCHOOL DISTRICT NO. 053",55501,"PROPOSITION  CROOKED OAK PUBLIC SCHOOLS",,6,6,2,"AGAINST THE PROPOSITION - NO",,0,0,0,0,,
5/9/2017,"550238","CROOKED OAK PUBLIC SCHOOLS INDEPENDENT SCHOOL DISTRICT NO. 053",55501,"PROPOSITION  CROOKED OAK PUBLIC SCHOOLS",,6,6,1,"FOR THE PROPOSITION - YES",,0,0,0,0,,
5/9/2017,"550238","CROOKED OAK PUBLIC SCHOOLS INDEPENDENT SCHOOL DISTRICT NO. 053",55501,"PROPOSITION  CROOKED OAK PUBLIC SCHOOLS",,6,6,2,"AGAINST THE PROPOSITION - NO",,0,0,0,0,,
5/9/2017,"550245","CROOKED OAK PUBLIC SCHOOLS INDEPENDENT SCHOOL DISTRICT NO. 053",55501,"PROPOSITION  CROOKED OAK PUBLIC SCHOOLS",,6,6,1,"FOR THE PROPOSITION - YES",,0,0,0,0,,
5/9/2017,"550245","CROOKED OAK PUBLIC SCHOOLS INDEPENDENT SCHOOL DISTRICT NO. 053",55501,"PROPOSITION  CROOKED OAK PUBLIC SCHOOLS",,6,6,2,"AGAINST THE PROPOSITION - NO",,0,0,0,0,,
5/9/2017,"550246","CROOKED OAK PUBLIC SCHOOLS INDEPENDENT SCHOOL DISTRICT NO. 053",55501,"PROPOSITION  CROOKED OAK PUBLIC SCHOOLS",,6,6,1,"FOR THE PROPOSITION - YES",,0,0,11,11,,
5/9/2017,"550246","CROOKED OAK PUBLIC SCHOOLS INDEPENDENT SCHOOL DISTRICT NO. 053",55501,"PROPOSITION  CROOKED OAK PUBLIC SCHOOLS",,6,6,2,"AGAINST THE PROPOSITION - NO",,0,0,1,1,,
5/9/2017,"559999","CROOKED OAK PUBLIC SCHOOLS INDEPENDENT SCHOOL DISTRICT NO. 053",55501,"PROPOSITION  CROOKED OAK PUBLIC SCHOOLS",,6,6,1,"FOR THE PROPOSITION - YES",,6,0,0,6,,
5/9/2017,"559999","CROOKED OAK PUBLIC SCHOOLS INDEPENDENT SCHOOL DISTRICT NO. 053",55501,"PROPOSITION  CROOKED OAK PUBLIC SCHOOLS",,6,6,2,"AGAINST THE PROPOSITION - NO",,3,0,0,3,,
5/9/2017,"590104","PAWNEE PUBLIC SCHOOLS INDEPENDENT SCHOOL DISTRICT NO. 001",55901,"PROPOSITION NO. 1  PAWNEE PUBLIC SCHOOLS",,3,3,1,"FOR THE PROPOSITION - YES",,0,19,74,93,,
5/9/2017,"590104","PAWNEE PUBLIC SCHOOLS INDEPENDENT SCHOOL DISTRICT NO. 001",55901,"PROPOSITION NO. 1  PAWNEE PUBLIC SCHOOLS",,3,3,2,"AGAINST THE PROPOSITION - NO",,0,0,4,4,,
5/9/2017,"590104","PAWNEE PUBLIC SCHOOLS INDEPENDENT SCHOOL DISTRICT NO. 001",55902,"PROPOSITION NO. 2  PAWNEE PUBLIC SCHOOLS",,3,3,1,"FOR THE PROPOSITION - YES",,0,19,75,94,,
5/9/2017,"590104","PAWNEE PUBLIC SCHOOLS INDEPENDENT SCHOOL DISTRICT NO. 001",55902,"PROPOSITION NO. 2  PAWNEE PUBLIC SCHOOLS",,3,3,2,"AGAINST THE PROPOSITION - NO",,0,0,4,4,,
5/9/2017,"590202","PAWNEE PUBLIC SCHOOLS INDEPENDENT SCHOOL DISTRICT NO. 001",55901,"PROPOSITION NO. 1  PAWNEE PUBLIC SCHOOLS",,3,3,1,"FOR THE PROPOSITION - YES",,0,16,105,121,,
5/9/2017,"590202","PAWNEE PUBLIC SCHOOLS INDEPENDENT SCHOOL DISTRICT NO. 001",55901,"PROPOSITION NO. 1  PAWNEE PUBLIC SCHOOLS",,3,3,2,"AGAINST THE PROPOSITION - NO",,2,1,11,14,,
5/9/2017,"590202","PAWNEE PUBLIC SCHOOLS INDEPENDENT SCHOOL DISTRICT NO. 001",55902,"PROPOSITION NO. 2  PAWNEE PUBLIC SCHOOLS",,3,3,1,"FOR THE PROPOSITION - YES",,0,16,107,123,,
5/9/2017,"590202","PAWNEE PUBLIC SCHOOLS INDEPENDENT SCHOOL DISTRICT NO. 001",55902,"PROPOSITION NO. 2  PAWNEE PUBLIC SCHOOLS",,3,3,2,"AGAINST THE PROPOSITION - NO",,2,1,11,14,,
5/9/2017,"590215","PAWNEE PUBLIC SCHOOLS INDEPENDENT SCHOOL DISTRICT NO. 001",55901,"PROPOSITION NO. 1  PAWNEE PUBLIC SCHOOLS",,3,3,1,"FOR THE PROPOSITION - YES",,0,0,0,0,,
5/9/2017,"590215","PAWNEE PUBLIC SCHOOLS INDEPENDENT SCHOOL DISTRICT NO. 001",55901,"PROPOSITION NO. 1  PAWNEE PUBLIC SCHOOLS",,3,3,2,"AGAINST THE PROPOSITION - NO",,0,0,0,0,,
5/9/2017,"590215","PAWNEE PUBLIC SCHOOLS INDEPENDENT SCHOOL DISTRICT NO. 001",55902,"PROPOSITION NO. 2  PAWNEE PUBLIC SCHOOLS",,3,3,1,"FOR THE PROPOSITION - YES",,0,0,0,0,,
5/9/2017,"590215","PAWNEE PUBLIC SCHOOLS INDEPENDENT SCHOOL DISTRICT NO. 001",55902,"PROPOSITION NO. 2  PAWNEE PUBLIC SCHOOLS",,3,3,2,"AGAINST THE PROPOSITION - NO",,0,0,0,0,,
5/9/2017,"630024","FEDERAL, STATE AND COUNTY",10001,"FOR STATE REPRESENTATIVE DISTRICT 28 (UNEXPIRED TERM)",,17,17,1,"ZACK TAYLOR",REP,8,0,75,83,,
5/9/2017,"630024","FEDERAL, STATE AND COUNTY",10001,"FOR STATE REPRESENTATIVE DISTRICT 28 (UNEXPIRED TERM)",,17,17,2,"CODY PRESLEY",LIB,0,0,2,2,,
5/9/2017,"630024","FEDERAL, STATE AND COUNTY",10001,"FOR STATE REPRESENTATIVE DISTRICT 28 (UNEXPIRED TERM)",,17,17,3,"STEVE BARNES",DEM,6,1,42,49,,
5/9/2017,"630025","FEDERAL, STATE AND COUNTY",10001,"FOR STATE REPRESENTATIVE DISTRICT 28 (UNEXPIRED TERM)",,17,17,1,"ZACK TAYLOR",REP,1,0,43,44,,
5/9/2017,"630025","FEDERAL, STATE AND COUNTY",10001,"FOR STATE REPRESENTATIVE DISTRICT 28 (UNEXPIRED TERM)",,17,17,2,"CODY PRESLEY",LIB,0,0,1,1,,
5/9/2017,"630025","FEDERAL, STATE AND COUNTY",10001,"FOR STATE REPRESENTATIVE DISTRICT 28 (UNEXPIRED TERM)",,17,17,3,"STEVE BARNES",DEM,1,0,40,41,,
5/9/2017,"630031","FEDERAL, STATE AND COUNTY",10001,"FOR STATE REPRESENTATIVE DISTRICT 28 (UNEXPIRED TERM)",,17,17,1,"ZACK TAYLOR",REP,12,0,128,140,,
5/9/2017,"630031","FEDERAL, STATE AND COUNTY",10001,"FOR STATE REPRESENTATIVE DISTRICT 28 (UNEXPIRED TERM)",,17,17,2,"CODY PRESLEY",LIB,3,0,3,6,,
5/9/2017,"630031","FEDERAL, STATE AND COUNTY",10001,"FOR STATE REPRESENTATIVE DISTRICT 28 (UNEXPIRED TERM)",,17,17,3,"STEVE BARNES",DEM,4,0,122,126,,
5/9/2017,"670010","FEDERAL, STATE AND COUNTY",10001,"FOR STATE REPRESENTATIVE DISTRICT 28 (UNEXPIRED TERM)",,17,17,1,"ZACK TAYLOR",REP,5,5,138,148,,
5/9/2017,"670010","FEDERAL, STATE AND COUNTY",10001,"FOR STATE REPRESENTATIVE DISTRICT 28 (UNEXPIRED TERM)",,17,17,2,"CODY PRESLEY",LIB,0,0,8,8,,
5/9/2017,"670010","FEDERAL, STATE AND COUNTY",10001,"FOR STATE REPRESENTATIVE DISTRICT 28 (UNEXPIRED TERM)",,17,17,3,"STEVE BARNES",DEM,2,11,136,149,,
5/9/2017,"670012","FEDERAL, STATE AND COUNTY",10001,"FOR STATE REPRESENTATIVE DISTRICT 28 (UNEXPIRED TERM)",,17,17,1,"ZACK TAYLOR",REP,2,0,22,24,,
5/9/2017,"670012","FEDERAL, STATE AND COUNTY",10001,"FOR STATE REPRESENTATIVE DISTRICT 28 (UNEXPIRED TERM)",,17,17,2,"CODY PRESLEY",LIB,0,0,0,0,,
5/9/2017,"670012","FEDERAL, STATE AND COUNTY",10001,"FOR STATE REPRESENTATIVE DISTRICT 28 (UNEXPIRED TERM)",,17,17,3,"STEVE BARNES",DEM,0,0,11,11,,
5/9/2017,"670014","FEDERAL, STATE AND COUNTY",10001,"FOR STATE REPRESENTATIVE DISTRICT 28 (UNEXPIRED TERM)",,17,17,1,"ZACK TAYLOR",REP,3,3,57,63,,
5/9/2017,"670014","FEDERAL, STATE AND COUNTY",10001,"FOR STATE REPRESENTATIVE DISTRICT 28 (UNEXPIRED TERM)",,17,17,2,"CODY PRESLEY",LIB,0,0,0,0,,
5/9/2017,"670014","FEDERAL, STATE AND COUNTY",10001,"FOR STATE REPRESENTATIVE DISTRICT 28 (UNEXPIRED TERM)",,17,17,3,"STEVE BARNES",DEM,2,0,74,76,,
5/9/2017,"670015","FEDERAL, STATE AND COUNTY",10001,"FOR STATE REPRESENTATIVE DISTRICT 28 (UNEXPIRED TERM)",,17,17,1,"ZACK TAYLOR",REP,5,3,34,42,,
5/9/2017,"670015","FEDERAL, STATE AND COUNTY",10001,"FOR STATE REPRESENTATIVE DISTRICT 28 (UNEXPIRED TERM)",,17,17,2,"CODY PRESLEY",LIB,0,0,5,5,,
5/9/2017,"670015","FEDERAL, STATE AND COUNTY",10001,"FOR STATE REPRESENTATIVE DISTRICT 28 (UNEXPIRED TERM)",,17,17,3,"STEVE BARNES",DEM,1,1,58,60,,
5/9/2017,"670020","FEDERAL, STATE AND COUNTY",10001,"FOR STATE REPRESENTATIVE DISTRICT 28 (UNEXPIRED TERM)",,17,17,1,"ZACK TAYLOR",REP,4,2,100,106,,
5/9/2017,"670020","FEDERAL, STATE AND COUNTY",10001,"FOR STATE REPRESENTATIVE DISTRICT 28 (UNEXPIRED TERM)",,17,17,2,"CODY PRESLEY",LIB,0,0,1,1,,
5/9/2017,"670020","FEDERAL, STATE AND COUNTY",10001,"FOR STATE REPRESENTATIVE DISTRICT 28 (UNEXPIRED TERM)",,17,17,3,"STEVE BARNES",DEM,0,3,45,48,,
5/9/2017,"670022","FEDERAL, STATE AND COUNTY",10001,"FOR STATE REPRESENTATIVE DISTRICT 28 (UNEXPIRED TERM)",,17,17,1,"ZACK TAYLOR",REP,5,6,99,110,,
5/9/2017,"670022","FEDERAL, STATE AND COUNTY",10001,"FOR STATE REPRESENTATIVE DISTRICT 28 (UNEXPIRED TERM)",,17,17,2,"CODY PRESLEY",LIB,1,0,2,3,,
5/9/2017,"670022","FEDERAL, STATE AND COUNTY",10001,"FOR STATE REPRESENTATIVE DISTRICT 28 (UNEXPIRED TERM)",,17,17,3,"STEVE BARNES",DEM,4,4,83,91,,
5/9/2017,"670023","FEDERAL, STATE AND COUNTY",10001,"FOR STATE REPRESENTATIVE DISTRICT 28 (UNEXPIRED TERM)",,17,17,1,"ZACK TAYLOR",REP,5,5,143,153,,
5/9/2017,"670023","FEDERAL, STATE AND COUNTY",10001,"FOR STATE REPRESENTATIVE DISTRICT 28 (UNEXPIRED TERM)",,17,17,2,"CODY PRESLEY",LIB,0,0,0,0,,
5/9/2017,"670023","FEDERAL, STATE AND COUNTY",10001,"FOR STATE REPRESENTATIVE DISTRICT 28 (UNEXPIRED TERM)",,17,17,3,"STEVE BARNES",DEM,4,7,128,139,,
5/9/2017,"670024","FEDERAL, STATE AND COUNTY",10001,"FOR STATE REPRESENTATIVE DISTRICT 28 (UNEXPIRED TERM)",,17,17,1,"ZACK TAYLOR",REP,3,4,74,81,,
5/9/2017,"670024","FEDERAL, STATE AND COUNTY",10001,"FOR STATE REPRESENTATIVE DISTRICT 28 (UNEXPIRED TERM)",,17,17,2,"CODY PRESLEY",LIB,0,0,2,2,,
5/9/2017,"670024","FEDERAL, STATE AND COUNTY",10001,"FOR STATE REPRESENTATIVE DISTRICT 28 (UNEXPIRED TERM)",,17,17,3,"STEVE BARNES",DEM,0,0,62,62,,
5/9/2017,"670025","FEDERAL, STATE AND COUNTY",10001,"FOR STATE REPRESENTATIVE DISTRICT 28 (UNEXPIRED TERM)",,17,17,1,"ZACK TAYLOR",REP,3,0,19,22,,
5/9/2017,"670025","FEDERAL, STATE AND COUNTY",10001,"FOR STATE REPRESENTATIVE DISTRICT 28 (UNEXPIRED TERM)",,17,17,2,"CODY PRESLEY",LIB,0,0,0,0,,
5/9/2017,"670025","FEDERAL, STATE AND COUNTY",10001,"FOR STATE REPRESENTATIVE DISTRICT 28 (UNEXPIRED TERM)",,17,17,3,"STEVE BARNES",DEM,0,2,10,12,,
5/9/2017,"670030","FEDERAL, STATE AND COUNTY",10001,"FOR STATE REPRESENTATIVE DISTRICT 28 (UNEXPIRED TERM)",,17,17,1,"ZACK TAYLOR",REP,0,0,28,28,,
5/9/2017,"670030","FEDERAL, STATE AND COUNTY",10001,"FOR STATE REPRESENTATIVE DISTRICT 28 (UNEXPIRED TERM)",,17,17,2,"CODY PRESLEY",LIB,0,0,0,0,,
5/9/2017,"670030","FEDERAL, STATE AND COUNTY",10001,"FOR STATE REPRESENTATIVE DISTRICT 28 (UNEXPIRED TERM)",,17,17,3,"STEVE BARNES",DEM,0,1,12,13,,
5/9/2017,"670032","FEDERAL, STATE AND COUNTY",10001,"FOR STATE REPRESENTATIVE DISTRICT 28 (UNEXPIRED TERM)",,17,17,1,"ZACK TAYLOR",REP,4,2,46,52,,
5/9/2017,"670032","FEDERAL, STATE AND COUNTY",10001,"FOR STATE REPRESENTATIVE DISTRICT 28 (UNEXPIRED TERM)",,17,17,2,"CODY PRESLEY",LIB,0,2,3,5,,
5/9/2017,"670032","FEDERAL, STATE AND COUNTY",10001,"FOR STATE REPRESENTATIVE DISTRICT 28 (UNEXPIRED TERM)",,17,17,3,"STEVE BARNES",DEM,1,20,80,101,,
5/9/2017,"670033","FEDERAL, STATE AND COUNTY",10001,"FOR STATE REPRESENTATIVE DISTRICT 28 (UNEXPIRED TERM)",,17,17,1,"ZACK TAYLOR",REP,0,0,6,6,,
5/9/2017,"670033","FEDERAL, STATE AND COUNTY",10001,"FOR STATE REPRESENTATIVE DISTRICT 28 (UNEXPIRED TERM)",,17,17,2,"CODY PRESLEY",LIB,0,0,0,0,,
5/9/2017,"670033","FEDERAL, STATE AND COUNTY",10001,"FOR STATE REPRESENTATIVE DISTRICT 28 (UNEXPIRED TERM)",,17,17,3,"STEVE BARNES",DEM,0,3,12,15,,
5/9/2017,"670034","FEDERAL, STATE AND COUNTY",10001,"FOR STATE REPRESENTATIVE DISTRICT 28 (UNEXPIRED TERM)",,17,17,1,"ZACK TAYLOR",REP,4,7,54,65,,
5/9/2017,"670034","FEDERAL, STATE AND COUNTY",10001,"FOR STATE REPRESENTATIVE DISTRICT 28 (UNEXPIRED TERM)",,17,17,2,"CODY PRESLEY",LIB,0,0,0,0,,
5/9/2017,"670034","FEDERAL, STATE AND COUNTY",10001,"FOR STATE REPRESENTATIVE DISTRICT 28 (UNEXPIRED TERM)",,17,17,3,"STEVE BARNES",DEM,0,23,116,139,,
5/9/2017,"670035","FEDERAL, STATE AND COUNTY",10001,"FOR STATE REPRESENTATIVE DISTRICT 28 (UNEXPIRED TERM)",,17,17,1,"ZACK TAYLOR",REP,1,3,50,54,,
5/9/2017,"670035","FEDERAL, STATE AND COUNTY",10001,"FOR STATE REPRESENTATIVE DISTRICT 28 (UNEXPIRED TERM)",,17,17,2,"CODY PRESLEY",LIB,0,0,0,0,,
5/9/2017,"670035","FEDERAL, STATE AND COUNTY",10001,"FOR STATE REPRESENTATIVE DISTRICT 28 (UNEXPIRED TERM)",,17,17,3,"STEVE BARNES",DEM,3,1,29,33,,
5/9/2017,"690001","DUNCAN PUBLIC SCHOOLS INDEPENDENT SCHOOL DISTRICT NO. 001",56901,"PROPOSITION NO. 1  DUNCAN PUBLIC SCHOOLS",,15,15,1,"FOR THE PROPOSITION - YES",,0,4,192,196,,
5/9/2017,"690001","DUNCAN PUBLIC SCHOOLS INDEPENDENT SCHOOL DISTRICT NO. 001",56901,"PROPOSITION NO. 1  DUNCAN PUBLIC SCHOOLS",,15,15,2,"AGAINST THE PROPOSITION - NO",,1,5,84,90,,
5/9/2017,"690001","DUNCAN PUBLIC SCHOOLS INDEPENDENT SCHOOL DISTRICT NO. 001",56902,"PROPOSITION NO. 2  DUNCAN PUBLIC SCHOOLS",,15,15,1,"FOR THE PROPOSITION - YES",,0,4,198,202,,
5/9/2017,"690001","DUNCAN PUBLIC SCHOOLS INDEPENDENT SCHOOL DISTRICT NO. 001",56902,"PROPOSITION NO. 2  DUNCAN PUBLIC SCHOOLS",,15,15,2,"AGAINST THE PROPOSITION - NO",,1,5,79,85,,
5/9/2017,"690003","DUNCAN PUBLIC SCHOOLS INDEPENDENT SCHOOL DISTRICT NO. 001",56901,"PROPOSITION NO. 1  DUNCAN PUBLIC SCHOOLS",,15,15,1,"FOR THE PROPOSITION - YES",,4,5,148,157,,
5/9/2017,"690003","DUNCAN PUBLIC SCHOOLS INDEPENDENT SCHOOL DISTRICT NO. 001",56901,"PROPOSITION NO. 1  DUNCAN PUBLIC SCHOOLS",,15,15,2,"AGAINST THE PROPOSITION - NO",,1,1,42,44,,
5/9/2017,"690003","DUNCAN PUBLIC SCHOOLS INDEPENDENT SCHOOL DISTRICT NO. 001",56902,"PROPOSITION NO. 2  DUNCAN PUBLIC SCHOOLS",,15,15,1,"FOR THE PROPOSITION - YES",,4,6,153,163,,
5/9/2017,"690003","DUNCAN PUBLIC SCHOOLS INDEPENDENT SCHOOL DISTRICT NO. 001",56902,"PROPOSITION NO. 2  DUNCAN PUBLIC SCHOOLS",,15,15,2,"AGAINST THE PROPOSITION - NO",,1,1,37,39,,
5/9/2017,"690004","DUNCAN PUBLIC SCHOOLS INDEPENDENT SCHOOL DISTRICT NO. 001",56901,"PROPOSITION NO. 1  DUNCAN PUBLIC SCHOOLS",,15,15,1,"FOR THE PROPOSITION - YES",,6,2,83,91,,
5/9/2017,"690004","DUNCAN PUBLIC SCHOOLS INDEPENDENT SCHOOL DISTRICT NO. 001",56901,"PROPOSITION NO. 1  DUNCAN PUBLIC SCHOOLS",,15,15,2,"AGAINST THE PROPOSITION - NO",,2,2,53,57,,
5/9/2017,"690004","DUNCAN PUBLIC SCHOOLS INDEPENDENT SCHOOL DISTRICT NO. 001",56902,"PROPOSITION NO. 2  DUNCAN PUBLIC SCHOOLS",,15,15,1,"FOR THE PROPOSITION - YES",,6,2,85,93,,
5/9/2017,"690004","DUNCAN PUBLIC SCHOOLS INDEPENDENT SCHOOL DISTRICT NO. 001",56902,"PROPOSITION NO. 2  DUNCAN PUBLIC SCHOOLS",,15,15,2,"AGAINST THE PROPOSITION - NO",,2,2,50,54,,
5/9/2017,"690008","DUNCAN PUBLIC SCHOOLS INDEPENDENT SCHOOL DISTRICT NO. 001",56901,"PROPOSITION NO. 1  DUNCAN PUBLIC SCHOOLS",,15,15,1,"FOR THE PROPOSITION - YES",,0,0,29,29,,
5/9/2017,"690008","DUNCAN PUBLIC SCHOOLS INDEPENDENT SCHOOL DISTRICT NO. 001",56901,"PROPOSITION NO. 1  DUNCAN PUBLIC SCHOOLS",,15,15,2,"AGAINST THE PROPOSITION - NO",,1,2,39,42,,
5/9/2017,"690008","DUNCAN PUBLIC SCHOOLS INDEPENDENT SCHOOL DISTRICT NO. 001",56902,"PROPOSITION NO. 2  DUNCAN PUBLIC SCHOOLS",,15,15,1,"FOR THE PROPOSITION - YES",,0,0,30,30,,
5/9/2017,"690008","DUNCAN PUBLIC SCHOOLS INDEPENDENT SCHOOL DISTRICT NO. 001",56902,"PROPOSITION NO. 2  DUNCAN PUBLIC SCHOOLS",,15,15,2,"AGAINST THE PROPOSITION - NO",,1,2,38,41,,
5/9/2017,"690012","DUNCAN PUBLIC SCHOOLS INDEPENDENT SCHOOL DISTRICT NO. 001",56901,"PROPOSITION NO. 1  DUNCAN PUBLIC SCHOOLS",,15,15,1,"FOR THE PROPOSITION - YES",,0,0,67,67,,
5/9/2017,"690012","DUNCAN PUBLIC SCHOOLS INDEPENDENT SCHOOL DISTRICT NO. 001",56901,"PROPOSITION NO. 1  DUNCAN PUBLIC SCHOOLS",,15,15,2,"AGAINST THE PROPOSITION - NO",,2,0,51,53,,
5/9/2017,"690012","DUNCAN PUBLIC SCHOOLS INDEPENDENT SCHOOL DISTRICT NO. 001",56902,"PROPOSITION NO. 2  DUNCAN PUBLIC SCHOOLS",,15,15,1,"FOR THE PROPOSITION - YES",,0,0,72,72,,
5/9/2017,"690012","DUNCAN PUBLIC SCHOOLS INDEPENDENT SCHOOL DISTRICT NO. 001",56902,"PROPOSITION NO. 2  DUNCAN PUBLIC SCHOOLS",,15,15,2,"AGAINST THE PROPOSITION - NO",,2,0,48,50,,
5/9/2017,"690013","DUNCAN PUBLIC SCHOOLS INDEPENDENT SCHOOL DISTRICT NO. 001",56901,"PROPOSITION NO. 1  DUNCAN PUBLIC SCHOOLS",,15,15,1,"FOR THE PROPOSITION - YES",,0,1,19,20,,
5/9/2017,"690013","DUNCAN PUBLIC SCHOOLS INDEPENDENT SCHOOL DISTRICT NO. 001",56901,"PROPOSITION NO. 1  DUNCAN PUBLIC SCHOOLS",,15,15,2,"AGAINST THE PROPOSITION - NO",,0,2,3,5,,
5/9/2017,"690013","DUNCAN PUBLIC SCHOOLS INDEPENDENT SCHOOL DISTRICT NO. 001",56902,"PROPOSITION NO. 2  DUNCAN PUBLIC SCHOOLS",,15,15,1,"FOR THE PROPOSITION - YES",,0,2,19,21,,
5/9/2017,"690013","DUNCAN PUBLIC SCHOOLS INDEPENDENT SCHOOL DISTRICT NO. 001",56902,"PROPOSITION NO. 2  DUNCAN PUBLIC SCHOOLS",,15,15,2,"AGAINST THE PROPOSITION - NO",,0,1,3,4,,
5/9/2017,"690014","DUNCAN PUBLIC SCHOOLS INDEPENDENT SCHOOL DISTRICT NO. 001",56901,"PROPOSITION NO. 1  DUNCAN PUBLIC SCHOOLS",,15,15,1,"FOR THE PROPOSITION - YES",,1,3,71,75,,
5/9/2017,"690014","DUNCAN PUBLIC SCHOOLS INDEPENDENT SCHOOL DISTRICT NO. 001",56901,"PROPOSITION NO. 1  DUNCAN PUBLIC SCHOOLS",,15,15,2,"AGAINST THE PROPOSITION - NO",,2,7,56,65,,
5/9/2017,"690014","DUNCAN PUBLIC SCHOOLS INDEPENDENT SCHOOL DISTRICT NO. 001",56902,"PROPOSITION NO. 2  DUNCAN PUBLIC SCHOOLS",,15,15,1,"FOR THE PROPOSITION - YES",,1,4,67,72,,
5/9/2017,"690014","DUNCAN PUBLIC SCHOOLS INDEPENDENT SCHOOL DISTRICT NO. 001",56902,"PROPOSITION NO. 2  DUNCAN PUBLIC SCHOOLS",,15,15,2,"AGAINST THE PROPOSITION - NO",,2,6,57,65,,
5/9/2017,"690015","DUNCAN PUBLIC SCHOOLS INDEPENDENT SCHOOL DISTRICT NO. 001",56901,"PROPOSITION NO. 1  DUNCAN PUBLIC SCHOOLS",,15,15,1,"FOR THE PROPOSITION - YES",,0,0,7,7,,
5/9/2017,"690015","DUNCAN PUBLIC SCHOOLS INDEPENDENT SCHOOL DISTRICT NO. 001",56901,"PROPOSITION NO. 1  DUNCAN PUBLIC SCHOOLS",,15,15,2,"AGAINST THE PROPOSITION - NO",,0,0,1,1,,
5/9/2017,"690015","DUNCAN PUBLIC SCHOOLS INDEPENDENT SCHOOL DISTRICT NO. 001",56902,"PROPOSITION NO. 2  DUNCAN PUBLIC SCHOOLS",,15,15,1,"FOR THE PROPOSITION - YES",,0,0,7,7,,
5/9/2017,"690015","DUNCAN PUBLIC SCHOOLS INDEPENDENT SCHOOL DISTRICT NO. 001",56902,"PROPOSITION NO. 2  DUNCAN PUBLIC SCHOOLS",,15,15,2,"AGAINST THE PROPOSITION - NO",,0,0,1,1,,
5/9/2017,"690016","DUNCAN PUBLIC SCHOOLS INDEPENDENT SCHOOL DISTRICT NO. 001",56901,"PROPOSITION NO. 1  DUNCAN PUBLIC SCHOOLS",,15,15,1,"FOR THE PROPOSITION - YES",,2,7,149,158,,
5/9/2017,"690016","DUNCAN PUBLIC SCHOOLS INDEPENDENT SCHOOL DISTRICT NO. 001",56901,"PROPOSITION NO. 1  DUNCAN PUBLIC SCHOOLS",,15,15,2,"AGAINST THE PROPOSITION - NO",,2,3,99,104,,
5/9/2017,"690016","DUNCAN PUBLIC SCHOOLS INDEPENDENT SCHOOL DISTRICT NO. 001",56902,"PROPOSITION NO. 2  DUNCAN PUBLIC SCHOOLS",,15,15,1,"FOR THE PROPOSITION - YES",,1,7,153,161,,
5/9/2017,"690016","DUNCAN PUBLIC SCHOOLS INDEPENDENT SCHOOL DISTRICT NO. 001",56902,"PROPOSITION NO. 2  DUNCAN PUBLIC SCHOOLS",,15,15,2,"AGAINST THE PROPOSITION - NO",,3,3,98,104,,
5/9/2017,"690019","DUNCAN PUBLIC SCHOOLS INDEPENDENT SCHOOL DISTRICT NO. 001",56901,"PROPOSITION NO. 1  DUNCAN PUBLIC SCHOOLS",,15,15,1,"FOR THE PROPOSITION - YES",,5,6,235,246,,
5/9/2017,"690019","DUNCAN PUBLIC SCHOOLS INDEPENDENT SCHOOL DISTRICT NO. 001",56901,"PROPOSITION NO. 1  DUNCAN PUBLIC SCHOOLS",,15,15,2,"AGAINST THE PROPOSITION - NO",,4,3,68,75,,
5/9/2017,"690019","DUNCAN PUBLIC SCHOOLS INDEPENDENT SCHOOL DISTRICT NO. 001",56902,"PROPOSITION NO. 2  DUNCAN PUBLIC SCHOOLS",,15,15,1,"FOR THE PROPOSITION - YES",,5,6,236,247,,
5/9/2017,"690019","DUNCAN PUBLIC SCHOOLS INDEPENDENT SCHOOL DISTRICT NO. 001",56902,"PROPOSITION NO. 2  DUNCAN PUBLIC SCHOOLS",,15,15,2,"AGAINST THE PROPOSITION - NO",,4,4,66,74,,
5/9/2017,"690050","DUNCAN PUBLIC SCHOOLS INDEPENDENT SCHOOL DISTRICT NO. 001",56901,"PROPOSITION NO. 1  DUNCAN PUBLIC SCHOOLS",,15,15,1,"FOR THE PROPOSITION - YES",,0,1,39,40,,
5/9/2017,"690050","DUNCAN PUBLIC SCHOOLS INDEPENDENT SCHOOL DISTRICT NO. 001",56901,"PROPOSITION NO. 1  DUNCAN PUBLIC SCHOOLS",,15,15,2,"AGAINST THE PROPOSITION - NO",,1,4,30,35,,
5/9/2017,"690050","DUNCAN PUBLIC SCHOOLS INDEPENDENT SCHOOL DISTRICT NO. 001",56902,"PROPOSITION NO. 2  DUNCAN PUBLIC SCHOOLS",,15,15,1,"FOR THE PROPOSITION - YES",,0,1,39,40,,
5/9/2017,"690050","DUNCAN PUBLIC SCHOOLS INDEPENDENT SCHOOL DISTRICT NO. 001",56902,"PROPOSITION NO. 2  DUNCAN PUBLIC SCHOOLS",,15,15,2,"AGAINST THE PROPOSITION - NO",,1,4,31,36,,
5/9/2017,"690052","DUNCAN PUBLIC SCHOOLS INDEPENDENT SCHOOL DISTRICT NO. 001",56901,"PROPOSITION NO. 1  DUNCAN PUBLIC SCHOOLS",,15,15,1,"FOR THE PROPOSITION - YES",,0,2,15,17,,
5/9/2017,"690052","DUNCAN PUBLIC SCHOOLS INDEPENDENT SCHOOL DISTRICT NO. 001",56901,"PROPOSITION NO. 1  DUNCAN PUBLIC SCHOOLS",,15,15,2,"AGAINST THE PROPOSITION - NO",,0,0,13,13,,
5/9/2017,"690052","DUNCAN PUBLIC SCHOOLS INDEPENDENT SCHOOL DISTRICT NO. 001",56902,"PROPOSITION NO. 2  DUNCAN PUBLIC SCHOOLS",,15,15,1,"FOR THE PROPOSITION - YES",,0,2,21,23,,
5/9/2017,"690052","DUNCAN PUBLIC SCHOOLS INDEPENDENT SCHOOL DISTRICT NO. 001",56902,"PROPOSITION NO. 2  DUNCAN PUBLIC SCHOOLS",,15,15,2,"AGAINST THE PROPOSITION - NO",,0,0,7,7,,
5/9/2017,"690053","DUNCAN PUBLIC SCHOOLS INDEPENDENT SCHOOL DISTRICT NO. 001",56901,"PROPOSITION NO. 1  DUNCAN PUBLIC SCHOOLS",,15,15,1,"FOR THE PROPOSITION - YES",,0,0,1,1,,
5/9/2017,"690053","DUNCAN PUBLIC SCHOOLS INDEPENDENT SCHOOL DISTRICT NO. 001",56901,"PROPOSITION NO. 1  DUNCAN PUBLIC SCHOOLS",,15,15,2,"AGAINST THE PROPOSITION - NO",,0,0,1,1,,
5/9/2017,"690053","DUNCAN PUBLIC SCHOOLS INDEPENDENT SCHOOL DISTRICT NO. 001",56902,"PROPOSITION NO. 2  DUNCAN PUBLIC SCHOOLS",,15,15,1,"FOR THE PROPOSITION - YES",,0,0,2,2,,
5/9/2017,"690053","DUNCAN PUBLIC SCHOOLS INDEPENDENT SCHOOL DISTRICT NO. 001",56902,"PROPOSITION NO. 2  DUNCAN PUBLIC SCHOOLS",,15,15,2,"AGAINST THE PROPOSITION - NO",,0,0,0,0,,
5/9/2017,"690056","DUNCAN PUBLIC SCHOOLS INDEPENDENT SCHOOL DISTRICT NO. 001",56901,"PROPOSITION NO. 1  DUNCAN PUBLIC SCHOOLS",,15,15,1,"FOR THE PROPOSITION - YES",,0,0,0,0,,
5/9/2017,"690056","DUNCAN PUBLIC SCHOOLS INDEPENDENT SCHOOL DISTRICT NO. 001",56901,"PROPOSITION NO. 1  DUNCAN PUBLIC SCHOOLS",,15,15,2,"AGAINST THE PROPOSITION - NO",,0,0,0,0,,
5/9/2017,"690056","DUNCAN PUBLIC SCHOOLS INDEPENDENT SCHOOL DISTRICT NO. 001",56902,"PROPOSITION NO. 2  DUNCAN PUBLIC SCHOOLS",,15,15,1,"FOR THE PROPOSITION - YES",,0,0,0,0,,
5/9/2017,"690056","DUNCAN PUBLIC SCHOOLS INDEPENDENT SCHOOL DISTRICT NO. 001",56902,"PROPOSITION NO. 2  DUNCAN PUBLIC SCHOOLS",,15,15,2,"AGAINST THE PROPOSITION - NO",,0,0,0,0,,
5/9/2017,"690057","DUNCAN PUBLIC SCHOOLS INDEPENDENT SCHOOL DISTRICT NO. 001",56901,"PROPOSITION NO. 1  DUNCAN PUBLIC SCHOOLS",,15,15,1,"FOR THE PROPOSITION - YES",,0,3,30,33,,
5/9/2017,"690057","DUNCAN PUBLIC SCHOOLS INDEPENDENT SCHOOL DISTRICT NO. 001",56901,"PROPOSITION NO. 1  DUNCAN PUBLIC SCHOOLS",,15,15,2,"AGAINST THE PROPOSITION - NO",,0,5,41,46,,
5/9/2017,"690057","DUNCAN PUBLIC SCHOOLS INDEPENDENT SCHOOL DISTRICT NO. 001",56902,"PROPOSITION NO. 2  DUNCAN PUBLIC SCHOOLS",,15,15,1,"FOR THE PROPOSITION - YES",,0,3,30,33,,
5/9/2017,"690057","DUNCAN PUBLIC SCHOOLS INDEPENDENT SCHOOL DISTRICT NO. 001",56902,"PROPOSITION NO. 2  DUNCAN PUBLIC SCHOOLS",,15,15,2,"AGAINST THE PROPOSITION - NO",,0,5,41,46,,
5/9/2017,"710007","DAVIDSON PUBLIC SCHOOLS INDEPENDENT SCHOOL DISTRICT NO. 009",57101,"PROPOSITION  DAVIDSON PUBLIC SCHOOLS",,2,2,1,"FOR THE PROPOSITION - YES",,0,0,0,0,,
5/9/2017,"710007","DAVIDSON PUBLIC SCHOOLS INDEPENDENT SCHOOL DISTRICT NO. 009",57101,"PROPOSITION  DAVIDSON PUBLIC SCHOOLS",,2,2,2,"AGAINST THE PROPOSITION - NO",,0,0,0,0,,
5/9/2017,"710009","DAVIDSON PUBLIC SCHOOLS INDEPENDENT SCHOOL DISTRICT NO. 009",57101,"PROPOSITION  DAVIDSON PUBLIC SCHOOLS",,2,2,1,"FOR THE PROPOSITION - YES",,0,2,103,105,,
5/9/2017,"710009","DAVIDSON PUBLIC SCHOOLS INDEPENDENT SCHOOL DISTRICT NO. 009",57101,"PROPOSITION  DAVIDSON PUBLIC SCHOOLS",,2,2,2,"AGAINST THE PROPOSITION - NO",,0,2,11,13,,
5/9/2017,"720086","FEDERAL, STATE AND COUNTY",11001,"FOR STATE REPRESENTATIVE DISTRICT 75 (UNEXPIRED TERM)",REP,14,14,1,"SKIP STEELE",REP,0,0,8,8,,
5/9/2017,"720086","FEDERAL, STATE AND COUNTY",11001,"FOR STATE REPRESENTATIVE DISTRICT 75 (UNEXPIRED TERM)",REP,14,14,2,"TRESSA NUNLEY",REP,0,0,103,103,,
5/9/2017,"720086","FEDERAL, STATE AND COUNTY",11001,"FOR STATE REPRESENTATIVE DISTRICT 75 (UNEXPIRED TERM)",REP,14,14,3,"NIK BERG",REP,0,0,12,12,,
5/9/2017,"720086","FEDERAL, STATE AND COUNTY",11001,"FOR STATE REPRESENTATIVE DISTRICT 75 (UNEXPIRED TERM)",REP,14,14,4,"AJ OATSVALL",REP,0,0,1,1,,
5/9/2017,"720086","FEDERAL, STATE AND COUNTY",13001,"FOR STATE REPRESENTATIVE DISTRICT 75 (UNEXPIRED TERM)",DEM,14,14,1,"JAMIE SMITH",DEM,0,0,18,18,,
5/9/2017,"720086","FEDERAL, STATE AND COUNTY",13001,"FOR STATE REPRESENTATIVE DISTRICT 75 (UNEXPIRED TERM)",DEM,14,14,2,"KAREN GADDIS",DEM,0,0,42,42,,
5/9/2017,"720088","FEDERAL, STATE AND COUNTY",11001,"FOR STATE REPRESENTATIVE DISTRICT 75 (UNEXPIRED TERM)",REP,14,14,1,"SKIP STEELE",REP,0,0,2,2,,
5/9/2017,"720088","FEDERAL, STATE AND COUNTY",11001,"FOR STATE REPRESENTATIVE DISTRICT 75 (UNEXPIRED TERM)",REP,14,14,2,"TRESSA NUNLEY",REP,0,0,23,23,,
5/9/2017,"720088","FEDERAL, STATE AND COUNTY",11001,"FOR STATE REPRESENTATIVE DISTRICT 75 (UNEXPIRED TERM)",REP,14,14,3,"NIK BERG",REP,0,0,7,7,,
5/9/2017,"720088","FEDERAL, STATE AND COUNTY",11001,"FOR STATE REPRESENTATIVE DISTRICT 75 (UNEXPIRED TERM)",REP,14,14,4,"AJ OATSVALL",REP,0,0,1,1,,
5/9/2017,"720088","FEDERAL, STATE AND COUNTY",13001,"FOR STATE REPRESENTATIVE DISTRICT 75 (UNEXPIRED TERM)",DEM,14,14,1,"JAMIE SMITH",DEM,0,0,2,2,,
5/9/2017,"720088","FEDERAL, STATE AND COUNTY",13001,"FOR STATE REPRESENTATIVE DISTRICT 75 (UNEXPIRED TERM)",DEM,14,14,2,"KAREN GADDIS",DEM,0,0,12,12,,
5/9/2017,"720090","FEDERAL, STATE AND COUNTY",11001,"FOR STATE REPRESENTATIVE DISTRICT 75 (UNEXPIRED TERM)",REP,14,14,1,"SKIP STEELE",REP,0,0,0,0,,
5/9/2017,"720090","FEDERAL, STATE AND COUNTY",11001,"FOR STATE REPRESENTATIVE DISTRICT 75 (UNEXPIRED TERM)",REP,14,14,2,"TRESSA NUNLEY",REP,0,0,9,9,,
5/9/2017,"720090","FEDERAL, STATE AND COUNTY",11001,"FOR STATE REPRESENTATIVE DISTRICT 75 (UNEXPIRED TERM)",REP,14,14,3,"NIK BERG",REP,0,0,0,0,,
5/9/2017,"720090","FEDERAL, STATE AND COUNTY",11001,"FOR STATE REPRESENTATIVE DISTRICT 75 (UNEXPIRED TERM)",REP,14,14,4,"AJ OATSVALL",REP,0,0,0,0,,
5/9/2017,"720090","FEDERAL, STATE AND COUNTY",13001,"FOR STATE REPRESENTATIVE DISTRICT 75 (UNEXPIRED TERM)",DEM,14,14,1,"JAMIE SMITH",DEM,0,0,0,0,,
5/9/2017,"720090","FEDERAL, STATE AND COUNTY",13001,"FOR STATE REPRESENTATIVE DISTRICT 75 (UNEXPIRED TERM)",DEM,14,14,2,"KAREN GADDIS",DEM,0,0,4,4,,
5/9/2017,"720096","FEDERAL, STATE AND COUNTY",11001,"FOR STATE REPRESENTATIVE DISTRICT 75 (UNEXPIRED TERM)",REP,14,14,1,"SKIP STEELE",REP,0,0,6,6,,
5/9/2017,"720096","FEDERAL, STATE AND COUNTY",11001,"FOR STATE REPRESENTATIVE DISTRICT 75 (UNEXPIRED TERM)",REP,14,14,2,"TRESSA NUNLEY",REP,0,0,19,19,,
5/9/2017,"720096","FEDERAL, STATE AND COUNTY",11001,"FOR STATE REPRESENTATIVE DISTRICT 75 (UNEXPIRED TERM)",REP,14,14,3,"NIK BERG",REP,0,0,14,14,,
5/9/2017,"720096","FEDERAL, STATE AND COUNTY",11001,"FOR STATE REPRESENTATIVE DISTRICT 75 (UNEXPIRED TERM)",REP,14,14,4,"AJ OATSVALL",REP,0,0,0,0,,
5/9/2017,"720096","FEDERAL, STATE AND COUNTY",13001,"FOR STATE REPRESENTATIVE DISTRICT 75 (UNEXPIRED TERM)",DEM,14,14,1,"JAMIE SMITH",DEM,0,0,2,2,,
5/9/2017,"720096","FEDERAL, STATE AND COUNTY",13001,"FOR STATE REPRESENTATIVE DISTRICT 75 (UNEXPIRED TERM)",DEM,14,14,2,"KAREN GADDIS",DEM,0,0,19,19,,
5/9/2017,"720100","FEDERAL, STATE AND COUNTY",11001,"FOR STATE REPRESENTATIVE DISTRICT 75 (UNEXPIRED TERM)",REP,14,14,1,"SKIP STEELE",REP,0,0,1,1,,
5/9/2017,"720100","FEDERAL, STATE AND COUNTY",11001,"FOR STATE REPRESENTATIVE DISTRICT 75 (UNEXPIRED TERM)",REP,14,14,2,"TRESSA NUNLEY",REP,0,0,21,21,,
5/9/2017,"720100","FEDERAL, STATE AND COUNTY",11001,"FOR STATE REPRESENTATIVE DISTRICT 75 (UNEXPIRED TERM)",REP,14,14,3,"NIK BERG",REP,0,0,6,6,,
5/9/2017,"720100","FEDERAL, STATE AND COUNTY",11001,"FOR STATE REPRESENTATIVE DISTRICT 75 (UNEXPIRED TERM)",REP,14,14,4,"AJ OATSVALL",REP,0,0,0,0,,
5/9/2017,"720100","FEDERAL, STATE AND COUNTY",13001,"FOR STATE REPRESENTATIVE DISTRICT 75 (UNEXPIRED TERM)",DEM,14,14,1,"JAMIE SMITH",DEM,0,0,6,6,,
5/9/2017,"720100","FEDERAL, STATE AND COUNTY",13001,"FOR STATE REPRESENTATIVE DISTRICT 75 (UNEXPIRED TERM)",DEM,14,14,2,"KAREN GADDIS",DEM,0,0,7,7,,
5/9/2017,"720101","FEDERAL, STATE AND COUNTY",11001,"FOR STATE REPRESENTATIVE DISTRICT 75 (UNEXPIRED TERM)",REP,14,14,1,"SKIP STEELE",REP,0,0,2,2,,
5/9/2017,"720101","FEDERAL, STATE AND COUNTY",11001,"FOR STATE REPRESENTATIVE DISTRICT 75 (UNEXPIRED TERM)",REP,14,14,2,"TRESSA NUNLEY",REP,0,0,22,22,,
5/9/2017,"720101","FEDERAL, STATE AND COUNTY",11001,"FOR STATE REPRESENTATIVE DISTRICT 75 (UNEXPIRED TERM)",REP,14,14,3,"NIK BERG",REP,0,0,14,14,,
5/9/2017,"720101","FEDERAL, STATE AND COUNTY",11001,"FOR STATE REPRESENTATIVE DISTRICT 75 (UNEXPIRED TERM)",REP,14,14,4,"AJ OATSVALL",REP,0,0,2,2,,
5/9/2017,"720101","FEDERAL, STATE AND COUNTY",13001,"FOR STATE REPRESENTATIVE DISTRICT 75 (UNEXPIRED TERM)",DEM,14,14,1,"JAMIE SMITH",DEM,0,0,4,4,,
5/9/2017,"720101","FEDERAL, STATE AND COUNTY",13001,"FOR STATE REPRESENTATIVE DISTRICT 75 (UNEXPIRED TERM)",DEM,14,14,2,"KAREN GADDIS",DEM,0,0,18,18,,
5/9/2017,"720102","FEDERAL, STATE AND COUNTY",11001,"FOR STATE REPRESENTATIVE DISTRICT 75 (UNEXPIRED TERM)",REP,14,14,1,"SKIP STEELE",REP,0,0,4,4,,
5/9/2017,"720102","FEDERAL, STATE AND COUNTY",11001,"FOR STATE REPRESENTATIVE DISTRICT 75 (UNEXPIRED TERM)",REP,14,14,2,"TRESSA NUNLEY",REP,0,0,27,27,,
5/9/2017,"720102","FEDERAL, STATE AND COUNTY",11001,"FOR STATE REPRESENTATIVE DISTRICT 75 (UNEXPIRED TERM)",REP,14,14,3,"NIK BERG",REP,0,0,21,21,,
5/9/2017,"720102","FEDERAL, STATE AND COUNTY",11001,"FOR STATE REPRESENTATIVE DISTRICT 75 (UNEXPIRED TERM)",REP,14,14,4,"AJ OATSVALL",REP,0,0,0,0,,
5/9/2017,"720102","FEDERAL, STATE AND COUNTY",13001,"FOR STATE REPRESENTATIVE DISTRICT 75 (UNEXPIRED TERM)",DEM,14,14,1,"JAMIE SMITH",DEM,0,0,9,9,,
5/9/2017,"720102","FEDERAL, STATE AND COUNTY",13001,"FOR STATE REPRESENTATIVE DISTRICT 75 (UNEXPIRED TERM)",DEM,14,14,2,"KAREN GADDIS",DEM,0,0,29,29,,
5/9/2017,"720103","FEDERAL, STATE AND COUNTY",11001,"FOR STATE REPRESENTATIVE DISTRICT 75 (UNEXPIRED TERM)",REP,14,14,1,"SKIP STEELE",REP,0,0,1,1,,
5/9/2017,"720103","FEDERAL, STATE AND COUNTY",11001,"FOR STATE REPRESENTATIVE DISTRICT 75 (UNEXPIRED TERM)",REP,14,14,2,"TRESSA NUNLEY",REP,0,0,9,9,,
5/9/2017,"720103","FEDERAL, STATE AND COUNTY",11001,"FOR STATE REPRESENTATIVE DISTRICT 75 (UNEXPIRED TERM)",REP,14,14,3,"NIK BERG",REP,0,0,11,11,,
5/9/2017,"720103","FEDERAL, STATE AND COUNTY",11001,"FOR STATE REPRESENTATIVE DISTRICT 75 (UNEXPIRED TERM)",REP,14,14,4,"AJ OATSVALL",REP,0,0,1,1,,
5/9/2017,"720103","FEDERAL, STATE AND COUNTY",13001,"FOR STATE REPRESENTATIVE DISTRICT 75 (UNEXPIRED TERM)",DEM,14,14,1,"JAMIE SMITH",DEM,0,0,16,16,,
5/9/2017,"720103","FEDERAL, STATE AND COUNTY",13001,"FOR STATE REPRESENTATIVE DISTRICT 75 (UNEXPIRED TERM)",DEM,14,14,2,"KAREN GADDIS",DEM,0,0,9,9,,
5/9/2017,"720104","FEDERAL, STATE AND COUNTY",11001,"FOR STATE REPRESENTATIVE DISTRICT 75 (UNEXPIRED TERM)",REP,14,14,1,"SKIP STEELE",REP,0,0,1,1,,
5/9/2017,"720104","FEDERAL, STATE AND COUNTY",11001,"FOR STATE REPRESENTATIVE DISTRICT 75 (UNEXPIRED TERM)",REP,14,14,2,"TRESSA NUNLEY",REP,0,0,17,17,,
5/9/2017,"720104","FEDERAL, STATE AND COUNTY",11001,"FOR STATE REPRESENTATIVE DISTRICT 75 (UNEXPIRED TERM)",REP,14,14,3,"NIK BERG",REP,0,0,17,17,,
5/9/2017,"720104","FEDERAL, STATE AND COUNTY",11001,"FOR STATE REPRESENTATIVE DISTRICT 75 (UNEXPIRED TERM)",REP,14,14,4,"AJ OATSVALL",REP,0,0,1,1,,
5/9/2017,"720104","FEDERAL, STATE AND COUNTY",13001,"FOR STATE REPRESENTATIVE DISTRICT 75 (UNEXPIRED TERM)",DEM,14,14,1,"JAMIE SMITH",DEM,0,0,8,8,,
5/9/2017,"720104","FEDERAL, STATE AND COUNTY",13001,"FOR STATE REPRESENTATIVE DISTRICT 75 (UNEXPIRED TERM)",DEM,14,14,2,"KAREN GADDIS",DEM,0,0,29,29,,
5/9/2017,"720105","FEDERAL, STATE AND COUNTY",11001,"FOR STATE REPRESENTATIVE DISTRICT 75 (UNEXPIRED TERM)",REP,14,14,1,"SKIP STEELE",REP,0,0,7,7,,
5/9/2017,"720105","FEDERAL, STATE AND COUNTY",11001,"FOR STATE REPRESENTATIVE DISTRICT 75 (UNEXPIRED TERM)",REP,14,14,2,"TRESSA NUNLEY",REP,0,0,26,26,,
5/9/2017,"720105","FEDERAL, STATE AND COUNTY",11001,"FOR STATE REPRESENTATIVE DISTRICT 75 (UNEXPIRED TERM)",REP,14,14,3,"NIK BERG",REP,0,0,13,13,,
5/9/2017,"720105","FEDERAL, STATE AND COUNTY",11001,"FOR STATE REPRESENTATIVE DISTRICT 75 (UNEXPIRED TERM)",REP,14,14,4,"AJ OATSVALL",REP,0,0,0,0,,
5/9/2017,"720105","FEDERAL, STATE AND COUNTY",13001,"FOR STATE REPRESENTATIVE DISTRICT 75 (UNEXPIRED TERM)",DEM,14,14,1,"JAMIE SMITH",DEM,0,0,16,16,,
5/9/2017,"720105","FEDERAL, STATE AND COUNTY",13001,"FOR STATE REPRESENTATIVE DISTRICT 75 (UNEXPIRED TERM)",DEM,14,14,2,"KAREN GADDIS",DEM,0,0,12,12,,
5/9/2017,"720106","FEDERAL, STATE AND COUNTY",11001,"FOR STATE REPRESENTATIVE DISTRICT 75 (UNEXPIRED TERM)",REP,14,14,1,"SKIP STEELE",REP,0,0,2,2,,
5/9/2017,"720106","FEDERAL, STATE AND COUNTY",11001,"FOR STATE REPRESENTATIVE DISTRICT 75 (UNEXPIRED TERM)",REP,14,14,2,"TRESSA NUNLEY",REP,0,0,13,13,,
5/9/2017,"720106","FEDERAL, STATE AND COUNTY",11001,"FOR STATE REPRESENTATIVE DISTRICT 75 (UNEXPIRED TERM)",REP,14,14,3,"NIK BERG",REP,0,0,6,6,,
5/9/2017,"720106","FEDERAL, STATE AND COUNTY",11001,"FOR STATE REPRESENTATIVE DISTRICT 75 (UNEXPIRED TERM)",REP,14,14,4,"AJ OATSVALL",REP,0,0,0,0,,
5/9/2017,"720106","FEDERAL, STATE AND COUNTY",13001,"FOR STATE REPRESENTATIVE DISTRICT 75 (UNEXPIRED TERM)",DEM,14,14,1,"JAMIE SMITH",DEM,0,0,5,5,,
5/9/2017,"720106","FEDERAL, STATE AND COUNTY",13001,"FOR STATE REPRESENTATIVE DISTRICT 75 (UNEXPIRED TERM)",DEM,14,14,2,"KAREN GADDIS",DEM,0,0,12,12,,
5/9/2017,"720150","FEDERAL, STATE AND COUNTY",11001,"FOR STATE REPRESENTATIVE DISTRICT 75 (UNEXPIRED TERM)",REP,14,14,1,"SKIP STEELE",REP,0,0,10,10,,
5/9/2017,"720150","FEDERAL, STATE AND COUNTY",11001,"FOR STATE REPRESENTATIVE DISTRICT 75 (UNEXPIRED TERM)",REP,14,14,2,"TRESSA NUNLEY",REP,0,0,92,92,,
5/9/2017,"720150","FEDERAL, STATE AND COUNTY",11001,"FOR STATE REPRESENTATIVE DISTRICT 75 (UNEXPIRED TERM)",REP,14,14,3,"NIK BERG",REP,0,0,43,43,,
5/9/2017,"720150","FEDERAL, STATE AND COUNTY",11001,"FOR STATE REPRESENTATIVE DISTRICT 75 (UNEXPIRED TERM)",REP,14,14,4,"AJ OATSVALL",REP,0,0,1,1,,
5/9/2017,"720150","FEDERAL, STATE AND COUNTY",13001,"FOR STATE REPRESENTATIVE DISTRICT 75 (UNEXPIRED TERM)",DEM,14,14,1,"JAMIE SMITH",DEM,0,0,17,17,,
5/9/2017,"720150","FEDERAL, STATE AND COUNTY",13001,"FOR STATE REPRESENTATIVE DISTRICT 75 (UNEXPIRED TERM)",DEM,14,14,2,"KAREN GADDIS",DEM,0,0,29,29,,
5/9/2017,"720152","FEDERAL, STATE AND COUNTY",11001,"FOR STATE REPRESENTATIVE DISTRICT 75 (UNEXPIRED TERM)",REP,14,14,1,"SKIP STEELE",REP,0,0,2,2,,
5/9/2017,"720152","FEDERAL, STATE AND COUNTY",11001,"FOR STATE REPRESENTATIVE DISTRICT 75 (UNEXPIRED TERM)",REP,14,14,2,"TRESSA NUNLEY",REP,0,0,33,33,,
5/9/2017,"720152","FEDERAL, STATE AND COUNTY",11001,"FOR STATE REPRESENTATIVE DISTRICT 75 (UNEXPIRED TERM)",REP,14,14,3,"NIK BERG",REP,0,0,25,25,,
5/9/2017,"720152","FEDERAL, STATE AND COUNTY",11001,"FOR STATE REPRESENTATIVE DISTRICT 75 (UNEXPIRED TERM)",REP,14,14,4,"AJ OATSVALL",REP,0,0,0,0,,
5/9/2017,"720152","FEDERAL, STATE AND COUNTY",13001,"FOR STATE REPRESENTATIVE DISTRICT 75 (UNEXPIRED TERM)",DEM,14,14,1,"JAMIE SMITH",DEM,0,0,13,13,,
5/9/2017,"720152","FEDERAL, STATE AND COUNTY",13001,"FOR STATE REPRESENTATIVE DISTRICT 75 (UNEXPIRED TERM)",DEM,14,14,2,"KAREN GADDIS",DEM,0,0,14,14,,
5/9/2017,"720475","FEDERAL, STATE AND COUNTY",11001,"FOR STATE REPRESENTATIVE DISTRICT 75 (UNEXPIRED TERM)",REP,14,14,1,"SKIP STEELE",REP,0,0,3,3,,
5/9/2017,"720475","FEDERAL, STATE AND COUNTY",11001,"FOR STATE REPRESENTATIVE DISTRICT 75 (UNEXPIRED TERM)",REP,14,14,2,"TRESSA NUNLEY",REP,0,0,74,74,,
5/9/2017,"720475","FEDERAL, STATE AND COUNTY",11001,"FOR STATE REPRESENTATIVE DISTRICT 75 (UNEXPIRED TERM)",REP,14,14,3,"NIK BERG",REP,0,0,35,35,,
5/9/2017,"720475","FEDERAL, STATE AND COUNTY",11001,"FOR STATE REPRESENTATIVE DISTRICT 75 (UNEXPIRED TERM)",REP,14,14,4,"AJ OATSVALL",REP,0,0,1,1,,
5/9/2017,"720475","FEDERAL, STATE AND COUNTY",13001,"FOR STATE REPRESENTATIVE DISTRICT 75 (UNEXPIRED TERM)",DEM,14,14,1,"JAMIE SMITH",DEM,0,0,39,39,,
5/9/2017,"720475","FEDERAL, STATE AND COUNTY",13001,"FOR STATE REPRESENTATIVE DISTRICT 75 (UNEXPIRED TERM)",DEM,14,14,2,"KAREN GADDIS",DEM,0,0,23,23,,
5/9/2017,"729999","FEDERAL, STATE AND COUNTY",11001,"FOR STATE REPRESENTATIVE DISTRICT 75 (UNEXPIRED TERM)",REP,14,14,1,"SKIP STEELE",REP,5,0,0,5,,
5/9/2017,"729999","FEDERAL, STATE AND COUNTY",11001,"FOR STATE REPRESENTATIVE DISTRICT 75 (UNEXPIRED TERM)",REP,14,14,2,"TRESSA NUNLEY",REP,39,1,0,40,,
5/9/2017,"729999","FEDERAL, STATE AND COUNTY",11001,"FOR STATE REPRESENTATIVE DISTRICT 75 (UNEXPIRED TERM)",REP,14,14,3,"NIK BERG",REP,10,0,0,10,,
5/9/2017,"729999","FEDERAL, STATE AND COUNTY",11001,"FOR STATE REPRESENTATIVE DISTRICT 75 (UNEXPIRED TERM)",REP,14,14,4,"AJ OATSVALL",REP,0,0,0,0,,
5/9/2017,"729999","FEDERAL, STATE AND COUNTY",13001,"FOR STATE REPRESENTATIVE DISTRICT 75 (UNEXPIRED TERM)",DEM,14,14,1,"JAMIE SMITH",DEM,5,1,0,6,,
5/9/2017,"729999","FEDERAL, STATE AND COUNTY",13001,"FOR STATE REPRESENTATIVE DISTRICT 75 (UNEXPIRED TERM)",DEM,14,14,2,"KAREN GADDIS",DEM,29,1,0,30,,
5/9/2017,"750012","CITY OF CLINTON",42001,"PROPOSITION NO. 1  CITY OF CLINTON",,5,5,1,"FOR THE PROPOSITION - YES",,0,0,0,0,,
5/9/2017,"750012","CITY OF CLINTON",42001,"PROPOSITION NO. 1  CITY OF CLINTON",,5,5,2,"AGAINST THE PROPOSITION - NO",,0,0,0,0,,
5/9/2017,"750012","CITY OF CLINTON",42002,"PROPOSITION NO. 2  CITY OF CLINTON",,5,5,1,"FOR THE PROPOSITION - YES",,0,0,0,0,,
5/9/2017,"750012","CITY OF CLINTON",42002,"PROPOSITION NO. 2  CITY OF CLINTON",,5,5,2,"AGAINST THE PROPOSITION - NO",,0,0,0,0,,
