elec_date,county,entity_description,race_number,race_description,race_party,tot_race_prec,race_prec_reporting,cand_number,cand_name,cand_party,cand_absmail_votes,cand_early_votes,cand_elecday_votes,cand_tot_votes,race_county_owner
8/28/2012,"ADAIR","ADAIR COUNTY",11004,"FOR UNITED STATES REPRESENTATIVE DISTRICT 02",REP,17,17,1,"MARKWAYNE MULLIN",REP,24,28,825,877,,
8/28/2012,"ADAIR","ADAIR COUNTY",11004,"FOR UNITED STATES REPRESENTATIVE DISTRICT 02",REP,17,17,2,"GEORGE FAUGHT",REP,2,1,84,87,,
8/28/2012,"ADAIR","ADAIR COUNTY",12004,"FOR UNITED STATES REPRESENTATIVE DISTRICT 02",DEM,17,17,1,"ROB WALLACE",DEM,115,68,885,1068,,
8/28/2012,"ADAIR","ADAIR COUNTY",12004,"FOR UNITED STATES REPRESENTATIVE DISTRICT 02",DEM,17,17,2,"WAYNE HERRIMAN",DEM,210,47,734,991,,
8/28/2012,"ADAIR","ADAIR COUNTY",22013,"FOR COUNTY CLERK",DEM,17,17,1,"DANYA CURTIS",DEM,398,35,748,1181,,
8/28/2012,"ADAIR","ADAIR COUNTY",22013,"FOR COUNTY CLERK",DEM,17,17,2,"CATHY JONES HARRISON",DEM,30,85,925,1040,,
8/28/2012,"ADAIR","STILWELL PUBLIC SCHOOLS",50101,"PROPOSITION NO. 1  STILWELL PUBLIC SCHOOLS",,10,10,1,"FOR THE PROPOSITION - YES",,25,49,396,470,,
8/28/2012,"ADAIR","STILWELL PUBLIC SCHOOLS",50101,"PROPOSITION NO. 1  STILWELL PUBLIC SCHOOLS",,10,10,2,"AGAINST THE PROPOSITION - NO",,41,32,496,569,,
8/28/2012,"ADAIR","STILWELL PUBLIC SCHOOLS",50102,"PROPOSITION NO. 2  STILWELL PUBLIC SCHOOLS",,10,10,1,"FOR THE PROPOSITION - YES",,23,46,367,436,,
8/28/2012,"ADAIR","STILWELL PUBLIC SCHOOLS",50102,"PROPOSITION NO. 2  STILWELL PUBLIC SCHOOLS",,10,10,2,"AGAINST THE PROPOSITION - NO",,41,36,527,604,,
8/28/2012,"ATOKA","ATOKA COUNTY",11004,"FOR UNITED STATES REPRESENTATIVE DISTRICT 02",REP,17,17,1,"MARKWAYNE MULLIN",REP,1,14,73,88,,
8/28/2012,"ATOKA","ATOKA COUNTY",11004,"FOR UNITED STATES REPRESENTATIVE DISTRICT 02",REP,17,17,2,"GEORGE FAUGHT",REP,6,27,124,157,,
8/28/2012,"ATOKA","ATOKA COUNTY",12004,"FOR UNITED STATES REPRESENTATIVE DISTRICT 02",DEM,17,17,1,"ROB WALLACE",DEM,19,152,515,686,,
8/28/2012,"ATOKA","ATOKA COUNTY",12004,"FOR UNITED STATES REPRESENTATIVE DISTRICT 02",DEM,17,17,2,"WAYNE HERRIMAN",DEM,5,65,280,350,,
8/28/2012,"ATOKA","ATOKA COUNTY",22034,"FOR COUNTY COMMISSIONER DISTRICT NO. 2",DEM,4,4,1,"DALE ALLEN SHEFFIELD",DEM,8,91,211,310,,
8/28/2012,"ATOKA","ATOKA COUNTY",22034,"FOR COUNTY COMMISSIONER DISTRICT NO. 2",DEM,4,4,2,"CLIFF RIDGWAY",DEM,2,89,221,312,,
8/28/2012,"BEAVER","TURPIN PUBLIC SCHOOLS",50401,"PROPOSITION  TURPIN PUBLIC SCHOOLS",,3,3,1,"FOR THE PROPOSITION - YES",,0,1,128,129,,
8/28/2012,"BEAVER","TURPIN PUBLIC SCHOOLS",50401,"PROPOSITION  TURPIN PUBLIC SCHOOLS",,3,3,2,"AGAINST THE PROPOSITION - NO",,0,1,28,29,,
8/28/2012,"BRYAN","BRYAN COUNTY",11004,"FOR UNITED STATES REPRESENTATIVE DISTRICT 02",REP,22,22,1,"MARKWAYNE MULLIN",REP,5,25,258,288,,
8/28/2012,"BRYAN","BRYAN COUNTY",11004,"FOR UNITED STATES REPRESENTATIVE DISTRICT 02",REP,22,22,2,"GEORGE FAUGHT",REP,18,115,708,841,,
8/28/2012,"BRYAN","BRYAN COUNTY",12004,"FOR UNITED STATES REPRESENTATIVE DISTRICT 02",DEM,22,22,1,"ROB WALLACE",DEM,36,138,1793,1967,,
8/28/2012,"BRYAN","BRYAN COUNTY",12004,"FOR UNITED STATES REPRESENTATIVE DISTRICT 02",DEM,22,22,2,"WAYNE HERRIMAN",DEM,29,102,1185,1316,,
8/28/2012,"BRYAN","BRYAN COUNTY",22072,"FOR COUNTY SHERIFF",DEM,22,22,1,"KENNETH GOLDEN",DEM,42,136,1756,1934,,
8/28/2012,"BRYAN","BRYAN COUNTY",22072,"FOR COUNTY SHERIFF",DEM,22,22,2,"JOHN L. BATES",DEM,25,120,1299,1444,,
8/28/2012,"BRYAN","CALERA PUBLIC SCHOOLS",50701,"PROPOSITION  CALERA PUBLIC SCHOOLS",,3,3,1,"FOR THE PROPOSITION - YES",,1,23,465,489,,
8/28/2012,"BRYAN","CALERA PUBLIC SCHOOLS",50701,"PROPOSITION  CALERA PUBLIC SCHOOLS",,3,3,2,"AGAINST THE PROPOSITION - NO",,3,14,126,143,,
8/28/2012,"BRYAN","SILO PUBLIC SCHOOLS",50702,"PROPOSITION  SILO PUBLIC SCHOOLS",,7,7,1,"FOR THE PROPOSITION - YES",,6,40,758,804,,
8/28/2012,"BRYAN","SILO PUBLIC SCHOOLS",50702,"PROPOSITION  SILO PUBLIC SCHOOLS",,7,7,2,"AGAINST THE PROPOSITION - NO",,9,64,569,642,,
8/28/2012,"CADDO","CYRIL PUBLIC SCHOOLS",50801,"PROPOSITION NO. 1  CYRIL PUBLIC SCHOOLS",,3,3,1,"FOR THE PROPOSITION - YES",,3,2,110,115,,
8/28/2012,"CADDO","CYRIL PUBLIC SCHOOLS",50801,"PROPOSITION NO. 1  CYRIL PUBLIC SCHOOLS",,3,3,2,"AGAINST THE PROPOSITION - NO",,0,1,6,7,,
8/28/2012,"CADDO","CYRIL PUBLIC SCHOOLS",50802,"PROPOSITION NO. 2  CYRIL PUBLIC SCHOOLS",,3,3,1,"FOR THE PROPOSITION - YES",,3,2,109,114,,
8/28/2012,"CADDO","CYRIL PUBLIC SCHOOLS",50802,"PROPOSITION NO. 2  CYRIL PUBLIC SCHOOLS",,3,3,2,"AGAINST THE PROPOSITION - NO",,0,1,7,8,,
8/28/2012,"CADDO","LOOKEBA-SICKLES PUBLIC SCHOOLS",50803,"PROPOSITION  LOOKEBA-SICKLES PUBLIC SCHOOLS",,6,6,1,"FOR THE PROPOSITION - YES",,0,0,79,79,,
8/28/2012,"CADDO","LOOKEBA-SICKLES PUBLIC SCHOOLS",50803,"PROPOSITION  LOOKEBA-SICKLES PUBLIC SCHOOLS",,6,6,2,"AGAINST THE PROPOSITION - NO",,1,0,11,12,,
8/28/2012,"CANADIAN","LOOKEBA-SICKLES PUBLIC SCHOOLS",50803,"PROPOSITION  LOOKEBA-SICKLES PUBLIC SCHOOLS",,1,1,1,"FOR THE PROPOSITION - YES",,0,0,0,0,,
8/28/2012,"CANADIAN","LOOKEBA-SICKLES PUBLIC SCHOOLS",50803,"PROPOSITION  LOOKEBA-SICKLES PUBLIC SCHOOLS",,1,1,2,"AGAINST THE PROPOSITION - NO",,0,0,0,0,,
8/28/2012,"CARTER","CITY OF LONE GROVE",41001,"PROPOSITION  CITY OF LONE GROVE",,5,5,1,"FOR THE PROPOSITION - YES",,2,15,404,421,,
8/28/2012,"CARTER","CITY OF LONE GROVE",41001,"PROPOSITION  CITY OF LONE GROVE",,5,5,2,"AGAINST THE PROPOSITION - NO",,0,3,112,115,,
8/28/2012,"CARTER","TOWN OF RATLIFF CITY",41002,"PROPOSITION  TOWN OF RATLIFF CITY",,1,1,1,"FOR THE PROPOSITION - YES",,0,0,17,17,,
8/28/2012,"CARTER","TOWN OF RATLIFF CITY",41002,"PROPOSITION  TOWN OF RATLIFF CITY",,1,1,2,"AGAINST THE PROPOSITION - NO",,0,0,0,0,,
8/28/2012,"CARTER","TOWN OF SPRINGER",41003,"PROPOSITION  TOWN OF SPRINGER",,3,3,1,"FOR THE PROPOSITION - YES",,0,0,19,19,,
8/28/2012,"CARTER","TOWN OF SPRINGER",41003,"PROPOSITION  TOWN OF SPRINGER",,3,3,2,"AGAINST THE PROPOSITION - NO",,0,0,0,0,,
8/28/2012,"CARTER","FOX PUBLIC SCHOOLS",51001,"PROPOSITION  FOX PUBLIC SCHOOLS",,2,2,1,"FOR THE PROPOSITION - YES",,0,0,113,113,,
8/28/2012,"CARTER","FOX PUBLIC SCHOOLS",51001,"PROPOSITION  FOX PUBLIC SCHOOLS",,2,2,2,"AGAINST THE PROPOSITION - NO",,0,1,67,68,,
8/28/2012,"CARTER","LONE GROVE PUBLIC SCHOOLS",51002,"PROPOSITION  LONE GROVE PUBLIC SCHOOLS",,8,8,1,"FOR THE PROPOSITION - YES",,2,4,352,358,,
8/28/2012,"CARTER","LONE GROVE PUBLIC SCHOOLS",51002,"PROPOSITION  LONE GROVE PUBLIC SCHOOLS",,8,8,2,"AGAINST THE PROPOSITION - NO",,8,15,356,379,,
8/28/2012,"CHEROKEE","CHEROKEE COUNTY",11004,"FOR UNITED STATES REPRESENTATIVE DISTRICT 02",REP,24,24,1,"MARKWAYNE MULLIN",REP,18,71,593,682,,
8/28/2012,"CHEROKEE","CHEROKEE COUNTY",11004,"FOR UNITED STATES REPRESENTATIVE DISTRICT 02",REP,24,24,2,"GEORGE FAUGHT",REP,17,34,388,439,,
8/28/2012,"CHEROKEE","CHEROKEE COUNTY",12004,"FOR UNITED STATES REPRESENTATIVE DISTRICT 02",DEM,24,24,1,"ROB WALLACE",DEM,33,146,862,1041,,
8/28/2012,"CHEROKEE","CHEROKEE COUNTY",12004,"FOR UNITED STATES REPRESENTATIVE DISTRICT 02",DEM,24,24,2,"WAYNE HERRIMAN",DEM,33,66,550,649,,
8/28/2012,"CHEROKEE","CHEROKEE COUNTY",12045,"FOR STATE REPRESENTATIVE DISTRICT 14",DEM,2,2,1,"JERRY RAINS",DEM,4,3,125,132,,
8/28/2012,"CHEROKEE","CHEROKEE COUNTY",12045,"FOR STATE REPRESENTATIVE DISTRICT 14",DEM,2,2,2,"BOBBY JEFFERSON",DEM,2,4,63,69,,
8/28/2012,"CHEROKEE","LOCUST GROVE PUBLIC SCHOOLS",54901,"PROPOSITION NO. 1  LOCUST GROVE PUBLIC SCHOOLS",,2,2,1,"FOR THE PROPOSITION - YES",,0,0,8,8,,
8/28/2012,"CHEROKEE","LOCUST GROVE PUBLIC SCHOOLS",54901,"PROPOSITION NO. 1  LOCUST GROVE PUBLIC SCHOOLS",,2,2,2,"AGAINST THE PROPOSITION - NO",,1,0,2,3,,
8/28/2012,"CHEROKEE","LOCUST GROVE PUBLIC SCHOOLS",54902,"PROPOSITION NO. 2  LOCUST GROVE PUBLIC SCHOOLS",,2,2,1,"FOR THE PROPOSITION - YES",,0,0,8,8,,
8/28/2012,"CHEROKEE","LOCUST GROVE PUBLIC SCHOOLS",54902,"PROPOSITION NO. 2  LOCUST GROVE PUBLIC SCHOOLS",,2,2,2,"AGAINST THE PROPOSITION - NO",,1,0,2,3,,
8/28/2012,"CHOCTAW","CHOCTAW COUNTY",11004,"FOR UNITED STATES REPRESENTATIVE DISTRICT 02",REP,17,17,1,"MARKWAYNE MULLIN",REP,2,14,41,57,,
8/28/2012,"CHOCTAW","CHOCTAW COUNTY",11004,"FOR UNITED STATES REPRESENTATIVE DISTRICT 02",REP,17,17,2,"GEORGE FAUGHT",REP,5,40,132,177,,
8/28/2012,"CHOCTAW","CHOCTAW COUNTY",12004,"FOR UNITED STATES REPRESENTATIVE DISTRICT 02",DEM,17,17,1,"ROB WALLACE",DEM,10,36,216,262,,
8/28/2012,"CHOCTAW","CHOCTAW COUNTY",12004,"FOR UNITED STATES REPRESENTATIVE DISTRICT 02",DEM,17,17,2,"WAYNE HERRIMAN",DEM,18,26,152,196,,
8/28/2012,"CIMARRON","CIMARRON COUNTY",21132,"FOR COUNTY SHERIFF",REP,6,6,1,"KEVIN McINTIRE",REP,13,33,142,188,,
8/28/2012,"CIMARRON","CIMARRON COUNTY",21132,"FOR COUNTY SHERIFF",REP,6,6,2,"LEON APPLE",REP,13,68,168,249,,
8/28/2012,"CLEVELAND","CLEVELAND COUNTY",11015,"FOR STATE SENATOR DISTRICT 15",REP,28,28,1,"ROB STANDRIDGE",REP,129,146,2124,2399,,
8/28/2012,"CLEVELAND","CLEVELAND COUNTY",11015,"FOR STATE SENATOR DISTRICT 15",REP,28,28,2,"JACK BELLER",REP,50,88,1157,1295,,
8/28/2012,"CLEVELAND","CLEVELAND COUNTY",11084,"FOR STATE REPRESENTATIVE DISTRICT 53",REP,9,9,1,"MARK McBRIDE",REP,35,28,928,991,,
8/28/2012,"CLEVELAND","CLEVELAND COUNTY",11084,"FOR STATE REPRESENTATIVE DISTRICT 53",REP,9,9,2,"PAULA SULLIVAN",REP,40,14,639,693,,
8/28/2012,"CLEVELAND","CITY OF NORMAN",41401,"PROPOSITION  CITY OF NORMAN",,49,49,1,"FOR THE PROPOSITION - YES",,212,361,5191,5764,,
8/28/2012,"CLEVELAND","CITY OF NORMAN",41401,"PROPOSITION  CITY OF NORMAN",,49,49,2,"AGAINST THE PROPOSITION - NO",,160,213,3257,3630,,
8/28/2012,"COAL","COAL COUNTY",11004,"FOR UNITED STATES REPRESENTATIVE DISTRICT 02",REP,9,9,1,"MARKWAYNE MULLIN",REP,3,7,51,61,,
8/28/2012,"COAL","COAL COUNTY",11004,"FOR UNITED STATES REPRESENTATIVE DISTRICT 02",REP,9,9,2,"GEORGE FAUGHT",REP,2,11,40,53,,
8/28/2012,"COAL","COAL COUNTY",12004,"FOR UNITED STATES REPRESENTATIVE DISTRICT 02",DEM,9,9,1,"ROB WALLACE",DEM,14,132,766,912,,
8/28/2012,"COAL","COAL COUNTY",12004,"FOR UNITED STATES REPRESENTATIVE DISTRICT 02",DEM,9,9,2,"WAYNE HERRIMAN",DEM,19,70,382,471,,
8/28/2012,"COAL","COAL COUNTY",22152,"FOR COUNTY SHERIFF",DEM,9,9,1,"BRYAN JUMP",DEM,22,118,713,853,,
8/28/2012,"COAL","COAL COUNTY",22152,"FOR COUNTY SHERIFF",DEM,9,9,2,"RAY PEBWORTH",DEM,17,107,496,620,,
8/28/2012,"COMANCHE","CYRIL PUBLIC SCHOOLS",50801,"PROPOSITION NO. 1  CYRIL PUBLIC SCHOOLS",,1,1,1,"FOR THE PROPOSITION - YES",,0,0,0,0,,
8/28/2012,"COMANCHE","CYRIL PUBLIC SCHOOLS",50801,"PROPOSITION NO. 1  CYRIL PUBLIC SCHOOLS",,1,1,2,"AGAINST THE PROPOSITION - NO",,0,0,0,0,,
8/28/2012,"COMANCHE","CYRIL PUBLIC SCHOOLS",50802,"PROPOSITION NO. 2  CYRIL PUBLIC SCHOOLS",,1,1,1,"FOR THE PROPOSITION - YES",,0,0,0,0,,
8/28/2012,"COMANCHE","CYRIL PUBLIC SCHOOLS",50802,"PROPOSITION NO. 2  CYRIL PUBLIC SCHOOLS",,1,1,2,"AGAINST THE PROPOSITION - NO",,0,0,0,0,,
8/28/2012,"CRAIG","CRAIG COUNTY",11004,"FOR UNITED STATES REPRESENTATIVE DISTRICT 02",REP,13,13,1,"MARKWAYNE MULLIN",REP,10,16,234,260,,
8/28/2012,"CRAIG","CRAIG COUNTY",11004,"FOR UNITED STATES REPRESENTATIVE DISTRICT 02",REP,13,13,2,"GEORGE FAUGHT",REP,3,7,175,185,,
8/28/2012,"CRAIG","CRAIG COUNTY",12004,"FOR UNITED STATES REPRESENTATIVE DISTRICT 02",DEM,13,13,1,"ROB WALLACE",DEM,7,18,252,277,,
8/28/2012,"CRAIG","CRAIG COUNTY",12004,"FOR UNITED STATES REPRESENTATIVE DISTRICT 02",DEM,13,13,2,"WAYNE HERRIMAN",DEM,12,21,265,298,,
8/28/2012,"CUSTER","CITY OF WEATHERFORD",42001,"FOR MAYOR  CITY OF WEATHERFORD",,4,4,1,"BRIAN GAYER",,7,0,75,82,,
8/28/2012,"CUSTER","CITY OF WEATHERFORD",42001,"FOR MAYOR  CITY OF WEATHERFORD",,4,4,2,"MIKE D. BROWN",,25,17,1037,1079,,
8/28/2012,"CUSTER","CITY OF WEATHERFORD",42001,"FOR MAYOR  CITY OF WEATHERFORD",,4,4,3,"STEVE HUPFER",,13,12,619,644,,
8/28/2012,"CUSTER","WEATHERFORD PUBLIC SCHOOLS",52001,"PROPOSITION  WEATHERFORD PUBLIC SCHOOLS",,6,6,1,"FOR THE PROPOSITION - YES",,31,23,1355,1409,,
8/28/2012,"CUSTER","WEATHERFORD PUBLIC SCHOOLS",52001,"PROPOSITION  WEATHERFORD PUBLIC SCHOOLS",,6,6,2,"AGAINST THE PROPOSITION - NO",,14,7,517,538,,
8/28/2012,"DELAWARE","DELAWARE COUNTY",11004,"FOR UNITED STATES REPRESENTATIVE DISTRICT 02",REP,22,22,1,"MARKWAYNE MULLIN",REP,84,58,1453,1595,,
8/28/2012,"DELAWARE","DELAWARE COUNTY",11004,"FOR UNITED STATES REPRESENTATIVE DISTRICT 02",REP,22,22,2,"GEORGE FAUGHT",REP,40,22,703,765,,
8/28/2012,"DELAWARE","DELAWARE COUNTY",12004,"FOR UNITED STATES REPRESENTATIVE DISTRICT 02",DEM,22,22,1,"ROB WALLACE",DEM,65,175,1702,1942,,
8/28/2012,"DELAWARE","DELAWARE COUNTY",12004,"FOR UNITED STATES REPRESENTATIVE DISTRICT 02",DEM,22,22,2,"WAYNE HERRIMAN",DEM,42,90,1144,1276,,
8/28/2012,"DELAWARE","DELAWARE COUNTY",22212,"FOR COUNTY SHERIFF",DEM,22,22,1,"HARLAN MOORE",DEM,70,193,2021,2284,,
8/28/2012,"DELAWARE","DELAWARE COUNTY",22212,"FOR COUNTY SHERIFF",DEM,22,22,2,"MIKE WILKERSON",DEM,45,84,930,1059,,
8/28/2012,"DELAWARE","DELAWARE COUNTY",22214,"FOR COUNTY COMMISSIONER DISTRICT NO. 2",DEM,6,6,1,"TOM SANDERS",DEM,30,53,628,711,,
8/28/2012,"DELAWARE","DELAWARE COUNTY",22214,"FOR COUNTY COMMISSIONER DISTRICT NO. 2",DEM,6,6,2,"BILLY CORNELL",DEM,19,96,512,627,,
8/28/2012,"ELLIS","FARGO PUBLIC SCHOOLS",52301,"PROPOSITION  FARGO PUBLIC SCHOOLS",,3,3,1,"FOR THE PROPOSITION - YES",,4,1,50,55,,
8/28/2012,"ELLIS","FARGO PUBLIC SCHOOLS",52301,"PROPOSITION  FARGO PUBLIC SCHOOLS",,3,3,2,"AGAINST THE PROPOSITION - NO",,1,1,89,91,,
8/28/2012,"GARFIELD","GARFIELD COUNTY",21242,"FOR COUNTY SHERIFF",REP,30,30,1,"JERRY NILES",REP,73,156,2174,2403,,
8/28/2012,"GARFIELD","GARFIELD COUNTY",21242,"FOR COUNTY SHERIFF",REP,30,30,2,"SHON JACKSON",REP,39,111,1678,1828,,
8/28/2012,"GARFIELD","GARBER PUBLIC SCHOOLS",52401,"PROPOSITION  GARBER PUBLIC SCHOOLS",,3,3,1,"FOR THE PROPOSITION - YES",,0,3,220,223,,
8/28/2012,"GARFIELD","GARBER PUBLIC SCHOOLS",52401,"PROPOSITION  GARBER PUBLIC SCHOOLS",,3,3,2,"AGAINST THE PROPOSITION - NO",,0,2,79,81,,
8/28/2012,"GARFIELD","POND CREEK-HUNTER SCHOOLS",52701,"PROPOSITION NO. 1  POND CREEK-HUNTER SCHOOLS",,2,2,1,"FOR THE PROPOSITION - YES",,0,2,17,19,,
8/28/2012,"GARFIELD","POND CREEK-HUNTER SCHOOLS",52701,"PROPOSITION NO. 1  POND CREEK-HUNTER SCHOOLS",,2,2,2,"AGAINST THE PROPOSITION - NO",,1,0,9,10,,
8/28/2012,"GARFIELD","POND CREEK-HUNTER SCHOOLS",52702,"PROPOSITION NO. 2  POND CREEK-HUNTER SCHOOLS",,2,2,1,"FOR THE PROPOSITION - YES",,0,2,17,19,,
8/28/2012,"GARFIELD","POND CREEK-HUNTER SCHOOLS",52702,"PROPOSITION NO. 2  POND CREEK-HUNTER SCHOOLS",,2,2,2,"AGAINST THE PROPOSITION - NO",,1,0,10,11,,
8/28/2012,"GARVIN","GARVIN COUNTY",11029,"FOR STATE SENATOR DISTRICT 43",REP,3,3,1,"COREY BROOKS",REP,3,0,80,83,,
8/28/2012,"GARVIN","GARVIN COUNTY",11029,"FOR STATE SENATOR DISTRICT 43",REP,3,3,2,"PEGGY DAVENPORT",REP,0,0,21,21,,
8/28/2012,"GARVIN","ELMORE CITY-PERNELL SCHOOLS",52501,"PROPOSITION  ELMORE CITY-PERNELL SCHOOLS",,5,5,1,"FOR THE PROPOSITION - YES",,0,1,190,191,,
8/28/2012,"GARVIN","ELMORE CITY-PERNELL SCHOOLS",52501,"PROPOSITION  ELMORE CITY-PERNELL SCHOOLS",,5,5,2,"AGAINST THE PROPOSITION - NO",,0,1,94,95,,
8/28/2012,"GRADY","GRADY COUNTY",11029,"FOR STATE SENATOR DISTRICT 43",REP,4,4,1,"COREY BROOKS",REP,4,0,47,51,,
8/28/2012,"GRADY","GRADY COUNTY",11029,"FOR STATE SENATOR DISTRICT 43",REP,4,4,2,"PEGGY DAVENPORT",REP,4,1,19,24,,
8/28/2012,"GRADY","CITY OF BLANCHARD",44401,"FOR COUNCILMEMBER, WARD NO. 1 (UNEXPIRED TERM)  CITY OF BLANCHARD",,3,3,1,"NORMAN H KOBRIGER",,0,0,15,15,,
8/28/2012,"GRADY","CITY OF BLANCHARD",44401,"FOR COUNCILMEMBER, WARD NO. 1 (UNEXPIRED TERM)  CITY OF BLANCHARD",,3,3,2,"EDDIE ODLE",,2,0,54,56,,
8/28/2012,"GRADY","CITY OF BLANCHARD",44401,"FOR COUNCILMEMBER, WARD NO. 1 (UNEXPIRED TERM)  CITY OF BLANCHARD",,3,3,3,"JOSEPH A DAVIS",,4,0,50,54,,
8/28/2012,"GRADY","CITY OF BLANCHARD",44402,"FOR COUNCILMEMBER, WARD NO. 3 (UNEXPIRED TERM)  CITY OF BLANCHARD",,3,3,1,"J D DEVILBISS",,2,0,35,37,,
8/28/2012,"GRADY","CITY OF BLANCHARD",44402,"FOR COUNCILMEMBER, WARD NO. 3 (UNEXPIRED TERM)  CITY OF BLANCHARD",,3,3,2,"D SMITH",,4,0,58,62,,
8/28/2012,"GRADY","CITY OF BLANCHARD",44402,"FOR COUNCILMEMBER, WARD NO. 3 (UNEXPIRED TERM)  CITY OF BLANCHARD",,3,3,3,"MICHAEL SCALF, SR",,0,0,33,33,,
8/28/2012,"GRANT","POND CREEK-HUNTER SCHOOLS",52701,"PROPOSITION NO. 1  POND CREEK-HUNTER SCHOOLS",,4,4,1,"FOR THE PROPOSITION - YES",,2,0,113,115,,
8/28/2012,"GRANT","POND CREEK-HUNTER SCHOOLS",52701,"PROPOSITION NO. 1  POND CREEK-HUNTER SCHOOLS",,4,4,2,"AGAINST THE PROPOSITION - NO",,5,0,55,60,,
8/28/2012,"GRANT","POND CREEK-HUNTER SCHOOLS",52702,"PROPOSITION NO. 2  POND CREEK-HUNTER SCHOOLS",,4,4,1,"FOR THE PROPOSITION - YES",,2,0,115,117,,
8/28/2012,"GRANT","POND CREEK-HUNTER SCHOOLS",52702,"PROPOSITION NO. 2  POND CREEK-HUNTER SCHOOLS",,4,4,2,"AGAINST THE PROPOSITION - NO",,5,0,53,58,,
8/28/2012,"GREER","GREER COUNTY",22283,"FOR COUNTY CLERK",DEM,8,8,1,"LEANNE COFFMAN",DEM,7,24,227,258,,
8/28/2012,"GREER","GREER COUNTY",22283,"FOR COUNTY CLERK",DEM,8,8,2,"JACKIE CLOYD",DEM,4,30,255,289,,
8/28/2012,"HASKELL","HASKELL COUNTY",11004,"FOR UNITED STATES REPRESENTATIVE DISTRICT 02",REP,11,11,1,"MARKWAYNE MULLIN",REP,6,9,86,101,,
8/28/2012,"HASKELL","HASKELL COUNTY",11004,"FOR UNITED STATES REPRESENTATIVE DISTRICT 02",REP,11,11,2,"GEORGE FAUGHT",REP,4,22,102,128,,
8/28/2012,"HASKELL","HASKELL COUNTY",12004,"FOR UNITED STATES REPRESENTATIVE DISTRICT 02",DEM,11,11,1,"ROB WALLACE",DEM,62,75,487,624,,
8/28/2012,"HASKELL","HASKELL COUNTY",12004,"FOR UNITED STATES REPRESENTATIVE DISTRICT 02",DEM,11,11,2,"WAYNE HERRIMAN",DEM,145,73,531,749,,
8/28/2012,"HASKELL","HASKELL COUNTY",22314,"FOR COUNTY COMMISSIONER DISTRICT NO. 2",DEM,6,6,1,"MARVIN NOLEN",DEM,135,68,384,587,,
8/28/2012,"HASKELL","HASKELL COUNTY",22314,"FOR COUNTY COMMISSIONER DISTRICT NO. 2",DEM,6,6,2,"MITCH WORSHAM",DEM,56,68,321,445,,
8/28/2012,"HUGHES","HUGHES COUNTY",11004,"FOR UNITED STATES REPRESENTATIVE DISTRICT 02",REP,16,16,1,"MARKWAYNE MULLIN",REP,4,10,92,106,,
8/28/2012,"HUGHES","HUGHES COUNTY",11004,"FOR UNITED STATES REPRESENTATIVE DISTRICT 02",REP,16,16,2,"GEORGE FAUGHT",REP,0,4,42,46,,
8/28/2012,"HUGHES","HUGHES COUNTY",12004,"FOR UNITED STATES REPRESENTATIVE DISTRICT 02",DEM,16,16,1,"ROB WALLACE",DEM,21,14,208,243,,
8/28/2012,"HUGHES","HUGHES COUNTY",12004,"FOR UNITED STATES REPRESENTATIVE DISTRICT 02",DEM,16,16,2,"WAYNE HERRIMAN",DEM,9,10,167,186,,
8/28/2012,"JEFFERSON","WAURIKA PUBLIC SCHOOLS",53401,"PROPOSITION NO. 1  WAURIKA PUBLIC SCHOOLS",,8,8,1,"FOR THE PROPOSITION - YES",,6,25,177,208,,
8/28/2012,"JEFFERSON","WAURIKA PUBLIC SCHOOLS",53401,"PROPOSITION NO. 1  WAURIKA PUBLIC SCHOOLS",,8,8,2,"AGAINST THE PROPOSITION - NO",,0,11,96,107,,
8/28/2012,"JEFFERSON","WAURIKA PUBLIC SCHOOLS",53402,"PROPOSITION NO. 2  WAURIKA PUBLIC SCHOOLS",,8,8,1,"FOR THE PROPOSITION - YES",,4,25,169,198,,
8/28/2012,"JEFFERSON","WAURIKA PUBLIC SCHOOLS",53402,"PROPOSITION NO. 2  WAURIKA PUBLIC SCHOOLS",,8,8,2,"AGAINST THE PROPOSITION - NO",,2,12,104,118,,
8/28/2012,"JOHNSTON","JOHNSTON COUNTY",11004,"FOR UNITED STATES REPRESENTATIVE DISTRICT 02",REP,14,14,1,"MARKWAYNE MULLIN",REP,11,24,143,178,,
8/28/2012,"JOHNSTON","JOHNSTON COUNTY",11004,"FOR UNITED STATES REPRESENTATIVE DISTRICT 02",REP,14,14,2,"GEORGE FAUGHT",REP,2,12,123,137,,
8/28/2012,"JOHNSTON","JOHNSTON COUNTY",12004,"FOR UNITED STATES REPRESENTATIVE DISTRICT 02",DEM,14,14,1,"ROB WALLACE",DEM,16,118,895,1029,,
8/28/2012,"JOHNSTON","JOHNSTON COUNTY",12004,"FOR UNITED STATES REPRESENTATIVE DISTRICT 02",DEM,14,14,2,"WAYNE HERRIMAN",DEM,11,25,433,469,,
8/28/2012,"JOHNSTON","JOHNSTON COUNTY",22352,"FOR COUNTY SHERIFF",DEM,14,14,1,"JON SMITH",DEM,14,76,698,788,,
8/28/2012,"JOHNSTON","JOHNSTON COUNTY",22352,"FOR COUNTY SHERIFF",DEM,14,14,2,"SAM HOLT",DEM,11,72,698,781,,
8/28/2012,"KINGFISHER","KINGFISHER COUNTY",21373,"FOR COUNTY CLERK",REP,14,14,1,"TERESA WOOD",REP,21,79,635,735,,
8/28/2012,"KINGFISHER","KINGFISHER COUNTY",21373,"FOR COUNTY CLERK",REP,14,14,2,"JEANNIE BOEVERS",REP,21,71,357,449,,
8/28/2012,"LATIMER","LATIMER COUNTY",11004,"FOR UNITED STATES REPRESENTATIVE DISTRICT 02",REP,12,12,1,"MARKWAYNE MULLIN",REP,4,10,68,82,,
8/28/2012,"LATIMER","LATIMER COUNTY",11004,"FOR UNITED STATES REPRESENTATIVE DISTRICT 02",REP,12,12,2,"GEORGE FAUGHT",REP,6,9,72,87,,
8/28/2012,"LATIMER","LATIMER COUNTY",12004,"FOR UNITED STATES REPRESENTATIVE DISTRICT 02",DEM,12,12,1,"ROB WALLACE",DEM,34,228,1127,1389,,
8/28/2012,"LATIMER","LATIMER COUNTY",12004,"FOR UNITED STATES REPRESENTATIVE DISTRICT 02",DEM,12,12,2,"WAYNE HERRIMAN",DEM,7,76,535,618,,
8/28/2012,"LATIMER","LATIMER COUNTY",22392,"FOR COUNTY SHERIFF",DEM,12,12,1,"JESSE JAMES",DEM,31,176,1010,1217,,
8/28/2012,"LATIMER","LATIMER COUNTY",22392,"FOR COUNTY SHERIFF",DEM,12,12,2,"MARKUS WARD",DEM,14,136,700,850,,
8/28/2012,"LEFLORE","LEFLORE COUNTY",11004,"FOR UNITED STATES REPRESENTATIVE DISTRICT 02",REP,37,37,1,"MARKWAYNE MULLIN",REP,19,20,347,386,,
8/28/2012,"LEFLORE","LEFLORE COUNTY",11004,"FOR UNITED STATES REPRESENTATIVE DISTRICT 02",REP,37,37,2,"GEORGE FAUGHT",REP,9,35,367,411,,
8/28/2012,"LEFLORE","LEFLORE COUNTY",12004,"FOR UNITED STATES REPRESENTATIVE DISTRICT 02",DEM,37,37,1,"ROB WALLACE",DEM,86,148,2452,2686,,
8/28/2012,"LEFLORE","LEFLORE COUNTY",12004,"FOR UNITED STATES REPRESENTATIVE DISTRICT 02",DEM,37,37,2,"WAYNE HERRIMAN",DEM,52,125,1811,1988,,
8/28/2012,"LEFLORE","LEFLORE COUNTY",22402,"FOR COUNTY SHERIFF",DEM,37,37,1,"BRUCE CURNUTT",DEM,78,108,1953,2139,,
8/28/2012,"LEFLORE","LEFLORE COUNTY",22402,"FOR COUNTY SHERIFF",DEM,37,37,2,"ROB SEALE",DEM,67,168,2372,2607,,
8/28/2012,"LEFLORE","TOWN OF POCOLA",44001,"FOR BOARD OF TRUSTEES, WARD NO. 4 (UNEXPIRED TERM)  TOWN OF POCOLA",,3,3,1,"RANDY RIDNER",,3,2,181,186,,
8/28/2012,"LEFLORE","TOWN OF POCOLA",44001,"FOR BOARD OF TRUSTEES, WARD NO. 4 (UNEXPIRED TERM)  TOWN OF POCOLA",,3,3,2,"JERL MITCHELL",,10,3,174,187,,
8/28/2012,"LOVE","LONE GROVE PUBLIC SCHOOLS",51002,"PROPOSITION  LONE GROVE PUBLIC SCHOOLS",,1,1,1,"FOR THE PROPOSITION - YES",,0,0,0,0,,
8/28/2012,"LOVE","LONE GROVE PUBLIC SCHOOLS",51002,"PROPOSITION  LONE GROVE PUBLIC SCHOOLS",,1,1,2,"AGAINST THE PROPOSITION - NO",,0,0,0,0,,
8/28/2012,"MCCLAIN","MCCLAIN COUNTY",11029,"FOR STATE SENATOR DISTRICT 43",REP,26,26,1,"COREY BROOKS",REP,64,43,883,990,,
8/28/2012,"MCCLAIN","MCCLAIN COUNTY",11029,"FOR STATE SENATOR DISTRICT 43",REP,26,26,2,"PEGGY DAVENPORT",REP,24,16,302,342,,
8/28/2012,"MCCLAIN","CITY OF BLANCHARD",44401,"FOR COUNCILMEMBER, WARD NO. 1 (UNEXPIRED TERM)  CITY OF BLANCHARD",,6,6,1,"NORMAN H KOBRIGER",,4,1,61,66,,
8/28/2012,"MCCLAIN","CITY OF BLANCHARD",44401,"FOR COUNCILMEMBER, WARD NO. 1 (UNEXPIRED TERM)  CITY OF BLANCHARD",,6,6,2,"EDDIE ODLE",,15,5,189,209,,
8/28/2012,"MCCLAIN","CITY OF BLANCHARD",44401,"FOR COUNCILMEMBER, WARD NO. 1 (UNEXPIRED TERM)  CITY OF BLANCHARD",,6,6,3,"JOSEPH A DAVIS",,30,4,213,247,,
8/28/2012,"MCCLAIN","CITY OF BLANCHARD",44402,"FOR COUNCILMEMBER, WARD NO. 3 (UNEXPIRED TERM)  CITY OF BLANCHARD",,6,6,1,"J D DEVILBISS",,14,5,122,141,,
8/28/2012,"MCCLAIN","CITY OF BLANCHARD",44402,"FOR COUNCILMEMBER, WARD NO. 3 (UNEXPIRED TERM)  CITY OF BLANCHARD",,6,6,2,"D SMITH",,17,4,147,168,,
8/28/2012,"MCCLAIN","CITY OF BLANCHARD",44402,"FOR COUNCILMEMBER, WARD NO. 3 (UNEXPIRED TERM)  CITY OF BLANCHARD",,6,6,3,"MICHAEL SCALF, SR",,17,2,207,226,,
8/28/2012,"MCCURTAIN","MCCURTAIN COUNTY",11004,"FOR UNITED STATES REPRESENTATIVE DISTRICT 02",REP,31,31,1,"MARKWAYNE MULLIN",REP,8,7,121,136,,
8/28/2012,"MCCURTAIN","MCCURTAIN COUNTY",11004,"FOR UNITED STATES REPRESENTATIVE DISTRICT 02",REP,31,31,2,"GEORGE FAUGHT",REP,7,9,127,143,,
8/28/2012,"MCCURTAIN","MCCURTAIN COUNTY",12004,"FOR UNITED STATES REPRESENTATIVE DISTRICT 02",DEM,31,31,1,"ROB WALLACE",DEM,18,49,695,762,,
8/28/2012,"MCCURTAIN","MCCURTAIN COUNTY",12004,"FOR UNITED STATES REPRESENTATIVE DISTRICT 02",DEM,31,31,2,"WAYNE HERRIMAN",DEM,16,10,215,241,,
8/28/2012,"MCINTOSH","MCINTOSH COUNTY",11004,"FOR UNITED STATES REPRESENTATIVE DISTRICT 02",REP,14,14,1,"MARKWAYNE MULLIN",REP,8,9,192,209,,
8/28/2012,"MCINTOSH","MCINTOSH COUNTY",11004,"FOR UNITED STATES REPRESENTATIVE DISTRICT 02",REP,14,14,2,"GEORGE FAUGHT",REP,13,11,206,230,,
8/28/2012,"MCINTOSH","MCINTOSH COUNTY",12004,"FOR UNITED STATES REPRESENTATIVE DISTRICT 02",DEM,14,14,1,"ROB WALLACE",DEM,14,27,526,567,,
8/28/2012,"MCINTOSH","MCINTOSH COUNTY",12004,"FOR UNITED STATES REPRESENTATIVE DISTRICT 02",DEM,14,14,2,"WAYNE HERRIMAN",DEM,12,13,435,460,,
8/28/2012,"MCINTOSH","MIDWAY PUBLIC SCHOOLS",54601,"PROPOSITION  MIDWAY PUBLIC SCHOOLS",,2,2,1,"FOR THE PROPOSITION - YES",,0,0,82,82,,
8/28/2012,"MCINTOSH","MIDWAY PUBLIC SCHOOLS",54601,"PROPOSITION  MIDWAY PUBLIC SCHOOLS",,2,2,2,"AGAINST THE PROPOSITION - NO",,0,0,84,84,,
8/28/2012,"MARSHALL","MARSHALL COUNTY",11004,"FOR UNITED STATES REPRESENTATIVE DISTRICT 02",REP,11,11,1,"MARKWAYNE MULLIN",REP,18,17,235,270,,
8/28/2012,"MARSHALL","MARSHALL COUNTY",11004,"FOR UNITED STATES REPRESENTATIVE DISTRICT 02",REP,11,11,2,"GEORGE FAUGHT",REP,4,20,314,338,,
8/28/2012,"MARSHALL","MARSHALL COUNTY",12004,"FOR UNITED STATES REPRESENTATIVE DISTRICT 02",DEM,11,11,1,"ROB WALLACE",DEM,11,66,711,788,,
8/28/2012,"MARSHALL","MARSHALL COUNTY",12004,"FOR UNITED STATES REPRESENTATIVE DISTRICT 02",DEM,11,11,2,"WAYNE HERRIMAN",DEM,16,55,580,651,,
8/28/2012,"MARSHALL","MARSHALL COUNTY",22484,"FOR COUNTY COMMISSIONER DISTRICT NO. 2",DEM,4,4,1,"WAYNE SCRIBNER",DEM,14,32,250,296,,
8/28/2012,"MARSHALL","MARSHALL COUNTY",22484,"FOR COUNTY COMMISSIONER DISTRICT NO. 2",DEM,4,4,2,"ERIN LEMONS",DEM,4,22,281,307,,
8/28/2012,"MARSHALL","MADILL PUBLIC SCHOOLS",54801,"PROPOSITION  MADILL PUBLIC SCHOOLS",,8,8,1,"FOR THE PROPOSITION - YES",,11,81,720,812,,
8/28/2012,"MARSHALL","MADILL PUBLIC SCHOOLS",54801,"PROPOSITION  MADILL PUBLIC SCHOOLS",,8,8,2,"AGAINST THE PROPOSITION - NO",,27,49,659,735,,
8/28/2012,"MAYES","MAYES COUNTY",11004,"FOR UNITED STATES REPRESENTATIVE DISTRICT 02",REP,27,27,1,"MARKWAYNE MULLIN",REP,41,42,1079,1162,,
8/28/2012,"MAYES","MAYES COUNTY",11004,"FOR UNITED STATES REPRESENTATIVE DISTRICT 02",REP,27,27,2,"GEORGE FAUGHT",REP,12,23,378,413,,
8/28/2012,"MAYES","MAYES COUNTY",12004,"FOR UNITED STATES REPRESENTATIVE DISTRICT 02",DEM,27,27,1,"ROB WALLACE",DEM,31,61,916,1008,,
8/28/2012,"MAYES","MAYES COUNTY",12004,"FOR UNITED STATES REPRESENTATIVE DISTRICT 02",DEM,27,27,2,"WAYNE HERRIMAN",DEM,18,32,695,745,,
8/28/2012,"MAYES","LOCUST GROVE PUBLIC SCHOOLS",54901,"PROPOSITION NO. 1  LOCUST GROVE PUBLIC SCHOOLS",,6,6,1,"FOR THE PROPOSITION - YES",,4,3,387,394,,
8/28/2012,"MAYES","LOCUST GROVE PUBLIC SCHOOLS",54901,"PROPOSITION NO. 1  LOCUST GROVE PUBLIC SCHOOLS",,6,6,2,"AGAINST THE PROPOSITION - NO",,6,10,388,404,,
8/28/2012,"MAYES","LOCUST GROVE PUBLIC SCHOOLS",54902,"PROPOSITION NO. 2  LOCUST GROVE PUBLIC SCHOOLS",,6,6,1,"FOR THE PROPOSITION - YES",,4,4,423,431,,
8/28/2012,"MAYES","LOCUST GROVE PUBLIC SCHOOLS",54902,"PROPOSITION NO. 2  LOCUST GROVE PUBLIC SCHOOLS",,6,6,2,"AGAINST THE PROPOSITION - NO",,6,9,351,366,,
8/28/2012,"MAYES","SALINA PUBLIC SCHOOLS",54903,"PROPOSITION  SALINA PUBLIC SCHOOLS",,4,4,1,"FOR THE PROPOSITION - YES",,6,5,259,270,,
8/28/2012,"MAYES","SALINA PUBLIC SCHOOLS",54903,"PROPOSITION  SALINA PUBLIC SCHOOLS",,4,4,2,"AGAINST THE PROPOSITION - NO",,10,3,230,243,,
8/28/2012,"MURRAY","ELMORE CITY-PERNELL SCHOOLS",52501,"PROPOSITION  ELMORE CITY-PERNELL SCHOOLS",,1,1,1,"FOR THE PROPOSITION - YES",,0,0,0,0,,
8/28/2012,"MURRAY","ELMORE CITY-PERNELL SCHOOLS",52501,"PROPOSITION  ELMORE CITY-PERNELL SCHOOLS",,1,1,2,"AGAINST THE PROPOSITION - NO",,0,0,0,0,,
8/28/2012,"MUSKOGEE","MUSKOGEE COUNTY",11004,"FOR UNITED STATES REPRESENTATIVE DISTRICT 02",REP,33,33,1,"MARKWAYNE MULLIN",REP,12,43,698,753,,
8/28/2012,"MUSKOGEE","MUSKOGEE COUNTY",11004,"FOR UNITED STATES REPRESENTATIVE DISTRICT 02",REP,33,33,2,"GEORGE FAUGHT",REP,41,100,1235,1376,,
8/28/2012,"MUSKOGEE","MUSKOGEE COUNTY",12004,"FOR UNITED STATES REPRESENTATIVE DISTRICT 02",DEM,33,33,1,"ROB WALLACE",DEM,54,190,2067,2311,,
8/28/2012,"MUSKOGEE","MUSKOGEE COUNTY",12004,"FOR UNITED STATES REPRESENTATIVE DISTRICT 02",DEM,33,33,2,"WAYNE HERRIMAN",DEM,108,184,2662,2954,,
8/28/2012,"MUSKOGEE","MUSKOGEE COUNTY",12045,"FOR STATE REPRESENTATIVE DISTRICT 14",DEM,13,13,1,"JERRY RAINS",DEM,23,105,1263,1391,,
8/28/2012,"MUSKOGEE","MUSKOGEE COUNTY",12045,"FOR STATE REPRESENTATIVE DISTRICT 14",DEM,13,13,2,"BOBBY JEFFERSON",DEM,41,95,875,1011,,
8/28/2012,"MUSKOGEE","MUSKOGEE COUNTY",22515,"FOR COUNTY COMMISSIONER DISTRICT NO. 2",DEM,12,12,1,"STEPHEN WRIGHT",DEM,17,78,1206,1301,,
8/28/2012,"MUSKOGEE","MUSKOGEE COUNTY",22515,"FOR COUNTY COMMISSIONER DISTRICT NO. 2",DEM,12,12,2,"RONNIE PEVEHOUSE",DEM,94,34,709,837,,
8/28/2012,"MUSKOGEE","MIDWAY PUBLIC SCHOOLS",54601,"PROPOSITION  MIDWAY PUBLIC SCHOOLS",,3,3,1,"FOR THE PROPOSITION - YES",,0,0,73,73,,
8/28/2012,"MUSKOGEE","MIDWAY PUBLIC SCHOOLS",54601,"PROPOSITION  MIDWAY PUBLIC SCHOOLS",,3,3,2,"AGAINST THE PROPOSITION - NO",,5,1,35,41,,
8/28/2012,"NOBLE","GARBER PUBLIC SCHOOLS",52401,"PROPOSITION  GARBER PUBLIC SCHOOLS",,1,1,1,"FOR THE PROPOSITION - YES",,0,0,0,0,,
8/28/2012,"NOBLE","GARBER PUBLIC SCHOOLS",52401,"PROPOSITION  GARBER PUBLIC SCHOOLS",,1,1,2,"AGAINST THE PROPOSITION - NO",,0,0,0,0,,
8/28/2012,"NOBLE","MORRISON PUBLIC SCHOOLS",55201,"PROPOSITION  MORRISON PUBLIC SCHOOLS",,2,2,1,"FOR THE PROPOSITION - YES",,3,3,178,184,,
8/28/2012,"NOBLE","MORRISON PUBLIC SCHOOLS",55201,"PROPOSITION  MORRISON PUBLIC SCHOOLS",,2,2,2,"AGAINST THE PROPOSITION - NO",,1,0,25,26,,
8/28/2012,"NOWATA","NOWATA COUNTY",11004,"FOR UNITED STATES REPRESENTATIVE DISTRICT 02",REP,11,11,1,"MARKWAYNE MULLIN",REP,9,37,308,354,,
8/28/2012,"NOWATA","NOWATA COUNTY",11004,"FOR UNITED STATES REPRESENTATIVE DISTRICT 02",REP,11,11,2,"GEORGE FAUGHT",REP,9,7,92,108,,
8/28/2012,"NOWATA","NOWATA COUNTY",12004,"FOR UNITED STATES REPRESENTATIVE DISTRICT 02",DEM,11,11,1,"ROB WALLACE",DEM,8,9,137,154,,
8/28/2012,"NOWATA","NOWATA COUNTY",12004,"FOR UNITED STATES REPRESENTATIVE DISTRICT 02",DEM,11,11,2,"WAYNE HERRIMAN",DEM,14,27,198,239,,
8/28/2012,"OKFUSKEE","OKFUSKEE COUNTY",11004,"FOR UNITED STATES REPRESENTATIVE DISTRICT 02",REP,13,13,1,"MARKWAYNE MULLIN",REP,4,24,98,126,,
8/28/2012,"OKFUSKEE","OKFUSKEE COUNTY",11004,"FOR UNITED STATES REPRESENTATIVE DISTRICT 02",REP,13,13,2,"GEORGE FAUGHT",REP,5,3,73,81,,
8/28/2012,"OKFUSKEE","OKFUSKEE COUNTY",12004,"FOR UNITED STATES REPRESENTATIVE DISTRICT 02",DEM,13,13,1,"ROB WALLACE",DEM,6,14,149,169,,
8/28/2012,"OKFUSKEE","OKFUSKEE COUNTY",12004,"FOR UNITED STATES REPRESENTATIVE DISTRICT 02",DEM,13,13,2,"WAYNE HERRIMAN",DEM,8,31,158,197,,
8/28/2012,"OKLAHOMA","OKLAHOMA COUNTY",11015,"FOR STATE SENATOR DISTRICT 15",REP,2,2,1,"ROB STANDRIDGE",REP,11,0,168,179,,
8/28/2012,"OKLAHOMA","OKLAHOMA COUNTY",11015,"FOR STATE SENATOR DISTRICT 15",REP,2,2,2,"JACK BELLER",REP,3,0,28,31,,
8/28/2012,"OKLAHOMA","OKLAHOMA COUNTY",11016,"FOR STATE SENATOR DISTRICT 17",REP,17,17,1,"ED MOORE",REP,67,14,1061,1142,,
8/28/2012,"OKLAHOMA","OKLAHOMA COUNTY",11016,"FOR STATE SENATOR DISTRICT 17",REP,17,17,2,"RON SHARP",REP,20,11,817,848,,
8/28/2012,"OKLAHOMA","OKLAHOMA COUNTY",12119,"FOR STATE REPRESENTATIVE DISTRICT 88",DEM,12,12,1,"KAY FLOYD",DEM,34,24,846,904,,
8/28/2012,"OKLAHOMA","OKLAHOMA COUNTY",12119,"FOR STATE REPRESENTATIVE DISTRICT 88",DEM,12,12,2,"MIKE DOVER",DEM,10,23,499,532,,
8/28/2012,"OKLAHOMA","OKLAHOMA COUNTY",21551,"FOR COUNTY COURT CLERK",REP,256,256,1,"TIM RHODES",REP,661,135,8228,9024,,
8/28/2012,"OKLAHOMA","OKLAHOMA COUNTY",21551,"FOR COUNTY COURT CLERK",REP,256,256,2,"CHARLES KEY",REP,688,90,5326,6104,,
8/28/2012,"OKLAHOMA","CITY OF DEL CITY",45501,"PROPOSITION  CITY OF DEL CITY",,6,6,1,"FOR THE PROPOSITION - YES",,64,9,937,1010,,
8/28/2012,"OKLAHOMA","CITY OF DEL CITY",45501,"PROPOSITION  CITY OF DEL CITY",,6,6,2,"AGAINST THE PROPOSITION - NO",,24,1,264,289,,
8/28/2012,"OKMULGEE","OKMULGEE COUNTY",11004,"FOR UNITED STATES REPRESENTATIVE DISTRICT 02",REP,29,29,1,"MARKWAYNE MULLIN",REP,25,68,542,635,,
8/28/2012,"OKMULGEE","OKMULGEE COUNTY",11004,"FOR UNITED STATES REPRESENTATIVE DISTRICT 02",REP,29,29,2,"GEORGE FAUGHT",REP,6,12,268,286,,
8/28/2012,"OKMULGEE","OKMULGEE COUNTY",12004,"FOR UNITED STATES REPRESENTATIVE DISTRICT 02",DEM,29,29,1,"ROB WALLACE",DEM,20,31,679,730,,
8/28/2012,"OKMULGEE","OKMULGEE COUNTY",12004,"FOR UNITED STATES REPRESENTATIVE DISTRICT 02",DEM,29,29,2,"WAYNE HERRIMAN",DEM,24,27,473,524,,
8/28/2012,"OKMULGEE","MIDWAY PUBLIC SCHOOLS",54601,"PROPOSITION  MIDWAY PUBLIC SCHOOLS",,1,1,1,"FOR THE PROPOSITION - YES",,0,0,0,0,,
8/28/2012,"OKMULGEE","MIDWAY PUBLIC SCHOOLS",54601,"PROPOSITION  MIDWAY PUBLIC SCHOOLS",,1,1,2,"AGAINST THE PROPOSITION - NO",,0,0,0,0,,
8/28/2012,"OSAGE","MCCORD PUBLIC SCHOOL",55701,"PROPOSITION NO. 1  MCCORD PUBLIC SCHOOL",,2,2,1,"FOR THE PROPOSITION - YES",,0,0,89,89,,
8/28/2012,"OSAGE","MCCORD PUBLIC SCHOOL",55701,"PROPOSITION NO. 1  MCCORD PUBLIC SCHOOL",,2,2,2,"AGAINST THE PROPOSITION - NO",,3,0,53,56,,
8/28/2012,"OSAGE","MCCORD PUBLIC SCHOOL",55702,"PROPOSITION NO. 2  MCCORD PUBLIC SCHOOL",,2,2,1,"FOR THE PROPOSITION - YES",,0,0,92,92,,
8/28/2012,"OSAGE","MCCORD PUBLIC SCHOOL",55702,"PROPOSITION NO. 2  MCCORD PUBLIC SCHOOL",,2,2,2,"AGAINST THE PROPOSITION - NO",,3,0,53,56,,
8/28/2012,"OSAGE","PRUE PUBLIC SCHOOLS",55703,"PROPOSITION  PRUE PUBLIC SCHOOLS",,7,7,1,"FOR THE PROPOSITION - YES",,13,0,142,155,,
8/28/2012,"OSAGE","PRUE PUBLIC SCHOOLS",55703,"PROPOSITION  PRUE PUBLIC SCHOOLS",,7,7,2,"AGAINST THE PROPOSITION - NO",,4,0,75,79,,
8/28/2012,"OSAGE","SKIATOOK PUBLIC SCHOOLS",57201,"PROPOSITION NO. 1  SKIATOOK PUBLIC SCHOOLS",,4,4,1,"FOR THE PROPOSITION - YES",,8,1,460,469,,
8/28/2012,"OSAGE","SKIATOOK PUBLIC SCHOOLS",57201,"PROPOSITION NO. 1  SKIATOOK PUBLIC SCHOOLS",,4,4,2,"AGAINST THE PROPOSITION - NO",,8,0,185,193,,
8/28/2012,"OSAGE","SKIATOOK PUBLIC SCHOOLS",57202,"PROPOSITION NO. 2  SKIATOOK PUBLIC SCHOOLS",,4,4,1,"FOR THE PROPOSITION - YES",,8,1,456,465,,
8/28/2012,"OSAGE","SKIATOOK PUBLIC SCHOOLS",57202,"PROPOSITION NO. 2  SKIATOOK PUBLIC SCHOOLS",,4,4,2,"AGAINST THE PROPOSITION - NO",,9,0,188,197,,
8/28/2012,"OSAGE","BARTLESVILLE PUBLIC SCHOOLS",57401,"PROPOSITION NO. 1  BARTLESVILLE PUBLIC SCHOOLS",,2,2,1,"FOR THE PROPOSITION - YES",,0,0,12,12,,
8/28/2012,"OSAGE","BARTLESVILLE PUBLIC SCHOOLS",57401,"PROPOSITION NO. 1  BARTLESVILLE PUBLIC SCHOOLS",,2,2,2,"AGAINST THE PROPOSITION - NO",,0,0,9,9,,
8/28/2012,"OSAGE","BARTLESVILLE PUBLIC SCHOOLS",57402,"PROPOSITION NO. 2  BARTLESVILLE PUBLIC SCHOOLS",,2,2,1,"FOR THE PROPOSITION - YES",,0,0,13,13,,
8/28/2012,"OSAGE","BARTLESVILLE PUBLIC SCHOOLS",57402,"PROPOSITION NO. 2  BARTLESVILLE PUBLIC SCHOOLS",,2,2,2,"AGAINST THE PROPOSITION - NO",,0,0,9,9,,
8/28/2012,"OTTAWA","OTTAWA COUNTY",11004,"FOR UNITED STATES REPRESENTATIVE DISTRICT 02",REP,17,17,1,"MARKWAYNE MULLIN",REP,12,12,272,296,,
8/28/2012,"OTTAWA","OTTAWA COUNTY",11004,"FOR UNITED STATES REPRESENTATIVE DISTRICT 02",REP,17,17,2,"GEORGE FAUGHT",REP,5,12,301,318,,
8/28/2012,"OTTAWA","OTTAWA COUNTY",12004,"FOR UNITED STATES REPRESENTATIVE DISTRICT 02",DEM,17,17,1,"ROB WALLACE",DEM,19,41,545,605,,
8/28/2012,"OTTAWA","OTTAWA COUNTY",12004,"FOR UNITED STATES REPRESENTATIVE DISTRICT 02",DEM,17,17,2,"WAYNE HERRIMAN",DEM,15,19,273,307,,
8/28/2012,"OTTAWA","TOWN OF AFTON",45801,"PROPOSITION  TOWN OF AFTON",,1,1,1,"FOR THE PROPOSITION - YES",,1,0,78,79,,
8/28/2012,"OTTAWA","TOWN OF AFTON",45801,"PROPOSITION  TOWN OF AFTON",,1,1,2,"AGAINST THE PROPOSITION - NO",,0,0,4,4,,
8/28/2012,"PAWNEE","MORRISON PUBLIC SCHOOLS",55201,"PROPOSITION  MORRISON PUBLIC SCHOOLS",,1,1,1,"FOR THE PROPOSITION - YES",,0,1,3,4,,
8/28/2012,"PAWNEE","MORRISON PUBLIC SCHOOLS",55201,"PROPOSITION  MORRISON PUBLIC SCHOOLS",,1,1,2,"AGAINST THE PROPOSITION - NO",,0,1,2,3,,
8/28/2012,"PAWNEE","PAWNEE PUBLIC SCHOOLS",55901,"PROPOSITION NO. 1  PAWNEE PUBLIC SCHOOLS",,4,4,1,"FOR THE PROPOSITION - YES",,11,96,496,603,,
8/28/2012,"PAWNEE","PAWNEE PUBLIC SCHOOLS",55901,"PROPOSITION NO. 1  PAWNEE PUBLIC SCHOOLS",,4,4,2,"AGAINST THE PROPOSITION - NO",,8,59,391,458,,
8/28/2012,"PAWNEE","PAWNEE PUBLIC SCHOOLS",55902,"PROPOSITION NO. 2  PAWNEE PUBLIC SCHOOLS",,4,4,1,"FOR THE PROPOSITION - YES",,14,111,538,663,,
8/28/2012,"PAWNEE","PAWNEE PUBLIC SCHOOLS",55902,"PROPOSITION NO. 2  PAWNEE PUBLIC SCHOOLS",,4,4,2,"AGAINST THE PROPOSITION - NO",,7,44,351,402,,
8/28/2012,"PAWNEE","PAWNEE PUBLIC SCHOOLS",55903,"PROPOSITION NO. 3  PAWNEE PUBLIC SCHOOLS",,4,4,1,"FOR THE PROPOSITION - YES",,13,104,567,684,,
8/28/2012,"PAWNEE","PAWNEE PUBLIC SCHOOLS",55903,"PROPOSITION NO. 3  PAWNEE PUBLIC SCHOOLS",,4,4,2,"AGAINST THE PROPOSITION - NO",,6,51,319,376,,
8/28/2012,"PAYNE","MORRISON PUBLIC SCHOOLS",55201,"PROPOSITION  MORRISON PUBLIC SCHOOLS",,5,5,1,"FOR THE PROPOSITION - YES",,2,0,8,10,,
8/28/2012,"PAYNE","MORRISON PUBLIC SCHOOLS",55201,"PROPOSITION  MORRISON PUBLIC SCHOOLS",,5,5,2,"AGAINST THE PROPOSITION - NO",,0,0,2,2,,
8/28/2012,"PITTSBURG","PITTSBURG COUNTY",11004,"FOR UNITED STATES REPRESENTATIVE DISTRICT 02",REP,41,41,1,"MARKWAYNE MULLIN",REP,22,15,307,344,,
8/28/2012,"PITTSBURG","PITTSBURG COUNTY",11004,"FOR UNITED STATES REPRESENTATIVE DISTRICT 02",REP,41,41,2,"GEORGE FAUGHT",REP,13,40,372,425,,
8/28/2012,"PITTSBURG","PITTSBURG COUNTY",12004,"FOR UNITED STATES REPRESENTATIVE DISTRICT 02",DEM,41,41,1,"ROB WALLACE",DEM,38,110,1024,1172,,
8/28/2012,"PITTSBURG","PITTSBURG COUNTY",12004,"FOR UNITED STATES REPRESENTATIVE DISTRICT 02",DEM,41,41,2,"WAYNE HERRIMAN",DEM,29,40,765,834,,
8/28/2012,"PONTOTOC","PONTOTOC COUNTY",22624,"FOR COUNTY COMMISSIONER DISTRICT NO. 2",DEM,6,6,1,"DANNY DAVIS",DEM,15,39,560,614,,
8/28/2012,"PONTOTOC","PONTOTOC COUNTY",22624,"FOR COUNTY COMMISSIONER DISTRICT NO. 2",DEM,6,6,2,"RANDY FLOYD",DEM,9,32,622,663,,
8/28/2012,"PONTOTOC","CITY OF ADA",46201,"PROPOSITION NO. 1  CITY OF ADA",,13,13,1,"FOR THE PROPOSITION - YES",,38,41,760,839,,
8/28/2012,"PONTOTOC","CITY OF ADA",46201,"PROPOSITION NO. 1  CITY OF ADA",,13,13,2,"AGAINST THE PROPOSITION - NO",,22,23,319,364,,
8/28/2012,"PONTOTOC","CITY OF ADA",46202,"PROPOSITION NO. 2  CITY OF ADA",,13,13,1,"FOR THE PROPOSITION - YES",,33,30,712,775,,
8/28/2012,"PONTOTOC","CITY OF ADA",46202,"PROPOSITION NO. 2  CITY OF ADA",,13,13,2,"AGAINST THE PROPOSITION - NO",,27,33,370,430,,
8/28/2012,"POTTAWATOMIE","POTTAWATOMIE COUNTY",11016,"FOR STATE SENATOR DISTRICT 17",REP,11,11,1,"ED MOORE",REP,18,12,439,469,,
8/28/2012,"POTTAWATOMIE","POTTAWATOMIE COUNTY",11016,"FOR STATE SENATOR DISTRICT 17",REP,11,11,2,"RON SHARP",REP,30,48,779,857,,
8/28/2012,"POTTAWATOMIE","CITY OF SHAWNEE",46304,"FOR WARD FOUR COMMISSIONER  CITY OF SHAWNEE",,16,16,1,"KEITH HALL",,44,57,857,958,,
8/28/2012,"POTTAWATOMIE","CITY OF SHAWNEE",46304,"FOR WARD FOUR COMMISSIONER  CITY OF SHAWNEE",,16,16,2,"DAVID BERGSTEN",,25,41,638,704,,
8/28/2012,"PUSHMATAHA","PUSHMATAHA COUNTY",11004,"FOR UNITED STATES REPRESENTATIVE DISTRICT 02",REP,16,16,1,"MARKWAYNE MULLIN",REP,2,10,95,107,,
8/28/2012,"PUSHMATAHA","PUSHMATAHA COUNTY",11004,"FOR UNITED STATES REPRESENTATIVE DISTRICT 02",REP,16,16,2,"GEORGE FAUGHT",REP,4,18,86,108,,
8/28/2012,"PUSHMATAHA","PUSHMATAHA COUNTY",12004,"FOR UNITED STATES REPRESENTATIVE DISTRICT 02",DEM,16,16,1,"ROB WALLACE",DEM,13,72,1113,1198,,
8/28/2012,"PUSHMATAHA","PUSHMATAHA COUNTY",12004,"FOR UNITED STATES REPRESENTATIVE DISTRICT 02",DEM,16,16,2,"WAYNE HERRIMAN",DEM,12,53,575,640,,
8/28/2012,"PUSHMATAHA","PUSHMATAHA COUNTY",22642,"FOR COUNTY SHERIFF",DEM,16,16,1,"TERRY DUNCAN",DEM,12,83,1008,1103,,
8/28/2012,"PUSHMATAHA","PUSHMATAHA COUNTY",22642,"FOR COUNTY SHERIFF",DEM,16,16,2,"JOHN ARTHUR",DEM,20,56,740,816,,
8/28/2012,"ROGERS","ROGERS COUNTY",11004,"FOR UNITED STATES REPRESENTATIVE DISTRICT 02",REP,30,30,1,"MARKWAYNE MULLIN",REP,82,193,2315,2590,,
8/28/2012,"ROGERS","ROGERS COUNTY",11004,"FOR UNITED STATES REPRESENTATIVE DISTRICT 02",REP,30,30,2,"GEORGE FAUGHT",REP,34,161,1449,1644,,
8/28/2012,"ROGERS","ROGERS COUNTY",12004,"FOR UNITED STATES REPRESENTATIVE DISTRICT 02",DEM,30,30,1,"ROB WALLACE",DEM,40,73,791,904,,
8/28/2012,"ROGERS","ROGERS COUNTY",12004,"FOR UNITED STATES REPRESENTATIVE DISTRICT 02",DEM,30,30,2,"WAYNE HERRIMAN",DEM,41,43,783,867,,
8/28/2012,"ROGERS","JUSTUS-TIAWAH PUBLIC SCHOOL",56601,"PROPOSITION NO. 1  JUSTUS-TIAWAH PUBLIC SCHOOL",,4,4,1,"FOR THE PROPOSITION - YES",,11,33,308,352,,
8/28/2012,"ROGERS","JUSTUS-TIAWAH PUBLIC SCHOOL",56601,"PROPOSITION NO. 1  JUSTUS-TIAWAH PUBLIC SCHOOL",,4,4,2,"AGAINST THE PROPOSITION - NO",,6,32,195,233,,
8/28/2012,"ROGERS","JUSTUS-TIAWAH PUBLIC SCHOOL",56602,"PROPOSITION NO. 2  JUSTUS-TIAWAH PUBLIC SCHOOL",,4,4,1,"FOR THE PROPOSITION - YES",,11,33,332,376,,
8/28/2012,"ROGERS","JUSTUS-TIAWAH PUBLIC SCHOOL",56602,"PROPOSITION NO. 2  JUSTUS-TIAWAH PUBLIC SCHOOL",,4,4,2,"AGAINST THE PROPOSITION - NO",,6,32,176,214,,
8/28/2012,"SEMINOLE","SEMINOLE COUNTY",22674,"FOR COUNTY COMMISSIONER DISTRICT NO. 2",DEM,5,5,1,"TOMMY MONKS",DEM,6,5,309,320,,
8/28/2012,"SEMINOLE","SEMINOLE COUNTY",22674,"FOR COUNTY COMMISSIONER DISTRICT NO. 2",DEM,5,5,2,"FRED COMBS",DEM,8,5,255,268,,
8/28/2012,"SEQUOYAH","SEQUOYAH COUNTY",11004,"FOR UNITED STATES REPRESENTATIVE DISTRICT 02",REP,26,26,1,"MARKWAYNE MULLIN",REP,15,16,285,316,,
8/28/2012,"SEQUOYAH","SEQUOYAH COUNTY",11004,"FOR UNITED STATES REPRESENTATIVE DISTRICT 02",REP,26,26,2,"GEORGE FAUGHT",REP,6,3,175,184,,
8/28/2012,"SEQUOYAH","SEQUOYAH COUNTY",12004,"FOR UNITED STATES REPRESENTATIVE DISTRICT 02",DEM,26,26,1,"ROB WALLACE",DEM,30,38,543,611,,
8/28/2012,"SEQUOYAH","SEQUOYAH COUNTY",12004,"FOR UNITED STATES REPRESENTATIVE DISTRICT 02",DEM,26,26,2,"WAYNE HERRIMAN",DEM,18,26,666,710,,
8/28/2012,"STEPHENS","STEPHENS COUNTY",11029,"FOR STATE SENATOR DISTRICT 43",REP,21,21,1,"COREY BROOKS",REP,16,66,770,852,,
8/28/2012,"STEPHENS","STEPHENS COUNTY",11029,"FOR STATE SENATOR DISTRICT 43",REP,21,21,2,"PEGGY DAVENPORT",REP,25,50,489,564,,
8/28/2012,"STEPHENS","FOX PUBLIC SCHOOLS",51001,"PROPOSITION  FOX PUBLIC SCHOOLS",,2,2,1,"FOR THE PROPOSITION - YES",,0,0,0,0,,
8/28/2012,"STEPHENS","FOX PUBLIC SCHOOLS",51001,"PROPOSITION  FOX PUBLIC SCHOOLS",,2,2,2,"AGAINST THE PROPOSITION - NO",,0,0,0,0,,
8/28/2012,"STEPHENS","ELMORE CITY-PERNELL SCHOOLS",52501,"PROPOSITION  ELMORE CITY-PERNELL SCHOOLS",,1,1,1,"FOR THE PROPOSITION - YES",,0,0,0,0,,
8/28/2012,"STEPHENS","ELMORE CITY-PERNELL SCHOOLS",52501,"PROPOSITION  ELMORE CITY-PERNELL SCHOOLS",,1,1,2,"AGAINST THE PROPOSITION - NO",,0,0,0,0,,
8/28/2012,"STEPHENS","WAURIKA PUBLIC SCHOOLS",53401,"PROPOSITION NO. 1  WAURIKA PUBLIC SCHOOLS",,1,1,1,"FOR THE PROPOSITION - YES",,0,0,0,0,,
8/28/2012,"STEPHENS","WAURIKA PUBLIC SCHOOLS",53401,"PROPOSITION NO. 1  WAURIKA PUBLIC SCHOOLS",,1,1,2,"AGAINST THE PROPOSITION - NO",,0,0,0,0,,
8/28/2012,"STEPHENS","WAURIKA PUBLIC SCHOOLS",53402,"PROPOSITION NO. 2  WAURIKA PUBLIC SCHOOLS",,1,1,1,"FOR THE PROPOSITION - YES",,0,0,0,0,,
8/28/2012,"STEPHENS","WAURIKA PUBLIC SCHOOLS",53402,"PROPOSITION NO. 2  WAURIKA PUBLIC SCHOOLS",,1,1,2,"AGAINST THE PROPOSITION - NO",,0,0,0,0,,
8/28/2012,"TEXAS","TURPIN PUBLIC SCHOOLS",50401,"PROPOSITION  TURPIN PUBLIC SCHOOLS",,2,2,1,"FOR THE PROPOSITION - YES",,7,0,12,19,,
8/28/2012,"TEXAS","TURPIN PUBLIC SCHOOLS",50401,"PROPOSITION  TURPIN PUBLIC SCHOOLS",,2,2,2,"AGAINST THE PROPOSITION - NO",,5,2,1,8,,
8/28/2012,"TEXAS","TEXHOMA PUBLIC SCHOOLS",57001,"PROPOSITION  TEXHOMA PUBLIC SCHOOLS",,2,2,1,"FOR THE PROPOSITION - YES",,20,6,217,243,,
8/28/2012,"TEXAS","TEXHOMA PUBLIC SCHOOLS",57001,"PROPOSITION  TEXHOMA PUBLIC SCHOOLS",,2,2,2,"AGAINST THE PROPOSITION - NO",,11,12,128,151,,
8/28/2012,"TULSA","TULSA COUNTY",11024,"FOR STATE SENATOR DISTRICT 33",REP,32,32,1,"TIM WRIGHT",REP,131,30,1910,2071,,
8/28/2012,"TULSA","TULSA COUNTY",11024,"FOR STATE SENATOR DISTRICT 33",REP,32,32,2,"NATHAN DAHM",REP,108,22,2289,2419,,
8/28/2012,"TULSA","TULSA COUNTY",11101,"FOR STATE REPRESENTATIVE DISTRICT 70",REP,22,22,1,"KEN WALKER",REP,74,35,1527,1636,,
8/28/2012,"TULSA","TULSA COUNTY",11101,"FOR STATE REPRESENTATIVE DISTRICT 70",REP,22,22,2,"SHANE SAUNDERS",REP,82,46,1293,1421,,
8/28/2012,"TULSA","TULSA COUNTY",21723,"FOR COUNTY CLERK",REP,262,262,1,"PAT KEY",REP,719,282,8008,9009,,
8/28/2012,"TULSA","TULSA COUNTY",21723,"FOR COUNTY CLERK",REP,262,262,2,"DEAN MARTIN",REP,346,134,8345,8825,,
8/28/2012,"TULSA","SKIATOOK PUBLIC SCHOOLS",57201,"PROPOSITION NO. 1  SKIATOOK PUBLIC SCHOOLS",,2,2,1,"FOR THE PROPOSITION - YES",,3,2,142,147,,
8/28/2012,"TULSA","SKIATOOK PUBLIC SCHOOLS",57201,"PROPOSITION NO. 1  SKIATOOK PUBLIC SCHOOLS",,2,2,2,"AGAINST THE PROPOSITION - NO",,2,1,72,75,,
8/28/2012,"TULSA","SKIATOOK PUBLIC SCHOOLS",57202,"PROPOSITION NO. 2  SKIATOOK PUBLIC SCHOOLS",,2,2,1,"FOR THE PROPOSITION - YES",,3,2,143,148,,
8/28/2012,"TULSA","SKIATOOK PUBLIC SCHOOLS",57202,"PROPOSITION NO. 2  SKIATOOK PUBLIC SCHOOLS",,2,2,2,"AGAINST THE PROPOSITION - NO",,2,1,73,76,,
8/28/2012,"WAGONER","WAGONER COUNTY",21731,"FOR COUNTY COURT CLERK",REP,32,32,1,"RHONDA J. VINCENT",REP,31,22,592,645,,
8/28/2012,"WAGONER","WAGONER COUNTY",21731,"FOR COUNTY COURT CLERK",REP,32,32,2,"JIM HIGHT",REP,50,39,1065,1154,,
8/28/2012,"WAGONER","LOCUST GROVE PUBLIC SCHOOLS",54901,"PROPOSITION NO. 1  LOCUST GROVE PUBLIC SCHOOLS",,1,1,1,"FOR THE PROPOSITION - YES",,0,0,7,7,,
8/28/2012,"WAGONER","LOCUST GROVE PUBLIC SCHOOLS",54901,"PROPOSITION NO. 1  LOCUST GROVE PUBLIC SCHOOLS",,1,1,2,"AGAINST THE PROPOSITION - NO",,0,0,9,9,,
8/28/2012,"WAGONER","LOCUST GROVE PUBLIC SCHOOLS",54902,"PROPOSITION NO. 2  LOCUST GROVE PUBLIC SCHOOLS",,1,1,1,"FOR THE PROPOSITION - YES",,0,0,6,6,,
8/28/2012,"WAGONER","LOCUST GROVE PUBLIC SCHOOLS",54902,"PROPOSITION NO. 2  LOCUST GROVE PUBLIC SCHOOLS",,1,1,2,"AGAINST THE PROPOSITION - NO",,0,0,10,10,,
8/28/2012,"WASHINGTON","SKIATOOK PUBLIC SCHOOLS",57201,"PROPOSITION NO. 1  SKIATOOK PUBLIC SCHOOLS",,1,1,1,"FOR THE PROPOSITION - YES",,0,0,21,21,,
8/28/2012,"WASHINGTON","SKIATOOK PUBLIC SCHOOLS",57201,"PROPOSITION NO. 1  SKIATOOK PUBLIC SCHOOLS",,1,1,2,"AGAINST THE PROPOSITION - NO",,0,0,8,8,,
8/28/2012,"WASHINGTON","SKIATOOK PUBLIC SCHOOLS",57202,"PROPOSITION NO. 2  SKIATOOK PUBLIC SCHOOLS",,1,1,1,"FOR THE PROPOSITION - YES",,0,0,21,21,,
8/28/2012,"WASHINGTON","SKIATOOK PUBLIC SCHOOLS",57202,"PROPOSITION NO. 2  SKIATOOK PUBLIC SCHOOLS",,1,1,2,"AGAINST THE PROPOSITION - NO",,0,0,8,8,,
8/28/2012,"WASHINGTON","BARTLESVILLE PUBLIC SCHOOLS",57401,"PROPOSITION NO. 1  BARTLESVILLE PUBLIC SCHOOLS",,17,17,1,"FOR THE PROPOSITION - YES",,46,331,3808,4185,,
8/28/2012,"WASHINGTON","BARTLESVILLE PUBLIC SCHOOLS",57401,"PROPOSITION NO. 1  BARTLESVILLE PUBLIC SCHOOLS",,17,17,2,"AGAINST THE PROPOSITION - NO",,37,77,2091,2205,,
8/28/2012,"WASHINGTON","BARTLESVILLE PUBLIC SCHOOLS",57402,"PROPOSITION NO. 2  BARTLESVILLE PUBLIC SCHOOLS",,17,17,1,"FOR THE PROPOSITION - YES",,44,345,3926,4315,,
8/28/2012,"WASHINGTON","BARTLESVILLE PUBLIC SCHOOLS",57402,"PROPOSITION NO. 2  BARTLESVILLE PUBLIC SCHOOLS",,17,17,2,"AGAINST THE PROPOSITION - NO",,41,70,2065,2176,,
8/28/2012,"WASHITA","WEATHERFORD PUBLIC SCHOOLS",52001,"PROPOSITION  WEATHERFORD PUBLIC SCHOOLS",,1,1,1,"FOR THE PROPOSITION - YES",,0,0,3,3,,
8/28/2012,"WASHITA","WEATHERFORD PUBLIC SCHOOLS",52001,"PROPOSITION  WEATHERFORD PUBLIC SCHOOLS",,1,1,2,"AGAINST THE PROPOSITION - NO",,0,0,0,0,,
8/28/2012,"WOODWARD","FARGO PUBLIC SCHOOLS",52301,"PROPOSITION  FARGO PUBLIC SCHOOLS",,2,2,1,"FOR THE PROPOSITION - YES",,1,0,19,20,,
8/28/2012,"WOODWARD","FARGO PUBLIC SCHOOLS",52301,"PROPOSITION  FARGO PUBLIC SCHOOLS",,2,2,2,"AGAINST THE PROPOSITION - NO",,0,8,38,46,,
