elec_date,precinct,entity_description,race_number,race_description,race_party,tot_race_prec,race_prec_reporting,cand_number,cand_name,cand_party,cand_absmail_votes,cand_early_votes,cand_elecday_votes,cand_tot_votes,race_county_owner
1/9/2018,"030006","COALGATE PUBLIC SCHOOLS INDEPENDENT SCHOOL DISTRICT NO. 001",51501,"PROPOSITION  COALGATE PUBLIC SCHOOLS",,10,10,1,"FOR THE PROPOSITION - YES",,0,0,0,0,,
1/9/2018,"030006","COALGATE PUBLIC SCHOOLS INDEPENDENT SCHOOL DISTRICT NO. 001",51501,"PROPOSITION  COALGATE PUBLIC SCHOOLS",,10,10,2,"AGAINST THE PROPOSITION - NO",,0,0,0,0,,
1/9/2018,"030010","COALGATE PUBLIC SCHOOLS INDEPENDENT SCHOOL DISTRICT NO. 001",51501,"PROPOSITION  COALGATE PUBLIC SCHOOLS",,10,10,1,"FOR THE PROPOSITION - YES",,0,0,4,4,,
1/9/2018,"030010","COALGATE PUBLIC SCHOOLS INDEPENDENT SCHOOL DISTRICT NO. 001",51501,"PROPOSITION  COALGATE PUBLIC SCHOOLS",,10,10,2,"AGAINST THE PROPOSITION - NO",,0,0,4,4,,
1/9/2018,"150003","COALGATE PUBLIC SCHOOLS INDEPENDENT SCHOOL DISTRICT NO. 001",51501,"PROPOSITION  COALGATE PUBLIC SCHOOLS",,10,10,1,"FOR THE PROPOSITION - YES",,0,5,14,19,,
1/9/2018,"150003","COALGATE PUBLIC SCHOOLS INDEPENDENT SCHOOL DISTRICT NO. 001",51501,"PROPOSITION  COALGATE PUBLIC SCHOOLS",,10,10,2,"AGAINST THE PROPOSITION - NO",,2,0,5,7,,
1/9/2018,"150004","COALGATE PUBLIC SCHOOLS INDEPENDENT SCHOOL DISTRICT NO. 001",51501,"PROPOSITION  COALGATE PUBLIC SCHOOLS",,10,10,1,"FOR THE PROPOSITION - YES",,1,8,41,50,,
1/9/2018,"150004","COALGATE PUBLIC SCHOOLS INDEPENDENT SCHOOL DISTRICT NO. 001",51501,"PROPOSITION  COALGATE PUBLIC SCHOOLS",,10,10,2,"AGAINST THE PROPOSITION - NO",,0,2,13,15,,
1/9/2018,"150005","COALGATE PUBLIC SCHOOLS INDEPENDENT SCHOOL DISTRICT NO. 001",51501,"PROPOSITION  COALGATE PUBLIC SCHOOLS",,10,10,1,"FOR THE PROPOSITION - YES",,4,26,74,104,,
1/9/2018,"150005","COALGATE PUBLIC SCHOOLS INDEPENDENT SCHOOL DISTRICT NO. 001",51501,"PROPOSITION  COALGATE PUBLIC SCHOOLS",,10,10,2,"AGAINST THE PROPOSITION - NO",,2,5,29,36,,
1/9/2018,"150006","COALGATE PUBLIC SCHOOLS INDEPENDENT SCHOOL DISTRICT NO. 001",51501,"PROPOSITION  COALGATE PUBLIC SCHOOLS",,10,10,1,"FOR THE PROPOSITION - YES",,1,12,35,48,,
1/9/2018,"150006","COALGATE PUBLIC SCHOOLS INDEPENDENT SCHOOL DISTRICT NO. 001",51501,"PROPOSITION  COALGATE PUBLIC SCHOOLS",,10,10,2,"AGAINST THE PROPOSITION - NO",,0,2,9,11,,
1/9/2018,"150007","COALGATE PUBLIC SCHOOLS INDEPENDENT SCHOOL DISTRICT NO. 001",51501,"PROPOSITION  COALGATE PUBLIC SCHOOLS",,10,10,1,"FOR THE PROPOSITION - YES",,1,14,57,72,,
1/9/2018,"150007","COALGATE PUBLIC SCHOOLS INDEPENDENT SCHOOL DISTRICT NO. 001",51501,"PROPOSITION  COALGATE PUBLIC SCHOOLS",,10,10,2,"AGAINST THE PROPOSITION - NO",,1,3,13,17,,
1/9/2018,"150009","COALGATE PUBLIC SCHOOLS INDEPENDENT SCHOOL DISTRICT NO. 001",51501,"PROPOSITION  COALGATE PUBLIC SCHOOLS",,10,10,1,"FOR THE PROPOSITION - YES",,0,1,2,3,,
1/9/2018,"150009","COALGATE PUBLIC SCHOOLS INDEPENDENT SCHOOL DISTRICT NO. 001",51501,"PROPOSITION  COALGATE PUBLIC SCHOOLS",,10,10,2,"AGAINST THE PROPOSITION - NO",,0,0,2,2,,
1/9/2018,"150010","COALGATE PUBLIC SCHOOLS INDEPENDENT SCHOOL DISTRICT NO. 001",51501,"PROPOSITION  COALGATE PUBLIC SCHOOLS",,10,10,1,"FOR THE PROPOSITION - YES",,0,4,11,15,,
1/9/2018,"150010","COALGATE PUBLIC SCHOOLS INDEPENDENT SCHOOL DISTRICT NO. 001",51501,"PROPOSITION  COALGATE PUBLIC SCHOOLS",,10,10,2,"AGAINST THE PROPOSITION - NO",,0,4,10,14,,
1/9/2018,"150011","COALGATE PUBLIC SCHOOLS INDEPENDENT SCHOOL DISTRICT NO. 001",51501,"PROPOSITION  COALGATE PUBLIC SCHOOLS",,10,10,1,"FOR THE PROPOSITION - YES",,4,10,44,58,,
1/9/2018,"150011","COALGATE PUBLIC SCHOOLS INDEPENDENT SCHOOL DISTRICT NO. 001",51501,"PROPOSITION  COALGATE PUBLIC SCHOOLS",,10,10,2,"AGAINST THE PROPOSITION - NO",,0,0,21,21,,
1/9/2018,"260003","FEDERAL, STATE AND COUNTY",11001,"FOR STATE REPRESENTATIVE DISTRICT 51 (UNEXPIRED TERM)",REP,23,23,1,"DUSTIN PAYNE",REP,2,1,22,25,,
1/9/2018,"260003","FEDERAL, STATE AND COUNTY",11001,"FOR STATE REPRESENTATIVE DISTRICT 51 (UNEXPIRED TERM)",REP,23,23,2,"BRAD BOLES",REP,2,2,27,31,,
1/9/2018,"260011","FEDERAL, STATE AND COUNTY",11001,"FOR STATE REPRESENTATIVE DISTRICT 51 (UNEXPIRED TERM)",REP,23,23,1,"DUSTIN PAYNE",REP,2,3,10,15,,
1/9/2018,"260011","FEDERAL, STATE AND COUNTY",11001,"FOR STATE REPRESENTATIVE DISTRICT 51 (UNEXPIRED TERM)",REP,23,23,2,"BRAD BOLES",REP,1,2,7,10,,
1/9/2018,"260016","FEDERAL, STATE AND COUNTY",11001,"FOR STATE REPRESENTATIVE DISTRICT 51 (UNEXPIRED TERM)",REP,23,23,1,"DUSTIN PAYNE",REP,1,0,1,2,,
1/9/2018,"260016","FEDERAL, STATE AND COUNTY",11001,"FOR STATE REPRESENTATIVE DISTRICT 51 (UNEXPIRED TERM)",REP,23,23,2,"BRAD BOLES",REP,0,0,5,5,,
1/9/2018,"260020","FEDERAL, STATE AND COUNTY",11001,"FOR STATE REPRESENTATIVE DISTRICT 51 (UNEXPIRED TERM)",REP,23,23,1,"DUSTIN PAYNE",REP,0,0,1,1,,
1/9/2018,"260020","FEDERAL, STATE AND COUNTY",11001,"FOR STATE REPRESENTATIVE DISTRICT 51 (UNEXPIRED TERM)",REP,23,23,2,"BRAD BOLES",REP,0,2,13,15,,
1/9/2018,"260023","FEDERAL, STATE AND COUNTY",11001,"FOR STATE REPRESENTATIVE DISTRICT 51 (UNEXPIRED TERM)",REP,23,23,1,"DUSTIN PAYNE",REP,0,0,0,0,,
1/9/2018,"260023","FEDERAL, STATE AND COUNTY",11001,"FOR STATE REPRESENTATIVE DISTRICT 51 (UNEXPIRED TERM)",REP,23,23,2,"BRAD BOLES",REP,0,0,3,3,,
1/9/2018,"260025","FEDERAL, STATE AND COUNTY",11001,"FOR STATE REPRESENTATIVE DISTRICT 51 (UNEXPIRED TERM)",REP,23,23,1,"DUSTIN PAYNE",REP,1,0,21,22,,
1/9/2018,"260025","FEDERAL, STATE AND COUNTY",11001,"FOR STATE REPRESENTATIVE DISTRICT 51 (UNEXPIRED TERM)",REP,23,23,2,"BRAD BOLES",REP,0,4,20,24,,
1/9/2018,"260026","FEDERAL, STATE AND COUNTY",11001,"FOR STATE REPRESENTATIVE DISTRICT 51 (UNEXPIRED TERM)",REP,23,23,1,"DUSTIN PAYNE",REP,2,0,1,3,,
1/9/2018,"260026","FEDERAL, STATE AND COUNTY",11001,"FOR STATE REPRESENTATIVE DISTRICT 51 (UNEXPIRED TERM)",REP,23,23,2,"BRAD BOLES",REP,5,0,1,6,,
1/9/2018,"260028","FEDERAL, STATE AND COUNTY",11001,"FOR STATE REPRESENTATIVE DISTRICT 51 (UNEXPIRED TERM)",REP,23,23,1,"DUSTIN PAYNE",REP,0,1,11,12,,
1/9/2018,"260028","FEDERAL, STATE AND COUNTY",11001,"FOR STATE REPRESENTATIVE DISTRICT 51 (UNEXPIRED TERM)",REP,23,23,2,"BRAD BOLES",REP,1,0,15,16,,
1/9/2018,"260031","FEDERAL, STATE AND COUNTY",11001,"FOR STATE REPRESENTATIVE DISTRICT 51 (UNEXPIRED TERM)",REP,23,23,1,"DUSTIN PAYNE",REP,0,0,3,3,,
1/9/2018,"260031","FEDERAL, STATE AND COUNTY",11001,"FOR STATE REPRESENTATIVE DISTRICT 51 (UNEXPIRED TERM)",REP,23,23,2,"BRAD BOLES",REP,1,0,3,4,,
1/9/2018,"260032","FEDERAL, STATE AND COUNTY",11001,"FOR STATE REPRESENTATIVE DISTRICT 51 (UNEXPIRED TERM)",REP,23,23,1,"DUSTIN PAYNE",REP,1,2,3,6,,
1/9/2018,"260032","FEDERAL, STATE AND COUNTY",11001,"FOR STATE REPRESENTATIVE DISTRICT 51 (UNEXPIRED TERM)",REP,23,23,2,"BRAD BOLES",REP,6,3,30,39,,
1/9/2018,"260037","FEDERAL, STATE AND COUNTY",11001,"FOR STATE REPRESENTATIVE DISTRICT 51 (UNEXPIRED TERM)",REP,23,23,1,"DUSTIN PAYNE",REP,15,1,31,47,,
1/9/2018,"260037","FEDERAL, STATE AND COUNTY",11001,"FOR STATE REPRESENTATIVE DISTRICT 51 (UNEXPIRED TERM)",REP,23,23,2,"BRAD BOLES",REP,11,1,42,54,,
1/9/2018,"260038","FEDERAL, STATE AND COUNTY",11001,"FOR STATE REPRESENTATIVE DISTRICT 51 (UNEXPIRED TERM)",REP,23,23,1,"DUSTIN PAYNE",REP,0,0,26,26,,
1/9/2018,"260038","FEDERAL, STATE AND COUNTY",11001,"FOR STATE REPRESENTATIVE DISTRICT 51 (UNEXPIRED TERM)",REP,23,23,2,"BRAD BOLES",REP,2,0,39,41,,
1/9/2018,"260039","FEDERAL, STATE AND COUNTY",11001,"FOR STATE REPRESENTATIVE DISTRICT 51 (UNEXPIRED TERM)",REP,23,23,1,"DUSTIN PAYNE",REP,2,0,11,13,,
1/9/2018,"260039","FEDERAL, STATE AND COUNTY",11001,"FOR STATE REPRESENTATIVE DISTRICT 51 (UNEXPIRED TERM)",REP,23,23,2,"BRAD BOLES",REP,5,0,13,18,,
1/9/2018,"280106","BLAIR PUBLIC SCHOOLS INDEPENDENT SCHOOL DISTRICT NO. 054",53301,"PROPOSITION  BLAIR PUBLIC SCHOOLS",,6,6,1,"FOR THE PROPOSITION - YES",,0,0,0,0,,
1/9/2018,"280106","BLAIR PUBLIC SCHOOLS INDEPENDENT SCHOOL DISTRICT NO. 054",53301,"PROPOSITION  BLAIR PUBLIC SCHOOLS",,6,6,2,"AGAINST THE PROPOSITION - NO",,0,0,0,0,,
1/9/2018,"280202","BLAIR PUBLIC SCHOOLS INDEPENDENT SCHOOL DISTRICT NO. 054",53301,"PROPOSITION  BLAIR PUBLIC SCHOOLS",,6,6,1,"FOR THE PROPOSITION - YES",,0,0,2,2,,
1/9/2018,"280202","BLAIR PUBLIC SCHOOLS INDEPENDENT SCHOOL DISTRICT NO. 054",53301,"PROPOSITION  BLAIR PUBLIC SCHOOLS",,6,6,2,"AGAINST THE PROPOSITION - NO",,0,0,4,4,,
1/9/2018,"330016","BLAIR PUBLIC SCHOOLS INDEPENDENT SCHOOL DISTRICT NO. 054",53301,"PROPOSITION  BLAIR PUBLIC SCHOOLS",,6,6,1,"FOR THE PROPOSITION - YES",,0,3,114,117,,
1/9/2018,"330016","BLAIR PUBLIC SCHOOLS INDEPENDENT SCHOOL DISTRICT NO. 054",53301,"PROPOSITION  BLAIR PUBLIC SCHOOLS",,6,6,2,"AGAINST THE PROPOSITION - NO",,0,1,29,30,,
1/9/2018,"330020","BLAIR PUBLIC SCHOOLS INDEPENDENT SCHOOL DISTRICT NO. 054",53301,"PROPOSITION  BLAIR PUBLIC SCHOOLS",,6,6,1,"FOR THE PROPOSITION - YES",,0,1,8,9,,
1/9/2018,"330020","BLAIR PUBLIC SCHOOLS INDEPENDENT SCHOOL DISTRICT NO. 054",53301,"PROPOSITION  BLAIR PUBLIC SCHOOLS",,6,6,2,"AGAINST THE PROPOSITION - NO",,0,0,3,3,,
1/9/2018,"330023","BLAIR PUBLIC SCHOOLS INDEPENDENT SCHOOL DISTRICT NO. 054",53301,"PROPOSITION  BLAIR PUBLIC SCHOOLS",,6,6,1,"FOR THE PROPOSITION - YES",,0,0,4,4,,
1/9/2018,"330023","BLAIR PUBLIC SCHOOLS INDEPENDENT SCHOOL DISTRICT NO. 054",53301,"PROPOSITION  BLAIR PUBLIC SCHOOLS",,6,6,2,"AGAINST THE PROPOSITION - NO",,0,0,2,2,,
1/9/2018,"350001","JOHNSTON COUNTY",30002,"PROPOSITION",,14,14,1,"FOR THE PROPOSITION - YES",,0,5,28,33,JOHNSTON
1/9/2018,"350001","JOHNSTON COUNTY",30002,"PROPOSITION",,14,14,2,"AGAINST THE PROPOSITION - NO",,0,4,10,14,JOHNSTON
1/9/2018,"350002","JOHNSTON COUNTY",30002,"PROPOSITION",,14,14,1,"FOR THE PROPOSITION - YES",,0,3,26,29,JOHNSTON
1/9/2018,"350002","JOHNSTON COUNTY",30002,"PROPOSITION",,14,14,2,"AGAINST THE PROPOSITION - NO",,0,0,12,12,JOHNSTON
1/9/2018,"350003","JOHNSTON COUNTY",30002,"PROPOSITION",,14,14,1,"FOR THE PROPOSITION - YES",,0,5,22,27,JOHNSTON
1/9/2018,"350003","JOHNSTON COUNTY",30002,"PROPOSITION",,14,14,2,"AGAINST THE PROPOSITION - NO",,0,3,5,8,JOHNSTON
1/9/2018,"350004","JOHNSTON COUNTY",30002,"PROPOSITION",,14,14,1,"FOR THE PROPOSITION - YES",,0,13,55,68,JOHNSTON
1/9/2018,"350004","JOHNSTON COUNTY",30002,"PROPOSITION",,14,14,2,"AGAINST THE PROPOSITION - NO",,0,9,33,42,JOHNSTON
1/9/2018,"350005","JOHNSTON COUNTY",30002,"PROPOSITION",,14,14,1,"FOR THE PROPOSITION - YES",,0,0,18,18,JOHNSTON
1/9/2018,"350005","JOHNSTON COUNTY",30002,"PROPOSITION",,14,14,2,"AGAINST THE PROPOSITION - NO",,0,0,16,16,JOHNSTON
1/9/2018,"350006","JOHNSTON COUNTY",30002,"PROPOSITION",,14,14,1,"FOR THE PROPOSITION - YES",,0,4,40,44,JOHNSTON
1/9/2018,"350006","JOHNSTON COUNTY",30002,"PROPOSITION",,14,14,2,"AGAINST THE PROPOSITION - NO",,0,0,8,8,JOHNSTON
1/9/2018,"350007","JOHNSTON COUNTY",30002,"PROPOSITION",,14,14,1,"FOR THE PROPOSITION - YES",,0,0,0,0,JOHNSTON
1/9/2018,"350007","JOHNSTON COUNTY",30002,"PROPOSITION",,14,14,2,"AGAINST THE PROPOSITION - NO",,0,0,0,0,JOHNSTON
1/9/2018,"350008","JOHNSTON COUNTY",30002,"PROPOSITION",,14,14,1,"FOR THE PROPOSITION - YES",,0,3,37,40,JOHNSTON
1/9/2018,"350008","JOHNSTON COUNTY",30002,"PROPOSITION",,14,14,2,"AGAINST THE PROPOSITION - NO",,0,1,9,10,JOHNSTON
1/9/2018,"350009","JOHNSTON COUNTY",30002,"PROPOSITION",,14,14,1,"FOR THE PROPOSITION - YES",,0,0,22,22,JOHNSTON
1/9/2018,"350009","JOHNSTON COUNTY",30002,"PROPOSITION",,14,14,2,"AGAINST THE PROPOSITION - NO",,0,0,7,7,JOHNSTON
1/9/2018,"350010","JOHNSTON COUNTY",30002,"PROPOSITION",,14,14,1,"FOR THE PROPOSITION - YES",,0,0,18,18,JOHNSTON
1/9/2018,"350010","JOHNSTON COUNTY",30002,"PROPOSITION",,14,14,2,"AGAINST THE PROPOSITION - NO",,0,0,5,5,JOHNSTON
1/9/2018,"350011","JOHNSTON COUNTY",30002,"PROPOSITION",,14,14,1,"FOR THE PROPOSITION - YES",,0,0,20,20,JOHNSTON
1/9/2018,"350011","JOHNSTON COUNTY",30002,"PROPOSITION",,14,14,2,"AGAINST THE PROPOSITION - NO",,0,1,10,11,JOHNSTON
1/9/2018,"350012","JOHNSTON COUNTY",30002,"PROPOSITION",,14,14,1,"FOR THE PROPOSITION - YES",,0,2,15,17,JOHNSTON
1/9/2018,"350012","JOHNSTON COUNTY",30002,"PROPOSITION",,14,14,2,"AGAINST THE PROPOSITION - NO",,0,0,9,9,JOHNSTON
1/9/2018,"350013","JOHNSTON COUNTY",30002,"PROPOSITION",,14,14,1,"FOR THE PROPOSITION - YES",,0,4,41,45,JOHNSTON
1/9/2018,"350013","JOHNSTON COUNTY",30002,"PROPOSITION",,14,14,2,"AGAINST THE PROPOSITION - NO",,0,4,28,32,JOHNSTON
1/9/2018,"350014","JOHNSTON COUNTY",30002,"PROPOSITION",,14,14,1,"FOR THE PROPOSITION - YES",,0,1,14,15,JOHNSTON
1/9/2018,"350014","JOHNSTON COUNTY",30002,"PROPOSITION",,14,14,2,"AGAINST THE PROPOSITION - NO",,0,0,10,10,JOHNSTON
1/9/2018,"380011","BLAIR PUBLIC SCHOOLS INDEPENDENT SCHOOL DISTRICT NO. 054",53301,"PROPOSITION  BLAIR PUBLIC SCHOOLS",,6,6,1,"FOR THE PROPOSITION - YES",,0,0,0,0,,
1/9/2018,"380011","BLAIR PUBLIC SCHOOLS INDEPENDENT SCHOOL DISTRICT NO. 054",53301,"PROPOSITION  BLAIR PUBLIC SCHOOLS",,6,6,2,"AGAINST THE PROPOSITION - NO",,0,0,0,0,,
1/9/2018,"400211","CITY OF HEAVENER",44001,"PROPOSITION  CITY OF HEAVENER",,3,3,1,"FOR THE PROPOSITION - YES",,0,0,0,0,,
1/9/2018,"400211","CITY OF HEAVENER",44001,"PROPOSITION  CITY OF HEAVENER",,3,3,2,"AGAINST THE PROPOSITION - NO",,0,0,0,0,,
1/9/2018,"400310","CITY OF HEAVENER",44001,"PROPOSITION  CITY OF HEAVENER",,3,3,1,"FOR THE PROPOSITION - YES",,0,1,34,35,,
1/9/2018,"400310","CITY OF HEAVENER",44001,"PROPOSITION  CITY OF HEAVENER",,3,3,2,"AGAINST THE PROPOSITION - NO",,0,0,7,7,,
1/9/2018,"400311","CITY OF HEAVENER",44001,"PROPOSITION  CITY OF HEAVENER",,3,3,1,"FOR THE PROPOSITION - YES",,0,1,28,29,,
1/9/2018,"400311","CITY OF HEAVENER",44001,"PROPOSITION  CITY OF HEAVENER",,3,3,2,"AGAINST THE PROPOSITION - NO",,0,0,4,4,,
1/9/2018,"440015","FEDERAL, STATE AND COUNTY",11001,"FOR STATE REPRESENTATIVE DISTRICT 51 (UNEXPIRED TERM)",REP,23,23,1,"DUSTIN PAYNE",REP,1,0,7,8,,
1/9/2018,"440015","FEDERAL, STATE AND COUNTY",11001,"FOR STATE REPRESENTATIVE DISTRICT 51 (UNEXPIRED TERM)",REP,23,23,2,"BRAD BOLES",REP,5,0,9,14,,
1/9/2018,"550102","CITY OF THE VILLAGE",45501,"PROPOSITION NO. 1 (STREETS)  CITY OF THE VILLAGE",,5,5,1,"FOR THE PROPOSITION - YES",,0,0,25,25,,
1/9/2018,"550102","CITY OF THE VILLAGE",45501,"PROPOSITION NO. 1 (STREETS)  CITY OF THE VILLAGE",,5,5,2,"AGAINST THE PROPOSITION - NO",,0,0,4,4,,
1/9/2018,"550102","CITY OF THE VILLAGE",45502,"PROPOSITION NO. 2 (PARKS AND RECREATIONAL FACILITIES)  CITY OF THE VILLAGE",,5,5,1,"FOR THE PROPOSITION - YES",,0,0,19,19,,
1/9/2018,"550102","CITY OF THE VILLAGE",45502,"PROPOSITION NO. 2 (PARKS AND RECREATIONAL FACILITIES)  CITY OF THE VILLAGE",,5,5,2,"AGAINST THE PROPOSITION - NO",,0,0,10,10,,
1/9/2018,"550102","CITY OF THE VILLAGE",45503,"PROPOSITION NO. 3 (SALES TAX)  CITY OF THE VILLAGE",,5,5,1,"FOR THE PROPOSITION - YES",,0,0,17,17,,
1/9/2018,"550102","CITY OF THE VILLAGE",45503,"PROPOSITION NO. 3 (SALES TAX)  CITY OF THE VILLAGE",,5,5,2,"AGAINST THE PROPOSITION - NO",,0,0,12,12,,
1/9/2018,"550103","CITY OF THE VILLAGE",45501,"PROPOSITION NO. 1 (STREETS)  CITY OF THE VILLAGE",,5,5,1,"FOR THE PROPOSITION - YES",,0,0,82,82,,
1/9/2018,"550103","CITY OF THE VILLAGE",45501,"PROPOSITION NO. 1 (STREETS)  CITY OF THE VILLAGE",,5,5,2,"AGAINST THE PROPOSITION - NO",,0,0,11,11,,
1/9/2018,"550103","CITY OF THE VILLAGE",45502,"PROPOSITION NO. 2 (PARKS AND RECREATIONAL FACILITIES)  CITY OF THE VILLAGE",,5,5,1,"FOR THE PROPOSITION - YES",,0,0,79,79,,
1/9/2018,"550103","CITY OF THE VILLAGE",45502,"PROPOSITION NO. 2 (PARKS AND RECREATIONAL FACILITIES)  CITY OF THE VILLAGE",,5,5,2,"AGAINST THE PROPOSITION - NO",,0,0,14,14,,
1/9/2018,"550103","CITY OF THE VILLAGE",45503,"PROPOSITION NO. 3 (SALES TAX)  CITY OF THE VILLAGE",,5,5,1,"FOR THE PROPOSITION - YES",,0,0,75,75,,
1/9/2018,"550103","CITY OF THE VILLAGE",45503,"PROPOSITION NO. 3 (SALES TAX)  CITY OF THE VILLAGE",,5,5,2,"AGAINST THE PROPOSITION - NO",,0,0,18,18,,
1/9/2018,"550104","CITY OF THE VILLAGE",45501,"PROPOSITION NO. 1 (STREETS)  CITY OF THE VILLAGE",,5,5,1,"FOR THE PROPOSITION - YES",,0,0,68,68,,
1/9/2018,"550104","CITY OF THE VILLAGE",45501,"PROPOSITION NO. 1 (STREETS)  CITY OF THE VILLAGE",,5,5,2,"AGAINST THE PROPOSITION - NO",,0,0,8,8,,
1/9/2018,"550104","CITY OF THE VILLAGE",45502,"PROPOSITION NO. 2 (PARKS AND RECREATIONAL FACILITIES)  CITY OF THE VILLAGE",,5,5,1,"FOR THE PROPOSITION - YES",,0,0,65,65,,
1/9/2018,"550104","CITY OF THE VILLAGE",45502,"PROPOSITION NO. 2 (PARKS AND RECREATIONAL FACILITIES)  CITY OF THE VILLAGE",,5,5,2,"AGAINST THE PROPOSITION - NO",,0,0,11,11,,
1/9/2018,"550104","CITY OF THE VILLAGE",45503,"PROPOSITION NO. 3 (SALES TAX)  CITY OF THE VILLAGE",,5,5,1,"FOR THE PROPOSITION - YES",,0,0,56,56,,
1/9/2018,"550104","CITY OF THE VILLAGE",45503,"PROPOSITION NO. 3 (SALES TAX)  CITY OF THE VILLAGE",,5,5,2,"AGAINST THE PROPOSITION - NO",,0,0,20,20,,
1/9/2018,"550105","CITY OF THE VILLAGE",45501,"PROPOSITION NO. 1 (STREETS)  CITY OF THE VILLAGE",,5,5,1,"FOR THE PROPOSITION - YES",,0,0,163,163,,
1/9/2018,"550105","CITY OF THE VILLAGE",45501,"PROPOSITION NO. 1 (STREETS)  CITY OF THE VILLAGE",,5,5,2,"AGAINST THE PROPOSITION - NO",,0,0,18,18,,
1/9/2018,"550105","CITY OF THE VILLAGE",45502,"PROPOSITION NO. 2 (PARKS AND RECREATIONAL FACILITIES)  CITY OF THE VILLAGE",,5,5,1,"FOR THE PROPOSITION - YES",,0,0,157,157,,
1/9/2018,"550105","CITY OF THE VILLAGE",45502,"PROPOSITION NO. 2 (PARKS AND RECREATIONAL FACILITIES)  CITY OF THE VILLAGE",,5,5,2,"AGAINST THE PROPOSITION - NO",,0,0,24,24,,
1/9/2018,"550105","CITY OF THE VILLAGE",45503,"PROPOSITION NO. 3 (SALES TAX)  CITY OF THE VILLAGE",,5,5,1,"FOR THE PROPOSITION - YES",,0,0,152,152,,
1/9/2018,"550105","CITY OF THE VILLAGE",45503,"PROPOSITION NO. 3 (SALES TAX)  CITY OF THE VILLAGE",,5,5,2,"AGAINST THE PROPOSITION - NO",,0,0,28,28,,
1/9/2018,"550106","CITY OF THE VILLAGE",45501,"PROPOSITION NO. 1 (STREETS)  CITY OF THE VILLAGE",,5,5,1,"FOR THE PROPOSITION - YES",,0,0,241,241,,
1/9/2018,"550106","CITY OF THE VILLAGE",45501,"PROPOSITION NO. 1 (STREETS)  CITY OF THE VILLAGE",,5,5,2,"AGAINST THE PROPOSITION - NO",,0,0,34,34,,
1/9/2018,"550106","CITY OF THE VILLAGE",45502,"PROPOSITION NO. 2 (PARKS AND RECREATIONAL FACILITIES)  CITY OF THE VILLAGE",,5,5,1,"FOR THE PROPOSITION - YES",,0,0,224,224,,
1/9/2018,"550106","CITY OF THE VILLAGE",45502,"PROPOSITION NO. 2 (PARKS AND RECREATIONAL FACILITIES)  CITY OF THE VILLAGE",,5,5,2,"AGAINST THE PROPOSITION - NO",,0,0,51,51,,
1/9/2018,"550106","CITY OF THE VILLAGE",45503,"PROPOSITION NO. 3 (SALES TAX)  CITY OF THE VILLAGE",,5,5,1,"FOR THE PROPOSITION - YES",,0,0,219,219,,
1/9/2018,"550106","CITY OF THE VILLAGE",45503,"PROPOSITION NO. 3 (SALES TAX)  CITY OF THE VILLAGE",,5,5,2,"AGAINST THE PROPOSITION - NO",,0,0,56,56,,
1/9/2018,"559999","CITY OF THE VILLAGE",45501,"PROPOSITION NO. 1 (STREETS)  CITY OF THE VILLAGE",,5,5,1,"FOR THE PROPOSITION - YES",,27,5,0,32,,
1/9/2018,"559999","CITY OF THE VILLAGE",45501,"PROPOSITION NO. 1 (STREETS)  CITY OF THE VILLAGE",,5,5,2,"AGAINST THE PROPOSITION - NO",,5,0,0,5,,
1/9/2018,"559999","CITY OF THE VILLAGE",45502,"PROPOSITION NO. 2 (PARKS AND RECREATIONAL FACILITIES)  CITY OF THE VILLAGE",,5,5,1,"FOR THE PROPOSITION - YES",,24,5,0,29,,
1/9/2018,"559999","CITY OF THE VILLAGE",45502,"PROPOSITION NO. 2 (PARKS AND RECREATIONAL FACILITIES)  CITY OF THE VILLAGE",,5,5,2,"AGAINST THE PROPOSITION - NO",,7,0,0,7,,
1/9/2018,"559999","CITY OF THE VILLAGE",45503,"PROPOSITION NO. 3 (SALES TAX)  CITY OF THE VILLAGE",,5,5,1,"FOR THE PROPOSITION - YES",,24,5,0,29,,
1/9/2018,"559999","CITY OF THE VILLAGE",45503,"PROPOSITION NO. 3 (SALES TAX)  CITY OF THE VILLAGE",,5,5,2,"AGAINST THE PROPOSITION - NO",,7,0,0,7,,
1/9/2018,"620013","PONTOTOC COUNTY",30001,"PROPOSITION",,21,21,1,"FOR THE PROPOSITION - YES",,3,16,53,72,PONTOTOC
1/9/2018,"620013","PONTOTOC COUNTY",30001,"PROPOSITION",,21,21,2,"AGAINST THE PROPOSITION - NO",,3,3,31,37,PONTOTOC
1/9/2018,"620016","PONTOTOC COUNTY",30001,"PROPOSITION",,21,21,1,"FOR THE PROPOSITION - YES",,5,10,51,66,PONTOTOC
1/9/2018,"620016","PONTOTOC COUNTY",30001,"PROPOSITION",,21,21,2,"AGAINST THE PROPOSITION - NO",,2,2,19,23,PONTOTOC
1/9/2018,"620022","PONTOTOC COUNTY",30001,"PROPOSITION",,21,21,1,"FOR THE PROPOSITION - YES",,4,1,27,32,PONTOTOC
1/9/2018,"620022","PONTOTOC COUNTY",30001,"PROPOSITION",,21,21,2,"AGAINST THE PROPOSITION - NO",,1,1,20,22,PONTOTOC
1/9/2018,"620025","PONTOTOC COUNTY",30001,"PROPOSITION",,21,21,1,"FOR THE PROPOSITION - YES",,1,11,92,104,PONTOTOC
1/9/2018,"620025","PONTOTOC COUNTY",30001,"PROPOSITION",,21,21,2,"AGAINST THE PROPOSITION - NO",,3,3,21,27,PONTOTOC
1/9/2018,"620031","PONTOTOC COUNTY",30001,"PROPOSITION",,21,21,1,"FOR THE PROPOSITION - YES",,3,11,42,56,PONTOTOC
1/9/2018,"620031","PONTOTOC COUNTY",30001,"PROPOSITION",,21,21,2,"AGAINST THE PROPOSITION - NO",,1,2,16,19,PONTOTOC
1/9/2018,"620051","PONTOTOC COUNTY",30001,"PROPOSITION",,21,21,1,"FOR THE PROPOSITION - YES",,0,2,14,16,PONTOTOC
1/9/2018,"620051","PONTOTOC COUNTY",30001,"PROPOSITION",,21,21,2,"AGAINST THE PROPOSITION - NO",,0,0,16,16,PONTOTOC
1/9/2018,"620052","PONTOTOC COUNTY",30001,"PROPOSITION",,21,21,1,"FOR THE PROPOSITION - YES",,1,4,14,19,PONTOTOC
1/9/2018,"620052","PONTOTOC COUNTY",30001,"PROPOSITION",,21,21,2,"AGAINST THE PROPOSITION - NO",,0,0,6,6,PONTOTOC
1/9/2018,"620053","PONTOTOC COUNTY",30001,"PROPOSITION",,21,21,1,"FOR THE PROPOSITION - YES",,8,18,68,94,PONTOTOC
1/9/2018,"620053","PONTOTOC COUNTY",30001,"PROPOSITION",,21,21,2,"AGAINST THE PROPOSITION - NO",,0,5,27,32,PONTOTOC
1/9/2018,"620054","PONTOTOC COUNTY",30001,"PROPOSITION",,21,21,1,"FOR THE PROPOSITION - YES",,0,1,15,16,PONTOTOC
1/9/2018,"620054","PONTOTOC COUNTY",30001,"PROPOSITION",,21,21,2,"AGAINST THE PROPOSITION - NO",,0,0,5,5,PONTOTOC
1/9/2018,"620055","PONTOTOC COUNTY",30001,"PROPOSITION",,21,21,1,"FOR THE PROPOSITION - YES",,0,1,12,13,PONTOTOC
1/9/2018,"620055","PONTOTOC COUNTY",30001,"PROPOSITION",,21,21,2,"AGAINST THE PROPOSITION - NO",,2,0,3,5,PONTOTOC
1/9/2018,"620056","PONTOTOC COUNTY",30001,"PROPOSITION",,21,21,1,"FOR THE PROPOSITION - YES",,0,1,24,25,PONTOTOC
1/9/2018,"620056","PONTOTOC COUNTY",30001,"PROPOSITION",,21,21,2,"AGAINST THE PROPOSITION - NO",,0,1,11,12,PONTOTOC
1/9/2018,"620058","PONTOTOC COUNTY",30001,"PROPOSITION",,21,21,1,"FOR THE PROPOSITION - YES",,0,7,77,84,PONTOTOC
1/9/2018,"620058","PONTOTOC COUNTY",30001,"PROPOSITION",,21,21,2,"AGAINST THE PROPOSITION - NO",,5,3,15,23,PONTOTOC
1/9/2018,"620059","PONTOTOC COUNTY",30001,"PROPOSITION",,21,21,1,"FOR THE PROPOSITION - YES",,0,8,33,41,PONTOTOC
1/9/2018,"620059","PONTOTOC COUNTY",30001,"PROPOSITION",,21,21,2,"AGAINST THE PROPOSITION - NO",,0,0,9,9,PONTOTOC
1/9/2018,"620060","PONTOTOC COUNTY",30001,"PROPOSITION",,21,21,1,"FOR THE PROPOSITION - YES",,0,2,48,50,PONTOTOC
1/9/2018,"620060","PONTOTOC COUNTY",30001,"PROPOSITION",,21,21,2,"AGAINST THE PROPOSITION - NO",,0,2,18,20,PONTOTOC
1/9/2018,"620061","PONTOTOC COUNTY",30001,"PROPOSITION",,21,21,1,"FOR THE PROPOSITION - YES",,0,1,7,8,PONTOTOC
1/9/2018,"620061","PONTOTOC COUNTY",30001,"PROPOSITION",,21,21,2,"AGAINST THE PROPOSITION - NO",,0,0,9,9,PONTOTOC
1/9/2018,"620062","PONTOTOC COUNTY",30001,"PROPOSITION",,21,21,1,"FOR THE PROPOSITION - YES",,5,6,32,43,PONTOTOC
1/9/2018,"620062","PONTOTOC COUNTY",30001,"PROPOSITION",,21,21,2,"AGAINST THE PROPOSITION - NO",,0,0,12,12,PONTOTOC
1/9/2018,"620063","PONTOTOC COUNTY",30001,"PROPOSITION",,21,21,1,"FOR THE PROPOSITION - YES",,2,0,31,33,PONTOTOC
1/9/2018,"620063","PONTOTOC COUNTY",30001,"PROPOSITION",,21,21,2,"AGAINST THE PROPOSITION - NO",,0,0,1,1,PONTOTOC
1/9/2018,"620064","PONTOTOC COUNTY",30001,"PROPOSITION",,21,21,1,"FOR THE PROPOSITION - YES",,0,2,46,48,PONTOTOC
1/9/2018,"620064","PONTOTOC COUNTY",30001,"PROPOSITION",,21,21,2,"AGAINST THE PROPOSITION - NO",,1,0,18,19,PONTOTOC
1/9/2018,"620065","PONTOTOC COUNTY",30001,"PROPOSITION",,21,21,1,"FOR THE PROPOSITION - YES",,0,6,28,34,PONTOTOC
1/9/2018,"620065","PONTOTOC COUNTY",30001,"PROPOSITION",,21,21,2,"AGAINST THE PROPOSITION - NO",,0,0,11,11,PONTOTOC
1/9/2018,"620066","PONTOTOC COUNTY",30001,"PROPOSITION",,21,21,1,"FOR THE PROPOSITION - YES",,1,3,35,39,PONTOTOC
1/9/2018,"620066","PONTOTOC COUNTY",30001,"PROPOSITION",,21,21,2,"AGAINST THE PROPOSITION - NO",,0,0,6,6,PONTOTOC
1/9/2018,"620067","PONTOTOC COUNTY",30001,"PROPOSITION",,21,21,1,"FOR THE PROPOSITION - YES",,0,1,31,32,PONTOTOC
1/9/2018,"620067","PONTOTOC COUNTY",30001,"PROPOSITION",,21,21,2,"AGAINST THE PROPOSITION - NO",,2,0,4,6,PONTOTOC
1/9/2018,"630002","BETHEL PUBLIC SCHOOLS INDEPENDENT SCHOOL DISTRICT NO. 003",56301,"PROPOSITION  BETHEL PUBLIC SCHOOLS",,6,6,1,"FOR THE PROPOSITION - YES",,0,0,4,4,,
1/9/2018,"630002","BETHEL PUBLIC SCHOOLS INDEPENDENT SCHOOL DISTRICT NO. 003",56301,"PROPOSITION  BETHEL PUBLIC SCHOOLS",,6,6,2,"AGAINST THE PROPOSITION - NO",,0,0,0,0,,
1/9/2018,"630009","BETHEL PUBLIC SCHOOLS INDEPENDENT SCHOOL DISTRICT NO. 003",56301,"PROPOSITION  BETHEL PUBLIC SCHOOLS",,6,6,1,"FOR THE PROPOSITION - YES",,0,0,6,6,,
1/9/2018,"630009","BETHEL PUBLIC SCHOOLS INDEPENDENT SCHOOL DISTRICT NO. 003",56301,"PROPOSITION  BETHEL PUBLIC SCHOOLS",,6,6,2,"AGAINST THE PROPOSITION - NO",,1,0,1,2,,
1/9/2018,"630022","BETHEL PUBLIC SCHOOLS INDEPENDENT SCHOOL DISTRICT NO. 003",56301,"PROPOSITION  BETHEL PUBLIC SCHOOLS",,6,6,1,"FOR THE PROPOSITION - YES",,6,0,187,193,,
1/9/2018,"630022","BETHEL PUBLIC SCHOOLS INDEPENDENT SCHOOL DISTRICT NO. 003",56301,"PROPOSITION  BETHEL PUBLIC SCHOOLS",,6,6,2,"AGAINST THE PROPOSITION - NO",,1,0,36,37,,
1/9/2018,"630025","BETHEL PUBLIC SCHOOLS INDEPENDENT SCHOOL DISTRICT NO. 003",56301,"PROPOSITION  BETHEL PUBLIC SCHOOLS",,6,6,1,"FOR THE PROPOSITION - YES",,2,2,15,19,,
1/9/2018,"630025","BETHEL PUBLIC SCHOOLS INDEPENDENT SCHOOL DISTRICT NO. 003",56301,"PROPOSITION  BETHEL PUBLIC SCHOOLS",,6,6,2,"AGAINST THE PROPOSITION - NO",,2,0,8,10,,
1/9/2018,"630026","BETHEL PUBLIC SCHOOLS INDEPENDENT SCHOOL DISTRICT NO. 003",56301,"PROPOSITION  BETHEL PUBLIC SCHOOLS",,6,6,1,"FOR THE PROPOSITION - YES",,5,4,130,139,,
1/9/2018,"630026","BETHEL PUBLIC SCHOOLS INDEPENDENT SCHOOL DISTRICT NO. 003",56301,"PROPOSITION  BETHEL PUBLIC SCHOOLS",,6,6,2,"AGAINST THE PROPOSITION - NO",,3,0,62,65,,
1/9/2018,"630029","BETHEL PUBLIC SCHOOLS INDEPENDENT SCHOOL DISTRICT NO. 003",56301,"PROPOSITION  BETHEL PUBLIC SCHOOLS",,6,6,1,"FOR THE PROPOSITION - YES",,0,0,5,5,,
1/9/2018,"630029","BETHEL PUBLIC SCHOOLS INDEPENDENT SCHOOL DISTRICT NO. 003",56301,"PROPOSITION  BETHEL PUBLIC SCHOOLS",,6,6,2,"AGAINST THE PROPOSITION - NO",,0,0,0,0,,
1/9/2018,"660020","VERDIGRIS PUBLIC SCHOOLS INDEPENDENT SCHOOL DISTRICT NO. 008",56601,"PROPOSITION NO. 1  VERDIGRIS PUBLIC SCHOOLS",,3,3,1,"FOR THE PROPOSITION - YES",,1,1,179,181,,
1/9/2018,"660020","VERDIGRIS PUBLIC SCHOOLS INDEPENDENT SCHOOL DISTRICT NO. 008",56601,"PROPOSITION NO. 1  VERDIGRIS PUBLIC SCHOOLS",,3,3,2,"AGAINST THE PROPOSITION - NO",,0,0,17,17,,
1/9/2018,"660020","VERDIGRIS PUBLIC SCHOOLS INDEPENDENT SCHOOL DISTRICT NO. 008",56602,"PROPOSITION NO. 2  VERDIGRIS PUBLIC SCHOOLS",,3,3,1,"FOR THE PROPOSITION - YES",,1,1,180,182,,
1/9/2018,"660020","VERDIGRIS PUBLIC SCHOOLS INDEPENDENT SCHOOL DISTRICT NO. 008",56602,"PROPOSITION NO. 2  VERDIGRIS PUBLIC SCHOOLS",,3,3,2,"AGAINST THE PROPOSITION - NO",,0,0,15,15,,
1/9/2018,"660110","VERDIGRIS PUBLIC SCHOOLS INDEPENDENT SCHOOL DISTRICT NO. 008",56601,"PROPOSITION NO. 1  VERDIGRIS PUBLIC SCHOOLS",,3,3,1,"FOR THE PROPOSITION - YES",,2,2,165,169,,
1/9/2018,"660110","VERDIGRIS PUBLIC SCHOOLS INDEPENDENT SCHOOL DISTRICT NO. 008",56601,"PROPOSITION NO. 1  VERDIGRIS PUBLIC SCHOOLS",,3,3,2,"AGAINST THE PROPOSITION - NO",,0,0,16,16,,
1/9/2018,"660110","VERDIGRIS PUBLIC SCHOOLS INDEPENDENT SCHOOL DISTRICT NO. 008",56602,"PROPOSITION NO. 2  VERDIGRIS PUBLIC SCHOOLS",,3,3,1,"FOR THE PROPOSITION - YES",,2,2,169,173,,
1/9/2018,"660110","VERDIGRIS PUBLIC SCHOOLS INDEPENDENT SCHOOL DISTRICT NO. 008",56602,"PROPOSITION NO. 2  VERDIGRIS PUBLIC SCHOOLS",,3,3,2,"AGAINST THE PROPOSITION - NO",,0,0,13,13,,
1/9/2018,"660120","VERDIGRIS PUBLIC SCHOOLS INDEPENDENT SCHOOL DISTRICT NO. 008",56601,"PROPOSITION NO. 1  VERDIGRIS PUBLIC SCHOOLS",,3,3,1,"FOR THE PROPOSITION - YES",,1,1,186,188,,
1/9/2018,"660120","VERDIGRIS PUBLIC SCHOOLS INDEPENDENT SCHOOL DISTRICT NO. 008",56601,"PROPOSITION NO. 1  VERDIGRIS PUBLIC SCHOOLS",,3,3,2,"AGAINST THE PROPOSITION - NO",,5,0,18,23,,
1/9/2018,"660120","VERDIGRIS PUBLIC SCHOOLS INDEPENDENT SCHOOL DISTRICT NO. 008",56602,"PROPOSITION NO. 2  VERDIGRIS PUBLIC SCHOOLS",,3,3,1,"FOR THE PROPOSITION - YES",,1,1,185,187,,
1/9/2018,"660120","VERDIGRIS PUBLIC SCHOOLS INDEPENDENT SCHOOL DISTRICT NO. 008",56602,"PROPOSITION NO. 2  VERDIGRIS PUBLIC SCHOOLS",,3,3,2,"AGAINST THE PROPOSITION - NO",,5,0,19,24,,
1/9/2018,"690032","FEDERAL, STATE AND COUNTY",11001,"FOR STATE REPRESENTATIVE DISTRICT 51 (UNEXPIRED TERM)",REP,23,23,1,"DUSTIN PAYNE",REP,0,0,3,3,,
1/9/2018,"690032","FEDERAL, STATE AND COUNTY",11001,"FOR STATE REPRESENTATIVE DISTRICT 51 (UNEXPIRED TERM)",REP,23,23,2,"BRAD BOLES",REP,2,5,157,164,,
1/9/2018,"690033","FEDERAL, STATE AND COUNTY",11001,"FOR STATE REPRESENTATIVE DISTRICT 51 (UNEXPIRED TERM)",REP,23,23,1,"DUSTIN PAYNE",REP,3,0,5,8,,
1/9/2018,"690033","FEDERAL, STATE AND COUNTY",11001,"FOR STATE REPRESENTATIVE DISTRICT 51 (UNEXPIRED TERM)",REP,23,23,2,"BRAD BOLES",REP,12,14,221,247,,
1/9/2018,"690049","FEDERAL, STATE AND COUNTY",11001,"FOR STATE REPRESENTATIVE DISTRICT 51 (UNEXPIRED TERM)",REP,23,23,1,"DUSTIN PAYNE",REP,0,0,1,1,,
1/9/2018,"690049","FEDERAL, STATE AND COUNTY",11001,"FOR STATE REPRESENTATIVE DISTRICT 51 (UNEXPIRED TERM)",REP,23,23,2,"BRAD BOLES",REP,0,0,23,23,,
1/9/2018,"690050","FEDERAL, STATE AND COUNTY",11001,"FOR STATE REPRESENTATIVE DISTRICT 51 (UNEXPIRED TERM)",REP,23,23,1,"DUSTIN PAYNE",REP,0,0,8,8,,
1/9/2018,"690050","FEDERAL, STATE AND COUNTY",11001,"FOR STATE REPRESENTATIVE DISTRICT 51 (UNEXPIRED TERM)",REP,23,23,2,"BRAD BOLES",REP,0,8,139,147,,
1/9/2018,"690053","FEDERAL, STATE AND COUNTY",11001,"FOR STATE REPRESENTATIVE DISTRICT 51 (UNEXPIRED TERM)",REP,23,23,1,"DUSTIN PAYNE",REP,0,0,1,1,,
1/9/2018,"690053","FEDERAL, STATE AND COUNTY",11001,"FOR STATE REPRESENTATIVE DISTRICT 51 (UNEXPIRED TERM)",REP,23,23,2,"BRAD BOLES",REP,0,0,25,25,,
1/9/2018,"690054","FEDERAL, STATE AND COUNTY",11001,"FOR STATE REPRESENTATIVE DISTRICT 51 (UNEXPIRED TERM)",REP,23,23,1,"DUSTIN PAYNE",REP,0,0,0,0,,
1/9/2018,"690054","FEDERAL, STATE AND COUNTY",11001,"FOR STATE REPRESENTATIVE DISTRICT 51 (UNEXPIRED TERM)",REP,23,23,2,"BRAD BOLES",REP,2,0,20,22,,
1/9/2018,"690055","FEDERAL, STATE AND COUNTY",11001,"FOR STATE REPRESENTATIVE DISTRICT 51 (UNEXPIRED TERM)",REP,23,23,1,"DUSTIN PAYNE",REP,0,0,0,0,,
1/9/2018,"690055","FEDERAL, STATE AND COUNTY",11001,"FOR STATE REPRESENTATIVE DISTRICT 51 (UNEXPIRED TERM)",REP,23,23,2,"BRAD BOLES",REP,0,0,14,14,,
1/9/2018,"690056","FEDERAL, STATE AND COUNTY",11001,"FOR STATE REPRESENTATIVE DISTRICT 51 (UNEXPIRED TERM)",REP,23,23,1,"DUSTIN PAYNE",REP,0,0,2,2,,
1/9/2018,"690056","FEDERAL, STATE AND COUNTY",11001,"FOR STATE REPRESENTATIVE DISTRICT 51 (UNEXPIRED TERM)",REP,23,23,2,"BRAD BOLES",REP,0,0,11,11,,
1/9/2018,"690058","FEDERAL, STATE AND COUNTY",11001,"FOR STATE REPRESENTATIVE DISTRICT 51 (UNEXPIRED TERM)",REP,23,23,1,"DUSTIN PAYNE",REP,0,0,0,0,,
1/9/2018,"690058","FEDERAL, STATE AND COUNTY",11001,"FOR STATE REPRESENTATIVE DISTRICT 51 (UNEXPIRED TERM)",REP,23,23,2,"BRAD BOLES",REP,0,2,7,9,,
