elec_date,precinct,entity_description,race_number,race_description,race_party,tot_race_prec,race_prec_reporting,cand_number,cand_name,cand_party,cand_absmail_votes,cand_early_votes,cand_elecday_votes,cand_tot_votes,race_county_owner
1/12/2016,"020330","TOWN OF JET",40201,"PROPOSITION  TOWN OF JET",,1,1,1,"FOR THE PROPOSITION - YES",,0,0,36,36,,
1/12/2016,"020330","TOWN OF JET",40201,"PROPOSITION  TOWN OF JET",,1,1,2,"AGAINST THE PROPOSITION - NO",,0,0,1,1,,
1/12/2016,"080041","CEMENT PUBLIC SCHOOLS INDEPENDENT SCHOOL DISTRICT NO. 160",50802,"PROPOSITION  CEMENT PUBLIC SCHOOLS",,6,6,1,"FOR THE PROPOSITION - YES",,0,0,2,2,,
1/12/2016,"080041","CEMENT PUBLIC SCHOOLS INDEPENDENT SCHOOL DISTRICT NO. 160",50802,"PROPOSITION  CEMENT PUBLIC SCHOOLS",,6,6,2,"AGAINST THE PROPOSITION - NO",,0,0,0,0,,
1/12/2016,"080102","BINGER-ONEY PUBLIC SCHOOLS INDEPENDENT SCHOOL DISTRICT NO. 168",50801,"PROPOSITION  BINGER-ONEY PUBLIC SCHOOLS",,6,6,1,"FOR THE PROPOSITION - YES",,0,0,0,0,,
1/12/2016,"080102","BINGER-ONEY PUBLIC SCHOOLS INDEPENDENT SCHOOL DISTRICT NO. 168",50801,"PROPOSITION  BINGER-ONEY PUBLIC SCHOOLS",,6,6,2,"AGAINST THE PROPOSITION - NO",,0,0,0,0,,
1/12/2016,"080509","CEMENT PUBLIC SCHOOLS INDEPENDENT SCHOOL DISTRICT NO. 160",50802,"PROPOSITION  CEMENT PUBLIC SCHOOLS",,6,6,1,"FOR THE PROPOSITION - YES",,1,0,73,74,,
1/12/2016,"080509","CEMENT PUBLIC SCHOOLS INDEPENDENT SCHOOL DISTRICT NO. 160",50802,"PROPOSITION  CEMENT PUBLIC SCHOOLS",,6,6,2,"AGAINST THE PROPOSITION - NO",,0,0,14,14,,
1/12/2016,"080810","BINGER-ONEY PUBLIC SCHOOLS INDEPENDENT SCHOOL DISTRICT NO. 168",50801,"PROPOSITION  BINGER-ONEY PUBLIC SCHOOLS",,6,6,1,"FOR THE PROPOSITION - YES",,1,0,9,10,,
1/12/2016,"080810","BINGER-ONEY PUBLIC SCHOOLS INDEPENDENT SCHOOL DISTRICT NO. 168",50801,"PROPOSITION  BINGER-ONEY PUBLIC SCHOOLS",,6,6,2,"AGAINST THE PROPOSITION - NO",,0,0,4,4,,
1/12/2016,"080812","BINGER-ONEY PUBLIC SCHOOLS INDEPENDENT SCHOOL DISTRICT NO. 168",50801,"PROPOSITION  BINGER-ONEY PUBLIC SCHOOLS",,6,6,1,"FOR THE PROPOSITION - YES",,1,0,16,17,,
1/12/2016,"080812","BINGER-ONEY PUBLIC SCHOOLS INDEPENDENT SCHOOL DISTRICT NO. 168",50801,"PROPOSITION  BINGER-ONEY PUBLIC SCHOOLS",,6,6,2,"AGAINST THE PROPOSITION - NO",,1,0,7,8,,
1/12/2016,"081009","BINGER-ONEY PUBLIC SCHOOLS INDEPENDENT SCHOOL DISTRICT NO. 168",50801,"PROPOSITION  BINGER-ONEY PUBLIC SCHOOLS",,6,6,1,"FOR THE PROPOSITION - YES",,0,1,9,10,,
1/12/2016,"081009","BINGER-ONEY PUBLIC SCHOOLS INDEPENDENT SCHOOL DISTRICT NO. 168",50801,"PROPOSITION  BINGER-ONEY PUBLIC SCHOOLS",,6,6,2,"AGAINST THE PROPOSITION - NO",,0,0,3,3,,
1/12/2016,"081010","BINGER-ONEY PUBLIC SCHOOLS INDEPENDENT SCHOOL DISTRICT NO. 168",50801,"PROPOSITION  BINGER-ONEY PUBLIC SCHOOLS",,6,6,1,"FOR THE PROPOSITION - YES",,3,1,108,112,,
1/12/2016,"081010","BINGER-ONEY PUBLIC SCHOOLS INDEPENDENT SCHOOL DISTRICT NO. 168",50801,"PROPOSITION  BINGER-ONEY PUBLIC SCHOOLS",,6,6,2,"AGAINST THE PROPOSITION - NO",,0,0,24,24,,
1/12/2016,"081011","BINGER-ONEY PUBLIC SCHOOLS INDEPENDENT SCHOOL DISTRICT NO. 168",50801,"PROPOSITION  BINGER-ONEY PUBLIC SCHOOLS",,6,6,1,"FOR THE PROPOSITION - YES",,0,0,0,0,,
1/12/2016,"081011","BINGER-ONEY PUBLIC SCHOOLS INDEPENDENT SCHOOL DISTRICT NO. 168",50801,"PROPOSITION  BINGER-ONEY PUBLIC SCHOOLS",,6,6,2,"AGAINST THE PROPOSITION - NO",,1,0,1,2,,
1/12/2016,"100001","CITY OF ARDMORE",41001,"PROPOSITION  CITY OF ARDMORE",,14,14,1,"FOR THE PROPOSITION - YES",,1,1,21,23,,
1/12/2016,"100001","CITY OF ARDMORE",41001,"PROPOSITION  CITY OF ARDMORE",,14,14,2,"AGAINST THE PROPOSITION - NO",,1,2,39,42,,
1/12/2016,"100002","CITY OF ARDMORE",41001,"PROPOSITION  CITY OF ARDMORE",,14,14,1,"FOR THE PROPOSITION - YES",,17,3,65,85,,
1/12/2016,"100002","CITY OF ARDMORE",41001,"PROPOSITION  CITY OF ARDMORE",,14,14,2,"AGAINST THE PROPOSITION - NO",,3,3,71,77,,
1/12/2016,"100007","CITY OF ARDMORE",41001,"PROPOSITION  CITY OF ARDMORE",,14,14,1,"FOR THE PROPOSITION - YES",,0,0,5,5,,
1/12/2016,"100007","CITY OF ARDMORE",41001,"PROPOSITION  CITY OF ARDMORE",,14,14,2,"AGAINST THE PROPOSITION - NO",,0,1,40,41,,
1/12/2016,"100011","CITY OF ARDMORE",41001,"PROPOSITION  CITY OF ARDMORE",,14,14,1,"FOR THE PROPOSITION - YES",,5,2,41,48,,
1/12/2016,"100011","CITY OF ARDMORE",41001,"PROPOSITION  CITY OF ARDMORE",,14,14,2,"AGAINST THE PROPOSITION - NO",,1,3,32,36,,
1/12/2016,"100014","CITY OF ARDMORE",41001,"PROPOSITION  CITY OF ARDMORE",,14,14,1,"FOR THE PROPOSITION - YES",,3,0,32,35,,
1/12/2016,"100014","CITY OF ARDMORE",41001,"PROPOSITION  CITY OF ARDMORE",,14,14,2,"AGAINST THE PROPOSITION - NO",,3,0,22,25,,
1/12/2016,"100015","CITY OF ARDMORE",41001,"PROPOSITION  CITY OF ARDMORE",,14,14,1,"FOR THE PROPOSITION - YES",,6,4,40,50,,
1/12/2016,"100015","CITY OF ARDMORE",41001,"PROPOSITION  CITY OF ARDMORE",,14,14,2,"AGAINST THE PROPOSITION - NO",,4,7,74,85,,
1/12/2016,"100017","CITY OF ARDMORE",41001,"PROPOSITION  CITY OF ARDMORE",,14,14,1,"FOR THE PROPOSITION - YES",,2,4,37,43,,
1/12/2016,"100017","CITY OF ARDMORE",41001,"PROPOSITION  CITY OF ARDMORE",,14,14,2,"AGAINST THE PROPOSITION - NO",,0,1,41,42,,
1/12/2016,"100019","CITY OF ARDMORE",41001,"PROPOSITION  CITY OF ARDMORE",,14,14,1,"FOR THE PROPOSITION - YES",,6,15,258,279,,
1/12/2016,"100019","CITY OF ARDMORE",41001,"PROPOSITION  CITY OF ARDMORE",,14,14,2,"AGAINST THE PROPOSITION - NO",,0,5,133,138,,
1/12/2016,"100020","CITY OF ARDMORE",41001,"PROPOSITION  CITY OF ARDMORE",,14,14,1,"FOR THE PROPOSITION - YES",,0,1,43,44,,
1/12/2016,"100020","CITY OF ARDMORE",41001,"PROPOSITION  CITY OF ARDMORE",,14,14,2,"AGAINST THE PROPOSITION - NO",,0,1,57,58,,
1/12/2016,"100024","CITY OF ARDMORE",41001,"PROPOSITION  CITY OF ARDMORE",,14,14,1,"FOR THE PROPOSITION - YES",,2,3,80,85,,
1/12/2016,"100024","CITY OF ARDMORE",41001,"PROPOSITION  CITY OF ARDMORE",,14,14,2,"AGAINST THE PROPOSITION - NO",,2,5,75,82,,
1/12/2016,"100025","CITY OF ARDMORE",41001,"PROPOSITION  CITY OF ARDMORE",,14,14,1,"FOR THE PROPOSITION - YES",,0,2,4,6,,
1/12/2016,"100025","CITY OF ARDMORE",41001,"PROPOSITION  CITY OF ARDMORE",,14,14,2,"AGAINST THE PROPOSITION - NO",,0,0,2,2,,
1/12/2016,"100026","CITY OF ARDMORE",41001,"PROPOSITION  CITY OF ARDMORE",,14,14,1,"FOR THE PROPOSITION - YES",,0,0,0,0,,
1/12/2016,"100026","CITY OF ARDMORE",41001,"PROPOSITION  CITY OF ARDMORE",,14,14,2,"AGAINST THE PROPOSITION - NO",,0,0,0,0,,
1/12/2016,"100033","CITY OF ARDMORE",41001,"PROPOSITION  CITY OF ARDMORE",,14,14,1,"FOR THE PROPOSITION - YES",,0,0,0,0,,
1/12/2016,"100033","CITY OF ARDMORE",41001,"PROPOSITION  CITY OF ARDMORE",,14,14,2,"AGAINST THE PROPOSITION - NO",,0,0,0,0,,
1/12/2016,"100063","CITY OF ARDMORE",41001,"PROPOSITION  CITY OF ARDMORE",,14,14,1,"FOR THE PROPOSITION - YES",,0,0,0,0,,
1/12/2016,"100063","CITY OF ARDMORE",41001,"PROPOSITION  CITY OF ARDMORE",,14,14,2,"AGAINST THE PROPOSITION - NO",,0,0,1,1,,
1/12/2016,"120105","CITY OF HUGO",41201,"PROPOSITION  CITY OF HUGO",,7,7,1,"FOR THE PROPOSITION - YES",,0,1,13,14,,
1/12/2016,"120105","CITY OF HUGO",41201,"PROPOSITION  CITY OF HUGO",,7,7,2,"AGAINST THE PROPOSITION - NO",,0,0,6,6,,
1/12/2016,"120106","CITY OF HUGO",41201,"PROPOSITION  CITY OF HUGO",,7,7,1,"FOR THE PROPOSITION - YES",,1,0,17,18,,
1/12/2016,"120106","CITY OF HUGO",41201,"PROPOSITION  CITY OF HUGO",,7,7,2,"AGAINST THE PROPOSITION - NO",,2,0,8,10,,
1/12/2016,"120210","CITY OF HUGO",41201,"PROPOSITION  CITY OF HUGO",,7,7,1,"FOR THE PROPOSITION - YES",,0,0,0,0,,
1/12/2016,"120210","CITY OF HUGO",41201,"PROPOSITION  CITY OF HUGO",,7,7,2,"AGAINST THE PROPOSITION - NO",,0,0,0,0,,
1/12/2016,"120214","CITY OF HUGO",41201,"PROPOSITION  CITY OF HUGO",,7,7,1,"FOR THE PROPOSITION - YES",,1,1,21,23,,
1/12/2016,"120214","CITY OF HUGO",41201,"PROPOSITION  CITY OF HUGO",,7,7,2,"AGAINST THE PROPOSITION - NO",,0,0,18,18,,
1/12/2016,"120215","CITY OF HUGO",41201,"PROPOSITION  CITY OF HUGO",,7,7,1,"FOR THE PROPOSITION - YES",,0,1,14,15,,
1/12/2016,"120215","CITY OF HUGO",41201,"PROPOSITION  CITY OF HUGO",,7,7,2,"AGAINST THE PROPOSITION - NO",,0,1,20,21,,
1/12/2016,"120316","CITY OF HUGO",41201,"PROPOSITION  CITY OF HUGO",,7,7,1,"FOR THE PROPOSITION - YES",,4,9,30,43,,
1/12/2016,"120316","CITY OF HUGO",41201,"PROPOSITION  CITY OF HUGO",,7,7,2,"AGAINST THE PROPOSITION - NO",,1,6,37,44,,
1/12/2016,"120318","CITY OF HUGO",41201,"PROPOSITION  CITY OF HUGO",,7,7,1,"FOR THE PROPOSITION - YES",,0,0,0,0,,
1/12/2016,"120318","CITY OF HUGO",41201,"PROPOSITION  CITY OF HUGO",,7,7,2,"AGAINST THE PROPOSITION - NO",,0,0,1,1,,
1/12/2016,"130003","CITY OF BOISE CITY",41301,"PROPOSITION  CITY OF BOISE CITY",,4,4,1,"FOR THE PROPOSITION - YES",,0,1,16,17,,
1/12/2016,"130003","CITY OF BOISE CITY",41301,"PROPOSITION  CITY OF BOISE CITY",,4,4,2,"AGAINST THE PROPOSITION - NO",,0,0,2,2,,
1/12/2016,"130004","CITY OF BOISE CITY",41301,"PROPOSITION  CITY OF BOISE CITY",,4,4,1,"FOR THE PROPOSITION - YES",,0,2,24,26,,
1/12/2016,"130004","CITY OF BOISE CITY",41301,"PROPOSITION  CITY OF BOISE CITY",,4,4,2,"AGAINST THE PROPOSITION - NO",,0,0,0,0,,
1/12/2016,"130005","CITY OF BOISE CITY",41301,"PROPOSITION  CITY OF BOISE CITY",,4,4,1,"FOR THE PROPOSITION - YES",,0,5,16,21,,
1/12/2016,"130005","CITY OF BOISE CITY",41301,"PROPOSITION  CITY OF BOISE CITY",,4,4,2,"AGAINST THE PROPOSITION - NO",,0,0,0,0,,
1/12/2016,"130006","CITY OF BOISE CITY",41301,"PROPOSITION  CITY OF BOISE CITY",,4,4,1,"FOR THE PROPOSITION - YES",,0,10,2,12,,
1/12/2016,"130006","CITY OF BOISE CITY",41301,"PROPOSITION  CITY OF BOISE CITY",,4,4,2,"AGAINST THE PROPOSITION - NO",,0,1,0,1,,
1/12/2016,"140025","LITTLE AXE PUBLIC SCHOOLS INDEPENDENT SCHOOL DISTRICT NO. 070",51401,"PROPOSITION  LITTLE AXE PUBLIC SCHOOLS",,7,7,1,"FOR THE PROPOSITION - YES",,0,0,0,0,,
1/12/2016,"140025","LITTLE AXE PUBLIC SCHOOLS INDEPENDENT SCHOOL DISTRICT NO. 070",51401,"PROPOSITION  LITTLE AXE PUBLIC SCHOOLS",,7,7,2,"AGAINST THE PROPOSITION - NO",,0,0,0,0,,
1/12/2016,"140029","CITY OF NOBLE",41401,"PROPOSITION  CITY OF NOBLE",,2,2,1,"FOR THE PROPOSITION - YES",,3,0,45,48,,
1/12/2016,"140029","CITY OF NOBLE",41401,"PROPOSITION  CITY OF NOBLE",,2,2,2,"AGAINST THE PROPOSITION - NO",,2,0,8,10,,
1/12/2016,"140038","LITTLE AXE PUBLIC SCHOOLS INDEPENDENT SCHOOL DISTRICT NO. 070",51401,"PROPOSITION  LITTLE AXE PUBLIC SCHOOLS",,7,7,1,"FOR THE PROPOSITION - YES",,0,0,6,6,,
1/12/2016,"140038","LITTLE AXE PUBLIC SCHOOLS INDEPENDENT SCHOOL DISTRICT NO. 070",51401,"PROPOSITION  LITTLE AXE PUBLIC SCHOOLS",,7,7,2,"AGAINST THE PROPOSITION - NO",,0,0,0,0,,
1/12/2016,"140049","LITTLE AXE PUBLIC SCHOOLS INDEPENDENT SCHOOL DISTRICT NO. 070",51401,"PROPOSITION  LITTLE AXE PUBLIC SCHOOLS",,7,7,1,"FOR THE PROPOSITION - YES",,2,1,82,85,,
1/12/2016,"140049","LITTLE AXE PUBLIC SCHOOLS INDEPENDENT SCHOOL DISTRICT NO. 070",51401,"PROPOSITION  LITTLE AXE PUBLIC SCHOOLS",,7,7,2,"AGAINST THE PROPOSITION - NO",,0,0,17,17,,
1/12/2016,"140057","CITY OF NOBLE",41401,"PROPOSITION  CITY OF NOBLE",,2,2,1,"FOR THE PROPOSITION - YES",,24,1,114,139,,
1/12/2016,"140057","CITY OF NOBLE",41401,"PROPOSITION  CITY OF NOBLE",,2,2,2,"AGAINST THE PROPOSITION - NO",,2,0,13,15,,
1/12/2016,"140064","LITTLE AXE PUBLIC SCHOOLS INDEPENDENT SCHOOL DISTRICT NO. 070",51401,"PROPOSITION  LITTLE AXE PUBLIC SCHOOLS",,7,7,1,"FOR THE PROPOSITION - YES",,7,0,28,35,,
1/12/2016,"140064","LITTLE AXE PUBLIC SCHOOLS INDEPENDENT SCHOOL DISTRICT NO. 070",51401,"PROPOSITION  LITTLE AXE PUBLIC SCHOOLS",,7,7,2,"AGAINST THE PROPOSITION - NO",,6,0,6,12,,
1/12/2016,"140065","LITTLE AXE PUBLIC SCHOOLS INDEPENDENT SCHOOL DISTRICT NO. 070",51401,"PROPOSITION  LITTLE AXE PUBLIC SCHOOLS",,7,7,1,"FOR THE PROPOSITION - YES",,4,0,67,71,,
1/12/2016,"140065","LITTLE AXE PUBLIC SCHOOLS INDEPENDENT SCHOOL DISTRICT NO. 070",51401,"PROPOSITION  LITTLE AXE PUBLIC SCHOOLS",,7,7,2,"AGAINST THE PROPOSITION - NO",,4,0,16,20,,
1/12/2016,"140078","LITTLE AXE PUBLIC SCHOOLS INDEPENDENT SCHOOL DISTRICT NO. 070",51401,"PROPOSITION  LITTLE AXE PUBLIC SCHOOLS",,7,7,1,"FOR THE PROPOSITION - YES",,0,0,0,0,,
1/12/2016,"140078","LITTLE AXE PUBLIC SCHOOLS INDEPENDENT SCHOOL DISTRICT NO. 070",51401,"PROPOSITION  LITTLE AXE PUBLIC SCHOOLS",,7,7,2,"AGAINST THE PROPOSITION - NO",,0,0,0,0,,
1/12/2016,"160040","CEMENT PUBLIC SCHOOLS INDEPENDENT SCHOOL DISTRICT NO. 160",50802,"PROPOSITION  CEMENT PUBLIC SCHOOLS",,6,6,1,"FOR THE PROPOSITION - YES",,0,0,0,0,,
1/12/2016,"160040","CEMENT PUBLIC SCHOOLS INDEPENDENT SCHOOL DISTRICT NO. 160",50802,"PROPOSITION  CEMENT PUBLIC SCHOOLS",,6,6,2,"AGAINST THE PROPOSITION - NO",,0,0,0,0,,
1/12/2016,"180820","KETCHUM PUBLIC SCHOOLS INDEPENDENT SCHOOL DISTRICT NO. 006",51801,"PROPOSITION NO. 1  KETCHUM PUBLIC SCHOOLS",,4,4,1,"FOR THE PROPOSITION - YES",,1,0,63,64,,
1/12/2016,"180820","KETCHUM PUBLIC SCHOOLS INDEPENDENT SCHOOL DISTRICT NO. 006",51801,"PROPOSITION NO. 1  KETCHUM PUBLIC SCHOOLS",,4,4,2,"AGAINST THE PROPOSITION - NO",,1,2,19,22,,
1/12/2016,"180820","KETCHUM PUBLIC SCHOOLS INDEPENDENT SCHOOL DISTRICT NO. 006",51802,"PROPOSITION NO. 2  KETCHUM PUBLIC SCHOOLS",,4,4,1,"FOR THE PROPOSITION - YES",,1,0,65,66,,
1/12/2016,"180820","KETCHUM PUBLIC SCHOOLS INDEPENDENT SCHOOL DISTRICT NO. 006",51802,"PROPOSITION NO. 2  KETCHUM PUBLIC SCHOOLS",,4,4,2,"AGAINST THE PROPOSITION - NO",,1,2,17,20,,
1/12/2016,"190405","CLEVELAND PUBLIC SCHOOLS INDEPENDENT SCHOOL DISTRICT NO. 006",55901,"PROPOSITION NO. 1  CLEVELAND PUBLIC SCHOOLS",,9,9,1,"FOR THE PROPOSITION - YES",,0,0,2,2,,
1/12/2016,"190405","CLEVELAND PUBLIC SCHOOLS INDEPENDENT SCHOOL DISTRICT NO. 006",55901,"PROPOSITION NO. 1  CLEVELAND PUBLIC SCHOOLS",,9,9,2,"AGAINST THE PROPOSITION - NO",,0,0,0,0,,
1/12/2016,"190405","CLEVELAND PUBLIC SCHOOLS INDEPENDENT SCHOOL DISTRICT NO. 006",55902,"PROPOSITION NO. 2  CLEVELAND PUBLIC SCHOOLS",,9,9,1,"FOR THE PROPOSITION - YES",,0,0,2,2,,
1/12/2016,"190405","CLEVELAND PUBLIC SCHOOLS INDEPENDENT SCHOOL DISTRICT NO. 006",55902,"PROPOSITION NO. 2  CLEVELAND PUBLIC SCHOOLS",,9,9,2,"AGAINST THE PROPOSITION - NO",,0,0,0,0,,
1/12/2016,"210001","KETCHUM PUBLIC SCHOOLS INDEPENDENT SCHOOL DISTRICT NO. 006",51801,"PROPOSITION NO. 1  KETCHUM PUBLIC SCHOOLS",,4,4,1,"FOR THE PROPOSITION - YES",,2,0,27,29,,
1/12/2016,"210001","KETCHUM PUBLIC SCHOOLS INDEPENDENT SCHOOL DISTRICT NO. 006",51801,"PROPOSITION NO. 1  KETCHUM PUBLIC SCHOOLS",,4,4,2,"AGAINST THE PROPOSITION - NO",,0,0,4,4,,
1/12/2016,"210001","KETCHUM PUBLIC SCHOOLS INDEPENDENT SCHOOL DISTRICT NO. 006",51802,"PROPOSITION NO. 2  KETCHUM PUBLIC SCHOOLS",,4,4,1,"FOR THE PROPOSITION - YES",,2,0,25,27,,
1/12/2016,"210001","KETCHUM PUBLIC SCHOOLS INDEPENDENT SCHOOL DISTRICT NO. 006",51802,"PROPOSITION NO. 2  KETCHUM PUBLIC SCHOOLS",,4,4,2,"AGAINST THE PROPOSITION - NO",,0,0,5,5,,
1/12/2016,"250016","WYNNEWOOD PUBLIC SCHOOLS INDEPENDENT SCHOOL DISTRICT NO. 038",52501,"PROPOSITION  WYNNEWOOD PUBLIC SCHOOLS",,6,6,1,"FOR THE PROPOSITION - YES",,2,4,86,92,,
1/12/2016,"250016","WYNNEWOOD PUBLIC SCHOOLS INDEPENDENT SCHOOL DISTRICT NO. 038",52501,"PROPOSITION  WYNNEWOOD PUBLIC SCHOOLS",,6,6,2,"AGAINST THE PROPOSITION - NO",,2,2,50,54,,
1/12/2016,"250018","WYNNEWOOD PUBLIC SCHOOLS INDEPENDENT SCHOOL DISTRICT NO. 038",52501,"PROPOSITION  WYNNEWOOD PUBLIC SCHOOLS",,6,6,1,"FOR THE PROPOSITION - YES",,1,1,22,24,,
1/12/2016,"250018","WYNNEWOOD PUBLIC SCHOOLS INDEPENDENT SCHOOL DISTRICT NO. 038",52501,"PROPOSITION  WYNNEWOOD PUBLIC SCHOOLS",,6,6,2,"AGAINST THE PROPOSITION - NO",,2,1,12,15,,
1/12/2016,"250020","WYNNEWOOD PUBLIC SCHOOLS INDEPENDENT SCHOOL DISTRICT NO. 038",52501,"PROPOSITION  WYNNEWOOD PUBLIC SCHOOLS",,6,6,1,"FOR THE PROPOSITION - YES",,8,8,427,443,,
1/12/2016,"250020","WYNNEWOOD PUBLIC SCHOOLS INDEPENDENT SCHOOL DISTRICT NO. 038",52501,"PROPOSITION  WYNNEWOOD PUBLIC SCHOOLS",,6,6,2,"AGAINST THE PROPOSITION - NO",,6,5,109,120,,
1/12/2016,"250025","WYNNEWOOD PUBLIC SCHOOLS INDEPENDENT SCHOOL DISTRICT NO. 038",52501,"PROPOSITION  WYNNEWOOD PUBLIC SCHOOLS",,6,6,1,"FOR THE PROPOSITION - YES",,2,6,33,41,,
1/12/2016,"250025","WYNNEWOOD PUBLIC SCHOOLS INDEPENDENT SCHOOL DISTRICT NO. 038",52501,"PROPOSITION  WYNNEWOOD PUBLIC SCHOOLS",,6,6,2,"AGAINST THE PROPOSITION - NO",,0,1,19,20,,
1/12/2016,"260023","CEMENT PUBLIC SCHOOLS INDEPENDENT SCHOOL DISTRICT NO. 160",50802,"PROPOSITION  CEMENT PUBLIC SCHOOLS",,6,6,1,"FOR THE PROPOSITION - YES",,0,0,0,0,,
1/12/2016,"260023","CEMENT PUBLIC SCHOOLS INDEPENDENT SCHOOL DISTRICT NO. 160",50802,"PROPOSITION  CEMENT PUBLIC SCHOOLS",,6,6,2,"AGAINST THE PROPOSITION - NO",,0,0,0,0,,
1/12/2016,"260032","CEMENT PUBLIC SCHOOLS INDEPENDENT SCHOOL DISTRICT NO. 160",50802,"PROPOSITION  CEMENT PUBLIC SCHOOLS",,6,6,1,"FOR THE PROPOSITION - YES",,0,0,10,10,,
1/12/2016,"260032","CEMENT PUBLIC SCHOOLS INDEPENDENT SCHOOL DISTRICT NO. 160",50802,"PROPOSITION  CEMENT PUBLIC SCHOOLS",,6,6,2,"AGAINST THE PROPOSITION - NO",,0,0,3,3,,
1/12/2016,"260036","CEMENT PUBLIC SCHOOLS INDEPENDENT SCHOOL DISTRICT NO. 160",50802,"PROPOSITION  CEMENT PUBLIC SCHOOLS",,6,6,1,"FOR THE PROPOSITION - YES",,0,0,0,0,,
1/12/2016,"260036","CEMENT PUBLIC SCHOOLS INDEPENDENT SCHOOL DISTRICT NO. 160",50802,"PROPOSITION  CEMENT PUBLIC SCHOOLS",,6,6,2,"AGAINST THE PROPOSITION - NO",,0,0,0,0,,
1/12/2016,"270011","DEER CREEK-LAMONT SCHOOLS INDEPENDENT SCHOOL DISTRICT NO. 095",52701,"PROPOSITION NO. 1  DEER CREEK-LAMONT SCHOOLS",,7,7,1,"FOR THE PROPOSITION - YES",,0,0,33,33,,
1/12/2016,"270011","DEER CREEK-LAMONT SCHOOLS INDEPENDENT SCHOOL DISTRICT NO. 095",52701,"PROPOSITION NO. 1  DEER CREEK-LAMONT SCHOOLS",,7,7,2,"AGAINST THE PROPOSITION - NO",,0,2,48,50,,
1/12/2016,"270011","DEER CREEK-LAMONT SCHOOLS INDEPENDENT SCHOOL DISTRICT NO. 095",52702,"PROPOSITION NO. 2  DEER CREEK-LAMONT SCHOOLS",,7,7,1,"FOR THE PROPOSITION - YES",,0,1,50,51,,
1/12/2016,"270011","DEER CREEK-LAMONT SCHOOLS INDEPENDENT SCHOOL DISTRICT NO. 095",52702,"PROPOSITION NO. 2  DEER CREEK-LAMONT SCHOOLS",,7,7,2,"AGAINST THE PROPOSITION - NO",,0,1,31,32,,
1/12/2016,"270023","DEER CREEK-LAMONT SCHOOLS INDEPENDENT SCHOOL DISTRICT NO. 095",52701,"PROPOSITION NO. 1  DEER CREEK-LAMONT SCHOOLS",,7,7,1,"FOR THE PROPOSITION - YES",,0,0,1,1,,
1/12/2016,"270023","DEER CREEK-LAMONT SCHOOLS INDEPENDENT SCHOOL DISTRICT NO. 095",52701,"PROPOSITION NO. 1  DEER CREEK-LAMONT SCHOOLS",,7,7,2,"AGAINST THE PROPOSITION - NO",,0,0,1,1,,
1/12/2016,"270023","DEER CREEK-LAMONT SCHOOLS INDEPENDENT SCHOOL DISTRICT NO. 095",52702,"PROPOSITION NO. 2  DEER CREEK-LAMONT SCHOOLS",,7,7,1,"FOR THE PROPOSITION - YES",,0,0,1,1,,
1/12/2016,"270023","DEER CREEK-LAMONT SCHOOLS INDEPENDENT SCHOOL DISTRICT NO. 095",52702,"PROPOSITION NO. 2  DEER CREEK-LAMONT SCHOOLS",,7,7,2,"AGAINST THE PROPOSITION - NO",,0,0,1,1,,
1/12/2016,"270026","DEER CREEK-LAMONT SCHOOLS INDEPENDENT SCHOOL DISTRICT NO. 095",52701,"PROPOSITION NO. 1  DEER CREEK-LAMONT SCHOOLS",,7,7,1,"FOR THE PROPOSITION - YES",,1,0,92,93,,
1/12/2016,"270026","DEER CREEK-LAMONT SCHOOLS INDEPENDENT SCHOOL DISTRICT NO. 095",52701,"PROPOSITION NO. 1  DEER CREEK-LAMONT SCHOOLS",,7,7,2,"AGAINST THE PROPOSITION - NO",,0,1,74,75,,
1/12/2016,"270026","DEER CREEK-LAMONT SCHOOLS INDEPENDENT SCHOOL DISTRICT NO. 095",52702,"PROPOSITION NO. 2  DEER CREEK-LAMONT SCHOOLS",,7,7,1,"FOR THE PROPOSITION - YES",,1,0,113,114,,
1/12/2016,"270026","DEER CREEK-LAMONT SCHOOLS INDEPENDENT SCHOOL DISTRICT NO. 095",52702,"PROPOSITION NO. 2  DEER CREEK-LAMONT SCHOOLS",,7,7,2,"AGAINST THE PROPOSITION - NO",,0,1,54,55,,
1/12/2016,"270029","DEER CREEK-LAMONT SCHOOLS INDEPENDENT SCHOOL DISTRICT NO. 095",52701,"PROPOSITION NO. 1  DEER CREEK-LAMONT SCHOOLS",,7,7,1,"FOR THE PROPOSITION - YES",,0,0,4,4,,
1/12/2016,"270029","DEER CREEK-LAMONT SCHOOLS INDEPENDENT SCHOOL DISTRICT NO. 095",52701,"PROPOSITION NO. 1  DEER CREEK-LAMONT SCHOOLS",,7,7,2,"AGAINST THE PROPOSITION - NO",,0,3,1,4,,
1/12/2016,"270029","DEER CREEK-LAMONT SCHOOLS INDEPENDENT SCHOOL DISTRICT NO. 095",52702,"PROPOSITION NO. 2  DEER CREEK-LAMONT SCHOOLS",,7,7,1,"FOR THE PROPOSITION - YES",,0,2,4,6,,
1/12/2016,"270029","DEER CREEK-LAMONT SCHOOLS INDEPENDENT SCHOOL DISTRICT NO. 095",52702,"PROPOSITION NO. 2  DEER CREEK-LAMONT SCHOOLS",,7,7,2,"AGAINST THE PROPOSITION - NO",,0,2,1,3,,
1/12/2016,"270030","DEER CREEK-LAMONT SCHOOLS INDEPENDENT SCHOOL DISTRICT NO. 095",52701,"PROPOSITION NO. 1  DEER CREEK-LAMONT SCHOOLS",,7,7,1,"FOR THE PROPOSITION - YES",,0,0,0,0,,
1/12/2016,"270030","DEER CREEK-LAMONT SCHOOLS INDEPENDENT SCHOOL DISTRICT NO. 095",52701,"PROPOSITION NO. 1  DEER CREEK-LAMONT SCHOOLS",,7,7,2,"AGAINST THE PROPOSITION - NO",,0,0,0,0,,
1/12/2016,"270030","DEER CREEK-LAMONT SCHOOLS INDEPENDENT SCHOOL DISTRICT NO. 095",52702,"PROPOSITION NO. 2  DEER CREEK-LAMONT SCHOOLS",,7,7,1,"FOR THE PROPOSITION - YES",,0,0,0,0,,
1/12/2016,"270030","DEER CREEK-LAMONT SCHOOLS INDEPENDENT SCHOOL DISTRICT NO. 095",52702,"PROPOSITION NO. 2  DEER CREEK-LAMONT SCHOOLS",,7,7,2,"AGAINST THE PROPOSITION - NO",,0,0,0,0,,
1/12/2016,"360101","DEER CREEK-LAMONT SCHOOLS INDEPENDENT SCHOOL DISTRICT NO. 095",52701,"PROPOSITION NO. 1  DEER CREEK-LAMONT SCHOOLS",,7,7,1,"FOR THE PROPOSITION - YES",,0,0,0,0,,
1/12/2016,"360101","DEER CREEK-LAMONT SCHOOLS INDEPENDENT SCHOOL DISTRICT NO. 095",52701,"PROPOSITION NO. 1  DEER CREEK-LAMONT SCHOOLS",,7,7,2,"AGAINST THE PROPOSITION - NO",,0,0,4,4,,
1/12/2016,"360101","DEER CREEK-LAMONT SCHOOLS INDEPENDENT SCHOOL DISTRICT NO. 095",52702,"PROPOSITION NO. 2  DEER CREEK-LAMONT SCHOOLS",,7,7,1,"FOR THE PROPOSITION - YES",,0,0,0,0,,
1/12/2016,"360101","DEER CREEK-LAMONT SCHOOLS INDEPENDENT SCHOOL DISTRICT NO. 095",52702,"PROPOSITION NO. 2  DEER CREEK-LAMONT SCHOOLS",,7,7,2,"AGAINST THE PROPOSITION - NO",,0,0,4,4,,
1/12/2016,"360103","DEER CREEK-LAMONT SCHOOLS INDEPENDENT SCHOOL DISTRICT NO. 095",52701,"PROPOSITION NO. 1  DEER CREEK-LAMONT SCHOOLS",,7,7,1,"FOR THE PROPOSITION - YES",,0,0,4,4,,
1/12/2016,"360103","DEER CREEK-LAMONT SCHOOLS INDEPENDENT SCHOOL DISTRICT NO. 095",52701,"PROPOSITION NO. 1  DEER CREEK-LAMONT SCHOOLS",,7,7,2,"AGAINST THE PROPOSITION - NO",,0,0,2,2,,
1/12/2016,"360103","DEER CREEK-LAMONT SCHOOLS INDEPENDENT SCHOOL DISTRICT NO. 095",52702,"PROPOSITION NO. 2  DEER CREEK-LAMONT SCHOOLS",,7,7,1,"FOR THE PROPOSITION - YES",,0,0,4,4,,
1/12/2016,"360103","DEER CREEK-LAMONT SCHOOLS INDEPENDENT SCHOOL DISTRICT NO. 095",52702,"PROPOSITION NO. 2  DEER CREEK-LAMONT SCHOOLS",,7,7,2,"AGAINST THE PROPOSITION - NO",,0,0,2,2,,
1/12/2016,"400106","TOWN OF POCOLA",44001,"PROPOSITION  TOWN OF POCOLA",,3,3,1,"FOR THE PROPOSITION - YES",,0,1,74,75,,
1/12/2016,"400106","TOWN OF POCOLA",44001,"PROPOSITION  TOWN OF POCOLA",,3,3,2,"AGAINST THE PROPOSITION - NO",,0,0,29,29,,
1/12/2016,"400107","TOWN OF POCOLA",44001,"PROPOSITION  TOWN OF POCOLA",,3,3,1,"FOR THE PROPOSITION - YES",,2,0,143,145,,
1/12/2016,"400107","TOWN OF POCOLA",44001,"PROPOSITION  TOWN OF POCOLA",,3,3,2,"AGAINST THE PROPOSITION - NO",,1,0,75,76,,
1/12/2016,"400109","TOWN OF POCOLA",44001,"PROPOSITION  TOWN OF POCOLA",,3,3,1,"FOR THE PROPOSITION - YES",,0,0,0,0,,
1/12/2016,"400109","TOWN OF POCOLA",44001,"PROPOSITION  TOWN OF POCOLA",,3,3,2,"AGAINST THE PROPOSITION - NO",,0,0,0,0,,
1/12/2016,"410008","EASTERN OKLAHOMA TECH CENTER DISTRICT NO. 23",55501,"PROPOSITION  EASTERN OKLAHOMA TECH CENTER",,40,40,1,"FOR THE PROPOSITION - YES",,0,0,0,0,,
1/12/2016,"410008","EASTERN OKLAHOMA TECH CENTER DISTRICT NO. 23",55501,"PROPOSITION  EASTERN OKLAHOMA TECH CENTER",,40,40,2,"AGAINST THE PROPOSITION - NO",,0,0,0,0,,
1/12/2016,"410015","EASTERN OKLAHOMA TECH CENTER DISTRICT NO. 23",55501,"PROPOSITION  EASTERN OKLAHOMA TECH CENTER",,40,40,1,"FOR THE PROPOSITION - YES",,1,0,4,5,,
1/12/2016,"410015","EASTERN OKLAHOMA TECH CENTER DISTRICT NO. 23",55501,"PROPOSITION  EASTERN OKLAHOMA TECH CENTER",,40,40,2,"AGAINST THE PROPOSITION - NO",,1,0,0,1,,
1/12/2016,"410020","EASTERN OKLAHOMA TECH CENTER DISTRICT NO. 23",55501,"PROPOSITION  EASTERN OKLAHOMA TECH CENTER",,40,40,1,"FOR THE PROPOSITION - YES",,0,0,4,4,,
1/12/2016,"410020","EASTERN OKLAHOMA TECH CENTER DISTRICT NO. 23",55501,"PROPOSITION  EASTERN OKLAHOMA TECH CENTER",,40,40,2,"AGAINST THE PROPOSITION - NO",,0,0,0,0,,
1/12/2016,"420203","EASTERN OKLAHOMA TECH CENTER DISTRICT NO. 23",55501,"PROPOSITION  EASTERN OKLAHOMA TECH CENTER",,40,40,1,"FOR THE PROPOSITION - YES",,7,0,0,7,,
1/12/2016,"420203","EASTERN OKLAHOMA TECH CENTER DISTRICT NO. 23",55501,"PROPOSITION  EASTERN OKLAHOMA TECH CENTER",,40,40,2,"AGAINST THE PROPOSITION - NO",,5,0,0,5,,
1/12/2016,"420207","EASTERN OKLAHOMA TECH CENTER DISTRICT NO. 23",55501,"PROPOSITION  EASTERN OKLAHOMA TECH CENTER",,40,40,1,"FOR THE PROPOSITION - YES",,2,0,1,3,,
1/12/2016,"420207","EASTERN OKLAHOMA TECH CENTER DISTRICT NO. 23",55501,"PROPOSITION  EASTERN OKLAHOMA TECH CENTER",,40,40,2,"AGAINST THE PROPOSITION - NO",,2,0,0,2,,
1/12/2016,"490011","MAYES COUNTY",30001,"PROPOSITION NO. 1",,27,27,1,"FOR THE PROPOSITION - YES",,1,1,31,33,MAYES
1/12/2016,"490011","MAYES COUNTY",30001,"PROPOSITION NO. 1",,27,27,2,"AGAINST THE PROPOSITION - NO",,1,0,12,13,MAYES
1/12/2016,"490011","MAYES COUNTY",30002,"PROPOSITION NO. 2",,27,27,1,"FOR THE PROPOSITION - YES",,1,1,32,34,MAYES
1/12/2016,"490011","MAYES COUNTY",30002,"PROPOSITION NO. 2",,27,27,2,"AGAINST THE PROPOSITION - NO",,1,0,10,11,MAYES
1/12/2016,"490012","MAYES COUNTY",30001,"PROPOSITION NO. 1",,27,27,1,"FOR THE PROPOSITION - YES",,1,2,65,68,MAYES
1/12/2016,"490012","MAYES COUNTY",30001,"PROPOSITION NO. 1",,27,27,2,"AGAINST THE PROPOSITION - NO",,2,2,13,17,MAYES
1/12/2016,"490012","MAYES COUNTY",30002,"PROPOSITION NO. 2",,27,27,1,"FOR THE PROPOSITION - YES",,1,3,64,68,MAYES
1/12/2016,"490012","MAYES COUNTY",30002,"PROPOSITION NO. 2",,27,27,2,"AGAINST THE PROPOSITION - NO",,2,1,15,18,MAYES
1/12/2016,"490014","MAYES COUNTY",30001,"PROPOSITION NO. 1",,27,27,1,"FOR THE PROPOSITION - YES",,0,0,20,20,MAYES
1/12/2016,"490014","MAYES COUNTY",30001,"PROPOSITION NO. 1",,27,27,2,"AGAINST THE PROPOSITION - NO",,0,1,6,7,MAYES
1/12/2016,"490014","MAYES COUNTY",30002,"PROPOSITION NO. 2",,27,27,1,"FOR THE PROPOSITION - YES",,0,0,21,21,MAYES
1/12/2016,"490014","MAYES COUNTY",30002,"PROPOSITION NO. 2",,27,27,2,"AGAINST THE PROPOSITION - NO",,0,1,6,7,MAYES
1/12/2016,"490015","MAYES COUNTY",30001,"PROPOSITION NO. 1",,27,27,1,"FOR THE PROPOSITION - YES",,2,2,63,67,MAYES
1/12/2016,"490015","MAYES COUNTY",30001,"PROPOSITION NO. 1",,27,27,2,"AGAINST THE PROPOSITION - NO",,1,0,19,20,MAYES
1/12/2016,"490015","MAYES COUNTY",30002,"PROPOSITION NO. 2",,27,27,1,"FOR THE PROPOSITION - YES",,2,2,61,65,MAYES
1/12/2016,"490015","MAYES COUNTY",30002,"PROPOSITION NO. 2",,27,27,2,"AGAINST THE PROPOSITION - NO",,1,0,21,22,MAYES
1/12/2016,"490016","MAYES COUNTY",30001,"PROPOSITION NO. 1",,27,27,1,"FOR THE PROPOSITION - YES",,4,3,50,57,MAYES
1/12/2016,"490016","MAYES COUNTY",30001,"PROPOSITION NO. 1",,27,27,2,"AGAINST THE PROPOSITION - NO",,1,0,6,7,MAYES
1/12/2016,"490016","MAYES COUNTY",30002,"PROPOSITION NO. 2",,27,27,1,"FOR THE PROPOSITION - YES",,4,3,51,58,MAYES
1/12/2016,"490016","MAYES COUNTY",30002,"PROPOSITION NO. 2",,27,27,2,"AGAINST THE PROPOSITION - NO",,1,0,6,7,MAYES
1/12/2016,"490020","MAYES COUNTY",30001,"PROPOSITION NO. 1",,27,27,1,"FOR THE PROPOSITION - YES",,0,4,57,61,MAYES
1/12/2016,"490020","MAYES COUNTY",30001,"PROPOSITION NO. 1",,27,27,2,"AGAINST THE PROPOSITION - NO",,2,2,28,32,MAYES
1/12/2016,"490020","MAYES COUNTY",30002,"PROPOSITION NO. 2",,27,27,1,"FOR THE PROPOSITION - YES",,0,5,61,66,MAYES
1/12/2016,"490020","MAYES COUNTY",30002,"PROPOSITION NO. 2",,27,27,2,"AGAINST THE PROPOSITION - NO",,2,1,27,30,MAYES
1/12/2016,"490021","MAYES COUNTY",30001,"PROPOSITION NO. 1",,27,27,1,"FOR THE PROPOSITION - YES",,2,2,24,28,MAYES
1/12/2016,"490021","MAYES COUNTY",30001,"PROPOSITION NO. 1",,27,27,2,"AGAINST THE PROPOSITION - NO",,1,1,15,17,MAYES
1/12/2016,"490021","MAYES COUNTY",30002,"PROPOSITION NO. 2",,27,27,1,"FOR THE PROPOSITION - YES",,2,2,23,27,MAYES
1/12/2016,"490021","MAYES COUNTY",30002,"PROPOSITION NO. 2",,27,27,2,"AGAINST THE PROPOSITION - NO",,1,1,15,17,MAYES
1/12/2016,"490022","MAYES COUNTY",30001,"PROPOSITION NO. 1",,27,27,1,"FOR THE PROPOSITION - YES",,2,0,44,46,MAYES
1/12/2016,"490022","MAYES COUNTY",30001,"PROPOSITION NO. 1",,27,27,2,"AGAINST THE PROPOSITION - NO",,0,1,33,34,MAYES
1/12/2016,"490022","MAYES COUNTY",30002,"PROPOSITION NO. 2",,27,27,1,"FOR THE PROPOSITION - YES",,2,0,46,48,MAYES
1/12/2016,"490022","MAYES COUNTY",30002,"PROPOSITION NO. 2",,27,27,2,"AGAINST THE PROPOSITION - NO",,0,1,31,32,MAYES
1/12/2016,"490023","MAYES COUNTY",30001,"PROPOSITION NO. 1",,27,27,1,"FOR THE PROPOSITION - YES",,0,1,33,34,MAYES
1/12/2016,"490023","MAYES COUNTY",30001,"PROPOSITION NO. 1",,27,27,2,"AGAINST THE PROPOSITION - NO",,0,0,33,33,MAYES
1/12/2016,"490023","MAYES COUNTY",30002,"PROPOSITION NO. 2",,27,27,1,"FOR THE PROPOSITION - YES",,0,1,28,29,MAYES
1/12/2016,"490023","MAYES COUNTY",30002,"PROPOSITION NO. 2",,27,27,2,"AGAINST THE PROPOSITION - NO",,0,0,38,38,MAYES
1/12/2016,"490024","MAYES COUNTY",30001,"PROPOSITION NO. 1",,27,27,1,"FOR THE PROPOSITION - YES",,0,0,23,23,MAYES
1/12/2016,"490024","MAYES COUNTY",30001,"PROPOSITION NO. 1",,27,27,2,"AGAINST THE PROPOSITION - NO",,2,0,11,13,MAYES
1/12/2016,"490024","MAYES COUNTY",30002,"PROPOSITION NO. 2",,27,27,1,"FOR THE PROPOSITION - YES",,0,0,24,24,MAYES
1/12/2016,"490024","MAYES COUNTY",30002,"PROPOSITION NO. 2",,27,27,2,"AGAINST THE PROPOSITION - NO",,2,0,10,12,MAYES
1/12/2016,"490025","MAYES COUNTY",30001,"PROPOSITION NO. 1",,27,27,1,"FOR THE PROPOSITION - YES",,0,0,16,16,MAYES
1/12/2016,"490025","MAYES COUNTY",30001,"PROPOSITION NO. 1",,27,27,2,"AGAINST THE PROPOSITION - NO",,1,0,5,6,MAYES
1/12/2016,"490025","MAYES COUNTY",30002,"PROPOSITION NO. 2",,27,27,1,"FOR THE PROPOSITION - YES",,0,0,15,15,MAYES
1/12/2016,"490025","MAYES COUNTY",30002,"PROPOSITION NO. 2",,27,27,2,"AGAINST THE PROPOSITION - NO",,1,0,6,7,MAYES
1/12/2016,"490026","MAYES COUNTY",30001,"PROPOSITION NO. 1",,27,27,1,"FOR THE PROPOSITION - YES",,0,0,4,4,MAYES
1/12/2016,"490026","MAYES COUNTY",30001,"PROPOSITION NO. 1",,27,27,2,"AGAINST THE PROPOSITION - NO",,0,0,3,3,MAYES
1/12/2016,"490026","MAYES COUNTY",30002,"PROPOSITION NO. 2",,27,27,1,"FOR THE PROPOSITION - YES",,0,0,4,4,MAYES
1/12/2016,"490026","MAYES COUNTY",30002,"PROPOSITION NO. 2",,27,27,2,"AGAINST THE PROPOSITION - NO",,0,0,3,3,MAYES
1/12/2016,"490027","MAYES COUNTY",30001,"PROPOSITION NO. 1",,27,27,1,"FOR THE PROPOSITION - YES",,0,0,3,3,MAYES
1/12/2016,"490027","MAYES COUNTY",30001,"PROPOSITION NO. 1",,27,27,2,"AGAINST THE PROPOSITION - NO",,0,0,2,2,MAYES
1/12/2016,"490027","MAYES COUNTY",30002,"PROPOSITION NO. 2",,27,27,1,"FOR THE PROPOSITION - YES",,0,0,3,3,MAYES
1/12/2016,"490027","MAYES COUNTY",30002,"PROPOSITION NO. 2",,27,27,2,"AGAINST THE PROPOSITION - NO",,0,0,2,2,MAYES
1/12/2016,"490031","MAYES COUNTY",30001,"PROPOSITION NO. 1",,27,27,1,"FOR THE PROPOSITION - YES",,2,2,59,63,MAYES
1/12/2016,"490031","MAYES COUNTY",30001,"PROPOSITION NO. 1",,27,27,2,"AGAINST THE PROPOSITION - NO",,1,0,27,28,MAYES
1/12/2016,"490031","MAYES COUNTY",30002,"PROPOSITION NO. 2",,27,27,1,"FOR THE PROPOSITION - YES",,2,2,58,62,MAYES
1/12/2016,"490031","MAYES COUNTY",30002,"PROPOSITION NO. 2",,27,27,2,"AGAINST THE PROPOSITION - NO",,1,0,28,29,MAYES
1/12/2016,"490031","KETCHUM PUBLIC SCHOOLS INDEPENDENT SCHOOL DISTRICT NO. 006",51801,"PROPOSITION NO. 1  KETCHUM PUBLIC SCHOOLS",,4,4,1,"FOR THE PROPOSITION - YES",,1,1,61,63,,
1/12/2016,"490031","KETCHUM PUBLIC SCHOOLS INDEPENDENT SCHOOL DISTRICT NO. 006",51801,"PROPOSITION NO. 1  KETCHUM PUBLIC SCHOOLS",,4,4,2,"AGAINST THE PROPOSITION - NO",,1,0,12,13,,
1/12/2016,"490031","KETCHUM PUBLIC SCHOOLS INDEPENDENT SCHOOL DISTRICT NO. 006",51802,"PROPOSITION NO. 2  KETCHUM PUBLIC SCHOOLS",,4,4,1,"FOR THE PROPOSITION - YES",,1,1,62,64,,
1/12/2016,"490031","KETCHUM PUBLIC SCHOOLS INDEPENDENT SCHOOL DISTRICT NO. 006",51802,"PROPOSITION NO. 2  KETCHUM PUBLIC SCHOOLS",,4,4,2,"AGAINST THE PROPOSITION - NO",,1,0,12,13,,
1/12/2016,"490034","MAYES COUNTY",30001,"PROPOSITION NO. 1",,27,27,1,"FOR THE PROPOSITION - YES",,2,0,5,7,MAYES
1/12/2016,"490034","MAYES COUNTY",30001,"PROPOSITION NO. 1",,27,27,2,"AGAINST THE PROPOSITION - NO",,0,0,4,4,MAYES
1/12/2016,"490034","MAYES COUNTY",30002,"PROPOSITION NO. 2",,27,27,1,"FOR THE PROPOSITION - YES",,2,0,5,7,MAYES
1/12/2016,"490034","MAYES COUNTY",30002,"PROPOSITION NO. 2",,27,27,2,"AGAINST THE PROPOSITION - NO",,0,0,4,4,MAYES
1/12/2016,"490036","MAYES COUNTY",30001,"PROPOSITION NO. 1",,27,27,1,"FOR THE PROPOSITION - YES",,4,1,60,65,MAYES
1/12/2016,"490036","MAYES COUNTY",30001,"PROPOSITION NO. 1",,27,27,2,"AGAINST THE PROPOSITION - NO",,3,3,24,30,MAYES
1/12/2016,"490036","MAYES COUNTY",30002,"PROPOSITION NO. 2",,27,27,1,"FOR THE PROPOSITION - YES",,4,1,56,61,MAYES
1/12/2016,"490036","MAYES COUNTY",30002,"PROPOSITION NO. 2",,27,27,2,"AGAINST THE PROPOSITION - NO",,3,3,29,35,MAYES
1/12/2016,"490037","MAYES COUNTY",30001,"PROPOSITION NO. 1",,27,27,1,"FOR THE PROPOSITION - YES",,0,0,62,62,MAYES
1/12/2016,"490037","MAYES COUNTY",30001,"PROPOSITION NO. 1",,27,27,2,"AGAINST THE PROPOSITION - NO",,1,1,20,22,MAYES
1/12/2016,"490037","MAYES COUNTY",30002,"PROPOSITION NO. 2",,27,27,1,"FOR THE PROPOSITION - YES",,0,0,57,57,MAYES
1/12/2016,"490037","MAYES COUNTY",30002,"PROPOSITION NO. 2",,27,27,2,"AGAINST THE PROPOSITION - NO",,1,1,25,27,MAYES
1/12/2016,"490038","MAYES COUNTY",30001,"PROPOSITION NO. 1",,27,27,1,"FOR THE PROPOSITION - YES",,1,0,18,19,MAYES
1/12/2016,"490038","MAYES COUNTY",30001,"PROPOSITION NO. 1",,27,27,2,"AGAINST THE PROPOSITION - NO",,0,1,3,4,MAYES
1/12/2016,"490038","MAYES COUNTY",30002,"PROPOSITION NO. 2",,27,27,1,"FOR THE PROPOSITION - YES",,1,0,18,19,MAYES
1/12/2016,"490038","MAYES COUNTY",30002,"PROPOSITION NO. 2",,27,27,2,"AGAINST THE PROPOSITION - NO",,0,1,3,4,MAYES
1/12/2016,"490039","MAYES COUNTY",30001,"PROPOSITION NO. 1",,27,27,1,"FOR THE PROPOSITION - YES",,1,0,42,43,MAYES
1/12/2016,"490039","MAYES COUNTY",30001,"PROPOSITION NO. 1",,27,27,2,"AGAINST THE PROPOSITION - NO",,0,3,20,23,MAYES
1/12/2016,"490039","MAYES COUNTY",30002,"PROPOSITION NO. 2",,27,27,1,"FOR THE PROPOSITION - YES",,1,0,41,42,MAYES
1/12/2016,"490039","MAYES COUNTY",30002,"PROPOSITION NO. 2",,27,27,2,"AGAINST THE PROPOSITION - NO",,0,3,21,24,MAYES
1/12/2016,"490101","MAYES COUNTY",30001,"PROPOSITION NO. 1",,27,27,1,"FOR THE PROPOSITION - YES",,1,0,33,34,MAYES
1/12/2016,"490101","MAYES COUNTY",30001,"PROPOSITION NO. 1",,27,27,2,"AGAINST THE PROPOSITION - NO",,3,0,10,13,MAYES
1/12/2016,"490101","MAYES COUNTY",30002,"PROPOSITION NO. 2",,27,27,1,"FOR THE PROPOSITION - YES",,1,0,34,35,MAYES
1/12/2016,"490101","MAYES COUNTY",30002,"PROPOSITION NO. 2",,27,27,2,"AGAINST THE PROPOSITION - NO",,3,0,9,12,MAYES
1/12/2016,"490121","MAYES COUNTY",30001,"PROPOSITION NO. 1",,27,27,1,"FOR THE PROPOSITION - YES",,2,11,35,48,MAYES
1/12/2016,"490121","MAYES COUNTY",30001,"PROPOSITION NO. 1",,27,27,2,"AGAINST THE PROPOSITION - NO",,0,3,18,21,MAYES
1/12/2016,"490121","MAYES COUNTY",30002,"PROPOSITION NO. 2",,27,27,1,"FOR THE PROPOSITION - YES",,2,12,29,43,MAYES
1/12/2016,"490121","MAYES COUNTY",30002,"PROPOSITION NO. 2",,27,27,2,"AGAINST THE PROPOSITION - NO",,0,2,24,26,MAYES
1/12/2016,"490122","MAYES COUNTY",30001,"PROPOSITION NO. 1",,27,27,1,"FOR THE PROPOSITION - YES",,0,0,17,17,MAYES
1/12/2016,"490122","MAYES COUNTY",30001,"PROPOSITION NO. 1",,27,27,2,"AGAINST THE PROPOSITION - NO",,0,0,1,1,MAYES
1/12/2016,"490122","MAYES COUNTY",30002,"PROPOSITION NO. 2",,27,27,1,"FOR THE PROPOSITION - YES",,0,0,14,14,MAYES
1/12/2016,"490122","MAYES COUNTY",30002,"PROPOSITION NO. 2",,27,27,2,"AGAINST THE PROPOSITION - NO",,0,0,4,4,MAYES
1/12/2016,"490130","MAYES COUNTY",30001,"PROPOSITION NO. 1",,27,27,1,"FOR THE PROPOSITION - YES",,2,1,38,41,MAYES
1/12/2016,"490130","MAYES COUNTY",30001,"PROPOSITION NO. 1",,27,27,2,"AGAINST THE PROPOSITION - NO",,2,1,8,11,MAYES
1/12/2016,"490130","MAYES COUNTY",30002,"PROPOSITION NO. 2",,27,27,1,"FOR THE PROPOSITION - YES",,2,2,38,42,MAYES
1/12/2016,"490130","MAYES COUNTY",30002,"PROPOSITION NO. 2",,27,27,2,"AGAINST THE PROPOSITION - NO",,2,0,9,11,MAYES
1/12/2016,"490130","KETCHUM PUBLIC SCHOOLS INDEPENDENT SCHOOL DISTRICT NO. 006",51801,"PROPOSITION NO. 1  KETCHUM PUBLIC SCHOOLS",,4,4,1,"FOR THE PROPOSITION - YES",,0,0,10,10,,
1/12/2016,"490130","KETCHUM PUBLIC SCHOOLS INDEPENDENT SCHOOL DISTRICT NO. 006",51801,"PROPOSITION NO. 1  KETCHUM PUBLIC SCHOOLS",,4,4,2,"AGAINST THE PROPOSITION - NO",,0,1,3,4,,
1/12/2016,"490130","KETCHUM PUBLIC SCHOOLS INDEPENDENT SCHOOL DISTRICT NO. 006",51802,"PROPOSITION NO. 2  KETCHUM PUBLIC SCHOOLS",,4,4,1,"FOR THE PROPOSITION - YES",,0,0,11,11,,
1/12/2016,"490130","KETCHUM PUBLIC SCHOOLS INDEPENDENT SCHOOL DISTRICT NO. 006",51802,"PROPOSITION NO. 2  KETCHUM PUBLIC SCHOOLS",,4,4,2,"AGAINST THE PROPOSITION - NO",,0,1,3,4,,
1/12/2016,"490132","MAYES COUNTY",30001,"PROPOSITION NO. 1",,27,27,1,"FOR THE PROPOSITION - YES",,0,5,32,37,MAYES
1/12/2016,"490132","MAYES COUNTY",30001,"PROPOSITION NO. 1",,27,27,2,"AGAINST THE PROPOSITION - NO",,2,2,35,39,MAYES
1/12/2016,"490132","MAYES COUNTY",30002,"PROPOSITION NO. 2",,27,27,1,"FOR THE PROPOSITION - YES",,0,5,39,44,MAYES
1/12/2016,"490132","MAYES COUNTY",30002,"PROPOSITION NO. 2",,27,27,2,"AGAINST THE PROPOSITION - NO",,2,2,33,37,MAYES
1/12/2016,"490241","MAYES COUNTY",30001,"PROPOSITION NO. 1",,27,27,1,"FOR THE PROPOSITION - YES",,2,5,85,92,MAYES
1/12/2016,"490241","MAYES COUNTY",30001,"PROPOSITION NO. 1",,27,27,2,"AGAINST THE PROPOSITION - NO",,0,6,70,76,MAYES
1/12/2016,"490241","MAYES COUNTY",30002,"PROPOSITION NO. 2",,27,27,1,"FOR THE PROPOSITION - YES",,2,7,85,94,MAYES
1/12/2016,"490241","MAYES COUNTY",30002,"PROPOSITION NO. 2",,27,27,2,"AGAINST THE PROPOSITION - NO",,0,4,73,77,MAYES
1/12/2016,"490242","MAYES COUNTY",30001,"PROPOSITION NO. 1",,27,27,1,"FOR THE PROPOSITION - YES",,2,4,33,39,MAYES
1/12/2016,"490242","MAYES COUNTY",30001,"PROPOSITION NO. 1",,27,27,2,"AGAINST THE PROPOSITION - NO",,1,4,18,23,MAYES
1/12/2016,"490242","MAYES COUNTY",30002,"PROPOSITION NO. 2",,27,27,1,"FOR THE PROPOSITION - YES",,2,5,32,39,MAYES
1/12/2016,"490242","MAYES COUNTY",30002,"PROPOSITION NO. 2",,27,27,2,"AGAINST THE PROPOSITION - NO",,2,3,20,25,MAYES
1/12/2016,"490311","MAYES COUNTY",30001,"PROPOSITION NO. 1",,27,27,1,"FOR THE PROPOSITION - YES",,0,0,14,14,MAYES
1/12/2016,"490311","MAYES COUNTY",30001,"PROPOSITION NO. 1",,27,27,2,"AGAINST THE PROPOSITION - NO",,0,0,7,7,MAYES
1/12/2016,"490311","MAYES COUNTY",30002,"PROPOSITION NO. 2",,27,27,1,"FOR THE PROPOSITION - YES",,0,0,12,12,MAYES
1/12/2016,"490311","MAYES COUNTY",30002,"PROPOSITION NO. 2",,27,27,2,"AGAINST THE PROPOSITION - NO",,0,0,9,9,MAYES
1/12/2016,"500005","WYNNEWOOD PUBLIC SCHOOLS INDEPENDENT SCHOOL DISTRICT NO. 038",52501,"PROPOSITION  WYNNEWOOD PUBLIC SCHOOLS",,6,6,1,"FOR THE PROPOSITION - YES",,1,1,11,13,,
1/12/2016,"500005","WYNNEWOOD PUBLIC SCHOOLS INDEPENDENT SCHOOL DISTRICT NO. 038",52501,"PROPOSITION  WYNNEWOOD PUBLIC SCHOOLS",,6,6,2,"AGAINST THE PROPOSITION - NO",,1,0,6,7,,
1/12/2016,"500012","WYNNEWOOD PUBLIC SCHOOLS INDEPENDENT SCHOOL DISTRICT NO. 038",52501,"PROPOSITION  WYNNEWOOD PUBLIC SCHOOLS",,6,6,1,"FOR THE PROPOSITION - YES",,3,0,76,79,,
1/12/2016,"500012","WYNNEWOOD PUBLIC SCHOOLS INDEPENDENT SCHOOL DISTRICT NO. 038",52501,"PROPOSITION  WYNNEWOOD PUBLIC SCHOOLS",,6,6,2,"AGAINST THE PROPOSITION - NO",,0,0,13,13,,
1/12/2016,"550018","EASTERN OKLAHOMA TECH CENTER DISTRICT NO. 23",55501,"PROPOSITION  EASTERN OKLAHOMA TECH CENTER",,40,40,1,"FOR THE PROPOSITION - YES",,0,0,23,23,,
1/12/2016,"550018","EASTERN OKLAHOMA TECH CENTER DISTRICT NO. 23",55501,"PROPOSITION  EASTERN OKLAHOMA TECH CENTER",,40,40,2,"AGAINST THE PROPOSITION - NO",,0,0,7,7,,
1/12/2016,"550019","EASTERN OKLAHOMA TECH CENTER DISTRICT NO. 23",55501,"PROPOSITION  EASTERN OKLAHOMA TECH CENTER",,40,40,1,"FOR THE PROPOSITION - YES",,0,0,47,47,,
1/12/2016,"550019","EASTERN OKLAHOMA TECH CENTER DISTRICT NO. 23",55501,"PROPOSITION  EASTERN OKLAHOMA TECH CENTER",,40,40,2,"AGAINST THE PROPOSITION - NO",,0,0,5,5,,
1/12/2016,"550020","EASTERN OKLAHOMA TECH CENTER DISTRICT NO. 23",55501,"PROPOSITION  EASTERN OKLAHOMA TECH CENTER",,40,40,1,"FOR THE PROPOSITION - YES",,0,0,61,61,,
1/12/2016,"550020","EASTERN OKLAHOMA TECH CENTER DISTRICT NO. 23",55501,"PROPOSITION  EASTERN OKLAHOMA TECH CENTER",,40,40,2,"AGAINST THE PROPOSITION - NO",,0,0,11,11,,
1/12/2016,"550021","EASTERN OKLAHOMA TECH CENTER DISTRICT NO. 23",55501,"PROPOSITION  EASTERN OKLAHOMA TECH CENTER",,40,40,1,"FOR THE PROPOSITION - YES",,0,0,48,48,,
1/12/2016,"550021","EASTERN OKLAHOMA TECH CENTER DISTRICT NO. 23",55501,"PROPOSITION  EASTERN OKLAHOMA TECH CENTER",,40,40,2,"AGAINST THE PROPOSITION - NO",,0,0,17,17,,
1/12/2016,"550022","EASTERN OKLAHOMA TECH CENTER DISTRICT NO. 23",55501,"PROPOSITION  EASTERN OKLAHOMA TECH CENTER",,40,40,1,"FOR THE PROPOSITION - YES",,0,0,17,17,,
1/12/2016,"550022","EASTERN OKLAHOMA TECH CENTER DISTRICT NO. 23",55501,"PROPOSITION  EASTERN OKLAHOMA TECH CENTER",,40,40,2,"AGAINST THE PROPOSITION - NO",,0,0,3,3,,
1/12/2016,"550023","EASTERN OKLAHOMA TECH CENTER DISTRICT NO. 23",55501,"PROPOSITION  EASTERN OKLAHOMA TECH CENTER",,40,40,1,"FOR THE PROPOSITION - YES",,0,0,57,57,,
1/12/2016,"550023","EASTERN OKLAHOMA TECH CENTER DISTRICT NO. 23",55501,"PROPOSITION  EASTERN OKLAHOMA TECH CENTER",,40,40,2,"AGAINST THE PROPOSITION - NO",,0,0,7,7,,
1/12/2016,"550024","EASTERN OKLAHOMA TECH CENTER DISTRICT NO. 23",55501,"PROPOSITION  EASTERN OKLAHOMA TECH CENTER",,40,40,1,"FOR THE PROPOSITION - YES",,0,0,2,2,,
1/12/2016,"550024","EASTERN OKLAHOMA TECH CENTER DISTRICT NO. 23",55501,"PROPOSITION  EASTERN OKLAHOMA TECH CENTER",,40,40,2,"AGAINST THE PROPOSITION - NO",,0,0,1,1,,
1/12/2016,"550025","EASTERN OKLAHOMA TECH CENTER DISTRICT NO. 23",55501,"PROPOSITION  EASTERN OKLAHOMA TECH CENTER",,40,40,1,"FOR THE PROPOSITION - YES",,0,0,4,4,,
1/12/2016,"550025","EASTERN OKLAHOMA TECH CENTER DISTRICT NO. 23",55501,"PROPOSITION  EASTERN OKLAHOMA TECH CENTER",,40,40,2,"AGAINST THE PROPOSITION - NO",,0,0,0,0,,
1/12/2016,"550026","EASTERN OKLAHOMA TECH CENTER DISTRICT NO. 23",55501,"PROPOSITION  EASTERN OKLAHOMA TECH CENTER",,40,40,1,"FOR THE PROPOSITION - YES",,0,0,25,25,,
1/12/2016,"550026","EASTERN OKLAHOMA TECH CENTER DISTRICT NO. 23",55501,"PROPOSITION  EASTERN OKLAHOMA TECH CENTER",,40,40,2,"AGAINST THE PROPOSITION - NO",,0,0,2,2,,
1/12/2016,"550027","EASTERN OKLAHOMA TECH CENTER DISTRICT NO. 23",55501,"PROPOSITION  EASTERN OKLAHOMA TECH CENTER",,40,40,1,"FOR THE PROPOSITION - YES",,0,0,7,7,,
1/12/2016,"550027","EASTERN OKLAHOMA TECH CENTER DISTRICT NO. 23",55501,"PROPOSITION  EASTERN OKLAHOMA TECH CENTER",,40,40,2,"AGAINST THE PROPOSITION - NO",,0,0,0,0,,
1/12/2016,"550065","EASTERN OKLAHOMA TECH CENTER DISTRICT NO. 23",55501,"PROPOSITION  EASTERN OKLAHOMA TECH CENTER",,40,40,1,"FOR THE PROPOSITION - YES",,0,0,4,4,,
1/12/2016,"550065","EASTERN OKLAHOMA TECH CENTER DISTRICT NO. 23",55501,"PROPOSITION  EASTERN OKLAHOMA TECH CENTER",,40,40,2,"AGAINST THE PROPOSITION - NO",,0,0,2,2,,
1/12/2016,"550067","EASTERN OKLAHOMA TECH CENTER DISTRICT NO. 23",55501,"PROPOSITION  EASTERN OKLAHOMA TECH CENTER",,40,40,1,"FOR THE PROPOSITION - YES",,0,0,48,48,,
1/12/2016,"550067","EASTERN OKLAHOMA TECH CENTER DISTRICT NO. 23",55501,"PROPOSITION  EASTERN OKLAHOMA TECH CENTER",,40,40,2,"AGAINST THE PROPOSITION - NO",,0,0,1,1,,
1/12/2016,"550068","EASTERN OKLAHOMA TECH CENTER DISTRICT NO. 23",55501,"PROPOSITION  EASTERN OKLAHOMA TECH CENTER",,40,40,1,"FOR THE PROPOSITION - YES",,0,0,33,33,,
1/12/2016,"550068","EASTERN OKLAHOMA TECH CENTER DISTRICT NO. 23",55501,"PROPOSITION  EASTERN OKLAHOMA TECH CENTER",,40,40,2,"AGAINST THE PROPOSITION - NO",,0,0,3,3,,
1/12/2016,"550069","EASTERN OKLAHOMA TECH CENTER DISTRICT NO. 23",55501,"PROPOSITION  EASTERN OKLAHOMA TECH CENTER",,40,40,1,"FOR THE PROPOSITION - YES",,0,0,66,66,,
1/12/2016,"550069","EASTERN OKLAHOMA TECH CENTER DISTRICT NO. 23",55501,"PROPOSITION  EASTERN OKLAHOMA TECH CENTER",,40,40,2,"AGAINST THE PROPOSITION - NO",,0,0,5,5,,
1/12/2016,"550070","EASTERN OKLAHOMA TECH CENTER DISTRICT NO. 23",55501,"PROPOSITION  EASTERN OKLAHOMA TECH CENTER",,40,40,1,"FOR THE PROPOSITION - YES",,0,0,61,61,,
1/12/2016,"550070","EASTERN OKLAHOMA TECH CENTER DISTRICT NO. 23",55501,"PROPOSITION  EASTERN OKLAHOMA TECH CENTER",,40,40,2,"AGAINST THE PROPOSITION - NO",,0,0,1,1,,
1/12/2016,"550071","EASTERN OKLAHOMA TECH CENTER DISTRICT NO. 23",55501,"PROPOSITION  EASTERN OKLAHOMA TECH CENTER",,40,40,1,"FOR THE PROPOSITION - YES",,0,0,55,55,,
1/12/2016,"550071","EASTERN OKLAHOMA TECH CENTER DISTRICT NO. 23",55501,"PROPOSITION  EASTERN OKLAHOMA TECH CENTER",,40,40,2,"AGAINST THE PROPOSITION - NO",,0,0,7,7,,
1/12/2016,"550072","EASTERN OKLAHOMA TECH CENTER DISTRICT NO. 23",55501,"PROPOSITION  EASTERN OKLAHOMA TECH CENTER",,40,40,1,"FOR THE PROPOSITION - YES",,0,0,92,92,,
1/12/2016,"550072","EASTERN OKLAHOMA TECH CENTER DISTRICT NO. 23",55501,"PROPOSITION  EASTERN OKLAHOMA TECH CENTER",,40,40,2,"AGAINST THE PROPOSITION - NO",,0,0,3,3,,
1/12/2016,"550073","EASTERN OKLAHOMA TECH CENTER DISTRICT NO. 23",55501,"PROPOSITION  EASTERN OKLAHOMA TECH CENTER",,40,40,1,"FOR THE PROPOSITION - YES",,0,0,10,10,,
1/12/2016,"550073","EASTERN OKLAHOMA TECH CENTER DISTRICT NO. 23",55501,"PROPOSITION  EASTERN OKLAHOMA TECH CENTER",,40,40,2,"AGAINST THE PROPOSITION - NO",,0,0,6,6,,
1/12/2016,"550074","EASTERN OKLAHOMA TECH CENTER DISTRICT NO. 23",55501,"PROPOSITION  EASTERN OKLAHOMA TECH CENTER",,40,40,1,"FOR THE PROPOSITION - YES",,0,0,1,1,,
1/12/2016,"550074","EASTERN OKLAHOMA TECH CENTER DISTRICT NO. 23",55501,"PROPOSITION  EASTERN OKLAHOMA TECH CENTER",,40,40,2,"AGAINST THE PROPOSITION - NO",,0,0,0,0,,
1/12/2016,"550075","EASTERN OKLAHOMA TECH CENTER DISTRICT NO. 23",55501,"PROPOSITION  EASTERN OKLAHOMA TECH CENTER",,40,40,1,"FOR THE PROPOSITION - YES",,0,0,16,16,,
1/12/2016,"550075","EASTERN OKLAHOMA TECH CENTER DISTRICT NO. 23",55501,"PROPOSITION  EASTERN OKLAHOMA TECH CENTER",,40,40,2,"AGAINST THE PROPOSITION - NO",,0,0,0,0,,
1/12/2016,"550076","EASTERN OKLAHOMA TECH CENTER DISTRICT NO. 23",55501,"PROPOSITION  EASTERN OKLAHOMA TECH CENTER",,40,40,1,"FOR THE PROPOSITION - YES",,0,0,44,44,,
1/12/2016,"550076","EASTERN OKLAHOMA TECH CENTER DISTRICT NO. 23",55501,"PROPOSITION  EASTERN OKLAHOMA TECH CENTER",,40,40,2,"AGAINST THE PROPOSITION - NO",,0,0,15,15,,
1/12/2016,"550091","EASTERN OKLAHOMA TECH CENTER DISTRICT NO. 23",55501,"PROPOSITION  EASTERN OKLAHOMA TECH CENTER",,40,40,1,"FOR THE PROPOSITION - YES",,0,0,0,0,,
1/12/2016,"550091","EASTERN OKLAHOMA TECH CENTER DISTRICT NO. 23",55501,"PROPOSITION  EASTERN OKLAHOMA TECH CENTER",,40,40,2,"AGAINST THE PROPOSITION - NO",,0,0,0,0,,
1/12/2016,"550092","EASTERN OKLAHOMA TECH CENTER DISTRICT NO. 23",55501,"PROPOSITION  EASTERN OKLAHOMA TECH CENTER",,40,40,1,"FOR THE PROPOSITION - YES",,0,0,7,7,,
1/12/2016,"550092","EASTERN OKLAHOMA TECH CENTER DISTRICT NO. 23",55501,"PROPOSITION  EASTERN OKLAHOMA TECH CENTER",,40,40,2,"AGAINST THE PROPOSITION - NO",,0,0,0,0,,
1/12/2016,"550093","EASTERN OKLAHOMA TECH CENTER DISTRICT NO. 23",55501,"PROPOSITION  EASTERN OKLAHOMA TECH CENTER",,40,40,1,"FOR THE PROPOSITION - YES",,0,0,25,25,,
1/12/2016,"550093","EASTERN OKLAHOMA TECH CENTER DISTRICT NO. 23",55501,"PROPOSITION  EASTERN OKLAHOMA TECH CENTER",,40,40,2,"AGAINST THE PROPOSITION - NO",,0,0,7,7,,
1/12/2016,"550094","EASTERN OKLAHOMA TECH CENTER DISTRICT NO. 23",55501,"PROPOSITION  EASTERN OKLAHOMA TECH CENTER",,40,40,1,"FOR THE PROPOSITION - YES",,0,0,6,6,,
1/12/2016,"550094","EASTERN OKLAHOMA TECH CENTER DISTRICT NO. 23",55501,"PROPOSITION  EASTERN OKLAHOMA TECH CENTER",,40,40,2,"AGAINST THE PROPOSITION - NO",,0,0,1,1,,
1/12/2016,"550097","EASTERN OKLAHOMA TECH CENTER DISTRICT NO. 23",55501,"PROPOSITION  EASTERN OKLAHOMA TECH CENTER",,40,40,1,"FOR THE PROPOSITION - YES",,0,0,6,6,,
1/12/2016,"550097","EASTERN OKLAHOMA TECH CENTER DISTRICT NO. 23",55501,"PROPOSITION  EASTERN OKLAHOMA TECH CENTER",,40,40,2,"AGAINST THE PROPOSITION - NO",,0,0,0,0,,
1/12/2016,"550098","EASTERN OKLAHOMA TECH CENTER DISTRICT NO. 23",55501,"PROPOSITION  EASTERN OKLAHOMA TECH CENTER",,40,40,1,"FOR THE PROPOSITION - YES",,0,0,46,46,,
1/12/2016,"550098","EASTERN OKLAHOMA TECH CENTER DISTRICT NO. 23",55501,"PROPOSITION  EASTERN OKLAHOMA TECH CENTER",,40,40,2,"AGAINST THE PROPOSITION - NO",,0,0,0,0,,
1/12/2016,"550107","EASTERN OKLAHOMA TECH CENTER DISTRICT NO. 23",55501,"PROPOSITION  EASTERN OKLAHOMA TECH CENTER",,40,40,1,"FOR THE PROPOSITION - YES",,0,0,14,14,,
1/12/2016,"550107","EASTERN OKLAHOMA TECH CENTER DISTRICT NO. 23",55501,"PROPOSITION  EASTERN OKLAHOMA TECH CENTER",,40,40,2,"AGAINST THE PROPOSITION - NO",,0,0,0,0,,
1/12/2016,"550108","EASTERN OKLAHOMA TECH CENTER DISTRICT NO. 23",55501,"PROPOSITION  EASTERN OKLAHOMA TECH CENTER",,40,40,1,"FOR THE PROPOSITION - YES",,0,0,3,3,,
1/12/2016,"550108","EASTERN OKLAHOMA TECH CENTER DISTRICT NO. 23",55501,"PROPOSITION  EASTERN OKLAHOMA TECH CENTER",,40,40,2,"AGAINST THE PROPOSITION - NO",,0,0,0,0,,
1/12/2016,"550109","EASTERN OKLAHOMA TECH CENTER DISTRICT NO. 23",55501,"PROPOSITION  EASTERN OKLAHOMA TECH CENTER",,40,40,1,"FOR THE PROPOSITION - YES",,0,0,2,2,,
1/12/2016,"550109","EASTERN OKLAHOMA TECH CENTER DISTRICT NO. 23",55501,"PROPOSITION  EASTERN OKLAHOMA TECH CENTER",,40,40,2,"AGAINST THE PROPOSITION - NO",,0,0,0,0,,
1/12/2016,"550252","EASTERN OKLAHOMA TECH CENTER DISTRICT NO. 23",55501,"PROPOSITION  EASTERN OKLAHOMA TECH CENTER",,40,40,1,"FOR THE PROPOSITION - YES",,0,0,1,1,,
1/12/2016,"550252","EASTERN OKLAHOMA TECH CENTER DISTRICT NO. 23",55501,"PROPOSITION  EASTERN OKLAHOMA TECH CENTER",,40,40,2,"AGAINST THE PROPOSITION - NO",,0,0,0,0,,
1/12/2016,"550253","EASTERN OKLAHOMA TECH CENTER DISTRICT NO. 23",55501,"PROPOSITION  EASTERN OKLAHOMA TECH CENTER",,40,40,1,"FOR THE PROPOSITION - YES",,0,0,2,2,,
1/12/2016,"550253","EASTERN OKLAHOMA TECH CENTER DISTRICT NO. 23",55501,"PROPOSITION  EASTERN OKLAHOMA TECH CENTER",,40,40,2,"AGAINST THE PROPOSITION - NO",,0,0,0,0,,
1/12/2016,"550254","EASTERN OKLAHOMA TECH CENTER DISTRICT NO. 23",55501,"PROPOSITION  EASTERN OKLAHOMA TECH CENTER",,40,40,1,"FOR THE PROPOSITION - YES",,0,0,38,38,,
1/12/2016,"550254","EASTERN OKLAHOMA TECH CENTER DISTRICT NO. 23",55501,"PROPOSITION  EASTERN OKLAHOMA TECH CENTER",,40,40,2,"AGAINST THE PROPOSITION - NO",,0,0,6,6,,
1/12/2016,"550255","EASTERN OKLAHOMA TECH CENTER DISTRICT NO. 23",55501,"PROPOSITION  EASTERN OKLAHOMA TECH CENTER",,40,40,1,"FOR THE PROPOSITION - YES",,0,0,0,0,,
1/12/2016,"550255","EASTERN OKLAHOMA TECH CENTER DISTRICT NO. 23",55501,"PROPOSITION  EASTERN OKLAHOMA TECH CENTER",,40,40,2,"AGAINST THE PROPOSITION - NO",,0,0,0,0,,
1/12/2016,"559999","EASTERN OKLAHOMA TECH CENTER DISTRICT NO. 23",55501,"PROPOSITION  EASTERN OKLAHOMA TECH CENTER",,40,40,1,"FOR THE PROPOSITION - YES",,58,1,0,59,,
1/12/2016,"559999","EASTERN OKLAHOMA TECH CENTER DISTRICT NO. 23",55501,"PROPOSITION  EASTERN OKLAHOMA TECH CENTER",,40,40,2,"AGAINST THE PROPOSITION - NO",,82,0,0,82,,
1/12/2016,"570305","CLEVELAND PUBLIC SCHOOLS INDEPENDENT SCHOOL DISTRICT NO. 006",55901,"PROPOSITION NO. 1  CLEVELAND PUBLIC SCHOOLS",,9,9,1,"FOR THE PROPOSITION - YES",,0,0,6,6,,
1/12/2016,"570305","CLEVELAND PUBLIC SCHOOLS INDEPENDENT SCHOOL DISTRICT NO. 006",55901,"PROPOSITION NO. 1  CLEVELAND PUBLIC SCHOOLS",,9,9,2,"AGAINST THE PROPOSITION - NO",,0,0,2,2,,
1/12/2016,"570305","CLEVELAND PUBLIC SCHOOLS INDEPENDENT SCHOOL DISTRICT NO. 006",55902,"PROPOSITION NO. 2  CLEVELAND PUBLIC SCHOOLS",,9,9,1,"FOR THE PROPOSITION - YES",,0,0,6,6,,
1/12/2016,"570305","CLEVELAND PUBLIC SCHOOLS INDEPENDENT SCHOOL DISTRICT NO. 006",55902,"PROPOSITION NO. 2  CLEVELAND PUBLIC SCHOOLS",,9,9,2,"AGAINST THE PROPOSITION - NO",,0,0,2,2,,
1/12/2016,"570306","CLEVELAND PUBLIC SCHOOLS INDEPENDENT SCHOOL DISTRICT NO. 006",55901,"PROPOSITION NO. 1  CLEVELAND PUBLIC SCHOOLS",,9,9,1,"FOR THE PROPOSITION - YES",,0,0,2,2,,
1/12/2016,"570306","CLEVELAND PUBLIC SCHOOLS INDEPENDENT SCHOOL DISTRICT NO. 006",55901,"PROPOSITION NO. 1  CLEVELAND PUBLIC SCHOOLS",,9,9,2,"AGAINST THE PROPOSITION - NO",,0,0,0,0,,
1/12/2016,"570306","CLEVELAND PUBLIC SCHOOLS INDEPENDENT SCHOOL DISTRICT NO. 006",55902,"PROPOSITION NO. 2  CLEVELAND PUBLIC SCHOOLS",,9,9,1,"FOR THE PROPOSITION - YES",,0,0,2,2,,
1/12/2016,"570306","CLEVELAND PUBLIC SCHOOLS INDEPENDENT SCHOOL DISTRICT NO. 006",55902,"PROPOSITION NO. 2  CLEVELAND PUBLIC SCHOOLS",,9,9,2,"AGAINST THE PROPOSITION - NO",,0,0,0,0,,
1/12/2016,"590111","CLEVELAND PUBLIC SCHOOLS INDEPENDENT SCHOOL DISTRICT NO. 006",55901,"PROPOSITION NO. 1  CLEVELAND PUBLIC SCHOOLS",,9,9,1,"FOR THE PROPOSITION - YES",,0,1,70,71,,
1/12/2016,"590111","CLEVELAND PUBLIC SCHOOLS INDEPENDENT SCHOOL DISTRICT NO. 006",55901,"PROPOSITION NO. 1  CLEVELAND PUBLIC SCHOOLS",,9,9,2,"AGAINST THE PROPOSITION - NO",,0,0,32,32,,
1/12/2016,"590111","CLEVELAND PUBLIC SCHOOLS INDEPENDENT SCHOOL DISTRICT NO. 006",55902,"PROPOSITION NO. 2  CLEVELAND PUBLIC SCHOOLS",,9,9,1,"FOR THE PROPOSITION - YES",,0,1,71,72,,
1/12/2016,"590111","CLEVELAND PUBLIC SCHOOLS INDEPENDENT SCHOOL DISTRICT NO. 006",55902,"PROPOSITION NO. 2  CLEVELAND PUBLIC SCHOOLS",,9,9,2,"AGAINST THE PROPOSITION - NO",,0,0,32,32,,
1/12/2016,"590112","CLEVELAND PUBLIC SCHOOLS INDEPENDENT SCHOOL DISTRICT NO. 006",55901,"PROPOSITION NO. 1  CLEVELAND PUBLIC SCHOOLS",,9,9,1,"FOR THE PROPOSITION - YES",,0,0,0,0,,
1/12/2016,"590112","CLEVELAND PUBLIC SCHOOLS INDEPENDENT SCHOOL DISTRICT NO. 006",55901,"PROPOSITION NO. 1  CLEVELAND PUBLIC SCHOOLS",,9,9,2,"AGAINST THE PROPOSITION - NO",,0,0,0,0,,
1/12/2016,"590112","CLEVELAND PUBLIC SCHOOLS INDEPENDENT SCHOOL DISTRICT NO. 006",55902,"PROPOSITION NO. 2  CLEVELAND PUBLIC SCHOOLS",,9,9,1,"FOR THE PROPOSITION - YES",,0,0,0,0,,
1/12/2016,"590112","CLEVELAND PUBLIC SCHOOLS INDEPENDENT SCHOOL DISTRICT NO. 006",55902,"PROPOSITION NO. 2  CLEVELAND PUBLIC SCHOOLS",,9,9,2,"AGAINST THE PROPOSITION - NO",,0,0,0,0,,
1/12/2016,"590118","CLEVELAND PUBLIC SCHOOLS INDEPENDENT SCHOOL DISTRICT NO. 006",55901,"PROPOSITION NO. 1  CLEVELAND PUBLIC SCHOOLS",,9,9,1,"FOR THE PROPOSITION - YES",,0,1,235,236,,
1/12/2016,"590118","CLEVELAND PUBLIC SCHOOLS INDEPENDENT SCHOOL DISTRICT NO. 006",55901,"PROPOSITION NO. 1  CLEVELAND PUBLIC SCHOOLS",,9,9,2,"AGAINST THE PROPOSITION - NO",,0,4,89,93,,
1/12/2016,"590118","CLEVELAND PUBLIC SCHOOLS INDEPENDENT SCHOOL DISTRICT NO. 006",55902,"PROPOSITION NO. 2  CLEVELAND PUBLIC SCHOOLS",,9,9,1,"FOR THE PROPOSITION - YES",,0,1,252,253,,
1/12/2016,"590118","CLEVELAND PUBLIC SCHOOLS INDEPENDENT SCHOOL DISTRICT NO. 006",55902,"PROPOSITION NO. 2  CLEVELAND PUBLIC SCHOOLS",,9,9,2,"AGAINST THE PROPOSITION - NO",,0,4,77,81,,
1/12/2016,"590217","CLEVELAND PUBLIC SCHOOLS INDEPENDENT SCHOOL DISTRICT NO. 006",55901,"PROPOSITION NO. 1  CLEVELAND PUBLIC SCHOOLS",,9,9,1,"FOR THE PROPOSITION - YES",,1,3,250,254,,
1/12/2016,"590217","CLEVELAND PUBLIC SCHOOLS INDEPENDENT SCHOOL DISTRICT NO. 006",55901,"PROPOSITION NO. 1  CLEVELAND PUBLIC SCHOOLS",,9,9,2,"AGAINST THE PROPOSITION - NO",,0,1,69,70,,
1/12/2016,"590217","CLEVELAND PUBLIC SCHOOLS INDEPENDENT SCHOOL DISTRICT NO. 006",55902,"PROPOSITION NO. 2  CLEVELAND PUBLIC SCHOOLS",,9,9,1,"FOR THE PROPOSITION - YES",,1,3,256,260,,
1/12/2016,"590217","CLEVELAND PUBLIC SCHOOLS INDEPENDENT SCHOOL DISTRICT NO. 006",55902,"PROPOSITION NO. 2  CLEVELAND PUBLIC SCHOOLS",,9,9,2,"AGAINST THE PROPOSITION - NO",,0,1,64,65,,
1/12/2016,"590307","CLEVELAND PUBLIC SCHOOLS INDEPENDENT SCHOOL DISTRICT NO. 006",55901,"PROPOSITION NO. 1  CLEVELAND PUBLIC SCHOOLS",,9,9,1,"FOR THE PROPOSITION - YES",,0,1,107,108,,
1/12/2016,"590307","CLEVELAND PUBLIC SCHOOLS INDEPENDENT SCHOOL DISTRICT NO. 006",55901,"PROPOSITION NO. 1  CLEVELAND PUBLIC SCHOOLS",,9,9,2,"AGAINST THE PROPOSITION - NO",,3,0,21,24,,
1/12/2016,"590307","CLEVELAND PUBLIC SCHOOLS INDEPENDENT SCHOOL DISTRICT NO. 006",55902,"PROPOSITION NO. 2  CLEVELAND PUBLIC SCHOOLS",,9,9,1,"FOR THE PROPOSITION - YES",,0,1,112,113,,
1/12/2016,"590307","CLEVELAND PUBLIC SCHOOLS INDEPENDENT SCHOOL DISTRICT NO. 006",55902,"PROPOSITION NO. 2  CLEVELAND PUBLIC SCHOOLS",,9,9,2,"AGAINST THE PROPOSITION - NO",,3,0,17,20,,
1/12/2016,"590314","CLEVELAND PUBLIC SCHOOLS INDEPENDENT SCHOOL DISTRICT NO. 006",55901,"PROPOSITION NO. 1  CLEVELAND PUBLIC SCHOOLS",,9,9,1,"FOR THE PROPOSITION - YES",,0,1,46,47,,
1/12/2016,"590314","CLEVELAND PUBLIC SCHOOLS INDEPENDENT SCHOOL DISTRICT NO. 006",55901,"PROPOSITION NO. 1  CLEVELAND PUBLIC SCHOOLS",,9,9,2,"AGAINST THE PROPOSITION - NO",,0,2,23,25,,
1/12/2016,"590314","CLEVELAND PUBLIC SCHOOLS INDEPENDENT SCHOOL DISTRICT NO. 006",55902,"PROPOSITION NO. 2  CLEVELAND PUBLIC SCHOOLS",,9,9,1,"FOR THE PROPOSITION - YES",,0,1,46,47,,
1/12/2016,"590314","CLEVELAND PUBLIC SCHOOLS INDEPENDENT SCHOOL DISTRICT NO. 006",55902,"PROPOSITION NO. 2  CLEVELAND PUBLIC SCHOOLS",,9,9,2,"AGAINST THE PROPOSITION - NO",,0,2,22,24,,
1/12/2016,"620013","CITY OF ADA",46201,"PROPOSITION  CITY OF ADA",,9,9,1,"FOR THE PROPOSITION - YES",,3,5,28,36,,
1/12/2016,"620013","CITY OF ADA",46201,"PROPOSITION  CITY OF ADA",,9,9,2,"AGAINST THE PROPOSITION - NO",,0,12,99,111,,
1/12/2016,"620016","CITY OF ADA",46201,"PROPOSITION  CITY OF ADA",,9,9,1,"FOR THE PROPOSITION - YES",,4,1,19,24,,
1/12/2016,"620016","CITY OF ADA",46201,"PROPOSITION  CITY OF ADA",,9,9,2,"AGAINST THE PROPOSITION - NO",,2,5,65,72,,
1/12/2016,"620022","CITY OF ADA",46201,"PROPOSITION  CITY OF ADA",,9,9,1,"FOR THE PROPOSITION - YES",,2,0,20,22,,
1/12/2016,"620022","CITY OF ADA",46201,"PROPOSITION  CITY OF ADA",,9,9,2,"AGAINST THE PROPOSITION - NO",,3,4,60,67,,
1/12/2016,"620025","CITY OF ADA",46201,"PROPOSITION  CITY OF ADA",,9,9,1,"FOR THE PROPOSITION - YES",,4,0,4,8,,
1/12/2016,"620025","CITY OF ADA",46201,"PROPOSITION  CITY OF ADA",,9,9,2,"AGAINST THE PROPOSITION - NO",,0,1,21,22,,
1/12/2016,"620031","CITY OF ADA",46201,"PROPOSITION  CITY OF ADA",,9,9,1,"FOR THE PROPOSITION - YES",,3,0,8,11,,
1/12/2016,"620031","CITY OF ADA",46201,"PROPOSITION  CITY OF ADA",,9,9,2,"AGAINST THE PROPOSITION - NO",,6,7,64,77,,
1/12/2016,"620052","CITY OF ADA",46201,"PROPOSITION  CITY OF ADA",,9,9,1,"FOR THE PROPOSITION - YES",,0,0,2,2,,
1/12/2016,"620052","CITY OF ADA",46201,"PROPOSITION  CITY OF ADA",,9,9,2,"AGAINST THE PROPOSITION - NO",,1,1,19,21,,
1/12/2016,"620053","CITY OF ADA",46201,"PROPOSITION  CITY OF ADA",,9,9,1,"FOR THE PROPOSITION - YES",,4,2,25,31,,
1/12/2016,"620053","CITY OF ADA",46201,"PROPOSITION  CITY OF ADA",,9,9,2,"AGAINST THE PROPOSITION - NO",,6,5,121,132,,
1/12/2016,"620055","CITY OF ADA",46201,"PROPOSITION  CITY OF ADA",,9,9,1,"FOR THE PROPOSITION - YES",,0,0,0,0,,
1/12/2016,"620055","CITY OF ADA",46201,"PROPOSITION  CITY OF ADA",,9,9,2,"AGAINST THE PROPOSITION - NO",,2,0,0,2,,
1/12/2016,"620060","CITY OF ADA",46201,"PROPOSITION  CITY OF ADA",,9,9,1,"FOR THE PROPOSITION - YES",,0,0,0,0,,
1/12/2016,"620060","CITY OF ADA",46201,"PROPOSITION  CITY OF ADA",,9,9,2,"AGAINST THE PROPOSITION - NO",,0,0,0,0,,
1/12/2016,"630027","LITTLE AXE PUBLIC SCHOOLS INDEPENDENT SCHOOL DISTRICT NO. 070",51401,"PROPOSITION  LITTLE AXE PUBLIC SCHOOLS",,7,7,1,"FOR THE PROPOSITION - YES",,0,0,0,0,,
1/12/2016,"630027","LITTLE AXE PUBLIC SCHOOLS INDEPENDENT SCHOOL DISTRICT NO. 070",51401,"PROPOSITION  LITTLE AXE PUBLIC SCHOOLS",,7,7,2,"AGAINST THE PROPOSITION - NO",,0,0,0,0,,
1/12/2016,"630031","EASTERN OKLAHOMA TECH CENTER DISTRICT NO. 23",55501,"PROPOSITION  EASTERN OKLAHOMA TECH CENTER",,40,40,1,"FOR THE PROPOSITION - YES",,0,0,1,1,,
1/12/2016,"630031","EASTERN OKLAHOMA TECH CENTER DISTRICT NO. 23",55501,"PROPOSITION  EASTERN OKLAHOMA TECH CENTER",,40,40,2,"AGAINST THE PROPOSITION - NO",,0,0,2,2,,
1/12/2016,"660021","FEDERAL, STATE AND COUNTY",10001,"FOR STATE SENATOR DISTRICT 34 (UNEXPIRED TERM)",,35,35,1,"J. J. DOSSETT",DEM,2,0,17,19,,
1/12/2016,"660021","FEDERAL, STATE AND COUNTY",10001,"FOR STATE SENATOR DISTRICT 34 (UNEXPIRED TERM)",,35,35,2,"DAVID L. McLAIN",REP,4,0,7,11,,
1/12/2016,"720021","FEDERAL, STATE AND COUNTY",10001,"FOR STATE SENATOR DISTRICT 34 (UNEXPIRED TERM)",,35,35,1,"J. J. DOSSETT",DEM,0,0,9,9,,
1/12/2016,"720021","FEDERAL, STATE AND COUNTY",10001,"FOR STATE SENATOR DISTRICT 34 (UNEXPIRED TERM)",,35,35,2,"DAVID L. McLAIN",REP,0,0,6,6,,
1/12/2016,"720022","FEDERAL, STATE AND COUNTY",10001,"FOR STATE SENATOR DISTRICT 34 (UNEXPIRED TERM)",,35,35,1,"J. J. DOSSETT",DEM,0,0,41,41,,
1/12/2016,"720022","FEDERAL, STATE AND COUNTY",10001,"FOR STATE SENATOR DISTRICT 34 (UNEXPIRED TERM)",,35,35,2,"DAVID L. McLAIN",REP,0,0,27,27,,
1/12/2016,"720023","FEDERAL, STATE AND COUNTY",10001,"FOR STATE SENATOR DISTRICT 34 (UNEXPIRED TERM)",,35,35,1,"J. J. DOSSETT",DEM,0,0,8,8,,
1/12/2016,"720023","FEDERAL, STATE AND COUNTY",10001,"FOR STATE SENATOR DISTRICT 34 (UNEXPIRED TERM)",,35,35,2,"DAVID L. McLAIN",REP,0,0,18,18,,
1/12/2016,"720024","FEDERAL, STATE AND COUNTY",10001,"FOR STATE SENATOR DISTRICT 34 (UNEXPIRED TERM)",,35,35,1,"J. J. DOSSETT",DEM,0,0,31,31,,
1/12/2016,"720024","FEDERAL, STATE AND COUNTY",10001,"FOR STATE SENATOR DISTRICT 34 (UNEXPIRED TERM)",,35,35,2,"DAVID L. McLAIN",REP,0,0,18,18,,
1/12/2016,"720028","FEDERAL, STATE AND COUNTY",10001,"FOR STATE SENATOR DISTRICT 34 (UNEXPIRED TERM)",,35,35,1,"J. J. DOSSETT",DEM,0,0,17,17,,
1/12/2016,"720028","FEDERAL, STATE AND COUNTY",10001,"FOR STATE SENATOR DISTRICT 34 (UNEXPIRED TERM)",,35,35,2,"DAVID L. McLAIN",REP,0,0,20,20,,
1/12/2016,"720029","FEDERAL, STATE AND COUNTY",10001,"FOR STATE SENATOR DISTRICT 34 (UNEXPIRED TERM)",,35,35,1,"J. J. DOSSETT",DEM,0,0,25,25,,
1/12/2016,"720029","FEDERAL, STATE AND COUNTY",10001,"FOR STATE SENATOR DISTRICT 34 (UNEXPIRED TERM)",,35,35,2,"DAVID L. McLAIN",REP,0,0,13,13,,
1/12/2016,"720040","FEDERAL, STATE AND COUNTY",10001,"FOR STATE SENATOR DISTRICT 34 (UNEXPIRED TERM)",,35,35,1,"J. J. DOSSETT",DEM,0,0,7,7,,
1/12/2016,"720040","FEDERAL, STATE AND COUNTY",10001,"FOR STATE SENATOR DISTRICT 34 (UNEXPIRED TERM)",,35,35,2,"DAVID L. McLAIN",REP,0,0,11,11,,
1/12/2016,"720041","FEDERAL, STATE AND COUNTY",10001,"FOR STATE SENATOR DISTRICT 34 (UNEXPIRED TERM)",,35,35,1,"J. J. DOSSETT",DEM,0,0,2,2,,
1/12/2016,"720041","FEDERAL, STATE AND COUNTY",10001,"FOR STATE SENATOR DISTRICT 34 (UNEXPIRED TERM)",,35,35,2,"DAVID L. McLAIN",REP,0,0,21,21,,
1/12/2016,"720042","FEDERAL, STATE AND COUNTY",10001,"FOR STATE SENATOR DISTRICT 34 (UNEXPIRED TERM)",,35,35,1,"J. J. DOSSETT",DEM,0,0,11,11,,
1/12/2016,"720042","FEDERAL, STATE AND COUNTY",10001,"FOR STATE SENATOR DISTRICT 34 (UNEXPIRED TERM)",,35,35,2,"DAVID L. McLAIN",REP,0,0,11,11,,
1/12/2016,"720043","FEDERAL, STATE AND COUNTY",10001,"FOR STATE SENATOR DISTRICT 34 (UNEXPIRED TERM)",,35,35,1,"J. J. DOSSETT",DEM,0,0,17,17,,
1/12/2016,"720043","FEDERAL, STATE AND COUNTY",10001,"FOR STATE SENATOR DISTRICT 34 (UNEXPIRED TERM)",,35,35,2,"DAVID L. McLAIN",REP,0,0,29,29,,
1/12/2016,"720044","FEDERAL, STATE AND COUNTY",10001,"FOR STATE SENATOR DISTRICT 34 (UNEXPIRED TERM)",,35,35,1,"J. J. DOSSETT",DEM,0,0,28,28,,
1/12/2016,"720044","FEDERAL, STATE AND COUNTY",10001,"FOR STATE SENATOR DISTRICT 34 (UNEXPIRED TERM)",,35,35,2,"DAVID L. McLAIN",REP,0,0,43,43,,
1/12/2016,"720053","FEDERAL, STATE AND COUNTY",10001,"FOR STATE SENATOR DISTRICT 34 (UNEXPIRED TERM)",,35,35,1,"J. J. DOSSETT",DEM,0,0,45,45,,
1/12/2016,"720053","FEDERAL, STATE AND COUNTY",10001,"FOR STATE SENATOR DISTRICT 34 (UNEXPIRED TERM)",,35,35,2,"DAVID L. McLAIN",REP,0,0,47,47,,
1/12/2016,"720058","FEDERAL, STATE AND COUNTY",10001,"FOR STATE SENATOR DISTRICT 34 (UNEXPIRED TERM)",,35,35,1,"J. J. DOSSETT",DEM,0,0,19,19,,
1/12/2016,"720058","FEDERAL, STATE AND COUNTY",10001,"FOR STATE SENATOR DISTRICT 34 (UNEXPIRED TERM)",,35,35,2,"DAVID L. McLAIN",REP,0,0,35,35,,
1/12/2016,"720059","FEDERAL, STATE AND COUNTY",10001,"FOR STATE SENATOR DISTRICT 34 (UNEXPIRED TERM)",,35,35,1,"J. J. DOSSETT",DEM,0,0,24,24,,
1/12/2016,"720059","FEDERAL, STATE AND COUNTY",10001,"FOR STATE SENATOR DISTRICT 34 (UNEXPIRED TERM)",,35,35,2,"DAVID L. McLAIN",REP,0,0,28,28,,
1/12/2016,"720070","FEDERAL, STATE AND COUNTY",10001,"FOR STATE SENATOR DISTRICT 34 (UNEXPIRED TERM)",,35,35,1,"J. J. DOSSETT",DEM,0,0,12,12,,
1/12/2016,"720070","FEDERAL, STATE AND COUNTY",10001,"FOR STATE SENATOR DISTRICT 34 (UNEXPIRED TERM)",,35,35,2,"DAVID L. McLAIN",REP,0,0,10,10,,
1/12/2016,"720501","FEDERAL, STATE AND COUNTY",10001,"FOR STATE SENATOR DISTRICT 34 (UNEXPIRED TERM)",,35,35,1,"J. J. DOSSETT",DEM,0,0,52,52,,
1/12/2016,"720501","FEDERAL, STATE AND COUNTY",10001,"FOR STATE SENATOR DISTRICT 34 (UNEXPIRED TERM)",,35,35,2,"DAVID L. McLAIN",REP,0,0,44,44,,
1/12/2016,"720502","FEDERAL, STATE AND COUNTY",10001,"FOR STATE SENATOR DISTRICT 34 (UNEXPIRED TERM)",,35,35,1,"J. J. DOSSETT",DEM,0,0,96,96,,
1/12/2016,"720502","FEDERAL, STATE AND COUNTY",10001,"FOR STATE SENATOR DISTRICT 34 (UNEXPIRED TERM)",,35,35,2,"DAVID L. McLAIN",REP,0,0,56,56,,
1/12/2016,"720503","FEDERAL, STATE AND COUNTY",10001,"FOR STATE SENATOR DISTRICT 34 (UNEXPIRED TERM)",,35,35,1,"J. J. DOSSETT",DEM,0,0,77,77,,
1/12/2016,"720503","FEDERAL, STATE AND COUNTY",10001,"FOR STATE SENATOR DISTRICT 34 (UNEXPIRED TERM)",,35,35,2,"DAVID L. McLAIN",REP,0,0,46,46,,
1/12/2016,"720504","FEDERAL, STATE AND COUNTY",10001,"FOR STATE SENATOR DISTRICT 34 (UNEXPIRED TERM)",,35,35,1,"J. J. DOSSETT",DEM,0,0,139,139,,
1/12/2016,"720504","FEDERAL, STATE AND COUNTY",10001,"FOR STATE SENATOR DISTRICT 34 (UNEXPIRED TERM)",,35,35,2,"DAVID L. McLAIN",REP,0,0,65,65,,
1/12/2016,"720551","FEDERAL, STATE AND COUNTY",10001,"FOR STATE SENATOR DISTRICT 34 (UNEXPIRED TERM)",,35,35,1,"J. J. DOSSETT",DEM,0,0,12,12,,
1/12/2016,"720551","FEDERAL, STATE AND COUNTY",10001,"FOR STATE SENATOR DISTRICT 34 (UNEXPIRED TERM)",,35,35,2,"DAVID L. McLAIN",REP,0,0,13,13,,
1/12/2016,"720552","FEDERAL, STATE AND COUNTY",10001,"FOR STATE SENATOR DISTRICT 34 (UNEXPIRED TERM)",,35,35,1,"J. J. DOSSETT",DEM,0,0,39,39,,
1/12/2016,"720552","FEDERAL, STATE AND COUNTY",10001,"FOR STATE SENATOR DISTRICT 34 (UNEXPIRED TERM)",,35,35,2,"DAVID L. McLAIN",REP,0,0,30,30,,
1/12/2016,"720553","FEDERAL, STATE AND COUNTY",10001,"FOR STATE SENATOR DISTRICT 34 (UNEXPIRED TERM)",,35,35,1,"J. J. DOSSETT",DEM,0,0,23,23,,
1/12/2016,"720553","FEDERAL, STATE AND COUNTY",10001,"FOR STATE SENATOR DISTRICT 34 (UNEXPIRED TERM)",,35,35,2,"DAVID L. McLAIN",REP,0,0,18,18,,
1/12/2016,"720750","FEDERAL, STATE AND COUNTY",10001,"FOR STATE SENATOR DISTRICT 34 (UNEXPIRED TERM)",,35,35,1,"J. J. DOSSETT",DEM,0,0,104,104,,
1/12/2016,"720750","FEDERAL, STATE AND COUNTY",10001,"FOR STATE SENATOR DISTRICT 34 (UNEXPIRED TERM)",,35,35,2,"DAVID L. McLAIN",REP,0,0,115,115,,
1/12/2016,"720751","FEDERAL, STATE AND COUNTY",10001,"FOR STATE SENATOR DISTRICT 34 (UNEXPIRED TERM)",,35,35,1,"J. J. DOSSETT",DEM,0,0,154,154,,
1/12/2016,"720751","FEDERAL, STATE AND COUNTY",10001,"FOR STATE SENATOR DISTRICT 34 (UNEXPIRED TERM)",,35,35,2,"DAVID L. McLAIN",REP,0,0,108,108,,
1/12/2016,"720752","FEDERAL, STATE AND COUNTY",10001,"FOR STATE SENATOR DISTRICT 34 (UNEXPIRED TERM)",,35,35,1,"J. J. DOSSETT",DEM,0,0,114,114,,
1/12/2016,"720752","FEDERAL, STATE AND COUNTY",10001,"FOR STATE SENATOR DISTRICT 34 (UNEXPIRED TERM)",,35,35,2,"DAVID L. McLAIN",REP,0,0,77,77,,
1/12/2016,"720753","FEDERAL, STATE AND COUNTY",10001,"FOR STATE SENATOR DISTRICT 34 (UNEXPIRED TERM)",,35,35,1,"J. J. DOSSETT",DEM,0,0,110,110,,
1/12/2016,"720753","FEDERAL, STATE AND COUNTY",10001,"FOR STATE SENATOR DISTRICT 34 (UNEXPIRED TERM)",,35,35,2,"DAVID L. McLAIN",REP,0,0,42,42,,
1/12/2016,"720754","FEDERAL, STATE AND COUNTY",10001,"FOR STATE SENATOR DISTRICT 34 (UNEXPIRED TERM)",,35,35,1,"J. J. DOSSETT",DEM,0,0,155,155,,
1/12/2016,"720754","FEDERAL, STATE AND COUNTY",10001,"FOR STATE SENATOR DISTRICT 34 (UNEXPIRED TERM)",,35,35,2,"DAVID L. McLAIN",REP,0,0,99,99,,
1/12/2016,"720755","FEDERAL, STATE AND COUNTY",10001,"FOR STATE SENATOR DISTRICT 34 (UNEXPIRED TERM)",,35,35,1,"J. J. DOSSETT",DEM,0,0,196,196,,
1/12/2016,"720755","FEDERAL, STATE AND COUNTY",10001,"FOR STATE SENATOR DISTRICT 34 (UNEXPIRED TERM)",,35,35,2,"DAVID L. McLAIN",REP,0,0,120,120,,
1/12/2016,"720756","FEDERAL, STATE AND COUNTY",10001,"FOR STATE SENATOR DISTRICT 34 (UNEXPIRED TERM)",,35,35,1,"J. J. DOSSETT",DEM,0,0,9,9,,
1/12/2016,"720756","FEDERAL, STATE AND COUNTY",10001,"FOR STATE SENATOR DISTRICT 34 (UNEXPIRED TERM)",,35,35,2,"DAVID L. McLAIN",REP,0,0,7,7,,
1/12/2016,"720757","FEDERAL, STATE AND COUNTY",10001,"FOR STATE SENATOR DISTRICT 34 (UNEXPIRED TERM)",,35,35,1,"J. J. DOSSETT",DEM,0,0,234,234,,
1/12/2016,"720757","FEDERAL, STATE AND COUNTY",10001,"FOR STATE SENATOR DISTRICT 34 (UNEXPIRED TERM)",,35,35,2,"DAVID L. McLAIN",REP,0,0,188,188,,
1/12/2016,"720758","FEDERAL, STATE AND COUNTY",10001,"FOR STATE SENATOR DISTRICT 34 (UNEXPIRED TERM)",,35,35,1,"J. J. DOSSETT",DEM,0,0,50,50,,
1/12/2016,"720758","FEDERAL, STATE AND COUNTY",10001,"FOR STATE SENATOR DISTRICT 34 (UNEXPIRED TERM)",,35,35,2,"DAVID L. McLAIN",REP,0,0,16,16,,
1/12/2016,"720759","FEDERAL, STATE AND COUNTY",10001,"FOR STATE SENATOR DISTRICT 34 (UNEXPIRED TERM)",,35,35,1,"J. J. DOSSETT",DEM,0,0,131,131,,
1/12/2016,"720759","FEDERAL, STATE AND COUNTY",10001,"FOR STATE SENATOR DISTRICT 34 (UNEXPIRED TERM)",,35,35,2,"DAVID L. McLAIN",REP,0,0,53,53,,
1/12/2016,"720760","FEDERAL, STATE AND COUNTY",10001,"FOR STATE SENATOR DISTRICT 34 (UNEXPIRED TERM)",,35,35,1,"J. J. DOSSETT",DEM,0,0,51,51,,
1/12/2016,"720760","FEDERAL, STATE AND COUNTY",10001,"FOR STATE SENATOR DISTRICT 34 (UNEXPIRED TERM)",,35,35,2,"DAVID L. McLAIN",REP,0,0,59,59,,
1/12/2016,"720900","FEDERAL, STATE AND COUNTY",10001,"FOR STATE SENATOR DISTRICT 34 (UNEXPIRED TERM)",,35,35,1,"J. J. DOSSETT",DEM,0,0,41,41,,
1/12/2016,"720900","FEDERAL, STATE AND COUNTY",10001,"FOR STATE SENATOR DISTRICT 34 (UNEXPIRED TERM)",,35,35,2,"DAVID L. McLAIN",REP,0,0,115,115,,
1/12/2016,"729999","FEDERAL, STATE AND COUNTY",10001,"FOR STATE SENATOR DISTRICT 34 (UNEXPIRED TERM)",,35,35,1,"J. J. DOSSETT",DEM,55,16,0,71,,
1/12/2016,"729999","FEDERAL, STATE AND COUNTY",10001,"FOR STATE SENATOR DISTRICT 34 (UNEXPIRED TERM)",,35,35,2,"DAVID L. McLAIN",REP,62,6,0,68,,
