elec_date,county,entity_description,race_number,race_description,race_party,tot_race_prec,race_prec_reporting,cand_number,cand_name,cand_party,cand_absmail_votes,cand_early_votes,cand_elecday_votes,cand_tot_votes,race_county_owner
9/12/2017,"ALFALFA","CHEROKEE PUBLIC SCHOOLS INDEPENDENT SCHOOL DISTRICT NO. 046",50201,"PROPOSITION  CHEROKEE PUBLIC SCHOOLS",,4,4,1,"FOR THE PROPOSITION - YES",,4,63,215,282,,
9/12/2017,"ALFALFA","CHEROKEE PUBLIC SCHOOLS INDEPENDENT SCHOOL DISTRICT NO. 046",50201,"PROPOSITION  CHEROKEE PUBLIC SCHOOLS",,4,4,2,"AGAINST THE PROPOSITION - NO",,6,14,119,139,,
9/12/2017,"BLAINE","TOWN OF HITCHCOCK",40601,"FOR BOARD OF TRUSTEES (UNEXPIRED TERM)  TOWN OF HITCHCOCK",,1,1,1,"ROBERT GESHEL",,1,0,6,7,BLAINE
9/12/2017,"BLAINE","TOWN OF HITCHCOCK",40601,"FOR BOARD OF TRUSTEES (UNEXPIRED TERM)  TOWN OF HITCHCOCK",,1,1,2,"MERADITH HURSH NORRIS",,0,0,19,19,BLAINE
9/12/2017,"BLAINE","TOWN OF HITCHCOCK",40601,"FOR BOARD OF TRUSTEES (UNEXPIRED TERM)  TOWN OF HITCHCOCK",,1,1,3,"KAREN BIERS",,1,0,13,14,BLAINE
9/12/2017,"BRYAN","SILO PUBLIC SCHOOLS INDEPENDENT SCHOOL DISTRICT NO. 001",50701,"PROPOSITION  SILO PUBLIC SCHOOLS",,7,7,1,"FOR THE PROPOSITION - YES",,7,39,753,799,,
9/12/2017,"BRYAN","SILO PUBLIC SCHOOLS INDEPENDENT SCHOOL DISTRICT NO. 001",50701,"PROPOSITION  SILO PUBLIC SCHOOLS",,7,7,2,"AGAINST THE PROPOSITION - NO",,6,14,389,409,,
9/12/2017,"CADDO","TOWN OF CEMENT",40801,"PROPOSITION  TOWN OF CEMENT",,1,1,1,"FOR THE PROPOSITION - YES",,0,0,20,20,,
9/12/2017,"CADDO","TOWN OF CEMENT",40801,"PROPOSITION  TOWN OF CEMENT",,1,1,2,"AGAINST THE PROPOSITION - NO",,0,0,1,1,,
9/12/2017,"CANADIAN","CITY OF OKLAHOMA CITY",45501,"PROPOSITION NO. 1 (STREETS)  CITY OF OKLAHOMA CITY",,22,22,1,"FOR THE PROPOSITION - YES",,113,10,2427,2550,,
9/12/2017,"CANADIAN","CITY OF OKLAHOMA CITY",45501,"PROPOSITION NO. 1 (STREETS)  CITY OF OKLAHOMA CITY",,22,22,2,"AGAINST THE PROPOSITION - NO",,80,2,776,858,,
9/12/2017,"CANADIAN","CITY OF OKLAHOMA CITY",45502,"PROPOSITION NO. 2 (BRIDGES)  CITY OF OKLAHOMA CITY",,22,22,1,"FOR THE PROPOSITION - YES",,117,10,2454,2581,,
9/12/2017,"CANADIAN","CITY OF OKLAHOMA CITY",45502,"PROPOSITION NO. 2 (BRIDGES)  CITY OF OKLAHOMA CITY",,22,22,2,"AGAINST THE PROPOSITION - NO",,76,2,751,829,,
9/12/2017,"CANADIAN","CITY OF OKLAHOMA CITY",45503,"PROPOSITION NO. 3 (TRAFFIC CONTROL SYSTEM)  CITY OF OKLAHOMA CITY",,22,22,1,"FOR THE PROPOSITION - YES",,87,8,2143,2238,,
9/12/2017,"CANADIAN","CITY OF OKLAHOMA CITY",45503,"PROPOSITION NO. 3 (TRAFFIC CONTROL SYSTEM)  CITY OF OKLAHOMA CITY",,22,22,2,"AGAINST THE PROPOSITION - NO",,104,4,1045,1153,,
9/12/2017,"CANADIAN","CITY OF OKLAHOMA CITY",45504,"PROPOSITION NO. 4 (ECONOMIC AND COMMUNITY DEVELOPMENT INCLUDING JOB CREATION PROGRAMS)  CITY OF OKLA",,22,22,1,"FOR THE PROPOSITION - YES",,71,5,1758,1834,,
9/12/2017,"CANADIAN","CITY OF OKLAHOMA CITY",45504,"PROPOSITION NO. 4 (ECONOMIC AND COMMUNITY DEVELOPMENT INCLUDING JOB CREATION PROGRAMS)  CITY OF OKLA",,22,22,2,"AGAINST THE PROPOSITION - NO",,120,6,1406,1532,,
9/12/2017,"CANADIAN","CITY OF OKLAHOMA CITY",45505,"PROPOSITION NO. 5 (PARKS AND RECREATIONAL FACILITIES)  CITY OF OKLAHOMA CITY",,22,22,1,"FOR THE PROPOSITION - YES",,78,8,1897,1983,,
9/12/2017,"CANADIAN","CITY OF OKLAHOMA CITY",45505,"PROPOSITION NO. 5 (PARKS AND RECREATIONAL FACILITIES)  CITY OF OKLAHOMA CITY",,22,22,2,"AGAINST THE PROPOSITION - NO",,115,4,1236,1355,,
9/12/2017,"CANADIAN","CITY OF OKLAHOMA CITY",45506,"PROPOSITION NO. 6 (LIBRARIES)  CITY OF OKLAHOMA CITY",,22,22,1,"FOR THE PROPOSITION - YES",,81,8,1909,1998,,
9/12/2017,"CANADIAN","CITY OF OKLAHOMA CITY",45506,"PROPOSITION NO. 6 (LIBRARIES)  CITY OF OKLAHOMA CITY",,22,22,2,"AGAINST THE PROPOSITION - NO",,112,4,1280,1396,,
9/12/2017,"CANADIAN","CITY OF OKLAHOMA CITY",45507,"PROPOSITION NO. 7 (CIVIC CENTER COMPLEX)  CITY OF OKLAHOMA CITY",,22,22,1,"FOR THE PROPOSITION - YES",,68,6,1674,1748,,
9/12/2017,"CANADIAN","CITY OF OKLAHOMA CITY",45507,"PROPOSITION NO. 7 (CIVIC CENTER COMPLEX)  CITY OF OKLAHOMA CITY",,22,22,2,"AGAINST THE PROPOSITION - NO",,124,5,1501,1630,,
9/12/2017,"CANADIAN","CITY OF OKLAHOMA CITY",45508,"PROPOSITION NO. 8 (TRANSIT)  CITY OF OKLAHOMA CITY",,22,22,1,"FOR THE PROPOSITION - YES",,85,6,1857,1948,,
9/12/2017,"CANADIAN","CITY OF OKLAHOMA CITY",45508,"PROPOSITION NO. 8 (TRANSIT)  CITY OF OKLAHOMA CITY",,22,22,2,"AGAINST THE PROPOSITION - NO",,108,6,1329,1443,,
9/12/2017,"CANADIAN","CITY OF OKLAHOMA CITY",45509,"PROPOSITION NO. 9 (CENTRAL MAINTENANCE FACILITIES COMPLEX)  CITY OF OKLAHOMA CITY",,22,22,1,"FOR THE PROPOSITION - YES",,83,7,1823,1913,,
9/12/2017,"CANADIAN","CITY OF OKLAHOMA CITY",45509,"PROPOSITION NO. 9 (CENTRAL MAINTENANCE FACILITIES COMPLEX)  CITY OF OKLAHOMA CITY",,22,22,2,"AGAINST THE PROPOSITION - NO",,104,5,1230,1339,,
9/12/2017,"CANADIAN","CITY OF OKLAHOMA CITY",45510,"PROPOSITION NO. 10 (DRAINAGE CONTROL SYSTEM)  CITY OF OKLAHOMA CITY",,22,22,1,"FOR THE PROPOSITION - YES",,101,9,2111,2221,,
9/12/2017,"CANADIAN","CITY OF OKLAHOMA CITY",45510,"PROPOSITION NO. 10 (DRAINAGE CONTROL SYSTEM)  CITY OF OKLAHOMA CITY",,22,22,2,"AGAINST THE PROPOSITION - NO",,85,2,925,1012,,
9/12/2017,"CANADIAN","CITY OF OKLAHOMA CITY",45511,"PROPOSITION NO. 11 (DOWNTOWN CITY ARENA)  CITY OF OKLAHOMA CITY",,22,22,1,"FOR THE PROPOSITION - YES",,57,6,1545,1608,,
9/12/2017,"CANADIAN","CITY OF OKLAHOMA CITY",45511,"PROPOSITION NO. 11 (DOWNTOWN CITY ARENA)  CITY OF OKLAHOMA CITY",,22,22,2,"AGAINST THE PROPOSITION - NO",,128,5,1475,1608,,
9/12/2017,"CANADIAN","CITY OF OKLAHOMA CITY",45512,"PROPOSITION NO. 12 (POLICE)  CITY OF OKLAHOMA CITY",,22,22,1,"FOR THE PROPOSITION - YES",,115,9,2271,2395,,
9/12/2017,"CANADIAN","CITY OF OKLAHOMA CITY",45512,"PROPOSITION NO. 12 (POLICE)  CITY OF OKLAHOMA CITY",,22,22,2,"AGAINST THE PROPOSITION - NO",,72,3,794,869,,
9/12/2017,"CANADIAN","CITY OF OKLAHOMA CITY",45513,"PROPOSITION NO. 13 (FIRE)  CITY OF OKLAHOMA CITY",,22,22,1,"FOR THE PROPOSITION - YES",,113,10,2300,2423,,
9/12/2017,"CANADIAN","CITY OF OKLAHOMA CITY",45513,"PROPOSITION NO. 13 (FIRE)  CITY OF OKLAHOMA CITY",,22,22,2,"AGAINST THE PROPOSITION - NO",,74,2,760,836,,
9/12/2017,"CANADIAN","YUKON PUBLIC SCHOOLS INDEPENDENT SCHOOL DISTRICT NO. 027",50901,"PROPOSITION NO. 1  YUKON PUBLIC SCHOOLS",,20,20,1,"FOR THE PROPOSITION - YES",,68,9,2695,2772,,
9/12/2017,"CANADIAN","YUKON PUBLIC SCHOOLS INDEPENDENT SCHOOL DISTRICT NO. 027",50901,"PROPOSITION NO. 1  YUKON PUBLIC SCHOOLS",,20,20,2,"AGAINST THE PROPOSITION - NO",,79,1,859,939,,
9/12/2017,"CANADIAN","YUKON PUBLIC SCHOOLS INDEPENDENT SCHOOL DISTRICT NO. 027",50902,"PROPOSITION NO. 2  YUKON PUBLIC SCHOOLS",,20,20,1,"FOR THE PROPOSITION - YES",,69,9,2629,2707,,
9/12/2017,"CANADIAN","YUKON PUBLIC SCHOOLS INDEPENDENT SCHOOL DISTRICT NO. 027",50902,"PROPOSITION NO. 2  YUKON PUBLIC SCHOOLS",,20,20,2,"AGAINST THE PROPOSITION - NO",,78,1,912,991,,
9/12/2017,"CANADIAN","CITY OF OKC",60551,"ORDINANCE NO. 25,750  CITY OF OKC",,22,22,1,"FOR THE PROPOSITION - YES",,71,6,1742,1819,,
9/12/2017,"CANADIAN","CITY OF OKC",60551,"ORDINANCE NO. 25,750  CITY OF OKC",,22,22,2,"AGAINST THE PROPOSITION - NO",,121,6,1450,1577,,
9/12/2017,"CANADIAN","CITY OF OKC",60552,"ORDINANCE NO. 25,751  CITY OF OKC",,22,22,1,"FOR THE PROPOSITION - YES",,79,6,1864,1949,,
9/12/2017,"CANADIAN","CITY OF OKC",60552,"ORDINANCE NO. 25,751  CITY OF OKC",,22,22,2,"AGAINST THE PROPOSITION - NO",,112,6,1335,1453,,
9/12/2017,"CARTER","CITY OF ARDMORE",41001,"PROPOSITION  CITY OF ARDMORE",,14,14,1,"FOR THE PROPOSITION - YES",,26,18,141,185,,
9/12/2017,"CARTER","CITY OF ARDMORE",41001,"PROPOSITION  CITY OF ARDMORE",,14,14,2,"AGAINST THE PROPOSITION - NO",,13,10,124,147,,
9/12/2017,"CARTER","VELMA-ALMA PUBLIC SCHOOLS INDEPENDENT SCHOOL DISTRICT NO. 015",56901,"PROPOSITION  VELMA-ALMA PUBLIC SCHOOLS",,1,1,1,"FOR THE PROPOSITION - YES",,0,0,0,0,,
9/12/2017,"CARTER","VELMA-ALMA PUBLIC SCHOOLS INDEPENDENT SCHOOL DISTRICT NO. 015",56901,"PROPOSITION  VELMA-ALMA PUBLIC SCHOOLS",,1,1,2,"AGAINST THE PROPOSITION - NO",,0,0,0,0,,
9/12/2017,"CHEROKEE","KEYS PUBLIC SCHOOLS INDEPENDENT SCHOOL DISTRICT NO. 006",51101,"PROPOSITION  KEYS PUBLIC SCHOOLS",,4,4,1,"FOR THE PROPOSITION - YES",,0,1,153,154,,
9/12/2017,"CHEROKEE","KEYS PUBLIC SCHOOLS INDEPENDENT SCHOOL DISTRICT NO. 006",51101,"PROPOSITION  KEYS PUBLIC SCHOOLS",,4,4,2,"AGAINST THE PROPOSITION - NO",,0,3,110,113,,
9/12/2017,"CLEVELAND","CLEVELAND COUNTY",10002,"FOR STATE REPRESENTATIVE DISTRICT 46 (UNEXPIRED TERM)",,16,16,1,"DARIN CHAMBERS",REP,203,65,1814,2082,,
9/12/2017,"CLEVELAND","CLEVELAND COUNTY",10002,"FOR STATE REPRESENTATIVE DISTRICT 46 (UNEXPIRED TERM)",,16,16,2,"JACOB ROSECRANTS",DEM,241,104,2834,3179,,
9/12/2017,"CLEVELAND","CITY OF OKLAHOMA CITY",45501,"PROPOSITION NO. 1 (STREETS)  CITY OF OKLAHOMA CITY",,26,26,1,"FOR THE PROPOSITION - YES",,331,25,3210,3566,,
9/12/2017,"CLEVELAND","CITY OF OKLAHOMA CITY",45501,"PROPOSITION NO. 1 (STREETS)  CITY OF OKLAHOMA CITY",,26,26,2,"AGAINST THE PROPOSITION - NO",,245,6,1754,2005,,
9/12/2017,"CLEVELAND","CITY OF OKLAHOMA CITY",45502,"PROPOSITION NO. 2 (BRIDGES)  CITY OF OKLAHOMA CITY",,26,26,1,"FOR THE PROPOSITION - YES",,348,24,3303,3675,,
9/12/2017,"CLEVELAND","CITY OF OKLAHOMA CITY",45502,"PROPOSITION NO. 2 (BRIDGES)  CITY OF OKLAHOMA CITY",,26,26,2,"AGAINST THE PROPOSITION - NO",,228,7,1667,1902,,
9/12/2017,"CLEVELAND","CITY OF OKLAHOMA CITY",45503,"PROPOSITION NO. 3 (TRAFFIC CONTROL SYSTEM)  CITY OF OKLAHOMA CITY",,26,26,1,"FOR THE PROPOSITION - YES",,271,23,2846,3140,,
9/12/2017,"CLEVELAND","CITY OF OKLAHOMA CITY",45503,"PROPOSITION NO. 3 (TRAFFIC CONTROL SYSTEM)  CITY OF OKLAHOMA CITY",,26,26,2,"AGAINST THE PROPOSITION - NO",,305,8,2109,2422,,
9/12/2017,"CLEVELAND","CITY OF OKLAHOMA CITY",45504,"PROPOSITION NO. 4 (ECONOMIC AND COMMUNITY DEVELOPMENT INCLUDING JOB CREATION PROGRAMS)  CITY OF OKLA",,26,26,1,"FOR THE PROPOSITION - YES",,199,18,2288,2505,,
9/12/2017,"CLEVELAND","CITY OF OKLAHOMA CITY",45504,"PROPOSITION NO. 4 (ECONOMIC AND COMMUNITY DEVELOPMENT INCLUDING JOB CREATION PROGRAMS)  CITY OF OKLA",,26,26,2,"AGAINST THE PROPOSITION - NO",,352,13,2623,2988,,
9/12/2017,"CLEVELAND","CITY OF OKLAHOMA CITY",45505,"PROPOSITION NO. 5 (PARKS AND RECREATIONAL FACILITIES)  CITY OF OKLAHOMA CITY",,26,26,1,"FOR THE PROPOSITION - YES",,230,21,2530,2781,,
9/12/2017,"CLEVELAND","CITY OF OKLAHOMA CITY",45505,"PROPOSITION NO. 5 (PARKS AND RECREATIONAL FACILITIES)  CITY OF OKLAHOMA CITY",,26,26,2,"AGAINST THE PROPOSITION - NO",,318,10,2376,2704,,
9/12/2017,"CLEVELAND","CITY OF OKLAHOMA CITY",45506,"PROPOSITION NO. 6 (LIBRARIES)  CITY OF OKLAHOMA CITY",,26,26,1,"FOR THE PROPOSITION - YES",,239,20,2488,2747,,
9/12/2017,"CLEVELAND","CITY OF OKLAHOMA CITY",45506,"PROPOSITION NO. 6 (LIBRARIES)  CITY OF OKLAHOMA CITY",,26,26,2,"AGAINST THE PROPOSITION - NO",,300,11,2349,2660,,
9/12/2017,"CLEVELAND","CITY OF OKLAHOMA CITY",45507,"PROPOSITION NO. 7 (CIVIC CENTER COMPLEX)  CITY OF OKLAHOMA CITY",,26,26,1,"FOR THE PROPOSITION - YES",,204,20,2181,2405,,
9/12/2017,"CLEVELAND","CITY OF OKLAHOMA CITY",45507,"PROPOSITION NO. 7 (CIVIC CENTER COMPLEX)  CITY OF OKLAHOMA CITY",,26,26,2,"AGAINST THE PROPOSITION - NO",,347,11,2714,3072,,
9/12/2017,"CLEVELAND","CITY OF OKLAHOMA CITY",45508,"PROPOSITION NO. 8 (TRANSIT)  CITY OF OKLAHOMA CITY",,26,26,1,"FOR THE PROPOSITION - YES",,236,18,2437,2691,,
9/12/2017,"CLEVELAND","CITY OF OKLAHOMA CITY",45508,"PROPOSITION NO. 8 (TRANSIT)  CITY OF OKLAHOMA CITY",,26,26,2,"AGAINST THE PROPOSITION - NO",,310,13,2416,2739,,
9/12/2017,"CLEVELAND","CITY OF OKLAHOMA CITY",45509,"PROPOSITION NO. 9 (CENTRAL MAINTENANCE FACILITIES COMPLEX)  CITY OF OKLAHOMA CITY",,26,26,1,"FOR THE PROPOSITION - YES",,259,21,2586,2866,,
9/12/2017,"CLEVELAND","CITY OF OKLAHOMA CITY",45509,"PROPOSITION NO. 9 (CENTRAL MAINTENANCE FACILITIES COMPLEX)  CITY OF OKLAHOMA CITY",,26,26,2,"AGAINST THE PROPOSITION - NO",,301,10,2359,2670,,
9/12/2017,"CLEVELAND","CITY OF OKLAHOMA CITY",45510,"PROPOSITION NO. 10 (DRAINAGE CONTROL SYSTEM)  CITY OF OKLAHOMA CITY",,26,26,1,"FOR THE PROPOSITION - YES",,315,23,2992,3330,,
9/12/2017,"CLEVELAND","CITY OF OKLAHOMA CITY",45510,"PROPOSITION NO. 10 (DRAINAGE CONTROL SYSTEM)  CITY OF OKLAHOMA CITY",,26,26,2,"AGAINST THE PROPOSITION - NO",,247,8,1959,2214,,
9/12/2017,"CLEVELAND","CITY OF OKLAHOMA CITY",45511,"PROPOSITION NO. 11 (DOWNTOWN CITY ARENA)  CITY OF OKLAHOMA CITY",,26,26,1,"FOR THE PROPOSITION - YES",,202,17,2234,2453,,
9/12/2017,"CLEVELAND","CITY OF OKLAHOMA CITY",45511,"PROPOSITION NO. 11 (DOWNTOWN CITY ARENA)  CITY OF OKLAHOMA CITY",,26,26,2,"AGAINST THE PROPOSITION - NO",,358,14,2710,3082,,
9/12/2017,"CLEVELAND","CITY OF OKLAHOMA CITY",45512,"PROPOSITION NO. 12 (POLICE)  CITY OF OKLAHOMA CITY",,26,26,1,"FOR THE PROPOSITION - YES",,311,21,3029,3361,,
9/12/2017,"CLEVELAND","CITY OF OKLAHOMA CITY",45512,"PROPOSITION NO. 12 (POLICE)  CITY OF OKLAHOMA CITY",,26,26,2,"AGAINST THE PROPOSITION - NO",,236,7,1707,1950,,
9/12/2017,"CLEVELAND","CITY OF OKLAHOMA CITY",45513,"PROPOSITION NO. 13 (FIRE)  CITY OF OKLAHOMA CITY",,26,26,1,"FOR THE PROPOSITION - YES",,321,22,3079,3422,,
9/12/2017,"CLEVELAND","CITY OF OKLAHOMA CITY",45513,"PROPOSITION NO. 13 (FIRE)  CITY OF OKLAHOMA CITY",,26,26,2,"AGAINST THE PROPOSITION - NO",,226,6,1661,1893,,
9/12/2017,"CLEVELAND","CITY OF OKC",60551,"ORDINANCE NO. 25,750  CITY OF OKC",,26,26,1,"FOR THE PROPOSITION - YES",,184,21,2400,2605,,
9/12/2017,"CLEVELAND","CITY OF OKC",60551,"ORDINANCE NO. 25,750  CITY OF OKC",,26,26,2,"AGAINST THE PROPOSITION - NO",,355,9,2523,2887,,
9/12/2017,"CLEVELAND","CITY OF OKC",60552,"ORDINANCE NO. 25,751  CITY OF OKC",,26,26,1,"FOR THE PROPOSITION - YES",,212,22,2489,2723,,
9/12/2017,"CLEVELAND","CITY OF OKC",60552,"ORDINANCE NO. 25,751  CITY OF OKC",,26,26,2,"AGAINST THE PROPOSITION - NO",,328,8,2419,2755,,
9/12/2017,"COAL","CALVIN PUBLIC SCHOOLS INDEPENDENT SCHOOL DISTRICT NO. 048",53201,"PROPOSITION NO. 1  CALVIN PUBLIC SCHOOLS",,2,2,1,"FOR THE PROPOSITION - YES",,0,0,0,0,,
9/12/2017,"COAL","CALVIN PUBLIC SCHOOLS INDEPENDENT SCHOOL DISTRICT NO. 048",53201,"PROPOSITION NO. 1  CALVIN PUBLIC SCHOOLS",,2,2,2,"AGAINST THE PROPOSITION - NO",,0,0,0,0,,
9/12/2017,"COAL","CALVIN PUBLIC SCHOOLS INDEPENDENT SCHOOL DISTRICT NO. 048",53202,"PROPOSITION NO. 2  CALVIN PUBLIC SCHOOLS",,2,2,1,"FOR THE PROPOSITION - YES",,0,0,0,0,,
9/12/2017,"COAL","CALVIN PUBLIC SCHOOLS INDEPENDENT SCHOOL DISTRICT NO. 048",53202,"PROPOSITION NO. 2  CALVIN PUBLIC SCHOOLS",,2,2,2,"AGAINST THE PROPOSITION - NO",,0,0,0,0,,
9/12/2017,"COAL","ALLEN PUBLIC SCHOOLS INDEPENDENT SCHOOL DISTRICT NO. 001",56201,"PROPOSITION  ALLEN PUBLIC SCHOOLS",,1,1,1,"FOR THE PROPOSITION - YES",,0,0,0,0,,
9/12/2017,"COAL","ALLEN PUBLIC SCHOOLS INDEPENDENT SCHOOL DISTRICT NO. 001",56201,"PROPOSITION  ALLEN PUBLIC SCHOOLS",,1,1,2,"AGAINST THE PROPOSITION - NO",,0,0,0,0,,
9/12/2017,"COMANCHE","CITY OF LAWTON",41601,"FOR COUNCIL MEMBER WARD 6  CITY OF LAWTON",,4,4,1,"SEAN FORTENBAUGH",,25,44,440,509,COMANCHE
9/12/2017,"COMANCHE","CITY OF LAWTON",41601,"FOR COUNCIL MEMBER WARD 6  CITY OF LAWTON",,4,4,2,"CHERRY PHILLIPS",,40,26,253,319,COMANCHE
9/12/2017,"COMANCHE","CITY OF LAWTON",41602,"FOR COUNCIL MEMBER WARD 7  CITY OF LAWTON",,7,7,1,"V. GAY F. McGAHEE",,12,10,232,254,COMANCHE
9/12/2017,"COMANCHE","CITY OF LAWTON",41602,"FOR COUNCIL MEMBER WARD 7  CITY OF LAWTON",,7,7,2,"ONREKA JOHNSON",,4,22,237,263,COMANCHE
9/12/2017,"COMANCHE","CITY OF LAWTON",41603,"FOR COUNCIL MEMBER WARD 8  CITY OF LAWTON",,3,3,1,"DOUG WELLS",,11,12,104,127,COMANCHE
9/12/2017,"COMANCHE","CITY OF LAWTON",41603,"FOR COUNCIL MEMBER WARD 8  CITY OF LAWTON",,3,3,2,"RANDY WARREN",,11,17,173,201,COMANCHE
9/12/2017,"COMANCHE","CITY OF LAWTON",41603,"FOR COUNCIL MEMBER WARD 8  CITY OF LAWTON",,3,3,3,"JO PETERS",,2,6,44,52,COMANCHE
9/12/2017,"COMANCHE","CITY OF LAWTON",41603,"FOR COUNCIL MEMBER WARD 8  CITY OF LAWTON",,3,3,4,"TOM LEON",,0,2,50,52,COMANCHE
9/12/2017,"CREEK","CITY OF SAPULPA",41901,"PROPOSITION  CITY OF SAPULPA",,20,20,1,"FOR THE PROPOSITION - YES",,15,29,92,136,,
9/12/2017,"CREEK","CITY OF SAPULPA",41901,"PROPOSITION  CITY OF SAPULPA",,20,20,2,"AGAINST THE PROPOSITION - NO",,1,1,10,12,,
9/12/2017,"CREEK","TOWN OF DEPEW",41902,"PROPOSITION  TOWN OF DEPEW",,1,1,1,"FOR THE PROPOSITION - YES",,0,0,72,72,,
9/12/2017,"CREEK","TOWN OF DEPEW",41902,"PROPOSITION  TOWN OF DEPEW",,1,1,2,"AGAINST THE PROPOSITION - NO",,0,0,19,19,,
9/12/2017,"CREEK","DEPEW PUBLIC SCHOOLS INDEPENDENT SCHOOL DISTRICT NO. 021",51901,"FOR OFFICE NO. 4 (UNEXPIRED TERM)  DEPEW PUBLIC SCHOOLS",,5,5,1,"JENNIFER BARENTINE",,0,0,22,22,CREEK
9/12/2017,"CREEK","DEPEW PUBLIC SCHOOLS INDEPENDENT SCHOOL DISTRICT NO. 021",51901,"FOR OFFICE NO. 4 (UNEXPIRED TERM)  DEPEW PUBLIC SCHOOLS",,5,5,2,"JEFF HALTERMAN",,0,0,11,11,CREEK
9/12/2017,"CREEK","DEPEW PUBLIC SCHOOLS INDEPENDENT SCHOOL DISTRICT NO. 021",51901,"FOR OFFICE NO. 4 (UNEXPIRED TERM)  DEPEW PUBLIC SCHOOLS",,5,5,3,"CHRIS IVERSON",,0,0,8,8,CREEK
9/12/2017,"CREEK","DEPEW PUBLIC SCHOOLS INDEPENDENT SCHOOL DISTRICT NO. 021",51901,"FOR OFFICE NO. 4 (UNEXPIRED TERM)  DEPEW PUBLIC SCHOOLS",,5,5,4,"DANIEL PARRICK",,0,0,18,18,CREEK
9/12/2017,"CREEK","DEPEW PUBLIC SCHOOLS INDEPENDENT SCHOOL DISTRICT NO. 021",51901,"FOR OFFICE NO. 4 (UNEXPIRED TERM)  DEPEW PUBLIC SCHOOLS",,5,5,5,"RON TURPIN",,0,0,158,158,CREEK
9/12/2017,"CUSTER","CITY OF WEATHERFORD",42003,"PROPOSITION  CITY OF WEATHERFORD",,4,4,1,"FOR THE PROPOSITION - YES",,22,2,273,297,,
9/12/2017,"CUSTER","CITY OF WEATHERFORD",42003,"PROPOSITION  CITY OF WEATHERFORD",,4,4,2,"AGAINST THE PROPOSITION - NO",,18,3,314,335,,
9/12/2017,"DEWEY","VICI PUBLIC SCHOOLS INDEPENDENT SCHOOL DISTRICT NO. 005",52201,"PROPOSITION  VICI PUBLIC SCHOOLS",,2,2,1,"FOR THE PROPOSITION - YES",,8,1,104,113,,
9/12/2017,"DEWEY","VICI PUBLIC SCHOOLS INDEPENDENT SCHOOL DISTRICT NO. 005",52201,"PROPOSITION  VICI PUBLIC SCHOOLS",,2,2,2,"AGAINST THE PROPOSITION - NO",,6,1,169,176,,
9/12/2017,"ELLIS","VICI PUBLIC SCHOOLS INDEPENDENT SCHOOL DISTRICT NO. 005",52201,"PROPOSITION  VICI PUBLIC SCHOOLS",,1,1,1,"FOR THE PROPOSITION - YES",,0,0,14,14,,
9/12/2017,"ELLIS","VICI PUBLIC SCHOOLS INDEPENDENT SCHOOL DISTRICT NO. 005",52201,"PROPOSITION  VICI PUBLIC SCHOOLS",,1,1,2,"AGAINST THE PROPOSITION - NO",,0,0,3,3,,
9/12/2017,"ELLIS","ARNETT PUBLIC SCHOOLS INDEPENDENT SCHOOL DISTRICT NO. 003",52301,"PROPOSITION  ARNETT PUBLIC SCHOOLS",,3,3,1,"FOR THE PROPOSITION - YES",,6,33,134,173,,
9/12/2017,"ELLIS","ARNETT PUBLIC SCHOOLS INDEPENDENT SCHOOL DISTRICT NO. 003",52301,"PROPOSITION  ARNETT PUBLIC SCHOOLS",,3,3,2,"AGAINST THE PROPOSITION - NO",,11,17,120,148,,
9/12/2017,"GARFIELD","TOWN OF LAHOMA",42403,"FOR TOWN TREASURER (UNEXPIRED TERM)  TOWN OF LAHOMA",,1,1,1,"STEPHANIE INGLE",,0,0,11,11,GARFIELD
9/12/2017,"GARFIELD","TOWN OF LAHOMA",42403,"FOR TOWN TREASURER (UNEXPIRED TERM)  TOWN OF LAHOMA",,1,1,2,"KAY  DAVIDSON",,1,0,35,36,GARFIELD
9/12/2017,"GARFIELD","TOWN OF LAHOMA",42404,"PROPOSITION  TOWN OF LAHOMA",,1,1,1,"FOR THE PROPOSITION - YES",,1,0,20,21,,
9/12/2017,"GARFIELD","TOWN OF LAHOMA",42404,"PROPOSITION  TOWN OF LAHOMA",,1,1,2,"AGAINST THE PROPOSITION - NO",,0,0,26,26,,
9/12/2017,"GARFIELD","CHISHOLM PUBLIC SCHOOLS INDEPENDENT SCHOOL DISTRICT NO. 042",52401,"PROPOSITION NO. 1  CHISHOLM PUBLIC SCHOOLS",,10,10,1,"FOR THE PROPOSITION - YES",,27,31,410,468,,
9/12/2017,"GARFIELD","CHISHOLM PUBLIC SCHOOLS INDEPENDENT SCHOOL DISTRICT NO. 042",52401,"PROPOSITION NO. 1  CHISHOLM PUBLIC SCHOOLS",,10,10,2,"AGAINST THE PROPOSITION - NO",,6,5,190,201,,
9/12/2017,"GARFIELD","CHISHOLM PUBLIC SCHOOLS INDEPENDENT SCHOOL DISTRICT NO. 042",52402,"PROPOSITION NO. 2  CHISHOLM PUBLIC SCHOOLS",,10,10,1,"FOR THE PROPOSITION - YES",,27,32,432,491,,
9/12/2017,"GARFIELD","CHISHOLM PUBLIC SCHOOLS INDEPENDENT SCHOOL DISTRICT NO. 042",52402,"PROPOSITION NO. 2  CHISHOLM PUBLIC SCHOOLS",,10,10,2,"AGAINST THE PROPOSITION - NO",,6,4,173,183,,
9/12/2017,"GARFIELD","KREMLIN-HILLSDALE SCHOOLS INDEPENDENT SCHOOL DISTRICT NO. 018",52403,"PROPOSITION  KREMLIN-HILLSDALE SCHOOLS",,5,5,1,"FOR THE PROPOSITION - YES",,5,2,108,115,,
9/12/2017,"GARFIELD","KREMLIN-HILLSDALE SCHOOLS INDEPENDENT SCHOOL DISTRICT NO. 018",52403,"PROPOSITION  KREMLIN-HILLSDALE SCHOOLS",,5,5,2,"AGAINST THE PROPOSITION - NO",,3,0,22,25,,
9/12/2017,"GARVIN","PAULS VALLEY PUBLIC SCHOOLS INDEPENDENT SCHOOL DISTRICT NO. 018",52501,"PROPOSITION  PAULS VALLEY PUBLIC SCHOOLS",,5,5,1,"FOR THE PROPOSITION - YES",,8,71,560,639,,
9/12/2017,"GARVIN","PAULS VALLEY PUBLIC SCHOOLS INDEPENDENT SCHOOL DISTRICT NO. 018",52501,"PROPOSITION  PAULS VALLEY PUBLIC SCHOOLS",,5,5,2,"AGAINST THE PROPOSITION - NO",,9,50,413,472,,
9/12/2017,"GRANT","KREMLIN-HILLSDALE SCHOOLS INDEPENDENT SCHOOL DISTRICT NO. 018",52403,"PROPOSITION  KREMLIN-HILLSDALE SCHOOLS",,1,1,1,"FOR THE PROPOSITION - YES",,0,0,2,2,,
9/12/2017,"GRANT","KREMLIN-HILLSDALE SCHOOLS INDEPENDENT SCHOOL DISTRICT NO. 018",52403,"PROPOSITION  KREMLIN-HILLSDALE SCHOOLS",,1,1,2,"AGAINST THE PROPOSITION - NO",,0,0,0,0,,
9/12/2017,"HARPER","FREEDOM PUBLIC SCHOOLS INDEPENDENT SCHOOL DISTRICT NO. 006",57601,"FOR OFFICE NO. 5 (UNEXPIRED TERM)  FREEDOM PUBLIC SCHOOLS",,1,1,1,"SHANE MORRIS",,0,0,0,0,HARPER
9/12/2017,"HARPER","FREEDOM PUBLIC SCHOOLS INDEPENDENT SCHOOL DISTRICT NO. 006",57601,"FOR OFFICE NO. 5 (UNEXPIRED TERM)  FREEDOM PUBLIC SCHOOLS",,1,1,2,"RAUL GALINDO",,0,0,0,0,HARPER
9/12/2017,"HASKELL","STIGLER PUBLIC SCHOOLS INDEPENDENT SCHOOL DISTRICT NO. 020",53101,"PROPOSITION  STIGLER PUBLIC SCHOOLS",,9,9,1,"FOR THE PROPOSITION - YES",,38,183,658,879,,
9/12/2017,"HASKELL","STIGLER PUBLIC SCHOOLS INDEPENDENT SCHOOL DISTRICT NO. 020",53101,"PROPOSITION  STIGLER PUBLIC SCHOOLS",,9,9,2,"AGAINST THE PROPOSITION - NO",,16,83,713,812,,
9/12/2017,"HUGHES","CALVIN PUBLIC SCHOOLS INDEPENDENT SCHOOL DISTRICT NO. 048",53201,"PROPOSITION NO. 1  CALVIN PUBLIC SCHOOLS",,5,5,1,"FOR THE PROPOSITION - YES",,1,0,88,89,,
9/12/2017,"HUGHES","CALVIN PUBLIC SCHOOLS INDEPENDENT SCHOOL DISTRICT NO. 048",53201,"PROPOSITION NO. 1  CALVIN PUBLIC SCHOOLS",,5,5,2,"AGAINST THE PROPOSITION - NO",,0,0,42,42,,
9/12/2017,"HUGHES","CALVIN PUBLIC SCHOOLS INDEPENDENT SCHOOL DISTRICT NO. 048",53202,"PROPOSITION NO. 2  CALVIN PUBLIC SCHOOLS",,5,5,1,"FOR THE PROPOSITION - YES",,1,0,98,99,,
9/12/2017,"HUGHES","CALVIN PUBLIC SCHOOLS INDEPENDENT SCHOOL DISTRICT NO. 048",53202,"PROPOSITION NO. 2  CALVIN PUBLIC SCHOOLS",,5,5,2,"AGAINST THE PROPOSITION - NO",,0,0,37,37,,
9/12/2017,"HUGHES","ALLEN PUBLIC SCHOOLS INDEPENDENT SCHOOL DISTRICT NO. 001",56201,"PROPOSITION  ALLEN PUBLIC SCHOOLS",,3,3,1,"FOR THE PROPOSITION - YES",,2,3,99,104,,
9/12/2017,"HUGHES","ALLEN PUBLIC SCHOOLS INDEPENDENT SCHOOL DISTRICT NO. 001",56201,"PROPOSITION  ALLEN PUBLIC SCHOOLS",,3,3,2,"AGAINST THE PROPOSITION - NO",,2,0,54,56,,
9/12/2017,"JEFFERSON","JEFFERSON COUNTY",30001,"PROPOSITION",,10,10,1,"FOR THE PROPOSITION - YES",,12,100,497,609,,
9/12/2017,"JEFFERSON","JEFFERSON COUNTY",30001,"PROPOSITION",,10,10,2,"AGAINST THE PROPOSITION - NO",,3,9,97,109,,
9/12/2017,"KAY","KAY COUNTY",11004,"FOR COUNTY COMMISSIONER DISTRICT NO. 1 (UNEXPIRED TERM)",REP,12,12,1,"ALLEN HARDESTY",REP,1,16,268,285,KAY
9/12/2017,"KAY","KAY COUNTY",11004,"FOR COUNTY COMMISSIONER DISTRICT NO. 1 (UNEXPIRED TERM)",REP,12,12,2,"DUANE VAP",REP,0,3,111,114,KAY
9/12/2017,"KAY","KAY COUNTY",11004,"FOR COUNTY COMMISSIONER DISTRICT NO. 1 (UNEXPIRED TERM)",REP,12,12,3,"JERALD  STONE",REP,0,0,21,21,KAY
9/12/2017,"KAY","KAY COUNTY",11004,"FOR COUNTY COMMISSIONER DISTRICT NO. 1 (UNEXPIRED TERM)",REP,12,12,4,"JAY T.  KIRKENDALL",REP,2,8,100,110,KAY
9/12/2017,"KAY","KAY COUNTY",11004,"FOR COUNTY COMMISSIONER DISTRICT NO. 1 (UNEXPIRED TERM)",REP,12,12,5,"JACK GODBERSON",REP,4,10,285,299,KAY
9/12/2017,"KAY","CITY OF BLACKWELL",43601,"PROPOSITION NO. 1  CITY OF BLACKWELL",,3,3,1,"FOR THE PROPOSITION - YES",,8,2,208,218,,
9/12/2017,"KAY","CITY OF BLACKWELL",43601,"PROPOSITION NO. 1  CITY OF BLACKWELL",,3,3,2,"AGAINST THE PROPOSITION - NO",,0,2,147,149,,
9/12/2017,"KAY","CITY OF BLACKWELL",43602,"PROPOSITION NO. 2  CITY OF BLACKWELL",,3,3,1,"FOR THE PROPOSITION - YES",,7,2,198,207,,
9/12/2017,"KAY","CITY OF BLACKWELL",43602,"PROPOSITION NO. 2  CITY OF BLACKWELL",,3,3,2,"AGAINST THE PROPOSITION - NO",,1,2,157,160,,
9/12/2017,"KAY","CITY OF BLACKWELL",43603,"PROPOSITION NO. 3  CITY OF BLACKWELL",,3,3,1,"FOR THE PROPOSITION - YES",,8,2,176,186,,
9/12/2017,"KAY","CITY OF BLACKWELL",43603,"PROPOSITION NO. 3  CITY OF BLACKWELL",,3,3,2,"AGAINST THE PROPOSITION - NO",,0,2,179,181,,
9/12/2017,"KAY","CITY OF BLACKWELL",43604,"PROPOSITION NO. 4  CITY OF BLACKWELL",,3,3,1,"FOR THE PROPOSITION - YES",,4,2,174,180,,
9/12/2017,"KAY","CITY OF BLACKWELL",43604,"PROPOSITION NO. 4  CITY OF BLACKWELL",,3,3,2,"AGAINST THE PROPOSITION - NO",,4,2,179,185,,
9/12/2017,"KAY","CITY OF BLACKWELL",43605,"PROPOSITION NO. 5  CITY OF BLACKWELL",,3,3,1,"FOR THE PROPOSITION - YES",,8,3,223,234,,
9/12/2017,"KAY","CITY OF BLACKWELL",43605,"PROPOSITION NO. 5  CITY OF BLACKWELL",,3,3,2,"AGAINST THE PROPOSITION - NO",,0,1,131,132,,
9/12/2017,"KAY","CITY OF BLACKWELL",43606,"PROPOSITION NO. 6  CITY OF BLACKWELL",,3,3,1,"FOR THE PROPOSITION - YES",,7,2,255,264,,
9/12/2017,"KAY","CITY OF BLACKWELL",43606,"PROPOSITION NO. 6  CITY OF BLACKWELL",,3,3,2,"AGAINST THE PROPOSITION - NO",,1,2,100,103,,
9/12/2017,"KAY","CITY OF BLACKWELL",43607,"PROPOSITION NO. 7  CITY OF BLACKWELL",,3,3,1,"FOR THE PROPOSITION - YES",,6,0,159,165,,
9/12/2017,"KAY","CITY OF BLACKWELL",43607,"PROPOSITION NO. 7  CITY OF BLACKWELL",,3,3,2,"AGAINST THE PROPOSITION - NO",,2,4,194,200,,
9/12/2017,"KAY","CITY OF BLACKWELL",43608,"PROPOSITION NO. 8  CITY OF BLACKWELL",,3,3,1,"FOR THE PROPOSITION - YES",,8,3,283,294,,
9/12/2017,"KAY","CITY OF BLACKWELL",43608,"PROPOSITION NO. 8  CITY OF BLACKWELL",,3,3,2,"AGAINST THE PROPOSITION - NO",,0,1,70,71,,
9/12/2017,"KAY","CITY OF BLACKWELL",43609,"PROPOSITION NO. 9  CITY OF BLACKWELL",,3,3,1,"FOR THE PROPOSITION - YES",,8,3,219,230,,
9/12/2017,"KAY","CITY OF BLACKWELL",43609,"PROPOSITION NO. 9  CITY OF BLACKWELL",,3,3,2,"AGAINST THE PROPOSITION - NO",,0,1,131,132,,
9/12/2017,"KAY","CITY OF BLACKWELL",43610,"PROPOSITION NO. 10  CITY OF BLACKWELL",,3,3,1,"FOR THE PROPOSITION - YES",,7,3,227,237,,
9/12/2017,"KAY","CITY OF BLACKWELL",43610,"PROPOSITION NO. 10  CITY OF BLACKWELL",,3,3,2,"AGAINST THE PROPOSITION - NO",,1,1,126,128,,
9/12/2017,"KAY","CITY OF BLACKWELL",43611,"PROPOSITION NO. 11  CITY OF BLACKWELL",,3,3,1,"FOR THE PROPOSITION - YES",,7,3,204,214,,
9/12/2017,"KAY","CITY OF BLACKWELL",43611,"PROPOSITION NO. 11  CITY OF BLACKWELL",,3,3,2,"AGAINST THE PROPOSITION - NO",,1,1,149,151,,
9/12/2017,"KAY","CITY OF BLACKWELL",43612,"PROPOSITION NO. 12  CITY OF BLACKWELL",,3,3,1,"FOR THE PROPOSITION - YES",,8,3,226,237,,
9/12/2017,"KAY","CITY OF BLACKWELL",43612,"PROPOSITION NO. 12  CITY OF BLACKWELL",,3,3,2,"AGAINST THE PROPOSITION - NO",,0,1,126,127,,
9/12/2017,"KAY","CITY OF BLACKWELL",43613,"PROPOSITION NO. 13  CITY OF BLACKWELL",,3,3,1,"FOR THE PROPOSITION - YES",,6,0,153,159,,
9/12/2017,"KAY","CITY OF BLACKWELL",43613,"PROPOSITION NO. 13  CITY OF BLACKWELL",,3,3,2,"AGAINST THE PROPOSITION - NO",,2,4,200,206,,
9/12/2017,"KAY","CITY OF BLACKWELL",43614,"PROPOSITION NO. 14  CITY OF BLACKWELL",,3,3,1,"FOR THE PROPOSITION - YES",,6,2,174,182,,
9/12/2017,"KAY","CITY OF BLACKWELL",43614,"PROPOSITION NO. 14  CITY OF BLACKWELL",,3,3,2,"AGAINST THE PROPOSITION - NO",,2,2,179,183,,
9/12/2017,"LEFLORE","TOWN OF HOWE",44001,"FOR BOARD OF TRUSTEES (UNEXPIRED TERM)  TOWN OF HOWE",,1,1,1,"HOLLEY ANN GERDES",,0,0,24,24,LEFLORE
9/12/2017,"LEFLORE","TOWN OF HOWE",44001,"FOR BOARD OF TRUSTEES (UNEXPIRED TERM)  TOWN OF HOWE",,1,1,2,"KEITH GAMMEL",,1,0,13,14,LEFLORE
9/12/2017,"LEFLORE","POCOLA PUBLIC SCHOOLS INDEPENDENT SCHOOL DISTRICT NO. 007",54001,"PROPOSITION  POCOLA PUBLIC SCHOOLS",,2,2,1,"FOR THE PROPOSITION - YES",,0,7,402,409,,
9/12/2017,"LEFLORE","POCOLA PUBLIC SCHOOLS INDEPENDENT SCHOOL DISTRICT NO. 007",54001,"PROPOSITION  POCOLA PUBLIC SCHOOLS",,2,2,2,"AGAINST THE PROPOSITION - NO",,9,1,265,275,,
9/12/2017,"LEFLORE","POTEAU PUBLIC SCHOOLS INDEPENDENT SCHOOL DISTRICT NO. 029",54002,"PROPOSITION  POTEAU PUBLIC SCHOOLS",,9,9,1,"FOR THE PROPOSITION - YES",,5,92,607,704,,
9/12/2017,"LEFLORE","POTEAU PUBLIC SCHOOLS INDEPENDENT SCHOOL DISTRICT NO. 029",54002,"PROPOSITION  POTEAU PUBLIC SCHOOLS",,9,9,2,"AGAINST THE PROPOSITION - NO",,8,93,703,804,,
9/12/2017,"LOVE","THACKERVILLE PUBLIC SCHOOLS INDEPENDENT SCHOOL DISTRICT NO. 004",54301,"PROPOSITION NO. 1  THACKERVILLE PUBLIC SCHOOLS",,3,3,1,"FOR THE PROPOSITION - YES",,2,6,165,173,,
9/12/2017,"LOVE","THACKERVILLE PUBLIC SCHOOLS INDEPENDENT SCHOOL DISTRICT NO. 004",54301,"PROPOSITION NO. 1  THACKERVILLE PUBLIC SCHOOLS",,3,3,2,"AGAINST THE PROPOSITION - NO",,0,4,77,81,,
9/12/2017,"LOVE","THACKERVILLE PUBLIC SCHOOLS INDEPENDENT SCHOOL DISTRICT NO. 004",54302,"PROPOSITION NO. 2  THACKERVILLE PUBLIC SCHOOLS",,3,3,1,"FOR THE PROPOSITION - YES",,2,6,185,193,,
9/12/2017,"LOVE","THACKERVILLE PUBLIC SCHOOLS INDEPENDENT SCHOOL DISTRICT NO. 004",54302,"PROPOSITION NO. 2  THACKERVILLE PUBLIC SCHOOLS",,3,3,2,"AGAINST THE PROPOSITION - NO",,0,4,60,64,,
9/12/2017,"MCCURTAIN","DENISON PUBLIC SCHOOL ELEMENTARY SCHOOL DISTRICT NO. 037",54501,"PROPOSITION NO. 1  DENISON PUBLIC SCHOOL",,3,3,1,"FOR THE PROPOSITION - YES",,0,6,54,60,,
9/12/2017,"MCCURTAIN","DENISON PUBLIC SCHOOL ELEMENTARY SCHOOL DISTRICT NO. 037",54501,"PROPOSITION NO. 1  DENISON PUBLIC SCHOOL",,3,3,2,"AGAINST THE PROPOSITION - NO",,1,0,25,26,,
9/12/2017,"MCCURTAIN","DENISON PUBLIC SCHOOL ELEMENTARY SCHOOL DISTRICT NO. 037",54502,"PROPOSITION NO. 2  DENISON PUBLIC SCHOOL",,3,3,1,"FOR THE PROPOSITION - YES",,0,6,54,60,,
9/12/2017,"MCCURTAIN","DENISON PUBLIC SCHOOL ELEMENTARY SCHOOL DISTRICT NO. 037",54502,"PROPOSITION NO. 2  DENISON PUBLIC SCHOOL",,3,3,2,"AGAINST THE PROPOSITION - NO",,1,0,25,26,,
9/12/2017,"MAJOR","MAJOR COUNTY",30002,"PROPOSITION NO. 1",,8,8,1,"FOR THE PROPOSITION - YES",,30,76,538,644,,
9/12/2017,"MAJOR","MAJOR COUNTY",30002,"PROPOSITION NO. 1",,8,8,2,"AGAINST THE PROPOSITION - NO",,15,19,211,245,,
9/12/2017,"MAJOR","MAJOR COUNTY",30003,"PROPOSITION NO. 2",,8,8,1,"FOR THE PROPOSITION - YES",,30,77,509,616,,
9/12/2017,"MAJOR","MAJOR COUNTY",30003,"PROPOSITION NO. 2",,8,8,2,"AGAINST THE PROPOSITION - NO",,15,18,237,270,,
9/12/2017,"MAJOR","CHISHOLM PUBLIC SCHOOLS INDEPENDENT SCHOOL DISTRICT NO. 042",52401,"PROPOSITION NO. 1  CHISHOLM PUBLIC SCHOOLS",,1,1,1,"FOR THE PROPOSITION - YES",,0,0,0,0,,
9/12/2017,"MAJOR","CHISHOLM PUBLIC SCHOOLS INDEPENDENT SCHOOL DISTRICT NO. 042",52401,"PROPOSITION NO. 1  CHISHOLM PUBLIC SCHOOLS",,1,1,2,"AGAINST THE PROPOSITION - NO",,0,0,0,0,,
9/12/2017,"MAJOR","CHISHOLM PUBLIC SCHOOLS INDEPENDENT SCHOOL DISTRICT NO. 042",52402,"PROPOSITION NO. 2  CHISHOLM PUBLIC SCHOOLS",,1,1,1,"FOR THE PROPOSITION - YES",,0,0,0,0,,
9/12/2017,"MAJOR","CHISHOLM PUBLIC SCHOOLS INDEPENDENT SCHOOL DISTRICT NO. 042",52402,"PROPOSITION NO. 2  CHISHOLM PUBLIC SCHOOLS",,1,1,2,"AGAINST THE PROPOSITION - NO",,0,0,0,0,,
9/12/2017,"MARSHALL","KINGSTON PUBLIC SCHOOLS INDEPENDENT SCHOOL DISTRICT NO. 003",54801,"PROPOSITION NO. 1  KINGSTON PUBLIC SCHOOLS",,6,6,1,"FOR THE PROPOSITION - YES",,15,11,465,491,,
9/12/2017,"MARSHALL","KINGSTON PUBLIC SCHOOLS INDEPENDENT SCHOOL DISTRICT NO. 003",54801,"PROPOSITION NO. 1  KINGSTON PUBLIC SCHOOLS",,6,6,2,"AGAINST THE PROPOSITION - NO",,6,3,102,111,,
9/12/2017,"MARSHALL","KINGSTON PUBLIC SCHOOLS INDEPENDENT SCHOOL DISTRICT NO. 003",54802,"PROPOSITION NO. 2  KINGSTON PUBLIC SCHOOLS",,6,6,1,"FOR THE PROPOSITION - YES",,16,12,462,490,,
9/12/2017,"MARSHALL","KINGSTON PUBLIC SCHOOLS INDEPENDENT SCHOOL DISTRICT NO. 003",54802,"PROPOSITION NO. 2  KINGSTON PUBLIC SCHOOLS",,6,6,2,"AGAINST THE PROPOSITION - NO",,5,3,107,115,,
9/12/2017,"MARSHALL","MADILL PUBLIC SCHOOLS INDEPENDENT SCHOOL DISTRICT NO. 002",54803,"PROPOSITION  MADILL PUBLIC SCHOOLS",,8,8,1,"FOR THE PROPOSITION - YES",,6,49,498,553,,
9/12/2017,"MARSHALL","MADILL PUBLIC SCHOOLS INDEPENDENT SCHOOL DISTRICT NO. 002",54803,"PROPOSITION  MADILL PUBLIC SCHOOLS",,8,8,2,"AGAINST THE PROPOSITION - NO",,13,21,235,269,,
9/12/2017,"NOBLE","NOBLE COUNTY",10003,"FOR COUNTY COMMISSIONER DISTRICT NO. 2 (UNEXPIRED TERM)",,3,3,1,"GARY MAY",REP,12,36,138,186,NOBLE
9/12/2017,"NOBLE","NOBLE COUNTY",10003,"FOR COUNTY COMMISSIONER DISTRICT NO. 2 (UNEXPIRED TERM)",,3,3,2,"MIKE IVY",DEM,8,23,68,99,NOBLE
9/12/2017,"OKFUSKEE","OKEMAH PUBLIC SCHOOLS INDEPENDENT SCHOOL DISTRICT NO. 026",55401,"PROPOSITION NO. 1  OKEMAH PUBLIC SCHOOLS",,12,12,1,"FOR THE PROPOSITION - YES",,19,59,330,408,,
9/12/2017,"OKFUSKEE","OKEMAH PUBLIC SCHOOLS INDEPENDENT SCHOOL DISTRICT NO. 026",55401,"PROPOSITION NO. 1  OKEMAH PUBLIC SCHOOLS",,12,12,2,"AGAINST THE PROPOSITION - NO",,2,21,163,186,,
9/12/2017,"OKFUSKEE","OKEMAH PUBLIC SCHOOLS INDEPENDENT SCHOOL DISTRICT NO. 026",55402,"PROPOSITION NO. 2  OKEMAH PUBLIC SCHOOLS",,12,12,1,"FOR THE PROPOSITION - YES",,16,54,300,370,,
9/12/2017,"OKFUSKEE","OKEMAH PUBLIC SCHOOLS INDEPENDENT SCHOOL DISTRICT NO. 026",55402,"PROPOSITION NO. 2  OKEMAH PUBLIC SCHOOLS",,12,12,2,"AGAINST THE PROPOSITION - NO",,5,26,191,222,,
9/12/2017,"OKFUSKEE","OKEMAH PUBLIC SCHOOLS INDEPENDENT SCHOOL DISTRICT NO. 026",55403,"PROPOSITION NO. 3  OKEMAH PUBLIC SCHOOLS",,12,12,1,"FOR THE PROPOSITION - YES",,20,50,300,370,,
9/12/2017,"OKFUSKEE","OKEMAH PUBLIC SCHOOLS INDEPENDENT SCHOOL DISTRICT NO. 026",55403,"PROPOSITION NO. 3  OKEMAH PUBLIC SCHOOLS",,12,12,2,"AGAINST THE PROPOSITION - NO",,1,30,192,223,,
9/12/2017,"OKFUSKEE","MASON PUBLIC SCHOOLS INDEPENDENT SCHOOL DISTRICT NO. 002",55404,"FOR OFFICE NO. 2 (UNEXPIRED TERM)  MASON PUBLIC SCHOOLS",,4,4,1,"SHARON WALKER",,0,5,49,54,OKFUSKEE
9/12/2017,"OKFUSKEE","MASON PUBLIC SCHOOLS INDEPENDENT SCHOOL DISTRICT NO. 002",55404,"FOR OFFICE NO. 2 (UNEXPIRED TERM)  MASON PUBLIC SCHOOLS",,4,4,2,"JEROLD SMITH",,0,3,20,23,OKFUSKEE
9/12/2017,"OKLAHOMA","OKLAHOMA COUNTY",10001,"FOR COUNTY SHERIFF (UNEXPIRED TERM)",,257,257,1,"P. D. TAYLOR",REP,1277,177,21595,23049,OKLAHOMA
9/12/2017,"OKLAHOMA","OKLAHOMA COUNTY",10001,"FOR COUNTY SHERIFF (UNEXPIRED TERM)",,257,257,2,"MICHAEL H. HANSON",DEM,781,149,13085,14015,OKLAHOMA
9/12/2017,"OKLAHOMA","OKLAHOMA COUNTY",10001,"FOR COUNTY SHERIFF (UNEXPIRED TERM)",,257,257,3,"ED GRIMES",IND,393,61,8713,9167,OKLAHOMA
9/12/2017,"OKLAHOMA","CITY OF OKLAHOMA CITY",45501,"PROPOSITION NO. 1 (STREETS)  CITY OF OKLAHOMA CITY",,185,185,1,"FOR THE PROPOSITION - YES",,1263,242,24125,25630,,
9/12/2017,"OKLAHOMA","CITY OF OKLAHOMA CITY",45501,"PROPOSITION NO. 1 (STREETS)  CITY OF OKLAHOMA CITY",,185,185,2,"AGAINST THE PROPOSITION - NO",,436,78,8902,9416,,
9/12/2017,"OKLAHOMA","CITY OF OKLAHOMA CITY",45502,"PROPOSITION NO. 2 (BRIDGES)  CITY OF OKLAHOMA CITY",,185,185,1,"FOR THE PROPOSITION - YES",,1288,250,24516,26054,,
9/12/2017,"OKLAHOMA","CITY OF OKLAHOMA CITY",45502,"PROPOSITION NO. 2 (BRIDGES)  CITY OF OKLAHOMA CITY",,185,185,2,"AGAINST THE PROPOSITION - NO",,409,70,8480,8959,,
9/12/2017,"OKLAHOMA","CITY OF OKLAHOMA CITY",45503,"PROPOSITION NO. 3 (TRAFFIC CONTROL SYSTEM)  CITY OF OKLAHOMA CITY",,185,185,1,"FOR THE PROPOSITION - YES",,1090,229,21351,22670,,
9/12/2017,"OKLAHOMA","CITY OF OKLAHOMA CITY",45503,"PROPOSITION NO. 3 (TRAFFIC CONTROL SYSTEM)  CITY OF OKLAHOMA CITY",,185,185,2,"AGAINST THE PROPOSITION - NO",,593,88,11437,12118,,
9/12/2017,"OKLAHOMA","CITY OF OKLAHOMA CITY",45504,"PROPOSITION NO. 4 (ECONOMIC AND COMMUNITY DEVELOPMENT INCLUDING JOB CREATION PROGRAMS)  CITY OF OKLA",,185,185,1,"FOR THE PROPOSITION - YES",,919,191,18315,19425,,
9/12/2017,"OKLAHOMA","CITY OF OKLAHOMA CITY",45504,"PROPOSITION NO. 4 (ECONOMIC AND COMMUNITY DEVELOPMENT INCLUDING JOB CREATION PROGRAMS)  CITY OF OKLA",,185,185,2,"AGAINST THE PROPOSITION - NO",,756,125,14227,15108,,
9/12/2017,"OKLAHOMA","CITY OF OKLAHOMA CITY",45505,"PROPOSITION NO. 5 (PARKS AND RECREATIONAL FACILITIES)  CITY OF OKLAHOMA CITY",,185,185,1,"FOR THE PROPOSITION - YES",,1004,209,19939,21152,,
9/12/2017,"OKLAHOMA","CITY OF OKLAHOMA CITY",45505,"PROPOSITION NO. 5 (PARKS AND RECREATIONAL FACILITIES)  CITY OF OKLAHOMA CITY",,185,185,2,"AGAINST THE PROPOSITION - NO",,662,105,12209,12976,,
9/12/2017,"OKLAHOMA","CITY OF OKLAHOMA CITY",45506,"PROPOSITION NO. 6 (LIBRARIES)  CITY OF OKLAHOMA CITY",,185,185,1,"FOR THE PROPOSITION - YES",,1018,225,20730,21973,,
9/12/2017,"OKLAHOMA","CITY OF OKLAHOMA CITY",45506,"PROPOSITION NO. 6 (LIBRARIES)  CITY OF OKLAHOMA CITY",,185,185,2,"AGAINST THE PROPOSITION - NO",,672,94,12073,12839,,
9/12/2017,"OKLAHOMA","CITY OF OKLAHOMA CITY",45507,"PROPOSITION NO. 7 (CIVIC CENTER COMPLEX)  CITY OF OKLAHOMA CITY",,185,185,1,"FOR THE PROPOSITION - YES",,900,194,17770,18864,,
9/12/2017,"OKLAHOMA","CITY OF OKLAHOMA CITY",45507,"PROPOSITION NO. 7 (CIVIC CENTER COMPLEX)  CITY OF OKLAHOMA CITY",,185,185,2,"AGAINST THE PROPOSITION - NO",,776,125,14857,15758,,
9/12/2017,"OKLAHOMA","CITY OF OKLAHOMA CITY",45508,"PROPOSITION NO. 8 (TRANSIT)  CITY OF OKLAHOMA CITY",,185,185,1,"FOR THE PROPOSITION - YES",,1096,230,20440,21766,,
9/12/2017,"OKLAHOMA","CITY OF OKLAHOMA CITY",45508,"PROPOSITION NO. 8 (TRANSIT)  CITY OF OKLAHOMA CITY",,185,185,2,"AGAINST THE PROPOSITION - NO",,592,89,12352,13033,,
9/12/2017,"OKLAHOMA","CITY OF OKLAHOMA CITY",45509,"PROPOSITION NO. 9 (CENTRAL MAINTENANCE FACILITIES COMPLEX)  CITY OF OKLAHOMA CITY",,185,185,1,"FOR THE PROPOSITION - YES",,980,205,18873,20058,,
9/12/2017,"OKLAHOMA","CITY OF OKLAHOMA CITY",45509,"PROPOSITION NO. 9 (CENTRAL MAINTENANCE FACILITIES COMPLEX)  CITY OF OKLAHOMA CITY",,185,185,2,"AGAINST THE PROPOSITION - NO",,635,107,12549,13291,,
9/12/2017,"OKLAHOMA","CITY OF OKLAHOMA CITY",45510,"PROPOSITION NO. 10 (DRAINAGE CONTROL SYSTEM)  CITY OF OKLAHOMA CITY",,185,185,1,"FOR THE PROPOSITION - YES",,1160,245,22067,23472,,
9/12/2017,"OKLAHOMA","CITY OF OKLAHOMA CITY",45510,"PROPOSITION NO. 10 (DRAINAGE CONTROL SYSTEM)  CITY OF OKLAHOMA CITY",,185,185,2,"AGAINST THE PROPOSITION - NO",,434,68,9243,9745,,
9/12/2017,"OKLAHOMA","CITY OF OKLAHOMA CITY",45511,"PROPOSITION NO. 11 (DOWNTOWN CITY ARENA)  CITY OF OKLAHOMA CITY",,185,185,1,"FOR THE PROPOSITION - YES",,816,182,16047,17045,,
9/12/2017,"OKLAHOMA","CITY OF OKLAHOMA CITY",45511,"PROPOSITION NO. 11 (DOWNTOWN CITY ARENA)  CITY OF OKLAHOMA CITY",,185,185,2,"AGAINST THE PROPOSITION - NO",,788,130,14934,15852,,
9/12/2017,"OKLAHOMA","CITY OF OKLAHOMA CITY",45512,"PROPOSITION NO. 12 (POLICE)  CITY OF OKLAHOMA CITY",,185,185,1,"FOR THE PROPOSITION - YES",,1144,222,21778,23144,,
9/12/2017,"OKLAHOMA","CITY OF OKLAHOMA CITY",45512,"PROPOSITION NO. 12 (POLICE)  CITY OF OKLAHOMA CITY",,185,185,2,"AGAINST THE PROPOSITION - NO",,476,92,9777,10345,,
9/12/2017,"OKLAHOMA","CITY OF OKLAHOMA CITY",45513,"PROPOSITION NO. 13 (FIRE)  CITY OF OKLAHOMA CITY",,185,185,1,"FOR THE PROPOSITION - YES",,1185,234,22810,24229,,
9/12/2017,"OKLAHOMA","CITY OF OKLAHOMA CITY",45513,"PROPOSITION NO. 13 (FIRE)  CITY OF OKLAHOMA CITY",,185,185,2,"AGAINST THE PROPOSITION - NO",,436,81,8770,9287,,
9/12/2017,"OKLAHOMA","CITY OF OKC",60551,"ORDINANCE NO. 25,750  CITY OF OKC",,185,185,1,"FOR THE PROPOSITION - YES",,822,188,17416,18426,,
9/12/2017,"OKLAHOMA","CITY OF OKC",60551,"ORDINANCE NO. 25,750  CITY OF OKC",,185,185,2,"AGAINST THE PROPOSITION - NO",,840,127,15395,16362,,
9/12/2017,"OKLAHOMA","CITY OF OKC",60552,"ORDINANCE NO. 25,751  CITY OF OKC",,185,185,1,"FOR THE PROPOSITION - YES",,933,196,18751,19880,,
9/12/2017,"OKLAHOMA","CITY OF OKC",60552,"ORDINANCE NO. 25,751  CITY OF OKC",,185,185,2,"AGAINST THE PROPOSITION - NO",,742,122,14159,15023,,
9/12/2017,"PITTSBURG","PITTSBURG COUNTY",12001,"FOR COUNTY COMMISSIONER DISTRICT NO. 1 (UNEXPIRED TERM)",DEM,15,15,1,"W.S. BILL WEBBER",DEM,9,3,133,145,PITTSBURG
9/12/2017,"PITTSBURG","PITTSBURG COUNTY",12001,"FOR COUNTY COMMISSIONER DISTRICT NO. 1 (UNEXPIRED TERM)",DEM,15,15,2,"MONROE LEMONS",DEM,4,2,196,202,PITTSBURG
9/12/2017,"PITTSBURG","PITTSBURG COUNTY",12001,"FOR COUNTY COMMISSIONER DISTRICT NO. 1 (UNEXPIRED TERM)",DEM,15,15,3,"KEVIN BURCH",DEM,2,2,90,94,PITTSBURG
9/12/2017,"PITTSBURG","PITTSBURG COUNTY",12001,"FOR COUNTY COMMISSIONER DISTRICT NO. 1 (UNEXPIRED TERM)",DEM,15,15,4,"MIKE GRIVETTE",DEM,6,5,323,334,PITTSBURG
9/12/2017,"PITTSBURG","PITTSBURG COUNTY",12001,"FOR COUNTY COMMISSIONER DISTRICT NO. 1 (UNEXPIRED TERM)",DEM,15,15,5,"MARK HALL",DEM,0,1,65,66,PITTSBURG
9/12/2017,"PITTSBURG","PITTSBURG COUNTY",12001,"FOR COUNTY COMMISSIONER DISTRICT NO. 1 (UNEXPIRED TERM)",DEM,15,15,6,"CHARLES ROGERS",DEM,1,16,331,348,PITTSBURG
9/12/2017,"PITTSBURG","CITY OF HARTSHORNE",46101,"FOR COUNCILMEMBER, WARD NO. 3 (UNEXPIRED TERM)  CITY OF HARTSHORNE",,3,3,1,"EDDIE GORDON-KELLY",,4,1,146,151,PITTSBURG
9/12/2017,"PITTSBURG","CITY OF HARTSHORNE",46101,"FOR COUNCILMEMBER, WARD NO. 3 (UNEXPIRED TERM)  CITY OF HARTSHORNE",,3,3,2,"EVELYN J. BOTTS",,8,3,127,138,PITTSBURG
9/12/2017,"PITTSBURG","CITY OF HAILEYVILLE",46103,"FOR MAYOR (UNEXPIRED TERM)  CITY OF HAILEYVILLE",,2,2,1,"BRANDON ROBERTSON",,1,2,106,109,PITTSBURG
9/12/2017,"PITTSBURG","CITY OF HAILEYVILLE",46103,"FOR MAYOR (UNEXPIRED TERM)  CITY OF HAILEYVILLE",,2,2,2,"KATIE YOUNG",,0,1,37,38,PITTSBURG
9/12/2017,"PITTSBURG","TOWN OF QUINTON",46104,"FOR BOARD OF TRUSTEES (UNEXPIRED TERM)  TOWN OF QUINTON",,1,1,1,"JIMMY BOYD",,0,2,49,51,PITTSBURG
9/12/2017,"PITTSBURG","TOWN OF QUINTON",46104,"FOR BOARD OF TRUSTEES (UNEXPIRED TERM)  TOWN OF QUINTON",,1,1,2,"JENNIFFER FABER",,2,0,12,14,PITTSBURG
9/12/2017,"PONTOTOC","TOWN OF ROFF",46201,"FOR BOARD OF TRUSTEES (UNEXPIRED TERM)  TOWN OF ROFF",,1,1,1,"CHARLES HUNT",,2,0,37,39,PONTOTOC
9/12/2017,"PONTOTOC","TOWN OF ROFF",46201,"FOR BOARD OF TRUSTEES (UNEXPIRED TERM)  TOWN OF ROFF",,1,1,2,"ALFRED ATCHISON",,1,0,21,22,PONTOTOC
9/12/2017,"PONTOTOC","TOWN OF ROFF",46201,"FOR BOARD OF TRUSTEES (UNEXPIRED TERM)  TOWN OF ROFF",,1,1,3,"MARK WHITAKER",,3,0,29,32,PONTOTOC
9/12/2017,"PONTOTOC","ALLEN PUBLIC SCHOOLS INDEPENDENT SCHOOL DISTRICT NO. 001",56201,"PROPOSITION  ALLEN PUBLIC SCHOOLS",,2,2,1,"FOR THE PROPOSITION - YES",,1,0,160,161,,
9/12/2017,"PONTOTOC","ALLEN PUBLIC SCHOOLS INDEPENDENT SCHOOL DISTRICT NO. 001",56201,"PROPOSITION  ALLEN PUBLIC SCHOOLS",,2,2,2,"AGAINST THE PROPOSITION - NO",,4,1,102,107,,
9/12/2017,"PONTOTOC","LATTA PUBLIC SCHOOLS INDEPENDENT SCHOOL DISTRICT NO. 024",56202,"PROPOSITION NO. 1  LATTA PUBLIC SCHOOLS",,5,5,1,"FOR THE PROPOSITION - YES",,3,4,190,197,,
9/12/2017,"PONTOTOC","LATTA PUBLIC SCHOOLS INDEPENDENT SCHOOL DISTRICT NO. 024",56202,"PROPOSITION NO. 1  LATTA PUBLIC SCHOOLS",,5,5,2,"AGAINST THE PROPOSITION - NO",,3,7,68,78,,
9/12/2017,"PONTOTOC","LATTA PUBLIC SCHOOLS INDEPENDENT SCHOOL DISTRICT NO. 024",56203,"PROPOSITION NO. 2  LATTA PUBLIC SCHOOLS",,5,5,1,"FOR THE PROPOSITION - YES",,3,4,182,189,,
9/12/2017,"PONTOTOC","LATTA PUBLIC SCHOOLS INDEPENDENT SCHOOL DISTRICT NO. 024",56203,"PROPOSITION NO. 2  LATTA PUBLIC SCHOOLS",,5,5,2,"AGAINST THE PROPOSITION - NO",,3,7,75,85,,
9/12/2017,"POTTAWATOMIE","CITY OF OKLAHOMA CITY",45501,"PROPOSITION NO. 1 (STREETS)  CITY OF OKLAHOMA CITY",,1,1,1,"FOR THE PROPOSITION - YES",,0,0,0,0,,
9/12/2017,"POTTAWATOMIE","CITY OF OKLAHOMA CITY",45501,"PROPOSITION NO. 1 (STREETS)  CITY OF OKLAHOMA CITY",,1,1,2,"AGAINST THE PROPOSITION - NO",,0,0,0,0,,
9/12/2017,"POTTAWATOMIE","CITY OF OKLAHOMA CITY",45502,"PROPOSITION NO. 2 (BRIDGES)  CITY OF OKLAHOMA CITY",,1,1,1,"FOR THE PROPOSITION - YES",,0,0,0,0,,
9/12/2017,"POTTAWATOMIE","CITY OF OKLAHOMA CITY",45502,"PROPOSITION NO. 2 (BRIDGES)  CITY OF OKLAHOMA CITY",,1,1,2,"AGAINST THE PROPOSITION - NO",,0,0,0,0,,
9/12/2017,"POTTAWATOMIE","CITY OF OKLAHOMA CITY",45503,"PROPOSITION NO. 3 (TRAFFIC CONTROL SYSTEM)  CITY OF OKLAHOMA CITY",,1,1,1,"FOR THE PROPOSITION - YES",,0,0,0,0,,
9/12/2017,"POTTAWATOMIE","CITY OF OKLAHOMA CITY",45503,"PROPOSITION NO. 3 (TRAFFIC CONTROL SYSTEM)  CITY OF OKLAHOMA CITY",,1,1,2,"AGAINST THE PROPOSITION - NO",,0,0,0,0,,
9/12/2017,"POTTAWATOMIE","CITY OF OKLAHOMA CITY",45504,"PROPOSITION NO. 4 (ECONOMIC AND COMMUNITY DEVELOPMENT INCLUDING JOB CREATION PROGRAMS)  CITY OF OKLA",,1,1,1,"FOR THE PROPOSITION - YES",,0,0,0,0,,
9/12/2017,"POTTAWATOMIE","CITY OF OKLAHOMA CITY",45504,"PROPOSITION NO. 4 (ECONOMIC AND COMMUNITY DEVELOPMENT INCLUDING JOB CREATION PROGRAMS)  CITY OF OKLA",,1,1,2,"AGAINST THE PROPOSITION - NO",,0,0,0,0,,
9/12/2017,"POTTAWATOMIE","CITY OF OKLAHOMA CITY",45505,"PROPOSITION NO. 5 (PARKS AND RECREATIONAL FACILITIES)  CITY OF OKLAHOMA CITY",,1,1,1,"FOR THE PROPOSITION - YES",,0,0,0,0,,
9/12/2017,"POTTAWATOMIE","CITY OF OKLAHOMA CITY",45505,"PROPOSITION NO. 5 (PARKS AND RECREATIONAL FACILITIES)  CITY OF OKLAHOMA CITY",,1,1,2,"AGAINST THE PROPOSITION - NO",,0,0,0,0,,
9/12/2017,"POTTAWATOMIE","CITY OF OKLAHOMA CITY",45506,"PROPOSITION NO. 6 (LIBRARIES)  CITY OF OKLAHOMA CITY",,1,1,1,"FOR THE PROPOSITION - YES",,0,0,0,0,,
9/12/2017,"POTTAWATOMIE","CITY OF OKLAHOMA CITY",45506,"PROPOSITION NO. 6 (LIBRARIES)  CITY OF OKLAHOMA CITY",,1,1,2,"AGAINST THE PROPOSITION - NO",,0,0,0,0,,
9/12/2017,"POTTAWATOMIE","CITY OF OKLAHOMA CITY",45507,"PROPOSITION NO. 7 (CIVIC CENTER COMPLEX)  CITY OF OKLAHOMA CITY",,1,1,1,"FOR THE PROPOSITION - YES",,0,0,0,0,,
9/12/2017,"POTTAWATOMIE","CITY OF OKLAHOMA CITY",45507,"PROPOSITION NO. 7 (CIVIC CENTER COMPLEX)  CITY OF OKLAHOMA CITY",,1,1,2,"AGAINST THE PROPOSITION - NO",,0,0,0,0,,
9/12/2017,"POTTAWATOMIE","CITY OF OKLAHOMA CITY",45508,"PROPOSITION NO. 8 (TRANSIT)  CITY OF OKLAHOMA CITY",,1,1,1,"FOR THE PROPOSITION - YES",,0,0,0,0,,
9/12/2017,"POTTAWATOMIE","CITY OF OKLAHOMA CITY",45508,"PROPOSITION NO. 8 (TRANSIT)  CITY OF OKLAHOMA CITY",,1,1,2,"AGAINST THE PROPOSITION - NO",,0,0,0,0,,
9/12/2017,"POTTAWATOMIE","CITY OF OKLAHOMA CITY",45509,"PROPOSITION NO. 9 (CENTRAL MAINTENANCE FACILITIES COMPLEX)  CITY OF OKLAHOMA CITY",,1,1,1,"FOR THE PROPOSITION - YES",,0,0,0,0,,
9/12/2017,"POTTAWATOMIE","CITY OF OKLAHOMA CITY",45509,"PROPOSITION NO. 9 (CENTRAL MAINTENANCE FACILITIES COMPLEX)  CITY OF OKLAHOMA CITY",,1,1,2,"AGAINST THE PROPOSITION - NO",,0,0,0,0,,
9/12/2017,"POTTAWATOMIE","CITY OF OKLAHOMA CITY",45510,"PROPOSITION NO. 10 (DRAINAGE CONTROL SYSTEM)  CITY OF OKLAHOMA CITY",,1,1,1,"FOR THE PROPOSITION - YES",,0,0,0,0,,
9/12/2017,"POTTAWATOMIE","CITY OF OKLAHOMA CITY",45510,"PROPOSITION NO. 10 (DRAINAGE CONTROL SYSTEM)  CITY OF OKLAHOMA CITY",,1,1,2,"AGAINST THE PROPOSITION - NO",,0,0,0,0,,
9/12/2017,"POTTAWATOMIE","CITY OF OKLAHOMA CITY",45511,"PROPOSITION NO. 11 (DOWNTOWN CITY ARENA)  CITY OF OKLAHOMA CITY",,1,1,1,"FOR THE PROPOSITION - YES",,0,0,0,0,,
9/12/2017,"POTTAWATOMIE","CITY OF OKLAHOMA CITY",45511,"PROPOSITION NO. 11 (DOWNTOWN CITY ARENA)  CITY OF OKLAHOMA CITY",,1,1,2,"AGAINST THE PROPOSITION - NO",,0,0,0,0,,
9/12/2017,"POTTAWATOMIE","CITY OF OKLAHOMA CITY",45512,"PROPOSITION NO. 12 (POLICE)  CITY OF OKLAHOMA CITY",,1,1,1,"FOR THE PROPOSITION - YES",,0,0,0,0,,
9/12/2017,"POTTAWATOMIE","CITY OF OKLAHOMA CITY",45512,"PROPOSITION NO. 12 (POLICE)  CITY OF OKLAHOMA CITY",,1,1,2,"AGAINST THE PROPOSITION - NO",,0,0,0,0,,
9/12/2017,"POTTAWATOMIE","CITY OF OKLAHOMA CITY",45513,"PROPOSITION NO. 13 (FIRE)  CITY OF OKLAHOMA CITY",,1,1,1,"FOR THE PROPOSITION - YES",,0,0,0,0,,
9/12/2017,"POTTAWATOMIE","CITY OF OKLAHOMA CITY",45513,"PROPOSITION NO. 13 (FIRE)  CITY OF OKLAHOMA CITY",,1,1,2,"AGAINST THE PROPOSITION - NO",,0,0,0,0,,
9/12/2017,"POTTAWATOMIE","CITY OF OKC",60551,"ORDINANCE NO. 25,750  CITY OF OKC",,1,1,1,"FOR THE PROPOSITION - YES",,0,0,0,0,,
9/12/2017,"POTTAWATOMIE","CITY OF OKC",60551,"ORDINANCE NO. 25,750  CITY OF OKC",,1,1,2,"AGAINST THE PROPOSITION - NO",,0,0,0,0,,
9/12/2017,"POTTAWATOMIE","CITY OF OKC",60552,"ORDINANCE NO. 25,751  CITY OF OKC",,1,1,1,"FOR THE PROPOSITION - YES",,0,0,0,0,,
9/12/2017,"POTTAWATOMIE","CITY OF OKC",60552,"ORDINANCE NO. 25,751  CITY OF OKC",,1,1,2,"AGAINST THE PROPOSITION - NO",,0,0,0,0,,
9/12/2017,"PUSHMATAHA","PUSHMATAHA COUNTY",30004,"PROPOSITION NO. 1",,16,16,1,"FOR THE PROPOSITION - YES",,7,45,618,670,,
9/12/2017,"PUSHMATAHA","PUSHMATAHA COUNTY",30004,"PROPOSITION NO. 1",,16,16,2,"AGAINST THE PROPOSITION - NO",,9,15,309,333,,
9/12/2017,"PUSHMATAHA","PUSHMATAHA COUNTY",30007,"PROPOSITION NO. 2",,16,16,1,"FOR THE PROPOSITION - YES",,10,45,731,786,,
9/12/2017,"PUSHMATAHA","PUSHMATAHA COUNTY",30007,"PROPOSITION NO. 2",,16,16,2,"AGAINST THE PROPOSITION - NO",,6,16,201,223,,
9/12/2017,"PUSHMATAHA","PUSHMATAHA COUNTY",30008,"PROPOSITION NO. 3",,16,16,1,"FOR THE PROPOSITION - YES",,9,50,713,772,,
9/12/2017,"PUSHMATAHA","PUSHMATAHA COUNTY",30008,"PROPOSITION NO. 3",,16,16,2,"AGAINST THE PROPOSITION - NO",,7,10,218,235,,
9/12/2017,"SEMINOLE","SEMINOLE PUBLIC SCHOOLS INDEPENDENT SCHOOL DISTRICT NO. 001",56701,"PROPOSITION  SEMINOLE PUBLIC SCHOOLS",,6,6,1,"FOR THE PROPOSITION - YES",,27,33,932,992,,
9/12/2017,"SEMINOLE","SEMINOLE PUBLIC SCHOOLS INDEPENDENT SCHOOL DISTRICT NO. 001",56701,"PROPOSITION  SEMINOLE PUBLIC SCHOOLS",,6,6,2,"AGAINST THE PROPOSITION - NO",,16,13,410,439,,
9/12/2017,"SEQUOYAH","BRUSHY PUBLIC SCHOOL ELEMENTARY SCHOOL DISTRICT NO. 036",56801,"PROPOSITION  BRUSHY PUBLIC SCHOOL",,4,4,1,"FOR THE PROPOSITION - YES",,0,0,70,70,,
9/12/2017,"SEQUOYAH","BRUSHY PUBLIC SCHOOL ELEMENTARY SCHOOL DISTRICT NO. 036",56801,"PROPOSITION  BRUSHY PUBLIC SCHOOL",,4,4,2,"AGAINST THE PROPOSITION - NO",,0,0,2,2,,
9/12/2017,"STEPHENS","VELMA-ALMA PUBLIC SCHOOLS INDEPENDENT SCHOOL DISTRICT NO. 015",56901,"PROPOSITION  VELMA-ALMA PUBLIC SCHOOLS",,5,5,1,"FOR THE PROPOSITION - YES",,0,3,196,199,,
9/12/2017,"STEPHENS","VELMA-ALMA PUBLIC SCHOOLS INDEPENDENT SCHOOL DISTRICT NO. 015",56901,"PROPOSITION  VELMA-ALMA PUBLIC SCHOOLS",,5,5,2,"AGAINST THE PROPOSITION - NO",,2,0,6,8,,
9/12/2017,"TULSA","TULSA COUNTY",11002,"FOR STATE SENATOR DISTRICT 37 (UNEXPIRED TERM)",REP,28,28,1,"BRIAN M. JACKSON",REP,6,1,40,47,,
9/12/2017,"TULSA","TULSA COUNTY",11002,"FOR STATE SENATOR DISTRICT 37 (UNEXPIRED TERM)",REP,28,28,2,"GRADY GRANT",REP,3,1,8,12,,
9/12/2017,"TULSA","TULSA COUNTY",11002,"FOR STATE SENATOR DISTRICT 37 (UNEXPIRED TERM)",REP,28,28,3,"BRIAN O'HARA",REP,23,8,815,846,,
9/12/2017,"TULSA","TULSA COUNTY",11002,"FOR STATE SENATOR DISTRICT 37 (UNEXPIRED TERM)",REP,28,28,4,"PHIL NOLLAN",REP,14,5,630,649,,
9/12/2017,"TULSA","TULSA COUNTY",11002,"FOR STATE SENATOR DISTRICT 37 (UNEXPIRED TERM)",REP,28,28,5,"RICK HARDESTY",REP,8,1,96,105,,
9/12/2017,"TULSA","TULSA COUNTY",11002,"FOR STATE SENATOR DISTRICT 37 (UNEXPIRED TERM)",REP,28,28,6,"NICOLE NIXON",REP,3,0,133,136,,
9/12/2017,"TULSA","TULSA COUNTY",11002,"FOR STATE SENATOR DISTRICT 37 (UNEXPIRED TERM)",REP,28,28,7,"R. JAY McATEE",REP,8,7,209,224,,
9/12/2017,"TULSA","CITY OF SAPULPA",41901,"PROPOSITION  CITY OF SAPULPA",,2,2,1,"FOR THE PROPOSITION - YES",,0,0,0,0,,
9/12/2017,"TULSA","CITY OF SAPULPA",41901,"PROPOSITION  CITY OF SAPULPA",,2,2,2,"AGAINST THE PROPOSITION - NO",,0,0,2,2,,
9/12/2017,"WOODS","CITY OF WAYNOKA",47601,"FOR MAYOR (UNEXPIRED TERM)  CITY OF WAYNOKA",,1,1,1,"SUSAN BRADFORD",,1,2,100,103,WOODS
9/12/2017,"WOODS","CITY OF WAYNOKA",47601,"FOR MAYOR (UNEXPIRED TERM)  CITY OF WAYNOKA",,1,1,2,"BRAD PEROT",,1,3,56,60,WOODS
9/12/2017,"WOODS","FREEDOM PUBLIC SCHOOLS INDEPENDENT SCHOOL DISTRICT NO. 006",57601,"FOR OFFICE NO. 5 (UNEXPIRED TERM)  FREEDOM PUBLIC SCHOOLS",,1,1,1,"SHANE MORRIS",,6,1,97,104,WOODS
9/12/2017,"WOODS","FREEDOM PUBLIC SCHOOLS INDEPENDENT SCHOOL DISTRICT NO. 006",57601,"FOR OFFICE NO. 5 (UNEXPIRED TERM)  FREEDOM PUBLIC SCHOOLS",,1,1,2,"RAUL GALINDO",,2,4,76,82,WOODS
9/12/2017,"WOODWARD","WOODWARD COUNTY",11003,"FOR COUNTY COMMISSIONER DISTRICT NO. 1 (UNEXPIRED TERM)",REP,5,5,1,"TROY WHITE",REP,1,10,222,233,WOODWARD
9/12/2017,"WOODWARD","WOODWARD COUNTY",11003,"FOR COUNTY COMMISSIONER DISTRICT NO. 1 (UNEXPIRED TERM)",REP,5,5,2,"DAVID DEZORT",REP,3,4,60,67,WOODWARD
9/12/2017,"WOODWARD","WOODWARD COUNTY",11003,"FOR COUNTY COMMISSIONER DISTRICT NO. 1 (UNEXPIRED TERM)",REP,5,5,3,"STEVE DAY",REP,6,22,120,148,WOODWARD
9/12/2017,"WOODWARD","VICI PUBLIC SCHOOLS INDEPENDENT SCHOOL DISTRICT NO. 005",52201,"PROPOSITION  VICI PUBLIC SCHOOLS",,2,2,1,"FOR THE PROPOSITION - YES",,2,0,12,14,,
9/12/2017,"WOODWARD","VICI PUBLIC SCHOOLS INDEPENDENT SCHOOL DISTRICT NO. 005",52201,"PROPOSITION  VICI PUBLIC SCHOOLS",,2,2,2,"AGAINST THE PROPOSITION - NO",,0,0,13,13,,
9/12/2017,"WOODWARD","ARNETT PUBLIC SCHOOLS INDEPENDENT SCHOOL DISTRICT NO. 003",52301,"PROPOSITION  ARNETT PUBLIC SCHOOLS",,1,1,1,"FOR THE PROPOSITION - YES",,0,0,0,0,,
9/12/2017,"WOODWARD","ARNETT PUBLIC SCHOOLS INDEPENDENT SCHOOL DISTRICT NO. 003",52301,"PROPOSITION  ARNETT PUBLIC SCHOOLS",,1,1,2,"AGAINST THE PROPOSITION - NO",,0,0,1,1,,
9/12/2017,"WOODWARD","FREEDOM PUBLIC SCHOOLS INDEPENDENT SCHOOL DISTRICT NO. 006",57601,"FOR OFFICE NO. 5 (UNEXPIRED TERM)  FREEDOM PUBLIC SCHOOLS",,1,1,1,"SHANE MORRIS",,0,0,11,11,WOODWARD
9/12/2017,"WOODWARD","FREEDOM PUBLIC SCHOOLS INDEPENDENT SCHOOL DISTRICT NO. 006",57601,"FOR OFFICE NO. 5 (UNEXPIRED TERM)  FREEDOM PUBLIC SCHOOLS",,1,1,2,"RAUL GALINDO",,0,1,9,10,WOODWARD
