elec_date,county,entity_description,race_number,race_description,race_party,tot_race_prec,race_prec_reporting,cand_number,cand_name,cand_party,cand_absmail_votes,cand_early_votes,cand_elecday_votes,cand_tot_votes,race_county_owner
9/10/2013,"BLAINE","FAIRVIEW PUBLIC SCHOOLS",54701,"PROPOSITION NO. 1  FAIRVIEW PUBLIC SCHOOLS",,1,1,1,"FOR THE PROPOSITION - YES",,0,3,0,3,,
9/10/2013,"BLAINE","FAIRVIEW PUBLIC SCHOOLS",54701,"PROPOSITION NO. 1  FAIRVIEW PUBLIC SCHOOLS",,1,1,2,"AGAINST THE PROPOSITION - NO",,0,0,0,0,,
9/10/2013,"BLAINE","FAIRVIEW PUBLIC SCHOOLS",54702,"PROPOSITION NO. 2  FAIRVIEW PUBLIC SCHOOLS",,1,1,1,"FOR THE PROPOSITION - YES",,0,3,0,3,,
9/10/2013,"BLAINE","FAIRVIEW PUBLIC SCHOOLS",54702,"PROPOSITION NO. 2  FAIRVIEW PUBLIC SCHOOLS",,1,1,2,"AGAINST THE PROPOSITION - NO",,0,0,0,0,,
9/10/2013,"BRYAN","TOWN OF BOKCHITO",40701,"FOR BOARD OF TRUSTEES (UNEXPIRED TERM)  TOWN OF BOKCHITO",,1,1,1,"JOHNNY ASHBY",,0,0,45,45,,
9/10/2013,"BRYAN","TOWN OF BOKCHITO",40701,"FOR BOARD OF TRUSTEES (UNEXPIRED TERM)  TOWN OF BOKCHITO",,1,1,2,"KIM McGOVERN",,0,2,34,36,,
9/10/2013,"BRYAN","TOWN OF BOKCHITO",40702,"FOR BOARD OF TRUSTEES (UNEXPIRED TERM)  TOWN OF BOKCHITO",,1,1,1,"MARK GREEN",,0,0,39,39,,
9/10/2013,"BRYAN","TOWN OF BOKCHITO",40702,"FOR BOARD OF TRUSTEES (UNEXPIRED TERM)  TOWN OF BOKCHITO",,1,1,2,"JIMMIE W. LONG",,0,0,26,26,,
9/10/2013,"BRYAN","TOWN OF BOKCHITO",40702,"FOR BOARD OF TRUSTEES (UNEXPIRED TERM)  TOWN OF BOKCHITO",,1,1,3,"ELLEN HAISLIP",,0,0,9,9,,
9/10/2013,"BRYAN","TOWN OF BOKCHITO",40702,"FOR BOARD OF TRUSTEES (UNEXPIRED TERM)  TOWN OF BOKCHITO",,1,1,4,"JOHN M. GIBSON",,0,2,6,8,,
9/10/2013,"BRYAN","COLBERT PUBLIC SCHOOLS",50701,"PROPOSITION  COLBERT PUBLIC SCHOOLS",,3,3,1,"FOR THE PROPOSITION - YES",,7,0,135,142,,
9/10/2013,"BRYAN","COLBERT PUBLIC SCHOOLS",50701,"PROPOSITION  COLBERT PUBLIC SCHOOLS",,3,3,2,"AGAINST THE PROPOSITION - NO",,2,0,66,68,,
9/10/2013,"CADDO","PIONEER PUBLIC SCHOOL",52601,"PROPOSITION  PIONEER PUBLIC SCHOOL",,1,1,1,"FOR THE PROPOSITION - YES",,0,0,0,0,,
9/10/2013,"CADDO","PIONEER PUBLIC SCHOOL",52601,"PROPOSITION  PIONEER PUBLIC SCHOOL",,1,1,2,"AGAINST THE PROPOSITION - NO",,0,0,0,0,,
9/10/2013,"CARTER","CITY OF ARDMORE",41001,"PROPOSITION  CITY OF ARDMORE",,12,12,1,"FOR THE PROPOSITION - YES",,40,139,1022,1201,,
9/10/2013,"CARTER","CITY OF ARDMORE",41001,"PROPOSITION  CITY OF ARDMORE",,12,12,2,"AGAINST THE PROPOSITION - NO",,26,33,658,717,,
9/10/2013,"CHOCTAW","HUGO PUBLIC SCHOOLS",51201,"PROPOSITION  HUGO PUBLIC SCHOOLS",,9,9,1,"FOR THE PROPOSITION - YES",,16,244,853,1113,,
9/10/2013,"CHOCTAW","HUGO PUBLIC SCHOOLS",51201,"PROPOSITION  HUGO PUBLIC SCHOOLS",,9,9,2,"AGAINST THE PROPOSITION - NO",,4,43,262,309,,
9/10/2013,"CREEK","MILFAY PUBLIC SCHOOL",51901,"PROPOSITION  MILFAY PUBLIC SCHOOL",,3,3,1,"FOR THE PROPOSITION - YES",,0,1,76,77,,
9/10/2013,"CREEK","MILFAY PUBLIC SCHOOL",51901,"PROPOSITION  MILFAY PUBLIC SCHOOL",,3,3,2,"AGAINST THE PROPOSITION - NO",,0,0,40,40,,
9/10/2013,"DELAWARE","SPAVINAW PUBLIC SCHOOL",54901,"PROPOSITION  SPAVINAW PUBLIC SCHOOL",,1,1,1,"FOR THE PROPOSITION - YES",,0,0,0,0,,
9/10/2013,"DELAWARE","SPAVINAW PUBLIC SCHOOL",54901,"PROPOSITION  SPAVINAW PUBLIC SCHOOL",,1,1,2,"AGAINST THE PROPOSITION - NO",,0,0,0,0,,
9/10/2013,"GARFIELD","CHISHOLM PUBLIC SCHOOLS",52401,"PROPOSITION  CHISHOLM PUBLIC SCHOOLS",,11,11,1,"FOR THE PROPOSITION - YES",,23,44,513,580,,
9/10/2013,"GARFIELD","CHISHOLM PUBLIC SCHOOLS",52401,"PROPOSITION  CHISHOLM PUBLIC SCHOOLS",,11,11,2,"AGAINST THE PROPOSITION - NO",,16,3,152,171,,
9/10/2013,"GARVIN","CITY OF LINDSAY",42502,"FOR COUNCILMEMBER (UNEXPIRED TERM)  CITY OF LINDSAY",,2,2,1,"SCOTT McPHERSON",,6,0,54,60,,
9/10/2013,"GARVIN","CITY OF LINDSAY",42502,"FOR COUNCILMEMBER (UNEXPIRED TERM)  CITY OF LINDSAY",,2,2,2,"RONNY HARRELL",,1,0,30,31,,
9/10/2013,"GARVIN","ELMORE CITY-PERNELL SCHOOLS",52501,"PROPOSITION  ELMORE CITY-PERNELL SCHOOLS",,5,5,1,"FOR THE PROPOSITION - YES",,4,17,186,207,,
9/10/2013,"GARVIN","ELMORE CITY-PERNELL SCHOOLS",52501,"PROPOSITION  ELMORE CITY-PERNELL SCHOOLS",,5,5,2,"AGAINST THE PROPOSITION - NO",,3,10,327,340,,
9/10/2013,"GRADY","CITY OF CHICKASHA",42601,"PROPOSITION  CITY OF CHICKASHA",,10,10,1,"FOR THE PROPOSITION - YES",,28,61,698,787,,
9/10/2013,"GRADY","CITY OF CHICKASHA",42601,"PROPOSITION  CITY OF CHICKASHA",,10,10,2,"AGAINST THE PROPOSITION - NO",,12,39,473,524,,
9/10/2013,"GRADY","PIONEER PUBLIC SCHOOL",52601,"PROPOSITION  PIONEER PUBLIC SCHOOL",,6,6,1,"FOR THE PROPOSITION - YES",,4,2,59,65,,
9/10/2013,"GRADY","PIONEER PUBLIC SCHOOL",52601,"PROPOSITION  PIONEER PUBLIC SCHOOL",,6,6,2,"AGAINST THE PROPOSITION - NO",,0,0,4,4,,
9/10/2013,"HARPER","TOWN OF BUFFALO",43001,"PROPOSITION  TOWN OF BUFFALO",,2,2,1,"FOR THE PROPOSITION - YES",,3,18,63,84,,
9/10/2013,"HARPER","TOWN OF BUFFALO",43001,"PROPOSITION  TOWN OF BUFFALO",,2,2,2,"AGAINST THE PROPOSITION - NO",,0,0,0,0,,
9/10/2013,"HARPER","TOWN OF LAVERNE",43002,"PROPOSITION  TOWN OF LAVERNE",,2,2,1,"FOR THE PROPOSITION - YES",,1,0,29,30,,
9/10/2013,"HARPER","TOWN OF LAVERNE",43002,"PROPOSITION  TOWN OF LAVERNE",,2,2,2,"AGAINST THE PROPOSITION - NO",,3,1,83,87,,
9/10/2013,"JACKSON","CITY OF ALTUS",43301,"PROPOSITION  CITY OF ALTUS",,8,8,1,"FOR THE PROPOSITION - YES",,14,63,596,673,,
9/10/2013,"JACKSON","CITY OF ALTUS",43301,"PROPOSITION  CITY OF ALTUS",,8,8,2,"AGAINST THE PROPOSITION - NO",,5,28,201,234,,
9/10/2013,"JEFFERSON","RYAN PUBLIC SCHOOLS",53401,"PROPOSITION  RYAN PUBLIC SCHOOLS",,4,4,1,"FOR THE PROPOSITION - YES",,11,3,127,141,,
9/10/2013,"JEFFERSON","RYAN PUBLIC SCHOOLS",53401,"PROPOSITION  RYAN PUBLIC SCHOOLS",,4,4,2,"AGAINST THE PROPOSITION - NO",,2,2,73,77,,
9/10/2013,"LEFLORE","TOWN OF CAMERON",44001,"PROPOSITION  TOWN OF CAMERON",,1,1,1,"FOR THE PROPOSITION - YES",,0,0,11,11,,
9/10/2013,"LEFLORE","TOWN OF CAMERON",44001,"PROPOSITION  TOWN OF CAMERON",,1,1,2,"AGAINST THE PROPOSITION - NO",,0,0,9,9,,
9/10/2013,"LINCOLN","HARRAH PUBLIC SCHOOLS",55501,"PROPOSITION  HARRAH PUBLIC SCHOOLS",,2,2,1,"FOR THE PROPOSITION - YES",,2,0,81,83,,
9/10/2013,"LINCOLN","HARRAH PUBLIC SCHOOLS",55501,"PROPOSITION  HARRAH PUBLIC SCHOOLS",,2,2,2,"AGAINST THE PROPOSITION - NO",,3,0,46,49,,
9/10/2013,"MCCURTAIN","IDABEL PUBLIC SCHOOLS",54501,"PROPOSITION NO. 1  IDABEL PUBLIC SCHOOLS",,12,12,1,"FOR THE PROPOSITION - YES",,3,10,300,313,,
9/10/2013,"MCCURTAIN","IDABEL PUBLIC SCHOOLS",54501,"PROPOSITION NO. 1  IDABEL PUBLIC SCHOOLS",,12,12,2,"AGAINST THE PROPOSITION - NO",,0,3,52,55,,
9/10/2013,"MCCURTAIN","IDABEL PUBLIC SCHOOLS",54502,"PROPOSITION NO. 2  IDABEL PUBLIC SCHOOLS",,12,12,1,"FOR THE PROPOSITION - YES",,5,9,308,322,,
9/10/2013,"MCCURTAIN","IDABEL PUBLIC SCHOOLS",54502,"PROPOSITION NO. 2  IDABEL PUBLIC SCHOOLS",,12,12,2,"AGAINST THE PROPOSITION - NO",,0,4,52,56,,
9/10/2013,"MAJOR","CHISHOLM PUBLIC SCHOOLS",52401,"PROPOSITION  CHISHOLM PUBLIC SCHOOLS",,1,1,1,"FOR THE PROPOSITION - YES",,0,0,0,0,,
9/10/2013,"MAJOR","CHISHOLM PUBLIC SCHOOLS",52401,"PROPOSITION  CHISHOLM PUBLIC SCHOOLS",,1,1,2,"AGAINST THE PROPOSITION - NO",,0,0,0,0,,
9/10/2013,"MAJOR","FAIRVIEW PUBLIC SCHOOLS",54701,"PROPOSITION NO. 1  FAIRVIEW PUBLIC SCHOOLS",,3,3,1,"FOR THE PROPOSITION - YES",,21,40,293,354,,
9/10/2013,"MAJOR","FAIRVIEW PUBLIC SCHOOLS",54701,"PROPOSITION NO. 1  FAIRVIEW PUBLIC SCHOOLS",,3,3,2,"AGAINST THE PROPOSITION - NO",,6,6,37,49,,
9/10/2013,"MAJOR","FAIRVIEW PUBLIC SCHOOLS",54702,"PROPOSITION NO. 2  FAIRVIEW PUBLIC SCHOOLS",,3,3,1,"FOR THE PROPOSITION - YES",,23,36,285,344,,
9/10/2013,"MAJOR","FAIRVIEW PUBLIC SCHOOLS",54702,"PROPOSITION NO. 2  FAIRVIEW PUBLIC SCHOOLS",,3,3,2,"AGAINST THE PROPOSITION - NO",,5,10,48,63,,
9/10/2013,"MARSHALL","MADILL PUBLIC SCHOOLS",54801,"PROPOSITION NO. 1  MADILL PUBLIC SCHOOLS",,8,8,1,"FOR THE PROPOSITION - YES",,8,23,440,471,,
9/10/2013,"MARSHALL","MADILL PUBLIC SCHOOLS",54801,"PROPOSITION NO. 1  MADILL PUBLIC SCHOOLS",,8,8,2,"AGAINST THE PROPOSITION - NO",,17,25,207,249,,
9/10/2013,"MARSHALL","MADILL PUBLIC SCHOOLS",54802,"PROPOSITION NO. 2  MADILL PUBLIC SCHOOLS",,8,8,1,"FOR THE PROPOSITION - YES",,8,25,446,479,,
9/10/2013,"MARSHALL","MADILL PUBLIC SCHOOLS",54802,"PROPOSITION NO. 2  MADILL PUBLIC SCHOOLS",,8,8,2,"AGAINST THE PROPOSITION - NO",,17,23,205,245,,
9/10/2013,"MAYES","SPAVINAW PUBLIC SCHOOL",54901,"PROPOSITION  SPAVINAW PUBLIC SCHOOL",,2,2,1,"FOR THE PROPOSITION - YES",,3,0,29,32,,
9/10/2013,"MAYES","SPAVINAW PUBLIC SCHOOL",54901,"PROPOSITION  SPAVINAW PUBLIC SCHOOL",,2,2,2,"AGAINST THE PROPOSITION - NO",,0,1,25,26,,
9/10/2013,"MAYES","INOLA PUBLIC SCHOOLS",56601,"PROPOSITION NO. 1  INOLA PUBLIC SCHOOLS",,2,2,1,"FOR THE PROPOSITION - YES",,0,0,2,2,,
9/10/2013,"MAYES","INOLA PUBLIC SCHOOLS",56601,"PROPOSITION NO. 1  INOLA PUBLIC SCHOOLS",,2,2,2,"AGAINST THE PROPOSITION - NO",,0,0,0,0,,
9/10/2013,"MAYES","INOLA PUBLIC SCHOOLS",56602,"PROPOSITION NO. 2  INOLA PUBLIC SCHOOLS",,2,2,1,"FOR THE PROPOSITION - YES",,0,0,2,2,,
9/10/2013,"MAYES","INOLA PUBLIC SCHOOLS",56602,"PROPOSITION NO. 2  INOLA PUBLIC SCHOOLS",,2,2,2,"AGAINST THE PROPOSITION - NO",,0,0,0,0,,
9/10/2013,"MURRAY","ELMORE CITY-PERNELL SCHOOLS",52501,"PROPOSITION  ELMORE CITY-PERNELL SCHOOLS",,1,1,1,"FOR THE PROPOSITION - YES",,0,0,0,0,,
9/10/2013,"MURRAY","ELMORE CITY-PERNELL SCHOOLS",52501,"PROPOSITION  ELMORE CITY-PERNELL SCHOOLS",,1,1,2,"AGAINST THE PROPOSITION - NO",,0,0,0,0,,
9/10/2013,"OKLAHOMA","TOWN OF VALLEY BROOK",45501,"FOR BOARD OF TRUSTEES, OFFICE NO. 1 (UNEXPIRED TERM)  TOWN OF VALLEY BROOK",,1,1,1,"MARY J NELSON",,0,0,29,29,,
9/10/2013,"OKLAHOMA","TOWN OF VALLEY BROOK",45501,"FOR BOARD OF TRUSTEES, OFFICE NO. 1 (UNEXPIRED TERM)  TOWN OF VALLEY BROOK",,1,1,2,"TERRY FERGUSON",,0,0,23,23,,
9/10/2013,"OKLAHOMA","TOWN OF VALLEY BROOK",45501,"FOR BOARD OF TRUSTEES, OFFICE NO. 1 (UNEXPIRED TERM)  TOWN OF VALLEY BROOK",,1,1,3,"ALLISON BUZZ ADKISSON",,0,0,7,7,,
9/10/2013,"OKLAHOMA","HARRAH PUBLIC SCHOOLS",55501,"PROPOSITION  HARRAH PUBLIC SCHOOLS",,5,5,1,"FOR THE PROPOSITION - YES",,17,1,852,870,,
9/10/2013,"OKLAHOMA","HARRAH PUBLIC SCHOOLS",55501,"PROPOSITION  HARRAH PUBLIC SCHOOLS",,5,5,2,"AGAINST THE PROPOSITION - NO",,21,1,757,779,,
9/10/2013,"OSAGE","BOWRING PUBLIC SCHOOL",55701,"PROPOSITION  BOWRING PUBLIC SCHOOL",,4,4,1,"FOR THE PROPOSITION - YES",,5,0,42,47,,
9/10/2013,"OSAGE","BOWRING PUBLIC SCHOOL",55701,"PROPOSITION  BOWRING PUBLIC SCHOOL",,4,4,2,"AGAINST THE PROPOSITION - NO",,0,0,3,3,,
9/10/2013,"OSAGE","WYNONA PUBLIC SCHOOLS",55702,"PROPOSITION NO. 1  WYNONA PUBLIC SCHOOLS",,4,4,1,"FOR THE PROPOSITION - YES",,0,2,40,42,,
9/10/2013,"OSAGE","WYNONA PUBLIC SCHOOLS",55702,"PROPOSITION NO. 1  WYNONA PUBLIC SCHOOLS",,4,4,2,"AGAINST THE PROPOSITION - NO",,2,0,16,18,,
9/10/2013,"OSAGE","WYNONA PUBLIC SCHOOLS",55703,"PROPOSITION NO. 2  WYNONA PUBLIC SCHOOLS",,4,4,1,"FOR THE PROPOSITION - YES",,0,2,40,42,,
9/10/2013,"OSAGE","WYNONA PUBLIC SCHOOLS",55703,"PROPOSITION NO. 2  WYNONA PUBLIC SCHOOLS",,4,4,2,"AGAINST THE PROPOSITION - NO",,2,0,17,19,,
9/10/2013,"OSAGE","BARTLESVILLE PUBLIC SCHOOLS",57401,"PROPOSITION BARTLESVILLE PUBLIC SCHOOLS",,2,2,1,"FOR THE PROPOSITION - YES",,0,0,18,18,,
9/10/2013,"OSAGE","BARTLESVILLE PUBLIC SCHOOLS",57401,"PROPOSITION BARTLESVILLE PUBLIC SCHOOLS",,2,2,2,"AGAINST THE PROPOSITION - NO",,0,0,2,2,,
9/10/2013,"PAWNEE","CITY OF CLEVELAND",45901,"PROPOSITION  CITY OF CLEVELAND",,2,2,1,"FOR THE PROPOSITION - YES",,1,2,127,130,,
9/10/2013,"PAWNEE","CITY OF CLEVELAND",45901,"PROPOSITION  CITY OF CLEVELAND",,2,2,2,"AGAINST THE PROPOSITION - NO",,1,2,30,33,,
9/10/2013,"POTTAWATOMIE","HARRAH PUBLIC SCHOOLS",55501,"PROPOSITION  HARRAH PUBLIC SCHOOLS",,1,1,1,"FOR THE PROPOSITION - YES",,0,0,15,15,,
9/10/2013,"POTTAWATOMIE","HARRAH PUBLIC SCHOOLS",55501,"PROPOSITION  HARRAH PUBLIC SCHOOLS",,1,1,2,"AGAINST THE PROPOSITION - NO",,0,0,0,0,,
9/10/2013,"ROGERS","INOLA PUBLIC SCHOOLS",56601,"PROPOSITION NO. 1  INOLA PUBLIC SCHOOLS",,3,3,1,"FOR THE PROPOSITION - YES",,10,3,350,363,,
9/10/2013,"ROGERS","INOLA PUBLIC SCHOOLS",56601,"PROPOSITION NO. 1  INOLA PUBLIC SCHOOLS",,3,3,2,"AGAINST THE PROPOSITION - NO",,3,0,42,45,,
9/10/2013,"ROGERS","INOLA PUBLIC SCHOOLS",56602,"PROPOSITION NO. 2  INOLA PUBLIC SCHOOLS",,3,3,1,"FOR THE PROPOSITION - YES",,11,3,360,374,,
9/10/2013,"ROGERS","INOLA PUBLIC SCHOOLS",56602,"PROPOSITION NO. 2  INOLA PUBLIC SCHOOLS",,3,3,2,"AGAINST THE PROPOSITION - NO",,2,0,38,40,,
9/10/2013,"STEPHENS","ELMORE CITY-PERNELL SCHOOLS",52501,"PROPOSITION  ELMORE CITY-PERNELL SCHOOLS",,1,1,1,"FOR THE PROPOSITION - YES",,0,0,0,0,,
9/10/2013,"STEPHENS","ELMORE CITY-PERNELL SCHOOLS",52501,"PROPOSITION  ELMORE CITY-PERNELL SCHOOLS",,1,1,2,"AGAINST THE PROPOSITION - NO",,0,0,0,0,,
9/10/2013,"TEXAS","GUYMON PUBLIC SCHOOLS",57001,"PROPOSITION  GUYMON PUBLIC SCHOOLS",,8,8,1,"FOR THE PROPOSITION - YES",,8,10,294,312,,
9/10/2013,"TEXAS","GUYMON PUBLIC SCHOOLS",57001,"PROPOSITION  GUYMON PUBLIC SCHOOLS",,8,8,2,"AGAINST THE PROPOSITION - NO",,8,1,43,52,,
9/10/2013,"WAGONER","INOLA PUBLIC SCHOOLS",56601,"PROPOSITION NO. 1  INOLA PUBLIC SCHOOLS",,2,2,1,"FOR THE PROPOSITION - YES",,0,0,0,0,,
9/10/2013,"WAGONER","INOLA PUBLIC SCHOOLS",56601,"PROPOSITION NO. 1  INOLA PUBLIC SCHOOLS",,2,2,2,"AGAINST THE PROPOSITION - NO",,0,0,0,0,,
9/10/2013,"WAGONER","INOLA PUBLIC SCHOOLS",56602,"PROPOSITION NO. 2  INOLA PUBLIC SCHOOLS",,2,2,1,"FOR THE PROPOSITION - YES",,0,0,0,0,,
9/10/2013,"WAGONER","INOLA PUBLIC SCHOOLS",56602,"PROPOSITION NO. 2  INOLA PUBLIC SCHOOLS",,2,2,2,"AGAINST THE PROPOSITION - NO",,0,0,0,0,,
9/10/2013,"WASHINGTON","BARTLESVILLE PUBLIC SCHOOLS",57401,"PROPOSITION BARTLESVILLE PUBLIC SCHOOLS",,17,17,1,"FOR THE PROPOSITION - YES",,82,507,3831,4420,,
9/10/2013,"WASHINGTON","BARTLESVILLE PUBLIC SCHOOLS",57401,"PROPOSITION BARTLESVILLE PUBLIC SCHOOLS",,17,17,2,"AGAINST THE PROPOSITION - NO",,22,56,1299,1377,,
9/10/2013,"WOODS","CITY OF ALVA",47601,"PROPOSITION  CITY OF ALVA",,3,3,1,"FOR THE PROPOSITION - YES",,12,23,83,118,,
9/10/2013,"WOODS","CITY OF ALVA",47601,"PROPOSITION  CITY OF ALVA",,3,3,2,"AGAINST THE PROPOSITION - NO",,1,0,8,9,,
