elec_date,county,entity_description,race_number,race_description,race_party,tot_race_prec,race_prec_reporting,cand_number,cand_name,cand_party,cand_absmail_votes,cand_early_votes,cand_elecday_votes,cand_tot_votes,race_county_owner
11/12/2013,"BLAINE","TOWN OF GREENFIELD",40601,"PROPOSITION  TOWN OF GREENFIELD",,1,1,1,"FOR THE PROPOSITION - YES",,0,0,25,25,,
11/12/2013,"BLAINE","TOWN OF GREENFIELD",40601,"PROPOSITION  TOWN OF GREENFIELD",,1,1,2,"AGAINST THE PROPOSITION - NO",,0,0,0,0,,
11/12/2013,"CANADIAN","CITY OF EL RENO",40901,"FOR MAYOR  CITY OF EL RENO",,8,8,1,"RAY BROWN",,10,50,570,630,,
11/12/2013,"CANADIAN","CITY OF EL RENO",40901,"FOR MAYOR  CITY OF EL RENO",,8,8,2,"JOHN MARSHALL",,1,2,11,14,,
11/12/2013,"CANADIAN","CITY OF EL RENO",40901,"FOR MAYOR  CITY OF EL RENO",,8,8,3,"MATT WHITE",,24,241,996,1261,,
11/12/2013,"CANADIAN","CITY OF EL RENO",40901,"FOR MAYOR  CITY OF EL RENO",,8,8,4,"CLAUDE ALLEN WILKINSON",,0,0,6,6,,
11/12/2013,"CANADIAN","MUSTANG PUBLIC SCHOOLS",50901,"PROPOSITION NO. 1  MUSTANG PUBLIC SCHOOLS",,18,18,1,"FOR THE PROPOSITION - YES",,58,2,601,661,,
11/12/2013,"CANADIAN","MUSTANG PUBLIC SCHOOLS",50901,"PROPOSITION NO. 1  MUSTANG PUBLIC SCHOOLS",,18,18,2,"AGAINST THE PROPOSITION - NO",,58,4,430,492,,
11/12/2013,"CANADIAN","MUSTANG PUBLIC SCHOOLS",50902,"PROPOSITION NO. 2  MUSTANG PUBLIC SCHOOLS",,18,18,1,"FOR THE PROPOSITION - YES",,56,2,714,772,,
11/12/2013,"CANADIAN","MUSTANG PUBLIC SCHOOLS",50902,"PROPOSITION NO. 2  MUSTANG PUBLIC SCHOOLS",,18,18,2,"AGAINST THE PROPOSITION - NO",,60,4,321,385,,
11/12/2013,"CLEVELAND","CITY OF LEXINGTON",41401,"PROPOSITION  CITY OF LEXINGTON",,1,1,1,"FOR THE PROPOSITION - YES",,6,0,30,36,,
11/12/2013,"CLEVELAND","CITY OF LEXINGTON",41401,"PROPOSITION  CITY OF LEXINGTON",,1,1,2,"AGAINST THE PROPOSITION - NO",,0,1,7,8,,
11/12/2013,"CLEVELAND","CITY OF NORMAN",41402,"PROPOSITION  CITY OF NORMAN",,49,49,1,"FOR THE PROPOSITION - YES",,192,154,3764,4110,,
11/12/2013,"CLEVELAND","CITY OF NORMAN",41402,"PROPOSITION  CITY OF NORMAN",,49,49,2,"AGAINST THE PROPOSITION - NO",,87,64,1160,1311,,
11/12/2013,"CLEVELAND","MUSTANG PUBLIC SCHOOLS",50901,"PROPOSITION NO. 1  MUSTANG PUBLIC SCHOOLS",,1,1,1,"FOR THE PROPOSITION - YES",,2,0,1,3,,
11/12/2013,"CLEVELAND","MUSTANG PUBLIC SCHOOLS",50901,"PROPOSITION NO. 1  MUSTANG PUBLIC SCHOOLS",,1,1,2,"AGAINST THE PROPOSITION - NO",,0,0,4,4,,
11/12/2013,"CLEVELAND","MUSTANG PUBLIC SCHOOLS",50902,"PROPOSITION NO. 2  MUSTANG PUBLIC SCHOOLS",,1,1,1,"FOR THE PROPOSITION - YES",,2,0,1,3,,
11/12/2013,"CLEVELAND","MUSTANG PUBLIC SCHOOLS",50902,"PROPOSITION NO. 2  MUSTANG PUBLIC SCHOOLS",,1,1,2,"AGAINST THE PROPOSITION - NO",,0,0,4,4,,
11/12/2013,"COAL","COAL COUNTY",21151,"FOR COUNTY COMMISSIONER DISTRICT NO. 1 (UNEXPIRED TERM)",DEM,3,3,1,"DALE CROW",DEM,0,11,67,78,,
11/12/2013,"COAL","COAL COUNTY",21151,"FOR COUNTY COMMISSIONER DISTRICT NO. 1 (UNEXPIRED TERM)",DEM,3,3,2,"WESLEY BROWN",DEM,0,5,34,39,,
11/12/2013,"COAL","COAL COUNTY",21151,"FOR COUNTY COMMISSIONER DISTRICT NO. 1 (UNEXPIRED TERM)",DEM,3,3,3,"BROCK JONES",DEM,7,24,234,265,,
11/12/2013,"COAL","COAL COUNTY",21151,"FOR COUNTY COMMISSIONER DISTRICT NO. 1 (UNEXPIRED TERM)",DEM,3,3,4,"TIMMY STINNETT",DEM,3,22,183,208,,
11/12/2013,"COAL","COAL COUNTY",30002,"PROPOSITION",,9,9,1,"FOR THE PROPOSITION - YES",,28,84,673,785,,
11/12/2013,"COAL","COAL COUNTY",30002,"PROPOSITION",,9,9,2,"AGAINST THE PROPOSITION - NO",,3,19,165,187,,
11/12/2013,"COTTON","COTTON COUNTY",30001,"PROPOSITION",,9,9,1,"FOR THE PROPOSITION - YES",,9,64,498,571,,
11/12/2013,"COTTON","COTTON COUNTY",30001,"PROPOSITION",,9,9,2,"AGAINST THE PROPOSITION - NO",,21,84,569,674,,
11/12/2013,"CREEK","TOWN OF DEPEW",41901,"FOR BOARD OF TRUSTEES (UNEXPIRED TERM)  TOWN OF DEPEW",,1,1,1,"STEVE QUINONES",,0,2,5,7,,
11/12/2013,"CREEK","TOWN OF DEPEW",41901,"FOR BOARD OF TRUSTEES (UNEXPIRED TERM)  TOWN OF DEPEW",,1,1,2,"DIONNA MARKER",,0,0,53,53,,
11/12/2013,"CREEK","TOWN OF DEPEW",41901,"FOR BOARD OF TRUSTEES (UNEXPIRED TERM)  TOWN OF DEPEW",,1,1,3,"MYLORA TUTTLE",,0,0,51,51,,
11/12/2013,"CREEK","TOWN OF DEPEW",41901,"FOR BOARD OF TRUSTEES (UNEXPIRED TERM)  TOWN OF DEPEW",,1,1,4,"CHARLIE RAY ROBISON",,0,0,5,5,,
11/12/2013,"CREEK","PRETTY WATER PUBLIC SCHOOL",51901,"PROPOSITION  PRETTY WATER PUBLIC SCHOOL",,3,3,1,"FOR THE PROPOSITION - YES",,0,1,122,123,,
11/12/2013,"CREEK","PRETTY WATER PUBLIC SCHOOL",51901,"PROPOSITION  PRETTY WATER PUBLIC SCHOOL",,3,3,2,"AGAINST THE PROPOSITION - NO",,7,3,75,85,,
11/12/2013,"CUSTER","CITY OF CLINTON",42003,"FOR COUNCILMAN WARD 4 (UNEXPIRED TERM)  CITY OF CLINTON",,3,3,1,"LUCAS MARTINEZ",,3,3,32,38,,
11/12/2013,"CUSTER","CITY OF CLINTON",42003,"FOR COUNCILMAN WARD 4 (UNEXPIRED TERM)  CITY OF CLINTON",,3,3,2,"MUSTAFA SAMI",,1,16,44,61,,
11/12/2013,"CUSTER","CITY OF CLINTON",42004,"PROPOSITION  CITY OF CLINTON",,4,4,1,"FOR THE PROPOSITION - YES",,14,10,102,126,,
11/12/2013,"CUSTER","CITY OF CLINTON",42004,"PROPOSITION  CITY OF CLINTON",,4,4,2,"AGAINST THE PROPOSITION - NO",,3,7,34,44,,
11/12/2013,"ELLIS","TOWN OF SHATTUCK",42301,"PROPOSITION  TOWN OF SHATTUCK",,2,2,1,"FOR THE PROPOSITION - YES",,2,0,25,27,,
11/12/2013,"ELLIS","TOWN OF SHATTUCK",42301,"PROPOSITION  TOWN OF SHATTUCK",,2,2,2,"AGAINST THE PROPOSITION - NO",,1,3,42,46,,
11/12/2013,"ELLIS","FARGO PUBLIC SCHOOLS",52301,"PROPOSITION  FARGO PUBLIC SCHOOLS",,3,3,1,"FOR THE PROPOSITION - YES",,1,6,75,82,,
11/12/2013,"ELLIS","FARGO PUBLIC SCHOOLS",52301,"PROPOSITION  FARGO PUBLIC SCHOOLS",,3,3,2,"AGAINST THE PROPOSITION - NO",,2,3,30,35,,
11/12/2013,"GARFIELD","CITY OF ENID",42401,"PROPOSITION  CITY OF ENID",,24,24,1,"FOR THE PROPOSITION - YES",,71,110,1095,1276,,
11/12/2013,"GARFIELD","CITY OF ENID",42401,"PROPOSITION  CITY OF ENID",,24,24,2,"AGAINST THE PROPOSITION - NO",,61,41,966,1068,,
11/12/2013,"GARFIELD","CITY OF GARBER",42402,"PROPOSITION  CITY OF GARBER",,1,1,1,"FOR THE PROPOSITION - YES",,0,0,65,65,,
11/12/2013,"GARFIELD","CITY OF GARBER",42402,"PROPOSITION  CITY OF GARBER",,1,1,2,"AGAINST THE PROPOSITION - NO",,0,0,1,1,,
11/12/2013,"GARFIELD","KREMLIN-HILLSDALE SCHOOLS",52401,"PROPOSITION  KREMLIN-HILLSDALE SCHOOLS",,6,6,1,"FOR THE PROPOSITION - YES",,5,0,175,180,,
11/12/2013,"GARFIELD","KREMLIN-HILLSDALE SCHOOLS",52401,"PROPOSITION  KREMLIN-HILLSDALE SCHOOLS",,6,6,2,"AGAINST THE PROPOSITION - NO",,4,2,159,165,,
11/12/2013,"GARFIELD","WAUKOMIS PUBLIC SCHOOLS",52402,"PROPOSITION NO. 1  WAUKOMIS PUBLIC SCHOOLS",,2,2,1,"FOR THE PROPOSITION - YES",,0,8,176,184,,
11/12/2013,"GARFIELD","WAUKOMIS PUBLIC SCHOOLS",52402,"PROPOSITION NO. 1  WAUKOMIS PUBLIC SCHOOLS",,2,2,2,"AGAINST THE PROPOSITION - NO",,3,0,63,66,,
11/12/2013,"GARFIELD","WAUKOMIS PUBLIC SCHOOLS",52403,"PROPOSITION NO. 2  WAUKOMIS PUBLIC SCHOOLS",,2,2,1,"FOR THE PROPOSITION - YES",,1,8,189,198,,
11/12/2013,"GARFIELD","WAUKOMIS PUBLIC SCHOOLS",52403,"PROPOSITION NO. 2  WAUKOMIS PUBLIC SCHOOLS",,2,2,2,"AGAINST THE PROPOSITION - NO",,2,0,51,53,,
11/12/2013,"GRANT","KREMLIN-HILLSDALE SCHOOLS",52401,"PROPOSITION  KREMLIN-HILLSDALE SCHOOLS",,1,1,1,"FOR THE PROPOSITION - YES",,0,0,2,2,,
11/12/2013,"GRANT","KREMLIN-HILLSDALE SCHOOLS",52401,"PROPOSITION  KREMLIN-HILLSDALE SCHOOLS",,1,1,2,"AGAINST THE PROPOSITION - NO",,0,0,2,2,,
11/12/2013,"LATIMER","CROWDER PUBLIC SCHOOLS",56101,"PROPOSITION  CROWDER PUBLIC SCHOOLS",,1,1,1,"FOR THE PROPOSITION - YES",,0,0,0,0,,
11/12/2013,"LATIMER","CROWDER PUBLIC SCHOOLS",56101,"PROPOSITION  CROWDER PUBLIC SCHOOLS",,1,1,2,"AGAINST THE PROPOSITION - NO",,0,0,0,0,,
11/12/2013,"LEFLORE","WHITESBORO PUBLIC SCHOOLS",54001,"PROPOSITION  WHITESBORO PUBLIC SCHOOLS",,4,4,1,"FOR THE PROPOSITION - YES",,0,0,93,93,,
11/12/2013,"LEFLORE","WHITESBORO PUBLIC SCHOOLS",54001,"PROPOSITION  WHITESBORO PUBLIC SCHOOLS",,4,4,2,"AGAINST THE PROPOSITION - NO",,0,1,91,92,,
11/12/2013,"LINCOLN","STROUD PUBLIC SCHOOLS",54101,"PROPOSITION NO. 1  STROUD PUBLIC SCHOOLS",,5,5,1,"FOR THE PROPOSITION - YES",,12,4,337,353,,
11/12/2013,"LINCOLN","STROUD PUBLIC SCHOOLS",54101,"PROPOSITION NO. 1  STROUD PUBLIC SCHOOLS",,5,5,2,"AGAINST THE PROPOSITION - NO",,10,4,127,141,,
11/12/2013,"LINCOLN","STROUD PUBLIC SCHOOLS",54102,"PROPOSITION NO. 2  STROUD PUBLIC SCHOOLS",,5,5,1,"FOR THE PROPOSITION - YES",,16,4,375,395,,
11/12/2013,"LINCOLN","STROUD PUBLIC SCHOOLS",54102,"PROPOSITION NO. 2  STROUD PUBLIC SCHOOLS",,5,5,2,"AGAINST THE PROPOSITION - NO",,6,4,93,103,,
11/12/2013,"MAJOR","RINGWOOD PUBLIC SCHOOLS",54701,"PROPOSITION  RINGWOOD PUBLIC SCHOOLS",,2,2,1,"FOR THE PROPOSITION - YES",,6,4,151,161,,
11/12/2013,"MAJOR","RINGWOOD PUBLIC SCHOOLS",54701,"PROPOSITION  RINGWOOD PUBLIC SCHOOLS",,2,2,2,"AGAINST THE PROPOSITION - NO",,4,0,37,41,,
11/12/2013,"MAYES","TOWN OF LOCUST GROVE",44901,"PROPOSITION  TOWN OF LOCUST GROVE",,2,2,1,"FOR THE PROPOSITION - YES",,0,1,73,74,,
11/12/2013,"MAYES","TOWN OF LOCUST GROVE",44901,"PROPOSITION  TOWN OF LOCUST GROVE",,2,2,2,"AGAINST THE PROPOSITION - NO",,0,0,22,22,,
11/12/2013,"OKLAHOMA","DEER CREEK FIRE PROTECTION DISTRICT",6551,"FOR BOARD MEMBER BOARD OF DIRECTORS  DEER CREEK FIRE PROTECTION DISTRICT",,6,6,1,"BONITA M. MORRIS",,6,0,29,35,,
11/12/2013,"OKLAHOMA","DEER CREEK FIRE PROTECTION DISTRICT",6551,"FOR BOARD MEMBER BOARD OF DIRECTORS  DEER CREEK FIRE PROTECTION DISTRICT",,6,6,2,"ERIC HARLOW",,6,0,22,28,,
11/12/2013,"OKLAHOMA","CITY OF MIDWEST CITY",45501,"PROPOSITION  CITY OF MIDWEST CITY",,23,23,1,"FOR THE PROPOSITION - YES",,126,4,316,446,,
11/12/2013,"OKLAHOMA","CITY OF MIDWEST CITY",45501,"PROPOSITION  CITY OF MIDWEST CITY",,23,23,2,"AGAINST THE PROPOSITION - NO",,27,0,26,53,,
11/12/2013,"OKLAHOMA","MUSTANG PUBLIC SCHOOLS",50901,"PROPOSITION NO. 1  MUSTANG PUBLIC SCHOOLS",,2,2,1,"FOR THE PROPOSITION - YES",,3,0,23,26,,
11/12/2013,"OKLAHOMA","MUSTANG PUBLIC SCHOOLS",50901,"PROPOSITION NO. 1  MUSTANG PUBLIC SCHOOLS",,2,2,2,"AGAINST THE PROPOSITION - NO",,0,0,7,7,,
11/12/2013,"OKLAHOMA","MUSTANG PUBLIC SCHOOLS",50902,"PROPOSITION NO. 2  MUSTANG PUBLIC SCHOOLS",,2,2,1,"FOR THE PROPOSITION - YES",,3,0,23,26,,
11/12/2013,"OKLAHOMA","MUSTANG PUBLIC SCHOOLS",50902,"PROPOSITION NO. 2  MUSTANG PUBLIC SCHOOLS",,2,2,2,"AGAINST THE PROPOSITION - NO",,0,0,8,8,,
11/12/2013,"OKLAHOMA","CRUTCHO PUBLIC SCHOOL",55501,"PROPOSITION  CRUTCHO PUBLIC SCHOOL",,7,7,1,"FOR THE PROPOSITION - YES",,2,0,3,5,,
11/12/2013,"OKLAHOMA","CRUTCHO PUBLIC SCHOOL",55501,"PROPOSITION  CRUTCHO PUBLIC SCHOOL",,7,7,2,"AGAINST THE PROPOSITION - NO",,0,0,0,0,,
11/12/2013,"OKMULGEE","CITY OF HENRYETTA",45601,"PROPOSITION  CITY OF HENRYETTA",,8,8,1,"FOR THE PROPOSITION - YES",,15,2,258,275,,
11/12/2013,"OKMULGEE","CITY OF HENRYETTA",45601,"PROPOSITION  CITY OF HENRYETTA",,8,8,2,"AGAINST THE PROPOSITION - NO",,8,1,40,49,,
11/12/2013,"OSAGE","CITY OF TULSA",47201,"FOR MAYOR  CITY OF TULSA",,5,5,1,"KATHY TAYLOR",,81,4,1042,1127,,
11/12/2013,"OSAGE","CITY OF TULSA",47201,"FOR MAYOR  CITY OF TULSA",,5,5,2,"DEWEY FOLLETT BARTLETT, JR.",,30,0,186,216,,
11/12/2013,"OSAGE","CITY OF TULSA",47205,"FOR CITY AUDITOR  CITY OF TULSA",,5,5,1,"CLIFT RICHARDS",,32,1,379,412,,
11/12/2013,"OSAGE","CITY OF TULSA",47205,"FOR CITY AUDITOR  CITY OF TULSA",,5,5,2,"CATHY ANN CRISWELL",,66,2,750,818,,
11/12/2013,"OSAGE","CITY OF TULSA",47206,"PROPOSITION NO. 1  CITY OF TULSA",,5,5,1,"FOR THE PROPOSITION - YES",,65,3,705,773,,
11/12/2013,"OSAGE","CITY OF TULSA",47206,"PROPOSITION NO. 1  CITY OF TULSA",,5,5,2,"AGAINST THE PROPOSITION - NO",,45,1,509,555,,
11/12/2013,"OSAGE","CITY OF TULSA",47207,"PROPOSITION NO. 2  CITY OF TULSA",,5,5,1,"FOR THE PROPOSITION - YES",,63,2,790,855,,
11/12/2013,"OSAGE","CITY OF TULSA",47207,"PROPOSITION NO. 2  CITY OF TULSA",,5,5,2,"AGAINST THE PROPOSITION - NO",,46,2,426,474,,
11/12/2013,"OSAGE","CITY OF TULSA",47208,"PROPOSITION NO. 3  CITY OF TULSA",,5,5,1,"FOR THE PROPOSITION - YES",,71,2,825,898,,
11/12/2013,"OSAGE","CITY OF TULSA",47208,"PROPOSITION NO. 3  CITY OF TULSA",,5,5,2,"AGAINST THE PROPOSITION - NO",,39,1,340,380,,
11/12/2013,"OSAGE","CITY OF SAND SPRINGS",47209,"PROPOSITION NO. 1  CITY OF SAND SPRINGS",,3,3,1,"FOR THE PROPOSITION - YES",,0,0,20,20,,
11/12/2013,"OSAGE","CITY OF SAND SPRINGS",47209,"PROPOSITION NO. 1  CITY OF SAND SPRINGS",,3,3,2,"AGAINST THE PROPOSITION - NO",,0,0,17,17,,
11/12/2013,"OSAGE","CITY OF SAND SPRINGS",47210,"PROPOSITION NO. 2  CITY OF SAND SPRINGS",,3,3,1,"FOR THE PROPOSITION - YES",,0,0,19,19,,
11/12/2013,"OSAGE","CITY OF SAND SPRINGS",47210,"PROPOSITION NO. 2  CITY OF SAND SPRINGS",,3,3,2,"AGAINST THE PROPOSITION - NO",,0,0,18,18,,
11/12/2013,"OSAGE","CITY OF SAND SPRINGS",47211,"PROPOSITION NO. 3  CITY OF SAND SPRINGS",,3,3,1,"FOR THE PROPOSITION - YES",,0,0,20,20,,
11/12/2013,"OSAGE","CITY OF SAND SPRINGS",47211,"PROPOSITION NO. 3  CITY OF SAND SPRINGS",,3,3,2,"AGAINST THE PROPOSITION - NO",,0,0,17,17,,
11/12/2013,"PAYNE","CITY OF STILLWATER",46001,"PROPOSITION NO. 1  CITY OF STILLWATER",,21,21,1,"FOR THE PROPOSITION - YES",,20,64,1062,1146,,
11/12/2013,"PAYNE","CITY OF STILLWATER",46001,"PROPOSITION NO. 1  CITY OF STILLWATER",,21,21,2,"AGAINST THE PROPOSITION - NO",,59,524,4221,4804,,
11/12/2013,"PAYNE","CITY OF STILLWATER",46002,"PROPOSITION NO. 2  CITY OF STILLWATER",,21,21,1,"FOR THE PROPOSITION - YES",,35,93,1388,1516,,
11/12/2013,"PAYNE","CITY OF STILLWATER",46002,"PROPOSITION NO. 2  CITY OF STILLWATER",,21,21,2,"AGAINST THE PROPOSITION - NO",,45,496,3894,4435,,
11/12/2013,"PAYNE","CITY OF STILLWATER",46003,"PROPOSITION NO. 3  CITY OF STILLWATER",,21,21,1,"FOR THE PROPOSITION - YES",,35,109,1609,1753,,
11/12/2013,"PAYNE","CITY OF STILLWATER",46003,"PROPOSITION NO. 3  CITY OF STILLWATER",,21,21,2,"AGAINST THE PROPOSITION - NO",,45,478,3674,4197,,
11/12/2013,"PITTSBURG","PITTSBURG COUNTY",20611,"FOR COUNTY COMMISSIONER DISTRICT NO. 3 (UNEXPIRED TERM)",,12,12,1,"TRENT MYERS",DEM,3,44,437,484,,
11/12/2013,"PITTSBURG","PITTSBURG COUNTY",20611,"FOR COUNTY COMMISSIONER DISTRICT NO. 3 (UNEXPIRED TERM)",,12,12,2,"MILES CATHEY",REP,5,32,347,384,,
11/12/2013,"PITTSBURG","CROWDER PUBLIC SCHOOLS",56101,"PROPOSITION  CROWDER PUBLIC SCHOOLS",,10,10,1,"FOR THE PROPOSITION - YES",,0,8,137,145,,
11/12/2013,"PITTSBURG","CROWDER PUBLIC SCHOOLS",56101,"PROPOSITION  CROWDER PUBLIC SCHOOLS",,10,10,2,"AGAINST THE PROPOSITION - NO",,0,4,65,69,,
11/12/2013,"PUSHMATAHA","CITY OF ANTLERS",46401,"PROPOSITION  CITY OF ANTLERS",,4,4,1,"FOR THE PROPOSITION - YES",,0,8,55,63,,
11/12/2013,"PUSHMATAHA","CITY OF ANTLERS",46401,"PROPOSITION  CITY OF ANTLERS",,4,4,2,"AGAINST THE PROPOSITION - NO",,1,6,24,31,,
11/12/2013,"ROGERS","NORTHWEST FIRE DISTRICT",6661,"PROPOSITION  NORTHWEST FIRE DISTRICT",,11,11,1,"FOR THE PROPOSITION - YES",,9,5,242,256,,
11/12/2013,"ROGERS","NORTHWEST FIRE DISTRICT",6661,"PROPOSITION  NORTHWEST FIRE DISTRICT",,11,11,2,"AGAINST THE PROPOSITION - NO",,6,2,90,98,,
11/12/2013,"ROGERS","CITY OF TULSA",47201,"FOR MAYOR  CITY OF TULSA",,3,3,1,"KATHY TAYLOR",,0,0,0,0,,
11/12/2013,"ROGERS","CITY OF TULSA",47201,"FOR MAYOR  CITY OF TULSA",,3,3,2,"DEWEY FOLLETT BARTLETT, JR.",,0,0,0,0,,
11/12/2013,"ROGERS","CITY OF TULSA",47205,"FOR CITY AUDITOR  CITY OF TULSA",,3,3,1,"CLIFT RICHARDS",,0,0,0,0,,
11/12/2013,"ROGERS","CITY OF TULSA",47205,"FOR CITY AUDITOR  CITY OF TULSA",,3,3,2,"CATHY ANN CRISWELL",,0,0,0,0,,
11/12/2013,"ROGERS","CITY OF TULSA",47206,"PROPOSITION NO. 1  CITY OF TULSA",,3,3,1,"FOR THE PROPOSITION - YES",,0,0,0,0,,
11/12/2013,"ROGERS","CITY OF TULSA",47206,"PROPOSITION NO. 1  CITY OF TULSA",,3,3,2,"AGAINST THE PROPOSITION - NO",,0,0,0,0,,
11/12/2013,"ROGERS","CITY OF TULSA",47207,"PROPOSITION NO. 2  CITY OF TULSA",,3,3,1,"FOR THE PROPOSITION - YES",,0,0,0,0,,
11/12/2013,"ROGERS","CITY OF TULSA",47207,"PROPOSITION NO. 2  CITY OF TULSA",,3,3,2,"AGAINST THE PROPOSITION - NO",,0,0,0,0,,
11/12/2013,"ROGERS","CITY OF TULSA",47208,"PROPOSITION NO. 3  CITY OF TULSA",,3,3,1,"FOR THE PROPOSITION - YES",,0,0,0,0,,
11/12/2013,"ROGERS","CITY OF TULSA",47208,"PROPOSITION NO. 3  CITY OF TULSA",,3,3,2,"AGAINST THE PROPOSITION - NO",,0,0,0,0,,
11/12/2013,"ROGERS","CATOOSA PUBLIC SCHOOLS",56601,"PROPOSITION NO. 1  CATOOSA PUBLIC SCHOOLS",,7,7,1,"FOR THE PROPOSITION - YES",,14,2,429,445,,
11/12/2013,"ROGERS","CATOOSA PUBLIC SCHOOLS",56601,"PROPOSITION NO. 1  CATOOSA PUBLIC SCHOOLS",,7,7,2,"AGAINST THE PROPOSITION - NO",,6,1,156,163,,
11/12/2013,"ROGERS","CATOOSA PUBLIC SCHOOLS",56602,"PROPOSITION NO. 2  CATOOSA PUBLIC SCHOOLS",,7,7,1,"FOR THE PROPOSITION - YES",,13,2,434,449,,
11/12/2013,"ROGERS","CATOOSA PUBLIC SCHOOLS",56602,"PROPOSITION NO. 2  CATOOSA PUBLIC SCHOOLS",,7,7,2,"AGAINST THE PROPOSITION - NO",,6,1,153,160,,
11/12/2013,"TILLMAN","TOWN OF TIPTON",47101,"PROPOSITION  TOWN OF TIPTON",,1,1,1,"FOR THE PROPOSITION - YES",,0,0,54,54,,
11/12/2013,"TILLMAN","TOWN OF TIPTON",47101,"PROPOSITION  TOWN OF TIPTON",,1,1,2,"AGAINST THE PROPOSITION - NO",,0,0,0,0,,
11/12/2013,"TULSA","CITY OF TULSA",47201,"FOR MAYOR  CITY OF TULSA",,185,185,1,"KATHY TAYLOR",,1785,1388,28229,31402,,
11/12/2013,"TULSA","CITY OF TULSA",47201,"FOR MAYOR  CITY OF TULSA",,185,185,2,"DEWEY FOLLETT BARTLETT, JR.",,1557,920,37039,39516,,
11/12/2013,"TULSA","CITY OF TULSA",47205,"FOR CITY AUDITOR  CITY OF TULSA",,185,185,1,"CLIFT RICHARDS",,1289,747,27810,29846,,
11/12/2013,"TULSA","CITY OF TULSA",47205,"FOR CITY AUDITOR  CITY OF TULSA",,185,185,2,"CATHY ANN CRISWELL",,1605,1304,29765,32674,,
11/12/2013,"TULSA","CITY OF TULSA",47206,"PROPOSITION NO. 1  CITY OF TULSA",,185,185,1,"FOR THE PROPOSITION - YES",,2305,1332,35224,38861,,
11/12/2013,"TULSA","CITY OF TULSA",47206,"PROPOSITION NO. 1  CITY OF TULSA",,185,185,2,"AGAINST THE PROPOSITION - NO",,994,945,29246,31185,,
11/12/2013,"TULSA","CITY OF TULSA",47207,"PROPOSITION NO. 2  CITY OF TULSA",,185,185,1,"FOR THE PROPOSITION - YES",,2311,1685,45304,49300,,
11/12/2013,"TULSA","CITY OF TULSA",47207,"PROPOSITION NO. 2  CITY OF TULSA",,185,185,2,"AGAINST THE PROPOSITION - NO",,1004,619,19794,21417,,
11/12/2013,"TULSA","CITY OF TULSA",47208,"PROPOSITION NO. 3  CITY OF TULSA",,185,185,1,"FOR THE PROPOSITION - YES",,2255,1706,45262,49223,,
11/12/2013,"TULSA","CITY OF TULSA",47208,"PROPOSITION NO. 3  CITY OF TULSA",,185,185,2,"AGAINST THE PROPOSITION - NO",,972,539,17779,19290,,
11/12/2013,"TULSA","CITY OF SAND SPRINGS",47209,"PROPOSITION NO. 1  CITY OF SAND SPRINGS",,10,10,1,"FOR THE PROPOSITION - YES",,24,17,796,837,,
11/12/2013,"TULSA","CITY OF SAND SPRINGS",47209,"PROPOSITION NO. 1  CITY OF SAND SPRINGS",,10,10,2,"AGAINST THE PROPOSITION - NO",,23,15,870,908,,
11/12/2013,"TULSA","CITY OF SAND SPRINGS",47210,"PROPOSITION NO. 2  CITY OF SAND SPRINGS",,10,10,1,"FOR THE PROPOSITION - YES",,25,19,831,875,,
11/12/2013,"TULSA","CITY OF SAND SPRINGS",47210,"PROPOSITION NO. 2  CITY OF SAND SPRINGS",,10,10,2,"AGAINST THE PROPOSITION - NO",,22,13,839,874,,
11/12/2013,"TULSA","CITY OF SAND SPRINGS",47211,"PROPOSITION NO. 3  CITY OF SAND SPRINGS",,10,10,1,"FOR THE PROPOSITION - YES",,23,16,861,900,,
11/12/2013,"TULSA","CITY OF SAND SPRINGS",47211,"PROPOSITION NO. 3  CITY OF SAND SPRINGS",,10,10,2,"AGAINST THE PROPOSITION - NO",,24,16,808,848,,
11/12/2013,"WAGONER","CITY OF TULSA",47201,"FOR MAYOR  CITY OF TULSA",,2,2,1,"KATHY TAYLOR",,0,0,5,5,,
11/12/2013,"WAGONER","CITY OF TULSA",47201,"FOR MAYOR  CITY OF TULSA",,2,2,2,"DEWEY FOLLETT BARTLETT, JR.",,0,0,7,7,,
11/12/2013,"WAGONER","CITY OF TULSA",47205,"FOR CITY AUDITOR  CITY OF TULSA",,2,2,1,"CLIFT RICHARDS",,0,0,7,7,,
11/12/2013,"WAGONER","CITY OF TULSA",47205,"FOR CITY AUDITOR  CITY OF TULSA",,2,2,2,"CATHY ANN CRISWELL",,0,0,2,2,,
11/12/2013,"WAGONER","CITY OF TULSA",47206,"PROPOSITION NO. 1  CITY OF TULSA",,2,2,1,"FOR THE PROPOSITION - YES",,0,0,8,8,,
11/12/2013,"WAGONER","CITY OF TULSA",47206,"PROPOSITION NO. 1  CITY OF TULSA",,2,2,2,"AGAINST THE PROPOSITION - NO",,0,0,4,4,,
11/12/2013,"WAGONER","CITY OF TULSA",47207,"PROPOSITION NO. 2  CITY OF TULSA",,2,2,1,"FOR THE PROPOSITION - YES",,0,0,7,7,,
11/12/2013,"WAGONER","CITY OF TULSA",47207,"PROPOSITION NO. 2  CITY OF TULSA",,2,2,2,"AGAINST THE PROPOSITION - NO",,0,0,5,5,,
11/12/2013,"WAGONER","CITY OF TULSA",47208,"PROPOSITION NO. 3  CITY OF TULSA",,2,2,1,"FOR THE PROPOSITION - YES",,0,0,5,5,,
11/12/2013,"WAGONER","CITY OF TULSA",47208,"PROPOSITION NO. 3  CITY OF TULSA",,2,2,2,"AGAINST THE PROPOSITION - NO",,0,0,5,5,,
11/12/2013,"WAGONER","CATOOSA PUBLIC SCHOOLS",56601,"PROPOSITION NO. 1  CATOOSA PUBLIC SCHOOLS",,3,3,1,"FOR THE PROPOSITION - YES",,1,1,132,134,,
11/12/2013,"WAGONER","CATOOSA PUBLIC SCHOOLS",56601,"PROPOSITION NO. 1  CATOOSA PUBLIC SCHOOLS",,3,3,2,"AGAINST THE PROPOSITION - NO",,0,0,30,30,,
11/12/2013,"WAGONER","CATOOSA PUBLIC SCHOOLS",56602,"PROPOSITION NO. 2  CATOOSA PUBLIC SCHOOLS",,3,3,1,"FOR THE PROPOSITION - YES",,1,1,125,127,,
11/12/2013,"WAGONER","CATOOSA PUBLIC SCHOOLS",56602,"PROPOSITION NO. 2  CATOOSA PUBLIC SCHOOLS",,3,3,2,"AGAINST THE PROPOSITION - NO",,0,0,38,38,,
11/12/2013,"WOODS","CITY OF ALVA",47601,"PROPOSITION  CITY OF ALVA",,3,3,1,"FOR THE PROPOSITION - YES",,15,44,570,629,,
11/12/2013,"WOODS","CITY OF ALVA",47601,"PROPOSITION  CITY OF ALVA",,3,3,2,"AGAINST THE PROPOSITION - NO",,5,18,146,169,,
11/12/2013,"WOODWARD","FARGO PUBLIC SCHOOLS",52301,"PROPOSITION  FARGO PUBLIC SCHOOLS",,2,2,1,"FOR THE PROPOSITION - YES",,0,2,31,33,,
11/12/2013,"WOODWARD","FARGO PUBLIC SCHOOLS",52301,"PROPOSITION  FARGO PUBLIC SCHOOLS",,2,2,2,"AGAINST THE PROPOSITION - NO",,0,0,14,14,,
