elec_date,precinct,entity_description,race_number,race_description,race_party,tot_race_prec,race_prec_reporting,cand_number,cand_name,cand_party,cand_absmail_votes,cand_early_votes,cand_elecday_votes,cand_tot_votes,race_county_owner
3/2/2021,"020120","MEDFORD PUBLIC SCHOOLS INDEPENDENT SCHOOL DISTRICT NO. 054",52701,"PROPOSITION  MEDFORD PUBLIC SCHOOLS",,6,6,1,"FOR THE PROPOSITION - YES",,0,0,0,0,,
3/2/2021,"020120","MEDFORD PUBLIC SCHOOLS INDEPENDENT SCHOOL DISTRICT NO. 054",52701,"PROPOSITION  MEDFORD PUBLIC SCHOOLS",,6,6,2,"AGAINST THE PROPOSITION - NO",,0,0,0,0,,
3/2/2021,"030013","TOWN OF STRINGTOWN",40301,"PROPOSITION  TOWN OF STRINGTOWN",,2,2,1,"FOR THE PROPOSITION - YES",,0,1,16,17,,
3/2/2021,"030013","TOWN OF STRINGTOWN",40301,"PROPOSITION  TOWN OF STRINGTOWN",,2,2,2,"AGAINST THE PROPOSITION - NO",,0,0,0,0,,
3/2/2021,"030019","TOWN OF STRINGTOWN",40301,"PROPOSITION  TOWN OF STRINGTOWN",,2,2,1,"FOR THE PROPOSITION - YES",,0,0,3,3,,
3/2/2021,"030019","TOWN OF STRINGTOWN",40301,"PROPOSITION  TOWN OF STRINGTOWN",,2,2,2,"AGAINST THE PROPOSITION - NO",,0,0,0,0,,
3/2/2021,"050235","CANUTE PUBLIC SCHOOLS INDEPENDENT SCHOOL DISTRICT NO. 011",57501,"PROPOSITION NO. 1  CANUTE PUBLIC SCHOOLS",,4,4,1,"FOR THE PROPOSITION - YES",,0,0,0,0,,
3/2/2021,"050235","CANUTE PUBLIC SCHOOLS INDEPENDENT SCHOOL DISTRICT NO. 011",57501,"PROPOSITION NO. 1  CANUTE PUBLIC SCHOOLS",,4,4,2,"AGAINST THE PROPOSITION - NO",,1,0,0,1,,
3/2/2021,"050235","CANUTE PUBLIC SCHOOLS INDEPENDENT SCHOOL DISTRICT NO. 011",57502,"PROPOSITION NO. 2  CANUTE PUBLIC SCHOOLS",,4,4,1,"FOR THE PROPOSITION - YES",,0,0,0,0,,
3/2/2021,"050235","CANUTE PUBLIC SCHOOLS INDEPENDENT SCHOOL DISTRICT NO. 011",57502,"PROPOSITION NO. 2  CANUTE PUBLIC SCHOOLS",,4,4,2,"AGAINST THE PROPOSITION - NO",,1,0,0,1,,
3/2/2021,"070018","CALERA PUBLIC SCHOOLS INDEPENDENT SCHOOL DISTRICT NO. 048",50701,"PROPOSITION NO. 1  CALERA PUBLIC SCHOOLS",,3,3,1,"FOR THE PROPOSITION - YES",,0,0,85,85,,
3/2/2021,"070018","CALERA PUBLIC SCHOOLS INDEPENDENT SCHOOL DISTRICT NO. 048",50701,"PROPOSITION NO. 1  CALERA PUBLIC SCHOOLS",,3,3,2,"AGAINST THE PROPOSITION - NO",,3,0,31,34,,
3/2/2021,"070018","CALERA PUBLIC SCHOOLS INDEPENDENT SCHOOL DISTRICT NO. 048",50702,"PROPOSITION NO. 2  CALERA PUBLIC SCHOOLS",,3,3,1,"FOR THE PROPOSITION - YES",,0,0,80,80,,
3/2/2021,"070018","CALERA PUBLIC SCHOOLS INDEPENDENT SCHOOL DISTRICT NO. 048",50702,"PROPOSITION NO. 2  CALERA PUBLIC SCHOOLS",,3,3,2,"AGAINST THE PROPOSITION - NO",,3,0,37,40,,
3/2/2021,"070019","CALERA PUBLIC SCHOOLS INDEPENDENT SCHOOL DISTRICT NO. 048",50701,"PROPOSITION NO. 1  CALERA PUBLIC SCHOOLS",,3,3,1,"FOR THE PROPOSITION - YES",,2,0,37,39,,
3/2/2021,"070019","CALERA PUBLIC SCHOOLS INDEPENDENT SCHOOL DISTRICT NO. 048",50701,"PROPOSITION NO. 1  CALERA PUBLIC SCHOOLS",,3,3,2,"AGAINST THE PROPOSITION - NO",,0,0,44,44,,
3/2/2021,"070019","CALERA PUBLIC SCHOOLS INDEPENDENT SCHOOL DISTRICT NO. 048",50702,"PROPOSITION NO. 2  CALERA PUBLIC SCHOOLS",,3,3,1,"FOR THE PROPOSITION - YES",,2,0,35,37,,
3/2/2021,"070019","CALERA PUBLIC SCHOOLS INDEPENDENT SCHOOL DISTRICT NO. 048",50702,"PROPOSITION NO. 2  CALERA PUBLIC SCHOOLS",,3,3,2,"AGAINST THE PROPOSITION - NO",,0,0,49,49,,
3/2/2021,"070025","CALERA PUBLIC SCHOOLS INDEPENDENT SCHOOL DISTRICT NO. 048",50701,"PROPOSITION NO. 1  CALERA PUBLIC SCHOOLS",,3,3,1,"FOR THE PROPOSITION - YES",,0,0,0,0,,
3/2/2021,"070025","CALERA PUBLIC SCHOOLS INDEPENDENT SCHOOL DISTRICT NO. 048",50701,"PROPOSITION NO. 1  CALERA PUBLIC SCHOOLS",,3,3,2,"AGAINST THE PROPOSITION - NO",,0,0,0,0,,
3/2/2021,"070025","CALERA PUBLIC SCHOOLS INDEPENDENT SCHOOL DISTRICT NO. 048",50702,"PROPOSITION NO. 2  CALERA PUBLIC SCHOOLS",,3,3,1,"FOR THE PROPOSITION - YES",,0,0,0,0,,
3/2/2021,"070025","CALERA PUBLIC SCHOOLS INDEPENDENT SCHOOL DISTRICT NO. 048",50702,"PROPOSITION NO. 2  CALERA PUBLIC SCHOOLS",,3,3,2,"AGAINST THE PROPOSITION - NO",,0,0,0,0,,
3/2/2021,"080012","VERDEN PUBLIC SCHOOLS INDEPENDENT SCHOOL DISTRICT NO. 099",52601,"PROPOSITION  VERDEN PUBLIC SCHOOLS",,7,7,1,"FOR THE PROPOSITION - YES",,0,1,3,4,,
3/2/2021,"080012","VERDEN PUBLIC SCHOOLS INDEPENDENT SCHOOL DISTRICT NO. 099",52601,"PROPOSITION  VERDEN PUBLIC SCHOOLS",,7,7,2,"AGAINST THE PROPOSITION - NO",,0,0,0,0,,
3/2/2021,"080041","CEMENT PUBLIC SCHOOLS INDEPENDENT SCHOOL DISTRICT NO. 160",50801,"PROPOSITION NO. 1  CEMENT PUBLIC SCHOOLS",,6,6,1,"FOR THE PROPOSITION - YES",,2,0,0,2,,
3/2/2021,"080041","CEMENT PUBLIC SCHOOLS INDEPENDENT SCHOOL DISTRICT NO. 160",50801,"PROPOSITION NO. 1  CEMENT PUBLIC SCHOOLS",,6,6,2,"AGAINST THE PROPOSITION - NO",,0,0,0,0,,
3/2/2021,"080041","CEMENT PUBLIC SCHOOLS INDEPENDENT SCHOOL DISTRICT NO. 160",50802,"PROPOSITION NO. 2  CEMENT PUBLIC SCHOOLS",,6,6,1,"FOR THE PROPOSITION - YES",,2,0,0,2,,
3/2/2021,"080041","CEMENT PUBLIC SCHOOLS INDEPENDENT SCHOOL DISTRICT NO. 160",50802,"PROPOSITION NO. 2  CEMENT PUBLIC SCHOOLS",,6,6,2,"AGAINST THE PROPOSITION - NO",,0,0,0,0,,
3/2/2021,"080041","VERDEN PUBLIC SCHOOLS INDEPENDENT SCHOOL DISTRICT NO. 099",52601,"PROPOSITION  VERDEN PUBLIC SCHOOLS",,7,7,1,"FOR THE PROPOSITION - YES",,1,0,5,6,,
3/2/2021,"080041","VERDEN PUBLIC SCHOOLS INDEPENDENT SCHOOL DISTRICT NO. 099",52601,"PROPOSITION  VERDEN PUBLIC SCHOOLS",,7,7,2,"AGAINST THE PROPOSITION - NO",,0,0,0,0,,
3/2/2021,"080509","CEMENT PUBLIC SCHOOLS INDEPENDENT SCHOOL DISTRICT NO. 160",50801,"PROPOSITION NO. 1  CEMENT PUBLIC SCHOOLS",,6,6,1,"FOR THE PROPOSITION - YES",,3,0,40,43,,
3/2/2021,"080509","CEMENT PUBLIC SCHOOLS INDEPENDENT SCHOOL DISTRICT NO. 160",50801,"PROPOSITION NO. 1  CEMENT PUBLIC SCHOOLS",,6,6,2,"AGAINST THE PROPOSITION - NO",,0,0,4,4,,
3/2/2021,"080509","CEMENT PUBLIC SCHOOLS INDEPENDENT SCHOOL DISTRICT NO. 160",50802,"PROPOSITION NO. 2  CEMENT PUBLIC SCHOOLS",,6,6,1,"FOR THE PROPOSITION - YES",,3,0,40,43,,
3/2/2021,"080509","CEMENT PUBLIC SCHOOLS INDEPENDENT SCHOOL DISTRICT NO. 160",50802,"PROPOSITION NO. 2  CEMENT PUBLIC SCHOOLS",,6,6,2,"AGAINST THE PROPOSITION - NO",,0,0,5,5,,
3/2/2021,"080811","VERDEN PUBLIC SCHOOLS INDEPENDENT SCHOOL DISTRICT NO. 099",52601,"PROPOSITION  VERDEN PUBLIC SCHOOLS",,7,7,1,"FOR THE PROPOSITION - YES",,2,0,2,4,,
3/2/2021,"080811","VERDEN PUBLIC SCHOOLS INDEPENDENT SCHOOL DISTRICT NO. 099",52601,"PROPOSITION  VERDEN PUBLIC SCHOOLS",,7,7,2,"AGAINST THE PROPOSITION - NO",,1,0,2,3,,
3/2/2021,"090102","CALUMET PUBLIC SCHOOLS INDEPENDENT SCHOOL DISTRICT NO. 076",50901,"PROPOSITION  CALUMET PUBLIC SCHOOLS",,6,6,1,"FOR THE PROPOSITION - YES",,0,0,0,0,,
3/2/2021,"090102","CALUMET PUBLIC SCHOOLS INDEPENDENT SCHOOL DISTRICT NO. 076",50901,"PROPOSITION  CALUMET PUBLIC SCHOOLS",,6,6,2,"AGAINST THE PROPOSITION - NO",,0,0,0,0,,
3/2/2021,"090109","CALUMET PUBLIC SCHOOLS INDEPENDENT SCHOOL DISTRICT NO. 076",50901,"PROPOSITION  CALUMET PUBLIC SCHOOLS",,6,6,1,"FOR THE PROPOSITION - YES",,0,0,3,3,,
3/2/2021,"090109","CALUMET PUBLIC SCHOOLS INDEPENDENT SCHOOL DISTRICT NO. 076",50901,"PROPOSITION  CALUMET PUBLIC SCHOOLS",,6,6,2,"AGAINST THE PROPOSITION - NO",,0,0,1,1,,
3/2/2021,"090201","CITY OF YUKON",40901,"PROPOSITION  CITY OF YUKON",,11,11,1,"FOR THE PROPOSITION - YES",,0,0,5,5,,
3/2/2021,"090201","CITY OF YUKON",40901,"PROPOSITION  CITY OF YUKON",,11,11,2,"AGAINST THE PROPOSITION - NO",,0,0,0,0,,
3/2/2021,"090204","CITY OF YUKON",40901,"PROPOSITION  CITY OF YUKON",,11,11,1,"FOR THE PROPOSITION - YES",,6,0,18,24,,
3/2/2021,"090204","CITY OF YUKON",40901,"PROPOSITION  CITY OF YUKON",,11,11,2,"AGAINST THE PROPOSITION - NO",,4,0,6,10,,
3/2/2021,"090206","CITY OF YUKON",40901,"PROPOSITION  CITY OF YUKON",,11,11,1,"FOR THE PROPOSITION - YES",,7,0,15,22,,
3/2/2021,"090206","CITY OF YUKON",40901,"PROPOSITION  CITY OF YUKON",,11,11,2,"AGAINST THE PROPOSITION - NO",,3,0,2,5,,
3/2/2021,"090208","CITY OF YUKON",40901,"PROPOSITION  CITY OF YUKON",,11,11,1,"FOR THE PROPOSITION - YES",,15,1,29,45,,
3/2/2021,"090208","CITY OF YUKON",40901,"PROPOSITION  CITY OF YUKON",,11,11,2,"AGAINST THE PROPOSITION - NO",,4,0,6,10,,
3/2/2021,"090209","CITY OF YUKON",40901,"PROPOSITION  CITY OF YUKON",,11,11,1,"FOR THE PROPOSITION - YES",,0,0,1,1,,
3/2/2021,"090209","CITY OF YUKON",40901,"PROPOSITION  CITY OF YUKON",,11,11,2,"AGAINST THE PROPOSITION - NO",,0,0,0,0,,
3/2/2021,"090210","CITY OF YUKON",40901,"PROPOSITION  CITY OF YUKON",,11,11,1,"FOR THE PROPOSITION - YES",,1,0,14,15,,
3/2/2021,"090210","CITY OF YUKON",40901,"PROPOSITION  CITY OF YUKON",,11,11,2,"AGAINST THE PROPOSITION - NO",,0,0,1,1,,
3/2/2021,"090214","CITY OF YUKON",40901,"PROPOSITION  CITY OF YUKON",,11,11,1,"FOR THE PROPOSITION - YES",,12,0,18,30,,
3/2/2021,"090214","CITY OF YUKON",40901,"PROPOSITION  CITY OF YUKON",,11,11,2,"AGAINST THE PROPOSITION - NO",,4,0,7,11,,
3/2/2021,"090216","CITY OF YUKON",40901,"PROPOSITION  CITY OF YUKON",,11,11,1,"FOR THE PROPOSITION - YES",,17,2,31,50,,
3/2/2021,"090216","CITY OF YUKON",40901,"PROPOSITION  CITY OF YUKON",,11,11,2,"AGAINST THE PROPOSITION - NO",,7,0,2,9,,
3/2/2021,"090217","CITY OF YUKON",40901,"PROPOSITION  CITY OF YUKON",,11,11,1,"FOR THE PROPOSITION - YES",,0,0,0,0,,
3/2/2021,"090217","CITY OF YUKON",40901,"PROPOSITION  CITY OF YUKON",,11,11,2,"AGAINST THE PROPOSITION - NO",,0,0,0,0,,
3/2/2021,"090218","CITY OF YUKON",40901,"PROPOSITION  CITY OF YUKON",,11,11,1,"FOR THE PROPOSITION - YES",,5,0,18,23,,
3/2/2021,"090218","CITY OF YUKON",40901,"PROPOSITION  CITY OF YUKON",,11,11,2,"AGAINST THE PROPOSITION - NO",,3,0,3,6,,
3/2/2021,"090220","CITY OF YUKON",40901,"PROPOSITION  CITY OF YUKON",,11,11,1,"FOR THE PROPOSITION - YES",,12,0,14,26,,
3/2/2021,"090220","CITY OF YUKON",40901,"PROPOSITION  CITY OF YUKON",,11,11,2,"AGAINST THE PROPOSITION - NO",,8,0,5,13,,
3/2/2021,"090404","CALUMET PUBLIC SCHOOLS INDEPENDENT SCHOOL DISTRICT NO. 076",50901,"PROPOSITION  CALUMET PUBLIC SCHOOLS",,6,6,1,"FOR THE PROPOSITION - YES",,0,0,1,1,,
3/2/2021,"090404","CALUMET PUBLIC SCHOOLS INDEPENDENT SCHOOL DISTRICT NO. 076",50901,"PROPOSITION  CALUMET PUBLIC SCHOOLS",,6,6,2,"AGAINST THE PROPOSITION - NO",,0,0,1,1,,
3/2/2021,"090406","CALUMET PUBLIC SCHOOLS INDEPENDENT SCHOOL DISTRICT NO. 076",50901,"PROPOSITION  CALUMET PUBLIC SCHOOLS",,6,6,1,"FOR THE PROPOSITION - YES",,0,0,0,0,,
3/2/2021,"090406","CALUMET PUBLIC SCHOOLS INDEPENDENT SCHOOL DISTRICT NO. 076",50901,"PROPOSITION  CALUMET PUBLIC SCHOOLS",,6,6,2,"AGAINST THE PROPOSITION - NO",,0,0,0,0,,
3/2/2021,"090408","CALUMET PUBLIC SCHOOLS INDEPENDENT SCHOOL DISTRICT NO. 076",50901,"PROPOSITION  CALUMET PUBLIC SCHOOLS",,6,6,1,"FOR THE PROPOSITION - YES",,0,1,92,93,,
3/2/2021,"090408","CALUMET PUBLIC SCHOOLS INDEPENDENT SCHOOL DISTRICT NO. 076",50901,"PROPOSITION  CALUMET PUBLIC SCHOOLS",,6,6,2,"AGAINST THE PROPOSITION - NO",,0,0,41,41,,
3/2/2021,"090409","CALUMET PUBLIC SCHOOLS INDEPENDENT SCHOOL DISTRICT NO. 076",50901,"PROPOSITION  CALUMET PUBLIC SCHOOLS",,6,6,1,"FOR THE PROPOSITION - YES",,0,0,14,14,,
3/2/2021,"090409","CALUMET PUBLIC SCHOOLS INDEPENDENT SCHOOL DISTRICT NO. 076",50901,"PROPOSITION  CALUMET PUBLIC SCHOOLS",,6,6,2,"AGAINST THE PROPOSITION - NO",,0,0,1,1,,
3/2/2021,"110008","LOWREY PUBLIC SCHOOLS ELEMENTARY SCHOOL DISTRICT NO. 010",51101,"PROPOSITION  LOWREY PUBLIC SCHOOLS",,4,4,1,"FOR THE PROPOSITION - YES",,0,0,5,5,,
3/2/2021,"110008","LOWREY PUBLIC SCHOOLS ELEMENTARY SCHOOL DISTRICT NO. 010",51101,"PROPOSITION  LOWREY PUBLIC SCHOOLS",,4,4,2,"AGAINST THE PROPOSITION - NO",,0,0,0,0,,
3/2/2021,"110012","LOWREY PUBLIC SCHOOLS ELEMENTARY SCHOOL DISTRICT NO. 010",51101,"PROPOSITION  LOWREY PUBLIC SCHOOLS",,4,4,1,"FOR THE PROPOSITION - YES",,0,0,30,30,,
3/2/2021,"110012","LOWREY PUBLIC SCHOOLS ELEMENTARY SCHOOL DISTRICT NO. 010",51101,"PROPOSITION  LOWREY PUBLIC SCHOOLS",,4,4,2,"AGAINST THE PROPOSITION - NO",,0,1,14,15,,
3/2/2021,"110016","LOWREY PUBLIC SCHOOLS ELEMENTARY SCHOOL DISTRICT NO. 010",51101,"PROPOSITION  LOWREY PUBLIC SCHOOLS",,4,4,1,"FOR THE PROPOSITION - YES",,0,0,0,0,,
3/2/2021,"110016","LOWREY PUBLIC SCHOOLS ELEMENTARY SCHOOL DISTRICT NO. 010",51101,"PROPOSITION  LOWREY PUBLIC SCHOOLS",,4,4,2,"AGAINST THE PROPOSITION - NO",,0,0,0,0,,
3/2/2021,"110018","LOWREY PUBLIC SCHOOLS ELEMENTARY SCHOOL DISTRICT NO. 010",51101,"PROPOSITION  LOWREY PUBLIC SCHOOLS",,4,4,1,"FOR THE PROPOSITION - YES",,0,0,0,0,,
3/2/2021,"110018","LOWREY PUBLIC SCHOOLS ELEMENTARY SCHOOL DISTRICT NO. 010",51101,"PROPOSITION  LOWREY PUBLIC SCHOOLS",,4,4,2,"AGAINST THE PROPOSITION - NO",,0,0,0,0,,
3/2/2021,"140005","CITY OF MOORE",41401,"PROPOSITION  CITY OF MOORE",,19,19,1,"FOR THE PROPOSITION - YES",,0,0,10,10,,
3/2/2021,"140005","CITY OF MOORE",41401,"PROPOSITION  CITY OF MOORE",,19,19,2,"AGAINST THE PROPOSITION - NO",,2,0,3,5,,
3/2/2021,"140016","CITY OF MOORE",41401,"PROPOSITION  CITY OF MOORE",,19,19,1,"FOR THE PROPOSITION - YES",,1,0,18,19,,
3/2/2021,"140016","CITY OF MOORE",41401,"PROPOSITION  CITY OF MOORE",,19,19,2,"AGAINST THE PROPOSITION - NO",,0,0,16,16,,
3/2/2021,"140017","CITY OF MOORE",41401,"PROPOSITION  CITY OF MOORE",,19,19,1,"FOR THE PROPOSITION - YES",,1,0,1,2,,
3/2/2021,"140017","CITY OF MOORE",41401,"PROPOSITION  CITY OF MOORE",,19,19,2,"AGAINST THE PROPOSITION - NO",,0,0,4,4,,
3/2/2021,"140021","CITY OF MOORE",41401,"PROPOSITION  CITY OF MOORE",,19,19,1,"FOR THE PROPOSITION - YES",,2,0,6,8,,
3/2/2021,"140021","CITY OF MOORE",41401,"PROPOSITION  CITY OF MOORE",,19,19,2,"AGAINST THE PROPOSITION - NO",,0,0,8,8,,
3/2/2021,"140022","CITY OF MOORE",41401,"PROPOSITION  CITY OF MOORE",,19,19,1,"FOR THE PROPOSITION - YES",,8,2,27,37,,
3/2/2021,"140022","CITY OF MOORE",41401,"PROPOSITION  CITY OF MOORE",,19,19,2,"AGAINST THE PROPOSITION - NO",,1,0,14,15,,
3/2/2021,"140024","CITY OF MOORE",41401,"PROPOSITION  CITY OF MOORE",,19,19,1,"FOR THE PROPOSITION - YES",,20,3,17,40,,
3/2/2021,"140024","CITY OF MOORE",41401,"PROPOSITION  CITY OF MOORE",,19,19,2,"AGAINST THE PROPOSITION - NO",,3,1,24,28,,
3/2/2021,"140037","CITY OF MOORE",41401,"PROPOSITION  CITY OF MOORE",,19,19,1,"FOR THE PROPOSITION - YES",,0,0,3,3,,
3/2/2021,"140037","CITY OF MOORE",41401,"PROPOSITION  CITY OF MOORE",,19,19,2,"AGAINST THE PROPOSITION - NO",,0,0,0,0,,
3/2/2021,"140044","CITY OF MOORE",41401,"PROPOSITION  CITY OF MOORE",,19,19,1,"FOR THE PROPOSITION - YES",,1,1,13,15,,
3/2/2021,"140044","CITY OF MOORE",41401,"PROPOSITION  CITY OF MOORE",,19,19,2,"AGAINST THE PROPOSITION - NO",,0,0,12,12,,
3/2/2021,"140047","CITY OF MOORE",41401,"PROPOSITION  CITY OF MOORE",,19,19,1,"FOR THE PROPOSITION - YES",,1,0,13,14,,
3/2/2021,"140047","CITY OF MOORE",41401,"PROPOSITION  CITY OF MOORE",,19,19,2,"AGAINST THE PROPOSITION - NO",,1,0,6,7,,
3/2/2021,"140048","CITY OF MOORE",41401,"PROPOSITION  CITY OF MOORE",,19,19,1,"FOR THE PROPOSITION - YES",,3,0,5,8,,
3/2/2021,"140048","CITY OF MOORE",41401,"PROPOSITION  CITY OF MOORE",,19,19,2,"AGAINST THE PROPOSITION - NO",,2,0,6,8,,
3/2/2021,"140054","CITY OF MOORE",41401,"PROPOSITION  CITY OF MOORE",,19,19,1,"FOR THE PROPOSITION - YES",,1,0,2,3,,
3/2/2021,"140054","CITY OF MOORE",41401,"PROPOSITION  CITY OF MOORE",,19,19,2,"AGAINST THE PROPOSITION - NO",,1,0,2,3,,
3/2/2021,"140058","CITY OF MOORE",41401,"PROPOSITION  CITY OF MOORE",,19,19,1,"FOR THE PROPOSITION - YES",,1,1,13,15,,
3/2/2021,"140058","CITY OF MOORE",41401,"PROPOSITION  CITY OF MOORE",,19,19,2,"AGAINST THE PROPOSITION - NO",,3,0,10,13,,
3/2/2021,"140060","CITY OF MOORE",41401,"PROPOSITION  CITY OF MOORE",,19,19,1,"FOR THE PROPOSITION - YES",,3,0,7,10,,
3/2/2021,"140060","CITY OF MOORE",41401,"PROPOSITION  CITY OF MOORE",,19,19,2,"AGAINST THE PROPOSITION - NO",,4,0,11,15,,
3/2/2021,"140063","CITY OF MOORE",41401,"PROPOSITION  CITY OF MOORE",,19,19,1,"FOR THE PROPOSITION - YES",,0,0,1,1,,
3/2/2021,"140063","CITY OF MOORE",41401,"PROPOSITION  CITY OF MOORE",,19,19,2,"AGAINST THE PROPOSITION - NO",,0,0,2,2,,
3/2/2021,"140070","CITY OF MOORE",41401,"PROPOSITION  CITY OF MOORE",,19,19,1,"FOR THE PROPOSITION - YES",,3,0,12,15,,
3/2/2021,"140070","CITY OF MOORE",41401,"PROPOSITION  CITY OF MOORE",,19,19,2,"AGAINST THE PROPOSITION - NO",,2,0,5,7,,
3/2/2021,"140072","CITY OF MOORE",41401,"PROPOSITION  CITY OF MOORE",,19,19,1,"FOR THE PROPOSITION - YES",,6,0,12,18,,
3/2/2021,"140072","CITY OF MOORE",41401,"PROPOSITION  CITY OF MOORE",,19,19,2,"AGAINST THE PROPOSITION - NO",,0,0,12,12,,
3/2/2021,"140080","CITY OF MOORE",41401,"PROPOSITION  CITY OF MOORE",,19,19,1,"FOR THE PROPOSITION - YES",,1,0,1,2,,
3/2/2021,"140080","CITY OF MOORE",41401,"PROPOSITION  CITY OF MOORE",,19,19,2,"AGAINST THE PROPOSITION - NO",,0,0,2,2,,
3/2/2021,"140089","CITY OF MOORE",41401,"PROPOSITION  CITY OF MOORE",,19,19,1,"FOR THE PROPOSITION - YES",,10,0,15,25,,
3/2/2021,"140089","CITY OF MOORE",41401,"PROPOSITION  CITY OF MOORE",,19,19,2,"AGAINST THE PROPOSITION - NO",,1,0,7,8,,
3/2/2021,"140090","CITY OF MOORE",41401,"PROPOSITION  CITY OF MOORE",,19,19,1,"FOR THE PROPOSITION - YES",,0,0,0,0,,
3/2/2021,"140090","CITY OF MOORE",41401,"PROPOSITION  CITY OF MOORE",,19,19,2,"AGAINST THE PROPOSITION - NO",,0,0,0,0,,
3/2/2021,"160001","COMANCHE COUNTY",30001,"PROPOSITION",,39,39,1,"FOR THE PROPOSITION - YES",,12,5,36,53,COMANCHE
3/2/2021,"160001","COMANCHE COUNTY",30001,"PROPOSITION",,39,39,2,"AGAINST THE PROPOSITION - NO",,1,1,64,66,COMANCHE
3/2/2021,"160002","COMANCHE COUNTY",30001,"PROPOSITION",,39,39,1,"FOR THE PROPOSITION - YES",,9,8,21,38,COMANCHE
3/2/2021,"160002","COMANCHE COUNTY",30001,"PROPOSITION",,39,39,2,"AGAINST THE PROPOSITION - NO",,1,0,24,25,COMANCHE
3/2/2021,"160003","COMANCHE COUNTY",30001,"PROPOSITION",,39,39,1,"FOR THE PROPOSITION - YES",,10,1,16,27,COMANCHE
3/2/2021,"160003","COMANCHE COUNTY",30001,"PROPOSITION",,39,39,2,"AGAINST THE PROPOSITION - NO",,1,0,22,23,COMANCHE
3/2/2021,"160007","COMANCHE COUNTY",30001,"PROPOSITION",,39,39,1,"FOR THE PROPOSITION - YES",,4,6,19,29,COMANCHE
3/2/2021,"160007","COMANCHE COUNTY",30001,"PROPOSITION",,39,39,2,"AGAINST THE PROPOSITION - NO",,0,0,28,28,COMANCHE
3/2/2021,"160008","COMANCHE COUNTY",30001,"PROPOSITION",,39,39,1,"FOR THE PROPOSITION - YES",,8,12,40,60,COMANCHE
3/2/2021,"160008","COMANCHE COUNTY",30001,"PROPOSITION",,39,39,2,"AGAINST THE PROPOSITION - NO",,0,1,63,64,COMANCHE
3/2/2021,"160009","COMANCHE COUNTY",30001,"PROPOSITION",,39,39,1,"FOR THE PROPOSITION - YES",,6,4,33,43,COMANCHE
3/2/2021,"160009","COMANCHE COUNTY",30001,"PROPOSITION",,39,39,2,"AGAINST THE PROPOSITION - NO",,3,1,37,41,COMANCHE
3/2/2021,"160011","COMANCHE COUNTY",30001,"PROPOSITION",,39,39,1,"FOR THE PROPOSITION - YES",,3,5,36,44,COMANCHE
3/2/2021,"160011","COMANCHE COUNTY",30001,"PROPOSITION",,39,39,2,"AGAINST THE PROPOSITION - NO",,0,2,39,41,COMANCHE
3/2/2021,"160013","COMANCHE COUNTY",30001,"PROPOSITION",,39,39,1,"FOR THE PROPOSITION - YES",,9,5,38,52,COMANCHE
3/2/2021,"160013","COMANCHE COUNTY",30001,"PROPOSITION",,39,39,2,"AGAINST THE PROPOSITION - NO",,2,0,31,33,COMANCHE
3/2/2021,"160014","COMANCHE COUNTY",30001,"PROPOSITION",,39,39,1,"FOR THE PROPOSITION - YES",,2,0,0,2,COMANCHE
3/2/2021,"160014","COMANCHE COUNTY",30001,"PROPOSITION",,39,39,2,"AGAINST THE PROPOSITION - NO",,0,0,0,0,COMANCHE
3/2/2021,"160015","COMANCHE COUNTY",30001,"PROPOSITION",,39,39,1,"FOR THE PROPOSITION - YES",,8,7,28,43,COMANCHE
3/2/2021,"160015","COMANCHE COUNTY",30001,"PROPOSITION",,39,39,2,"AGAINST THE PROPOSITION - NO",,1,0,43,44,COMANCHE
3/2/2021,"160017","COMANCHE COUNTY",30001,"PROPOSITION",,39,39,1,"FOR THE PROPOSITION - YES",,6,12,36,54,COMANCHE
3/2/2021,"160017","COMANCHE COUNTY",30001,"PROPOSITION",,39,39,2,"AGAINST THE PROPOSITION - NO",,3,2,58,63,COMANCHE
3/2/2021,"160019","COMANCHE COUNTY",30001,"PROPOSITION",,39,39,1,"FOR THE PROPOSITION - YES",,3,4,27,34,COMANCHE
3/2/2021,"160019","COMANCHE COUNTY",30001,"PROPOSITION",,39,39,2,"AGAINST THE PROPOSITION - NO",,0,0,49,49,COMANCHE
3/2/2021,"160020","COMANCHE COUNTY",30001,"PROPOSITION",,39,39,1,"FOR THE PROPOSITION - YES",,5,5,16,26,COMANCHE
3/2/2021,"160020","COMANCHE COUNTY",30001,"PROPOSITION",,39,39,2,"AGAINST THE PROPOSITION - NO",,1,1,13,15,COMANCHE
3/2/2021,"160021","COMANCHE COUNTY",30001,"PROPOSITION",,39,39,1,"FOR THE PROPOSITION - YES",,1,2,23,26,COMANCHE
3/2/2021,"160021","COMANCHE COUNTY",30001,"PROPOSITION",,39,39,2,"AGAINST THE PROPOSITION - NO",,1,1,26,28,COMANCHE
3/2/2021,"160025","COMANCHE COUNTY",30001,"PROPOSITION",,39,39,1,"FOR THE PROPOSITION - YES",,3,1,12,16,COMANCHE
3/2/2021,"160025","COMANCHE COUNTY",30001,"PROPOSITION",,39,39,2,"AGAINST THE PROPOSITION - NO",,0,0,8,8,COMANCHE
3/2/2021,"160026","COMANCHE COUNTY",30001,"PROPOSITION",,39,39,1,"FOR THE PROPOSITION - YES",,1,1,13,15,COMANCHE
3/2/2021,"160026","COMANCHE COUNTY",30001,"PROPOSITION",,39,39,2,"AGAINST THE PROPOSITION - NO",,0,0,9,9,COMANCHE
3/2/2021,"160027","COMANCHE COUNTY",30001,"PROPOSITION",,39,39,1,"FOR THE PROPOSITION - YES",,1,0,11,12,COMANCHE
3/2/2021,"160027","COMANCHE COUNTY",30001,"PROPOSITION",,39,39,2,"AGAINST THE PROPOSITION - NO",,0,1,2,3,COMANCHE
3/2/2021,"160029","COMANCHE COUNTY",30001,"PROPOSITION",,39,39,1,"FOR THE PROPOSITION - YES",,3,2,13,18,COMANCHE
3/2/2021,"160029","COMANCHE COUNTY",30001,"PROPOSITION",,39,39,2,"AGAINST THE PROPOSITION - NO",,0,0,1,1,COMANCHE
3/2/2021,"160030","COMANCHE COUNTY",30001,"PROPOSITION",,39,39,1,"FOR THE PROPOSITION - YES",,1,3,6,10,COMANCHE
3/2/2021,"160030","COMANCHE COUNTY",30001,"PROPOSITION",,39,39,2,"AGAINST THE PROPOSITION - NO",,0,0,3,3,COMANCHE
3/2/2021,"160031","COMANCHE COUNTY",30001,"PROPOSITION",,39,39,1,"FOR THE PROPOSITION - YES",,23,19,66,108,COMANCHE
3/2/2021,"160031","COMANCHE COUNTY",30001,"PROPOSITION",,39,39,2,"AGAINST THE PROPOSITION - NO",,6,7,83,96,COMANCHE
3/2/2021,"160032","COMANCHE COUNTY",30001,"PROPOSITION",,39,39,1,"FOR THE PROPOSITION - YES",,0,0,2,2,COMANCHE
3/2/2021,"160032","COMANCHE COUNTY",30001,"PROPOSITION",,39,39,2,"AGAINST THE PROPOSITION - NO",,0,0,0,0,COMANCHE
3/2/2021,"160033","COMANCHE COUNTY",30001,"PROPOSITION",,39,39,1,"FOR THE PROPOSITION - YES",,13,1,8,22,COMANCHE
3/2/2021,"160033","COMANCHE COUNTY",30001,"PROPOSITION",,39,39,2,"AGAINST THE PROPOSITION - NO",,1,0,11,12,COMANCHE
3/2/2021,"160034","COMANCHE COUNTY",30001,"PROPOSITION",,39,39,1,"FOR THE PROPOSITION - YES",,3,12,53,68,COMANCHE
3/2/2021,"160034","COMANCHE COUNTY",30001,"PROPOSITION",,39,39,2,"AGAINST THE PROPOSITION - NO",,2,0,46,48,COMANCHE
3/2/2021,"160035","COMANCHE COUNTY",30001,"PROPOSITION",,39,39,1,"FOR THE PROPOSITION - YES",,0,1,36,37,COMANCHE
3/2/2021,"160035","COMANCHE COUNTY",30001,"PROPOSITION",,39,39,2,"AGAINST THE PROPOSITION - NO",,1,1,14,16,COMANCHE
3/2/2021,"160036","COMANCHE COUNTY",30001,"PROPOSITION",,39,39,1,"FOR THE PROPOSITION - YES",,0,0,13,13,COMANCHE
3/2/2021,"160036","COMANCHE COUNTY",30001,"PROPOSITION",,39,39,2,"AGAINST THE PROPOSITION - NO",,2,0,29,31,COMANCHE
3/2/2021,"160037","COMANCHE COUNTY",30001,"PROPOSITION",,39,39,1,"FOR THE PROPOSITION - YES",,0,0,24,24,COMANCHE
3/2/2021,"160037","COMANCHE COUNTY",30001,"PROPOSITION",,39,39,2,"AGAINST THE PROPOSITION - NO",,0,0,10,10,COMANCHE
3/2/2021,"160038","COMANCHE COUNTY",30001,"PROPOSITION",,39,39,1,"FOR THE PROPOSITION - YES",,8,6,80,94,COMANCHE
3/2/2021,"160038","COMANCHE COUNTY",30001,"PROPOSITION",,39,39,2,"AGAINST THE PROPOSITION - NO",,1,2,62,65,COMANCHE
3/2/2021,"160039","COMANCHE COUNTY",30001,"PROPOSITION",,39,39,1,"FOR THE PROPOSITION - YES",,2,3,46,51,COMANCHE
3/2/2021,"160039","COMANCHE COUNTY",30001,"PROPOSITION",,39,39,2,"AGAINST THE PROPOSITION - NO",,0,0,24,24,COMANCHE
3/2/2021,"160040","COMANCHE COUNTY",30001,"PROPOSITION",,39,39,1,"FOR THE PROPOSITION - YES",,0,5,61,66,COMANCHE
3/2/2021,"160040","COMANCHE COUNTY",30001,"PROPOSITION",,39,39,2,"AGAINST THE PROPOSITION - NO",,0,0,25,25,COMANCHE
3/2/2021,"160040","CEMENT PUBLIC SCHOOLS INDEPENDENT SCHOOL DISTRICT NO. 160",50801,"PROPOSITION NO. 1  CEMENT PUBLIC SCHOOLS",,6,6,1,"FOR THE PROPOSITION - YES",,0,0,0,0,,
3/2/2021,"160040","CEMENT PUBLIC SCHOOLS INDEPENDENT SCHOOL DISTRICT NO. 160",50801,"PROPOSITION NO. 1  CEMENT PUBLIC SCHOOLS",,6,6,2,"AGAINST THE PROPOSITION - NO",,0,0,0,0,,
3/2/2021,"160040","CEMENT PUBLIC SCHOOLS INDEPENDENT SCHOOL DISTRICT NO. 160",50802,"PROPOSITION NO. 2  CEMENT PUBLIC SCHOOLS",,6,6,1,"FOR THE PROPOSITION - YES",,0,0,0,0,,
3/2/2021,"160040","CEMENT PUBLIC SCHOOLS INDEPENDENT SCHOOL DISTRICT NO. 160",50802,"PROPOSITION NO. 2  CEMENT PUBLIC SCHOOLS",,6,6,2,"AGAINST THE PROPOSITION - NO",,0,0,0,0,,
3/2/2021,"160041","COMANCHE COUNTY",30001,"PROPOSITION",,39,39,1,"FOR THE PROPOSITION - YES",,0,2,102,104,COMANCHE
3/2/2021,"160041","COMANCHE COUNTY",30001,"PROPOSITION",,39,39,2,"AGAINST THE PROPOSITION - NO",,0,1,12,13,COMANCHE
3/2/2021,"160042","COMANCHE COUNTY",30001,"PROPOSITION",,39,39,1,"FOR THE PROPOSITION - YES",,9,10,113,132,COMANCHE
3/2/2021,"160042","COMANCHE COUNTY",30001,"PROPOSITION",,39,39,2,"AGAINST THE PROPOSITION - NO",,0,1,116,117,COMANCHE
3/2/2021,"160043","COMANCHE COUNTY",30001,"PROPOSITION",,39,39,1,"FOR THE PROPOSITION - YES",,0,8,29,37,COMANCHE
3/2/2021,"160043","COMANCHE COUNTY",30001,"PROPOSITION",,39,39,2,"AGAINST THE PROPOSITION - NO",,2,1,5,8,COMANCHE
3/2/2021,"160045","COMANCHE COUNTY",30001,"PROPOSITION",,39,39,1,"FOR THE PROPOSITION - YES",,3,4,59,66,COMANCHE
3/2/2021,"160045","COMANCHE COUNTY",30001,"PROPOSITION",,39,39,2,"AGAINST THE PROPOSITION - NO",,2,0,41,43,COMANCHE
3/2/2021,"160046","COMANCHE COUNTY",30001,"PROPOSITION",,39,39,1,"FOR THE PROPOSITION - YES",,0,1,53,54,COMANCHE
3/2/2021,"160046","COMANCHE COUNTY",30001,"PROPOSITION",,39,39,2,"AGAINST THE PROPOSITION - NO",,0,0,16,16,COMANCHE
3/2/2021,"160048","COMANCHE COUNTY",30001,"PROPOSITION",,39,39,1,"FOR THE PROPOSITION - YES",,2,2,73,77,COMANCHE
3/2/2021,"160048","COMANCHE COUNTY",30001,"PROPOSITION",,39,39,2,"AGAINST THE PROPOSITION - NO",,0,0,21,21,COMANCHE
3/2/2021,"160049","COMANCHE COUNTY",30001,"PROPOSITION",,39,39,1,"FOR THE PROPOSITION - YES",,3,4,54,61,COMANCHE
3/2/2021,"160049","COMANCHE COUNTY",30001,"PROPOSITION",,39,39,2,"AGAINST THE PROPOSITION - NO",,0,0,17,17,COMANCHE
3/2/2021,"160050","COMANCHE COUNTY",30001,"PROPOSITION",,39,39,1,"FOR THE PROPOSITION - YES",,5,4,49,58,COMANCHE
3/2/2021,"160050","COMANCHE COUNTY",30001,"PROPOSITION",,39,39,2,"AGAINST THE PROPOSITION - NO",,0,2,117,119,COMANCHE
3/2/2021,"160051","COMANCHE COUNTY",30001,"PROPOSITION",,39,39,1,"FOR THE PROPOSITION - YES",,1,3,50,54,COMANCHE
3/2/2021,"160051","COMANCHE COUNTY",30001,"PROPOSITION",,39,39,2,"AGAINST THE PROPOSITION - NO",,0,0,46,46,COMANCHE
3/2/2021,"160053","COMANCHE COUNTY",30001,"PROPOSITION",,39,39,1,"FOR THE PROPOSITION - YES",,0,0,0,0,COMANCHE
3/2/2021,"160053","COMANCHE COUNTY",30001,"PROPOSITION",,39,39,2,"AGAINST THE PROPOSITION - NO",,0,0,0,0,COMANCHE
3/2/2021,"190112","SAPULPA PUBLIC SCHOOLS INDEPENDENT SCHOOL DISTRICT NO. 033",51901,"PROPOSITION NO. 1  SAPULPA PUBLIC SCHOOLS",,14,14,1,"FOR THE PROPOSITION - YES",,0,0,13,13,,
3/2/2021,"190112","SAPULPA PUBLIC SCHOOLS INDEPENDENT SCHOOL DISTRICT NO. 033",51901,"PROPOSITION NO. 1  SAPULPA PUBLIC SCHOOLS",,14,14,2,"AGAINST THE PROPOSITION - NO",,0,0,5,5,,
3/2/2021,"190112","SAPULPA PUBLIC SCHOOLS INDEPENDENT SCHOOL DISTRICT NO. 033",51902,"PROPOSITION NO. 2  SAPULPA PUBLIC SCHOOLS",,14,14,1,"FOR THE PROPOSITION - YES",,0,0,13,13,,
3/2/2021,"190112","SAPULPA PUBLIC SCHOOLS INDEPENDENT SCHOOL DISTRICT NO. 033",51902,"PROPOSITION NO. 2  SAPULPA PUBLIC SCHOOLS",,14,14,2,"AGAINST THE PROPOSITION - NO",,0,0,5,5,,
3/2/2021,"190121","SAPULPA PUBLIC SCHOOLS INDEPENDENT SCHOOL DISTRICT NO. 033",51901,"PROPOSITION NO. 1  SAPULPA PUBLIC SCHOOLS",,14,14,1,"FOR THE PROPOSITION - YES",,0,0,0,0,,
3/2/2021,"190121","SAPULPA PUBLIC SCHOOLS INDEPENDENT SCHOOL DISTRICT NO. 033",51901,"PROPOSITION NO. 1  SAPULPA PUBLIC SCHOOLS",,14,14,2,"AGAINST THE PROPOSITION - NO",,0,0,0,0,,
3/2/2021,"190121","SAPULPA PUBLIC SCHOOLS INDEPENDENT SCHOOL DISTRICT NO. 033",51902,"PROPOSITION NO. 2  SAPULPA PUBLIC SCHOOLS",,14,14,1,"FOR THE PROPOSITION - YES",,0,0,0,0,,
3/2/2021,"190121","SAPULPA PUBLIC SCHOOLS INDEPENDENT SCHOOL DISTRICT NO. 033",51902,"PROPOSITION NO. 2  SAPULPA PUBLIC SCHOOLS",,14,14,2,"AGAINST THE PROPOSITION - NO",,0,0,0,0,,
3/2/2021,"190122","SAPULPA PUBLIC SCHOOLS INDEPENDENT SCHOOL DISTRICT NO. 033",51901,"PROPOSITION NO. 1  SAPULPA PUBLIC SCHOOLS",,14,14,1,"FOR THE PROPOSITION - YES",,0,0,24,24,,
3/2/2021,"190122","SAPULPA PUBLIC SCHOOLS INDEPENDENT SCHOOL DISTRICT NO. 033",51901,"PROPOSITION NO. 1  SAPULPA PUBLIC SCHOOLS",,14,14,2,"AGAINST THE PROPOSITION - NO",,0,0,2,2,,
3/2/2021,"190122","SAPULPA PUBLIC SCHOOLS INDEPENDENT SCHOOL DISTRICT NO. 033",51902,"PROPOSITION NO. 2  SAPULPA PUBLIC SCHOOLS",,14,14,1,"FOR THE PROPOSITION - YES",,0,0,26,26,,
3/2/2021,"190122","SAPULPA PUBLIC SCHOOLS INDEPENDENT SCHOOL DISTRICT NO. 033",51902,"PROPOSITION NO. 2  SAPULPA PUBLIC SCHOOLS",,14,14,2,"AGAINST THE PROPOSITION - NO",,0,0,2,2,,
3/2/2021,"190131","SAPULPA PUBLIC SCHOOLS INDEPENDENT SCHOOL DISTRICT NO. 033",51901,"PROPOSITION NO. 1  SAPULPA PUBLIC SCHOOLS",,14,14,1,"FOR THE PROPOSITION - YES",,2,0,20,22,,
3/2/2021,"190131","SAPULPA PUBLIC SCHOOLS INDEPENDENT SCHOOL DISTRICT NO. 033",51901,"PROPOSITION NO. 1  SAPULPA PUBLIC SCHOOLS",,14,14,2,"AGAINST THE PROPOSITION - NO",,0,0,12,12,,
3/2/2021,"190131","SAPULPA PUBLIC SCHOOLS INDEPENDENT SCHOOL DISTRICT NO. 033",51902,"PROPOSITION NO. 2  SAPULPA PUBLIC SCHOOLS",,14,14,1,"FOR THE PROPOSITION - YES",,2,0,19,21,,
3/2/2021,"190131","SAPULPA PUBLIC SCHOOLS INDEPENDENT SCHOOL DISTRICT NO. 033",51902,"PROPOSITION NO. 2  SAPULPA PUBLIC SCHOOLS",,14,14,2,"AGAINST THE PROPOSITION - NO",,0,0,13,13,,
3/2/2021,"190132","SAPULPA PUBLIC SCHOOLS INDEPENDENT SCHOOL DISTRICT NO. 033",51901,"PROPOSITION NO. 1  SAPULPA PUBLIC SCHOOLS",,14,14,1,"FOR THE PROPOSITION - YES",,3,2,59,64,,
3/2/2021,"190132","SAPULPA PUBLIC SCHOOLS INDEPENDENT SCHOOL DISTRICT NO. 033",51901,"PROPOSITION NO. 1  SAPULPA PUBLIC SCHOOLS",,14,14,2,"AGAINST THE PROPOSITION - NO",,0,0,18,18,,
3/2/2021,"190132","SAPULPA PUBLIC SCHOOLS INDEPENDENT SCHOOL DISTRICT NO. 033",51902,"PROPOSITION NO. 2  SAPULPA PUBLIC SCHOOLS",,14,14,1,"FOR THE PROPOSITION - YES",,3,2,57,62,,
3/2/2021,"190132","SAPULPA PUBLIC SCHOOLS INDEPENDENT SCHOOL DISTRICT NO. 033",51902,"PROPOSITION NO. 2  SAPULPA PUBLIC SCHOOLS",,14,14,2,"AGAINST THE PROPOSITION - NO",,0,0,20,20,,
3/2/2021,"190142","SAPULPA PUBLIC SCHOOLS INDEPENDENT SCHOOL DISTRICT NO. 033",51901,"PROPOSITION NO. 1  SAPULPA PUBLIC SCHOOLS",,14,14,1,"FOR THE PROPOSITION - YES",,5,11,165,181,,
3/2/2021,"190142","SAPULPA PUBLIC SCHOOLS INDEPENDENT SCHOOL DISTRICT NO. 033",51901,"PROPOSITION NO. 1  SAPULPA PUBLIC SCHOOLS",,14,14,2,"AGAINST THE PROPOSITION - NO",,3,0,32,35,,
3/2/2021,"190142","SAPULPA PUBLIC SCHOOLS INDEPENDENT SCHOOL DISTRICT NO. 033",51902,"PROPOSITION NO. 2  SAPULPA PUBLIC SCHOOLS",,14,14,1,"FOR THE PROPOSITION - YES",,5,12,165,182,,
3/2/2021,"190142","SAPULPA PUBLIC SCHOOLS INDEPENDENT SCHOOL DISTRICT NO. 033",51902,"PROPOSITION NO. 2  SAPULPA PUBLIC SCHOOLS",,14,14,2,"AGAINST THE PROPOSITION - NO",,3,1,33,37,,
3/2/2021,"190143","SAPULPA PUBLIC SCHOOLS INDEPENDENT SCHOOL DISTRICT NO. 033",51901,"PROPOSITION NO. 1  SAPULPA PUBLIC SCHOOLS",,14,14,1,"FOR THE PROPOSITION - YES",,1,4,48,53,,
3/2/2021,"190143","SAPULPA PUBLIC SCHOOLS INDEPENDENT SCHOOL DISTRICT NO. 033",51901,"PROPOSITION NO. 1  SAPULPA PUBLIC SCHOOLS",,14,14,2,"AGAINST THE PROPOSITION - NO",,0,1,16,17,,
3/2/2021,"190143","SAPULPA PUBLIC SCHOOLS INDEPENDENT SCHOOL DISTRICT NO. 033",51902,"PROPOSITION NO. 2  SAPULPA PUBLIC SCHOOLS",,14,14,1,"FOR THE PROPOSITION - YES",,1,4,48,53,,
3/2/2021,"190143","SAPULPA PUBLIC SCHOOLS INDEPENDENT SCHOOL DISTRICT NO. 033",51902,"PROPOSITION NO. 2  SAPULPA PUBLIC SCHOOLS",,14,14,2,"AGAINST THE PROPOSITION - NO",,0,1,16,17,,
3/2/2021,"190401","SAPULPA PUBLIC SCHOOLS INDEPENDENT SCHOOL DISTRICT NO. 033",51901,"PROPOSITION NO. 1  SAPULPA PUBLIC SCHOOLS",,14,14,1,"FOR THE PROPOSITION - YES",,0,0,0,0,,
3/2/2021,"190401","SAPULPA PUBLIC SCHOOLS INDEPENDENT SCHOOL DISTRICT NO. 033",51901,"PROPOSITION NO. 1  SAPULPA PUBLIC SCHOOLS",,14,14,2,"AGAINST THE PROPOSITION - NO",,0,0,0,0,,
3/2/2021,"190401","SAPULPA PUBLIC SCHOOLS INDEPENDENT SCHOOL DISTRICT NO. 033",51902,"PROPOSITION NO. 2  SAPULPA PUBLIC SCHOOLS",,14,14,1,"FOR THE PROPOSITION - YES",,0,0,0,0,,
3/2/2021,"190401","SAPULPA PUBLIC SCHOOLS INDEPENDENT SCHOOL DISTRICT NO. 033",51902,"PROPOSITION NO. 2  SAPULPA PUBLIC SCHOOLS",,14,14,2,"AGAINST THE PROPOSITION - NO",,0,0,0,0,,
3/2/2021,"190402","SAPULPA PUBLIC SCHOOLS INDEPENDENT SCHOOL DISTRICT NO. 033",51901,"PROPOSITION NO. 1  SAPULPA PUBLIC SCHOOLS",,14,14,1,"FOR THE PROPOSITION - YES",,0,0,40,40,,
3/2/2021,"190402","SAPULPA PUBLIC SCHOOLS INDEPENDENT SCHOOL DISTRICT NO. 033",51901,"PROPOSITION NO. 1  SAPULPA PUBLIC SCHOOLS",,14,14,2,"AGAINST THE PROPOSITION - NO",,0,0,12,12,,
3/2/2021,"190402","SAPULPA PUBLIC SCHOOLS INDEPENDENT SCHOOL DISTRICT NO. 033",51902,"PROPOSITION NO. 2  SAPULPA PUBLIC SCHOOLS",,14,14,1,"FOR THE PROPOSITION - YES",,0,0,40,40,,
3/2/2021,"190402","SAPULPA PUBLIC SCHOOLS INDEPENDENT SCHOOL DISTRICT NO. 033",51902,"PROPOSITION NO. 2  SAPULPA PUBLIC SCHOOLS",,14,14,2,"AGAINST THE PROPOSITION - NO",,0,0,13,13,,
3/2/2021,"190414","SAPULPA PUBLIC SCHOOLS INDEPENDENT SCHOOL DISTRICT NO. 033",51901,"PROPOSITION NO. 1  SAPULPA PUBLIC SCHOOLS",,14,14,1,"FOR THE PROPOSITION - YES",,0,0,0,0,,
3/2/2021,"190414","SAPULPA PUBLIC SCHOOLS INDEPENDENT SCHOOL DISTRICT NO. 033",51901,"PROPOSITION NO. 1  SAPULPA PUBLIC SCHOOLS",,14,14,2,"AGAINST THE PROPOSITION - NO",,0,0,0,0,,
3/2/2021,"190414","SAPULPA PUBLIC SCHOOLS INDEPENDENT SCHOOL DISTRICT NO. 033",51902,"PROPOSITION NO. 2  SAPULPA PUBLIC SCHOOLS",,14,14,1,"FOR THE PROPOSITION - YES",,0,0,0,0,,
3/2/2021,"190414","SAPULPA PUBLIC SCHOOLS INDEPENDENT SCHOOL DISTRICT NO. 033",51902,"PROPOSITION NO. 2  SAPULPA PUBLIC SCHOOLS",,14,14,2,"AGAINST THE PROPOSITION - NO",,0,0,0,0,,
3/2/2021,"190417","SAPULPA PUBLIC SCHOOLS INDEPENDENT SCHOOL DISTRICT NO. 033",51901,"PROPOSITION NO. 1  SAPULPA PUBLIC SCHOOLS",,14,14,1,"FOR THE PROPOSITION - YES",,0,0,0,0,,
3/2/2021,"190417","SAPULPA PUBLIC SCHOOLS INDEPENDENT SCHOOL DISTRICT NO. 033",51901,"PROPOSITION NO. 1  SAPULPA PUBLIC SCHOOLS",,14,14,2,"AGAINST THE PROPOSITION - NO",,0,0,0,0,,
3/2/2021,"190417","SAPULPA PUBLIC SCHOOLS INDEPENDENT SCHOOL DISTRICT NO. 033",51902,"PROPOSITION NO. 2  SAPULPA PUBLIC SCHOOLS",,14,14,1,"FOR THE PROPOSITION - YES",,0,0,0,0,,
3/2/2021,"190417","SAPULPA PUBLIC SCHOOLS INDEPENDENT SCHOOL DISTRICT NO. 033",51902,"PROPOSITION NO. 2  SAPULPA PUBLIC SCHOOLS",,14,14,2,"AGAINST THE PROPOSITION - NO",,0,0,0,0,,
3/2/2021,"190418","SAPULPA PUBLIC SCHOOLS INDEPENDENT SCHOOL DISTRICT NO. 033",51901,"PROPOSITION NO. 1  SAPULPA PUBLIC SCHOOLS",,14,14,1,"FOR THE PROPOSITION - YES",,4,1,84,89,,
3/2/2021,"190418","SAPULPA PUBLIC SCHOOLS INDEPENDENT SCHOOL DISTRICT NO. 033",51901,"PROPOSITION NO. 1  SAPULPA PUBLIC SCHOOLS",,14,14,2,"AGAINST THE PROPOSITION - NO",,0,0,18,18,,
3/2/2021,"190418","SAPULPA PUBLIC SCHOOLS INDEPENDENT SCHOOL DISTRICT NO. 033",51902,"PROPOSITION NO. 2  SAPULPA PUBLIC SCHOOLS",,14,14,1,"FOR THE PROPOSITION - YES",,4,1,84,89,,
3/2/2021,"190418","SAPULPA PUBLIC SCHOOLS INDEPENDENT SCHOOL DISTRICT NO. 033",51902,"PROPOSITION NO. 2  SAPULPA PUBLIC SCHOOLS",,14,14,2,"AGAINST THE PROPOSITION - NO",,0,0,17,17,,
3/2/2021,"190419","SAPULPA PUBLIC SCHOOLS INDEPENDENT SCHOOL DISTRICT NO. 033",51901,"PROPOSITION NO. 1  SAPULPA PUBLIC SCHOOLS",,14,14,1,"FOR THE PROPOSITION - YES",,1,1,25,27,,
3/2/2021,"190419","SAPULPA PUBLIC SCHOOLS INDEPENDENT SCHOOL DISTRICT NO. 033",51901,"PROPOSITION NO. 1  SAPULPA PUBLIC SCHOOLS",,14,14,2,"AGAINST THE PROPOSITION - NO",,2,1,9,12,,
3/2/2021,"190419","SAPULPA PUBLIC SCHOOLS INDEPENDENT SCHOOL DISTRICT NO. 033",51902,"PROPOSITION NO. 2  SAPULPA PUBLIC SCHOOLS",,14,14,1,"FOR THE PROPOSITION - YES",,1,1,26,28,,
3/2/2021,"190419","SAPULPA PUBLIC SCHOOLS INDEPENDENT SCHOOL DISTRICT NO. 033",51902,"PROPOSITION NO. 2  SAPULPA PUBLIC SCHOOLS",,14,14,2,"AGAINST THE PROPOSITION - NO",,2,1,9,12,,
3/2/2021,"190421","SAPULPA PUBLIC SCHOOLS INDEPENDENT SCHOOL DISTRICT NO. 033",51901,"PROPOSITION NO. 1  SAPULPA PUBLIC SCHOOLS",,14,14,1,"FOR THE PROPOSITION - YES",,1,0,23,24,,
3/2/2021,"190421","SAPULPA PUBLIC SCHOOLS INDEPENDENT SCHOOL DISTRICT NO. 033",51901,"PROPOSITION NO. 1  SAPULPA PUBLIC SCHOOLS",,14,14,2,"AGAINST THE PROPOSITION - NO",,0,0,2,2,,
3/2/2021,"190421","SAPULPA PUBLIC SCHOOLS INDEPENDENT SCHOOL DISTRICT NO. 033",51902,"PROPOSITION NO. 2  SAPULPA PUBLIC SCHOOLS",,14,14,1,"FOR THE PROPOSITION - YES",,1,0,23,24,,
3/2/2021,"190421","SAPULPA PUBLIC SCHOOLS INDEPENDENT SCHOOL DISTRICT NO. 033",51902,"PROPOSITION NO. 2  SAPULPA PUBLIC SCHOOLS",,14,14,2,"AGAINST THE PROPOSITION - NO",,0,0,2,2,,
3/2/2021,"200026","CANUTE PUBLIC SCHOOLS INDEPENDENT SCHOOL DISTRICT NO. 011",57501,"PROPOSITION NO. 1  CANUTE PUBLIC SCHOOLS",,4,4,1,"FOR THE PROPOSITION - YES",,2,0,18,20,,
3/2/2021,"200026","CANUTE PUBLIC SCHOOLS INDEPENDENT SCHOOL DISTRICT NO. 011",57501,"PROPOSITION NO. 1  CANUTE PUBLIC SCHOOLS",,4,4,2,"AGAINST THE PROPOSITION - NO",,0,0,1,1,,
3/2/2021,"200026","CANUTE PUBLIC SCHOOLS INDEPENDENT SCHOOL DISTRICT NO. 011",57502,"PROPOSITION NO. 2  CANUTE PUBLIC SCHOOLS",,4,4,1,"FOR THE PROPOSITION - YES",,2,0,18,20,,
3/2/2021,"200026","CANUTE PUBLIC SCHOOLS INDEPENDENT SCHOOL DISTRICT NO. 011",57502,"PROPOSITION NO. 2  CANUTE PUBLIC SCHOOLS",,4,4,2,"AGAINST THE PROPOSITION - NO",,0,0,1,1,,
3/2/2021,"260017","VERDEN PUBLIC SCHOOLS INDEPENDENT SCHOOL DISTRICT NO. 099",52601,"PROPOSITION  VERDEN PUBLIC SCHOOLS",,7,7,1,"FOR THE PROPOSITION - YES",,0,0,26,26,,
3/2/2021,"260017","VERDEN PUBLIC SCHOOLS INDEPENDENT SCHOOL DISTRICT NO. 099",52601,"PROPOSITION  VERDEN PUBLIC SCHOOLS",,7,7,2,"AGAINST THE PROPOSITION - NO",,0,0,4,4,,
3/2/2021,"260023","CEMENT PUBLIC SCHOOLS INDEPENDENT SCHOOL DISTRICT NO. 160",50801,"PROPOSITION NO. 1  CEMENT PUBLIC SCHOOLS",,6,6,1,"FOR THE PROPOSITION - YES",,0,0,0,0,,
3/2/2021,"260023","CEMENT PUBLIC SCHOOLS INDEPENDENT SCHOOL DISTRICT NO. 160",50801,"PROPOSITION NO. 1  CEMENT PUBLIC SCHOOLS",,6,6,2,"AGAINST THE PROPOSITION - NO",,0,0,0,0,,
3/2/2021,"260023","CEMENT PUBLIC SCHOOLS INDEPENDENT SCHOOL DISTRICT NO. 160",50802,"PROPOSITION NO. 2  CEMENT PUBLIC SCHOOLS",,6,6,1,"FOR THE PROPOSITION - YES",,0,0,0,0,,
3/2/2021,"260023","CEMENT PUBLIC SCHOOLS INDEPENDENT SCHOOL DISTRICT NO. 160",50802,"PROPOSITION NO. 2  CEMENT PUBLIC SCHOOLS",,6,6,2,"AGAINST THE PROPOSITION - NO",,0,0,0,0,,
3/2/2021,"260027","VERDEN PUBLIC SCHOOLS INDEPENDENT SCHOOL DISTRICT NO. 099",52601,"PROPOSITION  VERDEN PUBLIC SCHOOLS",,7,7,1,"FOR THE PROPOSITION - YES",,0,0,0,0,,
3/2/2021,"260027","VERDEN PUBLIC SCHOOLS INDEPENDENT SCHOOL DISTRICT NO. 099",52601,"PROPOSITION  VERDEN PUBLIC SCHOOLS",,7,7,2,"AGAINST THE PROPOSITION - NO",,0,0,0,0,,
3/2/2021,"260029","VERDEN PUBLIC SCHOOLS INDEPENDENT SCHOOL DISTRICT NO. 099",52601,"PROPOSITION  VERDEN PUBLIC SCHOOLS",,7,7,1,"FOR THE PROPOSITION - YES",,0,0,0,0,,
3/2/2021,"260029","VERDEN PUBLIC SCHOOLS INDEPENDENT SCHOOL DISTRICT NO. 099",52601,"PROPOSITION  VERDEN PUBLIC SCHOOLS",,7,7,2,"AGAINST THE PROPOSITION - NO",,0,0,0,0,,
3/2/2021,"260032","CEMENT PUBLIC SCHOOLS INDEPENDENT SCHOOL DISTRICT NO. 160",50801,"PROPOSITION NO. 1  CEMENT PUBLIC SCHOOLS",,6,6,1,"FOR THE PROPOSITION - YES",,0,0,8,8,,
3/2/2021,"260032","CEMENT PUBLIC SCHOOLS INDEPENDENT SCHOOL DISTRICT NO. 160",50801,"PROPOSITION NO. 1  CEMENT PUBLIC SCHOOLS",,6,6,2,"AGAINST THE PROPOSITION - NO",,0,0,1,1,,
3/2/2021,"260032","CEMENT PUBLIC SCHOOLS INDEPENDENT SCHOOL DISTRICT NO. 160",50802,"PROPOSITION NO. 2  CEMENT PUBLIC SCHOOLS",,6,6,1,"FOR THE PROPOSITION - YES",,0,0,8,8,,
3/2/2021,"260032","CEMENT PUBLIC SCHOOLS INDEPENDENT SCHOOL DISTRICT NO. 160",50802,"PROPOSITION NO. 2  CEMENT PUBLIC SCHOOLS",,6,6,2,"AGAINST THE PROPOSITION - NO",,0,0,1,1,,
3/2/2021,"260035","VERDEN PUBLIC SCHOOLS INDEPENDENT SCHOOL DISTRICT NO. 099",52601,"PROPOSITION  VERDEN PUBLIC SCHOOLS",,7,7,1,"FOR THE PROPOSITION - YES",,0,0,5,5,,
3/2/2021,"260035","VERDEN PUBLIC SCHOOLS INDEPENDENT SCHOOL DISTRICT NO. 099",52601,"PROPOSITION  VERDEN PUBLIC SCHOOLS",,7,7,2,"AGAINST THE PROPOSITION - NO",,0,0,0,0,,
3/2/2021,"260036","CEMENT PUBLIC SCHOOLS INDEPENDENT SCHOOL DISTRICT NO. 160",50801,"PROPOSITION NO. 1  CEMENT PUBLIC SCHOOLS",,6,6,1,"FOR THE PROPOSITION - YES",,0,0,0,0,,
3/2/2021,"260036","CEMENT PUBLIC SCHOOLS INDEPENDENT SCHOOL DISTRICT NO. 160",50801,"PROPOSITION NO. 1  CEMENT PUBLIC SCHOOLS",,6,6,2,"AGAINST THE PROPOSITION - NO",,0,0,0,0,,
3/2/2021,"260036","CEMENT PUBLIC SCHOOLS INDEPENDENT SCHOOL DISTRICT NO. 160",50802,"PROPOSITION NO. 2  CEMENT PUBLIC SCHOOLS",,6,6,1,"FOR THE PROPOSITION - YES",,0,0,0,0,,
3/2/2021,"260036","CEMENT PUBLIC SCHOOLS INDEPENDENT SCHOOL DISTRICT NO. 160",50802,"PROPOSITION NO. 2  CEMENT PUBLIC SCHOOLS",,6,6,2,"AGAINST THE PROPOSITION - NO",,0,0,0,0,,
3/2/2021,"270017","MEDFORD PUBLIC SCHOOLS INDEPENDENT SCHOOL DISTRICT NO. 054",52701,"PROPOSITION  MEDFORD PUBLIC SCHOOLS",,6,6,1,"FOR THE PROPOSITION - YES",,1,3,0,4,,
3/2/2021,"270017","MEDFORD PUBLIC SCHOOLS INDEPENDENT SCHOOL DISTRICT NO. 054",52701,"PROPOSITION  MEDFORD PUBLIC SCHOOLS",,6,6,2,"AGAINST THE PROPOSITION - NO",,2,0,0,2,,
3/2/2021,"270023","MEDFORD PUBLIC SCHOOLS INDEPENDENT SCHOOL DISTRICT NO. 054",52701,"PROPOSITION  MEDFORD PUBLIC SCHOOLS",,6,6,1,"FOR THE PROPOSITION - YES",,2,8,0,10,,
3/2/2021,"270023","MEDFORD PUBLIC SCHOOLS INDEPENDENT SCHOOL DISTRICT NO. 054",52701,"PROPOSITION  MEDFORD PUBLIC SCHOOLS",,6,6,2,"AGAINST THE PROPOSITION - NO",,0,0,0,0,,
3/2/2021,"270025","MEDFORD PUBLIC SCHOOLS INDEPENDENT SCHOOL DISTRICT NO. 054",52701,"PROPOSITION  MEDFORD PUBLIC SCHOOLS",,6,6,1,"FOR THE PROPOSITION - YES",,1,1,43,45,,
3/2/2021,"270025","MEDFORD PUBLIC SCHOOLS INDEPENDENT SCHOOL DISTRICT NO. 054",52701,"PROPOSITION  MEDFORD PUBLIC SCHOOLS",,6,6,2,"AGAINST THE PROPOSITION - NO",,3,3,17,23,,
3/2/2021,"270029","MEDFORD PUBLIC SCHOOLS INDEPENDENT SCHOOL DISTRICT NO. 054",52701,"PROPOSITION  MEDFORD PUBLIC SCHOOLS",,6,6,1,"FOR THE PROPOSITION - YES",,0,8,59,67,,
3/2/2021,"270029","MEDFORD PUBLIC SCHOOLS INDEPENDENT SCHOOL DISTRICT NO. 054",52701,"PROPOSITION  MEDFORD PUBLIC SCHOOLS",,6,6,2,"AGAINST THE PROPOSITION - NO",,0,9,23,32,,
3/2/2021,"270030","MEDFORD PUBLIC SCHOOLS INDEPENDENT SCHOOL DISTRICT NO. 054",52701,"PROPOSITION  MEDFORD PUBLIC SCHOOLS",,6,6,1,"FOR THE PROPOSITION - YES",,5,12,123,140,,
3/2/2021,"270030","MEDFORD PUBLIC SCHOOLS INDEPENDENT SCHOOL DISTRICT NO. 054",52701,"PROPOSITION  MEDFORD PUBLIC SCHOOLS",,6,6,2,"AGAINST THE PROPOSITION - NO",,2,11,46,59,,
3/2/2021,"320020","BUTNER PUBLIC SCHOOLS INDEPENDENT SCHOOL DISTRICT NO. 015",56701,"PROPOSITION  BUTNER PUBLIC SCHOOLS",,6,6,1,"FOR THE PROPOSITION - YES",,0,0,0,0,,
3/2/2021,"320020","BUTNER PUBLIC SCHOOLS INDEPENDENT SCHOOL DISTRICT NO. 015",56701,"PROPOSITION  BUTNER PUBLIC SCHOOLS",,6,6,2,"AGAINST THE PROPOSITION - NO",,0,0,0,0,,
3/2/2021,"390003","CROWDER PUBLIC SCHOOLS INDEPENDENT SCHOOL DISTRICT NO. 028",56101,"PROPOSITION  CROWDER PUBLIC SCHOOLS",,11,11,1,"FOR THE PROPOSITION - YES",,0,0,0,0,,
3/2/2021,"390003","CROWDER PUBLIC SCHOOLS INDEPENDENT SCHOOL DISTRICT NO. 028",56101,"PROPOSITION  CROWDER PUBLIC SCHOOLS",,11,11,2,"AGAINST THE PROPOSITION - NO",,0,0,0,0,,
3/2/2021,"410003","TOWN OF DAVENPORT",44101,"PROPOSITION  TOWN OF DAVENPORT",,1,1,1,"FOR THE PROPOSITION - YES",,1,0,43,44,,
3/2/2021,"410003","TOWN OF DAVENPORT",44101,"PROPOSITION  TOWN OF DAVENPORT",,1,1,2,"AGAINST THE PROPOSITION - NO",,0,0,0,0,,
3/2/2021,"430101","MARIETTA PUBLIC SCHOOLS INDEPENDENT SCHOOL DISTRICT NO. 016",54301,"PROPOSITION  MARIETTA PUBLIC SCHOOLS",,5,5,1,"FOR THE PROPOSITION - YES",,2,2,53,57,,
3/2/2021,"430101","MARIETTA PUBLIC SCHOOLS INDEPENDENT SCHOOL DISTRICT NO. 016",54301,"PROPOSITION  MARIETTA PUBLIC SCHOOLS",,5,5,2,"AGAINST THE PROPOSITION - NO",,0,0,29,29,,
3/2/2021,"430102","MARIETTA PUBLIC SCHOOLS INDEPENDENT SCHOOL DISTRICT NO. 016",54301,"PROPOSITION  MARIETTA PUBLIC SCHOOLS",,5,5,1,"FOR THE PROPOSITION - YES",,0,2,32,34,,
3/2/2021,"430102","MARIETTA PUBLIC SCHOOLS INDEPENDENT SCHOOL DISTRICT NO. 016",54301,"PROPOSITION  MARIETTA PUBLIC SCHOOLS",,5,5,2,"AGAINST THE PROPOSITION - NO",,0,2,30,32,,
3/2/2021,"430204","MARIETTA PUBLIC SCHOOLS INDEPENDENT SCHOOL DISTRICT NO. 016",54301,"PROPOSITION  MARIETTA PUBLIC SCHOOLS",,5,5,1,"FOR THE PROPOSITION - YES",,5,1,33,39,,
3/2/2021,"430204","MARIETTA PUBLIC SCHOOLS INDEPENDENT SCHOOL DISTRICT NO. 016",54301,"PROPOSITION  MARIETTA PUBLIC SCHOOLS",,5,5,2,"AGAINST THE PROPOSITION - NO",,0,1,16,17,,
3/2/2021,"430310","MARIETTA PUBLIC SCHOOLS INDEPENDENT SCHOOL DISTRICT NO. 016",54301,"PROPOSITION  MARIETTA PUBLIC SCHOOLS",,5,5,1,"FOR THE PROPOSITION - YES",,0,0,51,51,,
3/2/2021,"430310","MARIETTA PUBLIC SCHOOLS INDEPENDENT SCHOOL DISTRICT NO. 016",54301,"PROPOSITION  MARIETTA PUBLIC SCHOOLS",,5,5,2,"AGAINST THE PROPOSITION - NO",,0,1,20,21,,
3/2/2021,"430312","MARIETTA PUBLIC SCHOOLS INDEPENDENT SCHOOL DISTRICT NO. 016",54301,"PROPOSITION  MARIETTA PUBLIC SCHOOLS",,5,5,1,"FOR THE PROPOSITION - YES",,2,5,36,43,,
3/2/2021,"430312","MARIETTA PUBLIC SCHOOLS INDEPENDENT SCHOOL DISTRICT NO. 016",54301,"PROPOSITION  MARIETTA PUBLIC SCHOOLS",,5,5,2,"AGAINST THE PROPOSITION - NO",,2,1,23,26,,
3/2/2021,"460102","WARNER PUBLIC SCHOOLS INDEPENDENT SCHOOL DISTRICT NO. 074",55101,"PROPOSITION  WARNER PUBLIC SCHOOLS",,8,8,1,"FOR THE PROPOSITION - YES",,0,0,0,0,,
3/2/2021,"460102","WARNER PUBLIC SCHOOLS INDEPENDENT SCHOOL DISTRICT NO. 074",55101,"PROPOSITION  WARNER PUBLIC SCHOOLS",,8,8,2,"AGAINST THE PROPOSITION - NO",,0,0,0,0,,
3/2/2021,"470002","TOWN OF MENO",44701,"PROPOSITION  TOWN OF MENO",,1,1,1,"FOR THE PROPOSITION - YES",,0,0,14,14,,
3/2/2021,"470002","TOWN OF MENO",44701,"PROPOSITION  TOWN OF MENO",,1,1,2,"AGAINST THE PROPOSITION - NO",,0,0,0,0,,
3/2/2021,"510049","WARNER PUBLIC SCHOOLS INDEPENDENT SCHOOL DISTRICT NO. 074",55101,"PROPOSITION  WARNER PUBLIC SCHOOLS",,8,8,1,"FOR THE PROPOSITION - YES",,0,0,1,1,,
3/2/2021,"510049","WARNER PUBLIC SCHOOLS INDEPENDENT SCHOOL DISTRICT NO. 074",55101,"PROPOSITION  WARNER PUBLIC SCHOOLS",,8,8,2,"AGAINST THE PROPOSITION - NO",,0,0,1,1,,
3/2/2021,"510055","WARNER PUBLIC SCHOOLS INDEPENDENT SCHOOL DISTRICT NO. 074",55101,"PROPOSITION  WARNER PUBLIC SCHOOLS",,8,8,1,"FOR THE PROPOSITION - YES",,0,0,4,4,,
3/2/2021,"510055","WARNER PUBLIC SCHOOLS INDEPENDENT SCHOOL DISTRICT NO. 074",55101,"PROPOSITION  WARNER PUBLIC SCHOOLS",,8,8,2,"AGAINST THE PROPOSITION - NO",,0,0,10,10,,
3/2/2021,"510056","WARNER PUBLIC SCHOOLS INDEPENDENT SCHOOL DISTRICT NO. 074",55101,"PROPOSITION  WARNER PUBLIC SCHOOLS",,8,8,1,"FOR THE PROPOSITION - YES",,0,0,9,9,,
3/2/2021,"510056","WARNER PUBLIC SCHOOLS INDEPENDENT SCHOOL DISTRICT NO. 074",55101,"PROPOSITION  WARNER PUBLIC SCHOOLS",,8,8,2,"AGAINST THE PROPOSITION - NO",,1,0,6,7,,
3/2/2021,"510057","WARNER PUBLIC SCHOOLS INDEPENDENT SCHOOL DISTRICT NO. 074",55101,"PROPOSITION  WARNER PUBLIC SCHOOLS",,8,8,1,"FOR THE PROPOSITION - YES",,0,0,0,0,,
3/2/2021,"510057","WARNER PUBLIC SCHOOLS INDEPENDENT SCHOOL DISTRICT NO. 074",55101,"PROPOSITION  WARNER PUBLIC SCHOOLS",,8,8,2,"AGAINST THE PROPOSITION - NO",,0,0,0,0,,
3/2/2021,"510058","WARNER PUBLIC SCHOOLS INDEPENDENT SCHOOL DISTRICT NO. 074",55101,"PROPOSITION  WARNER PUBLIC SCHOOLS",,8,8,1,"FOR THE PROPOSITION - YES",,0,0,0,0,,
3/2/2021,"510058","WARNER PUBLIC SCHOOLS INDEPENDENT SCHOOL DISTRICT NO. 074",55101,"PROPOSITION  WARNER PUBLIC SCHOOLS",,8,8,2,"AGAINST THE PROPOSITION - NO",,0,0,0,0,,
3/2/2021,"510059","WARNER PUBLIC SCHOOLS INDEPENDENT SCHOOL DISTRICT NO. 074",55101,"PROPOSITION  WARNER PUBLIC SCHOOLS",,8,8,1,"FOR THE PROPOSITION - YES",,0,1,71,72,,
3/2/2021,"510059","WARNER PUBLIC SCHOOLS INDEPENDENT SCHOOL DISTRICT NO. 074",55101,"PROPOSITION  WARNER PUBLIC SCHOOLS",,8,8,2,"AGAINST THE PROPOSITION - NO",,0,0,46,46,,
3/2/2021,"510064","WARNER PUBLIC SCHOOLS INDEPENDENT SCHOOL DISTRICT NO. 074",55101,"PROPOSITION  WARNER PUBLIC SCHOOLS",,8,8,1,"FOR THE PROPOSITION - YES",,0,2,12,14,,
3/2/2021,"510064","WARNER PUBLIC SCHOOLS INDEPENDENT SCHOOL DISTRICT NO. 074",55101,"PROPOSITION  WARNER PUBLIC SCHOOLS",,8,8,2,"AGAINST THE PROPOSITION - NO",,0,0,0,0,,
3/2/2021,"520106","MORRISON PUBLIC SCHOOLS INDEPENDENT SCHOOL DISTRICT NO. 006",55201,"PROPOSITION NO. 1  MORRISON PUBLIC SCHOOLS",,8,8,1,"FOR THE PROPOSITION - YES",,0,0,14,14,,
3/2/2021,"520106","MORRISON PUBLIC SCHOOLS INDEPENDENT SCHOOL DISTRICT NO. 006",55201,"PROPOSITION NO. 1  MORRISON PUBLIC SCHOOLS",,8,8,2,"AGAINST THE PROPOSITION - NO",,0,0,0,0,,
3/2/2021,"520106","MORRISON PUBLIC SCHOOLS INDEPENDENT SCHOOL DISTRICT NO. 006",55202,"PROPOSITION NO. 2  MORRISON PUBLIC SCHOOLS",,8,8,1,"FOR THE PROPOSITION - YES",,0,0,14,14,,
3/2/2021,"520106","MORRISON PUBLIC SCHOOLS INDEPENDENT SCHOOL DISTRICT NO. 006",55202,"PROPOSITION NO. 2  MORRISON PUBLIC SCHOOLS",,8,8,2,"AGAINST THE PROPOSITION - NO",,0,0,0,0,,
3/2/2021,"520305","MORRISON PUBLIC SCHOOLS INDEPENDENT SCHOOL DISTRICT NO. 006",55201,"PROPOSITION NO. 1  MORRISON PUBLIC SCHOOLS",,8,8,1,"FOR THE PROPOSITION - YES",,5,2,138,145,,
3/2/2021,"520305","MORRISON PUBLIC SCHOOLS INDEPENDENT SCHOOL DISTRICT NO. 006",55201,"PROPOSITION NO. 1  MORRISON PUBLIC SCHOOLS",,8,8,2,"AGAINST THE PROPOSITION - NO",,0,0,11,11,,
3/2/2021,"520305","MORRISON PUBLIC SCHOOLS INDEPENDENT SCHOOL DISTRICT NO. 006",55202,"PROPOSITION NO. 2  MORRISON PUBLIC SCHOOLS",,8,8,1,"FOR THE PROPOSITION - YES",,5,2,134,141,,
3/2/2021,"520305","MORRISON PUBLIC SCHOOLS INDEPENDENT SCHOOL DISTRICT NO. 006",55202,"PROPOSITION NO. 2  MORRISON PUBLIC SCHOOLS",,8,8,2,"AGAINST THE PROPOSITION - NO",,0,0,15,15,,
3/2/2021,"540207","BUTNER PUBLIC SCHOOLS INDEPENDENT SCHOOL DISTRICT NO. 015",56701,"PROPOSITION  BUTNER PUBLIC SCHOOLS",,6,6,1,"FOR THE PROPOSITION - YES",,0,0,0,0,,
3/2/2021,"540207","BUTNER PUBLIC SCHOOLS INDEPENDENT SCHOOL DISTRICT NO. 015",56701,"PROPOSITION  BUTNER PUBLIC SCHOOLS",,6,6,2,"AGAINST THE PROPOSITION - NO",,0,0,0,0,,
3/2/2021,"540210","BUTNER PUBLIC SCHOOLS INDEPENDENT SCHOOL DISTRICT NO. 015",56701,"PROPOSITION  BUTNER PUBLIC SCHOOLS",,6,6,1,"FOR THE PROPOSITION - YES",,0,0,0,0,,
3/2/2021,"540210","BUTNER PUBLIC SCHOOLS INDEPENDENT SCHOOL DISTRICT NO. 015",56701,"PROPOSITION  BUTNER PUBLIC SCHOOLS",,6,6,2,"AGAINST THE PROPOSITION - NO",,0,0,0,0,,
3/2/2021,"550035","CITY OF EDMOND",45501,"PROPOSITION  CITY OF EDMOND",,31,31,1,"FOR THE PROPOSITION - YES",,0,0,2,2,,
3/2/2021,"550035","CITY OF EDMOND",45501,"PROPOSITION  CITY OF EDMOND",,31,31,2,"AGAINST THE PROPOSITION - NO",,0,0,2,2,,
3/2/2021,"550036","CITY OF EDMOND",45501,"PROPOSITION  CITY OF EDMOND",,31,31,1,"FOR THE PROPOSITION - YES",,0,0,23,23,,
3/2/2021,"550036","CITY OF EDMOND",45501,"PROPOSITION  CITY OF EDMOND",,31,31,2,"AGAINST THE PROPOSITION - NO",,0,0,23,23,,
3/2/2021,"550037","CITY OF EDMOND",45501,"PROPOSITION  CITY OF EDMOND",,31,31,1,"FOR THE PROPOSITION - YES",,0,0,21,21,,
3/2/2021,"550037","CITY OF EDMOND",45501,"PROPOSITION  CITY OF EDMOND",,31,31,2,"AGAINST THE PROPOSITION - NO",,0,0,29,29,,
3/2/2021,"550038","CITY OF EDMOND",45501,"PROPOSITION  CITY OF EDMOND",,31,31,1,"FOR THE PROPOSITION - YES",,0,0,8,8,,
3/2/2021,"550038","CITY OF EDMOND",45501,"PROPOSITION  CITY OF EDMOND",,31,31,2,"AGAINST THE PROPOSITION - NO",,0,0,10,10,,
3/2/2021,"550039","CITY OF EDMOND",45501,"PROPOSITION  CITY OF EDMOND",,31,31,1,"FOR THE PROPOSITION - YES",,0,0,22,22,,
3/2/2021,"550039","CITY OF EDMOND",45501,"PROPOSITION  CITY OF EDMOND",,31,31,2,"AGAINST THE PROPOSITION - NO",,0,0,15,15,,
3/2/2021,"550040","CITY OF EDMOND",45501,"PROPOSITION  CITY OF EDMOND",,31,31,1,"FOR THE PROPOSITION - YES",,0,0,21,21,,
3/2/2021,"550040","CITY OF EDMOND",45501,"PROPOSITION  CITY OF EDMOND",,31,31,2,"AGAINST THE PROPOSITION - NO",,0,0,29,29,,
3/2/2021,"550041","CITY OF EDMOND",45501,"PROPOSITION  CITY OF EDMOND",,31,31,1,"FOR THE PROPOSITION - YES",,0,0,16,16,,
3/2/2021,"550041","CITY OF EDMOND",45501,"PROPOSITION  CITY OF EDMOND",,31,31,2,"AGAINST THE PROPOSITION - NO",,0,0,37,37,,
3/2/2021,"550042","CITY OF EDMOND",45501,"PROPOSITION  CITY OF EDMOND",,31,31,1,"FOR THE PROPOSITION - YES",,0,0,24,24,,
3/2/2021,"550042","CITY OF EDMOND",45501,"PROPOSITION  CITY OF EDMOND",,31,31,2,"AGAINST THE PROPOSITION - NO",,0,0,60,60,,
3/2/2021,"550043","CITY OF EDMOND",45501,"PROPOSITION  CITY OF EDMOND",,31,31,1,"FOR THE PROPOSITION - YES",,0,0,22,22,,
3/2/2021,"550043","CITY OF EDMOND",45501,"PROPOSITION  CITY OF EDMOND",,31,31,2,"AGAINST THE PROPOSITION - NO",,0,0,90,90,,
3/2/2021,"550044","CITY OF EDMOND",45501,"PROPOSITION  CITY OF EDMOND",,31,31,1,"FOR THE PROPOSITION - YES",,0,0,35,35,,
3/2/2021,"550044","CITY OF EDMOND",45501,"PROPOSITION  CITY OF EDMOND",,31,31,2,"AGAINST THE PROPOSITION - NO",,0,0,71,71,,
3/2/2021,"550045","CITY OF EDMOND",45501,"PROPOSITION  CITY OF EDMOND",,31,31,1,"FOR THE PROPOSITION - YES",,0,0,45,45,,
3/2/2021,"550045","CITY OF EDMOND",45501,"PROPOSITION  CITY OF EDMOND",,31,31,2,"AGAINST THE PROPOSITION - NO",,0,0,95,95,,
3/2/2021,"550046","CITY OF EDMOND",45501,"PROPOSITION  CITY OF EDMOND",,31,31,1,"FOR THE PROPOSITION - YES",,0,0,19,19,,
3/2/2021,"550046","CITY OF EDMOND",45501,"PROPOSITION  CITY OF EDMOND",,31,31,2,"AGAINST THE PROPOSITION - NO",,0,0,16,16,,
3/2/2021,"550047","CITY OF EDMOND",45501,"PROPOSITION  CITY OF EDMOND",,31,31,1,"FOR THE PROPOSITION - YES",,0,0,6,6,,
3/2/2021,"550047","CITY OF EDMOND",45501,"PROPOSITION  CITY OF EDMOND",,31,31,2,"AGAINST THE PROPOSITION - NO",,0,0,5,5,,
3/2/2021,"550048","CITY OF EDMOND",45501,"PROPOSITION  CITY OF EDMOND",,31,31,1,"FOR THE PROPOSITION - YES",,0,0,7,7,,
3/2/2021,"550048","CITY OF EDMOND",45501,"PROPOSITION  CITY OF EDMOND",,31,31,2,"AGAINST THE PROPOSITION - NO",,0,0,16,16,,
3/2/2021,"550049","CITY OF EDMOND",45501,"PROPOSITION  CITY OF EDMOND",,31,31,1,"FOR THE PROPOSITION - YES",,0,0,8,8,,
3/2/2021,"550049","CITY OF EDMOND",45501,"PROPOSITION  CITY OF EDMOND",,31,31,2,"AGAINST THE PROPOSITION - NO",,0,0,8,8,,
3/2/2021,"550050","CITY OF EDMOND",45501,"PROPOSITION  CITY OF EDMOND",,31,31,1,"FOR THE PROPOSITION - YES",,0,0,0,0,,
3/2/2021,"550050","CITY OF EDMOND",45501,"PROPOSITION  CITY OF EDMOND",,31,31,2,"AGAINST THE PROPOSITION - NO",,0,0,2,2,,
3/2/2021,"550051","CITY OF EDMOND",45501,"PROPOSITION  CITY OF EDMOND",,31,31,1,"FOR THE PROPOSITION - YES",,0,0,2,2,,
3/2/2021,"550051","CITY OF EDMOND",45501,"PROPOSITION  CITY OF EDMOND",,31,31,2,"AGAINST THE PROPOSITION - NO",,0,0,3,3,,
3/2/2021,"550052","CITY OF EDMOND",45501,"PROPOSITION  CITY OF EDMOND",,31,31,1,"FOR THE PROPOSITION - YES",,0,0,12,12,,
3/2/2021,"550052","CITY OF EDMOND",45501,"PROPOSITION  CITY OF EDMOND",,31,31,2,"AGAINST THE PROPOSITION - NO",,0,0,17,17,,
3/2/2021,"550053","CITY OF EDMOND",45501,"PROPOSITION  CITY OF EDMOND",,31,31,1,"FOR THE PROPOSITION - YES",,0,0,14,14,,
3/2/2021,"550053","CITY OF EDMOND",45501,"PROPOSITION  CITY OF EDMOND",,31,31,2,"AGAINST THE PROPOSITION - NO",,0,0,16,16,,
3/2/2021,"550054","CITY OF EDMOND",45501,"PROPOSITION  CITY OF EDMOND",,31,31,1,"FOR THE PROPOSITION - YES",,0,0,23,23,,
3/2/2021,"550054","CITY OF EDMOND",45501,"PROPOSITION  CITY OF EDMOND",,31,31,2,"AGAINST THE PROPOSITION - NO",,0,0,27,27,,
3/2/2021,"550055","CITY OF EDMOND",45501,"PROPOSITION  CITY OF EDMOND",,31,31,1,"FOR THE PROPOSITION - YES",,0,0,30,30,,
3/2/2021,"550055","CITY OF EDMOND",45501,"PROPOSITION  CITY OF EDMOND",,31,31,2,"AGAINST THE PROPOSITION - NO",,0,0,56,56,,
3/2/2021,"550056","CITY OF EDMOND",45501,"PROPOSITION  CITY OF EDMOND",,31,31,1,"FOR THE PROPOSITION - YES",,0,0,13,13,,
3/2/2021,"550056","CITY OF EDMOND",45501,"PROPOSITION  CITY OF EDMOND",,31,31,2,"AGAINST THE PROPOSITION - NO",,0,0,31,31,,
3/2/2021,"550057","CITY OF EDMOND",45501,"PROPOSITION  CITY OF EDMOND",,31,31,1,"FOR THE PROPOSITION - YES",,0,0,15,15,,
3/2/2021,"550057","CITY OF EDMOND",45501,"PROPOSITION  CITY OF EDMOND",,31,31,2,"AGAINST THE PROPOSITION - NO",,0,0,25,25,,
3/2/2021,"550058","CITY OF EDMOND",45501,"PROPOSITION  CITY OF EDMOND",,31,31,1,"FOR THE PROPOSITION - YES",,0,0,29,29,,
3/2/2021,"550058","CITY OF EDMOND",45501,"PROPOSITION  CITY OF EDMOND",,31,31,2,"AGAINST THE PROPOSITION - NO",,0,0,89,89,,
3/2/2021,"550059","CITY OF EDMOND",45501,"PROPOSITION  CITY OF EDMOND",,31,31,1,"FOR THE PROPOSITION - YES",,0,0,8,8,,
3/2/2021,"550059","CITY OF EDMOND",45501,"PROPOSITION  CITY OF EDMOND",,31,31,2,"AGAINST THE PROPOSITION - NO",,0,0,38,38,,
3/2/2021,"550060","CITY OF EDMOND",45501,"PROPOSITION  CITY OF EDMOND",,31,31,1,"FOR THE PROPOSITION - YES",,0,0,20,20,,
3/2/2021,"550060","CITY OF EDMOND",45501,"PROPOSITION  CITY OF EDMOND",,31,31,2,"AGAINST THE PROPOSITION - NO",,0,0,62,62,,
3/2/2021,"550061","CITY OF EDMOND",45501,"PROPOSITION  CITY OF EDMOND",,31,31,1,"FOR THE PROPOSITION - YES",,0,0,27,27,,
3/2/2021,"550061","CITY OF EDMOND",45501,"PROPOSITION  CITY OF EDMOND",,31,31,2,"AGAINST THE PROPOSITION - NO",,0,0,64,64,,
3/2/2021,"550062","CITY OF EDMOND",45501,"PROPOSITION  CITY OF EDMOND",,31,31,1,"FOR THE PROPOSITION - YES",,0,0,8,8,,
3/2/2021,"550062","CITY OF EDMOND",45501,"PROPOSITION  CITY OF EDMOND",,31,31,2,"AGAINST THE PROPOSITION - NO",,0,0,17,17,,
3/2/2021,"550063","CITY OF EDMOND",45501,"PROPOSITION  CITY OF EDMOND",,31,31,1,"FOR THE PROPOSITION - YES",,0,0,7,7,,
3/2/2021,"550063","CITY OF EDMOND",45501,"PROPOSITION  CITY OF EDMOND",,31,31,2,"AGAINST THE PROPOSITION - NO",,0,0,15,15,,
3/2/2021,"550064","CITY OF EDMOND",45501,"PROPOSITION  CITY OF EDMOND",,31,31,1,"FOR THE PROPOSITION - YES",,0,0,20,20,,
3/2/2021,"550064","CITY OF EDMOND",45501,"PROPOSITION  CITY OF EDMOND",,31,31,2,"AGAINST THE PROPOSITION - NO",,0,0,30,30,,
3/2/2021,"550065","CITY OF EDMOND",45501,"PROPOSITION  CITY OF EDMOND",,31,31,1,"FOR THE PROPOSITION - YES",,0,0,4,4,,
3/2/2021,"550065","CITY OF EDMOND",45501,"PROPOSITION  CITY OF EDMOND",,31,31,2,"AGAINST THE PROPOSITION - NO",,0,0,1,1,,
3/2/2021,"559999","CITY OF EDMOND",45501,"PROPOSITION  CITY OF EDMOND",,31,31,1,"FOR THE PROPOSITION - YES",,170,7,0,177,,
3/2/2021,"559999","CITY OF EDMOND",45501,"PROPOSITION  CITY OF EDMOND",,31,31,2,"AGAINST THE PROPOSITION - NO",,65,2,0,67,,
3/2/2021,"560027","TWIN HILLS PUBLIC SCHOOL ELEMENTARY SCHOOL DISTRICT NO. 011",55601,"PROPOSITION NO. 1  TWIN HILLS PUBLIC SCHOOL",,4,4,1,"FOR THE PROPOSITION - YES",,1,0,53,54,,
3/2/2021,"560027","TWIN HILLS PUBLIC SCHOOL ELEMENTARY SCHOOL DISTRICT NO. 011",55601,"PROPOSITION NO. 1  TWIN HILLS PUBLIC SCHOOL",,4,4,2,"AGAINST THE PROPOSITION - NO",,0,0,4,4,,
3/2/2021,"560027","TWIN HILLS PUBLIC SCHOOL ELEMENTARY SCHOOL DISTRICT NO. 011",55602,"PROPOSITION NO. 2  TWIN HILLS PUBLIC SCHOOL",,4,4,1,"FOR THE PROPOSITION - YES",,1,0,54,55,,
3/2/2021,"560027","TWIN HILLS PUBLIC SCHOOL ELEMENTARY SCHOOL DISTRICT NO. 011",55602,"PROPOSITION NO. 2  TWIN HILLS PUBLIC SCHOOL",,4,4,2,"AGAINST THE PROPOSITION - NO",,0,0,4,4,,
3/2/2021,"560029","TWIN HILLS PUBLIC SCHOOL ELEMENTARY SCHOOL DISTRICT NO. 011",55601,"PROPOSITION NO. 1  TWIN HILLS PUBLIC SCHOOL",,4,4,1,"FOR THE PROPOSITION - YES",,0,3,6,9,,
3/2/2021,"560029","TWIN HILLS PUBLIC SCHOOL ELEMENTARY SCHOOL DISTRICT NO. 011",55601,"PROPOSITION NO. 1  TWIN HILLS PUBLIC SCHOOL",,4,4,2,"AGAINST THE PROPOSITION - NO",,0,0,2,2,,
3/2/2021,"560029","TWIN HILLS PUBLIC SCHOOL ELEMENTARY SCHOOL DISTRICT NO. 011",55602,"PROPOSITION NO. 2  TWIN HILLS PUBLIC SCHOOL",,4,4,1,"FOR THE PROPOSITION - YES",,0,3,6,9,,
3/2/2021,"560029","TWIN HILLS PUBLIC SCHOOL ELEMENTARY SCHOOL DISTRICT NO. 011",55602,"PROPOSITION NO. 2  TWIN HILLS PUBLIC SCHOOL",,4,4,2,"AGAINST THE PROPOSITION - NO",,0,0,2,2,,
3/2/2021,"560034","TWIN HILLS PUBLIC SCHOOL ELEMENTARY SCHOOL DISTRICT NO. 011",55601,"PROPOSITION NO. 1  TWIN HILLS PUBLIC SCHOOL",,4,4,1,"FOR THE PROPOSITION - YES",,0,0,0,0,,
3/2/2021,"560034","TWIN HILLS PUBLIC SCHOOL ELEMENTARY SCHOOL DISTRICT NO. 011",55601,"PROPOSITION NO. 1  TWIN HILLS PUBLIC SCHOOL",,4,4,2,"AGAINST THE PROPOSITION - NO",,1,0,0,1,,
3/2/2021,"560034","TWIN HILLS PUBLIC SCHOOL ELEMENTARY SCHOOL DISTRICT NO. 011",55602,"PROPOSITION NO. 2  TWIN HILLS PUBLIC SCHOOL",,4,4,1,"FOR THE PROPOSITION - YES",,0,0,0,0,,
3/2/2021,"560034","TWIN HILLS PUBLIC SCHOOL ELEMENTARY SCHOOL DISTRICT NO. 011",55602,"PROPOSITION NO. 2  TWIN HILLS PUBLIC SCHOOL",,4,4,2,"AGAINST THE PROPOSITION - NO",,1,0,0,1,,
3/2/2021,"560036","TWIN HILLS PUBLIC SCHOOL ELEMENTARY SCHOOL DISTRICT NO. 011",55601,"PROPOSITION NO. 1  TWIN HILLS PUBLIC SCHOOL",,4,4,1,"FOR THE PROPOSITION - YES",,0,0,0,0,,
3/2/2021,"560036","TWIN HILLS PUBLIC SCHOOL ELEMENTARY SCHOOL DISTRICT NO. 011",55601,"PROPOSITION NO. 1  TWIN HILLS PUBLIC SCHOOL",,4,4,2,"AGAINST THE PROPOSITION - NO",,0,0,0,0,,
3/2/2021,"560036","TWIN HILLS PUBLIC SCHOOL ELEMENTARY SCHOOL DISTRICT NO. 011",55602,"PROPOSITION NO. 2  TWIN HILLS PUBLIC SCHOOL",,4,4,1,"FOR THE PROPOSITION - YES",,0,0,0,0,,
3/2/2021,"560036","TWIN HILLS PUBLIC SCHOOL ELEMENTARY SCHOOL DISTRICT NO. 011",55602,"PROPOSITION NO. 2  TWIN HILLS PUBLIC SCHOOL",,4,4,2,"AGAINST THE PROPOSITION - NO",,0,0,0,0,,
3/2/2021,"590202","MORRISON PUBLIC SCHOOLS INDEPENDENT SCHOOL DISTRICT NO. 006",55201,"PROPOSITION NO. 1  MORRISON PUBLIC SCHOOLS",,8,8,1,"FOR THE PROPOSITION - YES",,0,0,0,0,,
3/2/2021,"590202","MORRISON PUBLIC SCHOOLS INDEPENDENT SCHOOL DISTRICT NO. 006",55201,"PROPOSITION NO. 1  MORRISON PUBLIC SCHOOLS",,8,8,2,"AGAINST THE PROPOSITION - NO",,0,0,0,0,,
3/2/2021,"590202","MORRISON PUBLIC SCHOOLS INDEPENDENT SCHOOL DISTRICT NO. 006",55202,"PROPOSITION NO. 2  MORRISON PUBLIC SCHOOLS",,8,8,1,"FOR THE PROPOSITION - YES",,0,0,0,0,,
3/2/2021,"590202","MORRISON PUBLIC SCHOOLS INDEPENDENT SCHOOL DISTRICT NO. 006",55202,"PROPOSITION NO. 2  MORRISON PUBLIC SCHOOLS",,8,8,2,"AGAINST THE PROPOSITION - NO",,0,0,0,0,,
3/2/2021,"600004","MORRISON PUBLIC SCHOOLS INDEPENDENT SCHOOL DISTRICT NO. 006",55201,"PROPOSITION NO. 1  MORRISON PUBLIC SCHOOLS",,8,8,1,"FOR THE PROPOSITION - YES",,0,0,0,0,,
3/2/2021,"600004","MORRISON PUBLIC SCHOOLS INDEPENDENT SCHOOL DISTRICT NO. 006",55201,"PROPOSITION NO. 1  MORRISON PUBLIC SCHOOLS",,8,8,2,"AGAINST THE PROPOSITION - NO",,0,0,0,0,,
3/2/2021,"600004","MORRISON PUBLIC SCHOOLS INDEPENDENT SCHOOL DISTRICT NO. 006",55202,"PROPOSITION NO. 2  MORRISON PUBLIC SCHOOLS",,8,8,1,"FOR THE PROPOSITION - YES",,0,0,0,0,,
3/2/2021,"600004","MORRISON PUBLIC SCHOOLS INDEPENDENT SCHOOL DISTRICT NO. 006",55202,"PROPOSITION NO. 2  MORRISON PUBLIC SCHOOLS",,8,8,2,"AGAINST THE PROPOSITION - NO",,0,0,0,0,,
3/2/2021,"600403","MORRISON PUBLIC SCHOOLS INDEPENDENT SCHOOL DISTRICT NO. 006",55201,"PROPOSITION NO. 1  MORRISON PUBLIC SCHOOLS",,8,8,1,"FOR THE PROPOSITION - YES",,2,0,3,5,,
3/2/2021,"600403","MORRISON PUBLIC SCHOOLS INDEPENDENT SCHOOL DISTRICT NO. 006",55201,"PROPOSITION NO. 1  MORRISON PUBLIC SCHOOLS",,8,8,2,"AGAINST THE PROPOSITION - NO",,0,0,0,0,,
3/2/2021,"600403","MORRISON PUBLIC SCHOOLS INDEPENDENT SCHOOL DISTRICT NO. 006",55202,"PROPOSITION NO. 2  MORRISON PUBLIC SCHOOLS",,8,8,1,"FOR THE PROPOSITION - YES",,2,0,3,5,,
3/2/2021,"600403","MORRISON PUBLIC SCHOOLS INDEPENDENT SCHOOL DISTRICT NO. 006",55202,"PROPOSITION NO. 2  MORRISON PUBLIC SCHOOLS",,8,8,2,"AGAINST THE PROPOSITION - NO",,0,0,0,0,,
3/2/2021,"600404","MORRISON PUBLIC SCHOOLS INDEPENDENT SCHOOL DISTRICT NO. 006",55201,"PROPOSITION NO. 1  MORRISON PUBLIC SCHOOLS",,8,8,1,"FOR THE PROPOSITION - YES",,0,0,2,2,,
3/2/2021,"600404","MORRISON PUBLIC SCHOOLS INDEPENDENT SCHOOL DISTRICT NO. 006",55201,"PROPOSITION NO. 1  MORRISON PUBLIC SCHOOLS",,8,8,2,"AGAINST THE PROPOSITION - NO",,0,0,0,0,,
3/2/2021,"600404","MORRISON PUBLIC SCHOOLS INDEPENDENT SCHOOL DISTRICT NO. 006",55202,"PROPOSITION NO. 2  MORRISON PUBLIC SCHOOLS",,8,8,1,"FOR THE PROPOSITION - YES",,0,0,2,2,,
3/2/2021,"600404","MORRISON PUBLIC SCHOOLS INDEPENDENT SCHOOL DISTRICT NO. 006",55202,"PROPOSITION NO. 2  MORRISON PUBLIC SCHOOLS",,8,8,2,"AGAINST THE PROPOSITION - NO",,0,0,0,0,,
3/2/2021,"600406","MORRISON PUBLIC SCHOOLS INDEPENDENT SCHOOL DISTRICT NO. 006",55201,"PROPOSITION NO. 1  MORRISON PUBLIC SCHOOLS",,8,8,1,"FOR THE PROPOSITION - YES",,0,0,3,3,,
3/2/2021,"600406","MORRISON PUBLIC SCHOOLS INDEPENDENT SCHOOL DISTRICT NO. 006",55201,"PROPOSITION NO. 1  MORRISON PUBLIC SCHOOLS",,8,8,2,"AGAINST THE PROPOSITION - NO",,0,0,0,0,,
3/2/2021,"600406","MORRISON PUBLIC SCHOOLS INDEPENDENT SCHOOL DISTRICT NO. 006",55202,"PROPOSITION NO. 2  MORRISON PUBLIC SCHOOLS",,8,8,1,"FOR THE PROPOSITION - YES",,0,0,2,2,,
3/2/2021,"600406","MORRISON PUBLIC SCHOOLS INDEPENDENT SCHOOL DISTRICT NO. 006",55202,"PROPOSITION NO. 2  MORRISON PUBLIC SCHOOLS",,8,8,2,"AGAINST THE PROPOSITION - NO",,0,0,1,1,,
3/2/2021,"600408","MORRISON PUBLIC SCHOOLS INDEPENDENT SCHOOL DISTRICT NO. 006",55201,"PROPOSITION NO. 1  MORRISON PUBLIC SCHOOLS",,8,8,1,"FOR THE PROPOSITION - YES",,0,0,0,0,,
3/2/2021,"600408","MORRISON PUBLIC SCHOOLS INDEPENDENT SCHOOL DISTRICT NO. 006",55201,"PROPOSITION NO. 1  MORRISON PUBLIC SCHOOLS",,8,8,2,"AGAINST THE PROPOSITION - NO",,0,0,0,0,,
3/2/2021,"600408","MORRISON PUBLIC SCHOOLS INDEPENDENT SCHOOL DISTRICT NO. 006",55202,"PROPOSITION NO. 2  MORRISON PUBLIC SCHOOLS",,8,8,1,"FOR THE PROPOSITION - YES",,0,0,0,0,,
3/2/2021,"600408","MORRISON PUBLIC SCHOOLS INDEPENDENT SCHOOL DISTRICT NO. 006",55202,"PROPOSITION NO. 2  MORRISON PUBLIC SCHOOLS",,8,8,2,"AGAINST THE PROPOSITION - NO",,0,0,0,0,,
3/2/2021,"610014","CROWDER PUBLIC SCHOOLS INDEPENDENT SCHOOL DISTRICT NO. 028",56101,"PROPOSITION  CROWDER PUBLIC SCHOOLS",,11,11,1,"FOR THE PROPOSITION - YES",,0,0,0,0,,
3/2/2021,"610014","CROWDER PUBLIC SCHOOLS INDEPENDENT SCHOOL DISTRICT NO. 028",56101,"PROPOSITION  CROWDER PUBLIC SCHOOLS",,11,11,2,"AGAINST THE PROPOSITION - NO",,0,0,0,0,,
3/2/2021,"610026","CROWDER PUBLIC SCHOOLS INDEPENDENT SCHOOL DISTRICT NO. 028",56101,"PROPOSITION  CROWDER PUBLIC SCHOOLS",,11,11,1,"FOR THE PROPOSITION - YES",,0,0,21,21,,
3/2/2021,"610026","CROWDER PUBLIC SCHOOLS INDEPENDENT SCHOOL DISTRICT NO. 028",56101,"PROPOSITION  CROWDER PUBLIC SCHOOLS",,11,11,2,"AGAINST THE PROPOSITION - NO",,0,0,3,3,,
3/2/2021,"610028","CROWDER PUBLIC SCHOOLS INDEPENDENT SCHOOL DISTRICT NO. 028",56101,"PROPOSITION  CROWDER PUBLIC SCHOOLS",,11,11,1,"FOR THE PROPOSITION - YES",,0,0,0,0,,
3/2/2021,"610028","CROWDER PUBLIC SCHOOLS INDEPENDENT SCHOOL DISTRICT NO. 028",56101,"PROPOSITION  CROWDER PUBLIC SCHOOLS",,11,11,2,"AGAINST THE PROPOSITION - NO",,0,0,0,0,,
3/2/2021,"610030","CROWDER PUBLIC SCHOOLS INDEPENDENT SCHOOL DISTRICT NO. 028",56101,"PROPOSITION  CROWDER PUBLIC SCHOOLS",,11,11,1,"FOR THE PROPOSITION - YES",,0,0,41,41,,
3/2/2021,"610030","CROWDER PUBLIC SCHOOLS INDEPENDENT SCHOOL DISTRICT NO. 028",56101,"PROPOSITION  CROWDER PUBLIC SCHOOLS",,11,11,2,"AGAINST THE PROPOSITION - NO",,1,0,0,1,,
3/2/2021,"610031","CROWDER PUBLIC SCHOOLS INDEPENDENT SCHOOL DISTRICT NO. 028",56101,"PROPOSITION  CROWDER PUBLIC SCHOOLS",,11,11,1,"FOR THE PROPOSITION - YES",,0,0,0,0,,
3/2/2021,"610031","CROWDER PUBLIC SCHOOLS INDEPENDENT SCHOOL DISTRICT NO. 028",56101,"PROPOSITION  CROWDER PUBLIC SCHOOLS",,11,11,2,"AGAINST THE PROPOSITION - NO",,0,0,0,0,,
3/2/2021,"610037","CROWDER PUBLIC SCHOOLS INDEPENDENT SCHOOL DISTRICT NO. 028",56101,"PROPOSITION  CROWDER PUBLIC SCHOOLS",,11,11,1,"FOR THE PROPOSITION - YES",,0,0,11,11,,
3/2/2021,"610037","CROWDER PUBLIC SCHOOLS INDEPENDENT SCHOOL DISTRICT NO. 028",56101,"PROPOSITION  CROWDER PUBLIC SCHOOLS",,11,11,2,"AGAINST THE PROPOSITION - NO",,2,0,0,2,,
3/2/2021,"610042","CROWDER PUBLIC SCHOOLS INDEPENDENT SCHOOL DISTRICT NO. 028",56101,"PROPOSITION  CROWDER PUBLIC SCHOOLS",,11,11,1,"FOR THE PROPOSITION - YES",,0,0,5,5,,
3/2/2021,"610042","CROWDER PUBLIC SCHOOLS INDEPENDENT SCHOOL DISTRICT NO. 028",56101,"PROPOSITION  CROWDER PUBLIC SCHOOLS",,11,11,2,"AGAINST THE PROPOSITION - NO",,0,0,0,0,,
3/2/2021,"610044","CROWDER PUBLIC SCHOOLS INDEPENDENT SCHOOL DISTRICT NO. 028",56101,"PROPOSITION  CROWDER PUBLIC SCHOOLS",,11,11,1,"FOR THE PROPOSITION - YES",,0,0,0,0,,
3/2/2021,"610044","CROWDER PUBLIC SCHOOLS INDEPENDENT SCHOOL DISTRICT NO. 028",56101,"PROPOSITION  CROWDER PUBLIC SCHOOLS",,11,11,2,"AGAINST THE PROPOSITION - NO",,0,0,0,0,,
3/2/2021,"610046","CROWDER PUBLIC SCHOOLS INDEPENDENT SCHOOL DISTRICT NO. 028",56101,"PROPOSITION  CROWDER PUBLIC SCHOOLS",,11,11,1,"FOR THE PROPOSITION - YES",,0,0,3,3,,
3/2/2021,"610046","CROWDER PUBLIC SCHOOLS INDEPENDENT SCHOOL DISTRICT NO. 028",56101,"PROPOSITION  CROWDER PUBLIC SCHOOLS",,11,11,2,"AGAINST THE PROPOSITION - NO",,0,0,0,0,,
3/2/2021,"610051","CROWDER PUBLIC SCHOOLS INDEPENDENT SCHOOL DISTRICT NO. 028",56101,"PROPOSITION  CROWDER PUBLIC SCHOOLS",,11,11,1,"FOR THE PROPOSITION - YES",,0,0,0,0,,
3/2/2021,"610051","CROWDER PUBLIC SCHOOLS INDEPENDENT SCHOOL DISTRICT NO. 028",56101,"PROPOSITION  CROWDER PUBLIC SCHOOLS",,11,11,2,"AGAINST THE PROPOSITION - NO",,0,0,0,0,,
3/2/2021,"630030","MAUD PUBLIC SCHOOLS INDEPENDENT SCHOOL DISTRICT NO. 117",56301,"PROPOSITION  MAUD PUBLIC SCHOOLS",,8,8,1,"FOR THE PROPOSITION - YES",,0,0,0,0,,
3/2/2021,"630030","MAUD PUBLIC SCHOOLS INDEPENDENT SCHOOL DISTRICT NO. 117",56301,"PROPOSITION  MAUD PUBLIC SCHOOLS",,8,8,2,"AGAINST THE PROPOSITION - NO",,0,0,0,0,,
3/2/2021,"630033","MAUD PUBLIC SCHOOLS INDEPENDENT SCHOOL DISTRICT NO. 117",56301,"PROPOSITION  MAUD PUBLIC SCHOOLS",,8,8,1,"FOR THE PROPOSITION - YES",,0,0,0,0,,
3/2/2021,"630033","MAUD PUBLIC SCHOOLS INDEPENDENT SCHOOL DISTRICT NO. 117",56301,"PROPOSITION  MAUD PUBLIC SCHOOLS",,8,8,2,"AGAINST THE PROPOSITION - NO",,2,0,0,2,,
3/2/2021,"630038","MAUD PUBLIC SCHOOLS INDEPENDENT SCHOOL DISTRICT NO. 117",56301,"PROPOSITION  MAUD PUBLIC SCHOOLS",,8,8,1,"FOR THE PROPOSITION - YES",,0,0,1,1,,
3/2/2021,"630038","MAUD PUBLIC SCHOOLS INDEPENDENT SCHOOL DISTRICT NO. 117",56301,"PROPOSITION  MAUD PUBLIC SCHOOLS",,8,8,2,"AGAINST THE PROPOSITION - NO",,1,0,1,2,,
3/2/2021,"630040","MAUD PUBLIC SCHOOLS INDEPENDENT SCHOOL DISTRICT NO. 117",56301,"PROPOSITION  MAUD PUBLIC SCHOOLS",,8,8,1,"FOR THE PROPOSITION - YES",,0,3,70,73,,
3/2/2021,"630040","MAUD PUBLIC SCHOOLS INDEPENDENT SCHOOL DISTRICT NO. 117",56301,"PROPOSITION  MAUD PUBLIC SCHOOLS",,8,8,2,"AGAINST THE PROPOSITION - NO",,3,0,4,7,,
3/2/2021,"630041","MAUD PUBLIC SCHOOLS INDEPENDENT SCHOOL DISTRICT NO. 117",56301,"PROPOSITION  MAUD PUBLIC SCHOOLS",,8,8,1,"FOR THE PROPOSITION - YES",,0,0,0,0,,
3/2/2021,"630041","MAUD PUBLIC SCHOOLS INDEPENDENT SCHOOL DISTRICT NO. 117",56301,"PROPOSITION  MAUD PUBLIC SCHOOLS",,8,8,2,"AGAINST THE PROPOSITION - NO",,0,0,0,0,,
3/2/2021,"670012","MAUD PUBLIC SCHOOLS INDEPENDENT SCHOOL DISTRICT NO. 117",56301,"PROPOSITION  MAUD PUBLIC SCHOOLS",,8,8,1,"FOR THE PROPOSITION - YES",,0,0,21,21,,
3/2/2021,"670012","MAUD PUBLIC SCHOOLS INDEPENDENT SCHOOL DISTRICT NO. 117",56301,"PROPOSITION  MAUD PUBLIC SCHOOLS",,8,8,2,"AGAINST THE PROPOSITION - NO",,0,0,3,3,,
3/2/2021,"670024","MAUD PUBLIC SCHOOLS INDEPENDENT SCHOOL DISTRICT NO. 117",56301,"PROPOSITION  MAUD PUBLIC SCHOOLS",,8,8,1,"FOR THE PROPOSITION - YES",,0,0,1,1,,
3/2/2021,"670024","MAUD PUBLIC SCHOOLS INDEPENDENT SCHOOL DISTRICT NO. 117",56301,"PROPOSITION  MAUD PUBLIC SCHOOLS",,8,8,2,"AGAINST THE PROPOSITION - NO",,0,0,0,0,,
3/2/2021,"670025","MAUD PUBLIC SCHOOLS INDEPENDENT SCHOOL DISTRICT NO. 117",56301,"PROPOSITION  MAUD PUBLIC SCHOOLS",,8,8,1,"FOR THE PROPOSITION - YES",,0,0,4,4,,
3/2/2021,"670025","MAUD PUBLIC SCHOOLS INDEPENDENT SCHOOL DISTRICT NO. 117",56301,"PROPOSITION  MAUD PUBLIC SCHOOLS",,8,8,2,"AGAINST THE PROPOSITION - NO",,0,0,2,2,,
3/2/2021,"670030","BUTNER PUBLIC SCHOOLS INDEPENDENT SCHOOL DISTRICT NO. 015",56701,"PROPOSITION  BUTNER PUBLIC SCHOOLS",,6,6,1,"FOR THE PROPOSITION - YES",,0,0,25,25,,
3/2/2021,"670030","BUTNER PUBLIC SCHOOLS INDEPENDENT SCHOOL DISTRICT NO. 015",56701,"PROPOSITION  BUTNER PUBLIC SCHOOLS",,6,6,2,"AGAINST THE PROPOSITION - NO",,0,2,13,15,,
3/2/2021,"670032","BUTNER PUBLIC SCHOOLS INDEPENDENT SCHOOL DISTRICT NO. 015",56701,"PROPOSITION  BUTNER PUBLIC SCHOOLS",,6,6,1,"FOR THE PROPOSITION - YES",,2,2,22,26,,
3/2/2021,"670032","BUTNER PUBLIC SCHOOLS INDEPENDENT SCHOOL DISTRICT NO. 015",56701,"PROPOSITION  BUTNER PUBLIC SCHOOLS",,6,6,2,"AGAINST THE PROPOSITION - NO",,0,1,7,8,,
3/2/2021,"670035","BUTNER PUBLIC SCHOOLS INDEPENDENT SCHOOL DISTRICT NO. 015",56701,"PROPOSITION  BUTNER PUBLIC SCHOOLS",,6,6,1,"FOR THE PROPOSITION - YES",,2,0,0,2,,
3/2/2021,"670035","BUTNER PUBLIC SCHOOLS INDEPENDENT SCHOOL DISTRICT NO. 015",56701,"PROPOSITION  BUTNER PUBLIC SCHOOLS",,6,6,2,"AGAINST THE PROPOSITION - NO",,1,0,0,1,,
3/2/2021,"680203","SALLISAW PUBLIC SCHOOLS INDEPENDENT SCHOOL DISTRICT NO. 001",56801,"PROPOSITION  SALLISAW PUBLIC SCHOOLS",,12,12,1,"FOR THE PROPOSITION - YES",,0,0,0,0,,
3/2/2021,"680203","SALLISAW PUBLIC SCHOOLS INDEPENDENT SCHOOL DISTRICT NO. 001",56801,"PROPOSITION  SALLISAW PUBLIC SCHOOLS",,12,12,2,"AGAINST THE PROPOSITION - NO",,0,0,0,0,,
3/2/2021,"680204","SALLISAW PUBLIC SCHOOLS INDEPENDENT SCHOOL DISTRICT NO. 001",56801,"PROPOSITION  SALLISAW PUBLIC SCHOOLS",,12,12,1,"FOR THE PROPOSITION - YES",,0,1,14,15,,
3/2/2021,"680204","SALLISAW PUBLIC SCHOOLS INDEPENDENT SCHOOL DISTRICT NO. 001",56801,"PROPOSITION  SALLISAW PUBLIC SCHOOLS",,12,12,2,"AGAINST THE PROPOSITION - NO",,0,4,42,46,,
3/2/2021,"680205","SALLISAW PUBLIC SCHOOLS INDEPENDENT SCHOOL DISTRICT NO. 001",56801,"PROPOSITION  SALLISAW PUBLIC SCHOOLS",,12,12,1,"FOR THE PROPOSITION - YES",,0,9,97,106,,
3/2/2021,"680205","SALLISAW PUBLIC SCHOOLS INDEPENDENT SCHOOL DISTRICT NO. 001",56801,"PROPOSITION  SALLISAW PUBLIC SCHOOLS",,12,12,2,"AGAINST THE PROPOSITION - NO",,0,14,85,99,,
3/2/2021,"680206","SALLISAW PUBLIC SCHOOLS INDEPENDENT SCHOOL DISTRICT NO. 001",56801,"PROPOSITION  SALLISAW PUBLIC SCHOOLS",,12,12,1,"FOR THE PROPOSITION - YES",,0,0,30,30,,
3/2/2021,"680206","SALLISAW PUBLIC SCHOOLS INDEPENDENT SCHOOL DISTRICT NO. 001",56801,"PROPOSITION  SALLISAW PUBLIC SCHOOLS",,12,12,2,"AGAINST THE PROPOSITION - NO",,0,8,51,59,,
3/2/2021,"680207","SALLISAW PUBLIC SCHOOLS INDEPENDENT SCHOOL DISTRICT NO. 001",56801,"PROPOSITION  SALLISAW PUBLIC SCHOOLS",,12,12,1,"FOR THE PROPOSITION - YES",,0,1,1,2,,
3/2/2021,"680207","SALLISAW PUBLIC SCHOOLS INDEPENDENT SCHOOL DISTRICT NO. 001",56801,"PROPOSITION  SALLISAW PUBLIC SCHOOLS",,12,12,2,"AGAINST THE PROPOSITION - NO",,0,0,1,1,,
3/2/2021,"680301","SALLISAW PUBLIC SCHOOLS INDEPENDENT SCHOOL DISTRICT NO. 001",56801,"PROPOSITION  SALLISAW PUBLIC SCHOOLS",,12,12,1,"FOR THE PROPOSITION - YES",,1,11,153,165,,
3/2/2021,"680301","SALLISAW PUBLIC SCHOOLS INDEPENDENT SCHOOL DISTRICT NO. 001",56801,"PROPOSITION  SALLISAW PUBLIC SCHOOLS",,12,12,2,"AGAINST THE PROPOSITION - NO",,0,15,107,122,,
3/2/2021,"680302","SALLISAW PUBLIC SCHOOLS INDEPENDENT SCHOOL DISTRICT NO. 001",56801,"PROPOSITION  SALLISAW PUBLIC SCHOOLS",,12,12,1,"FOR THE PROPOSITION - YES",,0,6,68,74,,
3/2/2021,"680302","SALLISAW PUBLIC SCHOOLS INDEPENDENT SCHOOL DISTRICT NO. 001",56801,"PROPOSITION  SALLISAW PUBLIC SCHOOLS",,12,12,2,"AGAINST THE PROPOSITION - NO",,1,5,41,47,,
3/2/2021,"680303","SALLISAW PUBLIC SCHOOLS INDEPENDENT SCHOOL DISTRICT NO. 001",56801,"PROPOSITION  SALLISAW PUBLIC SCHOOLS",,12,12,1,"FOR THE PROPOSITION - YES",,0,10,161,171,,
3/2/2021,"680303","SALLISAW PUBLIC SCHOOLS INDEPENDENT SCHOOL DISTRICT NO. 001",56801,"PROPOSITION  SALLISAW PUBLIC SCHOOLS",,12,12,2,"AGAINST THE PROPOSITION - NO",,2,7,110,119,,
3/2/2021,"680304","SALLISAW PUBLIC SCHOOLS INDEPENDENT SCHOOL DISTRICT NO. 001",56801,"PROPOSITION  SALLISAW PUBLIC SCHOOLS",,12,12,1,"FOR THE PROPOSITION - YES",,0,0,28,28,,
3/2/2021,"680304","SALLISAW PUBLIC SCHOOLS INDEPENDENT SCHOOL DISTRICT NO. 001",56801,"PROPOSITION  SALLISAW PUBLIC SCHOOLS",,12,12,2,"AGAINST THE PROPOSITION - NO",,0,2,36,38,,
3/2/2021,"680306","SALLISAW PUBLIC SCHOOLS INDEPENDENT SCHOOL DISTRICT NO. 001",56801,"PROPOSITION  SALLISAW PUBLIC SCHOOLS",,12,12,1,"FOR THE PROPOSITION - YES",,0,0,9,9,,
3/2/2021,"680306","SALLISAW PUBLIC SCHOOLS INDEPENDENT SCHOOL DISTRICT NO. 001",56801,"PROPOSITION  SALLISAW PUBLIC SCHOOLS",,12,12,2,"AGAINST THE PROPOSITION - NO",,0,3,12,15,,
3/2/2021,"680307","SALLISAW PUBLIC SCHOOLS INDEPENDENT SCHOOL DISTRICT NO. 001",56801,"PROPOSITION  SALLISAW PUBLIC SCHOOLS",,12,12,1,"FOR THE PROPOSITION - YES",,0,1,16,17,,
3/2/2021,"680307","SALLISAW PUBLIC SCHOOLS INDEPENDENT SCHOOL DISTRICT NO. 001",56801,"PROPOSITION  SALLISAW PUBLIC SCHOOLS",,12,12,2,"AGAINST THE PROPOSITION - NO",,0,2,25,27,,
3/2/2021,"680308","SALLISAW PUBLIC SCHOOLS INDEPENDENT SCHOOL DISTRICT NO. 001",56801,"PROPOSITION  SALLISAW PUBLIC SCHOOLS",,12,12,1,"FOR THE PROPOSITION - YES",,0,0,0,0,,
3/2/2021,"680308","SALLISAW PUBLIC SCHOOLS INDEPENDENT SCHOOL DISTRICT NO. 001",56801,"PROPOSITION  SALLISAW PUBLIC SCHOOLS",,12,12,2,"AGAINST THE PROPOSITION - NO",,0,0,0,0,,
3/2/2021,"700107","HARDESTY PUBLIC SCHOOLS INDEPENDENT SCHOOL DISTRICT NO. 015",57001,"PROPOSITION PROPOSED ANNEXATION  HARDESTY PUBLIC SCHOOLS",,2,2,1,"FOR THE ANNEXATION - YES",,0,0,17,17,,
3/2/2021,"700107","HARDESTY PUBLIC SCHOOLS INDEPENDENT SCHOOL DISTRICT NO. 015",57001,"PROPOSITION PROPOSED ANNEXATION  HARDESTY PUBLIC SCHOOLS",,2,2,2,"AGAINST THE ANNEXATION - NO",,1,0,72,73,,
3/2/2021,"700202","HARDESTY PUBLIC SCHOOLS INDEPENDENT SCHOOL DISTRICT NO. 015",57001,"PROPOSITION PROPOSED ANNEXATION  HARDESTY PUBLIC SCHOOLS",,2,2,1,"FOR THE ANNEXATION - YES",,0,0,0,0,,
3/2/2021,"700202","HARDESTY PUBLIC SCHOOLS INDEPENDENT SCHOOL DISTRICT NO. 015",57001,"PROPOSITION PROPOSED ANNEXATION  HARDESTY PUBLIC SCHOOLS",,2,2,2,"AGAINST THE ANNEXATION - NO",,0,0,0,0,,
3/2/2021,"750014","CANUTE PUBLIC SCHOOLS INDEPENDENT SCHOOL DISTRICT NO. 011",57501,"PROPOSITION NO. 1  CANUTE PUBLIC SCHOOLS",,4,4,1,"FOR THE PROPOSITION - YES",,11,0,189,200,,
3/2/2021,"750014","CANUTE PUBLIC SCHOOLS INDEPENDENT SCHOOL DISTRICT NO. 011",57501,"PROPOSITION NO. 1  CANUTE PUBLIC SCHOOLS",,4,4,2,"AGAINST THE PROPOSITION - NO",,2,0,64,66,,
3/2/2021,"750014","CANUTE PUBLIC SCHOOLS INDEPENDENT SCHOOL DISTRICT NO. 011",57502,"PROPOSITION NO. 2  CANUTE PUBLIC SCHOOLS",,4,4,1,"FOR THE PROPOSITION - YES",,12,0,185,197,,
3/2/2021,"750014","CANUTE PUBLIC SCHOOLS INDEPENDENT SCHOOL DISTRICT NO. 011",57502,"PROPOSITION NO. 2  CANUTE PUBLIC SCHOOLS",,4,4,2,"AGAINST THE PROPOSITION - NO",,1,0,68,69,,
3/2/2021,"750016","CANUTE PUBLIC SCHOOLS INDEPENDENT SCHOOL DISTRICT NO. 011",57501,"PROPOSITION NO. 1  CANUTE PUBLIC SCHOOLS",,4,4,1,"FOR THE PROPOSITION - YES",,5,0,31,36,,
3/2/2021,"750016","CANUTE PUBLIC SCHOOLS INDEPENDENT SCHOOL DISTRICT NO. 011",57501,"PROPOSITION NO. 1  CANUTE PUBLIC SCHOOLS",,4,4,2,"AGAINST THE PROPOSITION - NO",,1,0,12,13,,
3/2/2021,"750016","CANUTE PUBLIC SCHOOLS INDEPENDENT SCHOOL DISTRICT NO. 011",57502,"PROPOSITION NO. 2  CANUTE PUBLIC SCHOOLS",,4,4,1,"FOR THE PROPOSITION - YES",,5,0,32,37,,
3/2/2021,"750016","CANUTE PUBLIC SCHOOLS INDEPENDENT SCHOOL DISTRICT NO. 011",57502,"PROPOSITION NO. 2  CANUTE PUBLIC SCHOOLS",,4,4,2,"AGAINST THE PROPOSITION - NO",,1,0,11,12,,
