elec_date,county,entity_description,race_number,race_description,race_party,tot_race_prec,race_prec_reporting,cand_number,cand_name,cand_party,cand_absmail_votes,cand_early_votes,cand_elecday_votes,cand_tot_votes,race_county_owner
1/8/2013,"ALFALFA","BURLINGTON PUBLIC SCHOOLS",50201,"PROPOSITION  BURLINGTON PUBLIC SCHOOLS",,2,2,1,"FOR THE PROPOSITION - YES",,4,2,106,112,,
1/8/2013,"ALFALFA","BURLINGTON PUBLIC SCHOOLS",50201,"PROPOSITION  BURLINGTON PUBLIC SCHOOLS",,2,2,2,"AGAINST THE PROPOSITION - NO",,2,3,47,52,,
1/8/2013,"BRYAN","SILO PUBLIC SCHOOLS",50701,"PROPOSITION NO. 1  SILO PUBLIC SCHOOLS",,7,7,1,"FOR THE PROPOSITION - YES",,1,29,545,575,,
1/8/2013,"BRYAN","SILO PUBLIC SCHOOLS",50701,"PROPOSITION NO. 1  SILO PUBLIC SCHOOLS",,7,7,2,"AGAINST THE PROPOSITION - NO",,6,26,460,492,,
1/8/2013,"CANADIAN","EL RENO PUBLIC SCHOOLS",50901,"PROPOSITION 1  EL RENO PUBLIC SCHOOLS",,10,10,1,"FOR THE PROPOSITION - YES",,19,118,1071,1208,,
1/8/2013,"CANADIAN","EL RENO PUBLIC SCHOOLS",50901,"PROPOSITION 1  EL RENO PUBLIC SCHOOLS",,10,10,2,"AGAINST THE PROPOSITION - NO",,11,29,413,453,,
1/8/2013,"CANADIAN","EL RENO PUBLIC SCHOOLS",50902,"PROPOSITION 2  EL RENO PUBLIC SCHOOLS",,10,10,1,"FOR THE PROPOSITION - YES",,19,125,1096,1240,,
1/8/2013,"CANADIAN","EL RENO PUBLIC SCHOOLS",50902,"PROPOSITION 2  EL RENO PUBLIC SCHOOLS",,10,10,2,"AGAINST THE PROPOSITION - NO",,11,29,398,438,,
1/8/2013,"CHEROKEE","CITY OF TAHLEQUAH",41101,"PROPOSITION  CITY OF TAHLEQUAH",,6,6,1,"FOR THE PROPOSITION - YES",,22,42,442,506,,
1/8/2013,"CHEROKEE","CITY OF TAHLEQUAH",41101,"PROPOSITION  CITY OF TAHLEQUAH",,6,6,2,"AGAINST THE PROPOSITION - NO",,13,44,400,457,,
1/8/2013,"CREEK","CITY OF OILTON",41901,"PROPOSITION  CITY OF OILTON",,1,1,1,"FOR THE PROPOSITION - YES",,1,0,112,113,,
1/8/2013,"CREEK","CITY OF OILTON",41901,"PROPOSITION  CITY OF OILTON",,1,1,2,"AGAINST THE PROPOSITION - NO",,1,0,14,15,,
1/8/2013,"CREEK","PRETTY WATER PUBLIC SCHOOL",51901,"PROPOSITION NO. 1  PRETTY WATER PUBLIC SCHOOL",,3,3,1,"FOR THE PROPOSITION - YES",,0,1,60,61,,
1/8/2013,"CREEK","PRETTY WATER PUBLIC SCHOOL",51901,"PROPOSITION NO. 1  PRETTY WATER PUBLIC SCHOOL",,3,3,2,"AGAINST THE PROPOSITION - NO",,3,2,70,75,,
1/8/2013,"CREEK","PRETTY WATER PUBLIC SCHOOL",51902,"PROPOSITION NO. 2  PRETTY WATER PUBLIC SCHOOL",,3,3,1,"FOR THE PROPOSITION - YES",,0,1,62,63,,
1/8/2013,"CREEK","PRETTY WATER PUBLIC SCHOOL",51902,"PROPOSITION NO. 2  PRETTY WATER PUBLIC SCHOOL",,3,3,2,"AGAINST THE PROPOSITION - NO",,3,2,70,75,,
1/8/2013,"DEWEY","SHARON-MUTUAL PUBLIC SCHOOLS",57701,"PROPOSITION  SHARON-MUTUAL PUBLIC SCHOOLS",,1,1,1,"FOR THE PROPOSITION - YES",,0,0,0,0,,
1/8/2013,"DEWEY","SHARON-MUTUAL PUBLIC SCHOOLS",57701,"PROPOSITION  SHARON-MUTUAL PUBLIC SCHOOLS",,1,1,2,"AGAINST THE PROPOSITION - NO",,0,0,0,0,,
1/8/2013,"GARFIELD","COVINGTON-DOUGLAS SCHOOLS",52401,"PROPOSITION 1  COVINGTON-DOUGLAS SCHOOLS",,3,3,1,"FOR THE PROPOSITION - YES",,0,0,106,106,,
1/8/2013,"GARFIELD","COVINGTON-DOUGLAS SCHOOLS",52401,"PROPOSITION 1  COVINGTON-DOUGLAS SCHOOLS",,3,3,2,"AGAINST THE PROPOSITION - NO",,0,0,7,7,,
1/8/2013,"GARFIELD","COVINGTON-DOUGLAS SCHOOLS",52402,"PROPOSITION 2  COVINGTON-DOUGLAS SCHOOLS",,3,3,1,"FOR THE PROPOSITION - YES",,0,0,110,110,,
1/8/2013,"GARFIELD","COVINGTON-DOUGLAS SCHOOLS",52402,"PROPOSITION 2  COVINGTON-DOUGLAS SCHOOLS",,3,3,2,"AGAINST THE PROPOSITION - NO",,0,0,7,7,,
1/8/2013,"JEFFERSON","TOWN OF RINGLING",43401,"PROPOSITION  TOWN OF RINGLING",,1,1,1,"FOR THE PROPOSITION - YES",,1,0,17,18,,
1/8/2013,"JEFFERSON","TOWN OF RINGLING",43401,"PROPOSITION  TOWN OF RINGLING",,1,1,2,"AGAINST THE PROPOSITION - NO",,0,1,15,16,,
1/8/2013,"JOHNSTON","JOHNSTON COUNTY",30001,"PROPOSITION",,14,14,1,"FOR THE PROPOSITION - YES",,0,65,329,394,,
1/8/2013,"JOHNSTON","JOHNSTON COUNTY",30001,"PROPOSITION",,14,14,2,"AGAINST THE PROPOSITION - NO",,2,12,80,94,,
1/8/2013,"KAY","CITY OF PONCA CITY",43601,"PROPOSTION  CITY OF PONCA CITY",,14,14,1,"FOR THE PROPOSITION - YES",,18,8,810,836,,
1/8/2013,"KAY","CITY OF PONCA CITY",43601,"PROPOSTION  CITY OF PONCA CITY",,14,14,2,"AGAINST THE PROPOSITION - NO",,6,1,294,301,,
1/8/2013,"KINGFISHER","COVINGTON-DOUGLAS SCHOOLS",52401,"PROPOSITION 1  COVINGTON-DOUGLAS SCHOOLS",,1,1,1,"FOR THE PROPOSITION - YES",,0,0,0,0,,
1/8/2013,"KINGFISHER","COVINGTON-DOUGLAS SCHOOLS",52401,"PROPOSITION 1  COVINGTON-DOUGLAS SCHOOLS",,1,1,2,"AGAINST THE PROPOSITION - NO",,0,0,0,0,,
1/8/2013,"KINGFISHER","COVINGTON-DOUGLAS SCHOOLS",52402,"PROPOSITION 2  COVINGTON-DOUGLAS SCHOOLS",,1,1,1,"FOR THE PROPOSITION - YES",,0,0,0,0,,
1/8/2013,"KINGFISHER","COVINGTON-DOUGLAS SCHOOLS",52402,"PROPOSITION 2  COVINGTON-DOUGLAS SCHOOLS",,1,1,2,"AGAINST THE PROPOSITION - NO",,0,0,0,0,,
1/8/2013,"LINCOLN","TOWN OF DAVENPORT",44101,"PROPOSITION  TOWN OF DAVENPORT",,1,1,1,"FOR THE PROPOSITION - YES",,1,0,15,16,,
1/8/2013,"LINCOLN","TOWN OF DAVENPORT",44101,"PROPOSITION  TOWN OF DAVENPORT",,1,1,2,"AGAINST THE PROPOSITION - NO",,2,3,27,32,,
1/8/2013,"LOGAN","COVINGTON-DOUGLAS SCHOOLS",52401,"PROPOSITION 1  COVINGTON-DOUGLAS SCHOOLS",,2,2,1,"FOR THE PROPOSITION - YES",,0,0,26,26,,
1/8/2013,"LOGAN","COVINGTON-DOUGLAS SCHOOLS",52401,"PROPOSITION 1  COVINGTON-DOUGLAS SCHOOLS",,2,2,2,"AGAINST THE PROPOSITION - NO",,0,0,3,3,,
1/8/2013,"LOGAN","COVINGTON-DOUGLAS SCHOOLS",52402,"PROPOSITION 2  COVINGTON-DOUGLAS SCHOOLS",,2,2,1,"FOR THE PROPOSITION - YES",,0,0,26,26,,
1/8/2013,"LOGAN","COVINGTON-DOUGLAS SCHOOLS",52402,"PROPOSITION 2  COVINGTON-DOUGLAS SCHOOLS",,2,2,2,"AGAINST THE PROPOSITION - NO",,0,0,3,3,,
1/8/2013,"NOBLE","COVINGTON-DOUGLAS SCHOOLS",52401,"PROPOSITION 1  COVINGTON-DOUGLAS SCHOOLS",,1,1,1,"FOR THE PROPOSITION - YES",,0,3,10,13,,
1/8/2013,"NOBLE","COVINGTON-DOUGLAS SCHOOLS",52401,"PROPOSITION 1  COVINGTON-DOUGLAS SCHOOLS",,1,1,2,"AGAINST THE PROPOSITION - NO",,0,1,0,1,,
1/8/2013,"NOBLE","COVINGTON-DOUGLAS SCHOOLS",52402,"PROPOSITION 2  COVINGTON-DOUGLAS SCHOOLS",,1,1,1,"FOR THE PROPOSITION - YES",,0,3,10,13,,
1/8/2013,"NOBLE","COVINGTON-DOUGLAS SCHOOLS",52402,"PROPOSITION 2  COVINGTON-DOUGLAS SCHOOLS",,1,1,2,"AGAINST THE PROPOSITION - NO",,0,1,0,1,,
1/8/2013,"OKLAHOMA","TOWN OF LUTHER",45501,"PROPOSITION  TOWN OF LUTHER",,1,1,1,"FOR THE PROPOSITION - YES",,1,0,49,50,,
1/8/2013,"OKLAHOMA","TOWN OF LUTHER",45501,"PROPOSITION  TOWN OF LUTHER",,1,1,2,"AGAINST THE PROPOSITION - NO",,2,0,103,105,,
1/8/2013,"OTTAWA","EMS MIAMI ISD",6581,"EMS MIAMI ISD",,11,11,1,"FOR THE PROPOSITION - YES",,5,56,912,973,,
1/8/2013,"OTTAWA","EMS MIAMI ISD",6581,"EMS MIAMI ISD",,11,11,2,"AGAINST THE PROPOSITION - NO",,1,6,120,127,,
1/8/2013,"OTTAWA","EMS NON-MIAMI ISD",6582,"PROPOSITION 2012-2  EMS NON-MIAMI ISD",,11,11,1,"FOR THE PROPOSITION - YES",,5,24,710,739,,
1/8/2013,"OTTAWA","EMS NON-MIAMI ISD",6582,"PROPOSITION 2012-2  EMS NON-MIAMI ISD",,11,11,2,"AGAINST THE PROPOSITION - NO",,3,8,346,357,,
1/8/2013,"WOODWARD","SHARON-MUTUAL PUBLIC SCHOOLS",57701,"PROPOSITION  SHARON-MUTUAL PUBLIC SCHOOLS",,6,6,1,"FOR THE PROPOSITION - YES",,1,6,140,147,,
1/8/2013,"WOODWARD","SHARON-MUTUAL PUBLIC SCHOOLS",57701,"PROPOSITION  SHARON-MUTUAL PUBLIC SCHOOLS",,6,6,2,"AGAINST THE PROPOSITION - NO",,2,4,109,115,,
