elec_date,precinct,entity_description,race_number,race_description,race_party,tot_race_prec,race_prec_reporting,cand_number,cand_name,cand_party,cand_absmail_votes,cand_early_votes,cand_elecday_votes,cand_tot_votes,race_county_owner
10/12/2021,"020120","TIMBERLAKE PUBLIC SCHOOLS INDEPENDENT SCHOOL DISTRICT NO. 093",50201,"PROPOSITION NO. 1  TIMBERLAKE PUBLIC SCHOOLS",,8,8,1,"FOR THE PROPOSITION - YES",,0,0,3,3,,
10/12/2021,"020120","TIMBERLAKE PUBLIC SCHOOLS INDEPENDENT SCHOOL DISTRICT NO. 093",50201,"PROPOSITION NO. 1  TIMBERLAKE PUBLIC SCHOOLS",,8,8,2,"AGAINST THE PROPOSITION - NO",,2,0,0,2,,
10/12/2021,"020120","TIMBERLAKE PUBLIC SCHOOLS INDEPENDENT SCHOOL DISTRICT NO. 093",50202,"PROPOSITION NO. 2  TIMBERLAKE PUBLIC SCHOOLS",,8,8,1,"FOR THE PROPOSITION - YES",,2,0,3,5,,
10/12/2021,"020120","TIMBERLAKE PUBLIC SCHOOLS INDEPENDENT SCHOOL DISTRICT NO. 093",50202,"PROPOSITION NO. 2  TIMBERLAKE PUBLIC SCHOOLS",,8,8,2,"AGAINST THE PROPOSITION - NO",,0,0,0,0,,
10/12/2021,"020310","TIMBERLAKE PUBLIC SCHOOLS INDEPENDENT SCHOOL DISTRICT NO. 093",50201,"PROPOSITION NO. 1  TIMBERLAKE PUBLIC SCHOOLS",,8,8,1,"FOR THE PROPOSITION - YES",,0,0,96,96,,
10/12/2021,"020310","TIMBERLAKE PUBLIC SCHOOLS INDEPENDENT SCHOOL DISTRICT NO. 093",50201,"PROPOSITION NO. 1  TIMBERLAKE PUBLIC SCHOOLS",,8,8,2,"AGAINST THE PROPOSITION - NO",,1,0,19,20,,
10/12/2021,"020310","TIMBERLAKE PUBLIC SCHOOLS INDEPENDENT SCHOOL DISTRICT NO. 093",50202,"PROPOSITION NO. 2  TIMBERLAKE PUBLIC SCHOOLS",,8,8,1,"FOR THE PROPOSITION - YES",,0,0,94,94,,
10/12/2021,"020310","TIMBERLAKE PUBLIC SCHOOLS INDEPENDENT SCHOOL DISTRICT NO. 093",50202,"PROPOSITION NO. 2  TIMBERLAKE PUBLIC SCHOOLS",,8,8,2,"AGAINST THE PROPOSITION - NO",,1,0,21,22,,
10/12/2021,"020320","TIMBERLAKE PUBLIC SCHOOLS INDEPENDENT SCHOOL DISTRICT NO. 093",50201,"PROPOSITION NO. 1  TIMBERLAKE PUBLIC SCHOOLS",,8,8,1,"FOR THE PROPOSITION - YES",,0,0,40,40,,
10/12/2021,"020320","TIMBERLAKE PUBLIC SCHOOLS INDEPENDENT SCHOOL DISTRICT NO. 093",50201,"PROPOSITION NO. 1  TIMBERLAKE PUBLIC SCHOOLS",,8,8,2,"AGAINST THE PROPOSITION - NO",,1,0,17,18,,
10/12/2021,"020320","TIMBERLAKE PUBLIC SCHOOLS INDEPENDENT SCHOOL DISTRICT NO. 093",50202,"PROPOSITION NO. 2  TIMBERLAKE PUBLIC SCHOOLS",,8,8,1,"FOR THE PROPOSITION - YES",,0,0,41,41,,
10/12/2021,"020320","TIMBERLAKE PUBLIC SCHOOLS INDEPENDENT SCHOOL DISTRICT NO. 093",50202,"PROPOSITION NO. 2  TIMBERLAKE PUBLIC SCHOOLS",,8,8,2,"AGAINST THE PROPOSITION - NO",,1,0,16,17,,
10/12/2021,"020330","TIMBERLAKE PUBLIC SCHOOLS INDEPENDENT SCHOOL DISTRICT NO. 093",50201,"PROPOSITION NO. 1  TIMBERLAKE PUBLIC SCHOOLS",,8,8,1,"FOR THE PROPOSITION - YES",,0,0,31,31,,
10/12/2021,"020330","TIMBERLAKE PUBLIC SCHOOLS INDEPENDENT SCHOOL DISTRICT NO. 093",50201,"PROPOSITION NO. 1  TIMBERLAKE PUBLIC SCHOOLS",,8,8,2,"AGAINST THE PROPOSITION - NO",,1,0,10,11,,
10/12/2021,"020330","TIMBERLAKE PUBLIC SCHOOLS INDEPENDENT SCHOOL DISTRICT NO. 093",50202,"PROPOSITION NO. 2  TIMBERLAKE PUBLIC SCHOOLS",,8,8,1,"FOR THE PROPOSITION - YES",,0,0,34,34,,
10/12/2021,"020330","TIMBERLAKE PUBLIC SCHOOLS INDEPENDENT SCHOOL DISTRICT NO. 093",50202,"PROPOSITION NO. 2  TIMBERLAKE PUBLIC SCHOOLS",,8,8,2,"AGAINST THE PROPOSITION - NO",,1,0,7,8,,
10/12/2021,"070003","BRYAN COUNTY",30001,"PROPOSITION",,22,22,1,"FOR THE PROPOSITION - YES",,4,0,15,19,BRYAN
10/12/2021,"070003","BRYAN COUNTY",30001,"PROPOSITION",,22,22,2,"AGAINST THE PROPOSITION - NO",,3,1,28,32,BRYAN
10/12/2021,"070004","BRYAN COUNTY",30001,"PROPOSITION",,22,22,1,"FOR THE PROPOSITION - YES",,3,1,22,26,BRYAN
10/12/2021,"070004","BRYAN COUNTY",30001,"PROPOSITION",,22,22,2,"AGAINST THE PROPOSITION - NO",,4,8,29,41,BRYAN
10/12/2021,"070005","BRYAN COUNTY",30001,"PROPOSITION",,22,22,1,"FOR THE PROPOSITION - YES",,8,3,28,39,BRYAN
10/12/2021,"070005","BRYAN COUNTY",30001,"PROPOSITION",,22,22,2,"AGAINST THE PROPOSITION - NO",,6,3,32,41,BRYAN
10/12/2021,"070008","BRYAN COUNTY",30001,"PROPOSITION",,22,22,1,"FOR THE PROPOSITION - YES",,12,1,29,42,BRYAN
10/12/2021,"070008","BRYAN COUNTY",30001,"PROPOSITION",,22,22,2,"AGAINST THE PROPOSITION - NO",,10,3,55,68,BRYAN
10/12/2021,"070010","BRYAN COUNTY",30001,"PROPOSITION",,22,22,1,"FOR THE PROPOSITION - YES",,4,0,11,15,BRYAN
10/12/2021,"070010","BRYAN COUNTY",30001,"PROPOSITION",,22,22,2,"AGAINST THE PROPOSITION - NO",,0,0,20,20,BRYAN
10/12/2021,"070011","BRYAN COUNTY",30001,"PROPOSITION",,22,22,1,"FOR THE PROPOSITION - YES",,0,0,19,19,BRYAN
10/12/2021,"070011","BRYAN COUNTY",30001,"PROPOSITION",,22,22,2,"AGAINST THE PROPOSITION - NO",,0,0,12,12,BRYAN
10/12/2021,"070013","BRYAN COUNTY",30001,"PROPOSITION",,22,22,1,"FOR THE PROPOSITION - YES",,2,0,28,30,BRYAN
10/12/2021,"070013","BRYAN COUNTY",30001,"PROPOSITION",,22,22,2,"AGAINST THE PROPOSITION - NO",,3,0,47,50,BRYAN
10/12/2021,"070014","BRYAN COUNTY",30001,"PROPOSITION",,22,22,1,"FOR THE PROPOSITION - YES",,1,2,10,13,BRYAN
10/12/2021,"070014","BRYAN COUNTY",30001,"PROPOSITION",,22,22,2,"AGAINST THE PROPOSITION - NO",,2,3,19,24,BRYAN
10/12/2021,"070015","BRYAN COUNTY",30001,"PROPOSITION",,22,22,1,"FOR THE PROPOSITION - YES",,3,0,10,13,BRYAN
10/12/2021,"070015","BRYAN COUNTY",30001,"PROPOSITION",,22,22,2,"AGAINST THE PROPOSITION - NO",,4,3,63,70,BRYAN
10/12/2021,"070017","BRYAN COUNTY",30001,"PROPOSITION",,22,22,1,"FOR THE PROPOSITION - YES",,1,1,8,10,BRYAN
10/12/2021,"070017","BRYAN COUNTY",30001,"PROPOSITION",,22,22,2,"AGAINST THE PROPOSITION - NO",,1,0,17,18,BRYAN
10/12/2021,"070018","BRYAN COUNTY",30001,"PROPOSITION",,22,22,1,"FOR THE PROPOSITION - YES",,2,0,11,13,BRYAN
10/12/2021,"070018","BRYAN COUNTY",30001,"PROPOSITION",,22,22,2,"AGAINST THE PROPOSITION - NO",,1,0,31,32,BRYAN
10/12/2021,"070019","BRYAN COUNTY",30001,"PROPOSITION",,22,22,1,"FOR THE PROPOSITION - YES",,6,0,13,19,BRYAN
10/12/2021,"070019","BRYAN COUNTY",30001,"PROPOSITION",,22,22,2,"AGAINST THE PROPOSITION - NO",,1,0,33,34,BRYAN
10/12/2021,"070020","BRYAN COUNTY",30001,"PROPOSITION",,22,22,1,"FOR THE PROPOSITION - YES",,6,0,17,23,BRYAN
10/12/2021,"070020","BRYAN COUNTY",30001,"PROPOSITION",,22,22,2,"AGAINST THE PROPOSITION - NO",,0,0,12,12,BRYAN
10/12/2021,"070021","BRYAN COUNTY",30001,"PROPOSITION",,22,22,1,"FOR THE PROPOSITION - YES",,2,1,26,29,BRYAN
10/12/2021,"070021","BRYAN COUNTY",30001,"PROPOSITION",,22,22,2,"AGAINST THE PROPOSITION - NO",,3,5,58,66,BRYAN
10/12/2021,"070022","BRYAN COUNTY",30001,"PROPOSITION",,22,22,1,"FOR THE PROPOSITION - YES",,3,1,17,21,BRYAN
10/12/2021,"070022","BRYAN COUNTY",30001,"PROPOSITION",,22,22,2,"AGAINST THE PROPOSITION - NO",,3,0,30,33,BRYAN
10/12/2021,"070023","BRYAN COUNTY",30001,"PROPOSITION",,22,22,1,"FOR THE PROPOSITION - YES",,2,2,31,35,BRYAN
10/12/2021,"070023","BRYAN COUNTY",30001,"PROPOSITION",,22,22,2,"AGAINST THE PROPOSITION - NO",,1,0,25,26,BRYAN
10/12/2021,"070025","BRYAN COUNTY",30001,"PROPOSITION",,22,22,1,"FOR THE PROPOSITION - YES",,5,0,24,29,BRYAN
10/12/2021,"070025","BRYAN COUNTY",30001,"PROPOSITION",,22,22,2,"AGAINST THE PROPOSITION - NO",,1,0,63,64,BRYAN
10/12/2021,"070026","BRYAN COUNTY",30001,"PROPOSITION",,22,22,1,"FOR THE PROPOSITION - YES",,5,0,12,17,BRYAN
10/12/2021,"070026","BRYAN COUNTY",30001,"PROPOSITION",,22,22,2,"AGAINST THE PROPOSITION - NO",,1,2,41,44,BRYAN
10/12/2021,"070027","BRYAN COUNTY",30001,"PROPOSITION",,22,22,1,"FOR THE PROPOSITION - YES",,3,0,28,31,BRYAN
10/12/2021,"070027","BRYAN COUNTY",30001,"PROPOSITION",,22,22,2,"AGAINST THE PROPOSITION - NO",,5,4,51,60,BRYAN
10/12/2021,"070028","BRYAN COUNTY",30001,"PROPOSITION",,22,22,1,"FOR THE PROPOSITION - YES",,3,0,27,30,BRYAN
10/12/2021,"070028","BRYAN COUNTY",30001,"PROPOSITION",,22,22,2,"AGAINST THE PROPOSITION - NO",,3,2,30,35,BRYAN
10/12/2021,"070029","BRYAN COUNTY",30001,"PROPOSITION",,22,22,1,"FOR THE PROPOSITION - YES",,0,0,20,20,BRYAN
10/12/2021,"070029","BRYAN COUNTY",30001,"PROPOSITION",,22,22,2,"AGAINST THE PROPOSITION - NO",,0,0,11,11,BRYAN
10/12/2021,"070033","BRYAN COUNTY",30001,"PROPOSITION",,22,22,1,"FOR THE PROPOSITION - YES",,7,2,62,71,BRYAN
10/12/2021,"070033","BRYAN COUNTY",30001,"PROPOSITION",,22,22,2,"AGAINST THE PROPOSITION - NO",,12,3,141,156,BRYAN
10/12/2021,"081010","TOWN OF BINGER",40801,"PROPOSITION  TOWN OF BINGER",,1,1,1,"FOR THE PROPOSITION - YES",,2,0,33,35,,
10/12/2021,"081010","TOWN OF BINGER",40801,"PROPOSITION  TOWN OF BINGER",,1,1,2,"AGAINST THE PROPOSITION - NO",,2,0,2,4,,
10/12/2021,"090100","BANNER PUBLIC SCHOOLS ELEMENTARY SCHOOL DISTRICT NO. 031",50901,"PROPOSITION  BANNER PUBLIC SCHOOLS",,8,8,1,"FOR THE PROPOSITION - YES",,0,0,3,3,,
10/12/2021,"090100","BANNER PUBLIC SCHOOLS ELEMENTARY SCHOOL DISTRICT NO. 031",50901,"PROPOSITION  BANNER PUBLIC SCHOOLS",,8,8,2,"AGAINST THE PROPOSITION - NO",,0,0,0,0,,
10/12/2021,"090114","BANNER PUBLIC SCHOOLS ELEMENTARY SCHOOL DISTRICT NO. 031",50901,"PROPOSITION  BANNER PUBLIC SCHOOLS",,8,8,1,"FOR THE PROPOSITION - YES",,0,0,1,1,,
10/12/2021,"090114","BANNER PUBLIC SCHOOLS ELEMENTARY SCHOOL DISTRICT NO. 031",50901,"PROPOSITION  BANNER PUBLIC SCHOOLS",,8,8,2,"AGAINST THE PROPOSITION - NO",,0,0,6,6,,
10/12/2021,"090201","BANNER PUBLIC SCHOOLS ELEMENTARY SCHOOL DISTRICT NO. 031",50901,"PROPOSITION  BANNER PUBLIC SCHOOLS",,8,8,1,"FOR THE PROPOSITION - YES",,1,0,1,2,,
10/12/2021,"090201","BANNER PUBLIC SCHOOLS ELEMENTARY SCHOOL DISTRICT NO. 031",50901,"PROPOSITION  BANNER PUBLIC SCHOOLS",,8,8,2,"AGAINST THE PROPOSITION - NO",,0,0,4,4,,
10/12/2021,"090210","BANNER PUBLIC SCHOOLS ELEMENTARY SCHOOL DISTRICT NO. 031",50901,"PROPOSITION  BANNER PUBLIC SCHOOLS",,8,8,1,"FOR THE PROPOSITION - YES",,0,0,21,21,,
10/12/2021,"090210","BANNER PUBLIC SCHOOLS ELEMENTARY SCHOOL DISTRICT NO. 031",50901,"PROPOSITION  BANNER PUBLIC SCHOOLS",,8,8,2,"AGAINST THE PROPOSITION - NO",,0,0,9,9,,
10/12/2021,"090211","BANNER PUBLIC SCHOOLS ELEMENTARY SCHOOL DISTRICT NO. 031",50901,"PROPOSITION  BANNER PUBLIC SCHOOLS",,8,8,1,"FOR THE PROPOSITION - YES",,0,0,0,0,,
10/12/2021,"090211","BANNER PUBLIC SCHOOLS ELEMENTARY SCHOOL DISTRICT NO. 031",50901,"PROPOSITION  BANNER PUBLIC SCHOOLS",,8,8,2,"AGAINST THE PROPOSITION - NO",,0,0,0,0,,
10/12/2021,"090226","BANNER PUBLIC SCHOOLS ELEMENTARY SCHOOL DISTRICT NO. 031",50901,"PROPOSITION  BANNER PUBLIC SCHOOLS",,8,8,1,"FOR THE PROPOSITION - YES",,0,0,15,15,,
10/12/2021,"090226","BANNER PUBLIC SCHOOLS ELEMENTARY SCHOOL DISTRICT NO. 031",50901,"PROPOSITION  BANNER PUBLIC SCHOOLS",,8,8,2,"AGAINST THE PROPOSITION - NO",,2,1,17,20,,
10/12/2021,"090308","BANNER PUBLIC SCHOOLS ELEMENTARY SCHOOL DISTRICT NO. 031",50901,"PROPOSITION  BANNER PUBLIC SCHOOLS",,8,8,1,"FOR THE PROPOSITION - YES",,0,0,0,0,,
10/12/2021,"090308","BANNER PUBLIC SCHOOLS ELEMENTARY SCHOOL DISTRICT NO. 031",50901,"PROPOSITION  BANNER PUBLIC SCHOOLS",,8,8,2,"AGAINST THE PROPOSITION - NO",,1,0,0,1,,
10/12/2021,"090400","BANNER PUBLIC SCHOOLS ELEMENTARY SCHOOL DISTRICT NO. 031",50901,"PROPOSITION  BANNER PUBLIC SCHOOLS",,8,8,1,"FOR THE PROPOSITION - YES",,0,0,11,11,,
10/12/2021,"090400","BANNER PUBLIC SCHOOLS ELEMENTARY SCHOOL DISTRICT NO. 031",50901,"PROPOSITION  BANNER PUBLIC SCHOOLS",,8,8,2,"AGAINST THE PROPOSITION - NO",,0,0,26,26,,
10/12/2021,"140029","CITY OF NOBLE",41401,"PROPOSITION PUBLIC SAFETY BUILDINGS AND FACILITIES PROJECTS  CITY OF NOBLE",,2,2,1,"FOR THE PROPOSITION - YES",,3,0,68,71,,
10/12/2021,"140029","CITY OF NOBLE",41401,"PROPOSITION PUBLIC SAFETY BUILDINGS AND FACILITIES PROJECTS  CITY OF NOBLE",,2,2,2,"AGAINST THE PROPOSITION - NO",,0,0,16,16,,
10/12/2021,"140029","TOWN OF SLAUGHTERVILLE",41402,"PROPOSITION  TOWN OF SLAUGHTERVILLE",,4,4,1,"FOR THE PROPOSITION - YES",,0,2,17,19,,
10/12/2021,"140029","TOWN OF SLAUGHTERVILLE",41402,"PROPOSITION  TOWN OF SLAUGHTERVILLE",,4,4,2,"AGAINST THE PROPOSITION - NO",,0,0,3,3,,
10/12/2021,"140034","TOWN OF SLAUGHTERVILLE",41402,"PROPOSITION  TOWN OF SLAUGHTERVILLE",,4,4,1,"FOR THE PROPOSITION - YES",,0,0,6,6,,
10/12/2021,"140034","TOWN OF SLAUGHTERVILLE",41402,"PROPOSITION  TOWN OF SLAUGHTERVILLE",,4,4,2,"AGAINST THE PROPOSITION - NO",,0,0,0,0,,
10/12/2021,"140038","TOWN OF SLAUGHTERVILLE",41402,"PROPOSITION  TOWN OF SLAUGHTERVILLE",,4,4,1,"FOR THE PROPOSITION - YES",,0,0,1,1,,
10/12/2021,"140038","TOWN OF SLAUGHTERVILLE",41402,"PROPOSITION  TOWN OF SLAUGHTERVILLE",,4,4,2,"AGAINST THE PROPOSITION - NO",,0,0,0,0,,
10/12/2021,"140057","CITY OF NOBLE",41401,"PROPOSITION PUBLIC SAFETY BUILDINGS AND FACILITIES PROJECTS  CITY OF NOBLE",,2,2,1,"FOR THE PROPOSITION - YES",,8,1,159,168,,
10/12/2021,"140057","CITY OF NOBLE",41401,"PROPOSITION PUBLIC SAFETY BUILDINGS AND FACILITIES PROJECTS  CITY OF NOBLE",,2,2,2,"AGAINST THE PROPOSITION - NO",,2,3,35,40,,
10/12/2021,"140095","TOWN OF SLAUGHTERVILLE",41402,"PROPOSITION  TOWN OF SLAUGHTERVILLE",,4,4,1,"FOR THE PROPOSITION - YES",,1,0,22,23,,
10/12/2021,"140095","TOWN OF SLAUGHTERVILLE",41402,"PROPOSITION  TOWN OF SLAUGHTERVILLE",,4,4,2,"AGAINST THE PROPOSITION - NO",,0,0,0,0,,
10/12/2021,"150003","CALVIN PUBLIC SCHOOLS INDEPENDENT SCHOOL DISTRICT NO. 048",53201,"PROPOSITION  CALVIN PUBLIC SCHOOLS",,7,7,1,"FOR THE PROPOSITION - YES",,0,0,0,0,,
10/12/2021,"150003","CALVIN PUBLIC SCHOOLS INDEPENDENT SCHOOL DISTRICT NO. 048",53201,"PROPOSITION  CALVIN PUBLIC SCHOOLS",,7,7,2,"AGAINST THE PROPOSITION - NO",,0,0,0,0,,
10/12/2021,"150004","CALVIN PUBLIC SCHOOLS INDEPENDENT SCHOOL DISTRICT NO. 048",53201,"PROPOSITION  CALVIN PUBLIC SCHOOLS",,7,7,1,"FOR THE PROPOSITION - YES",,0,0,0,0,,
10/12/2021,"150004","CALVIN PUBLIC SCHOOLS INDEPENDENT SCHOOL DISTRICT NO. 048",53201,"PROPOSITION  CALVIN PUBLIC SCHOOLS",,7,7,2,"AGAINST THE PROPOSITION - NO",,0,0,0,0,,
10/12/2021,"200026","TOWN OF HAMMON",46501,"PROPOSITION  TOWN OF HAMMON",,2,2,1,"FOR THE PROPOSITION - YES",,0,0,2,2,,
10/12/2021,"200026","TOWN OF HAMMON",46501,"PROPOSITION  TOWN OF HAMMON",,2,2,2,"AGAINST THE PROPOSITION - NO",,0,0,0,0,,
10/12/2021,"240308","TIMBERLAKE PUBLIC SCHOOLS INDEPENDENT SCHOOL DISTRICT NO. 093",50201,"PROPOSITION NO. 1  TIMBERLAKE PUBLIC SCHOOLS",,8,8,1,"FOR THE PROPOSITION - YES",,1,0,0,1,,
10/12/2021,"240308","TIMBERLAKE PUBLIC SCHOOLS INDEPENDENT SCHOOL DISTRICT NO. 093",50201,"PROPOSITION NO. 1  TIMBERLAKE PUBLIC SCHOOLS",,8,8,2,"AGAINST THE PROPOSITION - NO",,3,0,0,3,,
10/12/2021,"240308","TIMBERLAKE PUBLIC SCHOOLS INDEPENDENT SCHOOL DISTRICT NO. 093",50202,"PROPOSITION NO. 2  TIMBERLAKE PUBLIC SCHOOLS",,8,8,1,"FOR THE PROPOSITION - YES",,4,0,0,4,,
10/12/2021,"240308","TIMBERLAKE PUBLIC SCHOOLS INDEPENDENT SCHOOL DISTRICT NO. 093",50202,"PROPOSITION NO. 2  TIMBERLAKE PUBLIC SCHOOLS",,8,8,2,"AGAINST THE PROPOSITION - NO",,0,0,0,0,,
10/12/2021,"260029","TUTTLE PUBLIC SCHOOLS INDEPENDENT SCHOOL DISTRICT NO. 097",52601,"PROPOSITION  TUTTLE PUBLIC SCHOOLS",,6,6,1,"FOR THE PROPOSITION - YES",,0,0,6,6,,
10/12/2021,"260029","TUTTLE PUBLIC SCHOOLS INDEPENDENT SCHOOL DISTRICT NO. 097",52601,"PROPOSITION  TUTTLE PUBLIC SCHOOLS",,6,6,2,"AGAINST THE PROPOSITION - NO",,0,0,3,3,,
10/12/2021,"260037","TUTTLE PUBLIC SCHOOLS INDEPENDENT SCHOOL DISTRICT NO. 097",52601,"PROPOSITION  TUTTLE PUBLIC SCHOOLS",,6,6,1,"FOR THE PROPOSITION - YES",,0,0,33,33,,
10/12/2021,"260037","TUTTLE PUBLIC SCHOOLS INDEPENDENT SCHOOL DISTRICT NO. 097",52601,"PROPOSITION  TUTTLE PUBLIC SCHOOLS",,6,6,2,"AGAINST THE PROPOSITION - NO",,2,0,25,27,,
10/12/2021,"260038","TUTTLE PUBLIC SCHOOLS INDEPENDENT SCHOOL DISTRICT NO. 097",52601,"PROPOSITION  TUTTLE PUBLIC SCHOOLS",,6,6,1,"FOR THE PROPOSITION - YES",,0,0,4,4,,
10/12/2021,"260038","TUTTLE PUBLIC SCHOOLS INDEPENDENT SCHOOL DISTRICT NO. 097",52601,"PROPOSITION  TUTTLE PUBLIC SCHOOLS",,6,6,2,"AGAINST THE PROPOSITION - NO",,0,0,0,0,,
10/12/2021,"260039","TUTTLE PUBLIC SCHOOLS INDEPENDENT SCHOOL DISTRICT NO. 097",52601,"PROPOSITION  TUTTLE PUBLIC SCHOOLS",,6,6,1,"FOR THE PROPOSITION - YES",,0,0,1,1,,
10/12/2021,"260039","TUTTLE PUBLIC SCHOOLS INDEPENDENT SCHOOL DISTRICT NO. 097",52601,"PROPOSITION  TUTTLE PUBLIC SCHOOLS",,6,6,2,"AGAINST THE PROPOSITION - NO",,0,0,0,0,,
10/12/2021,"260040","TUTTLE PUBLIC SCHOOLS INDEPENDENT SCHOOL DISTRICT NO. 097",52601,"PROPOSITION  TUTTLE PUBLIC SCHOOLS",,6,6,1,"FOR THE PROPOSITION - YES",,0,3,227,230,,
10/12/2021,"260040","TUTTLE PUBLIC SCHOOLS INDEPENDENT SCHOOL DISTRICT NO. 097",52601,"PROPOSITION  TUTTLE PUBLIC SCHOOLS",,6,6,2,"AGAINST THE PROPOSITION - NO",,7,0,85,92,,
10/12/2021,"260041","TUTTLE PUBLIC SCHOOLS INDEPENDENT SCHOOL DISTRICT NO. 097",52601,"PROPOSITION  TUTTLE PUBLIC SCHOOLS",,6,6,1,"FOR THE PROPOSITION - YES",,1,1,118,120,,
10/12/2021,"260041","TUTTLE PUBLIC SCHOOLS INDEPENDENT SCHOOL DISTRICT NO. 097",52601,"PROPOSITION  TUTTLE PUBLIC SCHOOLS",,6,6,2,"AGAINST THE PROPOSITION - NO",,4,0,68,72,,
10/12/2021,"270017","TIMBERLAKE PUBLIC SCHOOLS INDEPENDENT SCHOOL DISTRICT NO. 093",50201,"PROPOSITION NO. 1  TIMBERLAKE PUBLIC SCHOOLS",,8,8,1,"FOR THE PROPOSITION - YES",,0,0,19,19,,
10/12/2021,"270017","TIMBERLAKE PUBLIC SCHOOLS INDEPENDENT SCHOOL DISTRICT NO. 093",50201,"PROPOSITION NO. 1  TIMBERLAKE PUBLIC SCHOOLS",,8,8,2,"AGAINST THE PROPOSITION - NO",,2,0,14,16,,
10/12/2021,"270017","TIMBERLAKE PUBLIC SCHOOLS INDEPENDENT SCHOOL DISTRICT NO. 093",50202,"PROPOSITION NO. 2  TIMBERLAKE PUBLIC SCHOOLS",,8,8,1,"FOR THE PROPOSITION - YES",,0,0,18,18,,
10/12/2021,"270017","TIMBERLAKE PUBLIC SCHOOLS INDEPENDENT SCHOOL DISTRICT NO. 093",50202,"PROPOSITION NO. 2  TIMBERLAKE PUBLIC SCHOOLS",,8,8,2,"AGAINST THE PROPOSITION - NO",,1,0,15,16,,
10/12/2021,"270025","TIMBERLAKE PUBLIC SCHOOLS INDEPENDENT SCHOOL DISTRICT NO. 093",50201,"PROPOSITION NO. 1  TIMBERLAKE PUBLIC SCHOOLS",,8,8,1,"FOR THE PROPOSITION - YES",,0,0,0,0,,
10/12/2021,"270025","TIMBERLAKE PUBLIC SCHOOLS INDEPENDENT SCHOOL DISTRICT NO. 093",50201,"PROPOSITION NO. 1  TIMBERLAKE PUBLIC SCHOOLS",,8,8,2,"AGAINST THE PROPOSITION - NO",,0,0,0,0,,
10/12/2021,"270025","TIMBERLAKE PUBLIC SCHOOLS INDEPENDENT SCHOOL DISTRICT NO. 093",50202,"PROPOSITION NO. 2  TIMBERLAKE PUBLIC SCHOOLS",,8,8,1,"FOR THE PROPOSITION - YES",,0,0,0,0,,
10/12/2021,"270025","TIMBERLAKE PUBLIC SCHOOLS INDEPENDENT SCHOOL DISTRICT NO. 093",50202,"PROPOSITION NO. 2  TIMBERLAKE PUBLIC SCHOOLS",,8,8,2,"AGAINST THE PROPOSITION - NO",,0,0,0,0,,
10/12/2021,"320011","MOSS PUBLIC SCHOOLS INDEPENDENT SCHOOL DISTRICT NO. 001",53202,"PROPOSITION  MOSS PUBLIC SCHOOLS",,7,7,1,"FOR THE PROPOSITION - YES",,0,0,7,7,,
10/12/2021,"320011","MOSS PUBLIC SCHOOLS INDEPENDENT SCHOOL DISTRICT NO. 001",53202,"PROPOSITION  MOSS PUBLIC SCHOOLS",,7,7,2,"AGAINST THE PROPOSITION - NO",,0,0,0,0,,
10/12/2021,"320016","MOSS PUBLIC SCHOOLS INDEPENDENT SCHOOL DISTRICT NO. 001",53202,"PROPOSITION  MOSS PUBLIC SCHOOLS",,7,7,1,"FOR THE PROPOSITION - YES",,0,0,2,2,,
10/12/2021,"320016","MOSS PUBLIC SCHOOLS INDEPENDENT SCHOOL DISTRICT NO. 001",53202,"PROPOSITION  MOSS PUBLIC SCHOOLS",,7,7,2,"AGAINST THE PROPOSITION - NO",,0,0,2,2,,
10/12/2021,"320018","CALVIN PUBLIC SCHOOLS INDEPENDENT SCHOOL DISTRICT NO. 048",53201,"PROPOSITION  CALVIN PUBLIC SCHOOLS",,7,7,1,"FOR THE PROPOSITION - YES",,1,0,0,1,,
10/12/2021,"320018","CALVIN PUBLIC SCHOOLS INDEPENDENT SCHOOL DISTRICT NO. 048",53201,"PROPOSITION  CALVIN PUBLIC SCHOOLS",,7,7,2,"AGAINST THE PROPOSITION - NO",,0,0,0,0,,
10/12/2021,"320018","MOSS PUBLIC SCHOOLS INDEPENDENT SCHOOL DISTRICT NO. 001",53202,"PROPOSITION  MOSS PUBLIC SCHOOLS",,7,7,1,"FOR THE PROPOSITION - YES",,0,0,35,35,,
10/12/2021,"320018","MOSS PUBLIC SCHOOLS INDEPENDENT SCHOOL DISTRICT NO. 001",53202,"PROPOSITION  MOSS PUBLIC SCHOOLS",,7,7,2,"AGAINST THE PROPOSITION - NO",,0,4,24,28,,
10/12/2021,"320020","MOSS PUBLIC SCHOOLS INDEPENDENT SCHOOL DISTRICT NO. 001",53202,"PROPOSITION  MOSS PUBLIC SCHOOLS",,7,7,1,"FOR THE PROPOSITION - YES",,0,0,0,0,,
10/12/2021,"320020","MOSS PUBLIC SCHOOLS INDEPENDENT SCHOOL DISTRICT NO. 001",53202,"PROPOSITION  MOSS PUBLIC SCHOOLS",,7,7,2,"AGAINST THE PROPOSITION - NO",,0,1,0,1,,
10/12/2021,"320022","MOSS PUBLIC SCHOOLS INDEPENDENT SCHOOL DISTRICT NO. 001",53202,"PROPOSITION  MOSS PUBLIC SCHOOLS",,7,7,1,"FOR THE PROPOSITION - YES",,0,1,0,1,,
10/12/2021,"320022","MOSS PUBLIC SCHOOLS INDEPENDENT SCHOOL DISTRICT NO. 001",53202,"PROPOSITION  MOSS PUBLIC SCHOOLS",,7,7,2,"AGAINST THE PROPOSITION - NO",,0,0,0,0,,
10/12/2021,"320023","MOSS PUBLIC SCHOOLS INDEPENDENT SCHOOL DISTRICT NO. 001",53202,"PROPOSITION  MOSS PUBLIC SCHOOLS",,7,7,1,"FOR THE PROPOSITION - YES",,1,0,8,9,,
10/12/2021,"320023","MOSS PUBLIC SCHOOLS INDEPENDENT SCHOOL DISTRICT NO. 001",53202,"PROPOSITION  MOSS PUBLIC SCHOOLS",,7,7,2,"AGAINST THE PROPOSITION - NO",,0,0,10,10,,
10/12/2021,"320030","CALVIN PUBLIC SCHOOLS INDEPENDENT SCHOOL DISTRICT NO. 048",53201,"PROPOSITION  CALVIN PUBLIC SCHOOLS",,7,7,1,"FOR THE PROPOSITION - YES",,3,0,0,3,,
10/12/2021,"320030","CALVIN PUBLIC SCHOOLS INDEPENDENT SCHOOL DISTRICT NO. 048",53201,"PROPOSITION  CALVIN PUBLIC SCHOOLS",,7,7,2,"AGAINST THE PROPOSITION - NO",,0,0,0,0,,
10/12/2021,"320030","MOSS PUBLIC SCHOOLS INDEPENDENT SCHOOL DISTRICT NO. 001",53202,"PROPOSITION  MOSS PUBLIC SCHOOLS",,7,7,1,"FOR THE PROPOSITION - YES",,0,0,0,0,,
10/12/2021,"320030","MOSS PUBLIC SCHOOLS INDEPENDENT SCHOOL DISTRICT NO. 001",53202,"PROPOSITION  MOSS PUBLIC SCHOOLS",,7,7,2,"AGAINST THE PROPOSITION - NO",,0,0,0,0,,
10/12/2021,"320031","CALVIN PUBLIC SCHOOLS INDEPENDENT SCHOOL DISTRICT NO. 048",53201,"PROPOSITION  CALVIN PUBLIC SCHOOLS",,7,7,1,"FOR THE PROPOSITION - YES",,0,0,63,63,,
10/12/2021,"320031","CALVIN PUBLIC SCHOOLS INDEPENDENT SCHOOL DISTRICT NO. 048",53201,"PROPOSITION  CALVIN PUBLIC SCHOOLS",,7,7,2,"AGAINST THE PROPOSITION - NO",,0,0,12,12,,
10/12/2021,"320032","CALVIN PUBLIC SCHOOLS INDEPENDENT SCHOOL DISTRICT NO. 048",53201,"PROPOSITION  CALVIN PUBLIC SCHOOLS",,7,7,1,"FOR THE PROPOSITION - YES",,0,0,0,0,,
10/12/2021,"320032","CALVIN PUBLIC SCHOOLS INDEPENDENT SCHOOL DISTRICT NO. 048",53201,"PROPOSITION  CALVIN PUBLIC SCHOOLS",,7,7,2,"AGAINST THE PROPOSITION - NO",,0,0,3,3,,
10/12/2021,"320033","CALVIN PUBLIC SCHOOLS INDEPENDENT SCHOOL DISTRICT NO. 048",53201,"PROPOSITION  CALVIN PUBLIC SCHOOLS",,7,7,1,"FOR THE PROPOSITION - YES",,0,0,29,29,,
10/12/2021,"320033","CALVIN PUBLIC SCHOOLS INDEPENDENT SCHOOL DISTRICT NO. 048",53201,"PROPOSITION  CALVIN PUBLIC SCHOOLS",,7,7,2,"AGAINST THE PROPOSITION - NO",,2,0,10,12,,
10/12/2021,"360403","PONCA CITY PUBLIC SCHOOLS INDEPENDENT SCHOOL DISTRICT NO. 071",53601,"PROPOSITION  PONCA CITY PUBLIC SCHOOLS",,19,19,1,"FOR THE PROPOSITION - YES",,0,2,0,2,,
10/12/2021,"360403","PONCA CITY PUBLIC SCHOOLS INDEPENDENT SCHOOL DISTRICT NO. 071",53601,"PROPOSITION  PONCA CITY PUBLIC SCHOOLS",,19,19,2,"AGAINST THE PROPOSITION - NO",,0,0,1,1,,
10/12/2021,"360409","PONCA CITY PUBLIC SCHOOLS INDEPENDENT SCHOOL DISTRICT NO. 071",53601,"PROPOSITION  PONCA CITY PUBLIC SCHOOLS",,19,19,1,"FOR THE PROPOSITION - YES",,0,1,1,2,,
10/12/2021,"360409","PONCA CITY PUBLIC SCHOOLS INDEPENDENT SCHOOL DISTRICT NO. 071",53601,"PROPOSITION  PONCA CITY PUBLIC SCHOOLS",,19,19,2,"AGAINST THE PROPOSITION - NO",,0,0,0,0,,
10/12/2021,"360411","PONCA CITY PUBLIC SCHOOLS INDEPENDENT SCHOOL DISTRICT NO. 071",53601,"PROPOSITION  PONCA CITY PUBLIC SCHOOLS",,19,19,1,"FOR THE PROPOSITION - YES",,0,0,0,0,,
10/12/2021,"360411","PONCA CITY PUBLIC SCHOOLS INDEPENDENT SCHOOL DISTRICT NO. 071",53601,"PROPOSITION  PONCA CITY PUBLIC SCHOOLS",,19,19,2,"AGAINST THE PROPOSITION - NO",,0,0,0,0,,
10/12/2021,"360413","PONCA CITY PUBLIC SCHOOLS INDEPENDENT SCHOOL DISTRICT NO. 071",53601,"PROPOSITION  PONCA CITY PUBLIC SCHOOLS",,19,19,1,"FOR THE PROPOSITION - YES",,0,7,121,128,,
10/12/2021,"360413","PONCA CITY PUBLIC SCHOOLS INDEPENDENT SCHOOL DISTRICT NO. 071",53601,"PROPOSITION  PONCA CITY PUBLIC SCHOOLS",,19,19,2,"AGAINST THE PROPOSITION - NO",,5,4,16,25,,
10/12/2021,"360419","PONCA CITY PUBLIC SCHOOLS INDEPENDENT SCHOOL DISTRICT NO. 071",53601,"PROPOSITION  PONCA CITY PUBLIC SCHOOLS",,19,19,1,"FOR THE PROPOSITION - YES",,2,0,50,52,,
10/12/2021,"360419","PONCA CITY PUBLIC SCHOOLS INDEPENDENT SCHOOL DISTRICT NO. 071",53601,"PROPOSITION  PONCA CITY PUBLIC SCHOOLS",,19,19,2,"AGAINST THE PROPOSITION - NO",,0,0,8,8,,
10/12/2021,"360420","PONCA CITY PUBLIC SCHOOLS INDEPENDENT SCHOOL DISTRICT NO. 071",53601,"PROPOSITION  PONCA CITY PUBLIC SCHOOLS",,19,19,1,"FOR THE PROPOSITION - YES",,0,0,9,9,,
10/12/2021,"360420","PONCA CITY PUBLIC SCHOOLS INDEPENDENT SCHOOL DISTRICT NO. 071",53601,"PROPOSITION  PONCA CITY PUBLIC SCHOOLS",,19,19,2,"AGAINST THE PROPOSITION - NO",,0,0,4,4,,
10/12/2021,"360503","PONCA CITY PUBLIC SCHOOLS INDEPENDENT SCHOOL DISTRICT NO. 071",53601,"PROPOSITION  PONCA CITY PUBLIC SCHOOLS",,19,19,1,"FOR THE PROPOSITION - YES",,0,3,152,155,,
10/12/2021,"360503","PONCA CITY PUBLIC SCHOOLS INDEPENDENT SCHOOL DISTRICT NO. 071",53601,"PROPOSITION  PONCA CITY PUBLIC SCHOOLS",,19,19,2,"AGAINST THE PROPOSITION - NO",,1,3,33,37,,
10/12/2021,"360507","PONCA CITY PUBLIC SCHOOLS INDEPENDENT SCHOOL DISTRICT NO. 071",53601,"PROPOSITION  PONCA CITY PUBLIC SCHOOLS",,19,19,1,"FOR THE PROPOSITION - YES",,1,1,51,53,,
10/12/2021,"360507","PONCA CITY PUBLIC SCHOOLS INDEPENDENT SCHOOL DISTRICT NO. 071",53601,"PROPOSITION  PONCA CITY PUBLIC SCHOOLS",,19,19,2,"AGAINST THE PROPOSITION - NO",,1,0,15,16,,
10/12/2021,"360516","PONCA CITY PUBLIC SCHOOLS INDEPENDENT SCHOOL DISTRICT NO. 071",53601,"PROPOSITION  PONCA CITY PUBLIC SCHOOLS",,19,19,1,"FOR THE PROPOSITION - YES",,1,4,45,50,,
10/12/2021,"360516","PONCA CITY PUBLIC SCHOOLS INDEPENDENT SCHOOL DISTRICT NO. 071",53601,"PROPOSITION  PONCA CITY PUBLIC SCHOOLS",,19,19,2,"AGAINST THE PROPOSITION - NO",,0,0,20,20,,
10/12/2021,"360517","PONCA CITY PUBLIC SCHOOLS INDEPENDENT SCHOOL DISTRICT NO. 071",53601,"PROPOSITION  PONCA CITY PUBLIC SCHOOLS",,19,19,1,"FOR THE PROPOSITION - YES",,1,2,85,88,,
10/12/2021,"360517","PONCA CITY PUBLIC SCHOOLS INDEPENDENT SCHOOL DISTRICT NO. 071",53601,"PROPOSITION  PONCA CITY PUBLIC SCHOOLS",,19,19,2,"AGAINST THE PROPOSITION - NO",,1,1,15,17,,
10/12/2021,"360527","PONCA CITY PUBLIC SCHOOLS INDEPENDENT SCHOOL DISTRICT NO. 071",53601,"PROPOSITION  PONCA CITY PUBLIC SCHOOLS",,19,19,1,"FOR THE PROPOSITION - YES",,5,2,110,117,,
10/12/2021,"360527","PONCA CITY PUBLIC SCHOOLS INDEPENDENT SCHOOL DISTRICT NO. 071",53601,"PROPOSITION  PONCA CITY PUBLIC SCHOOLS",,19,19,2,"AGAINST THE PROPOSITION - NO",,0,1,24,25,,
10/12/2021,"360530","PONCA CITY PUBLIC SCHOOLS INDEPENDENT SCHOOL DISTRICT NO. 071",53601,"PROPOSITION  PONCA CITY PUBLIC SCHOOLS",,19,19,1,"FOR THE PROPOSITION - YES",,2,3,90,95,,
10/12/2021,"360530","PONCA CITY PUBLIC SCHOOLS INDEPENDENT SCHOOL DISTRICT NO. 071",53601,"PROPOSITION  PONCA CITY PUBLIC SCHOOLS",,19,19,2,"AGAINST THE PROPOSITION - NO",,1,0,20,21,,
10/12/2021,"360532","PONCA CITY PUBLIC SCHOOLS INDEPENDENT SCHOOL DISTRICT NO. 071",53601,"PROPOSITION  PONCA CITY PUBLIC SCHOOLS",,19,19,1,"FOR THE PROPOSITION - YES",,3,9,152,164,,
10/12/2021,"360532","PONCA CITY PUBLIC SCHOOLS INDEPENDENT SCHOOL DISTRICT NO. 071",53601,"PROPOSITION  PONCA CITY PUBLIC SCHOOLS",,19,19,2,"AGAINST THE PROPOSITION - NO",,1,1,39,41,,
10/12/2021,"360533","PONCA CITY PUBLIC SCHOOLS INDEPENDENT SCHOOL DISTRICT NO. 071",53601,"PROPOSITION  PONCA CITY PUBLIC SCHOOLS",,19,19,1,"FOR THE PROPOSITION - YES",,2,3,117,122,,
10/12/2021,"360533","PONCA CITY PUBLIC SCHOOLS INDEPENDENT SCHOOL DISTRICT NO. 071",53601,"PROPOSITION  PONCA CITY PUBLIC SCHOOLS",,19,19,2,"AGAINST THE PROPOSITION - NO",,1,1,27,29,,
10/12/2021,"360534","PONCA CITY PUBLIC SCHOOLS INDEPENDENT SCHOOL DISTRICT NO. 071",53601,"PROPOSITION  PONCA CITY PUBLIC SCHOOLS",,19,19,1,"FOR THE PROPOSITION - YES",,3,6,207,216,,
10/12/2021,"360534","PONCA CITY PUBLIC SCHOOLS INDEPENDENT SCHOOL DISTRICT NO. 071",53601,"PROPOSITION  PONCA CITY PUBLIC SCHOOLS",,19,19,2,"AGAINST THE PROPOSITION - NO",,0,3,45,48,,
10/12/2021,"360535","PONCA CITY PUBLIC SCHOOLS INDEPENDENT SCHOOL DISTRICT NO. 071",53601,"PROPOSITION  PONCA CITY PUBLIC SCHOOLS",,19,19,1,"FOR THE PROPOSITION - YES",,5,8,197,210,,
10/12/2021,"360535","PONCA CITY PUBLIC SCHOOLS INDEPENDENT SCHOOL DISTRICT NO. 071",53601,"PROPOSITION  PONCA CITY PUBLIC SCHOOLS",,19,19,2,"AGAINST THE PROPOSITION - NO",,0,3,48,51,,
10/12/2021,"400211","CITY OF HEAVENER",44001,"PROPOSITION  CITY OF HEAVENER",,3,3,1,"FOR THE PROPOSITION - YES",,0,0,0,0,,
10/12/2021,"400211","CITY OF HEAVENER",44001,"PROPOSITION  CITY OF HEAVENER",,3,3,2,"AGAINST THE PROPOSITION - NO",,0,0,0,0,,
10/12/2021,"400211","TOWN OF HOWE",44002,"PROPOSITION  TOWN OF HOWE",,1,1,1,"FOR THE PROPOSITION - YES",,0,0,13,13,,
10/12/2021,"400211","TOWN OF HOWE",44002,"PROPOSITION  TOWN OF HOWE",,1,1,2,"AGAINST THE PROPOSITION - NO",,0,0,0,0,,
10/12/2021,"400310","CITY OF HEAVENER",44001,"PROPOSITION  CITY OF HEAVENER",,3,3,1,"FOR THE PROPOSITION - YES",,2,2,15,19,,
10/12/2021,"400310","CITY OF HEAVENER",44001,"PROPOSITION  CITY OF HEAVENER",,3,3,2,"AGAINST THE PROPOSITION - NO",,0,0,1,1,,
10/12/2021,"400311","CITY OF HEAVENER",44001,"PROPOSITION  CITY OF HEAVENER",,3,3,1,"FOR THE PROPOSITION - YES",,1,2,20,23,,
10/12/2021,"400311","CITY OF HEAVENER",44001,"PROPOSITION  CITY OF HEAVENER",,3,3,2,"AGAINST THE PROPOSITION - NO",,0,0,1,1,,
10/12/2021,"440006","WASHINGTON PUBLIC SCHOOLS INDEPENDENT SCHOOL DISTRICT NO. 005",54401,"PROPOSITION  WASHINGTON PUBLIC SCHOOLS",,9,9,1,"FOR THE PROPOSITION - YES",,0,0,47,47,,
10/12/2021,"440006","WASHINGTON PUBLIC SCHOOLS INDEPENDENT SCHOOL DISTRICT NO. 005",54401,"PROPOSITION  WASHINGTON PUBLIC SCHOOLS",,9,9,2,"AGAINST THE PROPOSITION - NO",,1,5,22,28,,
10/12/2021,"440008","WASHINGTON PUBLIC SCHOOLS INDEPENDENT SCHOOL DISTRICT NO. 005",54401,"PROPOSITION  WASHINGTON PUBLIC SCHOOLS",,9,9,1,"FOR THE PROPOSITION - YES",,9,1,201,211,,
10/12/2021,"440008","WASHINGTON PUBLIC SCHOOLS INDEPENDENT SCHOOL DISTRICT NO. 005",54401,"PROPOSITION  WASHINGTON PUBLIC SCHOOLS",,9,9,2,"AGAINST THE PROPOSITION - NO",,2,3,74,79,,
10/12/2021,"440009","WASHINGTON PUBLIC SCHOOLS INDEPENDENT SCHOOL DISTRICT NO. 005",54401,"PROPOSITION  WASHINGTON PUBLIC SCHOOLS",,9,9,1,"FOR THE PROPOSITION - YES",,0,0,3,3,,
10/12/2021,"440009","WASHINGTON PUBLIC SCHOOLS INDEPENDENT SCHOOL DISTRICT NO. 005",54401,"PROPOSITION  WASHINGTON PUBLIC SCHOOLS",,9,9,2,"AGAINST THE PROPOSITION - NO",,0,0,0,0,,
10/12/2021,"440010","WASHINGTON PUBLIC SCHOOLS INDEPENDENT SCHOOL DISTRICT NO. 005",54401,"PROPOSITION  WASHINGTON PUBLIC SCHOOLS",,9,9,1,"FOR THE PROPOSITION - YES",,1,1,24,26,,
10/12/2021,"440010","WASHINGTON PUBLIC SCHOOLS INDEPENDENT SCHOOL DISTRICT NO. 005",54401,"PROPOSITION  WASHINGTON PUBLIC SCHOOLS",,9,9,2,"AGAINST THE PROPOSITION - NO",,0,0,12,12,,
10/12/2021,"440011","WASHINGTON PUBLIC SCHOOLS INDEPENDENT SCHOOL DISTRICT NO. 005",54401,"PROPOSITION  WASHINGTON PUBLIC SCHOOLS",,9,9,1,"FOR THE PROPOSITION - YES",,0,0,3,3,,
10/12/2021,"440011","WASHINGTON PUBLIC SCHOOLS INDEPENDENT SCHOOL DISTRICT NO. 005",54401,"PROPOSITION  WASHINGTON PUBLIC SCHOOLS",,9,9,2,"AGAINST THE PROPOSITION - NO",,0,0,0,0,,
10/12/2021,"440019","WASHINGTON PUBLIC SCHOOLS INDEPENDENT SCHOOL DISTRICT NO. 005",54401,"PROPOSITION  WASHINGTON PUBLIC SCHOOLS",,9,9,1,"FOR THE PROPOSITION - YES",,0,0,30,30,,
10/12/2021,"440019","WASHINGTON PUBLIC SCHOOLS INDEPENDENT SCHOOL DISTRICT NO. 005",54401,"PROPOSITION  WASHINGTON PUBLIC SCHOOLS",,9,9,2,"AGAINST THE PROPOSITION - NO",,1,0,13,14,,
10/12/2021,"440020","WASHINGTON PUBLIC SCHOOLS INDEPENDENT SCHOOL DISTRICT NO. 005",54401,"PROPOSITION  WASHINGTON PUBLIC SCHOOLS",,9,9,1,"FOR THE PROPOSITION - YES",,2,2,132,136,,
10/12/2021,"440020","WASHINGTON PUBLIC SCHOOLS INDEPENDENT SCHOOL DISTRICT NO. 005",54401,"PROPOSITION  WASHINGTON PUBLIC SCHOOLS",,9,9,2,"AGAINST THE PROPOSITION - NO",,2,1,66,69,,
10/12/2021,"440026","WASHINGTON PUBLIC SCHOOLS INDEPENDENT SCHOOL DISTRICT NO. 005",54401,"PROPOSITION  WASHINGTON PUBLIC SCHOOLS",,9,9,1,"FOR THE PROPOSITION - YES",,0,0,1,1,,
10/12/2021,"440026","WASHINGTON PUBLIC SCHOOLS INDEPENDENT SCHOOL DISTRICT NO. 005",54401,"PROPOSITION  WASHINGTON PUBLIC SCHOOLS",,9,9,2,"AGAINST THE PROPOSITION - NO",,0,1,5,6,,
10/12/2021,"440028","WASHINGTON PUBLIC SCHOOLS INDEPENDENT SCHOOL DISTRICT NO. 005",54401,"PROPOSITION  WASHINGTON PUBLIC SCHOOLS",,9,9,1,"FOR THE PROPOSITION - YES",,1,1,34,36,,
10/12/2021,"440028","WASHINGTON PUBLIC SCHOOLS INDEPENDENT SCHOOL DISTRICT NO. 005",54401,"PROPOSITION  WASHINGTON PUBLIC SCHOOLS",,9,9,2,"AGAINST THE PROPOSITION - NO",,0,1,4,5,,
10/12/2021,"450008","BROKEN BOW PUBLIC SCHOOLS INDEPENDENT SCHOOL DISTRICT NO. 074",54501,"PROPOSITION  BROKEN BOW PUBLIC SCHOOLS",,8,8,1,"FOR THE PROPOSITION - YES",,0,0,0,0,,
10/12/2021,"450008","BROKEN BOW PUBLIC SCHOOLS INDEPENDENT SCHOOL DISTRICT NO. 074",54501,"PROPOSITION  BROKEN BOW PUBLIC SCHOOLS",,8,8,2,"AGAINST THE PROPOSITION - NO",,0,0,0,0,,
10/12/2021,"450017","BROKEN BOW PUBLIC SCHOOLS INDEPENDENT SCHOOL DISTRICT NO. 074",54501,"PROPOSITION  BROKEN BOW PUBLIC SCHOOLS",,8,8,1,"FOR THE PROPOSITION - YES",,1,7,53,61,,
10/12/2021,"450017","BROKEN BOW PUBLIC SCHOOLS INDEPENDENT SCHOOL DISTRICT NO. 074",54501,"PROPOSITION  BROKEN BOW PUBLIC SCHOOLS",,8,8,2,"AGAINST THE PROPOSITION - NO",,0,0,11,11,,
10/12/2021,"450018","BROKEN BOW PUBLIC SCHOOLS INDEPENDENT SCHOOL DISTRICT NO. 074",54501,"PROPOSITION  BROKEN BOW PUBLIC SCHOOLS",,8,8,1,"FOR THE PROPOSITION - YES",,4,15,80,99,,
10/12/2021,"450018","BROKEN BOW PUBLIC SCHOOLS INDEPENDENT SCHOOL DISTRICT NO. 074",54501,"PROPOSITION  BROKEN BOW PUBLIC SCHOOLS",,8,8,2,"AGAINST THE PROPOSITION - NO",,1,0,14,15,,
10/12/2021,"450019","BROKEN BOW PUBLIC SCHOOLS INDEPENDENT SCHOOL DISTRICT NO. 074",54501,"PROPOSITION  BROKEN BOW PUBLIC SCHOOLS",,8,8,1,"FOR THE PROPOSITION - YES",,2,6,89,97,,
10/12/2021,"450019","BROKEN BOW PUBLIC SCHOOLS INDEPENDENT SCHOOL DISTRICT NO. 074",54501,"PROPOSITION  BROKEN BOW PUBLIC SCHOOLS",,8,8,2,"AGAINST THE PROPOSITION - NO",,2,0,18,20,,
10/12/2021,"450020","BROKEN BOW PUBLIC SCHOOLS INDEPENDENT SCHOOL DISTRICT NO. 074",54501,"PROPOSITION  BROKEN BOW PUBLIC SCHOOLS",,8,8,1,"FOR THE PROPOSITION - YES",,1,4,19,24,,
10/12/2021,"450020","BROKEN BOW PUBLIC SCHOOLS INDEPENDENT SCHOOL DISTRICT NO. 074",54501,"PROPOSITION  BROKEN BOW PUBLIC SCHOOLS",,8,8,2,"AGAINST THE PROPOSITION - NO",,1,0,9,10,,
10/12/2021,"450022","BROKEN BOW PUBLIC SCHOOLS INDEPENDENT SCHOOL DISTRICT NO. 074",54501,"PROPOSITION  BROKEN BOW PUBLIC SCHOOLS",,8,8,1,"FOR THE PROPOSITION - YES",,0,3,49,52,,
10/12/2021,"450022","BROKEN BOW PUBLIC SCHOOLS INDEPENDENT SCHOOL DISTRICT NO. 074",54501,"PROPOSITION  BROKEN BOW PUBLIC SCHOOLS",,8,8,2,"AGAINST THE PROPOSITION - NO",,1,0,11,12,,
10/12/2021,"450023","BROKEN BOW PUBLIC SCHOOLS INDEPENDENT SCHOOL DISTRICT NO. 074",54501,"PROPOSITION  BROKEN BOW PUBLIC SCHOOLS",,8,8,1,"FOR THE PROPOSITION - YES",,0,0,0,0,,
10/12/2021,"450023","BROKEN BOW PUBLIC SCHOOLS INDEPENDENT SCHOOL DISTRICT NO. 074",54501,"PROPOSITION  BROKEN BOW PUBLIC SCHOOLS",,8,8,2,"AGAINST THE PROPOSITION - NO",,0,0,0,0,,
10/12/2021,"450031","BROKEN BOW PUBLIC SCHOOLS INDEPENDENT SCHOOL DISTRICT NO. 074",54501,"PROPOSITION  BROKEN BOW PUBLIC SCHOOLS",,8,8,1,"FOR THE PROPOSITION - YES",,0,1,6,7,,
10/12/2021,"450031","BROKEN BOW PUBLIC SCHOOLS INDEPENDENT SCHOOL DISTRICT NO. 074",54501,"PROPOSITION  BROKEN BOW PUBLIC SCHOOLS",,8,8,2,"AGAINST THE PROPOSITION - NO",,0,0,3,3,,
10/12/2021,"470002","TIMBERLAKE PUBLIC SCHOOLS INDEPENDENT SCHOOL DISTRICT NO. 093",50201,"PROPOSITION NO. 1  TIMBERLAKE PUBLIC SCHOOLS",,8,8,1,"FOR THE PROPOSITION - YES",,0,0,0,0,,
10/12/2021,"470002","TIMBERLAKE PUBLIC SCHOOLS INDEPENDENT SCHOOL DISTRICT NO. 093",50201,"PROPOSITION NO. 1  TIMBERLAKE PUBLIC SCHOOLS",,8,8,2,"AGAINST THE PROPOSITION - NO",,0,0,0,0,,
10/12/2021,"470002","TIMBERLAKE PUBLIC SCHOOLS INDEPENDENT SCHOOL DISTRICT NO. 093",50202,"PROPOSITION NO. 2  TIMBERLAKE PUBLIC SCHOOLS",,8,8,1,"FOR THE PROPOSITION - YES",,0,0,0,0,,
10/12/2021,"470002","TIMBERLAKE PUBLIC SCHOOLS INDEPENDENT SCHOOL DISTRICT NO. 093",50202,"PROPOSITION NO. 2  TIMBERLAKE PUBLIC SCHOOLS",,8,8,2,"AGAINST THE PROPOSITION - NO",,0,0,0,0,,
10/12/2021,"520104","PONCA CITY PUBLIC SCHOOLS INDEPENDENT SCHOOL DISTRICT NO. 071",53601,"PROPOSITION  PONCA CITY PUBLIC SCHOOLS",,19,19,1,"FOR THE PROPOSITION - YES",,0,0,0,0,,
10/12/2021,"520104","PONCA CITY PUBLIC SCHOOLS INDEPENDENT SCHOOL DISTRICT NO. 071",53601,"PROPOSITION  PONCA CITY PUBLIC SCHOOLS",,19,19,2,"AGAINST THE PROPOSITION - NO",,0,0,0,0,,
10/12/2021,"550035","CITY OF EDMOND",45501,"PROPOSITION  CITY OF EDMOND",,31,31,1,"FOR THE PROPOSITION - YES",,0,0,21,21,,
10/12/2021,"550035","CITY OF EDMOND",45501,"PROPOSITION  CITY OF EDMOND",,31,31,2,"AGAINST THE PROPOSITION - NO",,0,0,14,14,,
10/12/2021,"550036","CITY OF EDMOND",45501,"PROPOSITION  CITY OF EDMOND",,31,31,1,"FOR THE PROPOSITION - YES",,0,0,142,142,,
10/12/2021,"550036","CITY OF EDMOND",45501,"PROPOSITION  CITY OF EDMOND",,31,31,2,"AGAINST THE PROPOSITION - NO",,0,0,48,48,,
10/12/2021,"550037","CITY OF EDMOND",45501,"PROPOSITION  CITY OF EDMOND",,31,31,1,"FOR THE PROPOSITION - YES",,0,0,167,167,,
10/12/2021,"550037","CITY OF EDMOND",45501,"PROPOSITION  CITY OF EDMOND",,31,31,2,"AGAINST THE PROPOSITION - NO",,0,0,40,40,,
10/12/2021,"550038","CITY OF EDMOND",45501,"PROPOSITION  CITY OF EDMOND",,31,31,1,"FOR THE PROPOSITION - YES",,0,0,110,110,,
10/12/2021,"550038","CITY OF EDMOND",45501,"PROPOSITION  CITY OF EDMOND",,31,31,2,"AGAINST THE PROPOSITION - NO",,0,0,26,26,,
10/12/2021,"550039","CITY OF EDMOND",45501,"PROPOSITION  CITY OF EDMOND",,31,31,1,"FOR THE PROPOSITION - YES",,0,0,175,175,,
10/12/2021,"550039","CITY OF EDMOND",45501,"PROPOSITION  CITY OF EDMOND",,31,31,2,"AGAINST THE PROPOSITION - NO",,0,0,49,49,,
10/12/2021,"550040","CITY OF EDMOND",45501,"PROPOSITION  CITY OF EDMOND",,31,31,1,"FOR THE PROPOSITION - YES",,0,0,174,174,,
10/12/2021,"550040","CITY OF EDMOND",45501,"PROPOSITION  CITY OF EDMOND",,31,31,2,"AGAINST THE PROPOSITION - NO",,0,0,51,51,,
10/12/2021,"550041","CITY OF EDMOND",45501,"PROPOSITION  CITY OF EDMOND",,31,31,1,"FOR THE PROPOSITION - YES",,0,0,138,138,,
10/12/2021,"550041","CITY OF EDMOND",45501,"PROPOSITION  CITY OF EDMOND",,31,31,2,"AGAINST THE PROPOSITION - NO",,0,0,61,61,,
10/12/2021,"550042","CITY OF EDMOND",45501,"PROPOSITION  CITY OF EDMOND",,31,31,1,"FOR THE PROPOSITION - YES",,0,0,174,174,,
10/12/2021,"550042","CITY OF EDMOND",45501,"PROPOSITION  CITY OF EDMOND",,31,31,2,"AGAINST THE PROPOSITION - NO",,0,0,97,97,,
10/12/2021,"550043","CITY OF EDMOND",45501,"PROPOSITION  CITY OF EDMOND",,31,31,1,"FOR THE PROPOSITION - YES",,0,0,254,254,,
10/12/2021,"550043","CITY OF EDMOND",45501,"PROPOSITION  CITY OF EDMOND",,31,31,2,"AGAINST THE PROPOSITION - NO",,0,0,112,112,,
10/12/2021,"550044","CITY OF EDMOND",45501,"PROPOSITION  CITY OF EDMOND",,31,31,1,"FOR THE PROPOSITION - YES",,0,0,267,267,,
10/12/2021,"550044","CITY OF EDMOND",45501,"PROPOSITION  CITY OF EDMOND",,31,31,2,"AGAINST THE PROPOSITION - NO",,0,0,103,103,,
10/12/2021,"550045","CITY OF EDMOND",45501,"PROPOSITION  CITY OF EDMOND",,31,31,1,"FOR THE PROPOSITION - YES",,0,0,433,433,,
10/12/2021,"550045","CITY OF EDMOND",45501,"PROPOSITION  CITY OF EDMOND",,31,31,2,"AGAINST THE PROPOSITION - NO",,0,0,111,111,,
10/12/2021,"550046","CITY OF EDMOND",45501,"PROPOSITION  CITY OF EDMOND",,31,31,1,"FOR THE PROPOSITION - YES",,0,0,107,107,,
10/12/2021,"550046","CITY OF EDMOND",45501,"PROPOSITION  CITY OF EDMOND",,31,31,2,"AGAINST THE PROPOSITION - NO",,0,0,26,26,,
10/12/2021,"550047","CITY OF EDMOND",45501,"PROPOSITION  CITY OF EDMOND",,31,31,1,"FOR THE PROPOSITION - YES",,0,0,50,50,,
10/12/2021,"550047","CITY OF EDMOND",45501,"PROPOSITION  CITY OF EDMOND",,31,31,2,"AGAINST THE PROPOSITION - NO",,0,0,15,15,,
10/12/2021,"550048","CITY OF EDMOND",45501,"PROPOSITION  CITY OF EDMOND",,31,31,1,"FOR THE PROPOSITION - YES",,0,0,68,68,,
10/12/2021,"550048","CITY OF EDMOND",45501,"PROPOSITION  CITY OF EDMOND",,31,31,2,"AGAINST THE PROPOSITION - NO",,0,0,30,30,,
10/12/2021,"550049","CITY OF EDMOND",45501,"PROPOSITION  CITY OF EDMOND",,31,31,1,"FOR THE PROPOSITION - YES",,0,0,56,56,,
10/12/2021,"550049","CITY OF EDMOND",45501,"PROPOSITION  CITY OF EDMOND",,31,31,2,"AGAINST THE PROPOSITION - NO",,0,0,17,17,,
10/12/2021,"550050","CITY OF EDMOND",45501,"PROPOSITION  CITY OF EDMOND",,31,31,1,"FOR THE PROPOSITION - YES",,0,0,4,4,,
10/12/2021,"550050","CITY OF EDMOND",45501,"PROPOSITION  CITY OF EDMOND",,31,31,2,"AGAINST THE PROPOSITION - NO",,0,0,0,0,,
10/12/2021,"550051","CITY OF EDMOND",45501,"PROPOSITION  CITY OF EDMOND",,31,31,1,"FOR THE PROPOSITION - YES",,0,0,91,91,,
10/12/2021,"550051","CITY OF EDMOND",45501,"PROPOSITION  CITY OF EDMOND",,31,31,2,"AGAINST THE PROPOSITION - NO",,0,0,25,25,,
10/12/2021,"550052","CITY OF EDMOND",45501,"PROPOSITION  CITY OF EDMOND",,31,31,1,"FOR THE PROPOSITION - YES",,0,0,204,204,,
10/12/2021,"550052","CITY OF EDMOND",45501,"PROPOSITION  CITY OF EDMOND",,31,31,2,"AGAINST THE PROPOSITION - NO",,0,0,29,29,,
10/12/2021,"550053","CITY OF EDMOND",45501,"PROPOSITION  CITY OF EDMOND",,31,31,1,"FOR THE PROPOSITION - YES",,0,0,206,206,,
10/12/2021,"550053","CITY OF EDMOND",45501,"PROPOSITION  CITY OF EDMOND",,31,31,2,"AGAINST THE PROPOSITION - NO",,0,0,36,36,,
10/12/2021,"550054","CITY OF EDMOND",45501,"PROPOSITION  CITY OF EDMOND",,31,31,1,"FOR THE PROPOSITION - YES",,0,0,336,336,,
10/12/2021,"550054","CITY OF EDMOND",45501,"PROPOSITION  CITY OF EDMOND",,31,31,2,"AGAINST THE PROPOSITION - NO",,0,0,33,33,,
10/12/2021,"550055","CITY OF EDMOND",45501,"PROPOSITION  CITY OF EDMOND",,31,31,1,"FOR THE PROPOSITION - YES",,0,0,399,399,,
10/12/2021,"550055","CITY OF EDMOND",45501,"PROPOSITION  CITY OF EDMOND",,31,31,2,"AGAINST THE PROPOSITION - NO",,0,0,52,52,,
10/12/2021,"550056","CITY OF EDMOND",45501,"PROPOSITION  CITY OF EDMOND",,31,31,1,"FOR THE PROPOSITION - YES",,0,0,471,471,,
10/12/2021,"550056","CITY OF EDMOND",45501,"PROPOSITION  CITY OF EDMOND",,31,31,2,"AGAINST THE PROPOSITION - NO",,0,0,34,34,,
10/12/2021,"550057","CITY OF EDMOND",45501,"PROPOSITION  CITY OF EDMOND",,31,31,1,"FOR THE PROPOSITION - YES",,0,0,213,213,,
10/12/2021,"550057","CITY OF EDMOND",45501,"PROPOSITION  CITY OF EDMOND",,31,31,2,"AGAINST THE PROPOSITION - NO",,0,0,40,40,,
10/12/2021,"550058","CITY OF EDMOND",45501,"PROPOSITION  CITY OF EDMOND",,31,31,1,"FOR THE PROPOSITION - YES",,0,0,470,470,,
10/12/2021,"550058","CITY OF EDMOND",45501,"PROPOSITION  CITY OF EDMOND",,31,31,2,"AGAINST THE PROPOSITION - NO",,0,0,133,133,,
10/12/2021,"550059","CITY OF EDMOND",45501,"PROPOSITION  CITY OF EDMOND",,31,31,1,"FOR THE PROPOSITION - YES",,0,0,176,176,,
10/12/2021,"550059","CITY OF EDMOND",45501,"PROPOSITION  CITY OF EDMOND",,31,31,2,"AGAINST THE PROPOSITION - NO",,0,0,64,64,,
10/12/2021,"550060","CITY OF EDMOND",45501,"PROPOSITION  CITY OF EDMOND",,31,31,1,"FOR THE PROPOSITION - YES",,0,0,540,540,,
10/12/2021,"550060","CITY OF EDMOND",45501,"PROPOSITION  CITY OF EDMOND",,31,31,2,"AGAINST THE PROPOSITION - NO",,0,0,95,95,,
10/12/2021,"550061","CITY OF EDMOND",45501,"PROPOSITION  CITY OF EDMOND",,31,31,1,"FOR THE PROPOSITION - YES",,0,0,650,650,,
10/12/2021,"550061","CITY OF EDMOND",45501,"PROPOSITION  CITY OF EDMOND",,31,31,2,"AGAINST THE PROPOSITION - NO",,0,0,71,71,,
10/12/2021,"550062","CITY OF EDMOND",45501,"PROPOSITION  CITY OF EDMOND",,31,31,1,"FOR THE PROPOSITION - YES",,0,0,298,298,,
10/12/2021,"550062","CITY OF EDMOND",45501,"PROPOSITION  CITY OF EDMOND",,31,31,2,"AGAINST THE PROPOSITION - NO",,0,0,23,23,,
10/12/2021,"550063","CITY OF EDMOND",45501,"PROPOSITION  CITY OF EDMOND",,31,31,1,"FOR THE PROPOSITION - YES",,0,0,161,161,,
10/12/2021,"550063","CITY OF EDMOND",45501,"PROPOSITION  CITY OF EDMOND",,31,31,2,"AGAINST THE PROPOSITION - NO",,0,0,11,11,,
10/12/2021,"550064","CITY OF EDMOND",45501,"PROPOSITION  CITY OF EDMOND",,31,31,1,"FOR THE PROPOSITION - YES",,0,0,413,413,,
10/12/2021,"550064","CITY OF EDMOND",45501,"PROPOSITION  CITY OF EDMOND",,31,31,2,"AGAINST THE PROPOSITION - NO",,0,0,102,102,,
10/12/2021,"550065","CITY OF EDMOND",45501,"PROPOSITION  CITY OF EDMOND",,31,31,1,"FOR THE PROPOSITION - YES",,0,0,76,76,,
10/12/2021,"550065","CITY OF EDMOND",45501,"PROPOSITION  CITY OF EDMOND",,31,31,2,"AGAINST THE PROPOSITION - NO",,0,0,28,28,,
10/12/2021,"559999","CITY OF EDMOND",45501,"PROPOSITION  CITY OF EDMOND",,31,31,1,"FOR THE PROPOSITION - YES",,1065,80,0,1145,,
10/12/2021,"559999","CITY OF EDMOND",45501,"PROPOSITION  CITY OF EDMOND",,31,31,2,"AGAINST THE PROPOSITION - NO",,300,4,0,304,,
10/12/2021,"570105","PONCA CITY PUBLIC SCHOOLS INDEPENDENT SCHOOL DISTRICT NO. 071",53601,"PROPOSITION  PONCA CITY PUBLIC SCHOOLS",,19,19,1,"FOR THE PROPOSITION - YES",,1,0,8,9,,
10/12/2021,"570105","PONCA CITY PUBLIC SCHOOLS INDEPENDENT SCHOOL DISTRICT NO. 071",53601,"PROPOSITION  PONCA CITY PUBLIC SCHOOLS",,19,19,2,"AGAINST THE PROPOSITION - NO",,5,0,1,6,,
10/12/2021,"570303","PONCA CITY PUBLIC SCHOOLS INDEPENDENT SCHOOL DISTRICT NO. 071",53601,"PROPOSITION  PONCA CITY PUBLIC SCHOOLS",,19,19,1,"FOR THE PROPOSITION - YES",,4,0,18,22,,
10/12/2021,"570303","PONCA CITY PUBLIC SCHOOLS INDEPENDENT SCHOOL DISTRICT NO. 071",53601,"PROPOSITION  PONCA CITY PUBLIC SCHOOLS",,19,19,2,"AGAINST THE PROPOSITION - NO",,0,0,2,2,,
10/12/2021,"630021","STROTHER PUBLIC SCHOOLS INDEPENDENT SCHOOL DISTRICT NO. 014",56701,"PROPOSITION  STROTHER PUBLIC SCHOOLS",,5,5,1,"FOR THE PROPOSITION - YES",,6,0,2,8,,
10/12/2021,"630021","STROTHER PUBLIC SCHOOLS INDEPENDENT SCHOOL DISTRICT NO. 014",56701,"PROPOSITION  STROTHER PUBLIC SCHOOLS",,5,5,2,"AGAINST THE PROPOSITION - NO",,1,3,13,17,,
10/12/2021,"640015","TOWN OF CLAYTON",46401,"PROPOSITION  TOWN OF CLAYTON",,1,1,1,"FOR THE PROPOSITION - YES",,1,0,40,41,,
10/12/2021,"640015","TOWN OF CLAYTON",46401,"PROPOSITION  TOWN OF CLAYTON",,1,1,2,"AGAINST THE PROPOSITION - NO",,0,0,0,0,,
10/12/2021,"650201","TOWN OF HAMMON",46501,"PROPOSITION  TOWN OF HAMMON",,2,2,1,"FOR THE PROPOSITION - YES",,0,0,19,19,,
10/12/2021,"650201","TOWN OF HAMMON",46501,"PROPOSITION  TOWN OF HAMMON",,2,2,2,"AGAINST THE PROPOSITION - NO",,0,0,0,0,,
10/12/2021,"670020","STROTHER PUBLIC SCHOOLS INDEPENDENT SCHOOL DISTRICT NO. 014",56701,"PROPOSITION  STROTHER PUBLIC SCHOOLS",,5,5,1,"FOR THE PROPOSITION - YES",,0,0,18,18,,
10/12/2021,"670020","STROTHER PUBLIC SCHOOLS INDEPENDENT SCHOOL DISTRICT NO. 014",56701,"PROPOSITION  STROTHER PUBLIC SCHOOLS",,5,5,2,"AGAINST THE PROPOSITION - NO",,2,0,137,139,,
10/12/2021,"670030","STROTHER PUBLIC SCHOOLS INDEPENDENT SCHOOL DISTRICT NO. 014",56701,"PROPOSITION  STROTHER PUBLIC SCHOOLS",,5,5,1,"FOR THE PROPOSITION - YES",,0,0,0,0,,
10/12/2021,"670030","STROTHER PUBLIC SCHOOLS INDEPENDENT SCHOOL DISTRICT NO. 014",56701,"PROPOSITION  STROTHER PUBLIC SCHOOLS",,5,5,2,"AGAINST THE PROPOSITION - NO",,0,0,2,2,,
10/12/2021,"670032","STROTHER PUBLIC SCHOOLS INDEPENDENT SCHOOL DISTRICT NO. 014",56701,"PROPOSITION  STROTHER PUBLIC SCHOOLS",,5,5,1,"FOR THE PROPOSITION - YES",,0,0,0,0,,
10/12/2021,"670032","STROTHER PUBLIC SCHOOLS INDEPENDENT SCHOOL DISTRICT NO. 014",56701,"PROPOSITION  STROTHER PUBLIC SCHOOLS",,5,5,2,"AGAINST THE PROPOSITION - NO",,0,0,0,0,,
10/12/2021,"670035","STROTHER PUBLIC SCHOOLS INDEPENDENT SCHOOL DISTRICT NO. 014",56701,"PROPOSITION  STROTHER PUBLIC SCHOOLS",,5,5,1,"FOR THE PROPOSITION - YES",,0,3,44,47,,
10/12/2021,"670035","STROTHER PUBLIC SCHOOLS INDEPENDENT SCHOOL DISTRICT NO. 014",56701,"PROPOSITION  STROTHER PUBLIC SCHOOLS",,5,5,2,"AGAINST THE PROPOSITION - NO",,2,4,94,100,,
10/12/2021,"680203","SALLISAW PUBLIC SCHOOLS INDEPENDENT SCHOOL DISTRICT NO. 001",56801,"PROPOSITION  SALLISAW PUBLIC SCHOOLS",,12,12,1,"FOR THE PROPOSITION - YES",,0,0,0,0,,
10/12/2021,"680203","SALLISAW PUBLIC SCHOOLS INDEPENDENT SCHOOL DISTRICT NO. 001",56801,"PROPOSITION  SALLISAW PUBLIC SCHOOLS",,12,12,2,"AGAINST THE PROPOSITION - NO",,0,0,0,0,,
10/12/2021,"680204","SALLISAW PUBLIC SCHOOLS INDEPENDENT SCHOOL DISTRICT NO. 001",56801,"PROPOSITION  SALLISAW PUBLIC SCHOOLS",,12,12,1,"FOR THE PROPOSITION - YES",,0,0,18,18,,
10/12/2021,"680204","SALLISAW PUBLIC SCHOOLS INDEPENDENT SCHOOL DISTRICT NO. 001",56801,"PROPOSITION  SALLISAW PUBLIC SCHOOLS",,12,12,2,"AGAINST THE PROPOSITION - NO",,0,1,52,53,,
10/12/2021,"680205","SALLISAW PUBLIC SCHOOLS INDEPENDENT SCHOOL DISTRICT NO. 001",56801,"PROPOSITION  SALLISAW PUBLIC SCHOOLS",,12,12,1,"FOR THE PROPOSITION - YES",,2,31,101,134,,
10/12/2021,"680205","SALLISAW PUBLIC SCHOOLS INDEPENDENT SCHOOL DISTRICT NO. 001",56801,"PROPOSITION  SALLISAW PUBLIC SCHOOLS",,12,12,2,"AGAINST THE PROPOSITION - NO",,0,28,98,126,,
10/12/2021,"680206","SALLISAW PUBLIC SCHOOLS INDEPENDENT SCHOOL DISTRICT NO. 001",56801,"PROPOSITION  SALLISAW PUBLIC SCHOOLS",,12,12,1,"FOR THE PROPOSITION - YES",,0,1,27,28,,
10/12/2021,"680206","SALLISAW PUBLIC SCHOOLS INDEPENDENT SCHOOL DISTRICT NO. 001",56801,"PROPOSITION  SALLISAW PUBLIC SCHOOLS",,12,12,2,"AGAINST THE PROPOSITION - NO",,0,10,51,61,,
10/12/2021,"680207","SALLISAW PUBLIC SCHOOLS INDEPENDENT SCHOOL DISTRICT NO. 001",56801,"PROPOSITION  SALLISAW PUBLIC SCHOOLS",,12,12,1,"FOR THE PROPOSITION - YES",,0,2,0,2,,
10/12/2021,"680207","SALLISAW PUBLIC SCHOOLS INDEPENDENT SCHOOL DISTRICT NO. 001",56801,"PROPOSITION  SALLISAW PUBLIC SCHOOLS",,12,12,2,"AGAINST THE PROPOSITION - NO",,0,0,3,3,,
10/12/2021,"680301","SALLISAW PUBLIC SCHOOLS INDEPENDENT SCHOOL DISTRICT NO. 001",56801,"PROPOSITION  SALLISAW PUBLIC SCHOOLS",,12,12,1,"FOR THE PROPOSITION - YES",,7,26,150,183,,
10/12/2021,"680301","SALLISAW PUBLIC SCHOOLS INDEPENDENT SCHOOL DISTRICT NO. 001",56801,"PROPOSITION  SALLISAW PUBLIC SCHOOLS",,12,12,2,"AGAINST THE PROPOSITION - NO",,4,20,113,137,,
10/12/2021,"680302","SALLISAW PUBLIC SCHOOLS INDEPENDENT SCHOOL DISTRICT NO. 001",56801,"PROPOSITION  SALLISAW PUBLIC SCHOOLS",,12,12,1,"FOR THE PROPOSITION - YES",,2,14,47,63,,
10/12/2021,"680302","SALLISAW PUBLIC SCHOOLS INDEPENDENT SCHOOL DISTRICT NO. 001",56801,"PROPOSITION  SALLISAW PUBLIC SCHOOLS",,12,12,2,"AGAINST THE PROPOSITION - NO",,3,4,58,65,,
10/12/2021,"680303","SALLISAW PUBLIC SCHOOLS INDEPENDENT SCHOOL DISTRICT NO. 001",56801,"PROPOSITION  SALLISAW PUBLIC SCHOOLS",,12,12,1,"FOR THE PROPOSITION - YES",,3,33,143,179,,
10/12/2021,"680303","SALLISAW PUBLIC SCHOOLS INDEPENDENT SCHOOL DISTRICT NO. 001",56801,"PROPOSITION  SALLISAW PUBLIC SCHOOLS",,12,12,2,"AGAINST THE PROPOSITION - NO",,1,15,137,153,,
10/12/2021,"680304","SALLISAW PUBLIC SCHOOLS INDEPENDENT SCHOOL DISTRICT NO. 001",56801,"PROPOSITION  SALLISAW PUBLIC SCHOOLS",,12,12,1,"FOR THE PROPOSITION - YES",,0,3,32,35,,
10/12/2021,"680304","SALLISAW PUBLIC SCHOOLS INDEPENDENT SCHOOL DISTRICT NO. 001",56801,"PROPOSITION  SALLISAW PUBLIC SCHOOLS",,12,12,2,"AGAINST THE PROPOSITION - NO",,0,2,53,55,,
10/12/2021,"680306","SALLISAW PUBLIC SCHOOLS INDEPENDENT SCHOOL DISTRICT NO. 001",56801,"PROPOSITION  SALLISAW PUBLIC SCHOOLS",,12,12,1,"FOR THE PROPOSITION - YES",,0,0,5,5,,
10/12/2021,"680306","SALLISAW PUBLIC SCHOOLS INDEPENDENT SCHOOL DISTRICT NO. 001",56801,"PROPOSITION  SALLISAW PUBLIC SCHOOLS",,12,12,2,"AGAINST THE PROPOSITION - NO",,0,5,30,35,,
10/12/2021,"680307","SALLISAW PUBLIC SCHOOLS INDEPENDENT SCHOOL DISTRICT NO. 001",56801,"PROPOSITION  SALLISAW PUBLIC SCHOOLS",,12,12,1,"FOR THE PROPOSITION - YES",,0,3,21,24,,
10/12/2021,"680307","SALLISAW PUBLIC SCHOOLS INDEPENDENT SCHOOL DISTRICT NO. 001",56801,"PROPOSITION  SALLISAW PUBLIC SCHOOLS",,12,12,2,"AGAINST THE PROPOSITION - NO",,2,3,33,38,,
10/12/2021,"680308","SALLISAW PUBLIC SCHOOLS INDEPENDENT SCHOOL DISTRICT NO. 001",56801,"PROPOSITION  SALLISAW PUBLIC SCHOOLS",,12,12,1,"FOR THE PROPOSITION - YES",,0,0,0,0,,
10/12/2021,"680308","SALLISAW PUBLIC SCHOOLS INDEPENDENT SCHOOL DISTRICT NO. 001",56801,"PROPOSITION  SALLISAW PUBLIC SCHOOLS",,12,12,2,"AGAINST THE PROPOSITION - NO",,0,0,1,1,,
10/12/2021,"700102","GUYMON PUBLIC SCHOOLS INDEPENDENT SCHOOL DISTRICT NO. 008",57001,"PROPOSITION  GUYMON PUBLIC SCHOOLS",,8,8,1,"FOR THE PROPOSITION - YES",,1,3,41,45,,
10/12/2021,"700102","GUYMON PUBLIC SCHOOLS INDEPENDENT SCHOOL DISTRICT NO. 008",57001,"PROPOSITION  GUYMON PUBLIC SCHOOLS",,8,8,2,"AGAINST THE PROPOSITION - NO",,0,6,46,52,,
10/12/2021,"700107","GUYMON PUBLIC SCHOOLS INDEPENDENT SCHOOL DISTRICT NO. 008",57001,"PROPOSITION  GUYMON PUBLIC SCHOOLS",,8,8,1,"FOR THE PROPOSITION - YES",,0,0,0,0,,
10/12/2021,"700107","GUYMON PUBLIC SCHOOLS INDEPENDENT SCHOOL DISTRICT NO. 008",57001,"PROPOSITION  GUYMON PUBLIC SCHOOLS",,8,8,2,"AGAINST THE PROPOSITION - NO",,0,0,0,0,,
10/12/2021,"700201","GUYMON PUBLIC SCHOOLS INDEPENDENT SCHOOL DISTRICT NO. 008",57001,"PROPOSITION  GUYMON PUBLIC SCHOOLS",,8,8,1,"FOR THE PROPOSITION - YES",,5,17,128,150,,
10/12/2021,"700201","GUYMON PUBLIC SCHOOLS INDEPENDENT SCHOOL DISTRICT NO. 008",57001,"PROPOSITION  GUYMON PUBLIC SCHOOLS",,8,8,2,"AGAINST THE PROPOSITION - NO",,8,35,182,225,,
10/12/2021,"700202","GUYMON PUBLIC SCHOOLS INDEPENDENT SCHOOL DISTRICT NO. 008",57001,"PROPOSITION  GUYMON PUBLIC SCHOOLS",,8,8,1,"FOR THE PROPOSITION - YES",,1,5,30,36,,
10/12/2021,"700202","GUYMON PUBLIC SCHOOLS INDEPENDENT SCHOOL DISTRICT NO. 008",57001,"PROPOSITION  GUYMON PUBLIC SCHOOLS",,8,8,2,"AGAINST THE PROPOSITION - NO",,3,10,71,84,,
10/12/2021,"700205","GUYMON PUBLIC SCHOOLS INDEPENDENT SCHOOL DISTRICT NO. 008",57001,"PROPOSITION  GUYMON PUBLIC SCHOOLS",,8,8,1,"FOR THE PROPOSITION - YES",,2,18,139,159,,
10/12/2021,"700205","GUYMON PUBLIC SCHOOLS INDEPENDENT SCHOOL DISTRICT NO. 008",57001,"PROPOSITION  GUYMON PUBLIC SCHOOLS",,8,8,2,"AGAINST THE PROPOSITION - NO",,2,16,152,170,,
10/12/2021,"700302","GUYMON PUBLIC SCHOOLS INDEPENDENT SCHOOL DISTRICT NO. 008",57001,"PROPOSITION  GUYMON PUBLIC SCHOOLS",,8,8,1,"FOR THE PROPOSITION - YES",,0,1,0,1,,
10/12/2021,"700302","GUYMON PUBLIC SCHOOLS INDEPENDENT SCHOOL DISTRICT NO. 008",57001,"PROPOSITION  GUYMON PUBLIC SCHOOLS",,8,8,2,"AGAINST THE PROPOSITION - NO",,0,1,0,1,,
10/12/2021,"700304","GUYMON PUBLIC SCHOOLS INDEPENDENT SCHOOL DISTRICT NO. 008",57001,"PROPOSITION  GUYMON PUBLIC SCHOOLS",,8,8,1,"FOR THE PROPOSITION - YES",,0,0,0,0,,
10/12/2021,"700304","GUYMON PUBLIC SCHOOLS INDEPENDENT SCHOOL DISTRICT NO. 008",57001,"PROPOSITION  GUYMON PUBLIC SCHOOLS",,8,8,2,"AGAINST THE PROPOSITION - NO",,0,2,0,2,,
10/12/2021,"700305","GUYMON PUBLIC SCHOOLS INDEPENDENT SCHOOL DISTRICT NO. 008",57001,"PROPOSITION  GUYMON PUBLIC SCHOOLS",,8,8,1,"FOR THE PROPOSITION - YES",,5,6,150,161,,
10/12/2021,"700305","GUYMON PUBLIC SCHOOLS INDEPENDENT SCHOOL DISTRICT NO. 008",57001,"PROPOSITION  GUYMON PUBLIC SCHOOLS",,8,8,2,"AGAINST THE PROPOSITION - NO",,4,20,176,200,,
