elec_date,precinct,entity_description,race_number,race_description,race_party,tot_race_prec,race_prec_reporting,cand_number,cand_name,cand_party,cand_absmail_votes,cand_early_votes,cand_elecday_votes,cand_tot_votes,race_county_owner
7/14/2015,"270017","GRANT COUNTY",12003,"FOR COUNTY COMMISSIONER DISTRICT NO. 3 (UNEXPIRED TERM)",REP,2,2,1,"WILLIAM HILTERBRAND",REP,1,0,26,27,GRANT
7/14/2015,"270017","GRANT COUNTY",12003,"FOR COUNTY COMMISSIONER DISTRICT NO. 3 (UNEXPIRED TERM)",REP,2,2,2,"PATRICK RONCK",REP,3,0,40,43,GRANT
7/14/2015,"270017","GRANT COUNTY",12003,"FOR COUNTY COMMISSIONER DISTRICT NO. 3 (UNEXPIRED TERM)",REP,2,2,3,"TERRY DOTY",REP,4,1,42,47,GRANT
7/14/2015,"270023","GRANT COUNTY",12003,"FOR COUNTY COMMISSIONER DISTRICT NO. 3 (UNEXPIRED TERM)",REP,2,2,1,"WILLIAM HILTERBRAND",REP,3,0,39,42,GRANT
7/14/2015,"270023","GRANT COUNTY",12003,"FOR COUNTY COMMISSIONER DISTRICT NO. 3 (UNEXPIRED TERM)",REP,2,2,2,"PATRICK RONCK",REP,1,1,85,87,GRANT
7/14/2015,"270023","GRANT COUNTY",12003,"FOR COUNTY COMMISSIONER DISTRICT NO. 3 (UNEXPIRED TERM)",REP,2,2,3,"TERRY DOTY",REP,2,8,55,65,GRANT
7/14/2015,"370101","CITY OF KINGFISHER",43701,"PROPOSITION  CITY OF KINGFISHER",,3,3,1,"FOR THE PROPOSITION - YES",,1,5,69,75,,
7/14/2015,"370101","CITY OF KINGFISHER",43701,"PROPOSITION  CITY OF KINGFISHER",,3,3,2,"AGAINST THE PROPOSITION - NO",,0,7,30,37,,
7/14/2015,"370103","CITY OF KINGFISHER",43701,"PROPOSITION  CITY OF KINGFISHER",,3,3,1,"FOR THE PROPOSITION - YES",,0,0,0,0,,
7/14/2015,"370103","CITY OF KINGFISHER",43701,"PROPOSITION  CITY OF KINGFISHER",,3,3,2,"AGAINST THE PROPOSITION - NO",,0,0,0,0,,
7/14/2015,"370301","CITY OF KINGFISHER",43701,"PROPOSITION  CITY OF KINGFISHER",,3,3,1,"FOR THE PROPOSITION - YES",,4,3,93,100,,
7/14/2015,"370301","CITY OF KINGFISHER",43701,"PROPOSITION  CITY OF KINGFISHER",,3,3,2,"AGAINST THE PROPOSITION - NO",,2,5,36,43,,
7/14/2015,"440003","CITY OF PURCELL",44401,"PROPOSITION  CITY OF PURCELL",,9,9,1,"FOR THE PROPOSITION - YES",,0,0,0,0,,
7/14/2015,"440003","CITY OF PURCELL",44401,"PROPOSITION  CITY OF PURCELL",,9,9,2,"AGAINST THE PROPOSITION - NO",,0,0,0,0,,
7/14/2015,"440004","CITY OF PURCELL",44401,"PROPOSITION  CITY OF PURCELL",,9,9,1,"FOR THE PROPOSITION - YES",,0,0,0,0,,
7/14/2015,"440004","CITY OF PURCELL",44401,"PROPOSITION  CITY OF PURCELL",,9,9,2,"AGAINST THE PROPOSITION - NO",,0,0,0,0,,
7/14/2015,"440006","CITY OF PURCELL",44401,"PROPOSITION  CITY OF PURCELL",,9,9,1,"FOR THE PROPOSITION - YES",,0,1,23,24,,
7/14/2015,"440006","CITY OF PURCELL",44401,"PROPOSITION  CITY OF PURCELL",,9,9,2,"AGAINST THE PROPOSITION - NO",,3,11,26,40,,
7/14/2015,"440007","CITY OF PURCELL",44401,"PROPOSITION  CITY OF PURCELL",,9,9,1,"FOR THE PROPOSITION - YES",,1,0,8,9,,
7/14/2015,"440007","CITY OF PURCELL",44401,"PROPOSITION  CITY OF PURCELL",,9,9,2,"AGAINST THE PROPOSITION - NO",,1,0,4,5,,
7/14/2015,"440008","CITY OF PURCELL",44401,"PROPOSITION  CITY OF PURCELL",,9,9,1,"FOR THE PROPOSITION - YES",,0,0,0,0,,
7/14/2015,"440008","CITY OF PURCELL",44401,"PROPOSITION  CITY OF PURCELL",,9,9,2,"AGAINST THE PROPOSITION - NO",,0,0,0,0,,
7/14/2015,"440020","CITY OF PURCELL",44401,"PROPOSITION  CITY OF PURCELL",,9,9,1,"FOR THE PROPOSITION - YES",,0,0,2,2,,
7/14/2015,"440020","CITY OF PURCELL",44401,"PROPOSITION  CITY OF PURCELL",,9,9,2,"AGAINST THE PROPOSITION - NO",,0,0,0,0,,
7/14/2015,"440021","CITY OF PURCELL",44401,"PROPOSITION  CITY OF PURCELL",,9,9,1,"FOR THE PROPOSITION - YES",,1,6,34,41,,
7/14/2015,"440021","CITY OF PURCELL",44401,"PROPOSITION  CITY OF PURCELL",,9,9,2,"AGAINST THE PROPOSITION - NO",,1,13,60,74,,
7/14/2015,"440023","CITY OF PURCELL",44401,"PROPOSITION  CITY OF PURCELL",,9,9,1,"FOR THE PROPOSITION - YES",,3,1,50,54,,
7/14/2015,"440023","CITY OF PURCELL",44401,"PROPOSITION  CITY OF PURCELL",,9,9,2,"AGAINST THE PROPOSITION - NO",,4,14,87,105,,
7/14/2015,"440024","CITY OF PURCELL",44401,"PROPOSITION  CITY OF PURCELL",,9,9,1,"FOR THE PROPOSITION - YES",,7,2,60,69,,
7/14/2015,"440024","CITY OF PURCELL",44401,"PROPOSITION  CITY OF PURCELL",,9,9,2,"AGAINST THE PROPOSITION - NO",,4,10,87,101,,
7/14/2015,"500004","CITY OF SULPHUR",45002,"PROPOSITION  CITY OF SULPHUR",,4,4,1,"FOR THE PROPOSITION - YES",,0,0,2,2,,
7/14/2015,"500004","CITY OF SULPHUR",45002,"PROPOSITION  CITY OF SULPHUR",,4,4,2,"AGAINST THE PROPOSITION - NO",,0,0,0,0,,
7/14/2015,"500005","CITY OF DAVIS",45001,"PROPOSITION  CITY OF DAVIS",,2,2,1,"FOR THE PROPOSITION - YES",,0,2,34,36,,
7/14/2015,"500005","CITY OF DAVIS",45001,"PROPOSITION  CITY OF DAVIS",,2,2,2,"AGAINST THE PROPOSITION - NO",,0,0,0,0,,
7/14/2015,"500007","CITY OF DAVIS",45001,"PROPOSITION  CITY OF DAVIS",,2,2,1,"FOR THE PROPOSITION - YES",,0,0,4,4,,
7/14/2015,"500007","CITY OF DAVIS",45001,"PROPOSITION  CITY OF DAVIS",,2,2,2,"AGAINST THE PROPOSITION - NO",,0,0,1,1,,
7/14/2015,"500015","CITY OF SULPHUR",45002,"PROPOSITION  CITY OF SULPHUR",,4,4,1,"FOR THE PROPOSITION - YES",,7,1,16,24,,
7/14/2015,"500015","CITY OF SULPHUR",45002,"PROPOSITION  CITY OF SULPHUR",,4,4,2,"AGAINST THE PROPOSITION - NO",,0,0,1,1,,
7/14/2015,"500018","CITY OF SULPHUR",45002,"PROPOSITION  CITY OF SULPHUR",,4,4,1,"FOR THE PROPOSITION - YES",,0,5,6,11,,
7/14/2015,"500018","CITY OF SULPHUR",45002,"PROPOSITION  CITY OF SULPHUR",,4,4,2,"AGAINST THE PROPOSITION - NO",,0,0,0,0,,
7/14/2015,"500020","CITY OF SULPHUR",45002,"PROPOSITION  CITY OF SULPHUR",,4,4,1,"FOR THE PROPOSITION - YES",,3,3,15,21,,
7/14/2015,"500020","CITY OF SULPHUR",45002,"PROPOSITION  CITY OF SULPHUR",,4,4,2,"AGAINST THE PROPOSITION - NO",,0,0,0,0,,
7/14/2015,"550016","FEDERAL, STATE AND COUNTY",12002,"FOR STATE REPRESENTATIVE DISTRICT 85 (UNEXPIRED TERM)",REP,16,16,1,"RALPH CRAWFORD",REP,0,0,20,20,,
7/14/2015,"550016","FEDERAL, STATE AND COUNTY",12002,"FOR STATE REPRESENTATIVE DISTRICT 85 (UNEXPIRED TERM)",REP,16,16,2,"MATT JACKSON",REP,0,0,9,9,,
7/14/2015,"550016","FEDERAL, STATE AND COUNTY",12002,"FOR STATE REPRESENTATIVE DISTRICT 85 (UNEXPIRED TERM)",REP,16,16,3,"CHIP CARTER",REP,0,0,11,11,,
7/14/2015,"550016","FEDERAL, STATE AND COUNTY",12002,"FOR STATE REPRESENTATIVE DISTRICT 85 (UNEXPIRED TERM)",REP,16,16,4,"AMY PALUMBO",REP,0,0,11,11,,
7/14/2015,"550017","FEDERAL, STATE AND COUNTY",12002,"FOR STATE REPRESENTATIVE DISTRICT 85 (UNEXPIRED TERM)",REP,16,16,1,"RALPH CRAWFORD",REP,0,0,0,0,,
7/14/2015,"550017","FEDERAL, STATE AND COUNTY",12002,"FOR STATE REPRESENTATIVE DISTRICT 85 (UNEXPIRED TERM)",REP,16,16,2,"MATT JACKSON",REP,0,0,0,0,,
7/14/2015,"550017","FEDERAL, STATE AND COUNTY",12002,"FOR STATE REPRESENTATIVE DISTRICT 85 (UNEXPIRED TERM)",REP,16,16,3,"CHIP CARTER",REP,0,0,0,0,,
7/14/2015,"550017","FEDERAL, STATE AND COUNTY",12002,"FOR STATE REPRESENTATIVE DISTRICT 85 (UNEXPIRED TERM)",REP,16,16,4,"AMY PALUMBO",REP,0,0,0,0,,
7/14/2015,"550099","FEDERAL, STATE AND COUNTY",12002,"FOR STATE REPRESENTATIVE DISTRICT 85 (UNEXPIRED TERM)",REP,16,16,1,"RALPH CRAWFORD",REP,0,0,43,43,,
7/14/2015,"550099","FEDERAL, STATE AND COUNTY",12002,"FOR STATE REPRESENTATIVE DISTRICT 85 (UNEXPIRED TERM)",REP,16,16,2,"MATT JACKSON",REP,0,0,33,33,,
7/14/2015,"550099","FEDERAL, STATE AND COUNTY",12002,"FOR STATE REPRESENTATIVE DISTRICT 85 (UNEXPIRED TERM)",REP,16,16,3,"CHIP CARTER",REP,0,0,89,89,,
7/14/2015,"550099","FEDERAL, STATE AND COUNTY",12002,"FOR STATE REPRESENTATIVE DISTRICT 85 (UNEXPIRED TERM)",REP,16,16,4,"AMY PALUMBO",REP,0,0,24,24,,
7/14/2015,"550102","FEDERAL, STATE AND COUNTY",12002,"FOR STATE REPRESENTATIVE DISTRICT 85 (UNEXPIRED TERM)",REP,16,16,1,"RALPH CRAWFORD",REP,0,0,39,39,,
7/14/2015,"550102","FEDERAL, STATE AND COUNTY",12002,"FOR STATE REPRESENTATIVE DISTRICT 85 (UNEXPIRED TERM)",REP,16,16,2,"MATT JACKSON",REP,0,0,50,50,,
7/14/2015,"550102","FEDERAL, STATE AND COUNTY",12002,"FOR STATE REPRESENTATIVE DISTRICT 85 (UNEXPIRED TERM)",REP,16,16,3,"CHIP CARTER",REP,0,0,132,132,,
7/14/2015,"550102","FEDERAL, STATE AND COUNTY",12002,"FOR STATE REPRESENTATIVE DISTRICT 85 (UNEXPIRED TERM)",REP,16,16,4,"AMY PALUMBO",REP,0,0,22,22,,
7/14/2015,"550106","FEDERAL, STATE AND COUNTY",12002,"FOR STATE REPRESENTATIVE DISTRICT 85 (UNEXPIRED TERM)",REP,16,16,1,"RALPH CRAWFORD",REP,0,0,56,56,,
7/14/2015,"550106","FEDERAL, STATE AND COUNTY",12002,"FOR STATE REPRESENTATIVE DISTRICT 85 (UNEXPIRED TERM)",REP,16,16,2,"MATT JACKSON",REP,0,0,64,64,,
7/14/2015,"550106","FEDERAL, STATE AND COUNTY",12002,"FOR STATE REPRESENTATIVE DISTRICT 85 (UNEXPIRED TERM)",REP,16,16,3,"CHIP CARTER",REP,0,0,48,48,,
7/14/2015,"550106","FEDERAL, STATE AND COUNTY",12002,"FOR STATE REPRESENTATIVE DISTRICT 85 (UNEXPIRED TERM)",REP,16,16,4,"AMY PALUMBO",REP,0,0,11,11,,
7/14/2015,"550146","FEDERAL, STATE AND COUNTY",12002,"FOR STATE REPRESENTATIVE DISTRICT 85 (UNEXPIRED TERM)",REP,16,16,1,"RALPH CRAWFORD",REP,0,0,62,62,,
7/14/2015,"550146","FEDERAL, STATE AND COUNTY",12002,"FOR STATE REPRESENTATIVE DISTRICT 85 (UNEXPIRED TERM)",REP,16,16,2,"MATT JACKSON",REP,0,0,63,63,,
7/14/2015,"550146","FEDERAL, STATE AND COUNTY",12002,"FOR STATE REPRESENTATIVE DISTRICT 85 (UNEXPIRED TERM)",REP,16,16,3,"CHIP CARTER",REP,0,0,158,158,,
7/14/2015,"550146","FEDERAL, STATE AND COUNTY",12002,"FOR STATE REPRESENTATIVE DISTRICT 85 (UNEXPIRED TERM)",REP,16,16,4,"AMY PALUMBO",REP,0,0,24,24,,
7/14/2015,"550147","FEDERAL, STATE AND COUNTY",12002,"FOR STATE REPRESENTATIVE DISTRICT 85 (UNEXPIRED TERM)",REP,16,16,1,"RALPH CRAWFORD",REP,0,0,22,22,,
7/14/2015,"550147","FEDERAL, STATE AND COUNTY",12002,"FOR STATE REPRESENTATIVE DISTRICT 85 (UNEXPIRED TERM)",REP,16,16,2,"MATT JACKSON",REP,0,0,18,18,,
7/14/2015,"550147","FEDERAL, STATE AND COUNTY",12002,"FOR STATE REPRESENTATIVE DISTRICT 85 (UNEXPIRED TERM)",REP,16,16,3,"CHIP CARTER",REP,0,0,18,18,,
7/14/2015,"550147","FEDERAL, STATE AND COUNTY",12002,"FOR STATE REPRESENTATIVE DISTRICT 85 (UNEXPIRED TERM)",REP,16,16,4,"AMY PALUMBO",REP,0,0,16,16,,
7/14/2015,"550154","FEDERAL, STATE AND COUNTY",12002,"FOR STATE REPRESENTATIVE DISTRICT 85 (UNEXPIRED TERM)",REP,16,16,1,"RALPH CRAWFORD",REP,0,0,175,175,,
7/14/2015,"550154","FEDERAL, STATE AND COUNTY",12002,"FOR STATE REPRESENTATIVE DISTRICT 85 (UNEXPIRED TERM)",REP,16,16,2,"MATT JACKSON",REP,0,0,49,49,,
7/14/2015,"550154","FEDERAL, STATE AND COUNTY",12002,"FOR STATE REPRESENTATIVE DISTRICT 85 (UNEXPIRED TERM)",REP,16,16,3,"CHIP CARTER",REP,0,0,80,80,,
7/14/2015,"550154","FEDERAL, STATE AND COUNTY",12002,"FOR STATE REPRESENTATIVE DISTRICT 85 (UNEXPIRED TERM)",REP,16,16,4,"AMY PALUMBO",REP,0,0,73,73,,
7/14/2015,"550155","FEDERAL, STATE AND COUNTY",12002,"FOR STATE REPRESENTATIVE DISTRICT 85 (UNEXPIRED TERM)",REP,16,16,1,"RALPH CRAWFORD",REP,0,0,23,23,,
7/14/2015,"550155","FEDERAL, STATE AND COUNTY",12002,"FOR STATE REPRESENTATIVE DISTRICT 85 (UNEXPIRED TERM)",REP,16,16,2,"MATT JACKSON",REP,0,0,14,14,,
7/14/2015,"550155","FEDERAL, STATE AND COUNTY",12002,"FOR STATE REPRESENTATIVE DISTRICT 85 (UNEXPIRED TERM)",REP,16,16,3,"CHIP CARTER",REP,0,0,22,22,,
7/14/2015,"550155","FEDERAL, STATE AND COUNTY",12002,"FOR STATE REPRESENTATIVE DISTRICT 85 (UNEXPIRED TERM)",REP,16,16,4,"AMY PALUMBO",REP,0,0,12,12,,
7/14/2015,"550156","FEDERAL, STATE AND COUNTY",12002,"FOR STATE REPRESENTATIVE DISTRICT 85 (UNEXPIRED TERM)",REP,16,16,1,"RALPH CRAWFORD",REP,0,0,95,95,,
7/14/2015,"550156","FEDERAL, STATE AND COUNTY",12002,"FOR STATE REPRESENTATIVE DISTRICT 85 (UNEXPIRED TERM)",REP,16,16,2,"MATT JACKSON",REP,0,0,21,21,,
7/14/2015,"550156","FEDERAL, STATE AND COUNTY",12002,"FOR STATE REPRESENTATIVE DISTRICT 85 (UNEXPIRED TERM)",REP,16,16,3,"CHIP CARTER",REP,0,0,63,63,,
7/14/2015,"550156","FEDERAL, STATE AND COUNTY",12002,"FOR STATE REPRESENTATIVE DISTRICT 85 (UNEXPIRED TERM)",REP,16,16,4,"AMY PALUMBO",REP,0,0,27,27,,
7/14/2015,"550179","FEDERAL, STATE AND COUNTY",12002,"FOR STATE REPRESENTATIVE DISTRICT 85 (UNEXPIRED TERM)",REP,16,16,1,"RALPH CRAWFORD",REP,0,0,49,49,,
7/14/2015,"550179","FEDERAL, STATE AND COUNTY",12002,"FOR STATE REPRESENTATIVE DISTRICT 85 (UNEXPIRED TERM)",REP,16,16,2,"MATT JACKSON",REP,0,0,26,26,,
7/14/2015,"550179","FEDERAL, STATE AND COUNTY",12002,"FOR STATE REPRESENTATIVE DISTRICT 85 (UNEXPIRED TERM)",REP,16,16,3,"CHIP CARTER",REP,0,0,55,55,,
7/14/2015,"550179","FEDERAL, STATE AND COUNTY",12002,"FOR STATE REPRESENTATIVE DISTRICT 85 (UNEXPIRED TERM)",REP,16,16,4,"AMY PALUMBO",REP,0,0,40,40,,
7/14/2015,"550180","FEDERAL, STATE AND COUNTY",12002,"FOR STATE REPRESENTATIVE DISTRICT 85 (UNEXPIRED TERM)",REP,16,16,1,"RALPH CRAWFORD",REP,0,0,32,32,,
7/14/2015,"550180","FEDERAL, STATE AND COUNTY",12002,"FOR STATE REPRESENTATIVE DISTRICT 85 (UNEXPIRED TERM)",REP,16,16,2,"MATT JACKSON",REP,0,0,12,12,,
7/14/2015,"550180","FEDERAL, STATE AND COUNTY",12002,"FOR STATE REPRESENTATIVE DISTRICT 85 (UNEXPIRED TERM)",REP,16,16,3,"CHIP CARTER",REP,0,0,23,23,,
7/14/2015,"550180","FEDERAL, STATE AND COUNTY",12002,"FOR STATE REPRESENTATIVE DISTRICT 85 (UNEXPIRED TERM)",REP,16,16,4,"AMY PALUMBO",REP,0,0,16,16,,
7/14/2015,"550181","FEDERAL, STATE AND COUNTY",12002,"FOR STATE REPRESENTATIVE DISTRICT 85 (UNEXPIRED TERM)",REP,16,16,1,"RALPH CRAWFORD",REP,0,0,19,19,,
7/14/2015,"550181","FEDERAL, STATE AND COUNTY",12002,"FOR STATE REPRESENTATIVE DISTRICT 85 (UNEXPIRED TERM)",REP,16,16,2,"MATT JACKSON",REP,0,0,8,8,,
7/14/2015,"550181","FEDERAL, STATE AND COUNTY",12002,"FOR STATE REPRESENTATIVE DISTRICT 85 (UNEXPIRED TERM)",REP,16,16,3,"CHIP CARTER",REP,0,0,14,14,,
7/14/2015,"550181","FEDERAL, STATE AND COUNTY",12002,"FOR STATE REPRESENTATIVE DISTRICT 85 (UNEXPIRED TERM)",REP,16,16,4,"AMY PALUMBO",REP,0,0,21,21,,
7/14/2015,"550196","FEDERAL, STATE AND COUNTY",12002,"FOR STATE REPRESENTATIVE DISTRICT 85 (UNEXPIRED TERM)",REP,16,16,1,"RALPH CRAWFORD",REP,0,0,74,74,,
7/14/2015,"550196","FEDERAL, STATE AND COUNTY",12002,"FOR STATE REPRESENTATIVE DISTRICT 85 (UNEXPIRED TERM)",REP,16,16,2,"MATT JACKSON",REP,0,0,37,37,,
7/14/2015,"550196","FEDERAL, STATE AND COUNTY",12002,"FOR STATE REPRESENTATIVE DISTRICT 85 (UNEXPIRED TERM)",REP,16,16,3,"CHIP CARTER",REP,0,0,144,144,,
7/14/2015,"550196","FEDERAL, STATE AND COUNTY",12002,"FOR STATE REPRESENTATIVE DISTRICT 85 (UNEXPIRED TERM)",REP,16,16,4,"AMY PALUMBO",REP,0,0,29,29,,
7/14/2015,"550198","FEDERAL, STATE AND COUNTY",12002,"FOR STATE REPRESENTATIVE DISTRICT 85 (UNEXPIRED TERM)",REP,16,16,1,"RALPH CRAWFORD",REP,0,0,7,7,,
7/14/2015,"550198","FEDERAL, STATE AND COUNTY",12002,"FOR STATE REPRESENTATIVE DISTRICT 85 (UNEXPIRED TERM)",REP,16,16,2,"MATT JACKSON",REP,0,0,15,15,,
7/14/2015,"550198","FEDERAL, STATE AND COUNTY",12002,"FOR STATE REPRESENTATIVE DISTRICT 85 (UNEXPIRED TERM)",REP,16,16,3,"CHIP CARTER",REP,0,0,26,26,,
7/14/2015,"550198","FEDERAL, STATE AND COUNTY",12002,"FOR STATE REPRESENTATIVE DISTRICT 85 (UNEXPIRED TERM)",REP,16,16,4,"AMY PALUMBO",REP,0,0,10,10,,
7/14/2015,"550199","FEDERAL, STATE AND COUNTY",12002,"FOR STATE REPRESENTATIVE DISTRICT 85 (UNEXPIRED TERM)",REP,16,16,1,"RALPH CRAWFORD",REP,0,0,8,8,,
7/14/2015,"550199","FEDERAL, STATE AND COUNTY",12002,"FOR STATE REPRESENTATIVE DISTRICT 85 (UNEXPIRED TERM)",REP,16,16,2,"MATT JACKSON",REP,0,0,18,18,,
7/14/2015,"550199","FEDERAL, STATE AND COUNTY",12002,"FOR STATE REPRESENTATIVE DISTRICT 85 (UNEXPIRED TERM)",REP,16,16,3,"CHIP CARTER",REP,0,0,33,33,,
7/14/2015,"550199","FEDERAL, STATE AND COUNTY",12002,"FOR STATE REPRESENTATIVE DISTRICT 85 (UNEXPIRED TERM)",REP,16,16,4,"AMY PALUMBO",REP,0,0,26,26,,
7/14/2015,"559999","FEDERAL, STATE AND COUNTY",12002,"FOR STATE REPRESENTATIVE DISTRICT 85 (UNEXPIRED TERM)",REP,16,16,1,"RALPH CRAWFORD",REP,71,11,0,82,,
7/14/2015,"559999","FEDERAL, STATE AND COUNTY",12002,"FOR STATE REPRESENTATIVE DISTRICT 85 (UNEXPIRED TERM)",REP,16,16,2,"MATT JACKSON",REP,89,10,0,99,,
7/14/2015,"559999","FEDERAL, STATE AND COUNTY",12002,"FOR STATE REPRESENTATIVE DISTRICT 85 (UNEXPIRED TERM)",REP,16,16,3,"CHIP CARTER",REP,92,19,0,111,,
7/14/2015,"559999","FEDERAL, STATE AND COUNTY",12002,"FOR STATE REPRESENTATIVE DISTRICT 85 (UNEXPIRED TERM)",REP,16,16,4,"AMY PALUMBO",REP,38,0,0,38,,
7/14/2015,"570202","FEDERAL, STATE AND COUNTY",11001,"FOR STATE REPRESENTATIVE DISTRICT 73 (UNEXPIRED TERM)",DEM,13,13,1,"ROBERT LEWIS",DEM,0,1,33,34,,
7/14/2015,"570202","FEDERAL, STATE AND COUNTY",11001,"FOR STATE REPRESENTATIVE DISTRICT 73 (UNEXPIRED TERM)",DEM,13,13,2,"JONATHAN TOWNSEND",DEM,0,5,109,114,,
7/14/2015,"570202","FEDERAL, STATE AND COUNTY",11001,"FOR STATE REPRESENTATIVE DISTRICT 73 (UNEXPIRED TERM)",DEM,13,13,3,"NORRIS MINOR",DEM,0,0,4,4,,
7/14/2015,"570202","FEDERAL, STATE AND COUNTY",11001,"FOR STATE REPRESENTATIVE DISTRICT 73 (UNEXPIRED TERM)",DEM,13,13,4,"JEANETTA D. WILLIAMS",DEM,0,3,21,24,,
7/14/2015,"570202","FEDERAL, STATE AND COUNTY",11001,"FOR STATE REPRESENTATIVE DISTRICT 73 (UNEXPIRED TERM)",DEM,13,13,5,"REGINA GOODWIN",DEM,0,16,128,144,,
7/14/2015,"570202","FEDERAL, STATE AND COUNTY",11001,"FOR STATE REPRESENTATIVE DISTRICT 73 (UNEXPIRED TERM)",DEM,13,13,6,"JOE WILLIAMS",DEM,0,6,94,100,,
7/14/2015,"570202","FEDERAL, STATE AND COUNTY",11001,"FOR STATE REPRESENTATIVE DISTRICT 73 (UNEXPIRED TERM)",DEM,13,13,7,"JENNETTIE P. MARSHALL",DEM,0,2,18,20,,
7/14/2015,"570310","FEDERAL, STATE AND COUNTY",11001,"FOR STATE REPRESENTATIVE DISTRICT 73 (UNEXPIRED TERM)",DEM,13,13,1,"ROBERT LEWIS",DEM,0,0,4,4,,
7/14/2015,"570310","FEDERAL, STATE AND COUNTY",11001,"FOR STATE REPRESENTATIVE DISTRICT 73 (UNEXPIRED TERM)",DEM,13,13,2,"JONATHAN TOWNSEND",DEM,0,5,69,74,,
7/14/2015,"570310","FEDERAL, STATE AND COUNTY",11001,"FOR STATE REPRESENTATIVE DISTRICT 73 (UNEXPIRED TERM)",DEM,13,13,3,"NORRIS MINOR",DEM,0,0,1,1,,
7/14/2015,"570310","FEDERAL, STATE AND COUNTY",11001,"FOR STATE REPRESENTATIVE DISTRICT 73 (UNEXPIRED TERM)",DEM,13,13,4,"JEANETTA D. WILLIAMS",DEM,0,0,16,16,,
7/14/2015,"570310","FEDERAL, STATE AND COUNTY",11001,"FOR STATE REPRESENTATIVE DISTRICT 73 (UNEXPIRED TERM)",DEM,13,13,5,"REGINA GOODWIN",DEM,0,16,78,94,,
7/14/2015,"570310","FEDERAL, STATE AND COUNTY",11001,"FOR STATE REPRESENTATIVE DISTRICT 73 (UNEXPIRED TERM)",DEM,13,13,6,"JOE WILLIAMS",DEM,0,2,40,42,,
7/14/2015,"570310","FEDERAL, STATE AND COUNTY",11001,"FOR STATE REPRESENTATIVE DISTRICT 73 (UNEXPIRED TERM)",DEM,13,13,7,"JENNETTIE P. MARSHALL",DEM,0,2,18,20,,
7/14/2015,"720001","FEDERAL, STATE AND COUNTY",11001,"FOR STATE REPRESENTATIVE DISTRICT 73 (UNEXPIRED TERM)",DEM,13,13,1,"ROBERT LEWIS",DEM,0,0,0,0,,
7/14/2015,"720001","FEDERAL, STATE AND COUNTY",11001,"FOR STATE REPRESENTATIVE DISTRICT 73 (UNEXPIRED TERM)",DEM,13,13,2,"JONATHAN TOWNSEND",DEM,0,0,54,54,,
7/14/2015,"720001","FEDERAL, STATE AND COUNTY",11001,"FOR STATE REPRESENTATIVE DISTRICT 73 (UNEXPIRED TERM)",DEM,13,13,3,"NORRIS MINOR",DEM,0,0,0,0,,
7/14/2015,"720001","FEDERAL, STATE AND COUNTY",11001,"FOR STATE REPRESENTATIVE DISTRICT 73 (UNEXPIRED TERM)",DEM,13,13,4,"JEANETTA D. WILLIAMS",DEM,0,0,15,15,,
7/14/2015,"720001","FEDERAL, STATE AND COUNTY",11001,"FOR STATE REPRESENTATIVE DISTRICT 73 (UNEXPIRED TERM)",DEM,13,13,5,"REGINA GOODWIN",DEM,0,0,46,46,,
7/14/2015,"720001","FEDERAL, STATE AND COUNTY",11001,"FOR STATE REPRESENTATIVE DISTRICT 73 (UNEXPIRED TERM)",DEM,13,13,6,"JOE WILLIAMS",DEM,0,0,57,57,,
7/14/2015,"720001","FEDERAL, STATE AND COUNTY",11001,"FOR STATE REPRESENTATIVE DISTRICT 73 (UNEXPIRED TERM)",DEM,13,13,7,"JENNETTIE P. MARSHALL",DEM,0,0,26,26,,
7/14/2015,"720004","FEDERAL, STATE AND COUNTY",11001,"FOR STATE REPRESENTATIVE DISTRICT 73 (UNEXPIRED TERM)",DEM,13,13,1,"ROBERT LEWIS",DEM,0,0,2,2,,
7/14/2015,"720004","FEDERAL, STATE AND COUNTY",11001,"FOR STATE REPRESENTATIVE DISTRICT 73 (UNEXPIRED TERM)",DEM,13,13,2,"JONATHAN TOWNSEND",DEM,0,0,77,77,,
7/14/2015,"720004","FEDERAL, STATE AND COUNTY",11001,"FOR STATE REPRESENTATIVE DISTRICT 73 (UNEXPIRED TERM)",DEM,13,13,3,"NORRIS MINOR",DEM,0,0,4,4,,
7/14/2015,"720004","FEDERAL, STATE AND COUNTY",11001,"FOR STATE REPRESENTATIVE DISTRICT 73 (UNEXPIRED TERM)",DEM,13,13,4,"JEANETTA D. WILLIAMS",DEM,0,0,12,12,,
7/14/2015,"720004","FEDERAL, STATE AND COUNTY",11001,"FOR STATE REPRESENTATIVE DISTRICT 73 (UNEXPIRED TERM)",DEM,13,13,5,"REGINA GOODWIN",DEM,0,0,53,53,,
7/14/2015,"720004","FEDERAL, STATE AND COUNTY",11001,"FOR STATE REPRESENTATIVE DISTRICT 73 (UNEXPIRED TERM)",DEM,13,13,6,"JOE WILLIAMS",DEM,0,0,54,54,,
7/14/2015,"720004","FEDERAL, STATE AND COUNTY",11001,"FOR STATE REPRESENTATIVE DISTRICT 73 (UNEXPIRED TERM)",DEM,13,13,7,"JENNETTIE P. MARSHALL",DEM,0,0,13,13,,
7/14/2015,"720006","FEDERAL, STATE AND COUNTY",11001,"FOR STATE REPRESENTATIVE DISTRICT 73 (UNEXPIRED TERM)",DEM,13,13,1,"ROBERT LEWIS",DEM,0,0,3,3,,
7/14/2015,"720006","FEDERAL, STATE AND COUNTY",11001,"FOR STATE REPRESENTATIVE DISTRICT 73 (UNEXPIRED TERM)",DEM,13,13,2,"JONATHAN TOWNSEND",DEM,0,0,80,80,,
7/14/2015,"720006","FEDERAL, STATE AND COUNTY",11001,"FOR STATE REPRESENTATIVE DISTRICT 73 (UNEXPIRED TERM)",DEM,13,13,3,"NORRIS MINOR",DEM,0,0,3,3,,
7/14/2015,"720006","FEDERAL, STATE AND COUNTY",11001,"FOR STATE REPRESENTATIVE DISTRICT 73 (UNEXPIRED TERM)",DEM,13,13,4,"JEANETTA D. WILLIAMS",DEM,0,0,28,28,,
7/14/2015,"720006","FEDERAL, STATE AND COUNTY",11001,"FOR STATE REPRESENTATIVE DISTRICT 73 (UNEXPIRED TERM)",DEM,13,13,5,"REGINA GOODWIN",DEM,0,0,74,74,,
7/14/2015,"720006","FEDERAL, STATE AND COUNTY",11001,"FOR STATE REPRESENTATIVE DISTRICT 73 (UNEXPIRED TERM)",DEM,13,13,6,"JOE WILLIAMS",DEM,0,0,75,75,,
7/14/2015,"720006","FEDERAL, STATE AND COUNTY",11001,"FOR STATE REPRESENTATIVE DISTRICT 73 (UNEXPIRED TERM)",DEM,13,13,7,"JENNETTIE P. MARSHALL",DEM,0,0,31,31,,
7/14/2015,"720007","FEDERAL, STATE AND COUNTY",11001,"FOR STATE REPRESENTATIVE DISTRICT 73 (UNEXPIRED TERM)",DEM,13,13,1,"ROBERT LEWIS",DEM,0,0,4,4,,
7/14/2015,"720007","FEDERAL, STATE AND COUNTY",11001,"FOR STATE REPRESENTATIVE DISTRICT 73 (UNEXPIRED TERM)",DEM,13,13,2,"JONATHAN TOWNSEND",DEM,0,0,25,25,,
7/14/2015,"720007","FEDERAL, STATE AND COUNTY",11001,"FOR STATE REPRESENTATIVE DISTRICT 73 (UNEXPIRED TERM)",DEM,13,13,3,"NORRIS MINOR",DEM,0,0,0,0,,
7/14/2015,"720007","FEDERAL, STATE AND COUNTY",11001,"FOR STATE REPRESENTATIVE DISTRICT 73 (UNEXPIRED TERM)",DEM,13,13,4,"JEANETTA D. WILLIAMS",DEM,0,0,9,9,,
7/14/2015,"720007","FEDERAL, STATE AND COUNTY",11001,"FOR STATE REPRESENTATIVE DISTRICT 73 (UNEXPIRED TERM)",DEM,13,13,5,"REGINA GOODWIN",DEM,0,0,52,52,,
7/14/2015,"720007","FEDERAL, STATE AND COUNTY",11001,"FOR STATE REPRESENTATIVE DISTRICT 73 (UNEXPIRED TERM)",DEM,13,13,6,"JOE WILLIAMS",DEM,0,0,23,23,,
7/14/2015,"720007","FEDERAL, STATE AND COUNTY",11001,"FOR STATE REPRESENTATIVE DISTRICT 73 (UNEXPIRED TERM)",DEM,13,13,7,"JENNETTIE P. MARSHALL",DEM,0,0,14,14,,
7/14/2015,"720010","FEDERAL, STATE AND COUNTY",11001,"FOR STATE REPRESENTATIVE DISTRICT 73 (UNEXPIRED TERM)",DEM,13,13,1,"ROBERT LEWIS",DEM,0,0,0,0,,
7/14/2015,"720010","FEDERAL, STATE AND COUNTY",11001,"FOR STATE REPRESENTATIVE DISTRICT 73 (UNEXPIRED TERM)",DEM,13,13,2,"JONATHAN TOWNSEND",DEM,0,0,38,38,,
7/14/2015,"720010","FEDERAL, STATE AND COUNTY",11001,"FOR STATE REPRESENTATIVE DISTRICT 73 (UNEXPIRED TERM)",DEM,13,13,3,"NORRIS MINOR",DEM,0,0,1,1,,
7/14/2015,"720010","FEDERAL, STATE AND COUNTY",11001,"FOR STATE REPRESENTATIVE DISTRICT 73 (UNEXPIRED TERM)",DEM,13,13,4,"JEANETTA D. WILLIAMS",DEM,0,0,8,8,,
7/14/2015,"720010","FEDERAL, STATE AND COUNTY",11001,"FOR STATE REPRESENTATIVE DISTRICT 73 (UNEXPIRED TERM)",DEM,13,13,5,"REGINA GOODWIN",DEM,0,0,74,74,,
7/14/2015,"720010","FEDERAL, STATE AND COUNTY",11001,"FOR STATE REPRESENTATIVE DISTRICT 73 (UNEXPIRED TERM)",DEM,13,13,6,"JOE WILLIAMS",DEM,0,0,15,15,,
7/14/2015,"720010","FEDERAL, STATE AND COUNTY",11001,"FOR STATE REPRESENTATIVE DISTRICT 73 (UNEXPIRED TERM)",DEM,13,13,7,"JENNETTIE P. MARSHALL",DEM,0,0,7,7,,
7/14/2015,"720013","FEDERAL, STATE AND COUNTY",11001,"FOR STATE REPRESENTATIVE DISTRICT 73 (UNEXPIRED TERM)",DEM,13,13,1,"ROBERT LEWIS",DEM,0,0,7,7,,
7/14/2015,"720013","FEDERAL, STATE AND COUNTY",11001,"FOR STATE REPRESENTATIVE DISTRICT 73 (UNEXPIRED TERM)",DEM,13,13,2,"JONATHAN TOWNSEND",DEM,0,0,87,87,,
7/14/2015,"720013","FEDERAL, STATE AND COUNTY",11001,"FOR STATE REPRESENTATIVE DISTRICT 73 (UNEXPIRED TERM)",DEM,13,13,3,"NORRIS MINOR",DEM,0,0,4,4,,
7/14/2015,"720013","FEDERAL, STATE AND COUNTY",11001,"FOR STATE REPRESENTATIVE DISTRICT 73 (UNEXPIRED TERM)",DEM,13,13,4,"JEANETTA D. WILLIAMS",DEM,0,0,21,21,,
7/14/2015,"720013","FEDERAL, STATE AND COUNTY",11001,"FOR STATE REPRESENTATIVE DISTRICT 73 (UNEXPIRED TERM)",DEM,13,13,5,"REGINA GOODWIN",DEM,0,0,67,67,,
7/14/2015,"720013","FEDERAL, STATE AND COUNTY",11001,"FOR STATE REPRESENTATIVE DISTRICT 73 (UNEXPIRED TERM)",DEM,13,13,6,"JOE WILLIAMS",DEM,0,0,59,59,,
7/14/2015,"720013","FEDERAL, STATE AND COUNTY",11001,"FOR STATE REPRESENTATIVE DISTRICT 73 (UNEXPIRED TERM)",DEM,13,13,7,"JENNETTIE P. MARSHALL",DEM,0,0,22,22,,
7/14/2015,"720014","FEDERAL, STATE AND COUNTY",11001,"FOR STATE REPRESENTATIVE DISTRICT 73 (UNEXPIRED TERM)",DEM,13,13,1,"ROBERT LEWIS",DEM,0,0,1,1,,
7/14/2015,"720014","FEDERAL, STATE AND COUNTY",11001,"FOR STATE REPRESENTATIVE DISTRICT 73 (UNEXPIRED TERM)",DEM,13,13,2,"JONATHAN TOWNSEND",DEM,0,0,48,48,,
7/14/2015,"720014","FEDERAL, STATE AND COUNTY",11001,"FOR STATE REPRESENTATIVE DISTRICT 73 (UNEXPIRED TERM)",DEM,13,13,3,"NORRIS MINOR",DEM,0,0,1,1,,
7/14/2015,"720014","FEDERAL, STATE AND COUNTY",11001,"FOR STATE REPRESENTATIVE DISTRICT 73 (UNEXPIRED TERM)",DEM,13,13,4,"JEANETTA D. WILLIAMS",DEM,0,0,4,4,,
7/14/2015,"720014","FEDERAL, STATE AND COUNTY",11001,"FOR STATE REPRESENTATIVE DISTRICT 73 (UNEXPIRED TERM)",DEM,13,13,5,"REGINA GOODWIN",DEM,0,0,49,49,,
7/14/2015,"720014","FEDERAL, STATE AND COUNTY",11001,"FOR STATE REPRESENTATIVE DISTRICT 73 (UNEXPIRED TERM)",DEM,13,13,6,"JOE WILLIAMS",DEM,0,0,17,17,,
7/14/2015,"720014","FEDERAL, STATE AND COUNTY",11001,"FOR STATE REPRESENTATIVE DISTRICT 73 (UNEXPIRED TERM)",DEM,13,13,7,"JENNETTIE P. MARSHALL",DEM,0,0,15,15,,
7/14/2015,"720015","FEDERAL, STATE AND COUNTY",11001,"FOR STATE REPRESENTATIVE DISTRICT 73 (UNEXPIRED TERM)",DEM,13,13,1,"ROBERT LEWIS",DEM,0,0,1,1,,
7/14/2015,"720015","FEDERAL, STATE AND COUNTY",11001,"FOR STATE REPRESENTATIVE DISTRICT 73 (UNEXPIRED TERM)",DEM,13,13,2,"JONATHAN TOWNSEND",DEM,0,0,22,22,,
7/14/2015,"720015","FEDERAL, STATE AND COUNTY",11001,"FOR STATE REPRESENTATIVE DISTRICT 73 (UNEXPIRED TERM)",DEM,13,13,3,"NORRIS MINOR",DEM,0,0,2,2,,
7/14/2015,"720015","FEDERAL, STATE AND COUNTY",11001,"FOR STATE REPRESENTATIVE DISTRICT 73 (UNEXPIRED TERM)",DEM,13,13,4,"JEANETTA D. WILLIAMS",DEM,0,0,6,6,,
7/14/2015,"720015","FEDERAL, STATE AND COUNTY",11001,"FOR STATE REPRESENTATIVE DISTRICT 73 (UNEXPIRED TERM)",DEM,13,13,5,"REGINA GOODWIN",DEM,0,0,21,21,,
7/14/2015,"720015","FEDERAL, STATE AND COUNTY",11001,"FOR STATE REPRESENTATIVE DISTRICT 73 (UNEXPIRED TERM)",DEM,13,13,6,"JOE WILLIAMS",DEM,0,0,16,16,,
7/14/2015,"720015","FEDERAL, STATE AND COUNTY",11001,"FOR STATE REPRESENTATIVE DISTRICT 73 (UNEXPIRED TERM)",DEM,13,13,7,"JENNETTIE P. MARSHALL",DEM,0,0,7,7,,
7/14/2015,"720016","FEDERAL, STATE AND COUNTY",11001,"FOR STATE REPRESENTATIVE DISTRICT 73 (UNEXPIRED TERM)",DEM,13,13,1,"ROBERT LEWIS",DEM,0,0,0,0,,
7/14/2015,"720016","FEDERAL, STATE AND COUNTY",11001,"FOR STATE REPRESENTATIVE DISTRICT 73 (UNEXPIRED TERM)",DEM,13,13,2,"JONATHAN TOWNSEND",DEM,0,0,2,2,,
7/14/2015,"720016","FEDERAL, STATE AND COUNTY",11001,"FOR STATE REPRESENTATIVE DISTRICT 73 (UNEXPIRED TERM)",DEM,13,13,3,"NORRIS MINOR",DEM,0,0,0,0,,
7/14/2015,"720016","FEDERAL, STATE AND COUNTY",11001,"FOR STATE REPRESENTATIVE DISTRICT 73 (UNEXPIRED TERM)",DEM,13,13,4,"JEANETTA D. WILLIAMS",DEM,0,0,1,1,,
7/14/2015,"720016","FEDERAL, STATE AND COUNTY",11001,"FOR STATE REPRESENTATIVE DISTRICT 73 (UNEXPIRED TERM)",DEM,13,13,5,"REGINA GOODWIN",DEM,0,0,3,3,,
7/14/2015,"720016","FEDERAL, STATE AND COUNTY",11001,"FOR STATE REPRESENTATIVE DISTRICT 73 (UNEXPIRED TERM)",DEM,13,13,6,"JOE WILLIAMS",DEM,0,0,1,1,,
7/14/2015,"720016","FEDERAL, STATE AND COUNTY",11001,"FOR STATE REPRESENTATIVE DISTRICT 73 (UNEXPIRED TERM)",DEM,13,13,7,"JENNETTIE P. MARSHALL",DEM,0,0,1,1,,
7/14/2015,"720030","FEDERAL, STATE AND COUNTY",11001,"FOR STATE REPRESENTATIVE DISTRICT 73 (UNEXPIRED TERM)",DEM,13,13,1,"ROBERT LEWIS",DEM,0,0,0,0,,
7/14/2015,"720030","FEDERAL, STATE AND COUNTY",11001,"FOR STATE REPRESENTATIVE DISTRICT 73 (UNEXPIRED TERM)",DEM,13,13,2,"JONATHAN TOWNSEND",DEM,0,0,7,7,,
7/14/2015,"720030","FEDERAL, STATE AND COUNTY",11001,"FOR STATE REPRESENTATIVE DISTRICT 73 (UNEXPIRED TERM)",DEM,13,13,3,"NORRIS MINOR",DEM,0,0,0,0,,
7/14/2015,"720030","FEDERAL, STATE AND COUNTY",11001,"FOR STATE REPRESENTATIVE DISTRICT 73 (UNEXPIRED TERM)",DEM,13,13,4,"JEANETTA D. WILLIAMS",DEM,0,0,0,0,,
7/14/2015,"720030","FEDERAL, STATE AND COUNTY",11001,"FOR STATE REPRESENTATIVE DISTRICT 73 (UNEXPIRED TERM)",DEM,13,13,5,"REGINA GOODWIN",DEM,0,0,6,6,,
7/14/2015,"720030","FEDERAL, STATE AND COUNTY",11001,"FOR STATE REPRESENTATIVE DISTRICT 73 (UNEXPIRED TERM)",DEM,13,13,6,"JOE WILLIAMS",DEM,0,0,1,1,,
7/14/2015,"720030","FEDERAL, STATE AND COUNTY",11001,"FOR STATE REPRESENTATIVE DISTRICT 73 (UNEXPIRED TERM)",DEM,13,13,7,"JENNETTIE P. MARSHALL",DEM,0,0,1,1,,
7/14/2015,"720031","FEDERAL, STATE AND COUNTY",11001,"FOR STATE REPRESENTATIVE DISTRICT 73 (UNEXPIRED TERM)",DEM,13,13,1,"ROBERT LEWIS",DEM,0,0,0,0,,
7/14/2015,"720031","FEDERAL, STATE AND COUNTY",11001,"FOR STATE REPRESENTATIVE DISTRICT 73 (UNEXPIRED TERM)",DEM,13,13,2,"JONATHAN TOWNSEND",DEM,0,0,3,3,,
7/14/2015,"720031","FEDERAL, STATE AND COUNTY",11001,"FOR STATE REPRESENTATIVE DISTRICT 73 (UNEXPIRED TERM)",DEM,13,13,3,"NORRIS MINOR",DEM,0,0,0,0,,
7/14/2015,"720031","FEDERAL, STATE AND COUNTY",11001,"FOR STATE REPRESENTATIVE DISTRICT 73 (UNEXPIRED TERM)",DEM,13,13,4,"JEANETTA D. WILLIAMS",DEM,0,0,1,1,,
7/14/2015,"720031","FEDERAL, STATE AND COUNTY",11001,"FOR STATE REPRESENTATIVE DISTRICT 73 (UNEXPIRED TERM)",DEM,13,13,5,"REGINA GOODWIN",DEM,0,0,3,3,,
7/14/2015,"720031","FEDERAL, STATE AND COUNTY",11001,"FOR STATE REPRESENTATIVE DISTRICT 73 (UNEXPIRED TERM)",DEM,13,13,6,"JOE WILLIAMS",DEM,0,0,0,0,,
7/14/2015,"720031","FEDERAL, STATE AND COUNTY",11001,"FOR STATE REPRESENTATIVE DISTRICT 73 (UNEXPIRED TERM)",DEM,13,13,7,"JENNETTIE P. MARSHALL",DEM,0,0,1,1,,
7/14/2015,"729999","FEDERAL, STATE AND COUNTY",11001,"FOR STATE REPRESENTATIVE DISTRICT 73 (UNEXPIRED TERM)",DEM,13,13,1,"ROBERT LEWIS",DEM,1,0,0,1,,
7/14/2015,"729999","FEDERAL, STATE AND COUNTY",11001,"FOR STATE REPRESENTATIVE DISTRICT 73 (UNEXPIRED TERM)",DEM,13,13,2,"JONATHAN TOWNSEND",DEM,9,33,0,42,,
7/14/2015,"729999","FEDERAL, STATE AND COUNTY",11001,"FOR STATE REPRESENTATIVE DISTRICT 73 (UNEXPIRED TERM)",DEM,13,13,3,"NORRIS MINOR",DEM,0,0,0,0,,
7/14/2015,"729999","FEDERAL, STATE AND COUNTY",11001,"FOR STATE REPRESENTATIVE DISTRICT 73 (UNEXPIRED TERM)",DEM,13,13,4,"JEANETTA D. WILLIAMS",DEM,6,4,0,10,,
7/14/2015,"729999","FEDERAL, STATE AND COUNTY",11001,"FOR STATE REPRESENTATIVE DISTRICT 73 (UNEXPIRED TERM)",DEM,13,13,5,"REGINA GOODWIN",DEM,89,75,0,164,,
7/14/2015,"729999","FEDERAL, STATE AND COUNTY",11001,"FOR STATE REPRESENTATIVE DISTRICT 73 (UNEXPIRED TERM)",DEM,13,13,6,"JOE WILLIAMS",DEM,22,17,0,39,,
7/14/2015,"729999","FEDERAL, STATE AND COUNTY",11001,"FOR STATE REPRESENTATIVE DISTRICT 73 (UNEXPIRED TERM)",DEM,13,13,7,"JENNETTIE P. MARSHALL",DEM,6,15,0,21,,
